Code,Year,population using safely managed drinking water services,population using only basic drinking water services,population using limited drinking water services,population using unimproved drinking water services,population using surface water as a primary source of drinking water
AFG,2000,11.093327,16.34853,3.2992032,43.856777,25.402164
AFG,2001,11.105221,16.368359,3.2998827,43.843445,25.383093
AFG,2002,12.007733,17.66713,3.6071773,42.260395,24.457567
AFG,2003,12.909922,18.965668,3.9140716,40.67728,23.533058
AFG,2004,13.818684,20.275747,4.220617,39.086002,22.59895
AFG,2005,14.733853,21.597374,4.5264535,37.48635,21.655968
AFG,2006,15.648427,22.918694,4.8314023,35.886433,20.715044
AFG,2007,16.562523,24.52115,4.85422,34.286083,19.776024
AFG,2008,17.476011,26.156599,4.8428273,32.685455,18.839108
AFG,2009,18.388884,27.824879,4.797374,31.08455,17.904312
AFG,2010,19.30114,29.52583,4.7180095,29.483366,16.971657
AFG,2011,20.212885,31.259493,4.6048765,27.881748,16.041
AFG,2012,21.123997,33.025494,4.4581366,26.279846,15.112526
AFG,2013,22.03447,34.823673,4.2779446,24.677664,14.186251
AFG,2014,22.944302,36.65386,4.0644584,23.075191,13.262191
AFG,2015,23.85359,38.51607,3.8178253,21.472284,12.340232
AFG,2016,24.76222,40.409943,3.5382168,19.86909,11.420531
AFG,2017,25.671417,42.337456,3.2256842,18.263792,10.501653
AFG,2018,26.581314,44.298626,2.880409,16.65607,9.58358
AFG,2019,27.491734,46.292908,2.5026228,15.046062,8.666672
AFG,2020,28.402506,48.31975,2.092574,13.433906,7.7512655
AFG,2021,29.313843,50.379234,1.6505076,11.696816,6.959597
AFG,2022,30.034098,52.141273,1.1713909,10.477442,6.1757965
,2000,19.306862,28.483637,8.814207,25.892063,17.503231
,2001,19.609863,28.945612,9.0776415,25.246738,17.120144
,2002,20.06806,29.31386,9.303385,24.738127,16.576569
,2003,20.540802,29.668888,9.527734,24.2396,16.022978
,2004,21.073881,29.971193,9.749679,23.737923,15.467327
,2005,21.612398,30.276545,9.965551,23.231972,14.913534
,2006,22.179928,30.556803,10.17424,22.724173,14.364856
,2007,22.812088,30.778795,10.378028,22.21341,13.817679
,2008,23.482048,30.982046,10.577668,21.690933,13.267303
,2009,24.178427,31.163933,10.773339,21.165476,12.718825
,2010,24.904018,31.316841,10.964061,20.641964,12.173117
,2011,25.38758,31.53257,11.295788,20.046572,11.737492
,2012,26.165874,31.625658,11.4888735,19.531021,11.188573
,2013,26.96988,31.691938,11.678177,19.021702,10.638304
,2014,27.812178,31.72837,11.857495,18.511902,10.090054
,2015,28.69438,31.73555,12.027108,17.998043,9.544919
,2016,29.5712,31.723154,12.198661,17.49661,9.010376
,2017,30.44026,31.715513,12.363719,17.015718,8.464789
,2018,31.250828,31.75096,12.542707,16.511568,7.943938
,2019,31.80987,32.0424,12.727056,15.972262,7.4484143
,2020,32.33789,32.3356,12.900392,15.453175,6.9729395
,2021,32.86822,32.63132,13.058188,14.895797,6.546474
,2022,33.264328,32.93633,13.217907,14.4461,6.1353345
ALB,2000,49.13832,37.258724,10.139525,2.5397248,0.9237058
ALB,2001,49.0812,37.822872,9.678688,2.569606,0.8476376
ALB,2002,48.984764,38.46687,9.19203,2.5882533,0.76808107
ALB,2003,48.885445,39.10175,8.713077,2.6088676,0.69085944
ALB,2004,50.717678,37.792904,8.241953,2.6314728,0.61599314
ALB,2005,52.57833,36.442852,7.7790694,2.6562014,0.54354334
ALB,2006,54.467083,35.05205,7.3243704,2.682996,0.47349867
ALB,2007,56.383842,33.620346,6.8780193,2.7119095,0.40588066
ALB,2008,58.32848,32.14767,6.4401646,2.7429793,0.34070617
ALB,2009,60.300903,30.633505,6.0112095,2.7763648,0.2780162
ALB,2010,62.30063,29.07885,5.5908566,2.811894,0.2177699
ALB,2011,64.3274,27.483486,5.179411,2.8497093,0.15999106
ALB,2012,66.38085,25.847927,4.7768054,2.8897512,0.10466496
ALB,2013,68.45983,24.171762,4.384006,2.932581,0.05181725
ALB,2014,70.56326,22.456797,4.000567,2.9780152,0.001359616
ALB,2015,70.59197,22.802355,3.6263835,2.9792924,0
ALB,2016,70.61651,23.13837,3.2611578,2.9839642,0
ALB,2017,70.63694,23.465155,2.9046466,2.993257,0
ALB,2018,70.65335,23.783041,2.5565877,3.0070188,0
ALB,2019,70.665855,24.09237,2.2166874,3.0250878,0
ALB,2020,70.67454,24.393501,1.8846561,3.047305,0
ALB,2021,70.705795,24.37572,1.8788526,3.039634,0
ALB,2022,70.73607,24.358496,1.873232,3.0322044,0
DZA,2000,70.078514,19.770311,5.538541,4.1419854,0.47064537
DZA,2001,70.64218,19.471262,5.51749,3.923853,0.44520935
DZA,2002,71.19186,19.181946,5.4961624,3.7096078,0.42042562
DZA,2003,71.72697,18.902758,5.4746532,3.4993188,0.39630526
DZA,2004,72.24755,18.633703,5.452968,3.2929358,0.3728412
DZA,2005,72.75315,18.375103,5.4312057,3.0905004,0.35004056
DZA,2006,73.24435,18.12661,5.409279,2.891885,0.32788062
DZA,2007,73.72072,17.888512,5.3872867,2.6971145,0.30636686
DZA,2008,74.18282,17.660484,5.365142,2.5060713,0.2854782
DZA,2009,74.627686,17.444347,5.3435163,2.3191638,0.26528463
DZA,2010,75.05681,17.239166,5.322189,2.1361005,0.24573712
DZA,2011,75.46992,17.045073,5.3013167,1.9568614,0.22683232
DZA,2012,75.86762,16.877562,5.264979,1.7812915,0.20854479
DZA,2013,76.250145,16.72074,5.2289624,1.609298,0.19085851
DZA,2014,76.61823,16.574116,5.19319,1.4407178,0.17374536
DZA,2015,76.97196,16.437597,5.1577806,1.2754688,0.15719289
DZA,2016,76.39486,17.227917,5.122655,1.1133953,0.14117444
DZA,2017,75.730545,18.101433,5.0879326,0.95441663,0.12567607
DZA,2018,75.03613,19.001284,5.053533,0.79837924,0.110672675
DZA,2019,73.95388,20.285263,5.0195265,0.64518666,0.09614713
DZA,2020,72.248146,22.189182,4.985881,0.4947109,0.0820783
DZA,2021,70.54703,24.085072,4.9526157,0.34683487,0.06844745
DZA,2022,70.59793,24.063463,4.9260125,0.34456024,0.06802979
ASM,2000,80.575195,14.357098,0,5.0677094,0
ASM,2001,81.616714,13.569252,0,4.8140354,0
ASM,2002,82.662636,12.777001,0,4.5603614,0
ASM,2003,83.71297,11.980348,0,4.306687,0
ASM,2004,84.7677,11.17929,0,4.053013,0
ASM,2005,85.826836,10.373829,0,3.7993386,0
ASM,2006,86.89037,9.563964,0,3.5456643,0
ASM,2007,87.55782,9.150187,0,3.2919903,0
ASM,2008,87.7875,9.174189,0,3.038316,0
ASM,2009,88.017166,9.198191,0,2.7846417,0
ASM,2010,88.24684,9.222193,0,2.5309677,0
ASM,2011,88.47651,9.246194,0,2.2772934,0
ASM,2012,88.706184,9.270196,0,2.0236192,0
ASM,2013,88.93586,9.294198,0,1.769945,0
ASM,2014,89.16553,9.318199,0,1.5162708,0
ASM,2015,89.3952,9.342201,0,1.2625966,0
ASM,2016,89.62488,9.366203,0,1.0089223,0
ASM,2017,89.854546,9.390204,0,0.7552482,0
ASM,2018,89.854546,9.390204,0,0.7552482,0
ASM,2019,89.854546,9.390204,0,0.7552482,0
ASM,2020,89.854546,9.390204,0,0.7552482,0
ASM,2021,89.854546,9.390204,0,0.7552482,0
,2000,78.202034,15.711216,0.5584882,3.9330235,1.5952386
,2001,78.39714,15.757779,0.54051524,3.7555056,1.549062
,2002,78.58096,15.816547,0.5197104,3.5648248,1.5179558
,2003,78.738655,15.897185,0.4990742,3.397321,1.467763
,2004,78.8948,15.973004,0.4800471,3.2336006,1.4185513
,2005,78.962524,16.020323,0.46142146,3.1862547,1.3694767
,2006,79.12321,16.088709,0.44282973,3.024753,1.320498
,2007,82.537674,12.900807,0.42423216,2.8656573,1.2716312
,2008,82.710014,12.949342,0.40762854,2.7097464,1.223271
,2009,82.879105,12.983365,0.40571454,2.556124,1.1756893
,2010,83.04701,13.041983,0.40397468,2.378429,1.128598
,2011,83.07879,13.233461,0.40225878,2.2036378,1.0818505
,2012,83.10674,13.424305,0.40084293,2.0326748,1.0354329
,2013,83.17392,13.567996,0.39880064,1.8794901,0.979794
,2014,83.23802,13.71255,0.39615527,1.7271118,0.9261609
,2015,83.29857,13.857594,0.3936781,1.5750338,0.875122
,2016,83.34715,13.994408,0.3904658,1.4445901,0.82338256
,2017,83.415955,14.08187,0.37142703,1.1157341,1.0150113
,2018,83.479355,14.209925,0.3720433,0.9353575,1.0033193
,2019,83.56374,14.313063,0.36367273,0.8284404,0.93108344
,2020,83.6085,14.46502,0.30825433,0.75592005,0.86230445
,2021,81.432304,16.928585,0.26444688,0.62873966,0.7459275
,2022,81.45162,17.000431,0.26352015,0.58127683,0.70315003
AND,2000,90.64,9.36,0,5.367367e-07,0
AND,2001,90.64,9.359999,0,0,0
AND,2002,90.64,9.359999,0,0,0
AND,2003,90.64,9.36,0,0,0
AND,2004,90.64,9.359999,0,0,0
AND,2005,90.64,9.36,0,2.1217718e-06,0
AND,2006,90.64001,9.359996,0,0,0
AND,2007,90.64001,9.359997,0,0,0
AND,2008,90.64001,9.359996,0,0,0
AND,2009,90.64001,9.359996,0,0,0
AND,2010,90.64,9.36,0,1.9255103e-06,0
AND,2011,90.64,9.359999,0,0,0
AND,2012,90.64,9.36,0,1.9983206e-06,0
AND,2013,90.64,9.359998,0,0,0
AND,2014,90.64,9.36,0,0,0
AND,2015,90.64,9.359999,0,0,0
AND,2016,90.64,9.36,0,3.99665e-06,0
AND,2017,90.64001,9.359997,0,0,0
AND,2018,90.64,9.36,0,4.434453e-06,0
AND,2019,90.64,9.36,0,3.2079374e-06,0
AND,2020,90.64,9.36,0,1.4728561e-06,0
AND,2021,90.64,9.359999,0,0,0
AND,2022,90.64,9.359999,0,0,0
AGO,2000,,,21.087704,9.072292,28.695694
AGO,2001,,,20.556536,9.111735,28.077053
AGO,2002,,,20.014376,9.141613,27.46721
AGO,2003,,,19.407177,9.67336,26.555592
AGO,2004,,,18.79056,10.218383,25.639723
AGO,2005,,,18.164276,10.777518,24.722189
AGO,2006,,,17.500805,11.397855,23.951109
AGO,2007,,,16.83318,12.027054,23.178297
AGO,2008,,,16.16174,12.664817,22.40304
AGO,2009,,,15.48646,13.311532,21.626844
AGO,2010,,,14.8077345,13.9668045,20.848621
AGO,2011,,,14.125724,14.630674,20.068766
AGO,2012,,,13.440605,15.303167,19.287685
AGO,2013,,,12.752576,15.984276,18.505802
AGO,2014,,,12.061908,16.673824,17.722761
AGO,2015,,,11.368619,17.372355,16.942097
AGO,2016,,,10.673101,18.07951,16.163116
AGO,2017,,,9.975666,18.795135,15.386289
AGO,2018,,,9.276622,19.519142,14.612487
AGO,2019,,,9.282047,19.484594,14.350322
AGO,2020,,,9.28735,19.450825,14.094088
AGO,2021,,,9.292547,19.417732,13.842997
AGO,2022,,,9.297628,19.38537,13.59744
AIA,2000,,,0,3.8307693,0
AIA,2001,,,0,3.729766,0
AIA,2002,,,0,3.6287625,0
AIA,2003,,,0,3.5277593,0
AIA,2004,,,0,3.426756,0
AIA,2005,,,0,3.3257525,0
AIA,2006,,,0,3.224749,0
AIA,2007,,,0,3.123746,0
AIA,2008,,,0,3.0227425,0
AIA,2009,,,0,2.921739,0
AIA,2010,,,0,2.8207357,0
AIA,2011,,,0,2.7197325,0
AIA,2012,,,0,2.618729,0
AIA,2013,,,0,2.5177257,0
AIA,2014,,,0,2.5177257,0
AIA,2015,,,0,2.5177257,0
AIA,2016,,,0,2.5177257,0
AIA,2017,,,0,2.5177257,0
ATG,2009,,,0,1.4171478,0.21629648
ATG,2010,,,0,1.4173537,0.21646972
ATG,2011,,,0,1.4175489,0.2166295
ATG,2012,,,0,1.4176104,0.21668237
ATG,2013,,,0,1.4176712,0.21673496
ATG,2014,,,0,1.4177377,0.21678722
ATG,2015,,,0,1.4177983,0.21683949
ATG,2016,,,0,1.4178522,0.21688549
ATG,2017,,,0,1.4178994,0.21692522
ATG,2018,,,0,1.4179401,0.21695927
ATG,2019,,,0,1.4179742,0.21698704
ATG,2020,,,0,1.4179974,0.21700886
ATG,2021,,,0,1.418018,0.21702468
ATG,2022,,,0,1.4180295,0.21703483
ARG,2000,,,0,2.5692546,1.1467197
ARG,2001,,,0,2.3946793,1.0825008
ARG,2002,,,0,2.224116,1.0204145
ARG,2003,,,0,2.0572815,0.9603019
ARG,2004,,,0,1.8937861,0.90186775
ARG,2005,,,0,1.7336534,0.8451582
ARG,2006,,,0,1.5767198,0.7900661
ARG,2007,,,0,1.4230101,0.7366297
ARG,2008,,,0,1.2723718,0.68475014
ARG,2009,,,0,1.1248139,0.63445693
ARG,2010,,,0,0.98024124,0.5857108
ARG,2011,,,0,0.83901334,0.5391239
ARG,2012,,,0,0.7005262,0.49418014
ARG,2013,,,0,0.6473787,0.48842236
ARG,2014,,,0,0.59408844,0.48266354
ARG,2015,,,0,0.5407036,0.47698823
ARG,2016,,,0,0.48686865,0.47175756
ARM,2000,82.350716,12.981461,2.110092,2.3610754,0.19665301
ARM,2001,82.45862,13.129341,1.9819851,2.2208745,0.20918097
ARM,2002,82.57382,13.285291,1.8471481,2.07266,0.22107677
ARM,2003,82.6919,13.444957,1.7091212,1.9212747,0.23274185
ARM,2004,82.81056,13.606103,1.5697194,1.7691618,0.24445644
ARM,2005,82.929756,13.768703,1.4289623,1.6163508,0.2562272
ARM,2006,83.04957,13.932836,1.2867869,1.4627701,0.2680411
ARM,2007,83.16992,14.098443,1.1432365,1.3084848,0.27991164
ARM,2008,83.29089,14.265589,0.99825877,1.153435,0.29182488
ARM,2009,83.26617,14.580479,0.85188645,0.9976753,0.30379522
ARM,2010,83.24159,14.897326,0.70409113,0.84117866,0.31581557
ARM,2011,83.21717,15.216141,0.5548656,0.68393797,0.327886
ARM,2012,83.19289,15.536934,0.40420255,0.5259681,0.34000644
ARM,2013,83.16902,15.859902,0.25195998,0.36714476,0.35197034
ARM,2014,83.14535,16.179527,0.10361854,0.20774606,0.36375973
ARM,2015,83.07821,16.44635,0,0.1005901,0.37484905
ARM,2016,82.93473,16.59462,0,0.08584446,0.38480455
ARM,2017,82.79146,16.742949,0,0.0711265,0.39446595
ARM,2018,82.95984,16.95499,0,0.05642032,0.028751193
ARM,2019,82.822845,17.105324,0,0.043045007,0.028783064
ARM,2020,82.68582,17.255697,0,0.02965774,0.02882586
ARM,2021,82.548775,17.406116,0,0.016226301,0.028879587
ARM,2022,82.41172,17.556581,0,0.002751264,0.028944239
ABW,2000,,,0,5.4195766,0.09161704
ABW,2001,,,0,5.1312733,0.09823565
ABW,2002,,,0,4.84297,0.10485427
ABW,2003,,,0,4.5546665,0.11147288
ABW,2004,,,0,4.266363,0.118091494
ABW,2005,,,0,3.9780598,0.12471011
ABW,2006,,,0,3.6897564,0.13132873
ABW,2007,,,0,3.401453,0.13794734
ABW,2008,,,0,3.1131496,0.14456595
ABW,2009,,,0,2.8248463,0.15118457
ABW,2010,,,0,2.536543,0.15780318
ABW,2011,,,0,2.2482395,0.1644218
ABW,2012,,,0,1.9599363,0.17104042
ABW,2013,,,0,1.9599363,0.17104042
ABW,2014,,,0,1.9599363,0.17104042
ABW,2015,,,0,1.9599363,0.17104042
ABW,2016,,,0,1.9599363,0.17104042
AUS,2000,,,0,0.24040982,0.047294997
AUS,2001,,,0,0.2410559,0.047699995
AUS,2002,,,0,0.2404727,0.047333997
AUS,2003,,,0,0.21867046,0.04697101
AUS,2004,,,0,0.19704574,0.046611
AUS,2005,,,0,0.17559732,0.046253998
AUS,2006,,,0,0.15432605,0.0459
AUS,2007,,,0,0.13321184,0.045534004
AUS,2008,,,0,0.11227389,0.045170993
AUS,2009,,,0,0.09151428,0.044811007
AUS,2010,,,0,0.07240595,0.044449557
AUS,2011,,,0,0.06397856,0.044059616
AUS,2012,,,0,0.055512182,0.043718223
AUS,2013,,,0,0.04702723,0.04338338
AUS,2014,,,0,0.038523585,0
AUS,2015,,,0,0.029999096,0
AUS,2016,,,0,0.030033324,0
AUS,2017,,,0,0.030062495,0
AUS,2018,,,0,0.030106232,0
AUS,2019,,,0,0.030145634,0
AUS,2020,,,0,0.03018235,0
AUS,2021,,,0,0.03022533,0
AUS,2022,,,0,0.030268608,0
,2000,,,0,0.19988896,0.03932346
,2001,,,0,0.20053317,0.03968136
,2002,,,0,0.19993703,0.03935505
,2003,,,0,0.18160976,0.039010253
,2004,,,0,0.16354568,0.03868653
,2005,,,0,0.14573845,0.03838889
,2006,,,0,0.1281537,0.038115647
,2007,,,0,0.11076469,0.037861202
,2008,,,0,0.09352288,0.03762676
,2009,,,0,0.07634794,0.037384633
,2010,,,0,0.060470056,0.037122075
,2011,,,0,0.0534952,0.036840122
,2012,,,0,0.046491235,0.03661384
,2013,,,0,0.039433572,0.036378045
,2014,,,0,0.032309357,0
,2015,,,0,0.025151996,0
,2016,,,0,0.025176095,0
,2017,,,0,0.0251988,0
,2018,,,0,0.025220895,0
,2019,,,0,0.0252145,0
,2020,,,0,0.025211604,0
,2021,,,0,0.025232598,0
,2022,,,0,0.02526421,0
AUT,2000,96.71924,3.280765,0,2.682051e-07,0
AUT,2001,96.890495,3.1095023,0,0,0
AUT,2002,97.06175,2.9382448,0,7.010853e-07,0
AUT,2003,97.23301,2.7669847,0,2.9585135e-06,0
AUT,2004,97.404274,2.5957246,0,2.4858598e-06,0
AUT,2005,97.57553,2.4244645,0,7.834309e-07,0
AUT,2006,97.746796,2.2532022,0,0,0
AUT,2007,97.91805,2.0819445,0,9.1831737e-07,0
AUT,2008,98.08932,1.9106843,0,1.6899746e-06,0
AUT,2009,98.260574,1.7394235,0,0,0
AUT,2010,98.43184,1.5681629,0,0,0
AUT,2011,98.603096,1.3969041,0,5.818968e-07,0
AUT,2012,98.77435,1.225644,0,3.3364427e-06,0
AUT,2013,98.91264,1.087356,0,2.142105e-06,0
AUT,2014,98.91103,1.0889691,0,0,0
AUT,2015,98.909424,1.0905775,0,1.1751627e-06,0
AUT,2016,98.90781,1.0921918,0,0,0
AUT,2017,98.906204,1.0937979,0,0,0
AUT,2018,98.90447,1.0955245,0,6.848797e-07,0
AUT,2019,98.90262,1.0973774,0,3.4091938e-06,0
AUT,2020,98.90064,1.0993569,0,0,0
AUT,2021,98.898544,1.1014571,0,0,0
AUT,2022,98.896324,1.103676,0,6.335912e-07,0
AZE,2000,57.748554,15.668026,7.717085,8.377584,10.48875
AZE,2001,59.488415,15.150969,7.357053,8.087611,9.915955
AZE,2002,60.110435,15.75985,6.983519,7.799085,9.347112
AZE,2003,60.72896,16.38087,6.596523,7.511769,8.7818775
AZE,2004,61.343765,17.013733,6.1962805,7.225792,8.220428
AZE,2005,61.954678,17.658154,5.783004,6.9412622,7.662904
AZE,2006,62.561893,18.31411,5.3567924,6.6580563,7.109147
AZE,2007,63.165577,18.981562,4.917752,6.3760734,6.5590353
AZE,2008,63.765392,19.660116,4.4661417,6.0955315,6.0128193
AZE,2009,64.36151,20.34974,4.0020666,5.8163133,5.4703712
AZE,2010,64.956116,21.051767,3.5250115,5.5368967,4.930209
AZE,2011,65.54863,21.765636,3.0353265,5.257541,4.3928695
AZE,2012,66.13864,22.490862,2.5333393,4.9783792,3.8587754
AZE,2013,66.725845,23.227007,2.0193677,4.699491,3.3282857
AZE,2014,67.3097,23.973455,1.4938258,4.4211125,2.8019087
AZE,2015,67.889786,24.67954,1.0072204,4.143389,2.2800667
AZE,2016,68.46568,24.887478,1.017181,3.8664744,1.7631845
AZE,2017,69.03699,25.094248,1.0265677,3.5905137,1.2516853
AZE,2018,69.603264,25.299711,1.0353636,3.3078094,0.7538502
AZE,2019,70.16406,25.503683,1.0435755,2.9897368,0.29893976
AZE,2020,70.67331,25.688772,1.0511638,2.586754,0
AZE,2021,71.14635,25.860754,1.0581609,1.9347371,0
AZE,2022,71.6117,26.030483,1.064502,1.2933112,0
BHS,2000,,,0,1.7545044,0
BHS,2001,,,0,1.71174,0
BHS,2002,,,0,1.6689757,0
BHS,2003,,,0,1.6262114,0
BHS,2004,,,0,1.5834471,0
BHS,2005,,,0,1.5406828,0
BHS,2006,,,0,1.4979185,0
BHS,2007,,,0,1.4551541,0
BHS,2008,,,0,1.4123898,0
BHS,2009,,,0,1.3696254,0
BHS,2010,,,0,1.3268611,0
BHS,2011,,,0,1.2840968,0
BHS,2012,,,0,1.2413325,0
BHS,2013,,,0,1.1985681,0
BHS,2014,,,0,1.1558038,0
BHS,2015,,,0,1.1130395,0
BHS,2016,,,0,1.1130395,0
BHS,2017,,,0,1.1130395,0
BHS,2018,,,0,1.1130395,0
BHS,2019,,,0,1.1130395,0
BHR,2000,98.88198,1.0766857,0,0.0413346,0
BHR,2001,98.8885,1.0682303,0,0.04327292,0
BHR,2002,98.89501,1.0597752,0,0.045211237,0
BHR,2003,98.90153,1.0513206,0,0.047149558,0
BHR,2004,98.90804,1.0428661,0,0.049087875,0
BHR,2005,98.91456,1.0344121,0,0.051026195,0
BHR,2006,98.921074,1.0259584,0,0.052964512,0
BHR,2007,98.92759,1.0175049,0,0.054902833,0
BHR,2008,98.927,1.0161599,0,0.05684115,0
BHR,2009,98.92508,1.0161402,0,0.05877947,0
BHR,2010,98.923164,1.0161206,0,0.060717788,0
BHR,2011,98.92124,1.0161009,0,0.062656105,0
BHR,2012,98.91933,1.0160811,0,0.064594425,0
BHR,2013,98.917404,1.0160614,0,0.066532746,0
BHR,2014,98.91549,1.0160418,0,0.06847107,0
BHR,2015,98.91357,1.016022,0,0.07040939,0
BHR,2016,98.91165,1.0160023,0,0.0723477,0
BHR,2017,98.90973,1.0159826,0,0.07428602,0
BHR,2018,98.907814,1.0159628,0,0.07622434,0
BHR,2019,98.90589,1.0159432,0,0.07816266,0
BHR,2020,98.90398,1.0159235,0,0.080100976,0
BHR,2021,98.90398,1.0159235,0,0.080100976,0
BHR,2022,98.90398,1.0159235,0,0.080100976,0
BGD,2000,55.318703,39.50022,1.1302779,1.8387239,2.2120771
BGD,2001,55.325115,39.66857,1.1258554,1.7462933,2.1341653
BGD,2002,55.303715,39.870056,1.1193911,1.6528677,2.0539715
BGD,2003,55.278748,40.073814,1.1127197,1.5603361,1.9743817
BGD,2004,55.250355,40.27962,1.1058534,1.4687358,1.8954383
BGD,2005,55.21885,40.49011,1.0957308,1.3781132,1.8171985
BGD,2006,55.183674,40.70104,1.0871848,1.2884711,1.7396322
BGD,2007,55.14497,40.91213,1.0802805,1.1998408,1.6627803
BGD,2008,55.102875,41.123104,1.0750777,1.1122632,1.5866805
BGD,2009,55.057545,41.333687,1.0716311,1.0257668,1.5113689
BGD,2010,55.008587,41.54424,1.0699744,0.9403637,1.4368365
BGD,2011,54.95632,41.754276,1.0701681,0.8561018,1.3631328
BGD,2012,55.30369,41.56069,1.0722705,0.7730045,1.2903404
BGD,2013,55.666878,41.347183,1.0763122,0.6911093,1.2185167
BGD,2014,56.04548,41.114185,1.0823025,0.6104043,1.1476295
BGD,2015,56.440197,40.860905,1.0902575,0.530912,1.0777293
BGD,2016,56.8508,40.587593,1.100188,0.45262477,1.0087962
BGD,2017,57.277603,40.29389,1.1120996,0.37555438,0.94085264
BGD,2018,57.720745,39.979668,1.1259929,0.2996881,0.8739075
BGD,2019,58.180214,39.644924,1.1418688,0.22503568,0.8079589
BGD,2020,58.656,39.289677,1.1597295,0.15158977,0.7430048
BGD,2021,59.129845,38.90317,1.179315,0.1088879,0.67877746
BGD,2022,59.109295,38.987766,1.1870869,0.10052952,0.61532056
BRB,2000,,,0.2670844,1.4084921,0
BRB,2001,,,0.26711157,1.3984636,0
BRB,2002,,,0.26713872,1.388435,0
BRB,2003,,,0.2671659,1.3784064,0
BRB,2004,,,0.26719308,1.3683778,0
BRB,2005,,,0.26722023,1.3583492,0
BRB,2006,,,0.2672474,1.3483206,0
BRB,2007,,,0.26727456,1.338292,0
BRB,2008,,,0.26730174,1.3282634,0
BRB,2009,,,0.2673289,1.3182349,0
BRB,2010,,,0.26735607,1.3082063,0
BRB,2011,,,0.26738325,1.2981777,0
BRB,2012,,,0.2674104,1.2881491,0
BRB,2013,,,0.26743758,1.2781205,0
BRB,2014,,,0.26746473,1.2680919,0
BRB,2015,,,0.2674919,1.2580633,0
BRB,2016,,,0.2675191,1.2480347,0
BRB,2017,,,0.26754624,1.2380062,0
BRB,2018,,,0.26757342,1.2279776,0
BRB,2019,,,0.26760057,1.217949,0
BRB,2020,,,0.26760057,1.217949,0
BRB,2021,,,0.26760057,1.217949,0
BRB,2022,,,0.26760057,1.217949,0
BLR,2000,81.812706,16.543528,1.353895,0.28986943,0
BLR,2001,81.963066,16.385468,1.3632792,0.28818372,0
BLR,2002,82.11219,16.228714,1.3725859,0.28651065,0
BLR,2003,82.25976,16.073587,1.381796,0.28485942,0
BLR,2004,83.36191,14.966905,1.3672777,0.30391103,0
BLR,2005,84.4452,13.873681,1.3588262,0.32229388,0
BLR,2006,85.50994,12.801058,1.3489813,0.3400166,0
BLR,2007,86.55645,11.748695,1.3377653,0.3570919,0
BLR,2008,87.58524,10.716019,1.3252137,0.3735267,0
BLR,2009,88.59596,9.703377,1.3113099,0.38934818,0
BLR,2010,89.600494,8.698764,1.2966955,0.40404925,0
BLR,2011,90.58958,7.711736,1.280822,0.41786334,0
BLR,2012,91.558914,6.7466316,1.2634583,0.43099567,0
BLR,2013,92.31101,6.000909,1.244635,0.4434466,0
BLR,2014,92.40423,5.9161363,1.2243778,0.4552608,0
BLR,2015,92.496704,5.834149,1.2027277,0.46641672,0
BLR,2016,92.588005,5.7553306,1.1797073,0.47695822,0
BLR,2017,92.678314,5.679439,1.1553515,0.48689392,0
BLR,2018,92.76655,5.6074533,1.1296949,0.49630684,0
BLR,2019,92.85267,5.539317,1.1027882,0.50522494,0
BLR,2020,92.93711,5.7144623,0.8347874,0.5136394,0
BLR,2021,93.0194,6.168514,0.290469,0.5216144,0
BLR,2022,93.099754,6.079112,0.2919811,0.5291508,0
BEL,2000,99.63135,0.36864972,0,3.0992264e-06,0
BEL,2001,99.63135,0.36864972,0,1.4327425e-06,0
BEL,2002,99.631355,0.36864716,0,0,0
BEL,2003,99.63135,0.36864972,0,3.344376e-06,0
BEL,2004,99.631355,0.3686463,0,0,0
BEL,2005,99.631355,0.36864716,0,0,0
BEL,2006,99.63135,0.36864972,0,1.6725161e-06,0
BEL,2007,99.63135,0.36864972,0,2.3763941e-06,0
BEL,2008,99.63135,0.36864972,0,4.5201464e-06,0
BEL,2009,99.63135,0.36864972,0,1.2454129e-06,0
BEL,2010,99.63966,0.36033466,0,6.4413223e-07,0
BEL,2011,99.64798,0.3520196,0,4.2128395e-06,0
BEL,2012,99.656296,0.34370458,0,1.1763132e-06,0
BEL,2013,99.664604,0.33538952,0,4.363558e-06,0
BEL,2014,99.67293,0.32707447,0,1.4373134e-06,0
BEL,2015,99.68124,0.3187594,0,3.7180087e-06,0
BEL,2016,99.68956,0.31044036,0,0,0
BEL,2017,99.69787,0.30212933,0,1.622316e-06,0
BEL,2018,99.706184,0.293814,0,0,0
BEL,2019,99.71451,0.28549546,0,0,0
BEL,2020,99.72281,0.2771842,0,3.7365285e-06,0
BEL,2021,99.73113,0.26886567,0,0,0
BEL,2022,99.73945,0.26055062,0,0,0
BLZ,2000,,,1.086299,8.399951,3.082263
BLZ,2001,,,1.0951315,7.940291,2.8826199
BLZ,2002,,,1.1039671,7.480659,2.682874
BLZ,2003,,,1.1128055,7.0210576,2.483026
BLZ,2004,,,1.1216469,6.5614786,2.2830756
BLZ,2005,,,1.130491,6.101934,2.0830226
BLZ,2006,,,1.1393381,5.642414,1.8828675
BLZ,2007,,,1.1481884,5.182924,1.68261
BLZ,2008,,,1.1570413,4.7234616,1.4822501
BLZ,2009,,,1.1658971,4.264033,1.2817876
BLZ,2010,,,1.1766732,3.8046234,1.081223
BLZ,2011,,,1.187246,3.3447871,0.88036084
BLZ,2012,,,1.1976415,2.884459,0.67934597
BLZ,2013,,,1.2078954,2.4235778,0.47834116
BLZ,2014,,,1.2180489,1.9621396,0.2775114
BLZ,2015,,,1.2279404,1.5682261,0.028241986
BLZ,2016,,,1.2354321,1.1800272,0
BLZ,2017,,,1.2427156,0.7647064,0
BLZ,2018,,,1.2498248,0.35088214,0
BLZ,2019,,,1.2494879,0.34996232,0
BLZ,2020,,,1.2491107,0.34893343,0
BLZ,2021,,,1.248693,0.3477993,0
BLZ,2022,,,1.2482303,0.34653553,0
BEN,2000,,,7.3647156,19.656487,11.238386
BEN,2001,,,7.407364,19.750252,10.840736
BEN,2002,,,7.4459,19.83953,10.438417
BEN,2003,,,7.477734,19.921036,10.027931
BEN,2004,,,7.5094633,20.004606,9.619963
BEN,2005,,,7.5412087,20.09042,9.214709
BEN,2006,,,7.572916,20.178402,8.812096
BEN,2007,,,7.6045284,20.268503,8.412058
BEN,2008,,,7.63611,20.36081,8.014698
BEN,2009,,,7.6677766,20.455477,7.620182
BEN,2010,,,7.6994176,20.552366,7.228367
BEN,2011,,,7.7310357,20.651499,6.839268
BEN,2012,,,7.762635,20.75288,6.4529047
BEN,2013,,,7.7943306,20.856653,6.0694165
BEN,2014,,,7.825734,20.962404,5.688386
BEN,2015,,,7.856965,21.070292,5.3099847
BEN,2016,,,7.888029,21.180353,4.934255
BEN,2017,,,7.918932,21.292631,4.5612383
BEN,2018,,,7.949681,21.407145,4.190976
BEN,2019,,,7.9802814,21.523941,3.8235106
BEN,2020,,,8.01074,21.643047,3.4588835
BEN,2021,,,8.012287,21.764587,3.097217
BEN,2022,,,8.012769,21.8885,2.738461
BMU,2000,,,0,0.005857095,0
BMU,2001,,,0,0.013440669,0
BMU,2002,,,0,0.021024242,0
BMU,2003,,,0,0.028607817,0
BMU,2004,,,0,0.036191393,0
BMU,2005,,,0,0.043774966,0
BMU,2006,,,0,0.05135854,0
BMU,2007,,,0,0.058942113,0
BMU,2008,,,0,0.06652569,0
BMU,2009,,,0,0.07410926,0
BMU,2010,,,0,0.08169284,0
BMU,2011,,,0,0.08927641,0
BMU,2012,,,0,0.096859984,0
BMU,2013,,,0,0.096859984,0
BMU,2014,,,0,0.096859984,0
BMU,2015,,,0,0.096859984,0
BMU,2016,,,0,0.096859984,0
BMU,2017,,,0,0.096859984,0
BMU,2018,,,0,0.096859984,0
BMU,2019,,,0,0.096859984,0
BMU,2020,,,0,0.096859984,0
BMU,2021,,,0,0.096859984,0
BMU,2022,,,0,0.096859984,0
BTN,2000,22.292807,60.068794,1.9997977,6.0925474,9.546052
BTN,2001,22.74601,60.721275,2.034288,5.0773625,9.421064
BTN,2002,23.200964,61.418995,2.0006013,4.6715813,8.70786
BTN,2003,23.657469,62.09646,1.9634005,4.2743254,8.008347
BTN,2004,24.115568,62.752823,1.9226156,3.8859265,7.3230667
BTN,2005,24.564245,63.392517,1.8777725,3.5087705,6.656697
BTN,2006,24.918528,64.06044,1.8263396,3.1566715,6.0380244
BTN,2007,25.27158,64.715195,1.7721738,2.811075,5.4299793
BTN,2008,25.623327,65.3565,1.7152584,2.472126,4.83279
BTN,2009,25.973024,65.98453,1.6555679,2.1400237,4.2468553
BTN,2010,26.321068,66.59876,1.5931028,1.8148314,3.672236
BTN,2011,30.242043,63.6243,1.5278522,1.4966701,3.1091375
BTN,2012,34.166004,60.630077,1.459814,1.1858295,2.5582764
BTN,2013,38.090397,57.618755,1.3890382,0.88223964,2.0195692
BTN,2014,42.761097,53.84468,1.315582,0.58578753,1.4928527
BTN,2015,47.45907,50.027157,1.2395023,0.2963528,0.9779216
BTN,2016,52.089092,46.09715,1.1585552,0.18167305,0.47353294
BTN,2017,56.59075,42.06909,1.0724095,0.1821621,0.0855867
BTN,2018,60.826775,37.93822,0.97955936,0.18250017,0.07294397
BTN,2019,65.00831,33.864006,0.88523144,0.18267626,0.059780095
BTN,2020,69.13716,29.844559,0.78947663,0.18270138,0.04610433
BTN,2021,72.665565,26.461428,0.65850675,0.18256766,0.031930976
BTN,2022,73.341995,25.789454,0.65067285,0.18544647,0.032434348
BOL,2000,,,0.34697145,6.207937,12.673517
BOL,2001,,,0.3363771,5.9738026,12.195729
BOL,2002,,,0.325768,5.742888,11.738849
BOL,2003,,,0.31497717,5.5134106,11.29306
BOL,2004,,,0.30396137,5.284792,10.855218
BOL,2005,,,0.2927444,5.0571394,10.425826
BOL,2006,,,0.28132445,4.830276,10.003985
BOL,2007,,,0.26972935,4.604358,9.590454
BOL,2008,,,0.2579582,4.3792186,9.184376
BOL,2009,,,0.24603729,4.1550198,8.786467
BOL,2010,,,0.23397437,3.9316907,8.396391
BOL,2011,,,0.22177808,3.709176,8.013849
BOL,2012,,,0.20946448,3.4875202,7.639014
BOL,2013,,,0.19720903,3.2693086,7.283409
BOL,2014,,,0.18491812,3.0534132,6.941334
BOL,2015,,,0.1724886,2.8381681,6.6051755
BOL,2016,,,0.1599277,2.6235306,6.2746925
BOL,2017,,,0.14724924,2.4095724,5.9502296
BOL,2018,,,0.13445266,2.1960385,5.630665
BOL,2019,,,0.135047,1.9829307,5.3160686
BOL,2020,,,0.13561702,1.7702893,5.006672
BOL,2021,,,0.13616246,1.5581365,4.7025223
BOL,2022,,,0.13668162,1.3464241,4.403524
,2000,83.55975,15.062163,0,1.3780867,0
,2001,84.33308,14.354463,0,1.3124635,0
,2002,85.10735,13.645807,0,1.2468404,0
,2003,85.88258,12.936197,0,1.1812172,0
,2004,86.658775,12.225633,0,1.115594,0
,2005,87.43591,11.514114,0,1.0499709,0
,2006,88.21401,10.801641,0,0.98434764,0
,2007,88.993065,10.088213,0,0.9187245,0
,2008,89.77307,9.373831,0,0.8531013,0
,2009,90.55403,8.658494,0,0.78747815,0
,2010,91.335945,7.9422026,0,0.7218549,0
,2011,92.11881,7.224957,0,0.65623176,0
,2012,92.90263,6.5067563,0,0.5906086,0
,2013,93.687416,5.7876015,0,0.52498543,0
,2014,94.473145,5.067492,0,0.45936224,0
,2015,95.259834,4.3464284,0,0.39373907,0
,2016,96.04748,3.62441,0,0.32811588,0
,2017,96.83607,2.9014368,0,0.26249272,0
,2018,97.62562,2.1775095,0,0.19686954,0
,2019,98.41612,1.4526274,0,0.13124636,0
,2020,99.20759,0.72679096,0,0.06562318,0
,2021,100,2.2737368e-13,0,0,0
,2022,100,0,0,0,0
BIH,2000,87.34998,9.919723,1.1292926,1.3778921,0.22311293
BIH,2001,87.472725,9.748833,1.3081497,1.26513,0.20516449
BIH,2002,87.59462,9.576189,1.4885792,1.1532968,0.18731813
BIH,2003,87.71558,9.40183,1.6705896,1.0424173,0.16958015
BIH,2004,87.83569,9.225702,1.8541852,0.93247616,0.1519456
BIH,2005,87.95483,9.047881,2.0393612,0.82350945,0.13442235
BIH,2006,88.07303,8.868345,2.2261171,0.7154987,0.11700779
BIH,2007,88.19037,8.68703,2.4144692,0.60525274,0.10288386
BIH,2008,88.30676,8.503992,2.6044054,0.49592847,0.08891486
BIH,2009,88.42221,8.319236,2.795924,0.3742278,0.088399895
BIH,2010,88.536736,8.132762,2.9890232,0.25359678,0.08788494
BIH,2011,88.65034,7.9445305,3.1837184,0.13404411,0.08736838
BIH,2012,88.70229,7.7477384,3.3782942,0.08493627,0.08673836
BIH,2013,88.79768,7.5543222,3.5756087,0.072386764,0
BIH,2014,88.817184,7.3509426,3.7722104,0.059661888,0
BIH,2015,88.82513,7.334717,3.78007,0.060086567,0
BIH,2016,88.83336,7.317906,3.788213,0.060522877,0
BIH,2017,88.841896,7.3004613,3.7966628,0.060978394,0
BIH,2018,88.85069,7.2824807,3.8053718,0.06145405,0
BIH,2019,88.72298,7.400725,3.8143647,0.061934814,0
BIH,2020,88.138885,7.975015,3.823664,0.062438965,0
BIH,2021,87.55479,8.549039,3.8332229,0.06295451,0
BIH,2022,86.97068,9.122795,3.8430417,0.06348414,0
BWA,2000,,,20.47434,1.3685982,2.987426
BWA,2001,,,20.236837,1.3937901,2.8492677
BWA,2002,,,20.105682,1.4283524,2.7333581
BWA,2003,,,19.989511,1.4648414,2.622046
BWA,2004,,,19.872602,1.5020458,2.5124447
BWA,2005,,,19.755938,1.540019,2.4047096
BWA,2006,,,18.715254,1.5787013,2.2986746
BWA,2007,,,17.36201,1.5964214,2.1431966
BWA,2008,,,16.047163,1.6167287,1.9939662
BWA,2009,,,14.773619,1.6398196,1.8513999
BWA,2010,,,13.539534,1.6655391,1.7151586
BWA,2011,,,12.345555,1.6939168,1.5853027
BWA,2012,,,11.316586,1.7335317,1.4819773
BWA,2013,,,10.330681,1.7760811,1.3856348
BWA,2014,,,9.364951,1.8200006,1.2925671
BWA,2015,,,8.419467,1.865274,1.202763
BWA,2016,,,7.4940467,1.9118804,1.1161714
BWA,2017,,,6.588861,1.959832,1.0328007
BWA,2018,,,5.7052546,2.0092146,0.9528609
BWA,2019,,,4.8424225,2.0599651,0.87620944
BWA,2020,,,4.7466044,2.1120596,0.8027581
BWA,2021,,,4.653629,2.1654444,0.7324107
BWA,2022,,,4.555165,2.1592095,0.71806335
BRA,2000,76.0321,17.439425,0.6055576,5.061613,0.86130404
BRA,2001,76.59753,17.216818,0.6040063,4.7304726,0.8511776
BRA,2002,76.98464,17.15785,0.602973,4.343624,0.91091305
BRA,2003,77.26597,17.197557,0.6018142,3.9668598,0.96779954
BRA,2004,77.54171,17.235647,0.60055727,3.6001506,1.0219344
BRA,2005,77.811966,17.272167,0.5992067,3.2432714,1.073386
BRA,2006,78.077126,17.307058,0.59774405,2.8958957,1.122172
BRA,2007,78.337265,17.34036,0.5961734,2.5578518,1.168348
BRA,2008,78.59245,17.37211,0.5944984,2.2289696,1.2119682
BRA,2009,78.84221,17.402594,0.5927724,1.9092108,1.2532179
BRA,2010,79.08718,17.431616,0.5909514,1.5982084,1.2920402
BRA,2011,79.329895,17.458082,0.5888126,1.2953869,1.3278254
BRA,2012,79.56786,17.48311,0.58658093,1.0012295,1.3612115
BRA,2013,80.38308,16.924591,0.58431184,0.76924706,1.3387692
BRA,2014,81.1948,16.36378,0.58193284,0.5429238,1.3165622
BRA,2015,82.002464,15.801103,0.5795,0.3221872,1.294748
BRA,2016,82.74326,15.21258,0.5742529,0.20426458,1.2656428
BRA,2017,83.605156,14.845801,0.39977646,1.1492676,
BRA,2018,84.40004,14.279455,0.39663148,0.92387486,
BRA,2019,85.190926,13.744618,0.36065775,0.7037983,
BRA,2020,85.921616,13.39924,0.126549,0.5525922,
BRA,2021,86.644035,12.945368,0,0.4105989,
BRA,2022,87.25871,12.335056,0,0.4062287,
VGB,2000,,,0,4.6972604,0
VGB,2001,,,0,4.3171234,0
VGB,2002,,,0,3.9369862,0
VGB,2003,,,0,3.5568492,0
VGB,2004,,,0,3.1767123,0
VGB,2005,,,0,2.7965753,0
VGB,2006,,,0,2.4164383,0
VGB,2007,,,0,2.0363014,0
VGB,2008,,,0,1.6561644,0
VGB,2009,,,0,1.2760274,0
VGB,2010,,,0,0.8958904,0
VGB,2011,,,0,0.51575345,0
VGB,2012,,,0,0.13561644,0
VGB,2013,,,0,0.13561644,0
VGB,2014,,,0,0.13561644,0
VGB,2015,,,0,0.13561644,0
VGB,2016,,,0,0.13561644,0
VGB,2017,,,0,0.13561644,0
VGB,2018,,,0,0.13561644,0
VGB,2019,,,0,0.13561644,0
VGB,2020,,,0,0.13561644,0
VGB,2021,,,0,0.13561644,0
VGB,2022,,,0,0.13561644,0
BRN,2000,,,0,0,0.09998379
BRN,2001,,,0,0,0.09998379
BRN,2002,,,0,0,0.09998379
BRN,2003,,,0,0,0.09998379
BRN,2004,,,0,0,0.09998379
BRN,2005,,,0,0,0.09998185
BRN,2006,,,0,0,0.09997991
BRN,2007,,,0,0,0.09997796
BRN,2008,,,0,0,0.09997602
BRN,2009,,,0,0,0.09997408
BRN,2010,,,0,0,0.09997214
BRN,2011,,,0,3.330669e-16,0.09997019
BRN,2012,,,0,3.0531133e-15,0.099968255
BRN,2013,,,0,0,0.09996631
BRN,2014,,,0,0,0.099964365
BRN,2015,,,0,0,0.09996243
BRN,2016,,,0,0,0.09996048
BRN,2017,,,0,0,0.09995855
BRN,2018,,,0,0,0.0999566
BRN,2019,,,0,0,0.09995466
BRN,2020,,,0,0,0.09995272
BRN,2021,,,0,0,0.099950776
BRN,2022,,,0,0,0.09994884
BGR,2000,89.663734,10.149283,0,0.18698423,0
BGR,2001,90.18407,9.587367,0,0.22856897,0
BGR,2002,90.70463,9.025985,0,0.26938725,0
BGR,2003,91.2254,8.46512,0,0.309477,0
BGR,2004,91.7464,7.9047627,0,0.34883642,0
BGR,2005,92.267624,7.3448977,0,0.38747725,0
BGR,2006,92.78908,6.785513,0,0.42541146,0
BGR,2007,93.31077,6.2265964,0,0.46263877,0
BGR,2008,93.832695,5.6681356,0,0.4991676,0
BGR,2009,94.35487,5.110119,0,0.5350082,0
BGR,2010,94.8773,4.5525336,0,0.57016915,0
BGR,2011,95.39997,3.9953687,0,0.60465837,0
BGR,2012,95.92294,3.4386134,0,0.6384463,0
BGR,2013,96.44623,2.882257,0,0.6715158,0
BGR,2014,96.923386,2.3727257,0,0.70388687,0
BGR,2015,96.76209,2.5023668,0,0.73554105,0
BGR,2016,96.60156,2.6319432,0,0.76649326,0
BGR,2017,96.44181,2.7614584,0,0.7967278,0
BGR,2018,96.282814,2.8909142,0,0.8262727,0
BGR,2019,96.124565,3.0203135,0,0.85512197,0
BGR,2020,95.96708,3.1496596,0,0.88326406,0
BGR,2021,95.81034,3.278955,0,0.9107015,0
BGR,2022,95.654335,3.4082015,0,0.9374672,0
BFA,2000,,,10.410493,25.719776,6.309309
BFA,2001,,,10.421709,25.580313,6.2571344
BFA,2002,,,11.4581785,25.36438,5.9104176
BFA,2003,,,12.490406,25.14178,5.567734
BFA,2004,,,13.517335,24.91179,5.2291155
BFA,2005,,,14.537957,24.675104,4.895063
BFA,2006,,,15.551142,24.431005,4.565619
BFA,2007,,,16.564692,24.214638,4.2497964
BFA,2008,,,17.581821,24.02125,3.944697
BFA,2009,,,18.59681,23.824413,3.6433156
BFA,2010,,,19.60898,23.623669,3.3456478
BFA,2011,,,20.61776,23.418955,3.0517955
BFA,2012,,,21.622679,23.210451,2.7618933
BFA,2013,,,22.623182,22.998116,2.476031
BFA,2014,,,23.618572,22.78168,2.1942728
BFA,2015,,,24.608395,22.561316,1.9167418
BFA,2016,,,25.592077,22.336985,1.6435285
BFA,2017,,,26.56958,22.10933,1.3747674
BFA,2018,,,27.540241,21.878094,1.1105037
BFA,2019,,,28.503344,21.643007,0.85079724
BFA,2020,,,29.45877,21.404509,0.5957343
BFA,2021,,,29.469667,21.16233,0.3453711
BFA,2022,,,29.477438,20.903662,0.113025166
BDI,2000,,,19.421871,14.505355,15.409657
BDI,2001,,,19.44534,14.540636,14.779549
BDI,2002,,,19.46644,14.574412,14.149812
BDI,2003,,,19.485334,14.606779,13.520561
BDI,2004,,,19.50204,14.637695,12.891828
BDI,2005,,,19.516582,14.667147,12.263639
BDI,2006,,,19.528841,14.694973,11.635955
BDI,2007,,,19.53898,14.721269,11.008881
BDI,2008,,,19.546745,14.745748,10.382308
BDI,2009,,,19.552578,14.768767,9.756481
BDI,2010,,,19.55595,14.789769,9.131163
BDI,2011,,,19.55703,14.808847,8.506464
BDI,2012,,,19.555983,14.826102,7.882487
BDI,2013,,,19.55243,14.841075,7.2590914
BDI,2014,,,19.546814,14.854142,6.636503
BDI,2015,,,19.538893,14.86499,6.0146465
BDI,2016,,,19.528704,14.873574,5.3935695
BDI,2017,,,19.516281,14.879851,4.77332
BDI,2018,,,19.501667,14.867863,4.169853
BDI,2019,,,19.484896,14.81161,3.6091728
BDI,2020,,,19.439693,14.758261,3.594925
BDI,2021,,,19.393435,14.703658,3.580344
BDI,2022,,,19.345985,14.647652,3.565388
KHM,2000,16.963135,34.936745,0,23.160616,24.939503
KHM,2001,17.445349,36.163074,0,22.238852,24.152723
KHM,2002,17.927835,37.38701,0,21.31835,23.366804
KHM,2003,18.410591,38.608547,0,20.399113,22.581747
KHM,2004,18.893976,39.63911,0.18852279,19.480993,21.797396
KHM,2005,19.377995,40.424263,0.61997294,18.56401,21.01376
KHM,2006,19.862286,41.181305,1.0770985,17.64831,20.231
KHM,2007,20.347218,41.910244,1.5598063,16.733759,19.448975
KHM,2008,20.846205,42.60789,2.0677009,15.8157215,18.66248
KHM,2009,21.41869,43.257977,2.598605,14.8751335,17.849594
KHM,2010,21.993832,43.876324,3.15331,13.937849,17.038683
KHM,2011,22.571646,44.463097,3.731504,13.003949,16.229805
KHM,2012,23.15215,45.01846,4.332865,12.073517,15.42301
KHM,2013,23.734991,45.54271,4.957091,11.146731,14.618479
KHM,2014,24.320925,46.035786,5.603801,10.223472,13.816017
KHM,2015,24.909603,46.497997,6.272673,9.303919,13.015808
KHM,2016,25.50104,46.929543,6.9633584,8.388155,12.217905
KHM,2017,26.094881,47.33077,7.6755404,7.47634,11.422472
KHM,2018,26.693384,47.70099,8.408588,6.568112,10.628928
KHM,2019,27.29621,48.040512,9.1621065,5.6636877,9.837485
KHM,2020,27.903767,48.349342,9.935588,4.7631598,9.048145
KHM,2021,28.468304,48.59774,10.72365,3.9502442,8.260062
KHM,2022,29.131279,48.875225,11.540522,3.1757224,7.2772517
CMR,2000,,,6.559243,26.728514,10.402029
CMR,2001,,,6.8795414,25.989555,10.06447
CMR,2002,,,7.2045326,25.256498,9.731953
CMR,2003,,,7.53409,24.529667,9.404667
CMR,2004,,,7.8680887,23.808796,9.082467
CMR,2005,,,8.2064,23.094767,8.7658415
CMR,2006,,,8.548903,22.387001,8.454478
CMR,2007,,,8.895471,21.68552,8.148393
CMR,2008,,,9.245976,20.990341,7.8475966
CMR,2009,,,9.600296,20.301737,7.552238
CMR,2010,,,9.9583025,19.619457,7.2621875
CMR,2011,,,10.319872,18.943768,6.977585
CMR,2012,,,10.684881,18.274666,6.69843
CMR,2013,,,11.053214,17.612396,6.4248405
CMR,2014,,,11.424748,16.956944,6.156801
CMR,2015,,,11.799365,16.308287,5.8943005
CMR,2016,,,12.176945,15.666411,5.637325
CMR,2017,,,12.557395,15.031737,5.386058
CMR,2018,,,12.940576,14.403796,5.1402707
CMR,2019,,,13.326404,13.782982,4.9001307
CMR,2020,,,13.714752,13.169041,4.66551
CMR,2021,,,14.10555,12.56234,4.436546
CMR,2022,,,14.231724,11.962616,4.213107
CAN,2000,98.16674,1.060251,0,0.77300966,0
CAN,2001,98.17581,1.0556972,0,0.76848984,0
CAN,2002,98.17795,1.0546274,0,0.7674281,0
CAN,2003,98.18011,1.0535439,0,0.7663497,0
CAN,2004,98.182236,1.052474,0,0.7652878,0
CAN,2005,98.2408,0.99384886,0,0.7653557,0
CAN,2006,98.29947,0.9351518,0,0.7653828,0
CAN,2007,98.35997,0.87552345,0,0.7645044,0
CAN,2008,98.41991,0.81616753,0,0.76392287,0
CAN,2009,98.47926,0.7570924,0,0.76364356,0
CAN,2010,98.53806,0.6982853,0,0.76365083,0
CAN,2011,98.59599,0.63990355,0,0.7641053,0
CAN,2012,98.65168,0.582646,0,0.7656769,0
CAN,2013,98.70725,0.52543515,0,0.76731133,0
CAN,2014,98.7627,0.46827707,0,0.76901656,0
CAN,2015,98.81806,0.41115922,0,0.77077866,0
CAN,2016,98.87331,0.3540886,0,0.7726039,0
CAN,2017,98.928505,0.29703203,0,0.7744646,0
CAN,2018,98.98363,0.24000485,0,0.77636904,0
CAN,2019,99.03862,0.18303534,0,0.77834505,0
CAN,2020,99.03895,0.1828634,0,0.77819043,0
CAN,2021,99.03932,0.1826678,0,0.7780114,0
CAN,2022,99.03973,0.18245503,0,0.7778157,0
CPV,2000,,,11.160383,9.258181,0.451602
CPV,2001,,,11.097736,9.099639,0.4211892
CPV,2002,,,11.034316,8.944857,0.3916465
CPV,2003,,,10.970432,8.794014,0.36299393
CPV,2004,,,10.921558,8.4215555,0.33345276
CPV,2005,,,10.8729,8.046421,0.3047516
CPV,2006,,,10.824154,7.668447,0.2768648
CPV,2007,,,10.775632,7.2878566,0.24980378
CPV,2008,,,10.727027,6.904463,0.22354583
CPV,2009,,,10.678963,6.518736,0.1981123
CPV,2010,,,10.632273,6.1313295,0.17352082
CPV,2011,,,10.616778,5.7647586,0.15070304
CPV,2012,,,10.601256,5.396542,0.12836482
CPV,2013,,,10.585814,5.0267563,0.10650571
CPV,2014,,,10.570452,4.6554284,0.08512142
CPV,2015,,,10.285232,4.282571,0.06420773
CPV,2016,,,9.805492,3.90847,0.04376327
CPV,2017,,,9.336188,3.5332294,0.023780018
CPV,2018,,,8.877093,3.1568112,0.004248024
CPV,2019,,,8.412134,2.9969945,0
CPV,2020,,,7.9546213,2.8678048,0
CPV,2021,,,7.4332194,2.7416263,0
CPV,2022,,,7.4245653,2.70471,0
CYM,2001,,,0,3.8507361,0.01
CYM,2002,,,0,3.8507361,0.01
CYM,2003,,,0,3.8507361,0.01
CYM,2004,,,0,3.8507361,0.01
CYM,2005,,,0,3.8507361,0.01
CYM,2006,,,0,3.8884664,0.01
CYM,2007,,,0,3.9261963,0.01
CYM,2008,,,0,3.9639263,0.01
CYM,2009,,,0,4.0016565,0.01
CYM,2010,,,0,4.0393863,0.01
CYM,2011,,,0,4.0771165,0.01
CYM,2012,,,0,4.1148467,0.01
CYM,2013,,,0,4.152577,0.01
CYM,2014,,,0,4.1903067,0.01
CYM,2015,,,0,4.228037,0.01
CYM,2016,,,0,4.265767,0.01
CYM,2017,,,0,4.303497,0.01
CYM,2018,,,0,4.341227,0.01
CYM,2019,,,0,4.3789573,0.01
CYM,2020,,,0,4.416687,0.01
CYM,2021,,,0,4.454417,0.01
CYM,2022,,,0,4.4921474,0.01
CAF,2000,8.530865,50.479626,8.164754,26.32693,6.4978266
CAF,2001,8.396018,49.43256,9.076576,26.736488,6.358358
CAF,2002,8.2617035,48.391632,9.982281,27.14535,6.2190366
CAF,2003,8.127789,47.356586,10.881918,27.553753,6.079952
CAF,2004,7.9942756,46.32743,11.77549,27.9617,5.9411044
CAF,2005,7.8637824,45.308773,12.662987,28.363682,5.8007755
CAF,2006,7.736172,44.300213,13.545035,28.759521,5.6590567
CAF,2007,7.611429,43.301556,14.422281,29.148775,5.515959
CAF,2008,7.489293,42.312172,15.295352,29.531527,5.371656
CAF,2009,7.3696275,41.33165,16.164873,29.907612,5.2262387
CAF,2010,7.2524133,40.359768,17.03152,30.276575,5.0797234
CAF,2011,7.1373997,39.39592,17.895897,30.638506,4.932278
CAF,2012,7.0245624,38.439865,18.758694,30.992956,4.783923
CAF,2013,6.9137635,37.49117,19.62057,31.339745,4.634753
CAF,2014,6.804762,36.54924,20.482096,31.678972,4.484932
CAF,2015,6.697531,35.613815,21.343998,32.010174,4.3344836
CAF,2016,6.592036,34.68461,22.207045,32.33287,4.183438
CAF,2017,6.4879375,33.76088,23.071688,32.647476,4.0320225
CAF,2018,6.385207,32.842342,23.938683,32.953503,3.880266
CAF,2019,6.283711,31.928556,24.808691,33.25078,3.7282636
CAF,2020,6.183318,31.019085,25.682373,33.539112,3.576111
CAF,2021,6.083898,30.113483,26.56039,33.818325,3.423903
CAF,2022,6.126445,30.168598,26.635296,33.67347,3.3961923
,2000,44.725,37.30162,3.5724607,11.977147,2.4237735
,2001,45.624584,36.919487,3.5899057,11.510104,2.35592
,2002,46.494186,36.571136,3.595471,11.049584,2.2896218
,2003,47.3573,36.21717,3.6014214,10.598188,2.2259192
,2004,48.274822,35.836468,3.606651,10.130972,2.1510856
,2005,49.285946,35.304787,3.6689231,9.666236,2.074106
,2006,50.305386,34.80505,3.6828468,9.207605,1.9991113
,2007,51.344223,34.304447,3.6907592,8.742425,1.9181435
,2008,52.30515,33.876724,3.6984065,8.281262,1.8384612
,2009,53.417152,33.286026,3.7056534,7.8279247,1.7632437
,2010,54.457516,32.771564,3.7115324,7.373064,1.6863242
,2011,55.4864,32.261356,3.7169933,6.923966,1.611283
,2012,56.605255,31.657558,3.7217302,6.4787035,1.536754
,2013,57.72844,31.052334,3.7251465,6.033714,1.460368
,2014,58.86591,30.431505,3.7269917,5.5905714,1.3850211
,2015,60.027714,29.7889,3.7273316,5.1477346,1.3083194
,2016,61.173126,29.162619,3.7267513,4.7068605,1.2306432
,2017,62.30032,28.550285,3.725277,4.270119,1.1539981
,2018,63.412308,27.94789,3.7222567,3.8379648,1.0795823
,2019,64.51731,27.350258,3.717193,3.4094965,1.0057437
,2020,65.60258,26.762068,3.7122946,2.9870515,0.9360112
,2021,66.67643,26.17805,3.7062747,2.5680194,0.87122643
,2022,67.517525,25.790285,3.6947012,2.1582954,0.83919674
TCD,2000,5.520874,33.111717,10.558942,43.9405,6.867967
TCD,2001,5.5543633,33.65953,10.679659,43.216965,6.8894844
TCD,2002,5.586597,34.210915,10.797664,42.493767,6.9110565
TCD,2003,5.6178207,34.766518,10.912791,41.77034,6.9325275
TCD,2004,5.6479144,35.325996,11.025146,41.046967,6.9539747
TCD,2005,5.6768794,35.889336,11.134738,40.323647,6.9753995
TCD,2006,5.7047176,36.45652,11.241581,39.60038,6.9968
TCD,2007,5.7315598,37.02783,11.345621,38.876892,7.018097
TCD,2008,5.7571507,37.602657,11.447007,38.153732,7.0394506
TCD,2009,5.7816195,38.181293,11.545681,37.430622,7.0607815
TCD,2010,5.8073645,38.768665,11.640731,36.702614,7.080626
TCD,2011,5.8344636,39.36439,11.732444,35.969734,7.098967
TCD,2012,5.86313,39.96833,11.821077,35.231762,7.1157026
TCD,2013,5.893311,40.579784,11.906995,34.489014,7.1308947
TCD,2014,5.925088,41.198326,11.990524,33.741535,7.144524
TCD,2015,5.958684,41.82375,12.071979,32.989098,7.156489
TCD,2016,5.994189,42.455566,12.151729,32.231747,7.16677
TCD,2017,6.0316935,43.093273,12.230159,31.46953,7.175345
TCD,2018,6.071436,43.736572,12.307659,30.702223,7.1821113
TCD,2019,6.1133685,44.384697,12.384663,29.930141,7.187132
TCD,2020,6.157883,45.037495,12.461604,29.152802,7.1902165
TCD,2021,6.2049384,45.694164,12.538953,28.370518,7.191428
TCD,2022,6.2470484,45.748104,12.54212,28.2953,7.1674275
OWID_CIS,2009,91.975,2.175,0,5.85,0
OWID_CIS,2010,91.975,2.175,0,5.85,0
OWID_CIS,2011,91.975,2.175,0,5.85,0
OWID_CIS,2012,91.975,2.175,0,5.85,0
OWID_CIS,2013,91.975,2.175,0,5.85,0
OWID_CIS,2014,91.975,2.175,0,5.85,0
OWID_CIS,2015,91.975,2.175,0,5.85,0
OWID_CIS,2016,91.975,2.175,0,5.85,0
OWID_CIS,2017,91.975,2.175,0,5.85,0
CHL,2000,92.093025,3.6560943,0,4.2508793,0
CHL,2001,92.59391,3.4689817,0,3.9371088,0
CHL,2002,93.070625,3.2878332,0,3.641538,0
CHL,2003,93.47617,3.1345136,0,3.3893132,0
CHL,2004,93.884575,2.9768474,0,3.138577,0
CHL,2005,94.29475,2.8153727,0,2.889881,0
CHL,2006,94.70764,2.6496797,0,2.6426778,0
CHL,2007,95.12259,2.4801273,0,2.3972845,0
CHL,2008,95.540085,2.306499,0,2.1534142,0
CHL,2009,95.95955,2.1291225,0,1.9113271,0
CHL,2010,96.380974,1.9480377,0,1.6709884,0
CHL,2011,96.80475,1.7630732,0,1.4321802,0
CHL,2012,97.23041,1.5745081,0,1.1950856,0
CHL,2013,97.6581,1.3822913,0,0.9596119,0
CHL,2014,98.08776,1.1864847,0,0.72575176,0
CHL,2015,98.38248,1.1240193,0,0.49350712,0
CHL,2016,98.57764,1.1595519,0,0.2628133,0
CHL,2017,98.77024,1.1952075,0,0.034554046,0
CHL,2018,98.77137,1.2286329,0,0,0
CHL,2019,98.77137,1.2286334,0,0,0
CHL,2020,98.77137,1.2286294,0,0,0
CHL,2021,98.77137,1.2286323,0,0,0
CHL,2022,98.77136,1.228634,0,1.7036774e-06,0
CHN,2000,,,0.3835815,18.1387,2.5807567
CHN,2001,,,0.38690507,17.82114,2.53856
CHN,2002,,,0.43761963,16.62999,2.4923382
CHN,2003,,,0.48764315,15.4699745,2.4454567
CHN,2004,,,0.536798,14.342306,2.3979857
CHN,2005,,,0.58491755,13.385759,2.213525
CHN,2006,,,0.6319425,12.465854,2.0365748
CHN,2007,,,0.6777956,11.584157,1.8606247
CHN,2008,,,0.7222972,10.730441,1.6904317
CHN,2009,,,0.76534075,9.906351,1.5262419
CHN,2010,,,0.8067741,9.111282,1.3679785
CHN,2011,,,0.846991,8.354886,1.2169093
CHN,2012,,,0.88581806,7.631157,1.0721294
CHN,2013,,,0.9229923,6.9360256,0.9330743
CHN,2014,,,0.95837617,6.2688484,0.7996559
CHN,2015,,,0.99190444,5.6298633,0.6718899
CHN,2016,,,1.0234847,5.0188937,0.5497424
CHN,2017,,,1.0531378,4.436321,0.43321618
CHN,2018,,,1.0811522,3.8830574,0.32228953
CHN,2019,,,1.1076331,3.3582454,0.21674947
CHN,2020,,,1.1326332,2.8607001,0.11635311
CHN,2021,,,0.89548194,2.3083587,0.101710096
CHN,2022,,,0.4804666,1.7773628,0.095241
COL,2000,68.549515,23.410532,0.14659439,5.004908,2.8884475
COL,2001,68.864174,23.404947,0.1493874,4.7438335,2.8376617
COL,2002,69.17526,23.397734,0.15216699,4.4871783,2.7876592
COL,2003,69.4828,23.388931,0.15493289,4.234894,2.7384353
COL,2004,69.786385,23.37881,0.15769021,3.987029,2.6900876
COL,2005,70.08601,23.367416,0.16043898,3.7435226,2.6426103
COL,2006,70.38173,23.354792,0.16317922,3.5043025,2.5959964
COL,2007,70.63542,23.378918,0.16591658,3.2694013,2.5503411
COL,2008,70.884834,23.402355,0.16864568,3.0386286,2.505535
COL,2009,71.12999,23.425142,0.17136666,2.8119318,2.4615715
COL,2010,71.37048,23.447565,0.17408553,2.58932,2.418545
COL,2011,71.60638,23.469677,0.17680271,2.3706996,2.376448
COL,2012,71.83813,23.49126,0.17951259,2.1559317,2.3351715
COL,2013,72.06536,23.512619,0.18222159,1.9449921,2.2948096
COL,2014,72.2881,23.533794,0.18493019,1.7378203,2.2553537
COL,2015,72.506836,23.554571,0.18763265,1.5342605,2.2166977
COL,2016,72.7216,23.574993,0.19032937,1.3342423,2.178836
COL,2017,72.93201,23.595358,0.1930271,1.1377501,2.141858
COL,2018,73.126434,23.613064,0.19571649,0.9590607,2.1057215
COL,2019,73.27192,23.620605,0.19836748,0.8387904,2.0703175
COL,2020,73.41323,23.627792,0.20101017,0.7222962,2.03567
COL,2021,73.719894,23.673922,0.20381674,0.6095445,1.7928214
COL,2022,73.85605,23.681715,0.2064612,0.50039864,1.7553798
COM,2000,,,1.6631794,5.6826243,1.7062691
COM,2001,,,1.6611651,5.8696957,1.6277798
COM,2002,,,2.3876722,6.0574884,1.5491995
COM,2003,,,3.1118612,6.2459955,1.470543
COM,2004,,,3.8337095,6.4352474,1.3917794
COM,2005,,,4.553046,6.6251507,1.3127189
COM,2006,,,5.2697573,6.815322,1.2334106
COM,2007,,,5.983741,7.005358,1.1539046
COM,2008,,,6.6949186,7.1948996,1.0742601
COM,2009,,,7.403195,7.3835373,0.9945152
COM,2010,,,8.108476,7.570834,0.91471153
COM,2011,,,8.810735,7.756472,0.8349154
COM,2012,,,9.5099,7.9400187,0.7551677
COM,2013,,,10.205901,8.121017,0.67551357
COM,2014,,,10.89875,8.299206,0.5960127
COM,2015,,,10.877265,8.395195,0.5955415
COM,2016,,,10.873647,8.382493,0.59500957
COM,2017,,,10.869639,8.3684225,0.59442055
COM,2018,,,10.865244,8.352995,0.5937744
COM,2019,,,10.860412,8.929087,
COG,2000,27.42229,29.733582,9.758035,24.767662,8.318429
COG,2001,27.583084,29.880241,9.765805,24.54528,8.225588
COG,2002,27.781807,30.171553,9.677279,24.236614,8.132748
COG,2003,27.980413,30.460915,9.590776,23.927588,8.04031
COG,2004,29.576395,29.933329,9.757612,22.80979,7.9228735
COG,2005,31.195251,29.38169,9.90635,21.710283,7.806427
COG,2006,32.83666,28.805906,10.037511,20.628958,7.690964
COG,2007,34.500706,28.206106,10.151621,19.565283,7.5762835
COG,2008,36.18792,27.582468,10.249192,18.518066,7.4623528
COG,2009,37.898098,26.934662,10.330715,17.487501,7.3490267
COG,2010,39.631443,26.262465,10.396682,16.473509,7.2359004
COG,2011,41.3869,25.565275,10.447583,15.47687,7.12337
COG,2012,42.42858,25.57899,10.483918,14.497272,7.011239
COG,2013,43.01324,26.046297,10.506186,13.534767,6.899511
COG,2014,43.598522,26.508522,10.514887,12.589692,6.788379
COG,2015,44.184093,26.96549,10.510527,11.662045,6.677846
COG,2016,44.769634,27.417025,10.493607,10.751824,6.5679116
COG,2017,45.354813,27.862947,10.464631,9.859035,6.458575
COG,2018,45.53564,27.871176,10.463477,9.75901,6.370697
COG,2019,45.716465,27.879404,10.462323,9.658987,6.28282
COG,2020,45.896896,27.887615,10.461172,9.559181,6.1951356
COG,2021,46.076538,27.89579,10.460027,9.45981,6.1078367
COK,2000,,,0,0.13602494,0
COK,2001,,,0,0.13004522,0
COK,2002,,,0,0.12406548,0
COK,2003,,,0,0.11808575,0
COK,2004,,,0,0.11210602,0
COK,2005,,,0,0.106126286,0
COK,2006,,,0,0.100146554,0
COK,2007,,,0,0.09416682,0
COK,2008,,,0,0.08818709,0
COK,2009,,,0,0.08220737,0
COK,2010,,,0,0.076227635,0
COK,2011,,,0,0.0702479,0
COK,2012,,,0,0.06426817,0
COK,2013,,,0,0.05828844,0
COK,2014,,,0,0.05230871,0
COK,2015,,,0,0.046328977,0
COK,2016,,,0,0.040349245,0
COK,2017,,,0,0.034369513,0
COK,2018,,,0,0.028389784,0
COK,2019,,,0,0.028389784,0
COK,2020,,,0,0.028389784,0
COK,2021,,,0,0.028389784,0
COK,2022,,,0,0.028389784,0
CRI,2000,76.406235,18.05825,0.2831843,2.2008128,3.051517
CRI,2001,76.75396,18.152905,0.28109598,2.0227585,2.7892828
CRI,2002,77.086716,18.243994,0.27895942,1.8519346,2.5383978
CRI,2003,77.40466,18.331545,0.2767786,1.6882699,2.2987444
CRI,2004,77.70785,18.415533,0.27456304,1.5317625,2.0702925
CRI,2005,77.99628,18.495903,0.27232805,1.3824295,1.8530606
CRI,2006,78.27048,18.572807,0.2700677,1.2400085,1.6466398
CRI,2007,78.530624,18.646255,0.2677923,1.104424,1.4509081
CRI,2008,78.77712,18.716347,0.2655014,0.97548133,1.2655511
CRI,2009,79.010025,18.783007,0.2632197,0.8531876,1.0905619
CRI,2010,79.23004,18.824095,0.28330797,0.7371747,0.9253828
CRI,2011,79.437386,18.860928,0.3044588,0.62736505,0.76985985
CRI,2012,79.63195,18.9282,0.2917484,0.5239253,0.62417567
CRI,2013,79.81455,18.992231,0.27904385,0.4264678,0.48770618
CRI,2014,79.98602,19.053223,0.26635164,0.33458588,0.3598145
CRI,2015,80.14722,19.11139,0.2536737,0.24786077,0.23986074
CRI,2016,80.29888,19.166924,0.24101324,0.16592461,0.12725651
CRI,2017,80.44177,19.219995,0.22837701,0.08070904,0.029148174
CRI,2018,80.52559,19.258827,0.21558216,0,0
CRI,2019,80.52068,19.276846,0.2024715,0,0
CRI,2020,80.516045,19.29449,0.18945947,3.9553497e-06,0
CRI,2021,80.51169,19.30018,0.18812922,1.7621472e-06,0
CRI,2022,80.507576,19.30555,0.18687423,0,0
CIV,2000,23.086655,47.54621,8.422662,15.219619,5.724854
CIV,2001,23.56305,47.19118,8.413466,15.214274,5.6180286
CIV,2002,24.006742,46.86681,8.404627,15.150715,5.571105
CIV,2003,24.08593,46.90454,8.396246,15.067399,5.545885
CIV,2004,24.164871,46.94045,8.388226,14.983521,5.5229335
CIV,2005,24.242922,46.974136,8.38086,14.899549,5.5025315
CIV,2006,24.320509,47.005867,8.373955,14.815168,5.4845004
CIV,2007,24.39763,47.03563,8.367507,14.730383,5.468849
CIV,2008,24.474285,47.063427,8.36152,14.645184,5.455586
CIV,2009,24.55005,47.08901,8.356181,14.559885,5.4448733
CIV,2010,24.625345,47.112617,8.351298,14.474184,5.4365544
CIV,2011,24.700167,47.13425,8.346874,14.38807,5.430639
CIV,2012,28.737572,43.190525,8.343,14.3017025,5.4272027
CIV,2013,31.505682,40.513317,8.339674,14.215079,5.426246
CIV,2014,33.25078,38.856358,8.336893,14.128201,5.4277697
CIV,2015,35.010746,37.18449,8.333856,14.039663,5.4312434
CIV,2016,36.785477,35.497128,8.330759,13.949778,5.436859
CIV,2017,38.575466,33.794003,8.327531,13.858377,5.4446254
CIV,2018,40.381012,32.07473,8.324191,13.765452,5.454613
CIV,2019,42.151546,30.389513,8.320843,13.671159,5.46694
CIV,2020,43.64164,28.983704,8.317502,13.575485,5.481668
CIV,2021,43.766457,28.97181,8.284448,13.423149,5.554136
CIV,2022,43.892155,28.95877,8.2505245,13.364739,5.53381
HRV,2000,85.11641,13.533001,0,0.95007235,0.4005192
HRV,2001,85.168945,13.48667,0,0.9457025,0.3986788
HRV,2002,85.21019,13.450296,0,0.9422778,0.397234
HRV,2003,85.25168,13.413708,0,0.9388303,0.3957806
HRV,2004,85.29293,13.377336,0,0.93540174,0.3943358
HRV,2005,85.33417,13.340962,0,0.931976,0.392891
HRV,2006,85.37542,13.304589,0,0.9285454,0.39144617
HRV,2007,85.416664,13.268217,0,0.92512,0.39000142
CUB,2000,,,3.011356,4.527487,0.73956084
CUB,2001,,,3.0115848,4.3947988,0.71217203
CUB,2002,,,3.0116992,4.264851,0.68509513
CUB,2003,,,3.0146623,4.1445374,0.65969694
CUB,2004,,,3.0205636,4.032753,0.6358593
CUB,2005,,,3.024243,3.922093,0.61215025
CUB,2006,,,3.027764,3.812436,0.5885491
CUB,2007,,,3.0311298,3.703778,0.56505567
CUB,2008,,,3.0343428,3.5961392,0.54167
CUB,2009,,,3.0374486,3.4895766,0.5184095
CUB,2010,,,3.0404074,3.384002,0.49525565
CUB,2011,,,3.043222,3.2794387,0.4722084
CUB,2012,,,3.0458958,3.1758626,0.44926783
CUB,2013,,,3.050213,3.0756333,0.42712253
CUB,2014,,,3.054779,2.9764454,0.40520334
CUB,2015,,,3.0590835,2.8775823,0.38330975
CUB,2016,,,3.063202,2.7791414,0.36146992
CUB,2017,,,3.066637,2.6806781,0.33950502
CUB,2018,,,3.0694222,2.582418,0.31743768
CUB,2019,,,3.0716257,2.48459,0.29530197
CUB,2020,,,3.0732477,2.3873656,0.2731078
CUB,2021,,,2.9005573,2.290966,0.2508778
CUB,2022,,,2.9230316,2.174513,0.24975133
CUW,2000,,,0,1.3147912,0
CUW,2001,,,0,1.252288,0
CUW,2002,,,0,1.1897846,0
CUW,2003,,,0,1.1272813,0
CUW,2004,,,0,1.064778,0
CUW,2005,,,0,1.0022746,0
CUW,2006,,,0,0.93977135,0
CUW,2007,,,0,0.8772681,0
CUW,2008,,,0,0.81476474,0
CUW,2009,,,0,0.7522614,0
CUW,2010,,,0,0.6897581,0
CUW,2011,,,0,0.6272548,0
CUW,2012,,,0,0.56475145,0
CUW,2013,,,0,0.50224817,0
CUW,2014,,,0,0.50224817,0
CUW,2015,,,0,0.50224817,0
CUW,2016,,,0,0.50224817,0
CUW,2017,,,0,0.50224817,0
CYP,2000,95.85307,4.0363173,0,0.07287025,0.0377407
CYP,2001,95.853004,4.0363145,0,0.07295744,0.037723005
CYP,2002,95.85304,4.036316,0,0.07290601,0.037733972
CYP,2003,95.84554,4.0360003,0,0.08070263,0.03775459
CYP,2004,96.10549,3.7682455,0,0.08848548,0.037775505
CYP,2005,96.36541,3.500533,0,0.09626003,0.037796274
CYP,2006,96.6253,3.2328627,0,0.10402361,0.037817188
CYP,2007,96.885155,2.9652343,0,0.11177366,0.037838098
CYP,2008,97.14498,2.697648,0,0.11951215,0.03785901
CYP,2009,97.404785,2.4301035,0,0.1272339,0.037880074
CYP,2010,97.66455,2.1626008,0,0.13495041,0.037901133
CYP,2011,97.924286,1.8951395,0,0.14265525,0.037922338
CYP,2012,98.184,1.62772,0,0.15033981,0.037943546
CYP,2013,98.44366,1.3603415,0,0.15804341,0.03796168
CYP,2014,98.70326,1.0930043,0,0.16575931,0.03797718
CYP,2015,98.962814,0.8257085,0,0.17348774,0.037989613
CYP,2016,99.222305,0.558454,0,0.18124166,0.03799912
CYP,2017,99.48174,0.291241,0,0.18900767,0.038005702
CYP,2018,99.74111,0.024069633,0,0.19680706,0.038009502
CYP,2019,99.76519,0,0,0.1967974,0.038010236
CYP,2020,99.765175,0,0,0.19681995,0.038007893
CYP,2021,99.76513,0,0,0.19686475,0.038002774
CYP,2022,99.76506,0,0,0.19694254,0.03799473
CZE,2000,96.32186,3.4842644,0,0.14208414,0.0517916
CZE,2001,96.317924,3.4879062,0,0.14245793,0.051713903
CZE,2002,96.43583,3.3755653,0,0.13693897,0.0516663
CZE,2003,96.55407,3.262906,0,0.13140516,0.051618002
CZE,2004,96.67268,3.1498957,0,0.12584935,0.0515697
CZE,2005,96.791664,3.0365336,0,0.12027812,0.0515214
CZE,2006,96.91102,2.92282,0,0.11468615,0.0514731
CZE,2007,97.03072,2.8087735,0,0.10907714,0.051424097
CZE,2008,97.150826,2.6943538,0,0.10344375,0.051375803
CZE,2009,97.271286,2.579596,0,0.097792275,0.0513268
CZE,2010,97.39213,2.4644694,0,0.09212353,0.0512785
CZE,2011,97.513336,2.3489995,0,0.08643391,0.051229503
CZE,2012,97.635574,2.232609,0,0.08057984,0.0512379
CZE,2013,97.758224,2.1158838,0,0.074587256,0.051303
CZE,2014,97.88044,1.9995694,0,0.06861871,0.0513688
CZE,2015,97.88072,1.9993706,0,0.06847019,0.051433902
CZE,2016,97.881004,1.9991715,0,0.0683286,0.051499
CZE,2017,97.88132,1.9989469,0,0.06816706,0.0515725
CZE,2018,97.88166,1.9986966,0,0.06798715,0.0516544
CZE,2019,97.88205,1.9984206,0,0.0677864,0.0517447
CZE,2020,97.88247,1.998121,0,0.06756904,0.0518427
CZE,2021,97.88293,1.9977938,0,0.067330904,0.0519498
CZE,2022,97.883415,1.997445,0,0.06707947,0.052063897
COD,2000,12.212327,25.347603,7.4481506,37.46487,17.52705
COD,2001,12.213238,25.31704,8.0608,37.382942,17.025982
COD,2002,12.208661,25.28293,8.685777,37.294548,16.528084
COD,2003,12.198471,25.245363,9.323138,37.199635,16.033394
COD,2004,12.182533,25.204428,9.972943,37.09815,15.541949
COD,2005,12.161947,25.16098,10.635433,36.98863,15.05301
COD,2006,12.137133,25.115522,11.310819,36.870243,14.566284
COD,2007,12.107874,25.068182,11.999235,36.74283,14.08188
COD,2008,12.073361,25.018702,12.700701,36.606964,13.600272
COD,2009,12.033979,24.967598,13.415454,36.46178,13.121188
COD,2010,11.988931,24.91461,14.143497,36.307873,12.64509
COD,2011,11.938573,24.860268,14.885085,36.144356,12.1717205
COD,2012,11.882121,24.804306,15.640205,35.971848,11.701521
COD,2013,11.819369,24.746857,16.408972,35.790226,11.234579
COD,2014,11.750372,24.688263,17.191584,35.59896,10.77082
COD,2015,11.674641,24.628456,17.98808,35.398327,10.310497
COD,2016,11.591958,24.567575,18.798573,35.1882,9.853694
COD,2017,11.501857,24.505543,19.623083,34.968876,9.400643
COD,2018,11.404374,24.44271,20.461815,34.739826,8.951276
COD,2019,11.299047,24.37901,21.314781,34.501347,8.505815
COD,2020,11.185666,24.314571,22.182081,34.25335,8.064332
COD,2021,11.383714,23.929384,23.06371,33.638054,7.98514
COD,2022,11.584335,23.53223,23.959751,33.0184,7.9052835
DNK,2000,94.021545,5.9784546,0,5.942769e-07,0
DNK,2001,94.021545,5.9784546,0,2.6414514e-07,0
DNK,2002,94.021545,5.9784546,0,0,0
DNK,2003,94.021545,5.9784546,0,2.6240223e-06,0
DNK,2004,94.41845,5.5815496,0,1.1540764e-06,0
DNK,2005,94.81535,5.184644,0,2.4610258e-06,0
DNK,2006,95.212265,4.787736,0,0,0
DNK,2007,95.60917,4.390831,0,0,0
DNK,2008,96.00607,3.993925,0,0,0
DNK,2009,96.40297,3.5970237,0,3.940565e-06,0
DNK,2010,96.79988,3.2001185,0,2.2167217e-06,0
DNK,2011,97.196785,2.8032134,0,1.5762261e-07,0
DNK,2012,97.59369,2.4063082,0,4.6378777e-06,0
DNK,2013,97.99059,2.009403,0,3.0813862e-06,0
DNK,2014,98.3875,1.6124979,0,1.8924112e-06,0
DNK,2015,98.78441,1.2155904,0,0,0
DNK,2016,99.18131,0.8186877,0,3.3026333e-06,0
DNK,2017,99.57822,0.42178252,0,5.9574674e-08,0
DNK,2018,99.91883,0.08116887,0,0,0
DNK,2019,99.91883,0.08116965,0,0,0
DNK,2020,99.91882,0.081172645,0,3.2939643e-06,0
DNK,2021,99.91883,0.081172645,0,1.6681285e-07,0
DNK,2022,99.91883,0.081170805,0,0,0
DJI,2000,,,14.814176,8.772714,0.9649449
DJI,2001,,,14.809041,8.686102,1.0417664
DJI,2002,,,14.804014,8.599286,1.1182317
DJI,2003,,,14.799093,8.512281,1.194341
DJI,2004,,,14.794279,8.425072,1.2700943
DJI,2005,,,14.789552,8.337949,1.3455349
DJI,2006,,,14.784948,8.25035,1.4205803
DJI,2007,,,14.780452,8.162559,1.4952692
DJI,2008,,,14.776061,8.074568,1.5696023
DJI,2009,,,14.771754,7.9866633,1.6436383
DJI,2010,,,14.767793,7.895703,1.7166975
DJI,2011,,,14.764212,7.8016253,1.7886645
DJI,2012,,,14.761019,7.7046566,1.8594933
DJI,2013,,,14.758273,7.6044426,1.929005
DJI,2014,,,14.755952,7.501509,1.9972402
DJI,2015,,,14.754171,7.394923,2.0638597
DJI,2016,,,14.752878,7.285498,2.1289935
DJI,2017,,,14.752132,7.1728864,2.1924589
DJI,2018,,,14.751965,7.0570335,2.2541518
DJI,2019,,,14.752405,6.9378815,2.313967
DJI,2020,,,14.757482,6.8929825,2.2996132
DJI,2021,,,14.7628355,6.84564,2.2844777
DJI,2022,,,14.768464,6.795858,2.2685611
DMA,2000,,,0,6.168581,0
DMA,2001,,,0,6.046332,0
DMA,2002,,,0,5.924083,0
DMA,2003,,,0,5.801834,0
DMA,2004,,,0,5.679585,0
DMA,2005,,,0,5.557336,0
DMA,2006,,,0,5.435087,0
DMA,2007,,,0,5.312838,0
DMA,2008,,,0,5.190589,0
DMA,2009,,,0,5.06834,0
DMA,2010,,,0,4.946091,0
DMA,2011,,,0,4.823842,0
DMA,2012,,,0,4.701593,0
DMA,2013,,,0,4.579344,0
DMA,2014,,,0,4.579344,0
DMA,2015,,,0,4.579344,0
DMA,2016,,,0,4.579344,0
DMA,2017,,,0,4.579344,0
DOM,2000,41.959072,48.8334,4.1304555,3.2688575,1.8082148
DOM,2001,42.08168,49.03615,3.9230611,3.131491,1.8276154
DOM,2002,42.202534,49.233112,3.7201867,2.99875,1.8454168
DOM,2003,42.37859,49.429195,3.4990425,2.851924,1.8412485
DOM,2004,42.574596,49.617558,3.2764015,2.705106,1.8263369
DOM,2005,42.764915,49.795586,3.0628269,2.5669448,1.809727
DOM,2006,42.95012,49.96358,2.8579204,2.437058,1.7913237
DOM,2007,43.129864,50.121826,2.6616173,2.3153164,1.7713758
DOM,2008,43.304207,50.270622,2.473701,2.201485,1.749987
DOM,2009,43.47218,50.41036,2.2942345,2.0955348,1.7276924
DOM,2010,43.63474,50.54133,2.1227016,1.9969919,1.7042382
DOM,2011,43.778534,50.665894,1.961988,1.9078958,1.6856906
DOM,2012,43.908596,50.784718,1.8099225,1.8264208,1.670344
DOM,2013,44.033993,50.897007,1.6639954,1.7506205,1.6543856
DOM,2014,44.15502,51.002983,1.5239495,1.6802514,1.6377932
DOM,2015,44.271854,51.10289,1.3895664,1.6150907,1.6205959
DOM,2016,44.384415,51.197037,1.2606679,1.5549375,1.6029426
DOM,2017,44.49238,51.285812,1.1370847,1.499616,1.5851119
DOM,2018,44.59396,51.37024,1.018715,1.4489145,1.5681694
DOM,2019,44.68936,51.450752,0.9051833,1.4025009,1.5522016
DOM,2020,44.778786,51.527794,0.7961239,1.3600059,1.5372908
DOM,2021,44.86266,51.841957,0.450871,1.3211354,1.5233792
DOM,2022,44.941177,51.813347,0.44937757,1.285565,1.5105331
TLS,2002,,,5.469055,36.736935,7.1701584
TLS,2003,,,5.632884,35.253696,6.9669466
TLS,2004,,,5.795127,33.77322,6.764042
TLS,2005,,,5.957751,32.30324,6.5637856
TLS,2006,,,6.118961,30.83594,6.3638554
TLS,2007,,,6.2787437,29.371346,6.1642537
TLS,2008,,,6.436975,27.909117,5.9648705
TLS,2009,,,6.0811787,26.449673,5.765826
TLS,2010,,,5.6999226,24.993034,5.5671263
TLS,2011,,,5.293499,23.538898,5.368662
TLS,2012,,,4.8624015,22.087643,5.1705527
TLS,2013,,,4.407022,20.639301,4.972802
TLS,2014,,,3.9277277,19.193737,4.77536
TLS,2015,,,3.4249358,17.751,4.5782337
TLS,2016,,,2.89907,16.311132,4.3814273
TLS,2017,,,2.3505716,14.874309,4.1850004
TLS,2018,,,1.779848,13.440293,3.9888535
TLS,2019,,,1.8135701,12.009269,3.7930455
TLS,2020,,,1.8470953,10.58115,3.5975327
TLS,2021,,,1.8804303,9.156234,3.4024217
TLS,2022,,,1.9115709,7.833554,3.2362392
,2000,56.993385,23.961555,4.1343136,10.111808,4.798937
,2001,57.101643,24.149,4.1574817,9.902837,4.6890383
,2002,57.146393,24.356781,4.187395,9.718715,4.5907173
,2003,57.232254,24.54574,4.2442102,9.487862,4.489933
,2004,57.413765,24.726927,4.3035417,9.201873,4.353894
,2005,57.760254,24.647154,4.5648675,8.866274,4.1614537
,2006,58.166973,24.666615,4.6795783,8.527648,3.959185
,2007,58.618755,24.678865,4.7806406,8.172184,3.7495556
,2008,59.046364,24.741236,4.8734713,7.804668,3.5342624
,2009,59.619324,24.625141,4.96053,7.4579377,3.3370676
,2010,60.189545,24.51662,5.0495434,7.1065216,3.1377697
,2011,60.72212,24.427082,5.140571,6.76469,2.945538
,2012,61.236454,24.339594,5.223142,6.4376554,2.7631533
,2013,61.765823,24.243235,5.3026133,6.1110725,2.5772545
,2014,62.346542,24.095871,5.3828306,5.7826953,2.3920608
,2015,63.018814,24.240461,5.2570376,5.3330817,2.1506033
,2016,63.684322,23.995932,5.3433714,5.0091085,1.9672662
,2017,64.30409,23.78646,5.4348407,4.6850085,1.7895973
,2018,64.90857,23.649492,5.4755826,4.3558583,1.6104953
,2019,65.48176,23.48792,5.565893,4.032988,1.4314418
,2020,65.989204,23.364285,5.6583714,3.7283194,1.2598233
,2021,66.47345,23.229849,5.755166,3.422152,1.1193843
,2022,66.86215,23.075043,5.8011203,3.2604184,1.0012658
,2000,67.82883,12.365343,0.92586064,15.6539,3.2260659
,2001,68.328445,12.309925,0.91613156,15.303527,3.1419728
,2002,69.58633,12.403833,0.9286042,14.07758,3.0036578
,2003,70.346664,12.5871105,0.9464063,13.202081,2.9177375
,2004,71.08743,12.767434,0.9639835,12.349821,2.8313293
,2005,71.81441,12.935933,0.98148537,11.611116,2.6570544
,2006,72.51334,13.102065,0.99913013,10.897489,2.4879746
,2007,73.19482,13.262306,1.0155758,10.207565,2.3197374
,2008,73.85641,13.421519,1.0304221,9.493621,2.1980324
,2009,74.50017,13.576166,1.043812,8.844809,2.0350425
,2010,75.12278,13.728106,1.056309,8.216171,1.8766359
,2011,70.37299,19.22097,1.0677328,7.614453,1.7238469
,2012,71.20335,19.108982,1.0778973,7.034321,1.5754559
,2013,72.02808,18.981262,1.0866468,6.479275,1.424733
,2014,72.845795,18.839901,1.0938951,5.93482,1.2855871
,2015,73.654,18.687151,1.0996865,5.408897,1.1502644
,2016,74.450905,18.525223,1.103234,4.9018574,1.0187806
,2017,75.23881,18.348549,1.1060398,4.41561,0.89099044
,2018,76.00902,18.179832,1.0915067,3.9543276,0.76531297
,2019,76.761765,18.007236,1.0832502,3.5027492,0.6450006
,2020,77.47743,17.8333,1.0802284,3.0509634,0.55807453
,2021,78.14778,17.83931,0.9213869,2.5656974,0.5258284
,2022,78.50708,18.209843,0.67221725,2.1107922,0.50007194
ECU,2000,58.20305,24.104324,0.92614275,8.695771,8.070714
ECU,2001,58.758022,24.281752,0.93048996,8.057082,7.9726524
ECU,2002,59.26656,24.51877,0.88252467,7.4220533,7.9100914
ECU,2003,59.74421,24.760763,0.83473366,7.1011214,7.5591726
ECU,2004,60.221443,25.00284,0.7861123,6.7782617,7.211343
ECU,2005,60.698006,25.245045,0.7366753,6.453498,6.866774
ECU,2006,61.173904,25.487375,0.6864294,6.1268473,6.5254426
ECU,2007,61.64964,25.729723,0.6353677,5.798259,6.1870112
ECU,2008,62.124714,25.972189,0.58351135,5.467786,5.851802
ECU,2009,62.599125,26.214766,0.53086704,5.135451,5.5197916
ECU,2010,63.073124,26.457397,0.47743523,4.801219,5.190822
ECU,2011,63.538517,26.702188,0.42340755,4.4667115,4.869177
ECU,2012,63.9978,26.948715,0.36870363,4.1319065,4.552877
ECU,2013,64.456795,27.195534,0.3131903,3.7957692,4.2387147
ECU,2014,64.91525,27.442713,0.25687706,3.458363,3.9267914
ECU,2015,65.37367,27.690107,0.19976018,3.119563,3.6168952
ECU,2016,65.83156,27.937853,0.14185293,2.77951,3.3092225
ECU,2017,66.181175,28.131966,0.100400515,2.6647046,2.9217572
ECU,2018,66.3947,28.267567,0.06843531,2.6456015,2.6236975
ECU,2019,66.609856,28.401367,0.036103725,2.6255517,2.32712
ECU,2020,66.82667,28.5331,0.003451464,2.6044843,2.0322995
ECU,2021,67.0449,28.633097,0,2.5824087,1.7395918
ECU,2022,67.08951,28.61383,0,2.5672665,1.7293904
EGY,2000,,,0.6539358,1.0577167,0.045477767
EGY,2001,,,0.6290532,1.0534252,0.043881904
EGY,2002,,,0.604191,1.0491678,0.042288654
EGY,2003,,,0.5793494,1.044931,0.040698018
EGY,2004,,,0.55452836,1.0407184,0.039109997
EGY,2005,,,0.5297279,1.0365272,0.037524592
EGY,2006,,,0.50494796,1.0323669,0.0359418
EGY,2007,,,0.48040605,1.0286512,0.034385648
EGY,2008,,,0.45598492,1.0251783,0.03284373
EGY,2009,,,0.43153977,1.0216882,0.031300146
EGY,2010,,,0.40708023,1.0181988,0.029755982
EGY,2011,,,0.38259727,1.0146884,0.02821021
EGY,2012,,,0.3582281,1.0114762,0.026678903
EGY,2013,,,0.33381537,1.0082263,0.02514411
EGY,2014,,,0.30936643,1.0049493,0.023606695
EGY,2015,,,0.28487742,1.0016447,0.022066213
EGY,2016,,,0.2603457,0.9983087,0.02052233
EGY,2017,,,0.23571557,0.9947431,0.018967582
EGY,2018,,,0.23574771,0.99098057,0.017404186
EGY,2019,,,0.23571861,0.98703206,0.015834108
EGY,2020,,,0.2356282,0.9829224,0.014259654
EGY,2021,,,0.23544893,0.9823998,0.014242523
EGY,2022,,,0.23521064,0.9817117,0.014219754
SLV,2000,,,6.6344857,8.944759,5.7847285
SLV,2001,,,6.583382,8.865627,5.7152753
SLV,2002,,,6.2007685,8.289837,5.480865
SLV,2003,,,5.8097343,7.7235017,5.2509775
SLV,2004,,,5.4105735,7.1663203,5.02535
SLV,2005,,,5.0040693,6.6187034,4.8044133
SLV,2006,,,4.5904274,6.0802183,4.5877914
SLV,2007,,,4.166745,5.5461273,4.3703055
SLV,2008,,,3.7176435,4.9946055,4.1257925
SLV,2009,,,3.2674618,4.458926,3.8892775
SLV,2010,,,2.8166964,3.9386728,3.660439
SLV,2011,,,2.3659184,3.4335186,3.4390762
SLV,2012,,,1.9158187,2.9433627,3.2252557
SLV,2013,,,1.4670178,2.4680068,3.019012
SLV,2014,,,1.019965,2.0070612,2.8200452
SLV,2015,,,0.5751941,1.5602849,2.6283026
SLV,2016,,,0.22034328,1.1276358,2.4445448
SLV,2017,,,0.2178567,0.70851314,2.2686174
SLV,2018,,,0.2153928,0.30224368,2.1001525
SLV,2019,,,0.21195282,0.036745574,1.9309535
SLV,2020,,,0.20750684,4.562556e-06,1.7619797
SLV,2021,,,0.2031791,3.990283e-06,1.6023486
SLV,2022,,,0.19898207,0,1.2078594
GNQ,2000,,,2.3113272,15.055192,31.535337
GNQ,2001,,,2.345164,16.646246,29.218147
GNQ,2002,,,2.3816853,18.112797,26.963522
GNQ,2003,,,2.420775,19.454132,24.774675
GNQ,2004,,,2.4624014,20.67097,22.6516
GNQ,2005,,,2.5063682,21.76412,20.59779
GNQ,2006,,,2.5526814,22.735538,18.611202
GNQ,2007,,,2.6011987,23.58734,16.692894
GNQ,2008,,,2.6518316,24.322098,14.842275
GNQ,2009,,,2.7043705,24.94351,13.060326
GNQ,2010,,,2.7587616,25.45483,11.345043
GNQ,2011,,,2.8148715,25.860031,9.695487
GNQ,2012,,,2.872578,26.163256,8.110278
GNQ,2013,,,2.9109275,26.631767,6.7857914
GNQ,2014,,,2.9229977,26.479437,6.6710906
GNQ,2015,,,2.9349337,26.328802,6.5576653
GNQ,2016,,,2.9466233,26.181274,6.4465823
GNQ,2017,,,2.9579995,26.037703,6.3384786
ERI,2000,,,21.851393,27.802635,3.5317588
ERI,2001,,,21.501993,26.49229,4.88529
ERI,2002,,,21.152964,25.201733,6.2043786
ERI,2003,,,20.804626,23.932053,7.4881
ERI,2004,,,20.4571,22.683998,8.735484
ERI,2005,,,20.110888,21.458866,9.945838
ERI,2006,,,19.76571,20.256804,11.117993
ERI,2007,,,19.42225,19.079288,12.251508
ERI,2008,,,19.080046,17.926252,13.344999
ERI,2009,,,18.815834,16.887535,14.48631
ERI,2010,,,18.553392,15.865003,15.604225
ERI,2011,,,18.29258,14.858685,16.698208
ERI,2012,,,18.03361,13.869029,17.768188
ERI,2013,,,17.925722,13.765457,17.603691
ERI,2014,,,17.817122,13.6612015,17.43811
ERI,2015,,,17.707632,13.556102,17.271173
ERI,2016,,,17.597254,13.450147,17.102882
EST,2000,91.68188,5.680276,0,2.6378448,0
EST,2001,92.00879,5.514383,0,2.476827,0
EST,2002,92.339775,5.3455157,0,2.3147104,0
EST,2003,92.67468,5.1737647,0,2.1515498,0
EST,2004,93.01373,4.998987,0,1.9872816,0
EST,2005,93.35693,4.8211603,0,1.8219088,0
EST,2006,93.70418,4.640359,0,1.6554633,0
EST,2007,94.05564,4.4564557,0,1.4879036,0
EST,2008,94.41134,4.2694273,0,1.3192316,0
EST,2009,94.77131,4.0792522,0,1.149442,0
EST,2010,95.13546,3.8859844,0,0.9785585,0
EST,2011,95.50393,3.6895146,0,0.8065525,0
EST,2012,95.8874,3.4807632,0,0.6318368,0
EST,2013,96.281944,3.2618494,0,0.4562083,0
EST,2014,96.67542,3.0427077,0,0.2818728,0
EST,2015,96.8461,3.0450904,0,0.10881292,0
EST,2016,96.877945,3.037296,0,0.08476082,0
EST,2017,96.91005,3.0291002,0,0.060851675,0
EST,2018,96.94275,3.0204089,0,0.036840625,0
EST,2019,96.97601,3.011277,0,0.012712691,0
EST,2020,96.99839,3.0016093,0,2.2771503e-06,0
EST,2021,97.00867,2.991335,0,8.452217e-07,0
EST,2022,97.01939,2.9806173,0,0,0
SWZ,2000,,,4.764501,15.240481,26.584446
SWZ,2001,,,4.9941597,14.908775,25.839567
SWZ,2002,,,5.23116,14.576525,25.092474
SWZ,2003,,,5.475528,14.243734,24.343191
SWZ,2004,,,5.7273893,13.910635,23.592245
SWZ,2005,,,5.986625,13.576883,22.83888
SWZ,2006,,,6.253367,13.242709,22.083614
SWZ,2007,,,6.5246034,12.902902,21.315722
SWZ,2008,,,6.782422,12.530332,20.481062
SWZ,2009,,,7.044629,12.158362,19.649399
SWZ,2010,,,7.3111506,11.786993,18.820753
SWZ,2011,,,7.581829,11.416127,17.99495
SWZ,2012,,,7.863007,11.0532875,17.185978
SWZ,2013,,,8.148976,10.690832,16.379036
SWZ,2014,,,8.439778,10.328867,15.574323
SWZ,2015,,,8.73527,9.967294,14.771669
SWZ,2016,,,9.034632,9.605448,13.969968
SWZ,2017,,,9.184983,9.243459,13.169551
SWZ,2018,,,9.333716,8.881264,12.370429
SWZ,2019,,,9.480777,8.5189085,11.57278
SWZ,2020,,,9.626115,8.15643,10.776781
SWZ,2021,,,9.769677,7.793866,9.982613
SWZ,2022,,,9.911291,7.4311733,9.190333
ETH,2000,5.043846,13.638456,6.8158116,42.612415,31.88947
ETH,2001,5.427535,14.804506,7.7743096,41.39464,30.599009
ETH,2002,5.5934367,16.177895,8.737221,40.179287,29.31216
ETH,2003,5.7762012,17.521963,9.704227,38.967674,28.029934
ETH,2004,5.9760747,18.837107,10.675273,37.75945,26.752096
ETH,2005,6.1929464,20.123419,11.650236,36.554676,25.478724
ETH,2006,6.427057,21.381237,12.629001,35.35306,24.209644
ETH,2007,6.683617,22.61409,13.611407,34.149414,22.941473
ETH,2008,7.01884,23.856373,14.594931,32.89008,21.639778
ETH,2009,7.3716764,25.066704,15.577373,31.637291,20.346956
ETH,2010,7.7429366,26.245815,16.558302,30.390293,19.062653
ETH,2011,8.131654,27.393396,17.537382,29.149986,17.787582
ETH,2012,8.538261,28.509935,18.514132,27.915998,16.521673
ETH,2013,8.955855,29.592373,19.489431,26.69409,15.2682495
ETH,2014,9.390485,30.64418,20.462046,25.478954,14.024336
ETH,2015,9.841515,31.66534,21.431654,24.271118,12.790373
ETH,2016,10.308997,32.656162,22.397772,23.070559,11.566512
ETH,2017,10.791947,33.61655,23.360216,21.878014,10.3532715
ETH,2018,11.291076,34.547085,24.318245,20.692987,9.150606
ETH,2019,11.806052,35.447926,25.27139,19.515768,7.9588623
ETH,2020,12.336204,36.319145,26.219336,18.346863,6.7784534
ETH,2021,12.881514,37.16105,27.161474,17.186329,5.6096334
ETH,2022,13.237898,38.275063,27.999598,16.03465,4.452791
,2000,86.39969,10.312574,0.7674283,1.691497,0.82881004
,2001,86.534706,10.229927,0.7607692,1.6623704,0.81222534
,2002,86.733086,10.113382,0.7560843,1.604863,0.7925828
,2003,86.94086,9.988392,0.75263244,1.5463016,0.77181995
,2004,87.32671,9.657591,0.77697366,1.488393,0.75033104
,2005,88.22965,8.921605,0.7673708,1.3728508,0.70852
,2006,88.62684,8.583893,0.7847158,1.3187438,0.68580645
,2007,89.024704,8.248223,0.79940367,1.264638,0.6630319
,2008,89.44575,7.8910966,0.8169833,1.3275673,0.51860523
,2009,89.82824,7.5702896,0.83041286,1.2714322,0.49962693
,2010,90.17686,7.25123,0.8443112,1.2472098,0.48039153
,2011,90.518196,6.938909,0.85821575,1.2234522,0.46122745
,2012,90.82399,6.660462,0.8723092,1.2011136,0.44212523
,2013,91.11735,6.4079146,0.87169397,1.1806924,0.42234787
,2014,91.279366,6.2714376,0.88476604,1.1620666,0.40236387
,2015,91.43394,6.168269,0.87195027,1.143916,0.3819276
,2016,91.57355,6.0760894,0.86341065,1.1261371,0.36081877
,2017,91.716965,5.981532,0.8539993,1.1084715,0.33902985
,2018,91.8329,5.912361,0.84216684,1.0938827,0.31868652
,2019,91.94839,5.842991,0.8279102,1.0797231,0.30098534
,2020,92.02843,5.7961283,0.8138403,1.0687745,0.29282972
,2021,92.06113,5.7768607,0.79830635,1.0700783,0.293628
,2022,91.947914,5.896573,0.7693859,1.0334064,0.3527188
,2000,91.91202,6.6447554,0.25719354,1.0516179,0.13441466
,2001,91.97775,6.595365,0.2550877,1.0385236,0.13327475
,2002,92.04597,6.554375,0.25410414,1.0132653,0.13229135
,2003,92.114426,6.5121617,0.2547589,0.9875058,0.13114604
,2004,92.37297,6.255937,0.27888417,0.9622426,0.12996684
,2005,92.64133,5.985181,0.27501893,0.98582125,0.11265515
,2006,92.66698,5.964561,0.29389945,0.9628959,0.111669905
,2007,93.48042,5.15799,0.31067473,0.94002825,0.11088634
,2008,93.74727,4.898794,0.33013177,1.0146542,0.009150743
,2009,93.98562,4.66736,0.3451605,0.99001545,0.011848065
,2010,94.235916,4.4211907,0.35967004,0.96868616,0.014535069
,2011,94.48284,4.1782885,0.37403592,0.9476253,0.017207608
,2012,94.7077,3.9560404,0.38846356,0.9279065,0.01988864
,2013,94.9195,3.758019,0.39084607,0.9093501,0.02228176
,2014,94.99574,3.683477,0.40481293,0.8910213,0.024945434
,2015,95.052704,3.6476352,0.3985541,0.8733826,0.027723141
,2016,95.107185,3.6137605,0.39240235,0.8561559,0.03049271
,2017,95.16134,3.5803638,0.38611114,0.8389676,0.033215042
,2018,95.21679,3.546183,0.37955257,0.82208264,0.035393823
,2019,95.271965,3.511082,0.37322885,0.8056972,0.03802896
,2020,95.31243,3.492648,0.3648915,0.789409,0.04062156
,2021,94.21756,4.609747,0.3550622,0.77447987,0.043149114
,2022,94.33307,4.5382247,0.33562937,0.75766927,0.035408523
FLK,2012,,,0,5.5115466,0
FLK,2013,,,0,5.3978324,0
FLK,2014,,,0,5.287168,0
FLK,2015,,,0,5.1799994,0
FLK,2016,,,0,5.076098,0
FLK,2017,,,0,4.9752584,0
FLK,2018,,,0,4.8774724,0
FLK,2019,,,0,4.782746,0
FLK,2020,,,0,4.691073,0
FRO,2000,,,0,0,0
FRO,2001,,,0,0,0
FRO,2002,,,0,0,0
FRO,2003,,,0,0,0
FRO,2004,,,0,0,0
FRO,2005,,,0,0,0
FRO,2006,,,0,0,0
FRO,2007,,,0,0,0
FRO,2008,,,0,0,0
FRO,2009,,,0,0,0
FRO,2010,,,0,0,0
FRO,2011,,,0,0,0
FRO,2012,,,0,0,0
FRO,2013,,,0,0,0
FRO,2014,,,0,0,0
FRO,2015,,,0,0,0
FRO,2016,,,0,0,0
FRO,2017,,,0,0,0
FRO,2018,,,0,0,0
FRO,2019,,,0,0,0
FRO,2020,,,0,0,0
FRO,2021,,,0,0,0
FRO,2022,,,0,0,0
FJI,2000,39.23305,55.584133,0.84497684,1.9818004,2.35604
FJI,2001,39.331947,55.51213,0.841488,1.9745001,2.3399348
FJI,2002,39.43084,55.44013,0.83799917,1.9672021,2.3238297
FJI,2003,39.530018,55.362682,0.83436143,1.9712733,2.3016636
FJI,2004,39.629562,55.285233,0.8307178,1.9750023,2.2794852
FJI,2005,39.728718,55.208324,0.8270949,1.9784459,2.2574172
FJI,2006,39.82823,55.131416,0.82346606,1.9815497,2.235337
FJI,2007,39.92786,55.05469,0.8198404,1.9843231,2.2132854
FJI,2008,40.0519,54.96064,0.81536525,1.984754,2.1873393
FJI,2009,40.181908,54.86263,0.8106898,1.9842839,2.1604898
FJI,2010,40.312313,54.764668,0.80600935,1.9833732,2.133637
FJI,2011,40.44261,54.667126,0.80134165,1.9820594,2.1068618
FJI,2012,40.573307,54.569637,0.79666907,1.9803005,2.0800836
FJI,2013,40.703392,54.472927,0.7920268,1.9781882,2.0534647
FJI,2014,40.83362,54.376453,0.78738856,1.9756578,2.0268834
FJI,2015,40.963993,54.28021,0.7827541,1.9727049,2.0003388
FJI,2016,41.094257,54.18438,0.7781324,1.9693589,1.9738721
FJI,2017,41.22416,54.089146,0.77353215,1.9656409,1.9475234
FJI,2018,41.35395,53.994324,0.7689447,1.9615295,1.9212525
FJI,2019,41.482864,53.90045,0.7643963,1.9571097,1.89518
FJI,2020,41.61065,53.807705,0.7598959,1.9524025,1.8693461
FJI,2021,41.737556,53.715908,0.75543463,1.9473931,1.8437103
FJI,2022,41.863583,53.62505,0.75101244,1.942083,1.8182719
FIN,2000,93.81033,6.1896696,0,0,0
FIN,2001,94.2074,5.792604,0,0,0
FIN,2002,94.60447,5.395534,0,0,0
FIN,2003,95.00154,4.998462,0,0,0
FIN,2004,95.398605,4.6013937,0,0,0
FIN,2005,95.79568,4.2043266,0,0,0
FIN,2006,96.19274,3.807259,0,0,0
FIN,2007,96.58981,3.4101884,0,0,0
FIN,2008,96.98688,3.0131235,0,1.6081985e-06,0
FIN,2009,97.38394,2.616055,0,0,0
FIN,2010,97.78101,2.2189863,0,2.3488756e-06,0
FIN,2011,98.17808,1.8219177,0,8.4277576e-07,0
FIN,2012,98.57516,1.4248456,0,0,0
FIN,2013,98.97222,1.0277791,0,0,0
FIN,2014,99.36929,0.6307095,0,0,0
FIN,2015,99.63062,0.36937395,0,0,0
FIN,2016,99.631874,0.368125,0,3.4387135e-06,0
FIN,2017,99.633125,0.36687136,0,0,0
FIN,2018,99.634544,0.36544994,0,2.2397976e-06,0
FIN,2019,99.636154,0.36384803,0,0,0
FIN,2020,99.637924,0.36207464,0,0,0
FIN,2021,99.6399,0.3600977,0,0,0
FIN,2022,99.64203,0.35797295,0,0,0
FRA,2000,97.35588,2.6441214,0,1.4515571e-06,0
FRA,2001,97.352356,2.647642,0,0,0
FRA,2002,97.34887,2.651126,0,3.065904e-06,0
FRA,2003,97.345406,2.654594,0,4.708826e-07,0
FRA,2004,97.46617,2.5338254,0,0,0
FRA,2005,97.58779,2.4122064,0,0,0
FRA,2006,97.71021,2.2897882,0,0,0
FRA,2007,97.83345,2.166551,0,0,0
FRA,2008,97.95746,2.0425422,0,0,0
FRA,2009,98.08226,1.9177428,0,0,0
FRA,2010,98.20785,1.7921478,0,2.5147303e-06,0
FRA,2011,98.33426,1.6657377,0,6.7204013e-07,0
FRA,2012,98.46149,1.5385079,0,1.5235705e-06,0
FRA,2013,98.589554,1.4104459,0,0,0
FRA,2014,98.718445,1.2815504,0,2.7397843e-06,0
FRA,2015,98.8482,1.151802,0,0,0
FRA,2016,98.97879,1.0212075,0,2.5272773e-06,0
FRA,2017,99.110245,0.8897522,0,0,0
FRA,2018,99.24255,0.7574425,0,5.9555936e-07,0
FRA,2019,99.37574,0.62426203,0,0,0
FRA,2020,99.50978,0.49021682,0,1.9264678e-06,0
FRA,2021,99.64471,0.35529357,0,0,0
FRA,2022,99.70415,0.2958546,0,0,0
GUF,2001,89.106476,3.6523526,0,7.2411723,0
GUF,2002,89.106476,3.6523526,0,7.2411723,0
GUF,2003,89.106476,3.6523526,0,7.2411723,0
GUF,2004,89.106476,3.6523526,0,7.2411723,0
GUF,2005,89.106476,3.6523526,0,7.2411723,0
GUF,2006,89.25436,3.6044693,0,7.141172,0
GUF,2007,89.40235,3.5564744,0,7.041171,0
GUF,2008,89.55046,3.508368,0,6.9411707,0
GUF,2009,89.69868,3.4601498,0,6.84117,0
GUF,2010,89.84701,3.4118202,0,6.741169,0
GUF,2011,89.99545,3.3633788,0,6.6411686,0
GUF,2012,90.144005,3.314826,0,6.5411677,0
GUF,2013,90.29267,3.2661614,0,6.4411674,0
GUF,2014,90.441444,3.2173853,0,6.3411665,0
GUF,2015,90.59034,3.1684976,0,6.241166,0
GUF,2016,90.739334,3.119498,0,6.1411653,0
GUF,2017,90.88845,3.0703871,0,6.0411644,0
GUF,2018,91.037674,3.0211647,0,5.941164,0
GUF,2019,91.187004,2.9718304,0,5.841163,0
GUF,2020,91.33646,2.9223845,0,5.741163,0
GUF,2021,91.48601,2.872827,0,5.641162,0
GUF,2022,91.48601,2.872827,0,5.641162,0
PYF,2000,92.02881,7.971032,0,0.000156825,0
PYF,2001,92.02885,7.9710355,0,0.000115752,0
PYF,2002,92.028885,7.971039,0,7.46787e-05,0
PYF,2003,92.02892,7.971042,0,3.3605415e-05,0
PYF,2004,92.02895,7.9710445,0,0,0
PYF,2005,92.02895,7.9710445,0,0,0
PYF,2006,92.02895,7.9710445,0,0,0
PYF,2007,92.02895,7.9710445,0,0,0
PYF,2008,92.02895,7.9710445,0,0,0
PYF,2009,92.02895,7.9710445,0,0,0
PYF,2010,92.02895,7.9710445,0,0,0
PYF,2011,91.17765,8.822352,0,0,0
PYF,2012,90.32634,9.67366,0,0,0
PYF,2013,89.47503,10.524969,0,0,0
PYF,2014,88.623726,11.376277,0,0,0
PYF,2015,87.772415,12.227585,0,0,0
PYF,2016,86.921104,13.078893,0,0,0
PYF,2017,86.0698,13.930201,0,0,0
PYF,2018,85.21849,14.781508,0,0,0
PYF,2019,84.36718,15.632816,0,0,0
PYF,2020,83.51588,16.484125,0,0,0
PYF,2021,82.664566,17.335432,0,0,0
PYF,2022,81.81326,18.18674,0,0,0
GAB,2000,,,3.7803679,4.542809,11.273459
GAB,2001,,,4.0680857,4.496128,10.625327
GAB,2002,,,4.3570523,4.44828,10.0011835
GAB,2003,,,4.6470733,4.399472,9.40076
GAB,2004,,,4.937964,4.3498473,8.823383
GAB,2005,,,5.2295713,4.2996435,8.268728
GAB,2006,,,5.5217185,4.2487507,7.735427
GAB,2007,,,5.8142815,4.197413,7.223164
GAB,2008,,,6.1070986,4.1455283,6.7306485
GAB,2009,,,6.4001255,4.093558,6.2581744
GAB,2010,,,6.693202,4.04127,5.8041763
GAB,2011,,,6.986271,3.9889092,5.3683248
GAB,2012,,,7.279203,3.9363387,4.9494576
GAB,2013,,,7.572039,3.8840451,4.5477624
GAB,2014,,,7.86503,3.833068,4.1642623
GAB,2015,,,7.87927,3.7837076,3.798287
GAB,2016,,,7.892872,3.7358773,3.4484549
GAB,2017,,,7.905894,3.6894617,3.1134799
GAB,2018,,,7.9184237,3.6444762,2.7923598
GAB,2019,,,7.9305916,3.6010628,2.4843245
GAB,2020,,,7.942375,3.5589428,2.1880767
GAB,2021,,,7.953887,3.5182369,1.902947
GAB,2022,,,7.965185,3.4789362,1.6281127
GMB,2000,21.769,50.338593,10.765497,17.047058,0.07985413
GMB,2001,23.047499,49.7306,10.581317,16.56357,0.077017725
GMB,2002,24.351906,49.09432,10.391611,16.08783,0.07433463
GMB,2003,25.666456,48.43854,10.198734,15.624421,0.0718476
GMB,2004,26.944756,47.790703,10.009678,15.185208,0.06965693
GMB,2005,28.24406,47.119785,9.8160925,14.752468,0.067592144
GMB,2006,29.564318,46.42583,9.618009,14.326189,0.065653004
GMB,2007,30.905478,45.708866,9.415456,13.906362,0.06383923
GMB,2008,32.26797,44.96862,9.208391,13.4928665,0.062149856
GMB,2009,33.649796,44.20638,8.997143,13.086097,0.060587436
GMB,2010,35.05232,43.421284,8.781526,12.68572,0.059149284
GMB,2011,36.47445,42.61408,8.56173,12.291906,0.05783608
GMB,2012,37.917133,41.784145,8.337634,11.904438,0.056646295
GMB,2013,39.377613,40.933407,8.109693,11.523707,0.055581156
GMB,2014,40.855114,40.062477,7.878053,11.149714,0.054639336
GMB,2015,42.348812,39.17205,7.642875,10.782441,0.053819176
GMB,2016,43.857277,38.263275,7.404413,10.421919,0.053118702
GMB,2017,44.661255,38.055595,7.162661,10.067952,0.052535415
GMB,2018,45.281063,38.0286,6.917793,9.720479,0.052066877
GMB,2019,45.89241,38.00661,6.6698933,9.379375,0.05171054
GMB,2020,46.495304,37.98968,6.419047,9.044507,0.051463835
GMB,2021,47.089188,37.978256,6.165438,8.715796,0.051323824
GMB,2022,47.674652,37.971962,5.909052,8.393047,0.05128818
GEO,2000,64.11659,30.44399,0,5.2916985,0.14771663
GEO,2001,64.06283,30.603115,0,5.185605,0.14844759
GEO,2002,64.14716,30.649378,0,5.055006,0.14845018
GEO,2003,64.3997,30.556383,0,4.8965235,0.14740092
GEO,2004,64.65125,30.462826,0,4.747025,0.13889758
GEO,2005,64.90184,30.36871,0,4.5989237,0.13052267
GEO,2006,65.151955,30.27364,0,4.4521317,0.12227316
GEO,2007,65.40159,30.177607,0,4.306659,0.11414901
GEO,2008,65.650246,30.08102,0,4.162578,0.106152475
GEO,2009,65.89795,29.69859,0.28529733,4.019879,0.09828306
GEO,2010,66.14517,29.022057,0.8637456,3.8784852,0.09053838
GEO,2011,66.39143,28.350384,1.4367902,3.7384694,0.082920186
GEO,2012,66.63722,27.683228,2.0043623,3.599764,0.07542639
GEO,2013,66.88157,27.021395,2.5664916,3.462486,0.06805985
GEO,2014,67.12544,26.364172,3.1230636,3.3265088,0.060817067
GEO,2015,67.368355,26.114887,3.2711654,3.1918926,0.053699143
GEO,2016,67.61462,26.108105,3.1724753,3.0581052,0.046697173
GEO,2017,67.8628,26.09849,3.073553,2.9253407,0.039817367
GEO,2018,68.113815,26.085293,2.974294,2.7935367,0.03306094
GEO,2019,68.367195,26.06883,2.8747702,2.6627712,0.026431728
GEO,2020,68.62339,26.048706,2.7749393,2.5330284,0.019932374
GEO,2021,68.88146,25.943756,2.7567842,2.4044333,0.013566521
GEO,2022,69.14185,25.835684,2.738159,2.276969,0.007336639
DEU,2000,99.8429,0.15710066,0,0,0
DEU,2001,99.8429,0.15709801,0,0,0
DEU,2002,99.8429,0.15709537,0,1.4964376e-06,0
DEU,2003,99.84291,0.15709163,0,0,0
DEU,2004,99.84935,0.15064974,0,1.3843313e-06,0
DEU,2005,99.85583,0.14417066,0,0,0
DEU,2006,99.862335,0.13766102,0,0,0
DEU,2007,99.86888,0.13111845,0,0,0
DEU,2008,99.87546,0.12454145,0,1.88537e-06,0
DEU,2009,99.87845,0.1215497,0,0,0
DEU,2010,99.88153,0.11846983,0,1.9213013e-07,0
DEU,2011,99.884705,0.11529451,0,1.285718e-06,0
DEU,2012,99.88772,0.11228396,0,6.7063735e-07,0
DEU,2013,99.89073,0.1092686,0,1.415575e-06,0
DEU,2014,99.89375,0.10624699,0,0,0
DEU,2015,99.896774,0.10322342,0,1.6943711e-06,0
DEU,2016,99.89984,0.10015947,0,0,0
DEU,2017,99.90295,0.09705205,0,1.153564e-06,0
DEU,2018,99.90611,0.09388442,0,0,0
DEU,2019,99.90935,0.09065509,0,4.5100225e-07,0
DEU,2020,99.91265,0.08734979,0,0,0
DEU,2021,99.916046,0.08395725,0,0,0
DEU,2022,99.91641,0.083586656,0,1.4431178e-06,0
GHA,2000,12.096288,53.12222,9.631507,8.344049,16.805939
GHA,2001,12.339795,53.73768,9.753798,8.033009,16.135721
GHA,2002,13.275519,53.856564,9.672258,7.7217207,15.473935
GHA,2003,14.411008,53.776897,9.581277,7.410198,14.8206215
GHA,2004,15.807901,53.437374,9.480728,7.0983944,14.175602
GHA,2005,17.23668,53.06662,9.370456,6.786466,13.539778
GHA,2006,18.698114,52.664707,9.250368,6.4742923,12.912518
GHA,2007,20.191713,52.23197,9.120339,6.161917,12.294059
GHA,2008,21.717302,51.76868,8.980254,5.8493414,11.684421
GHA,2009,23.27362,51.275463,8.830066,5.5366783,11.084173
GHA,2010,24.86189,50.75217,8.669595,5.223778,10.492569
GHA,2011,26.480824,50.19945,8.498812,4.910752,9.910161
GHA,2012,28.129812,49.617783,8.317679,4.597638,9.3370905
GHA,2013,29.807802,49.007805,8.126228,4.284533,8.773632
GHA,2014,31.5145,48.36993,7.9244375,3.9714234,8.219708
GHA,2015,33.2496,47.704556,7.7122855,3.6583223,7.675238
GHA,2016,35.01281,47.012074,7.4897523,3.3452218,7.140143
GHA,2017,36.803406,46.29306,7.256891,3.0321693,6.614474
GHA,2018,38.621067,45.54793,7.0137033,2.7191663,6.098131
GHA,2019,40.46505,44.77729,6.7602773,2.4062533,5.591132
GHA,2020,42.335457,43.981354,6.4965453,2.0933967,5.0932493
GHA,2021,43.598057,43.794212,6.2226133,1.780629,4.6044865
GHA,2022,44.468082,43.899525,5.936889,1.6219747,4.073527
GIB,2000,100,0,0,0,0
GIB,2001,100,0,0,0,0
GIB,2002,100,0,0,0,0
GIB,2003,100,0,0,0,0
GIB,2004,100,0,0,0,0
GIB,2005,100,0,0,0,0
GIB,2006,100,0,0,0,0
GIB,2007,100,0,0,0,0
GIB,2008,100,0,0,0,0
GIB,2009,100,0,0,0,0
GIB,2010,100,0,0,0,0
GIB,2011,100,0,0,0,0
GIB,2012,100,0,0,0,0
GIB,2013,100,0,0,0,0
GIB,2014,100,0,0,0,0
GIB,2015,100,0,0,0,0
GIB,2016,100,0,0,0,0
GIB,2017,100,0,0,0,0
GIB,2018,100,0,0,0,0
GIB,2019,100,0,0,0,0
GIB,2020,100,0,0,0,0
GIB,2021,100,0,0,0,0
GIB,2022,100,0,0,0,0
GRC,2000,99.15239,0.5337702,0,0.3138403,0
GRC,2001,99.218124,0.49202096,0,0.28985673,0
GRC,2002,99.28736,0.44805533,0,0.2645849,0
GRC,2003,99.35515,0.40499526,0,0.23985848,0
GRC,2004,99.42153,0.36280638,0,0.21565983,0
GRC,2005,99.48649,0.321514,0,0.19200046,0
GRC,2006,99.47334,0.3577811,0,0.16887468,0
GRC,2007,99.44517,0.40858603,0,0.14624739,0
GRC,2008,99.41644,0.45941156,0,0.12414253,0
GRC,2009,99.38721,0.510257,0,0.10253505,0
GRC,2010,99.35745,0.5611215,0,0.08142856,0
GRC,2011,99.3272,0.61200464,0,0.060795665,0
GRC,2012,99.29645,0.6629055,0,0.040648986,0
GRC,2013,99.2652,0.71382344,0,0.020979907,0
GRC,2014,99.233475,0.7647578,0,0.001771199,0
GRC,2015,99.18443,0.8155662,0,0,0
GRC,2016,99.13364,0.8663636,0,0,0
GRC,2017,99.08283,0.9171657,0,2.0276118e-06,0
GRC,2018,99.032036,0.9679638,0,3.673611e-08,0
GRC,2019,98.98124,1.018762,0,7.018969e-07,0
GRC,2020,98.93044,1.0695584,0,0,0
GRC,2021,98.87964,1.1203581,0,4.7681137e-06,0
GRC,2022,98.87964,1.1203582,0,5.077951e-07,0
GRL,2000,,,0,0,0
GRL,2001,,,0,0,0
GRL,2002,,,0,0,0
GRL,2003,,,0,0,0
GRL,2004,,,0,0,0
GRL,2005,,,0,0,0
GRL,2006,,,0,0,0
GRL,2007,,,0,0,0
GRL,2008,,,0,0,0
GRL,2009,,,0,0,0
GRL,2010,,,0,0,0
GRL,2011,,,0,0,0
GRL,2012,,,0,0,0
GRL,2013,,,0,0,0
GRL,2014,,,0,0,0
GRL,2015,,,0,0,0
GRL,2016,,,0,0,0
GRL,2017,,,0,0,0
GRL,2018,,,0,0,0
GRL,2019,,,0,0,0
GRL,2020,,,0,0,0
GRL,2021,,,0,0,0
GRL,2022,,,0,0,0
GRD,2000,78.71873,14.588913,1.1332911,5.559071,0
GRD,2001,79.61002,13.929928,1.1361128,5.3239346,0
GRD,2002,80.504776,13.267489,1.1389344,5.088798,0
GRD,2003,81.402985,12.601597,1.141756,4.853661,0
GRD,2004,82.30465,11.932251,1.1445777,4.6185246,0
GRD,2005,83.20976,11.259452,1.1473993,4.083388,0.3
GRD,2006,84.11833,10.583198,1.150221,3.4815848,0.6666667
GRD,2007,85.03035,9.903491,1.1530427,2.8797815,1.0333333
GRD,2008,85.94093,9.225225,1.1558642,2.2779782,1.4
GRD,2009,86.83961,8.5588665,1.1586859,1.6761749,1.7666667
GRD,2010,87.74164,7.889151,1.1615075,1.0743716,2.1333334
GRD,2011,88.64702,7.216081,1.1643292,0.47256833,2.5
GRD,2012,89.44017,6.531215,1.1656444,2.6645353e-15,2.8629668
GRD,2013,89.8113,5.8173485,1.1614816,0,3.209868
GRD,2014,89.91768,5.7109704,1.1614816,0,3.209868
GRD,2015,89.91768,5.7109704,1.1614816,0,3.209868
GRD,2016,89.91768,5.7109704,1.1614816,0,3.209868
GRD,2017,89.91768,5.7109704,1.1614816,0,3.209868
GLP,2001,98.23443,0.9032959,0,0.86227477,0
GLP,2002,98.23443,0.9032959,0,0.86227477,0
GLP,2003,98.23443,0.9032959,0,0.86227477,0
GLP,2004,98.23443,0.9032959,0,0.86227477,0
GLP,2005,98.23443,0.9032959,0,0.86227477,0
GLP,2006,98.28085,0.90372276,0,0.81542426,0
GLP,2007,98.32728,0.9041496,0,0.7685738,0
GLP,2008,98.3737,0.9045765,0,0.7217233,0
GLP,2009,98.42012,0.90500337,0,0.6748728,0
GLP,2010,98.466545,0.90543026,0,0.6280224,0
GLP,2011,98.51297,0.90585715,0,0.5811719,0
GLP,2012,98.559395,0.90628403,0,0.5343214,0
GLP,2013,98.28029,1.2322433,0,0.48747092,0
GLP,2014,98.00087,1.5585091,0,0.44062045,0
GLP,2015,97.721146,1.8850814,0,0.39376998,0
GLP,2016,97.441124,2.2119603,0,0.3469195,0
GLP,2017,97.16078,2.5391455,0,0.30006903,0
GLP,2018,96.88014,2.8666375,0,0.25321856,0
GLP,2019,96.5992,3.1944358,0,0.20636807,0
GLP,2020,96.31794,3.5225408,0,0.1595176,0
GLP,2021,96.03638,3.8509521,0,0.11266713,0
GLP,2022,95.709625,4.1777105,0,0.11266713,0
GUM,2000,98.76647,0.6335268,0,0.6,0
GUM,2001,98.79092,0.6336836,0,0.5754,0
GUM,2002,98.81536,0.6338404,0,0.5508,0
GUM,2003,98.839806,0.63399714,0,0.5262,0
GUM,2004,98.86424,0.63415396,0,0.5016,0
GUM,2005,98.88869,0.6343107,0,0.477,0
GUM,2006,98.91313,0.63446754,0,0.4524,0
GUM,2007,98.93758,0.6346243,0,0.4278,0
GUM,2008,98.96202,0.6347811,0,0.4032,0
GUM,2009,98.986465,0.6349379,0,0.3786,0
GUM,2010,99.0109,0.6350947,0,0.354,0
GUM,2011,99.03535,0.63525146,0,0.3294,0
GUM,2012,99.05979,0.6354083,0,0.3048,0
GUM,2013,99.05979,0.6354083,0,0.3048,0
GUM,2014,99.05979,0.6354083,0,0.3048,0
GUM,2015,99.05979,0.6354083,0,0.3048,0
GUM,2016,99.05979,0.6354083,0,0.3048,0
GUM,2017,99.05979,0.6354083,0,0.3048,0
GUM,2018,99.05979,0.6354083,0,0.3048,0
GUM,2019,99.05979,0.6354083,0,0.3048,0
GUM,2020,99.05979,0.6354083,0,0.3048,0
GUM,2021,99.05979,0.6354083,0,0.3048,0
GUM,2022,99.05979,0.6354083,0,0.3048,0
GTM,2000,46.81889,39.681736,0.46838632,9.655998,3.3749924
GTM,2001,47.29902,39.5971,0.5014465,9.31686,3.2855742
GTM,2002,47.781807,39.506702,0.5345182,8.980118,3.196854
GTM,2003,48.26304,39.411076,0.5676958,8.648061,3.1101317
GTM,2004,48.74406,39.310455,0.6009781,8.319635,3.02487
GTM,2005,49.22722,39.204647,0.63430965,7.9934998,2.9403238
GTM,2006,49.712692,39.093624,0.667678,7.669562,2.8564413
GTM,2007,50.200676,38.97734,0.7010677,7.3477416,2.773175
GTM,2008,50.691185,38.855766,0.73446816,7.028053,2.6905289
GTM,2009,51.183678,38.729073,0.76789516,6.7107167,2.608641
GTM,2010,51.67891,38.59701,0.8013068,6.395446,2.5273285
GTM,2011,52.176327,38.459774,0.83472115,6.082449,2.4467275
GTM,2012,52.67633,38.31721,0.86811,5.7715983,2.3667505
GTM,2013,53.18113,38.168278,0.90133095,5.462306,2.2869534
GTM,2014,53.69085,38.012726,0.93434596,5.1547046,2.2073765
GTM,2015,54.206013,37.85008,0.9670892,4.848836,2.127983
GTM,2016,54.726143,37.680386,0.9995597,4.5449815,2.0489326
GTM,2017,54.98539,37.76955,1.0316893,4.2431836,1.9701885
GTM,2018,55.245712,37.886925,1.0319824,3.9435868,1.8917949
GTM,2019,55.506615,38.00109,1.0320172,3.6464102,1.8138634
GTM,2020,55.768238,38.11186,1.0317742,3.3517344,1.736398
GTM,2021,56.030495,38.219124,1.0312492,3.0596929,1.659439
GTM,2022,56.293304,38.322803,1.030438,2.7704272,1.583026
GIN,2000,,,14.11112,19.164854,16.703838
GIN,2001,,,14.309198,18.681852,16.281263
GIN,2002,,,14.506157,18.198685,15.861169
GIN,2003,,,14.701958,17.715258,15.443353
GIN,2004,,,14.896623,17.23167,15.028056
GIN,2005,,,15.090146,16.747921,14.615295
GIN,2006,,,15.282485,16.263905,14.204882
GIN,2007,,,15.473666,15.779728,13.797042
GIN,2008,,,15.663683,15.295392,13.391791
GIN,2009,,,15.85253,14.810896,12.989143
GIN,2010,,,16.040155,14.326127,12.588932
GIN,2011,,,15.785604,13.841195,12.191364
GIN,2012,,,15.519228,13.356107,11.796452
GIN,2013,,,15.2410555,12.870853,11.404213
GIN,2014,,,14.951107,12.385438,11.014661
GIN,2015,,,14.648532,11.898439,10.625765
GIN,2016,,,14.333182,11.409848,10.237732
GIN,2017,,,14.004909,10.919672,9.850767
GIN,2018,,,13.66357,10.4278965,9.465077
GIN,2019,,,13.309112,9.934633,9.081008
GIN,2020,,,12.941232,9.439654,8.6984825
GIN,2021,,,12.559876,8.943074,8.317852
GIN,2022,,,12.164823,8.444766,7.9391994
GNB,2000,17.774654,37.524975,2.3247557,39.75407,2.6215482
GNB,2001,18.071774,37.68472,2.7852685,38.92474,2.5335
GNB,2002,18.36966,37.829067,3.2591639,38.096115,2.4459956
GNB,2003,18.667349,37.958252,3.7464895,37.268806,2.3591003
GNB,2004,18.964975,38.07244,4.2472606,36.442535,2.2727883
GNB,2005,19.261614,38.17188,4.761499,35.617886,2.1871195
GNB,2006,19.558077,38.256683,5.2892284,34.794,2.1020143
GNB,2007,19.85344,38.327103,5.830467,33.97146,2.0175316
GNB,2008,20.147804,38.383305,6.385246,33.149998,1.9336493
GNB,2009,20.44029,38.42555,6.9535537,32.33019,1.8504199
GNB,2010,20.731943,38.45392,7.5354867,31.510902,1.7677512
GNB,2011,21.021854,38.468674,8.131042,30.692734,1.6856977
GNB,2012,21.310081,38.46999,8.740277,29.875408,1.604243
GNB,2013,21.596054,38.458107,9.363199,29.059223,1.5234154
GNB,2014,21.879799,38.433205,9.999872,28.243925,1.4431999
GNB,2015,22.16104,38.395496,10.650337,27.429522,1.3636041
GNB,2016,22.439222,38.34523,11.314588,26.616306,1.2846534
GNB,2017,22.714085,38.282616,11.99265,25.804296,1.2063532
GNB,2018,22.985617,38.20786,12.684608,24.993225,1.128692
GNB,2019,23.253277,38.121193,13.390442,24.183393,1.0516926
GNB,2020,23.516802,38.022854,14.110181,23.374802,0.9753603
GNB,2021,23.775919,37.913067,14.843853,22.567463,0.89970005
GNB,2022,23.871601,37.90453,14.871792,22.458265,0.8938086
GUY,2000,,,1.8261385,5.000148,4.635424
GUY,2001,,,1.8570503,4.808505,4.4634824
GUY,2002,,,1.8878092,4.6168385,4.2911663
GUY,2003,,,1.9186954,4.42732,4.1249638
GUY,2004,,,1.9491731,4.2383146,3.9594812
GUY,2005,,,1.9791272,4.0492425,3.7929144
GUY,2006,,,2.0085578,3.860088,3.6252227
GUY,2007,,,2.0374658,3.670862,3.4564633
GUY,2008,,,2.06585,3.4815714,3.2866428
GUY,2009,,,2.0937147,3.2921963,3.1157274
GUY,2010,,,2.1210568,3.1027517,2.943768
GUY,2011,,,2.1478758,2.9132376,2.7707708
GUY,2012,,,2.1761446,2.7197871,2.5889204
GUY,2013,,,2.2044508,2.5263307,2.4070702
GUY,2014,,,2.2329473,2.3326523,2.2248094
GUY,2015,,,2.2616742,2.1387577,2.0422552
GUY,2016,,,2.2906933,1.9446456,1.8594655
GUY,2017,,,2.3200727,1.748583,1.6782178
GUY,2018,,,2.3498213,1.5474213,1.5018858
GUY,2019,,,2.3800375,1.3459923,1.3256063
GUY,2020,,,2.4100368,1.1635755,1.1495025
GUY,2021,,,2.4391038,1.0183557,0.9736742
GUY,2022,,,2.468638,0.8734033,0.79822147
HTI,2000,,,6.9572325,20.798449,16.005026
HTI,2001,,,7.078875,21.14237,14.717989
HTI,2002,,,7.199035,21.449451,13.461206
HTI,2003,,,7.3179383,21.720493,12.236777
HTI,2004,,,7.4711866,22.129763,11.141565
HTI,2005,,,7.628846,22.540094,10.078029
HTI,2006,,,7.7867265,22.931602,9.034292
HTI,2007,,,7.944928,23.304916,8.010897
HTI,2008,,,8.103237,23.659088,7.0076895
HTI,2009,,,8.2619705,23.995975,6.0254774
HTI,2010,,,8.420863,24.314377,5.063971
HTI,2011,,,8.57997,24.614803,4.123423
HTI,2012,,,8.739241,24.897203,3.2038977
HTI,2013,,,8.898846,25.162844,2.3056195
HTI,2014,,,9.058574,25.410751,1.4284365
HTI,2015,,,9.218487,25.47784,0.7361876
HTI,2016,,,9.379297,25.524517,0.0731681
HTI,2017,,,9.541279,24.991894,0
HTI,2018,,,9.704368,24.396187,0
HTI,2019,,,9.868558,23.810457,0
HTI,2020,,,9.814544,23.490147,0
HTI,2021,,,9.761736,23.176989,0
HTI,2022,,,9.710134,22.870981,0
,2000,91.99931,6.0699716,0.15478723,1.5760952,0.1998315
,2001,91.98618,6.108985,0.15625596,1.5521936,0.19637944
,2002,92.43053,6.433011,0.14183614,0.90090823,0.093720704
,2003,92.41079,6.4696198,0.14487122,0.883247,0.09147579
,2004,92.41922,6.475417,0.15121783,0.86641157,0.087737024
,2005,92.42654,6.478591,0.13498265,0.8896566,0.07023322
,2006,92.43495,6.489063,0.14004217,0.868165,0.06777742
,2007,94.46927,4.478618,0.14521842,0.8421933,0.064698756
,2008,94.521866,4.450961,0.15285215,0.8136068,0.060717795
,2009,94.57945,4.4187703,0.15610665,0.7873275,0.058343556
,2010,94.671776,4.347397,0.16067354,0.7642606,0.055890948
,2011,94.768364,4.271686,0.16576102,0.74103993,0.053147342
,2012,94.88724,4.174365,0.17013939,0.7178877,0.05037016
,2013,94.999695,4.0835752,0.17421402,0.69505686,0.04746236
,2014,95.1122,3.9952416,0.17745253,0.6716629,0.043448012
,2015,95.20317,4.1430154,0.06159351,0.5822504,0.009972163
,2016,95.28829,4.0722585,0.062465236,0.5674794,0.009503883
,2017,95.36591,4.008034,0.06340628,0.5537733,0.008875892
,2018,95.43825,3.944651,0.064445674,0.54432577,0.008329631
,2019,95.51056,3.881915,0.064255975,0.5348378,0.008433571
,2020,95.58504,3.8130143,0.06474951,0.5293499,0.007846292
,2021,94.201675,5.20405,0.064355955,0.5225181,0.007399402
,2022,94.30306,5.1152053,0.06442898,0.5100895,0.007215442
HND,2000,41.601418,43.749615,0.13500082,11.368257,3.1457112
HND,2001,41.871067,44.043343,0.13573408,10.99666,2.9531987
HND,2002,42.148388,44.34964,0.13642934,10.608896,2.7566457
HND,2003,43.520744,43.50981,0.18353139,10.222446,2.5634644
HND,2004,44.92496,42.63164,0.23089038,9.838394,2.3741107
HND,2005,46.360733,41.71458,0.27849093,9.4573765,2.1888206
HND,2006,47.828735,40.75864,0.32631156,9.078896,2.0074213
HND,2007,49.32892,39.763542,0.3743358,8.7032,1.830002
HND,2008,50.86167,38.72908,0.42254373,8.330173,1.65653
HND,2009,52.42657,37.65523,0.47092304,7.9601736,1.4871032
HND,2010,54.0244,36.541687,0.51945007,7.5928392,1.3216239
HND,2011,55.65461,35.388588,0.5681145,7.228516,1.1601716
HND,2012,57.31811,34.195473,0.6168907,6.866861,1.002667
HND,2013,59.013924,32.962803,0.66577405,6.5083127,0.84918857
HND,2014,60.74301,31.690044,0.7147379,6.1525407,0.699666
HND,2015,62.13795,30.744059,0.7637861,5.8000493,0.55415684
HND,2016,62.596836,30.727057,0.8128969,5.4506116,0.4125986
HND,2017,63.051792,30.706875,0.8620614,5.104303,0.27496985
HND,2018,63.502495,30.68379,0.9112719,4.7612047,0.14123662
HND,2019,63.948986,30.657862,0.96051717,4.411395,0.021240465
HND,2020,64.3913,30.629152,1.0097861,3.9488204,0.020945657
HND,2021,64.82912,30.597952,1.0590742,3.4932215,0.02063741
HND,2022,65.206795,30.597298,1.0597591,3.136146,0
HKG,2000,98.12428,0.619978,0,1.2557428,0
HKG,2001,98.24783,0.58019006,0,1.1719743,0
HKG,2002,98.37146,0.54033375,0,1.0882059,0
HKG,2003,98.495155,0.50040907,0,1.0044374,0
HKG,2004,98.61891,0.46041605,0,0.920669,0
HKG,2005,98.742744,0.42035472,0,0.8369006,0
HKG,2006,98.866646,0.38022503,0,0.75313216,0
HKG,2007,98.99061,0.340027,0,0.6693637,0
HKG,2008,99.11465,0.29976064,0,0.58559525,0
HKG,2009,99.23875,0.2594259,0,0.5018268,0
HKG,2010,99.362915,0.21902287,0,0.4180584,0
HKG,2011,99.48716,0.17855147,0,0.33428997,0
HKG,2012,99.611465,0.13801174,0,0.2505215,0
HKG,2013,99.73584,0.09740366,0,0.16675308,0
HKG,2014,99.86029,0.056727238,0,0.082984656,0
HKG,2015,99.98402,0.01598235,0,0,0
HKG,2016,100,0,0,0,0
HKG,2017,100,0,0,0,0
HKG,2018,100,0,0,0,0
HKG,2019,100,0,0,0,0
HKG,2020,100,0,0,0,0
HKG,2021,100,0,0,0,0
HKG,2022,100,0,0,0,0
HUN,2000,86.63125,13.333328,0,0,0.03542353
HUN,2001,86.63957,13.325103,0,0,0.03532853
HUN,2002,86.67556,13.289519,0,1.1932299e-06,0.03491552
HUN,2003,86.7113,13.254196,0,0,0.03450556
HUN,2004,86.74695,13.218959,0,0,0.034096643
HUN,2005,86.78802,13.178354,0,9.694347e-07,0.033625793
HUN,2006,86.834435,13.132467,0,2.5440766e-06,0.03309401
HUN,2007,86.88051,13.086928,0,0,0.032566298
HUN,2008,86.92622,13.041735,0,0,0.03204264
HUN,2009,86.971504,12.996974,0,1.4245591e-06,0.031524044
HUN,2010,87.011,12.957928,0,0,0.03107147
HUN,2011,87.05015,12.919228,0,0,0.030622944
HUN,2012,87.07818,12.891522,0,0,0.03030138
HUN,2013,88.59905,11.37092,0,8.487866e-07,0.030024828
HUN,2014,90.11402,9.856227,0,0,0.029749306
HUN,2015,91.623116,8.347412,0,0,0.029474812
HUN,2016,93.12667,6.844133,0,0,0.029194351
HUN,2017,94.62444,5.34665,0,0,0.028909935
HUN,2018,96.14339,3.8566153,0,9.1899e-07,0
HUN,2019,97.62955,2.3704493,0,0,0
HUN,2020,99.10948,0.89051825,0,2.0030882e-08,0
HUN,2021,100,0,0,1.1465559e-06,0
HUN,2022,100,0,0,0,0
ISL,2000,90.15561,9.844391,0,0,0
ISL,2001,90.6908,9.309195,0,1.0324524e-06,0
ISL,2002,91.226,8.773998,0,5.4609666e-07,0
ISL,2003,91.76119,8.238801,0,3.0854449e-06,0
ISL,2004,92.296394,7.703604,0,1.2839134e-06,0
ISL,2005,92.8316,7.168407,0,2.2603406e-07,0
ISL,2006,93.36679,6.633208,0,0,0
ISL,2007,93.90199,6.098011,0,0,0
ISL,2008,94.43718,5.562816,0,2.3533062e-06,0
ISL,2009,94.97238,5.027617,0,0,0
ISL,2010,95.507576,4.492421,0,0,0
ISL,2011,96.04278,3.957224,0,0,0
ISL,2012,96.57797,3.4220285,0,0,0
ISL,2013,97.11317,2.8868303,0,0,0
ISL,2014,97.64837,2.3516314,0,0,0
ISL,2015,98.18356,1.8164362,0,0,0
ISL,2016,98.71876,1.2812393,0,0,0
ISL,2017,99.25396,0.7460438,0,8.880889e-09,0
ISL,2018,99.789154,0.2108428,0,0,0
ISL,2019,100,0,0,1.5395232e-06,0
ISL,2020,100,0,0,0,0
ISL,2021,100,0,0,0,0
ISL,2022,100,0,0,0,0
IND,2000,,,4.1946254,14.561419,1.3646848
IND,2001,,,4.2233534,13.962451,1.325084
IND,2002,,,4.227223,13.357549,1.2846708
IND,2003,,,4.230546,12.755906,1.2445574
IND,2004,,,4.233301,12.157457,1.204733
IND,2005,,,4.235545,11.562446,1.1652277
IND,2006,,,4.2372575,10.970787,1.1260309
IND,2007,,,4.238418,10.382435,1.0871339
IND,2008,,,4.239032,9.797429,1.0485412
IND,2009,,,4.239156,9.215974,1.0102787
IND,2010,,,4.238769,8.6380205,0.97233766
IND,2011,,,4.237852,8.063531,0.93471146
IND,2012,,,4.2361774,7.4919925,0.89732206
IND,2013,,,4.233775,6.923662,0.8601961
IND,2014,,,4.2306237,6.3586626,0.8233421
IND,2015,,,4.226728,5.797185,0.786778
IND,2016,,,4.222093,5.2394238,0.75052184
IND,2017,,,4.2167,4.6855316,0.71458507
IND,2018,,,4.2105794,4.1357517,0.67899334
IND,2019,,,4.2037387,3.5902755,0.6437647
IND,2020,,,4.196185,3.049293,0.6089172
IND,2021,,,4.187899,2.5129828,0.57446426
IND,2022,,,4.1789155,1.9815592,0.54042953
IDN,2000,23.541845,51.742973,0.5903194,20.28613,3.8387306
IDN,2001,23.87744,52.381878,0.5978947,19.468607,3.6741831
IDN,2002,24.211277,53.013176,0.6053941,18.658167,3.5119886
IDN,2003,24.543207,53.636723,0.61281544,17.85504,3.352216
IDN,2004,24.873476,54.252636,0.62016124,17.05894,3.1947846
IDN,2005,25.201418,54.860455,0.6274232,16.270754,3.0399501
IDN,2006,25.527418,55.449337,0.64566314,15.490002,2.887579
IDN,2007,25.85121,56.030373,0.6636122,14.717033,2.7377713
IDN,2008,26.173037,56.603695,0.681246,13.951574,2.5904496
IDN,2009,26.492393,57.169044,0.6985388,13.194233,2.4457874
IDN,2010,26.807102,57.72551,0.715484,12.447439,2.3044653
IDN,2011,27.107656,58.26947,0.7321944,11.721375,2.169303
IDN,2012,27.406214,58.806705,0.74861395,11.002097,2.036371
IDN,2013,27.70254,59.33715,0.7647274,10.289849,1.9057351
IDN,2014,27.99699,59.860954,0.7805097,9.584257,1.7772915
IDN,2015,28.289217,60.378033,0.79594964,8.885666,1.6511347
IDN,2016,28.579231,60.888435,0.81103086,8.194048,1.5272546
IDN,2017,28.866594,61.392124,0.82575494,7.509776,1.4057477
IDN,2018,29.151558,61.88924,0.8401023,6.832566,1.2865348
IDN,2019,29.433916,62.379826,0.85407174,6.1625433,1.1696428
IDN,2020,29.713915,62.87348,0.85816544,5.4994397,1.054999
IDN,2021,29.991253,63.36051,0.86214226,4.843448,0.94264376
IDN,2022,30.266167,63.841026,0.8659928,4.1943088,0.8325059
IRN,2000,90.34097,3.8124223,2.1927857,3.2899168,0.36390236
IRN,2001,90.570076,3.7945178,2.1781175,3.099957,0.3573284
IRN,2002,90.794426,3.776518,2.1634119,2.9148347,0.3508095
IRN,2003,91.01405,3.7584276,2.1486707,2.7345002,0.34434578
IRN,2004,91.2289,3.740288,2.1339257,2.5589452,0.33794624
IRN,2005,91.43886,3.7221422,2.1192086,2.4148383,0.30495253
IRN,2006,91.64402,3.703996,2.1045234,2.2744381,0.27302116
IRN,2007,91.83839,3.6877067,2.0912728,2.140162,0.2424707
IRN,2008,92.025505,3.6723418,2.0787487,2.0103817,0.21302234
IRN,2009,92.20852,3.6569848,2.066258,1.8837606,0.18447535
IRN,2010,92.38762,3.641601,2.0537739,1.7601981,0.15680961
IRN,2011,92.56273,3.6262345,2.041329,1.6396947,0.1300162
IRN,2012,92.73255,3.6113663,2.029285,1.5226738,0.104120314
IRN,2013,92.89769,3.5968487,2.0175295,1.4088618,0.07906999
IRN,2014,93.05934,3.582291,2.005768,1.2749493,0.077653535
IRN,2015,93.21733,3.567777,1.9940631,1.1445748,0.07625561
IRN,2016,93.37181,3.5532706,1.9823872,1.0176558,0.07487358
IRN,2017,93.52266,3.5388577,1.9708045,0.8941692,0.07351273
IRN,2018,93.669716,3.5246258,1.9593796,0.77410245,0.07217835
IRN,2019,93.81299,3.5106227,1.9481479,0.65736616,0.0708731
IRN,2020,93.95266,3.4968145,1.9370834,0.5438468,0.069594316
IRN,2021,94.08863,3.4832911,1.9262525,0.43347618,0.068347305
IRN,2022,94.22125,3.4699352,1.9155668,0.32612243,0.06712414
IRQ,2000,50.240936,30.605583,1.2775754,6.6980743,11.177829
IRQ,2001,50.717648,31.018763,1.2748903,6.3645716,10.624126
IRQ,2002,51.1935,31.432537,1.2706023,6.0315604,10.071799
IRQ,2003,51.668495,31.8469,1.2647183,5.6990395,9.520844
IRQ,2004,52.14264,32.26185,1.2572457,5.3670044,8.971262
IRQ,2005,52.61592,32.677364,1.248192,5.035466,8.423056
IRQ,2006,53.08807,33.09344,1.2375886,4.7044725,7.87643
IRQ,2007,53.55965,33.510094,1.2253942,4.373904,7.330956
IRQ,2008,54.030373,33.9273,1.2116401,4.0438337,6.7868547
IRQ,2009,54.499985,34.345066,1.196359,3.7142925,6.244299
IRQ,2010,54.98614,34.76154,1.1777529,3.382607,5.6919603
IRQ,2011,55.48045,35.17577,1.1565269,3.0506473,5.136606
IRQ,2012,55.97191,35.588505,1.1337917,2.7202148,4.5855813
IRQ,2013,56.46054,35.999744,1.1095698,2.3912976,4.038849
IRQ,2014,56.946587,36.40943,1.0838573,2.0638614,3.4962616
IRQ,2015,57.43005,36.817547,1.0566763,1.7379098,2.9578195
IRQ,2016,57.912933,37.22324,1.0277963,1.3776602,2.45837
IRQ,2017,58.395195,37.626114,0.99722034,0.9572891,2.0241811
IRQ,2018,58.87657,38.02583,0.96497935,0.5380331,1.594587
IRQ,2019,59.356632,38.422153,0.9311317,0.11999097,1.1700921
IRQ,2020,59.664463,38.695446,0.89216036,0,0.747934
IRQ,2021,59.70278,38.668373,0.8867184,4.665937e-07,0.74212676
IRQ,2022,59.74263,38.64022,0.8810596,0,0.7360881
IRL,2000,64.429375,32.782314,0,2.7883084,0
IRL,2001,64.53594,32.611404,0,2.8526578,0
IRL,2002,64.64604,32.43659,0,2.9173734,0
IRL,2003,64.77273,32.244682,0,2.982586,0
IRL,2004,64.89963,32.05218,0,3.0481899,0
IRL,2005,69.56672,27.319117,0,3.114164,0
IRL,2006,74.17241,22.647186,0,3.180404,0
IRL,2007,78.70413,18.049377,0,3.2464938,0
IRL,2008,83.194534,13.492612,0,3.312856,0
IRL,2009,87.644104,8.976401,0,3.3794928,0
IRL,2010,92.05278,4.5008206,0,3.446398,0
IRL,2011,94.9312,1.5552247,0,3.5135767,0
IRL,2012,95.02116,1.3978065,0,3.581036,0
IRL,2013,95.110634,1.2406038,0,3.648759,0
IRL,2014,95.19962,1.0836176,0,3.7167573,0
IRL,2015,95.28813,0.9268493,0,3.7850184,0
IRL,2016,95.37614,0.7703001,0,3.853562,0
IRL,2017,95.46347,0.6139703,0,3.9225569,0
IRL,2018,95.55008,0.4578618,0,3.992056,0
IRL,2019,95.70192,0.3021854,0,3.9958956,0
IRL,2020,95.85354,0.14652106,0,3.9999423,0
IRL,2021,95.995834,0,0,4.0041685,0
IRL,2022,95.9914,0,0,4.008595,0
IMN,2009,96.66723,1.9888238,0,1.3439443,0
IMN,2010,96.66723,1.9888238,0,1.3439443,0
IMN,2011,96.66723,1.9888238,0,1.3439443,0
IMN,2012,96.66723,1.9888238,0,1.3439443,0
IMN,2013,96.66723,1.9888238,0,1.3439443,0
IMN,2014,97.00307,1.7894123,0,1.2075226,0
IMN,2015,97.339455,1.5894424,0,1.0711008,0
IMN,2016,97.67641,1.3889142,0,0.93467903,0
IMN,2017,98.013916,1.1878277,0,0.79825723,0
IMN,2018,98.35198,0.9861828,0,0.6618355,0
IMN,2019,98.690605,0.78397965,0,0.5254137,0
IMN,2020,99.02979,0.5812182,0,0.38899192,0
IMN,2021,99.36953,0.37789837,0,0.25257015,0
IMN,2022,99.70983,0.17402023,0,0.11614839,0
ISR,2000,99.77199,0.22801372,0,0,0
ISR,2001,99.77214,0.2278616,0,0,0
ISR,2002,99.75787,0.24212143,0,2.988054e-06,0
ISR,2003,99.743614,0.25638634,0,0,0
ISR,2004,99.72934,0.27065903,0,0,0
ISR,2005,99.71506,0.28494483,0,0,0
ISR,2006,99.70076,0.29924,0,5.0742943e-07,0
ISR,2007,99.686455,0.31354305,0,1.334485e-07,0
ISR,2008,99.67215,0.3278511,0,0,0
ISR,2009,99.65783,0.3421732,0,0,0
ISR,2010,99.64351,0.35649335,0,0,0
ISR,2011,99.62918,0.37082076,0,0,0
ISR,2012,99.614845,0.38515568,0,5.6596616e-07,0
ISR,2013,99.60051,0.39949015,0,0,0
ISR,2014,99.58617,0.41383475,0,2.2228905e-06,0
ISR,2015,99.571815,0.42818397,0,0,0
ISR,2016,99.557465,0.4425388,0,0,0
ISR,2017,99.5431,0.45690247,0,0,0
ISR,2018,99.528725,0.47127417,0,2.5059362e-06,0
ISR,2019,99.51434,0.4856545,0,2.7624908e-06,0
ISR,2020,99.499954,0.50004226,0,0,0
ISR,2021,99.485565,0.5144356,0,0,0
ISR,2022,99.47115,0.52884394,0,0,0
ITA,2000,94.76838,4.78868,0,0.44294047,0
ITA,2001,94.98711,4.5956635,0,0.417228,0
ITA,2002,95.20594,4.4025464,0,0.39151552,0
ITA,2003,95.424866,4.209329,0,0.36580306,0
ITA,2004,95.6439,4.0160117,0,0.3400906,0
ITA,2005,95.86303,3.822594,0,0.31437814,0
ITA,2006,96.08226,3.6290758,0,0.28866565,0
ITA,2007,96.13227,3.6047766,0,0.2629532,0
ITA,2008,95.90065,3.8621092,0,0.23724073,0
ITA,2009,95.6689,4.1195736,0,0.21152826,0
ITA,2010,95.43701,4.3771706,0,0.1858158,0
ITA,2011,95.204994,4.6348996,0,0.16010332,0
ITA,2012,94.97285,4.8927603,0,0.13439086,0
ITA,2013,94.74057,5.150754,0,0.10867839,0
ITA,2014,94.508156,5.4088793,0,0.082965925,0
ITA,2015,94.25136,5.665679,0,0.082965925,0
ITA,2016,93.99455,5.9224787,0,0.082965925,0
ITA,2017,93.737755,6.179278,0,0.082965925,0
ITA,2018,93.48096,6.4360776,0,0.082965925,0
ITA,2019,93.22416,6.6928773,0,0.082965925,0
ITA,2020,92.967354,6.949677,0,0.082965925,0
ITA,2021,92.710556,7.2064767,0,0.082965925,0
ITA,2022,92.710556,7.2064767,0,0.082965925,0
JAM,2000,,,0.52044725,3.3370962,3.0024145
JAM,2001,,,0.5193009,3.2556283,2.930288
JAM,2002,,,0.5185854,3.1757436,2.8609836
JAM,2003,,,0.51798874,3.0965438,2.792819
JAM,2004,,,0.85198915,3.0176299,2.7250297
JAM,2005,,,1.3332233,2.939102,2.657824
JAM,2006,,,1.8419057,2.8608913,2.5910475
JAM,2007,,,2.3510895,2.783047,2.524799
JAM,2008,,,2.8606982,2.7055109,2.4589832
JAM,2009,,,3.3707747,2.6283412,2.3936923
JAM,2010,,,3.8812692,2.5515077,2.3288798
JAM,2011,,,4.3921146,2.4749897,2.264503
JAM,2012,,,4.9025774,2.3985322,2.1999917
JAM,2013,,,5.4123974,2.3221517,2.1353648
JAM,2014,,,5.410327,2.2458968,2.070683
JAM,2015,,,5.4073367,2.1698189,2.006046
JAM,2016,,,5.4033623,2.093957,1.9414753
JAM,2017,,,5.398448,2.0183556,1.877067
JAM,2018,,,5.39253,1.9430498,1.8128462
JAM,2019,,,5.385652,1.868089,1.7489063
JAM,2020,,,5.3675714,1.864009,1.7384745
JAM,2021,,,5.348658,1.8597431,1.7275628
JAM,2022,,,5.3289137,1.8552818,1.7161711
JPN,2000,97.85424,0.649885,0,1.4958724,0
JPN,2001,97.85424,0.649885,0,1.4958724,0
JPN,2002,97.85424,0.649885,0,1.4958724,0
JPN,2003,97.85424,0.649885,0,1.4958724,0
JPN,2004,97.85424,0.649885,0,1.4958724,0
JPN,2005,97.90149,0.6398476,0,1.4586598,0
JPN,2006,97.94875,0.62980235,0,1.4214472,0
JPN,2007,97.99602,0.61974937,0,1.3842345,0
JPN,2008,98.04329,0.6096886,0,1.3470219,0
JPN,2009,98.09057,0.59962004,0,1.3098093,0
JPN,2010,98.13786,0.58954376,0,1.2725967,0
JPN,2011,98.18516,0.5794597,0,1.2353841,0
JPN,2012,98.23246,0.5693679,0,1.1981714,0
JPN,2013,98.27977,0.5592683,0,1.1609588,0
JPN,2014,98.327095,0.54916096,0,1.1237462,0
JPN,2015,98.37442,0.5390458,0,1.0865335,0
JPN,2016,98.42175,0.5289229,0,1.0493209,0
JPN,2017,98.4691,0.5187923,0,1.0121083,0
JPN,2018,98.51645,0.5086538,0,0.9748957,0
JPN,2019,98.56381,0.49850765,0,0.93768305,0
JPN,2020,98.611176,0.4883537,0,0.90047044,0
JPN,2021,98.65855,0.47819197,0,0.8632578,0
JPN,2022,98.65855,0.47819197,0,0.8632578,0
JOR,2000,53.49447,45.06735,0.2140822,1.1671401,0.056961995
JOR,2001,53.497055,45.070736,0.21403562,1.1612103,0.056964833
JOR,2002,53.49964,45.074123,0.213989,1.1552796,0.05696768
JOR,2003,53.50227,45.077435,0.21394756,1.1493782,0.0569703
JOR,2004,53.50485,45.08082,0.21390092,1.1434594,0.056973137
JOR,2005,53.455513,45.16268,0.2078783,1.1166989,0.05722747
JOR,2006,55.555233,43.10266,0.200187,1.084367,0.057551943
JOR,2007,57.663956,41.031445,0.1929296,1.0538145,0.057858065
JOR,2008,59.781048,38.949764,0.18608554,1.0249549,0.0581467
JOR,2009,61.906273,36.857788,0.17968102,0.9978414,0.05841677
JOR,2010,64.038826,34.756527,0.1736694,0.97230345,0.058670226
JOR,2011,66.178314,32.64642,0.16805092,0.9483093,0.058907084
JOR,2012,68.324135,30.528175,0.16279975,0.9257653,0.059128422
JOR,2013,70.475975,28.40209,0.15792644,0.904672,0.059333812
JOR,2014,72.63322,26.268993,0.15338962,0.8848748,0.059524998
JOR,2015,74.81074,24.101742,0.15207008,0.875873,0.059580937
JOR,2016,76.989494,21.933062,0.15078135,0.86703086,0.05963556
JOR,2017,79.16953,19.762856,0.14953904,0.85838413,0.059688218
JOR,2018,81.350815,17.591175,0.14834318,0.84993047,0.05973891
JOR,2019,83.53326,15.418112,0.14718856,0.8416574,0.059787855
JOR,2020,85.71684,13.243675,0.14608045,0.8335705,0.059834834
JOR,2021,85.71292,13.252107,0.14499804,0.830093,0.059880283
JOR,2022,85.70913,13.260254,0.14395209,0.82673854,0.059924196
KAZ,2000,63.102085,27.0436,0.9187158,7.099479,1.8361193
KAZ,2001,63.369843,27.181633,0.9235404,6.8000307,1.7249551
KAZ,2002,64.92973,25.970573,0.98482406,6.50082,1.6140513
KAZ,2003,66.50294,24.745293,1.0465108,6.2018538,1.5034077
KAZ,2004,68.08938,23.505875,1.1086026,5.90312,1.3930248
KAZ,2005,69.68898,22.252388,1.171101,5.6046314,1.2829022
KAZ,2006,71.30166,20.98491,1.2340074,5.306387,1.1730398
KAZ,2007,72.92734,19.703518,1.2973237,5.008383,1.063438
KAZ,2008,74.56595,18.408287,1.3610513,4.710617,0.95409644
KAZ,2009,76.21741,17.099297,1.4251921,4.413086,0.84501547
KAZ,2010,77.881325,15.776826,1.4897543,4.115884,0.7362107
KAZ,2011,79.558266,14.440516,1.5547249,3.8188407,0.6276487
KAZ,2012,81.24783,13.090673,1.6201135,3.5130856,0.5282957
KAZ,2013,82.9075,11.724703,1.6852136,3.244907,0.4376783
KAZ,2014,84.48871,10.340491,1.7490168,3.074409,0.34737405
KAZ,2015,86.08145,8.943881,1.8129084,2.9043918,0.2573645
KAZ,2016,87.68542,7.5350904,1.8768922,2.7349384,0.16765997
KAZ,2017,89.30042,6.114241,1.9409672,2.5661087,0.07826221
KAZ,2018,89.309814,6.1104183,1.9410928,2.560577,0.078093454
KAZ,2019,89.321266,6.1057653,1.941246,2.553837,0.077888004
KAZ,2020,89.33464,6.1003222,1.941425,2.5459611,0.0776477
KAZ,2021,89.34997,6.09409,1.94163,2.5369382,0.07737254
KEN,2000,,,7.038043,16.431866,29.008547
KEN,2001,,,7.1306086,16.094248,28.523245
KEN,2002,,,7.2216234,15.757917,28.041014
KEN,2003,,,7.311065,15.422917,27.561956
KEN,2004,,,7.3989086,15.089298,27.086168
KEN,2005,,,7.485215,14.757341,26.614351
KEN,2006,,,7.5698843,14.426832,26.145983
KEN,2007,,,7.652893,14.097814,25.68116
KEN,2008,,,7.734218,13.770325,25.219986
KEN,2009,,,7.813934,13.444636,24.763107
KEN,2010,,,7.8919263,13.120557,24.31005
KEN,2011,,,7.967912,12.797594,23.859621
KEN,2012,,,8.041898,12.475936,23.41228
KEN,2013,,,8.113727,12.155458,22.967712
KEN,2014,,,8.183461,11.836447,22.526619
KEN,2015,,,8.250998,11.518889,22.08895
KEN,2016,,,8.316288,11.20286,21.654907
KEN,2017,,,8.379285,10.888452,21.224691
KEN,2018,,,8.439877,10.575653,20.798294
KEN,2019,,,8.49814,10.264731,20.376345
KEN,2020,,,8.553899,9.955605,19.95863
KEN,2021,,,8.60717,9.648429,19.545565
KEN,2022,,,8.657834,9.343226,19.137161
KIR,2000,10.169143,50.724087,0.5217769,38.58499,0
KIR,2001,10.332838,51.339348,0.52271044,37.805103,0
KIR,2002,10.439682,51.871876,0.5281772,37.160263,0
KIR,2003,10.546686,52.404625,0.5336307,36.51506,0
KIR,2004,10.653733,52.93742,0.53908026,35.869766,0
KIR,2005,10.760704,53.47009,0.54453546,35.22467,0
KIR,2006,10.92349,54.083004,0.54550356,34.448006,0
KIR,2007,11.130994,54.75978,0.54286087,33.566364,0
KIR,2008,11.340815,55.405857,0.57349133,32.679836,0
KIR,2009,11.552591,55.976276,0.6818599,31.789272,0
KIR,2010,11.766455,56.420773,0.9184091,30.894365,0
KIR,2011,11.9824095,56.85705,1.1654358,29.995104,0
KIR,2012,12.200462,57.284927,1.423129,29.09148,0
KIR,2013,12.420105,57.703556,1.6916575,28.184683,0
KIR,2014,12.641721,58.113277,1.9711931,27.273808,0
KIR,2015,12.865181,58.513752,2.2619011,26.359165,0
KIR,2016,13.088504,58.902428,2.5636947,25.445374,0
KIR,2017,13.311108,59.27865,2.8764741,24.533768,0
KIR,2018,13.533198,59.642723,3.2002187,23.62386,0
KIR,2019,13.754721,59.994648,3.5348752,22.715757,0
KIR,2020,13.975347,60.33413,3.8803165,21.810205,0
KIR,2021,14.195151,60.661343,4.236488,20.907017,0
KIR,2022,14.414075,61.28003,4.299579,20.006315,0
KWT,2000,100,0,0,0,0
KWT,2001,100,0,0,0,0
KWT,2002,100,0,0,0,0
KWT,2003,100,0,0,0,0
KWT,2004,100,0,0,0,0
KWT,2005,100,0,0,0,0
KWT,2006,100,0,0,0,0
KWT,2007,100,0,0,0,0
KWT,2008,100,0,0,0,0
KWT,2009,100,0,0,0,0
KWT,2010,100,0,0,0,0
KWT,2011,100,0,0,0,0
KWT,2012,100,0,0,0,0
KWT,2013,100,0,0,0,0
KWT,2014,100,0,0,0,0
KWT,2015,100,0,0,0,0
KWT,2016,100,0,0,0,0
KWT,2017,100,0,0,0,0
KWT,2018,100,0,0,0,0
KWT,2019,100,0,0,0,0
KWT,2020,100,0,0,0,0
KWT,2021,100,0,0,0,0
KWT,2022,100,0,0,0,0
KGZ,2000,45.659782,34.518566,0.80310464,4.4342732,14.584276
KGZ,2001,45.658703,34.5192,0.80311596,4.434278,14.584705
KGZ,2002,45.942135,34.883675,0.8112404,4.279184,14.08377
KGZ,2003,46.22503,35.248486,0.81937087,4.1240993,13.583016
KGZ,2004,46.50846,35.612988,0.8274959,3.9690156,13.082041
KGZ,2005,48.28265,34.37995,0.94222385,3.8139467,12.58123
KGZ,2006,50.08612,33.115566,1.0592307,3.6588717,12.080213
KGZ,2007,51.91783,31.820473,1.1785327,3.503818,11.579346
KGZ,2008,53.778316,30.49434,1.3001227,3.3487737,11.078445
KGZ,2009,55.668056,29.136875,1.4239876,3.1937175,10.577363
KGZ,2010,57.597218,27.74178,1.5497918,3.0382042,10.073009
KGZ,2011,59.56533,26.309393,1.677407,2.882058,9.565812
KGZ,2012,61.571823,24.840147,1.8066932,2.725103,9.056234
KGZ,2013,63.35695,23.593136,1.9375587,2.5672328,8.545122
KGZ,2014,65.130806,22.358139,2.0698557,2.4082701,8.032928
KGZ,2015,66.935,21.093248,2.2034483,2.2480633,7.5202403
KGZ,2016,68.75854,19.79908,2.3380954,2.0968463,7.00744
KGZ,2017,70.52173,18.471272,2.4730356,2.0396814,6.4942822
KGZ,2018,72.30862,17.118326,2.6087458,1.9820427,5.9822683
KGZ,2019,74.116615,15.742194,2.745093,1.9240237,5.472075
KGZ,2020,76.33854,14.376117,2.885386,1.8656484,4.534312
KGZ,2021,76.409775,14.343781,2.8758776,1.8570778,4.5134873
KGZ,2022,76.48715,14.308655,2.8655496,1.8477762,4.490867
,2000,25.992165,26.175179,8.116815,25.157782,14.558059
,2001,26.435484,26.42179,8.370704,24.657509,14.114515
,2002,26.989168,26.569643,8.682882,24.124676,13.633631
,2003,27.526169,26.710821,9.000141,23.603436,13.159432
,2004,28.091679,26.884882,9.33047,23.036432,12.656536
,2005,28.690931,27.039513,9.662987,22.45731,12.14926
,2006,29.306837,27.182455,9.9906025,21.875238,11.644866
,2007,29.948156,27.352432,10.308728,21.265837,11.1248455
,2008,30.502449,27.632792,10.625963,20.642317,10.59648
,2009,31.056541,27.908222,10.935944,20.024628,10.074664
,2010,31.628523,28.179138,11.245371,19.39814,9.548827
,2011,31.644547,28.54255,11.8508,18.653435,9.308669
,2012,32.1861,28.81396,12.185812,18.041412,8.7727165
,2013,32.73731,29.08922,12.51869,17.423777,8.231005
,2014,33.319687,29.356915,12.8348875,16.806273,7.682237
,2015,33.923485,29.620592,13.145316,16.181072,7.1295357
,2016,34.50532,29.90745,13.45951,15.552802,6.574915
,2017,35.09076,30.201584,13.761196,14.923886,6.0225725
,2018,35.610237,30.552658,14.059243,14.294914,5.482948
,2019,36.100136,30.909494,14.360625,13.674117,4.95563
,2020,36.5019,31.30213,14.624224,13.065691,4.506057
,2021,36.87739,31.73266,14.838277,12.453767,4.0979033
,2022,36.936485,32.405262,14.978536,11.866058,3.8136575
LAO,2000,4.877543,41.266304,0.57025546,27.552404,25.733492
LAO,2001,6.6656404,41.859287,0.6863927,26.632137,24.156542
LAO,2002,8.601665,42.282196,0.80968314,25.707563,22.598892
LAO,2003,10.610356,42.607967,0.9396284,24.779156,21.062893
LAO,2004,11.123852,44.404755,1.0756719,23.846552,19.54917
LAO,2005,11.609333,46.136505,1.2193049,22.934343,18.100512
LAO,2006,12.034746,47.774857,1.3735467,22.067656,16.749195
LAO,2007,12.460381,49.392307,1.5349389,21.200174,15.4122
LAO,2008,12.886683,50.989296,1.7031912,20.331537,14.08929
LAO,2009,13.313028,52.56521,1.8781083,19.462236,12.781418
LAO,2010,13.739709,54.120342,2.059404,18.59202,11.4885235
LAO,2011,14.166714,55.654686,2.246814,17.72089,10.210896
LAO,2012,14.594178,57.16834,2.440044,16.848726,8.948714
LAO,2013,15.021489,58.66091,2.6389236,15.975999,7.7026763
LAO,2014,15.449086,60.13274,2.8431058,15.102361,6.472709
LAO,2015,15.876808,61.583763,3.0523403,14.227922,5.259165
LAO,2016,16.30479,63.293053,2.9873517,13.352566,4.0622396
LAO,2017,16.732582,64.71941,3.189033,12.476639,2.8823307
LAO,2018,17.16017,66.12572,3.3943527,11.600162,1.719602
LAO,2019,17.587696,67.51214,3.6029687,10.706751,0.5904489
LAO,2020,17.681904,67.537834,3.5668576,10.628872,0.58453107
LAO,2021,17.7767,67.563705,3.5305228,10.550501,0.57857656
LAO,2022,17.872076,67.58972,3.493964,10.47165,0.5725854
,2000,71.032555,19.69157,0.89502156,5.8285046,2.5523465
,2001,71.37896,19.750334,0.8623025,5.5371246,2.471276
,2002,71.65258,19.873093,0.8280328,5.227791,2.4184995
,2003,71.91649,19.997679,0.7941278,4.95619,2.3355112
,2004,72.17135,20.118809,0.7630199,4.6920757,2.254747
,2005,72.42359,20.236835,0.73273104,4.4321294,2.174714
,2006,72.67487,20.350395,0.7026479,4.176815,2.095267
,2007,72.92547,20.459019,0.6727318,3.9262702,2.0165093
,2008,73.20843,20.525421,0.6460678,3.6812692,1.938817
,2009,73.487785,20.567307,0.64265615,3.439947,1.8623073
,2010,73.763435,20.608475,0.6393907,3.2024066,1.7862909
,2011,74.033875,20.65008,0.6361266,2.9690883,1.7108269
,2012,74.29563,20.693066,0.63340765,2.7417185,1.6361799
,2013,74.78974,20.491167,0.6297353,2.542192,1.5471661
,2014,75.278564,20.291437,0.62509763,2.3435051,1.4613992
,2015,75.320015,20.534668,0.6207041,2.1448271,1.3797868
,2016,75.33977,20.767578,0.61524826,1.9800242,1.2973856
,2017,75.388756,20.925327,0.5849591,1.502419,1.5985377
,2018,75.43072,21.14618,0.58561647,1.2582102,1.5792792
,2019,75.50583,21.328112,0.5721493,1.1290821,1.4648299
,2020,75.52682,21.579882,0.48454767,1.0532933,1.3554639
,2021,75.37404,22.14864,0.41523564,0.89081967,1.1712655
,2022,75.23179,22.40034,0.41346425,0.8511601,1.103252
LVA,2000,92.38445,5.418271,0.6788241,1.5184535,0
LVA,2001,92.36528,5.434037,0.67765725,1.5230237,0
LVA,2002,92.39397,5.4546795,0.6767162,1.4746395,0
LVA,2003,92.430954,5.4686074,0.67627376,1.424164,0
LVA,2004,92.49211,5.462245,0.6773276,1.3683132,0
LVA,2005,92.55305,5.4558387,0.67838144,1.3127345,0
LVA,2006,92.636284,5.423891,0.6781086,1.2617146,0
LVA,2007,92.89953,5.2113214,0.6774965,1.2116516,0
LVA,2008,93.16433,4.997403,0.67689425,1.1613734,0
LVA,2009,93.43695,4.77667,0.67675084,1.109629,0
LVA,2010,93.716675,4.5496864,0.6770766,1.056565,0
LVA,2011,93.996735,4.3222947,0.6774123,1.0035573,0
LVA,2012,94.277016,4.0946193,0.677748,0.9506198,0
LVA,2013,94.557495,3.8666596,0.6780839,0.8977623,0
LVA,2014,94.83807,3.6385152,0.6784098,0.8449996,0
LVA,2015,95.11897,3.409989,0.6787457,0.7922921,0
LVA,2016,95.401306,3.1800578,0.67921144,0.7394243,0
LVA,2017,95.68483,2.9489217,0.6798072,0.68643993,0
LVA,2018,95.969284,2.7167819,0.68053275,0.63340014,0
LVA,2019,96.25441,2.4838414,0.6813882,0.5803572,0
LVA,2020,96.53996,2.2503028,0.68237376,0.5273622,0
LVA,2021,96.82567,2.016372,0.6834893,0.47446686,0
LVA,2022,97.111275,1.7822552,0.6847349,0.42173773,0
,2000,25.243258,25.918922,8.763032,25.683353,14.391438
,2001,25.581184,26.239523,8.942427,25.199696,14.037169
,2002,25.974535,26.533934,9.132196,24.708038,13.651297
,2003,26.378313,26.83935,9.345869,24.175062,13.261408
,2004,26.823345,27.114859,9.574308,23.627562,12.859925
,2005,27.478733,27.216648,9.830569,23.052431,12.421619
,2006,27.979609,27.440681,10.094005,22.49199,11.993714
,2007,28.506807,27.622131,10.359766,21.93797,11.573325
,2008,29.062414,27.808485,10.628975,21.365822,11.134304
,2009,29.62076,27.991316,10.895746,20.795286,10.696892
,2010,30.20173,28.17403,11.157461,20.212545,10.254233
,2011,30.532366,28.402943,11.560445,19.559326,9.944919
,2012,31.175657,28.513544,11.827723,18.986866,9.49621
,2013,31.82203,28.622337,12.098539,18.416922,9.040172
,2014,32.48746,28.71946,12.36564,17.846643,8.580795
,2015,33.17219,28.801865,12.632487,17.271034,8.122423
,2016,33.856617,28.889315,12.897303,16.692888,7.6638784
,2017,34.5517,28.977402,13.15717,16.121584,7.1921425
,2018,35.244614,29.067205,13.420344,15.52577,6.742069
,2019,35.936405,29.139454,13.710598,14.895441,6.3181014
,2020,36.574085,29.23751,13.982059,14.288908,5.9174385
,2021,37.22505,29.322102,14.24849,13.637715,5.5666428
,2022,37.47478,29.654785,14.486922,13.128558,5.2549543
LBN,2000,43.4791,40.92687,6.7451854,8.703428,0.14542
LBN,2001,43.70599,41.140438,6.780384,8.227768,0.14542
LBN,2002,43.93288,41.35401,6.8155828,7.752108,0.14542
LBN,2003,44.159767,41.56758,6.850782,7.2764482,0.14542
LBN,2004,44.386658,41.78115,6.8859806,6.8007884,0.14542
LBN,2005,44.61355,41.994724,6.9211793,6.325128,0.14542
LBN,2006,44.84044,42.208294,6.9563785,5.849468,0.14542
LBN,2007,45.06733,42.421867,6.991577,5.373808,0.14542
LBN,2008,45.294216,42.635437,7.026776,4.898148,0.14542
LBN,2009,45.521107,42.84901,7.061975,4.422488,0.14542
LBN,2010,45.747997,43.06258,7.0971737,3.946828,0.14542
LBN,2011,45.974888,43.276154,7.1323724,3.471168,0.14542
LBN,2012,46.20178,43.489723,7.1675715,2.995508,0.14542
LBN,2013,46.42867,43.703293,7.20277,2.5198479,0.14542
LBN,2014,46.655556,43.916866,7.237969,2.0441878,0.14542
LBN,2015,46.882446,44.130436,7.273168,1.5685278,0.14542
LBN,2016,47.109337,44.34401,7.308367,1.0928679,0.14542
LBN,2017,47.336227,44.55758,7.3435655,0.61720777,0.14542
LBN,2018,47.563118,44.771152,7.378764,0.14154772,0.14542
LBN,2019,47.7,44.9,7.4,0,0
LBN,2020,47.7,44.9,7.4,0,0
LBN,2021,47.7,44.9,7.4,0,0
LBN,2022,47.7,44.9,7.4,0,0
LSO,2000,8.852616,56.783993,11.41397,22.715382,0.23403718
LSO,2001,9.720051,56.272305,11.424738,22.07299,0.5099151
LSO,2002,10.610427,55.743782,11.429949,21.433346,0.78249705
LSO,2003,11.523815,55.198315,11.429406,20.796772,1.0516926
LSO,2004,12.461596,54.635094,11.422873,20.163057,1.3173802
LSO,2005,13.422447,54.054775,11.410227,19.533033,1.5795195
LSO,2006,14.40821,53.456295,11.391203,18.906319,1.8379741
LSO,2007,15.370616,52.8667,11.369382,18.298315,2.0949879
LSO,2008,16.35462,52.261127,11.3419695,17.693483,2.3487992
LSO,2009,17.359028,51.640213,11.308949,17.092384,2.5994241
LSO,2010,18.38572,51.002872,11.270043,16.494648,2.846717
LSO,2011,19.434523,50.34916,11.225147,15.900531,3.0906396
LSO,2012,20.382807,49.771973,11.182443,15.326731,3.336048
LSO,2013,21.230095,49.299744,11.135149,14.756112,3.5788982
LSO,2014,22.089243,48.819927,11.083113,14.1886,3.8191164
LSO,2015,22.960941,48.332157,11.026158,13.624125,4.0566173
LSO,2016,23.84412,47.837082,10.9643545,13.062987,4.2914577
LSO,2017,24.73947,47.334335,10.89753,12.505109,4.5235558
LSO,2018,25.650785,46.821785,10.824985,11.949921,4.7525263
LSO,2019,26.577694,46.299683,10.746628,11.397659,4.9783382
LSO,2020,27.521683,45.767235,10.662051,10.848249,5.20078
LSO,2021,27.865732,45.763027,10.649333,10.550076,5.1718316
LSO,2022,28.217487,45.75322,10.634934,10.252179,5.1421785
LBR,2000,,,3.6266265,16.501947,17.757309
LBR,2001,,,3.67739,15.943323,17.388435
LBR,2002,,,3.7283278,15.38661,17.020586
LBR,2003,,,3.7793384,14.83198,16.65428
LBR,2004,,,3.830473,14.279357,16.289267
LBR,2005,,,3.8816807,13.728823,15.925799
LBR,2006,,,4.1891804,13.18037,15.563879
LBR,2007,,,4.5032034,12.633949,15.203261
LBR,2008,,,4.823621,12.089618,14.844195
LBR,2009,,,5.1508965,11.54677,14.484052
LBR,2010,,,5.4849315,11.005503,14.122903
LBR,2011,,,5.8256693,10.465867,13.760591
LBR,2012,,,6.172906,9.928068,13.397657
LBR,2013,,,6.5266213,9.392107,13.033712
LBR,2014,,,6.8866053,8.858173,12.669291
LBR,2015,,,7.2527804,8.326319,12.304235
LBR,2016,,,7.6250186,7.796651,11.938618
LBR,2017,,,8.003103,7.2693195,11.572958
LBR,2018,,,8.386985,6.7443647,11.206875
LBR,2019,,,8.776483,6.2218947,10.840662
LBR,2020,,,9.171451,5.702015,10.474386
LBR,2021,,,9.571743,5.1848073,10.108112
LBR,2022,,,9.977138,4.6118035,9.800927
LBY,2000,,,0,15.767928,0
LBY,2001,,,0,14.897959,0
LBY,2002,,,0,14.027989,0
LBY,2003,,,0,13.158019,0
LBY,2004,,,0,12.28805,0
LBY,2005,,,0,11.41808,0
LBY,2006,,,0,10.548111,0
LBY,2007,,,0,9.678142,0
LBY,2008,,,0,8.808171,0
LBY,2009,,,0,7.938202,0
LBY,2010,,,0,7.0682325,0
LBY,2011,,,0,6.198263,0
LBY,2012,,,0,5.3282933,0
LBY,2013,,,0,4.458324,0
LBY,2014,,,0,3.5883543,0
LBY,2015,,,0,2.7183847,0
LBY,2016,,,0,1.8484153,0
LBY,2017,,,0,0.97844577,0
LBY,2018,,,0,0.1084762,0
LBY,2019,,,0,0.1084762,0
LBY,2020,,,0,0.1084762,0
LBY,2021,,,0,0.1084762,0
LBY,2022,,,0,0.1084762,0
LIE,2000,100,0,0,0,0
LIE,2001,100,0,0,0,0
LIE,2002,100,0,0,0,0
LIE,2003,100,0,0,0,0
LIE,2004,100,0,0,0,0
LIE,2005,100,0,0,0,0
LIE,2006,100,0,0,0,0
LIE,2007,100,0,0,0,0
LIE,2008,100,0,0,0,0
LIE,2009,100,0,0,0,0
LIE,2010,100,0,0,0,0
LIE,2011,100,0,0,0,0
LIE,2012,100,0,0,0,0
LIE,2013,100,0,0,0,0
LIE,2014,100,0,0,0,0
LIE,2015,100,0,0,0,0
LIE,2016,100,0,0,0,0
LIE,2017,100,0,0,0,0
LIE,2018,100,0,0,0,0
LIE,2019,100,0,0,0,0
LIE,2020,100,0,0,0,0
LIE,2021,100,0,0,0,0
LIE,2022,100,0,0,0,0
LTU,2000,68.38195,21.287617,0,10.330434,0
LTU,2001,68.72295,21.393772,0,9.883271,0
LTU,2002,69.061226,21.499079,0,9.439696,0
LTU,2003,69.40066,21.604746,0,8.994595,0
LTU,2004,71.213745,20.238283,0,8.547973,0
LTU,2005,73.05331,18.860563,0,8.086129,0
LTU,2006,74.91872,17.47053,0,7.610754,0
LTU,2007,76.798454,16.064983,0,7.1365585,0
LTU,2008,78.69247,14.64398,0,6.6635528,0
LTU,2009,80.59157,13.206083,0,6.2023478,0
LTU,2010,82.49667,11.752074,0,5.751255,0
LTU,2011,84.425,10.284599,0,5.290396,0
LTU,2012,86.38264,8.803757,0,4.813606,0
LTU,2013,88.35362,7.307394,0,4.3389854,0
LTU,2014,90.337975,5.795625,0,3.866402,0
LTU,2015,92.335594,4.268548,0,3.395861,0
LTU,2016,93.99288,3.0808637,0,2.926255,0
LTU,2017,94.44231,3.0997572,0,2.4579337,0
LTU,2018,94.87325,3.1172807,0,2.0094678,0
LTU,2019,94.897484,3.1039855,0,1.9985272,0
LTU,2020,94.92379,3.0895572,0,1.9866495,0
LTU,2021,94.95175,3.0742223,0,1.9740274,0
LTU,2022,94.9815,3.0579052,0,1.9605983,0
,2000,18.910685,22.50952,10.148626,31.675604,16.755568
,2001,19.0477,22.944843,10.50011,31.175505,16.331842
,2002,19.27861,23.369373,10.874625,30.62013,15.857259
,2003,19.562933,23.795248,11.277995,29.989532,15.374291
,2004,19.86468,24.235615,11.696485,29.334309,14.868914
,2005,20.22457,24.69584,12.150209,28.640772,14.2886095
,2006,20.660246,25.116474,12.598296,27.924913,13.700071
,2007,21.137,25.51577,13.036839,27.196236,13.114157
,2008,21.613146,25.93591,13.479157,26.458542,12.513244
,2009,22.052393,26.352161,13.917566,25.746084,11.931793
,2010,22.526253,26.748533,14.35013,25.02397,11.351115
,2011,22.582184,27.375063,14.960912,24.10406,10.977783
,2012,23.005394,27.741152,15.414798,23.43015,10.408507
,2013,23.349354,28.116716,15.890624,22.822958,9.820347
,2014,23.71102,28.474686,16.36424,22.18901,9.261044
,2015,24.181213,28.781437,16.82577,21.523033,8.688547
,2016,24.738857,29.045969,17.276154,20.832077,8.106943
,2017,25.32075,29.322529,17.709246,20.15501,7.4924655
,2018,25.993237,29.534664,18.13641,19.426474,6.9092155
,2019,26.710714,29.722271,18.55754,18.679474,6.330002
,2020,27.416277,29.922367,18.945461,17.921934,5.793962
,2021,28.091015,30.148666,19.324057,17.106602,5.3296614
,2022,28.60295,30.458654,19.602535,16.443722,4.8921404
,2000,44.099976,33.43943,4.34661,12.844017,5.2699633
,2001,44.848804,33.24569,4.3734684,12.374499,5.1575375
,2002,45.613716,33.052326,4.372012,11.9589815,5.0029607
,2003,46.385525,32.857975,4.3696547,11.540108,4.8467393
,2004,47.23977,32.572254,4.375958,11.120767,4.6912546
,2005,48.152622,32.187916,4.4204507,10.706342,4.532669
,2006,49.07581,31.82155,4.430191,10.295139,4.37731
,2007,50.01147,31.441011,4.4375443,9.886945,4.2230277
,2008,50.473103,31.53174,4.4435234,9.481437,4.070196
,2009,51.485176,31.072859,4.4474187,9.077253,3.9172907
,2010,52.500965,30.611574,4.4490285,8.674303,3.7641308
,2011,53.519154,30.147432,4.4476337,8.274416,3.6113648
,2012,54.604168,29.616102,4.4427886,7.878013,3.458928
,2013,55.68802,29.093098,4.4303026,7.482838,3.3057427
,2014,56.76385,28.575157,4.4197755,7.088428,3.152787
,2015,57.743202,28.158337,4.3990216,6.698088,3.0013533
,2016,58.70042,27.759205,4.376379,6.312342,2.8516545
,2017,59.64121,27.37285,4.3527145,5.9281983,2.7050269
,2018,60.564716,27.023302,4.30534,5.547704,2.5589383
,2019,61.460613,26.67559,4.2826586,5.1532893,2.4278493
,2020,62.322414,26.339878,4.2639065,4.7607327,2.3130682
,2021,63.173508,26.039797,4.2430687,4.3450956,2.1985326
,2022,63.799328,25.83,4.2442703,4.0262747,2.1001282
LUX,2000,99.831566,0.168432,0,3.7829278e-07,0
LUX,2001,99.830315,0.16968599,0,1.7290413e-06,0
LUX,2002,99.8294,0.170598,0,1.2592668e-06,0
LUX,2003,99.828514,0.17148308,0,0,0
LUX,2004,99.82765,0.17235106,0,0,0
LUX,2005,99.826805,0.17319587,0,0,0
LUX,2006,99.82598,0.174018,0,9.496287e-07,0
LUX,2007,99.82518,0.174818,0,2.3784821e-06,0
LUX,2008,99.8244,0.17559879,0,0,0
LUX,2009,99.82365,0.17635371,0,0,0
LUX,2010,99.82291,0.1770918,0,0,0
LUX,2011,99.82219,0.17781028,0,0,0
LUX,2012,99.77649,0.2107126,0,0.012801136,0
LUX,2013,99.72375,0.24149549,0,0.034753695,0
LUX,2014,99.67429,0.2703134,0,0.055395033,0
LUX,2015,99.62786,0.29731205,0,0.07482716,0
LUX,2016,99.58425,0.32262304,0,0.09312629,0
LUX,2017,99.54323,0.34638092,0,0.11039268,0
LUX,2018,99.5046,0.36870039,0,0.12669577,0
LUX,2019,99.51253,0.36417377,0,0.12329538,0
LUX,2020,99.520065,0.3598717,0,0.12006288,0
LUX,2021,99.52723,0.3557753,0,0.11699173,0
LUX,2022,99.53408,0.3518659,0,0.11405217,0
MAC,2000,99.97121,0.028792823,0,0,0
MAC,2001,99.97121,0.028792823,0,0,0
MAC,2002,99.97121,0.028792823,0,0,0
MAC,2003,99.97121,0.028792823,0,0,0
MAC,2004,99.97336,0.026644915,0,0,0
MAC,2005,99.9755,0.02449701,0,0,0
MAC,2006,99.97765,0.022349102,0,0,0
MAC,2007,99.9798,0.020201197,0,0,0
MAC,2008,99.98195,0.01805329,0,0,0
MAC,2009,99.98409,0.015905384,0,0,0
MAC,2010,99.986244,0.013757477,0,0,0
MAC,2011,99.98839,0.01160957,0,0,0
MAC,2012,99.99054,0.009461664,0,0,0
MAC,2013,99.99268,0.007313758,0,0,0
MAC,2014,99.994835,0.005165851,0,0,0
MAC,2015,99.99698,0.003017945,0,0,0
MAC,2016,99.99913,0.000870038,0,0,0
MAC,2017,100,0,0,0,0
MAC,2018,100,0,0,0,0
MAC,2019,100,0,0,0,0
MAC,2020,100,0,0,0,0
MAC,2021,100,0,0,0,0
MAC,2022,100,0,0,0,0
MDG,2000,6.934228,30.013893,1.9499197,23.656027,37.44593
MDG,2001,7.488781,30.091906,2.0326624,24.10748,36.27917
MDG,2002,8.0596895,30.15299,2.1170332,24.55469,35.115597
MDG,2003,8.646787,30.196817,2.203046,24.997791,33.95556
MDG,2004,9.250258,30.22364,2.290744,25.436579,32.79878
MDG,2005,9.932615,30.322681,2.386552,25.809132,31.549019
MDG,2006,10.6359,30.401943,2.4852903,26.171385,30.305483
MDG,2007,11.359994,30.460993,2.5870214,26.52337,29.06862
MDG,2008,12.105384,30.50019,2.6918764,26.86452,27.83803
MDG,2009,12.87111,30.518114,2.799817,27.195719,26.615242
MDG,2010,13.657627,30.51515,2.910968,27.516436,25.399818
MDG,2011,14.4647665,30.49094,3.025379,27.826777,24.192139
MDG,2012,15.292566,30.44537,3.1431255,28.126627,22.99231
MDG,2013,16.140831,30.37811,3.26425,28.416128,21.80068
MDG,2014,16.763008,30.536095,3.3888593,28.694942,20.617096
MDG,2015,17.386236,30.69121,3.5169568,28.963478,19.442118
MDG,2016,18.02669,30.827663,3.648648,29.221409,18.27559
MDG,2017,18.684448,30.944864,3.7839663,29.468912,17.11781
MDG,2018,19.359823,31.04242,3.9229784,29.705942,15.968836
MDG,2019,20.052565,31.11964,4.0656643,29.932999,14.829131
MDG,2020,20.763533,31.17649,4.2121744,30.14947,13.698333
MDG,2021,21.492128,31.21218,4.3624315,30.356207,12.577055
MDG,2022,22.239223,31.22666,4.5165887,30.552584,11.464945
MWI,2000,6.930723,46.924427,14.10629,24.488739,7.5498204
MWI,2001,7.3010607,47.393375,14.412129,23.600954,7.292479
MWI,2002,7.680516,47.85018,14.718917,22.714775,7.0356126
MWI,2003,8.069427,48.294853,15.026566,21.830006,6.779149
MWI,2004,8.467421,48.727406,15.335151,20.94686,6.5231657
MWI,2005,8.8748455,49.147823,15.644582,20.065153,6.2675967
MWI,2006,9.291318,49.556145,15.954935,19.185091,6.012513
MWI,2007,9.717193,49.952324,16.266115,18.306513,5.757854
MWI,2008,10.152081,50.336437,16.578207,17.429592,5.503686
MWI,2009,10.600551,50.70739,16.890032,16.55269,5.2493362
MWI,2010,11.062706,51.06476,17.201494,15.67614,4.994902
MWI,2011,11.539038,51.40799,17.512394,14.800148,4.74043
MWI,2012,12.029254,51.736767,17.822727,13.925177,4.4860735
MWI,2013,12.534236,52.05039,18.132181,13.051357,4.2318387
MWI,2014,13.053286,52.34868,18.440857,12.179255,3.9779239
MWI,2015,13.587684,52.630745,18.748318,11.308946,3.7243075
MWI,2016,14.136313,52.89662,19.05478,10.441064,3.471222
MWI,2017,14.700463,53.14535,19.359785,9.575739,3.2186613
MWI,2018,15.280214,53.376446,19.663204,8.713388,2.9667468
MWI,2019,15.87523,53.589645,19.965029,7.8544664,2.7156289
MWI,2020,16.486404,53.784065,20.264885,6.9992776,2.4653683
MWI,2021,17.113388,53.959442,20.56276,6.148294,2.216118
MWI,2022,17.75708,54.11483,20.858253,5.3018785,1.9679582
MYS,2000,92.5773,4.3012576,0.39848304,1.868695,0.8542623
MYS,2001,92.69727,4.2413874,0.39600524,1.830063,0.83526784
MYS,2002,92.76328,4.1775017,0.39322618,1.8494947,0.81649435
MYS,2003,92.83031,4.114483,0.390489,1.8667965,0.79792196
MYS,2004,92.89831,4.0523276,0.38779345,1.8820177,0.7795507
MYS,2005,92.96671,3.991282,0.38514954,1.895392,0.7614606
MYS,2006,93.03588,3.9311535,0.38254926,1.906823,0.74359167
MYS,2007,93.10563,3.8720002,0.37999484,1.9164107,0.72596395
MYS,2008,93.17592,3.813818,0.37748605,2.6327763,
MYS,2009,93.24629,3.756789,0.3750302,2.6218922,
MYS,2010,93.31696,3.7007835,0.37262183,2.6096296,
MYS,2011,93.37021,3.653682,0.37058285,2.6055255,
MYS,2012,93.420815,3.6086771,0.36863405,2.6018775,
MYS,2013,93.4715,3.5645204,0.36672425,2.5972567,
MYS,2014,93.52267,3.521023,0.36484563,2.5914657,
MYS,2015,93.57384,3.4783664,0.36300552,2.5847874,
MYS,2016,93.625275,3.4364228,0.3611986,2.5771027,
MYS,2017,93.67532,3.3958642,0.359452,2.5693638,
MYS,2018,93.724205,3.3565605,0.35776028,2.5614727,
MYS,2019,93.771866,3.3185048,0.35612303,2.5535095,
MYS,2020,93.81822,3.2816906,0.3545397,2.5455496,
MYS,2021,93.863365,3.24605,0.35300744,2.5375757,
MYS,2022,93.94192,3.2145383,0.35173687,2.491804,
MDV,2000,,,0.26407522,5.9197497,0
MDV,2001,,,0.2628864,5.537146,0
MDV,2002,,,0.2616054,5.161865,0
MDV,2003,,,0.26023698,4.7943654,0
MDV,2004,,,0.25877795,4.4349174,0
MDV,2005,,,0.2572393,4.0840454,0
MDV,2006,,,0.25610656,3.7493362,0
MDV,2007,,,0.25625744,3.4397538,0
MDV,2008,,,0.23846658,3.1331456,0
MDV,2009,,,0.22060868,2.829607,0
MDV,2010,,,0.2026843,2.529136,0
MDV,2011,,,0.18469605,2.2317553,0
MDV,2012,,,0.16664493,1.9374815,0
MDV,2013,,,0.14853863,1.6463615,0
MDV,2014,,,0.13037482,1.3583887,0
MDV,2015,,,0.11215788,1.0735976,0
MDV,2016,,,0.09389054,0.79201657,0
MDV,2017,,,0.07557683,0.51364726,0
MDV,2018,,,0.061930798,0.44083902,0
MDV,2019,,,0.048399754,0.42439243,0
MDV,2020,,,0.048050694,0.40750423,0
MDV,2021,,,0.047700018,0.3901857,0
MDV,2022,,,0.047348533,0.39430538,0
MLI,2000,,,4.412702,40.973465,4.7406387
MLI,2001,,,4.537115,39.53776,4.531249
MLI,2002,,,4.5838737,38.106544,4.3236847
MLI,2003,,,4.625145,36.68062,4.118095
MLI,2004,,,4.661093,35.25957,3.9144425
MLI,2005,,,4.691994,33.84505,3.712993
MLI,2006,,,4.7179785,32.435753,3.5135841
MLI,2007,,,4.7393136,31.033,3.3164263
MLI,2008,,,4.756172,29.636116,3.1214511
MLI,2009,,,4.7688394,28.246613,2.9288852
MLI,2010,,,4.777582,26.865637,2.7388902
MLI,2011,,,4.782621,25.493486,2.551507
MLI,2012,,,4.784174,24.130415,2.3667705
MLI,2013,,,4.7824564,22.776684,2.1847079
MLI,2014,,,4.7776713,21.43226,2.0053148
MLI,2015,,,4.7700343,20.0976,1.8286353
MLI,2016,,,4.7597394,18.772652,1.6546545
MLI,2017,,,4.7469788,17.457361,1.4833575
MLI,2018,,,4.7319493,16.152113,1.3147686
MLI,2019,,,4.7148304,14.856609,1.1488451
MLI,2020,,,4.6958036,13.571394,0.98561597
MLI,2021,,,4.675038,12.295955,0.8250172
MLI,2022,,,4.6526957,11.011338,0.68650293
MLT,2000,100,0,0,5.04534e-07,0
MLT,2001,100,0,0,3.5514586e-06,0
MLT,2002,100,0,0,0,0
MLT,2003,100,0,0,1.721174e-06,0
MLT,2004,100,0,0,0,0
MLT,2005,100,0,0,4.203339e-07,0
MLT,2006,100,0,0,0,0
MLT,2007,100,0,0,0,0
MLT,2008,100,0,0,3.4548118e-06,0
MLT,2009,100,0,0,4.59049e-07,0
MLT,2010,99.984024,0.01597688,0,0,0
MLT,2011,99.966385,0.033611156,0,2.4532453e-06,0
MLT,2012,99.94875,0.051245183,0,9.583172e-08,0
MLT,2013,99.93112,0.0688792,0,2.7028311e-06,0
MLT,2014,99.91349,0.08651024,0,0,0
MLT,2015,99.89585,0.10414725,0,2.4028852e-06,0
MLT,2016,99.87822,0.12178088,0,0,0
MLT,2017,99.86059,0.13941495,0,0,0
MLT,2018,99.84295,0.15704767,0,0,0
MLT,2019,99.82532,0.17468028,0,0,0
MLT,2020,99.807686,0.19231445,0,0,0
MLT,2021,99.79005,0.20995139,0,8.777277e-07,0
MLT,2022,99.772415,0.22758447,0,0,0
MHL,2001,,,10.655538,0.49800774,0
MHL,2002,,,10.6948595,0.5017264,0
MHL,2003,,,10.7338,0.5054203,0
MHL,2004,,,10.772361,0.50907177,0
MHL,2005,,,10.810464,0.5126851,0
MHL,2006,,,10.836815,0.60366565,0
MHL,2007,,,10.862552,0.69580173,0
MHL,2008,,,10.88783,0.78909427,0
MHL,2009,,,10.909813,0.9318308,0
MHL,2010,,,10.925567,1.181241,0
MHL,2011,,,10.941091,1.4262387,0
MHL,2012,,,10.955999,1.6669223,0
MHL,2013,,,10.9701395,1.9034411,0
MHL,2014,,,10.983658,2.135926,0
MHL,2015,,,10.99647,2.364555,0
MHL,2016,,,11.008651,2.5894403,0
MHL,2017,,,11.020118,2.8107564,0
MHL,2018,,,11.031019,3.0285914,0
MHL,2019,,,11.041197,3.24314,0
MHL,2020,,,11.0508,3.454478,0
MHL,2021,,,11.059826,3.662732,0
MHL,2022,,,11.06819,3.8680701,0
MTQ,2000,99.324455,0.4377883,0,0.23775667,0
MTQ,2001,99.324455,0.4377883,0,0.23775667,0
MTQ,2002,99.324455,0.4377883,0,0.23775667,0
MTQ,2003,99.324455,0.4377883,0,0.23775667,0
MTQ,2004,99.324455,0.4377883,0,0.23775667,0
MTQ,2005,99.324455,0.4377883,0,0.23775667,0
MTQ,2006,99.32159,0.43777567,0,0.240634,0
MTQ,2007,99.318726,0.43776304,0,0.24351133,0
MTQ,2008,99.28191,0.47169572,0,0.24638866,0
MTQ,2009,99.24511,0.50562644,0,0.24926598,0
MTQ,2010,99.2083,0.5395552,0,0.2521433,0
MTQ,2011,99.1715,0.573482,0,0.25502062,0
MTQ,2012,99.1347,0.60740685,0,0.25789794,0
MTQ,2013,99.09789,0.64132977,0,0.26077527,0
MTQ,2014,99.0611,0.67525065,0,0.2636526,0
MTQ,2015,99.0243,0.7091696,0,0.26652992,0
MTQ,2016,98.9875,0.74308664,0,0.26940724,0
MTQ,2017,98.950714,0.7770017,0,0.2722846,0
MTQ,2018,98.913925,0.8109148,0,0.27516192,0
MTQ,2019,98.87714,0.8448259,0,0.27803925,0
MTQ,2020,98.84035,0.8787351,0,0.28091657,0
MTQ,2021,98.803566,0.91264236,0,0.2837939,0
MTQ,2022,98.76963,0.9465749,0,0.2837939,0
MRT,2000,,,18.918545,33.447224,5.961517
MRT,2001,,,19.303259,32.56452,5.6422668
MRT,2002,,,19.117678,31.54327,5.302864
MRT,2003,,,18.899426,30.531092,4.9685264
MRT,2004,,,18.648664,29.528137,4.6393204
MRT,2005,,,18.36539,28.535774,4.3154926
MRT,2006,,,18.049911,27.553686,3.9970245
MRT,2007,,,17.702461,26.58198,3.6839645
MRT,2008,,,17.323307,25.620365,3.3763103
MRT,2009,,,16.912561,24.671263,3.0744014
MRT,2010,,,16.470642,23.733171,2.7780623
MRT,2011,,,15.997831,22.806545,2.4873724
MRT,2012,,,15.494447,21.891802,2.2023976
MRT,2013,,,14.960885,20.990051,1.9232596
MRT,2014,,,14.39779,20.10404,1.6501966
MRT,2015,,,13.8058605,19.234264,1.3831779
MRT,2016,,,13.185856,18.35098,1.1523211
MRT,2017,,,12.538376,17.46921,0.9415204
MRT,2018,,,11.864257,16.602507,0.7378906
MRT,2019,,,11.164137,15.750299,0.54125047
MRT,2020,,,10.4388485,14.912972,0.35145855
MRT,2021,,,9.689015,14.089943,0.16832967
MRT,2022,,,8.9155,13.273242,0
MUS,2000,,,0,0.51996243,0.16370012
MUS,2001,,,0,0.49455443,0.15587498
MUS,2002,,,0,0.46909618,0.1480207
MUS,2003,,,0,0.44358802,0.1401345
MUS,2004,,,0,0.41802272,0.13221636
MUS,2005,,,0,0.392402,0.124264255
MUS,2006,,,0,0.36673558,0.11628241
MUS,2007,,,0,0.3410165,0.10826687
MUS,2008,,,0,0.31524202,0.10022133
MUS,2009,,,0,0.28941354,0.092142366
MUS,2010,,,0,0.26353663,0.08403176
MUS,2011,,,0,0.23761007,0.07588952
MUS,2012,,,0,0.2116267,0.0677167
MUS,2013,,,0,0.18559101,0.059510123
MUS,2014,,,0,0.15949965,0.051272966
MUS,2015,,,0,0.13336246,0.04300417
MUS,2016,,,0,0.107148476,0.03469343
MUS,2017,,,0,0.08087215,0.026349729
MUS,2018,,,0,0.054554805,0.017982045
MUS,2019,,,0,0.028201923,0.009599357
MUS,2020,,,0,0.004199758,0
MUS,2021,,,0,0,0
MUS,2022,,,0,4.5090533e-07,0
MYT,2006,79.365685,18.055418,0,2.5788991,
MYT,2007,79.365685,18.055418,0,2.5788991,
MYT,2008,79.365685,18.055418,0,2.5788991,
MYT,2009,79.1273,18.001186,0,0,2.871519
MYT,2010,79.1273,18.001186,0,0,2.871519
MYT,2011,81.47008,15.655062,0,7.5495166e-15,2.874863
MYT,2012,83.81269,13.309098,0,0,2.8782144
MYT,2013,86.11317,10.957956,0,0.04870268,2.8801703
MYT,2014,88.35107,8.603405,0,0.16536057,2.8801703
MYT,2015,90.58332,6.254488,0,0.28201845,2.8801703
MYT,2016,92.80995,3.9112053,0,0.39867637,2.8801703
MYT,2017,94.31672,2.2877767,0,0.51533425,2.8801703
MYT,2018,93.87686,2.6109724,0,3.5121624,
MYT,2019,93.4378,2.93338,0,3.6288202,
MYT,2020,93.112236,3.2589443,0,3.6288202,
MYT,2021,92.786674,3.5845084,0,3.6288202,
MYT,2022,92.461105,3.9100728,0,3.6288202,
MEX,2000,39.592655,51.011726,1.1204544,5.834293,2.4408705
MEX,2001,39.776936,51.397156,0.97766304,5.4344106,2.4138346
MEX,2002,39.95924,51.779922,0.8349406,5.0388446,2.3870502
MEX,2003,40.139606,52.160007,0.69234425,4.7722955,2.2357469
MEX,2004,40.318104,52.537476,0.549912,4.5071397,2.0873682
MEX,2005,40.494644,52.9121,0.40773612,4.243486,1.9420294
MEX,2006,40.66932,53.283985,0.26584703,3.981237,1.7996113
MEX,2007,40.842094,53.65303,0.12429874,3.7204406,1.6601366
MEX,2008,41.0131,54.002495,0,3.4609678,1.523438
MEX,2009,41.182266,54.22524,0,3.202903,1.3895952
MEX,2010,41.349667,54.445656,0,2.946172,1.2585069
MEX,2011,41.515476,54.663982,0,2.6905828,1.1299568
MEX,2012,41.679592,54.880074,0,2.4362562,1.0040776
MEX,2013,41.842083,55.09403,0,2.183114,0.8807719
MEX,2014,42.00296,55.30586,0,1.9311401,0.7600397
MEX,2015,42.162163,55.515484,0,1.6804177,0.6419346
MEX,2016,42.31976,55.72299,0,1.4308668,0.52638566
MEX,2017,42.4757,55.92832,0,1.1825513,0.41342884
MEX,2018,42.630024,56.131523,0,0.9354303,0.30302423
MEX,2019,42.782745,56.33261,0,0.68948835,0.19515865
MEX,2020,42.8921,56.476604,0,0.53746146,0.09383398
MEX,2021,42.96604,56.57396,0,0.45412087,0.005876423
MEX,2022,43.03788,56.66855,0,0.29357055,0
FSM,2000,,,0,8.910352,
FSM,2001,,,0,8.971312,
FSM,2002,,,0,9.032271,
FSM,2003,,,0,9.093231,
FSM,2004,,,0,9.154191,
FSM,2005,,,0,9.215151,
FSM,2006,,,0,2.2761106,7
FSM,2007,,,0,2.3370705,7
FSM,2008,,,0,2.3980303,7
FSM,2009,,,0,2.45899,7
FSM,2010,,,0,2.51995,7
FSM,2011,,,0,2.5809097,7
FSM,2012,,,0,2.6418695,7
FSM,2013,,,0,2.7028294,7
FSM,2014,,,0,2.7637892,7
FSM,2015,,,0,9.824749,
FSM,2016,,,0,9.885709,
FSM,2017,,,0,9.885709,
FSM,2018,,,0,9.885709,
FSM,2019,,,0,9.885709,
FSM,2020,,,0,9.885709,
MDA,2000,40.353283,42.56589,1.4275892,15.6532345,0
MDA,2001,42.261364,40.99249,1.4339677,15.312176,0
MDA,2002,44.215874,39.37728,1.4399973,14.9668455,0
MDA,2003,46.217403,37.719673,1.4456733,14.6172495,0
MDA,2004,48.26705,36.018776,1.4509894,14.2631855,0
MDA,2005,50.455475,34.21903,1.4555776,13.869918,0
MDA,2006,52.77063,32.329422,1.4595693,13.440377,0
MDA,2007,55.117805,30.408302,1.4633741,13.010516,0
MDA,2008,57.49706,28.455631,1.4669919,12.580318,0
MDA,2009,59.90842,26.47136,1.470422,12.1497965,0
MDA,2010,62.351955,24.455444,1.4736645,11.718938,0
MDA,2011,64.82769,22.407837,1.4767187,11.287751,0
MDA,2012,67.335686,20.328495,1.4795843,10.856231,0
MDA,2013,69.875984,18.217373,1.482261,10.424385,0
MDA,2014,72.44862,16.074423,1.4847485,9.992204,0
MDA,2015,72.773735,16.17772,1.4922705,9.556278,0
MDA,2016,73.10594,16.277515,1.4997979,9.116741,0
MDA,2017,73.44444,16.373945,1.5073231,8.674287,0
MDA,2018,73.789215,16.466759,1.5148387,8.229186,0
MDA,2019,74.139725,16.555965,1.5223373,7.7819757,0
MDA,2020,74.49594,16.641312,1.5298115,7.3329396,0
MDA,2021,74.857574,16.722672,1.5372537,6.882503,0
MDA,2022,75.22434,16.799927,1.5446566,6.431075,0
MCO,2000,100,0,0,0,0
MCO,2001,100,0,0,0,0
MCO,2002,100,0,0,0,0
MCO,2003,100,0,0,0,0
MCO,2004,100,0,0,0,0
MCO,2005,100,0,0,0,0
MCO,2006,100,0,0,0,0
MCO,2007,100,0,0,0,0
MCO,2008,100,0,0,0,0
MCO,2009,100,0,0,0,0
MCO,2010,100,0,0,0,0
MCO,2011,100,0,0,0,0
MCO,2012,100,0,0,0,0
MCO,2013,100,0,0,0,0
MCO,2014,100,0,0,0,0
MCO,2015,100,0,0,0,0
MCO,2016,100,0,0,0,0
MCO,2017,100,0,0,0,0
MCO,2018,100,0,0,0,0
MCO,2019,100,0,0,0,0
MCO,2020,100,0,0,0,0
MCO,2021,100,0,0,0,0
MCO,2022,100,0,0,0,0
MNG,2000,18.255875,44.239487,6.2789516,12.943586,18.2821
MNG,2001,19.215406,44.677692,6.3657055,12.385304,17.35589
MNG,2002,20.196634,45.066555,6.4441504,11.8385515,16.45411
MNG,2003,21.19854,45.406715,6.514419,11.303427,15.5769
MNG,2004,22.220083,45.698883,6.576657,10.780014,14.724364
MNG,2005,23.258907,45.94295,6.6310844,10.269137,13.89792
MNG,2006,24.315554,46.140938,6.677817,9.769854,13.095837
MNG,2007,25.388634,46.29348,6.7170486,9.282391,12.318446
MNG,2008,26.477415,46.40167,6.748949,8.80658,11.565388
MNG,2009,27.57911,46.465683,6.7738566,8.343274,10.838079
MNG,2010,28.695032,46.48768,6.7918053,7.8912296,10.134256
MNG,2011,29.620155,46.399666,6.823299,7.5433435,9.613535
MNG,2012,30.440584,46.256557,6.864011,7.2504883,9.188358
MNG,2013,31.271063,46.10271,6.903445,6.9582553,8.764526
MNG,2014,32.11119,45.938084,6.9416485,6.666795,8.342286
MNG,2015,32.96165,45.762875,6.9785395,6.375802,7.921135
MNG,2016,33.822056,45.577026,7.0141616,6.085428,7.5013275
MNG,2017,34.691986,45.380547,7.0485735,5.7958117,7.0830817
MNG,2018,35.577793,45.173767,7.080815,5.5047617,6.6628647
MNG,2019,36.479572,44.956043,7.110742,5.212489,6.2411566
MNG,2020,37.39738,44.726738,7.1382113,4.9122915,5.8253775
MNG,2021,38.330517,44.485294,7.163214,4.55946,5.461516
MNG,2022,39.280155,44.23107,7.1854215,4.2056966,5.097655
MNE,2006,83.86928,11.316688,3.1098044,1.5202354,0.18399288
MNE,2007,83.9874,11.442824,2.9548295,1.4459757,0.16897434
MNE,2008,84.07976,11.594929,2.7990718,1.3722205,0.15401919
MNE,2009,84.17143,11.747862,2.6425107,1.2990608,0.1391322
MNE,2010,84.26259,11.901506,2.485168,1.2264276,0.12430953
MNE,2011,84.353294,12.055803,2.3270526,1.1542984,0.10954951
MNE,2012,84.44356,12.210753,2.1681657,1.0826724,0.09485214
MNE,2013,84.53345,12.366302,2.0085125,1.0115237,0.08021622
MNE,2014,84.62296,12.522448,1.8480917,0.9408572,0.065642014
MNE,2015,84.712105,12.679193,1.6869019,0.87067235,0.05112982
MNE,2016,84.8008,12.83659,1.5249405,0.80099356,0.036680847
MNE,2017,84.88911,12.994586,1.3622093,0.7281739,0.025921855
MNE,2018,84.953575,13.552724,0.7958185,0.67897415,0.018908873
MNE,2019,85.01322,13.668183,0.6712898,0.6352741,0.012032267
MNE,2020,85.0722,13.784713,0.5454788,0.5923162,0.005292651
MNE,2021,85.09556,13.764834,0.54821074,0.5861577,0.005237627
MNE,2022,85.11892,13.744956,0.55094266,0.5800011,0.005182604
MSR,2000,,,0,1.9491656,0
MSR,2001,,,0,1.9478332,0
MSR,2002,,,0,1.9465008,0
MSR,2003,,,0,1.9451684,0
MSR,2004,,,0,1.943836,0
MSR,2005,,,0,1.9425036,0
MSR,2006,,,0,1.9411712,0
MSR,2007,,,0,1.9398388,0
MSR,2008,,,0,1.9385064,0
MSR,2009,,,0,1.937174,0
MSR,2010,,,0,1.9358414,0
MSR,2011,,,0,1.934509,0
MSR,2012,,,0,1.9331766,0
MSR,2013,,,0,1.9318442,0
MSR,2014,,,0,1.9305118,0
MSR,2015,,,0,1.9291794,0
MSR,2016,,,0,1.927847,0
MSR,2017,,,0,1.9265146,0
MSR,2018,,,0,1.9251822,0
MSR,2019,,,0,1.9238498,0
MSR,2020,,,0,1.9225174,0
MSR,2021,,,0,1.9225174,0
MSR,2022,,,0,1.9225174,0
MAR,2000,41.516567,23.279337,4.92076,27.254583,3.0287552
MAR,2001,41.95547,23.671413,5.0375934,26.489573,2.8459506
MAR,2002,42.393078,24.195501,5.0157776,25.730389,2.6652532
MAR,2003,42.828274,24.721277,4.985716,24.977957,2.4867773
MAR,2004,43.261616,25.248598,4.9475126,24.231808,2.3104637
MAR,2005,43.805397,25.77532,4.8886576,23.403564,2.127062
MAR,2006,44.36928,26.298326,4.8193746,22.567625,1.9453907
MAR,2007,44.92939,26.81735,4.742633,21.743086,1.7675409
MAR,2008,47.73959,25.077744,4.658784,20.930344,1.5935389
MAR,2009,50.60236,23.27635,4.568176,20.129715,1.4233967
MAR,2010,53.51767,21.414455,4.4709105,19.339966,1.2569978
MAR,2011,56.482193,19.49371,4.3674536,18.562223,1.094419
MAR,2012,59.49482,17.515503,4.2580256,17.796041,0.9356085
MAR,2013,62.553364,15.4814,4.142963,17.041708,0.7805654
MAR,2014,65.65674,13.392738,4.022483,16.298794,0.62924415
MAR,2015,68.28291,11.770955,3.8969128,15.5625105,0.48670918
MAR,2016,69.90109,11.147079,3.766468,14.836848,0.3485139
MAR,2017,71.52532,10.506495,3.6314692,14.122635,0.21408165
MAR,2018,73.15412,10.879258,2.4634557,13.419782,0.083381794
MAR,2019,73.584076,11.397775,2.3332634,12.684886,0
MAR,2020,73.91218,12.006582,2.1997962,11.881441,0
MAR,2021,74.59271,12.250601,2.0634205,11.093266,0
MAR,2022,74.824196,12.195259,2.0329301,10.947612,0
MOZ,2000,,,5.767629,54.30948,17.209381
MOZ,2001,,,6.403498,52.873325,16.957088
MOZ,2002,,,6.890029,51.160538,16.667482
MOZ,2003,,,7.3395724,49.45123,16.378534
MOZ,2004,,,7.7523384,47.745037,16.090076
MOZ,2005,,,8.128508,46.04235,15.802278
MOZ,2006,,,8.46827,44.34248,15.514813
MOZ,2007,,,8.771831,42.646477,15.228178
MOZ,2008,,,9.034041,40.862427,14.896612
MOZ,2009,,,9.256485,39.07873,14.562342
MOZ,2010,,,9.439893,37.302814,14.228945
MOZ,2011,,,9.584803,35.535435,13.896766
MOZ,2012,,,9.691726,33.77671,13.5658245
MOZ,2013,,,9.761179,32.026752,13.236143
MOZ,2014,,,9.79369,30.285685,12.907743
MOZ,2015,,,9.789796,28.553614,12.580647
MOZ,2016,,,9.750042,26.830667,12.254875
MOZ,2017,,,9.675041,25.11718,11.930596
MOZ,2018,,,9.565303,23.413029,11.607682
MOZ,2019,,,9.421215,21.717678,11.285738
MOZ,2020,,,9.243408,20.031542,10.964939
MOZ,2021,,,9.51962,18.354403,10.645046
MOZ,2022,,,9.791081,16.687046,10.326507
MMR,2000,27.514257,20.212597,18.977772,17.560144,15.73523
MMR,2001,28.961226,20.227816,18.304003,16.9947,15.512257
MMR,2002,30.434303,20.237017,17.608618,16.429945,15.290118
MMR,2003,31.933739,20.240131,16.891666,15.865785,15.068681
MMR,2004,33.459457,20.23712,16.153254,15.302216,14.847955
MMR,2005,35.011383,20.22794,15.393487,14.739246,14.627945
MMR,2006,36.589092,20.212616,14.61253,14.176976,14.408785
MMR,2007,38.19285,20.191051,13.810432,13.615318,14.19035
MMR,2008,39.822567,20.163204,12.987307,13.054275,13.972647
MMR,2009,41.477825,20.129122,12.143313,12.493936,13.755803
MMR,2010,43.159233,20.088587,11.278461,11.934134,13.539584
MMR,2011,44.668446,20.239311,10.392964,11.375048,13.324232
MMR,2012,45.984425,20.602463,9.486884,10.816593,13.109636
MMR,2013,47.316082,20.968771,8.560379,10.258856,12.895912
MMR,2014,48.66386,21.33813,7.6134768,9.701689,12.682844
MMR,2015,50.031273,21.709728,6.6457996,9.144129,12.4690695
MMR,2016,51.417805,22.08387,5.657545,8.586194,12.254586
MMR,2017,52.822575,22.460968,4.648973,8.02798,12.039504
MMR,2018,54.24494,22.841394,3.620333,7.4694967,11.823834
MMR,2019,55.683693,23.225641,2.5719573,6.910918,11.607789
MMR,2020,56.771027,23.957737,1.5274324,6.3523254,11.391479
MMR,2021,57.325474,25.005587,0.7004214,5.793688,11.1748295
MMR,2022,57.3965,24.987942,0.6971211,5.773404,11.145035
NAM,2000,,,7.363231,7.1608534,9.513105
NAM,2001,,,7.4045067,7.0153975,9.211114
NAM,2002,,,7.4118342,6.842038,8.867921
NAM,2003,,,7.4122996,6.6642046,8.52155
NAM,2004,,,7.412042,6.487164,8.180394
NAM,2005,,,7.4115663,6.311358,7.845211
NAM,2006,,,7.4105763,6.1365776,7.51575
NAM,2007,,,7.409273,5.963023,7.192369
NAM,2008,,,7.407562,5.7906446,6.87507
NAM,2009,,,7.4060354,5.619929,6.5646086
NAM,2010,,,7.4041033,5.4504523,6.260428
NAM,2011,,,7.4022574,5.282614,5.963141
NAM,2012,,,7.3976674,5.1142783,5.6700726
NAM,2013,,,7.393079,4.94761,5.384153
NAM,2014,,,7.388492,4.7826223,5.105461
NAM,2015,,,7.3841963,4.6195593,4.834323
NAM,2016,,,7.3818307,4.4596224,4.5721407
NAM,2017,,,7.3817644,4.303043,4.3190746
NAM,2018,,,7.3839784,4.1497717,4.0749364
NAM,2019,,,7.3212166,3.9997604,3.8395379
NAM,2020,,,7.258907,3.8530793,3.6128218
NAM,2021,,,7.1970887,3.7096696,3.3945785
NAM,2022,,,7.103741,3.6479228,3.3362217
NRU,2000,,,0,1.9182062,0
NRU,2001,,,0,1.990102,0
NRU,2002,,,0,2.061998,0
NRU,2003,,,0,2.1338937,0
NRU,2004,,,0,2.2057896,0
NRU,2005,,,0,2.2776854,0
NRU,2006,,,0,2.3495812,0
NRU,2007,,,0,2.421477,0
NRU,2008,,,0,2.493373,0
NRU,2009,,,0,2.5652688,0
NRU,2010,,,0,2.6371646,0
NRU,2011,,,0,2.7090604,0
NRU,2012,,,0,2.7809563,0
NRU,2013,,,0,2.852852,0
NRU,2014,,,0,2.924748,0
NRU,2015,,,0,2.9966438,0
NRU,2016,,,0,2.9966438,0
NRU,2017,,,0,2.9966438,0
NRU,2018,,,0,2.9966438,0
NRU,2019,,,0,2.9966438,0
NPL,2000,26.741066,52.928722,0.9687193,15.971521,3.3899703
NPL,2001,27.037687,53.287594,1.1022718,15.299558,3.2728896
NPL,2002,27.299574,53.63685,1.238285,14.663071,3.1622214
NPL,2003,27.560543,53.980724,1.3763857,14.030352,3.051995
NPL,2004,27.82055,54.319164,1.5165459,13.401516,2.9422238
NPL,2005,28.07956,54.652107,1.6587368,12.776676,2.832922
NPL,2006,28.337532,54.979507,1.8029289,12.15593,2.7241032
NPL,2007,28.594538,55.301285,1.9490881,11.539324,2.6157653
NPL,2008,28.850422,55.6174,2.097186,10.927049,2.50794
NPL,2009,29.105146,55.927803,2.2471907,10.319218,2.4006414
NPL,2010,29.358671,56.232437,2.3990693,9.71594,2.2938833
NPL,2011,29.61106,56.53121,2.5527825,9.117279,2.187667
NPL,2012,29.862654,56.82388,2.7082705,8.523237,2.0819619
NPL,2013,28.432566,58.790993,2.8655095,7.9341025,1.9768283
NPL,2014,26.976387,60.77694,3.0244377,7.349981,1.8722562
NPL,2015,25.494219,62.78136,3.185024,6.7711043,1.7682911
NPL,2016,23.986555,64.80365,3.3472075,6.197648,1.664939
NPL,2017,22.453627,66.84337,3.5109475,5.6298246,1.5622349
NPL,2018,20.895864,68.89991,3.6761851,5.0678415,1.4601974
NPL,2019,19.313541,70.972824,3.842878,4.5118957,1.3588599
NPL,2020,17.707117,73.06146,4.0109634,3.9622104,1.2582426
NPL,2021,16.0769,75.16535,4.180397,3.4189754,1.1583768
NPL,2022,16.116636,75.11846,4.1750793,3.4329638,1.1568606
NLD,2000,99.99387,0.006126544,0,3.009696e-06,0
NLD,2001,99.99269,0.007307439,0,1.6131796e-06,0
NLD,2002,99.99151,0.008488335,0,1.2771851e-06,0
NLD,2003,99.99033,0.009667087,0,0,0
NLD,2004,99.98915,0.010850126,0,5.426675e-07,0
NLD,2005,99.98797,0.012030686,0,0,0
NLD,2006,99.986786,0.013211917,0,1.483476e-06,0
NLD,2007,99.98561,0.01439024,0,0,0
NLD,2008,99.98443,0.015572107,0,0,0
NLD,2009,99.983246,0.016754605,0,1.4291555e-06,0
NLD,2010,99.98206,0.0179355,0,3.408571e-07,0
NLD,2011,99.98088,0.019116122,0,0,0
NLD,2012,99.979706,0.020296134,0,0,0
NLD,2013,99.97852,0.021478187,0,1.1463528e-06,0
NLD,2014,99.97734,0.022658762,0,0,0
NLD,2015,99.97616,0.023839653,0,0,0
NLD,2016,99.974976,0.025020873,0,2.8228462e-06,0
NLD,2017,99.9738,0.026201073,0,0,0
NLD,2018,99.97262,0.027382005,0,0,0
NLD,2019,99.971436,0.028561667,0,0,0
NLD,2020,99.97026,0.02974232,0,0,0
NLD,2021,99.96908,0.030923702,0,0,0
NLD,2022,99.96789,0.032106247,0,2.5631687e-06,0
NCL,2000,87.04396,8.061014,0,4.895023,0
NCL,2001,87.04396,8.061014,0,4.895023,0
NCL,2002,87.04396,8.061014,0,4.895023,0
NCL,2003,87.70611,7.632219,0,4.6616707,0
NCL,2004,88.37045,7.2012267,0,4.428318,0
NCL,2005,89.036995,6.768039,0,4.194966,0
NCL,2006,89.705734,6.3326554,0,3.9616132,0
NCL,2007,90.37666,5.8950763,0,3.7282608,0
NCL,2008,91.04979,5.455301,0,3.4949083,0
NCL,2009,91.72511,5.0133295,0,3.261556,0
NCL,2010,92.40263,4.5691624,0,3.0282035,0
NCL,2011,93.08235,4.1227994,0,2.794851,0
NCL,2012,93.76426,3.6742406,0,2.5614986,0
NCL,2013,94.448364,3.223486,0,2.3281465,0
NCL,2014,95.134674,2.7705352,0,2.094794,0
NCL,2015,95.50278,2.6357837,0,1.8614415,0
NCL,2016,95.72986,2.642051,0,1.6280891,0
NCL,2017,95.95695,2.6483183,0,1.3947366,0
NCL,2018,96.18403,2.6545856,0,1.1613842,0
NCL,2019,96.41112,2.660853,0,0.92803186,0
NCL,2020,96.6382,2.6671202,0,0.69467944,0
NCL,2021,96.86529,2.6733875,0,0.46132702,0
NCL,2022,96.86529,2.6733875,0,0.46132702,0
NZL,2000,84.39357,15.606428,0,2.2797552e-07,0
NZL,2001,84.39357,15.606428,0,5.2725017e-07,0
NZL,2002,84.39357,15.606428,0,3.9571145e-07,0
NZL,2003,84.39357,15.606428,0,5.2229854e-07,0
NZL,2004,84.39357,15.606428,0,1.579188e-06,0
NZL,2005,84.39357,15.606428,0,0,0
NZL,2006,85.37428,14.625714,0,2.2661977e-06,0
NZL,2007,86.355,13.645,0,0,0
NZL,2008,87.33571,12.664286,0,2.5444215e-06,0
NZL,2009,88.31643,11.683569,0,0,0
NZL,2010,89.29714,10.702857,0,1.1121971e-06,0
NZL,2011,90.27786,9.72214,0,0,0
NZL,2012,91.258575,8.741427,0,0,0
NZL,2013,92.23929,7.760714,0,4.0592792e-07,0
NZL,2014,93.22,6.7799997,0,1.1898231e-06,0
NZL,2015,94.200714,5.799286,0,7.4455977e-07,0
NZL,2016,95.18143,4.81857,0,0,0
NZL,2017,96.16215,3.8378544,0,0,0
NZL,2018,97.14286,2.857143,0,0,0
NZL,2019,98.12357,1.876425,0,0,0
NZL,2020,99.10429,0.89571196,0,0,0
NZL,2021,100,0,0,3.7693892e-06,0
NZL,2022,100,0,0,0,0
NIC,2000,47.849022,32.79715,0.60872424,14.383278,4.3618255
NIC,2001,47.949993,32.721256,0.66876984,14.363026,4.296956
NIC,2002,48.051052,32.646503,0.7281192,14.34186,4.2324653
NIC,2003,48.152588,32.57281,0.7867657,14.319569,4.168265
NIC,2004,48.2546,32.500175,0.8447114,14.296159,4.1043544
NIC,2005,48.358696,32.428326,0.9018925,14.270686,4.0403976
NIC,2006,48.481026,32.354725,0.9575695,14.2336035,3.973076
NIC,2007,48.60358,32.28249,1.0124284,14.195278,3.9062207
NIC,2008,49.635544,31.303123,1.0664345,14.155233,3.8396652
NIC,2009,50.656265,30.336586,1.1196313,14.113945,3.7735734
NIC,2010,51.666187,29.382765,1.1720023,14.071184,3.7078633
NIC,2011,52.665356,28.441614,1.2235504,14.026947,3.6425347
NIC,2012,53.653816,27.513086,1.2742786,13.981231,3.5775876
NIC,2013,54.63162,26.597137,1.3241901,13.934034,3.5130224
NIC,2014,55.080795,26.211342,1.3733174,13.885632,3.4489136
NIC,2015,55.167545,26.185583,1.4259273,13.83576,3.385185
NIC,2016,55.25507,26.160902,1.4777756,13.784416,3.3218355
NIC,2017,55.310844,26.124832,1.5309834,13.726865,3.3064744
NIC,2018,55.374985,26.146101,1.5233716,13.665457,3.2900844
NIC,2019,55.443436,26.168802,1.5152476,13.599922,3.2725914
NIC,2020,55.51592,26.192837,1.5066457,13.530531,3.2540693
NER,2000,,,4.9070096,54.743385,2.863316
NER,2001,,,5.383243,53.523575,2.860788
NER,2002,,,5.881417,52.35056,2.860959
NER,2003,,,6.4004645,51.176865,2.8610957
NER,2004,,,6.9404054,50.007736,2.856559
NER,2005,,,7.5012712,48.83546,2.8556333
NER,2006,,,8.083011,47.662544,2.854669
NER,2007,,,8.685652,46.489532,2.8537002
NER,2008,,,9.309239,45.316917,2.8527577
NER,2009,,,9.953698,44.143696,2.8517787
NER,2010,,,10.619067,42.970383,2.8507948
NER,2011,,,11.305407,41.79743,2.849836
NER,2012,,,12.012612,40.623905,2.8488424
NER,2013,,,12.740738,39.450283,2.847844
NER,2014,,,13.4886875,38.270237,2.8464224
NER,2015,,,14.256032,37.083492,2.84455
NER,2016,,,15.042611,35.89146,2.8423102
NER,2017,,,15.847923,34.693924,2.839677
NER,2018,,,16.671787,33.49224,2.8367324
NER,2019,,,17.51363,32.286232,2.8334527
NER,2020,,,18.373022,31.076529,2.8298678
NER,2021,,,19.249636,29.864079,2.8260322
NER,2022,,,19.633184,28.648817,2.8219275
NGA,2000,12.600809,31.841469,8.495299,24.018736,23.043688
NGA,2001,12.965819,32.762794,8.740322,22.697956,22.833109
NGA,2002,13.777433,33.510876,8.704022,22.176174,21.831497
NGA,2003,14.61391,34.242855,8.65037,21.651556,20.84131
NGA,2004,15.4754925,34.958,8.579248,21.124268,19.862991
NGA,2005,16.362274,35.6554,8.490515,20.594631,18.897182
NGA,2006,17.274704,36.33483,8.384187,20.062464,17.943815
NGA,2007,18.213123,36.995846,8.260231,19.527742,17.003057
NGA,2008,19.177872,37.63798,8.11861,18.990461,16.075077
NGA,2009,20.16865,38.260056,7.9591827,18.451305,15.160806
NGA,2010,21.18622,38.86223,7.782039,17.909742,14.25977
NGA,2011,22.228798,39.442158,7.586941,17.367907,13.374194
NGA,2012,23.201637,40.094585,7.3740315,16.825817,12.503932
NGA,2013,23.791672,41.131897,7.143436,16.283844,11.649153
NGA,2014,24.37981,42.173195,6.8953214,15.74201,10.809663
NGA,2015,24.965881,43.218662,6.629855,15.200336,9.985266
NGA,2016,25.549215,44.268013,6.347215,14.659389,9.176169
NGA,2017,26.130014,45.32172,6.0475893,14.11882,8.381855
NGA,2018,26.707813,46.379646,5.7311788,13.579025,7.602338
NGA,2019,27.282337,47.441788,5.3982024,13.04021,6.8374615
NGA,2020,27.85349,48.5083,5.048872,12.502405,6.0869327
NGA,2021,28.42103,49.579163,4.683424,11.965828,5.3505545
NGA,2022,28.984884,50.654522,4.3020797,11.430501,4.6280107
NIU,2000,98.25068,0.9924311,0,0.7568867,0
NIU,2001,98.25068,0.9924311,0,0.7568867,0
NIU,2002,98.25068,0.9924311,0,0.7568867,0
NIU,2003,98.25068,0.9924311,0,0.7568867,0
NIU,2004,98.25068,0.9924311,0,0.7568867,0
NIU,2005,98.103355,0.99094296,0,0.90570253,0
NIU,2006,97.956024,0.9894548,0,1.0545183,0
NIU,2007,97.8087,0.98796666,0,1.2033341,0
NIU,2008,97.66137,0.9864785,0,1.35215,0
NIU,2009,97.514046,0.98499036,0,1.5009657,0
NIU,2010,97.366714,0.9835022,0,1.6497816,0
NIU,2011,97.11403,1.0873727,0,1.7985973,0
NIU,2012,96.664246,1.3883384,0,1.9474132,0
NIU,2013,96.215385,1.6883856,0,2.096229,0
NIU,2014,95.76744,1.9875143,0,2.2450447,0
NIU,2015,95.32041,2.2857244,0,2.3938606,0
NIU,2016,94.874306,2.583016,0,2.5426764,0
NIU,2017,94.429115,2.8793888,0,2.6914923,0
NIU,2018,93.98485,3.1748433,0,2.840308,0
NIU,2019,93.5415,3.4693792,0,2.9891238,0
NIU,2020,93.5415,3.4693792,0,2.9891238,0
NIU,2021,93.5415,3.4693792,0,2.9891238,0
NIU,2022,93.5415,3.4693792,0,2.9891238,0
PRK,2000,68.99947,30.303473,0.69706005,0,
PRK,2001,69.01835,30.284195,0.697455,2.1929804e-06,
PRK,2002,69.03723,30.26492,0.69785005,0,
PRK,2003,69.05587,30.245888,0.69824,0,
PRK,2004,69.036316,30.203184,0.69829524,0.062203716,
PRK,2005,68.8284,30.037067,0.69674903,0.4377815,
PRK,2006,68.62117,29.871168,0.69521034,0.81244993,
PRK,2007,68.41413,29.705967,0.693669,1.1862308,
PRK,2008,68.20753,29.541222,0.6921302,1.5591171,
PRK,2009,68.020874,29.359303,0.69098496,1.9288396,
PRK,2010,67.842,29.172188,0.6899823,2.2958298,
PRK,2011,67.66362,28.986582,0.688975,2.6608188,
PRK,2012,67.48652,28.80181,0.68797845,3.0236964,
PRK,2013,67.31016,28.618315,0.6869825,3.1109703,0.27357402
PRK,2014,67.1348,28.43587,0.6859922,3.471018,0.272314
PRK,2015,66.96019,28.254688,0.6850024,3.8290563,0.27106097
PRK,2016,66.79067,28.07143,0.684096,4.1840987,0.26970303
PRK,2017,66.625824,27.886631,0.6832634,4.536029,0.268254
PRK,2018,66.46603,27.700205,0.6825104,4.8845496,0.26670697
PRK,2019,66.31141,27.512278,0.6818376,5.2294145,0.265062
PRK,2020,66.3809,27.462948,0.6831312,5.20969,0.26333302
PRK,2021,66.45432,27.410822,0.6844981,5.1888547,0.261506
PRK,2022,66.5314,27.356102,0.685933,5.426565,
MKD,2000,80.47444,16.411045,2.4836693,0.58295614,0.04788535
MKD,2001,80.45274,16.436703,2.476955,0.5854761,0.048126787
MKD,2002,80.43104,16.462358,2.470241,0.58799756,0.04836822
MKD,2003,80.409325,16.488016,2.4635265,0.5905191,0.048609663
MKD,2004,80.38752,16.513796,2.4567802,0.59305125,0.048852254
MKD,2005,80.37092,16.588543,2.3997245,0.59175605,0.049059033
MKD,2006,80.357506,16.659042,2.3442178,0.5900034,0.049231157
MKD,2007,80.347275,16.725458,2.290092,0.58780724,0.049368627
MKD,2008,80.34019,16.787952,2.237179,0.5852114,0.04947144
MKD,2009,80.33632,16.846567,2.1853335,0.58224034,0.049538445
MKD,2010,80.335556,16.901588,2.1343608,0.5789233,0.049570784
MKD,2011,80.33797,16.953064,2.0841117,0.57528704,0.049567323
MKD,2012,80.34343,17.001268,2.0343955,0.5713768,0.049529195
MKD,2013,80.35201,17.046257,1.9850588,0.56721824,0.049455266
MKD,2014,80.36369,17.088198,1.9359283,0.5628343,0.049345527
MKD,2015,80.37824,17.127462,1.8868071,0.5582837,0.04920228
MKD,2016,80.39584,17.164003,1.837552,0.5535746,0.049023222
MKD,2017,80.41637,17.198088,1.7879813,0.5487519,0.04880951
MKD,2018,80.32379,17.345882,1.7379271,0.5438388,0.04856114
MKD,2019,80.35073,17.37489,1.687221,0.538877,0.048278116
MKD,2020,80.3805,17.40194,1.635693,0.5339035,0.047961596
MKD,2021,80.413185,17.42709,1.5831807,0.5289367,0.047610413
MKD,2022,80.44703,17.395536,1.5833013,0.52690995,0.047226883
,2000,66.55517,17.037165,4.730619,9.041091,2.6359563
,2001,66.64198,17.185034,4.732066,8.871565,2.5693505
,2002,67.01415,17.089226,4.7210417,8.673268,2.5023153
,2003,67.43754,17.005259,4.7428317,8.39033,2.4240456
,2004,67.87031,16.90636,4.7687554,8.11032,2.3442547
,2005,68.49789,16.700941,4.8334575,7.737696,2.230023
,2006,69.2775,16.364113,4.9010277,7.3564105,2.1009526
,2007,70.13754,15.955982,4.97205,6.970636,1.9637874
,2008,70.90767,15.620435,5.0353227,6.592906,1.8436661
,2009,71.59604,15.350732,5.097554,6.2231092,1.7325648
,2010,72.304375,15.05082,5.168052,5.8560567,1.6206969
,2011,72.908875,14.842025,5.246823,5.492359,1.5099183
,2012,73.41792,14.735499,5.309596,5.1341066,1.402872
,2013,73.88018,14.682972,5.361851,4.7802424,1.2947555
,2014,74.32687,14.643711,5.4162974,4.42946,1.1836598
,2015,74.84512,15.048757,5.184817,3.9218295,0.9994713
,2016,75.39509,14.8545685,5.2564545,3.595337,0.8985493
,2017,75.95083,14.640772,5.337322,3.2680266,0.8030493
,2018,76.25633,14.74401,5.3541236,2.9402637,0.70526886
,2019,76.56567,14.759124,5.4419355,2.6227286,0.6105473
,2020,76.8232,14.786172,5.5364356,2.3274493,0.52674526
,2021,76.81537,14.997424,5.6411033,2.0641623,0.48194137
,2022,76.90275,15.003431,5.7073407,1.9426037,0.44387725
MNP,2000,82.02754,14.816075,0,3.1563785,0
MNP,2001,82.20466,14.848066,0,2.9472742,0
MNP,2002,82.381775,14.880057,0,2.7381701,0
MNP,2003,82.55888,14.912048,0,2.529066,0
MNP,2004,83.12269,14.557346,0,2.319962,0
MNP,2005,83.688156,14.20099,0,2.1108577,0
MNP,2006,84.25527,13.842978,0,1.9017537,0
MNP,2007,84.82404,13.483309,0,1.6926496,0
MNP,2008,85.39447,13.121985,0,1.4835454,0
MNP,2009,85.96655,12.759007,0,1.2744414,0
MNP,2010,86.54029,12.394371,0,1.0653372,0
MNP,2011,87.115685,12.028081,0,0.85623306,0
MNP,2012,87.69273,11.660135,0,0.647129,0
MNP,2013,88.27144,11.290533,0,0.43802485,0
MNP,2014,88.85181,10.919276,0,0.22892073,0
MNP,2015,89.43382,10.546363,0,0.019816611,0
MNP,2016,89.84742,10.152577,0,0,0
MNP,2017,90.2433,9.756701,0,0,0
MNP,2018,90.639175,9.360825,0,0,0
MNP,2019,90.639175,9.360825,0,0,0
MNP,2020,90.639175,9.360825,0,0,0
MNP,2021,90.639175,9.360825,0,0,0
MNP,2022,90.639175,9.360825,0,0,0
NOR,2000,99.90883,0.09117137,0,0,0
NOR,2001,99.90883,0.09117196,0,7.139221e-07,0
NOR,2002,99.90883,0.09117195,0,2.94791e-06,0
NOR,2003,99.85454,0.14545803,0,2.8450836e-06,0
NOR,2004,99.800255,0.19974194,0,0,0
NOR,2005,99.745964,0.2540302,0,3.4004572e-06,0
NOR,2006,99.69168,0.30831552,0,0,0
NOR,2007,99.6374,0.3626018,0,0,0
NOR,2008,99.58311,0.41688842,0,1.4539938e-06,0
NOR,2009,99.528824,0.4711738,0,0,0
NOR,2010,99.47454,0.52546,0,0,0
NOR,2011,99.42025,0.57974666,0,1.7545774e-06,0
NOR,2012,99.36597,0.6340327,0,6.128985e-07,0
NOR,2013,99.31168,0.68831885,0,6.150766e-07,0
NOR,2014,99.25739,0.7426049,0,4.076991e-06,0
NOR,2015,99.20311,0.7968895,0,0,0
NOR,2016,99.14882,0.8511771,0,6.527089e-07,0
NOR,2017,99.094536,0.9054626,0,0,0
NOR,2018,99.040245,0.95974916,0,4.4578715e-06,0
NOR,2019,98.98596,1.0140353,0,1.2964159e-06,0
NOR,2020,98.93168,1.0683193,0,0,0
NOR,2021,98.877396,1.1226043,0,0,0
NOR,2022,98.82311,1.1768897,0,0,0
,2000,,,1.4374079,13.33354,33.372017
,2001,,,1.5036651,13.324192,33.60245
,2002,,,1.5015169,13.381254,33.836605
,2003,,,1.4991289,13.433289,34.069744
,2004,,,1.4967674,13.485613,34.302948
,2005,,,1.5184355,13.912845,33.454525
,2006,,,1.5484617,14.263355,32.666096
,2007,,,1.5788307,14.698009,31.777395
,2008,,,1.60983,15.138119,30.87523
,2009,,,1.6471477,15.583399,29.957813
,2010,,,1.6889844,16.030312,29.017998
,2011,,,1.7337971,16.474314,28.049664
,2012,,,1.7817868,16.916613,27.057037
,2013,,,1.8191042,17.358522,26.043411
,2014,,,1.8601295,17.799831,25.011463
,2015,,,1.9049662,18.306915,23.902626
,2016,,,1.9533843,18.750267,22.84451
,2017,,,2.0048969,19.190805,21.770155
,2018,,,2.059016,19.626158,20.68682
,2019,,,2.1138763,20.015259,19.590744
,2020,,,2.1726725,20.396048,18.47256
,2021,,,2.2320218,20.73456,17.336168
,2022,,,2.0788248,21.192373,16.877886
OMN,2000,83.89832,1.7397482,9.339468,5.022457,0
OMN,2001,83.89375,1.7400179,9.342425,5.023807,0
OMN,2002,83.889175,1.7402874,9.345383,5.025158,0
OMN,2003,83.8846,1.7405571,9.348341,5.0265074,0
OMN,2004,83.957375,1.7362711,9.30132,5.0050316,0
OMN,2005,84.32566,1.7346113,9.253887,4.681921,0.0039179
OMN,2006,84.69062,1.7329,9.206251,4.3580556,0.012175776
OMN,2007,85.05205,1.7311531,9.158581,4.037879,0.020343035
OMN,2008,85.40998,1.7293732,9.110895,3.7213254,0.028421383
OMN,2009,85.76402,1.7275908,9.06352,3.4084485,0.03641325
OMN,2010,86.11467,1.725781,9.016177,3.099055,0.04431994
OMN,2011,86.56857,1.7169127,8.892823,2.7698038,0.051884823
OMN,2012,87.09616,1.7026325,8.711659,2.4304802,0.059066214
OMN,2013,87.60554,1.6889454,8.537702,2.1017513,0.06606679
OMN,2014,88.09872,1.6757562,8.369871,1.7827615,0.07289573
OMN,2015,88.575356,1.6631284,8.208803,1.4731412,0.079568975
OMN,2016,89.036385,1.6510376,8.054184,1.1722937,0.08609785
OMN,2017,89.47487,1.640028,7.911786,0.88078815,0.09253117
OMN,2018,89.8931,1.629995,7.7804174,0.59760624,0.09888099
OMN,2019,90.26776,1.620501,7.65792,0.34867984,0.105136424
OMN,2020,90.55717,1.6108675,7.5414205,0.26039803,0.03015022
OMN,2021,90.710655,1.5990672,7.4159894,0.24582814,0.028463
OMN,2022,90.851746,1.5882196,7.300685,0.23243454,0.026911993
PAK,2000,34.82704,52.53698,2.6488898,4.7564926,5.2305965
PAK,2001,34.93716,52.665623,2.650483,4.7127414,5.033993
PAK,2002,35.047283,52.791256,2.6542099,4.6689463,4.8383045
PAK,2003,35.157074,52.916206,2.6578825,4.6251616,4.643675
PAK,2004,35.266693,53.040443,2.6614609,4.58136,4.4500422
PAK,2005,35.56516,52.425423,3.21438,4.537566,4.2574744
PAK,2006,35.865868,52.278194,3.2962706,4.4937534,4.065914
PAK,2007,36.168842,52.143047,3.3628192,4.449923,3.8753703
PAK,2008,36.47391,52.00402,3.4300673,4.4061007,3.685901
PAK,2009,37.465393,51.1768,3.4980152,4.362287,3.497506
PAK,2010,38.4596,50.345154,3.5666478,4.318459,3.3101404
PAK,2011,39.45648,49.509125,3.6359704,4.2746153,3.123812
PAK,2012,40.455967,48.668762,3.705989,4.2307506,2.938529
PAK,2013,41.457695,47.824276,3.776731,4.186924,2.7543736
PAK,2014,42.46194,46.975544,3.8481739,4.1430726,2.5712688
PAK,2015,43.46864,46.12261,3.9203224,4.0992084,2.3892224
PAK,2016,44.47773,45.265514,3.9931822,4.0553293,2.2082422
PAK,2017,45.48902,44.40439,4.066764,4.0114627,2.0283632
PAK,2018,46.504486,43.538113,4.141013,3.967188,1.8492013
PAK,2019,47.523884,42.666767,4.216004,3.9224832,1.6708624
PAK,2020,48.546833,41.790504,4.291817,3.8773646,1.493481
PAK,2021,49.572968,40.909496,4.368535,3.831809,1.3171929
PAK,2022,50.60178,40.023975,4.446234,3.7858663,1.1421456
PLW,2000,65.43092,33.925556,0,0.643523,0
PLW,2001,66.31456,33.04803,0,0.6374111,0
PLW,2002,67.19252,32.17634,0,0.6311412,0
PLW,2003,68.06477,31.310507,0,0.6247191,0
PLW,2004,69.1379,30.25265,0,0.60944927,0
PLW,2005,70.22563,29.179562,0,0.5948103,0
PLW,2006,71.32815,28.091085,0,0.5807673,0
PLW,2007,72.44462,26.988058,0,0.56732523,0
PLW,2008,73.57509,25.870455,0,0.55445355,0
PLW,2009,74.71843,24.739408,0,0.54216355,0
PLW,2010,75.87469,23.594885,0,0.5304294,0
PLW,2011,77.04291,22.437849,0,0.5192472,0
PLW,2012,78.22348,21.267933,0,0.50858563,0
PLW,2013,79.41483,20.086699,0,0.49846977,0
PLW,2014,80.61709,18.89406,0,0.48885274,0
PLW,2015,81.829796,17.690468,0,0.47973758,0
PLW,2016,83.04818,16.480667,0,0.47115743,0
PLW,2017,84.27134,15.26556,0,0.46309772,0
PLW,2018,85.49878,14.045694,0,0.45552757,0
PLW,2019,86.72965,12.821939,0,0.44841126,0
PLW,2020,87.96424,11.594029,0,0.44172725,0
PLW,2021,89.20143,10.363118,0,0.435448,0
PLW,2022,90.44085,9.129601,0,0.42955056,0
PSE,2000,73.13645,17.511406,0.360733,7.7508354,1.2405759
PSE,2001,73.46891,17.582663,0.36005512,7.41201,1.1763587
PSE,2002,73.80082,17.653671,0.35934308,7.0734944,1.1126711
PSE,2003,74.13202,17.724495,0.35862312,6.735307,1.0495543
PSE,2004,74.46268,17.795076,0.35786948,6.397415,0.9869628
PSE,2005,74.79263,17.865477,0.35710856,6.0598464,0.92493236
PSE,2006,75.12199,17.93567,0.35632756,5.72258,0.8634391
PSE,2007,75.45079,18.005623,0.35551327,5.38561,0.8024637
PSE,2008,75.77892,18.075403,0.35469267,5.0489483,0.7420351
PSE,2009,76.10691,18.144743,0.3537577,4.7125454,0.6820404
PSE,2010,76.43481,18.213593,0.35269323,4.376416,0.6224892
PSE,2011,76.76253,18.281982,0.3515115,4.0405593,0.563418
PSE,2012,77.09004,18.349897,0.35021102,3.7050033,0.50484806
PSE,2013,77.41733,18.341839,0.4242811,3.3697546,0.4468013
PSE,2014,77.744354,18.326525,0.5049913,3.0348303,0.38929927
PSE,2015,78.07105,18.308802,0.58753467,2.7002387,0.3323697
PSE,2016,78.3974,18.2886,0.6719739,2.3659935,0.27603057
PSE,2017,78.723434,18.265793,0.75837284,2.0321066,0.22029647
PSE,2018,79.04902,18.240406,0.84679794,1.6985829,0.16519375
PSE,2019,79.374245,18.21226,0.93731785,1.3654408,0.11073457
PSE,2020,79.698944,18.181456,1.0299796,1.0326781,0.05694043
PSE,2021,80.02319,18.147806,1.1248561,0.6787751,0.025368588
PSE,2022,80.330185,18.114458,1.213665,0.33589,0.00580475
PAN,2000,,,0,6.302529,4.1421733
PAN,2001,,,0,6.0892367,3.9934356
PAN,2002,,,0,5.8766775,3.846607
PAN,2003,,,0.021208225,5.664663,3.701478
PAN,2004,,,0.16156498,5.4532847,3.5581412
PAN,2005,,,0.31019503,5.2425404,3.4165895
PAN,2006,,,0.45961857,5.0324283,3.2768128
PAN,2007,,,0.6098222,4.8230276,3.1388884
PAN,2008,,,0.7607829,4.6141663,3.0026343
PAN,2009,,,0.9124869,4.4059267,2.868131
PAN,2010,,,1.0649232,4.198388,2.735444
PAN,2011,,,1.218013,3.9907322,2.6038268
PAN,2012,,,1.3717253,3.7830532,2.4734168
PAN,2013,,,1.5260234,3.575369,2.344275
PAN,2014,,,1.6808602,3.3676348,2.2163966
PAN,2015,,,1.8362143,3.1600137,2.0899732
PAN,2016,,,1.8397783,2.9525273,1.9650571
PAN,2017,,,1.8431829,2.7451198,1.8416436
PAN,2018,,,1.8464358,2.537881,1.719846
PAN,2019,,,1.8489584,2.3654687,1.603074
PAN,2020,,,1.850235,2.2623014,1.4916708
PAN,2021,,,1.8513352,2.1604517,1.3821062
PAN,2022,,,1.8474001,2.1351287,1.3659059
PNG,2000,,,1.3267759,17.53526,49.383408
PNG,2001,,,1.3260434,17.537292,49.39514
PNG,2002,,,1.325444,17.538965,49.404736
PNG,2003,,,1.3248447,17.54063,49.414337
PNG,2004,,,1.3242121,17.54239,49.424465
PNG,2005,,,1.3621883,18.035334,47.8629
PNG,2006,,,1.4001808,18.528557,46.300602
PNG,2007,,,1.4381895,19.022057,44.73757
PNG,2008,,,1.4762146,19.51583,43.173813
PNG,2009,,,1.5216794,20.009878,41.609325
PNG,2010,,,1.5714351,20.504198,40.04411
PNG,2011,,,1.6254659,20.998945,38.478554
PNG,2012,,,1.6838151,21.493828,36.911858
PNG,2013,,,1.7465885,21.986725,35.33952
PNG,2014,,,1.8135936,22.477318,33.76239
PNG,2015,,,1.8846344,22.965273,32.181328
PNG,2016,,,1.9595107,23.450281,30.597174
PNG,2017,,,2.0380185,23.932016,29.010786
PNG,2018,,,2.1199353,24.409958,27.422764
PNG,2019,,,2.2050543,24.88397,25.83425
PNG,2020,,,2.29316,25.353722,24.246096
PNG,2021,,,2.3535357,25.818459,22.658772
PNG,2022,,,2.413361,26.278032,21.073425
PRY,2000,49.83634,26.399878,0.013683759,20.89017,2.8599274
PRY,2001,50.792397,26.995522,0.014115376,19.545929,2.6520362
PRY,2002,51.734894,27.563961,0.027168788,18.22526,2.448716
PRY,2003,52.56899,28.127623,0.041138668,16.999872,2.2623765
PRY,2004,53.37761,28.680227,0.060098913,15.801142,2.0809228
PRY,2005,54.17942,29.22439,0.07995109,14.614436,1.901803
PRY,2006,54.97409,29.760214,0.10067323,13.439968,1.7250553
PRY,2007,55.761646,30.287752,0.12224254,12.27769,1.5506685
PRY,2008,56.542442,30.806965,0.1446338,11.127358,1.3786016
PRY,2009,57.316162,31.317987,0.16782632,9.989141,1.2088816
PRY,2010,58.082848,31.820873,0.1917977,8.862985,1.0414978
PRY,2011,58.84252,32.315678,0.21652569,7.748835,0.8764398
PRY,2012,59.595493,32.802322,0.24198373,6.6465187,0.7136801
PRY,2013,60.33296,33.28584,0.26830932,5.559248,0.55364585
PRY,2014,61.061073,33.764084,0.29542297,4.4836245,0.39579722
PRY,2015,61.78319,34.235416,0.32325357,3.4182124,0.23992547
PRY,2016,62.499588,34.699707,0.35177624,2.36151,0.08741698
PRY,2017,63.209805,35.157364,0.3809851,1.2518455,0
PRY,2018,63.916706,35.605785,0.41076314,0.06674558,0
PRY,2019,64.01893,35.572186,0.40888786,0,0
PRY,2020,64.08422,35.50925,0.40653026,0,0
PRY,2021,64.15145,35.44445,0.40410283,0,0
PRY,2022,64.220604,35.37779,0.40160567,1.5266116e-06,0
PER,2000,44.898407,35.250477,1.2199593,11.261401,7.369753
PER,2001,45.297035,35.63794,1.1990117,10.849693,7.0163217
PER,2002,45.691906,36.018173,1.1770853,10.442267,6.6705685
PER,2003,46.08346,36.39122,1.1542066,10.038936,6.332174
PER,2004,46.471317,36.75721,1.1304092,9.639792,6.001272
PER,2005,46.855087,37.11629,1.105727,9.244927,5.6779637
PER,2006,47.235638,37.46845,1.0801803,8.853996,5.361739
PER,2007,47.612167,37.813908,1.0538065,8.467227,5.052891
PER,2008,47.933006,38.165318,1.0272384,8.100726,4.7737103
PER,2009,48.228485,38.51884,1.0001894,7.743796,4.5086913
PER,2010,48.52299,38.86921,0.9723964,7.3885746,4.2468266
PER,2011,48.81574,39.216667,0.94388205,7.0352964,3.988416
PER,2012,49.10753,39.560993,0.91464984,6.6837015,3.733127
PER,2013,49.39757,39.902462,0.8847222,6.3340178,3.4812253
PER,2014,49.686287,40.24097,0.85410696,5.986101,3.2325363
PER,2015,49.974052,40.576363,0.82281166,5.639854,2.9869182
PER,2016,50.260113,40.908993,0.79085875,5.2954483,2.7445872
PER,2017,50.544853,41.238716,0.75825536,4.952781,2.5053945
PER,2018,50.83094,41.564144,0.7249809,4.6112638,2.2686715
PER,2019,51.117947,41.88529,0.6910546,4.2710557,2.0346532
PER,2020,51.406208,42.20176,0.656487,3.9321558,1.8033891
PER,2021,51.695312,42.513584,0.62129873,3.594707,1.575096
PER,2022,51.98521,42.8206,0.5855062,3.2587848,1.3498998
PHL,2000,40.57443,45.40423,3.0040998,7.888562,3.1286848
PHL,2001,40.68244,45.663395,3.0200694,7.6752176,2.958879
PHL,2002,41.828182,44.907146,3.0144777,7.4615183,2.7886746
PHL,2003,42.992058,44.133457,3.0089476,7.247465,2.6180718
PHL,2004,44.174133,43.34226,3.003479,7.0330596,2.44707
PHL,2005,44.532215,43.37574,2.9980726,6.8183007,2.2756693
PHL,2006,44.669987,43.630226,2.9927287,6.60319,2.10387
PHL,2007,44.80796,43.88519,2.987448,6.387731,1.9316719
PHL,2008,44.94614,44.14064,2.982231,6.1719127,1.7590749
PHL,2009,45.08481,44.396393,2.9770627,5.9556794,1.5860581
PHL,2010,45.236443,44.644344,2.9712408,5.7361665,1.4118034
PHL,2011,45.452885,44.84987,2.961605,5.5020328,1.233609
PHL,2012,45.66887,45.054504,2.9516325,5.2686896,1.0563059
PHL,2013,45.884674,45.258064,2.9413044,5.036074,0.8798826
PHL,2014,46.099743,45.460934,2.9306555,4.804303,0.7043647
PHL,2015,46.314632,45.662716,2.919647,4.5732713,0.5297312
PHL,2016,46.529064,45.863617,2.9082968,4.343026,0.35599378
PHL,2017,46.747444,46.060413,2.8962662,4.112763,0.18311515
PHL,2018,46.97026,46.252575,2.8834755,3.8824813,0.011207983
PHL,2019,47.197174,46.44018,2.869906,3.4927373,0
PHL,2020,47.428127,46.623104,2.855518,3.0932493,0
PHL,2021,47.66306,46.801224,2.8402724,2.695447,0
PHL,2022,47.901905,46.974407,2.8241296,2.299559,0
POL,2005,91.9585,7.200738,0,0.8407606,0
POL,2006,92.34341,6.8140144,0,0.8425791,0
POL,2007,92.729965,6.425623,0,0.8444146,0
POL,2008,93.118195,6.0355415,0,0.84626025,0
POL,2009,93.50833,5.643568,0,0.8480982,0
POL,2010,93.23505,5.1918907,0,1.5730625,0
POL,2011,92.95179,4.747954,0,2.3002536,0
POL,2012,92.65699,4.312689,0,3.030325,0
POL,2013,92.35212,3.88503,0,3.762847,0
POL,2014,92.0369,3.465179,0,4.4979177,0
POL,2015,91.71145,3.0531275,0,5.235427,0
POL,2016,91.37842,2.648317,0,5.9732676,0
POL,2017,91.038124,2.2513676,0,6.7105103,0
POL,2018,90.69059,1.8629615,0,7.4464517,0
POL,2019,90.335976,1.4837095,0,8.180313,0
POL,2020,89.61919,1.4696181,0,8.911194,0
POL,2021,88.90618,1.4553924,0,9.63843,0
POL,2022,88.9145,1.4550807,0,9.63042,0
PRT,2000,93.65894,5.570726,0,0.77033466,0
PRT,2001,93.693436,5.5229554,0,0.7836121,0
PRT,2002,93.72778,5.476896,0,0.79532236,0
PRT,2003,93.76341,5.4310055,0,0.8055834,0
PRT,2004,93.80032,5.385286,0,0.8143887,0
PRT,2005,93.838234,5.3400135,0,0.82175326,0
PRT,2006,93.87748,5.29484,0,0.82767797,0
PRT,2007,93.91785,5.2499733,0,0.8321838,0
PRT,2008,93.9594,5.2053437,0,0.83526284,0
PRT,2009,94.0019,5.1611595,0,0.8369444,0
PRT,2010,94.12394,5.0388265,0,0.8372329,0
PRT,2011,94.24457,4.9192996,0,0.83613056,0
PRT,2012,94.363716,4.802618,0,0.8336685,0
PRT,2013,94.452354,4.717767,0,0.82988244,0
PRT,2014,94.53891,4.636312,0,0.8247811,0
PRT,2015,94.623344,4.558267,0,0.81839114,0
PRT,2016,94.70568,4.4835825,0,0.81073534,0
PRT,2017,94.78596,4.412208,0,0.8018314,0
PRT,2018,94.864136,4.3441424,0,0.79172045,0
PRT,2019,94.94031,4.2792826,0,0.7804059,0
PRT,2020,95.01444,4.2176228,0,0.7679326,0
PRT,2021,95.08658,4.159106,0,0.7543163,0
PRT,2022,95.15673,4.103675,0,0.739591,0
PRI,2000,75.13195,22.081295,0,2.7867544,0
PRI,2001,75.24593,22.114794,0,2.6392741,0
PRI,2002,75.35992,22.148293,0,2.4917939,0
PRI,2003,75.47389,22.181791,0,2.3443136,0
PRI,2004,75.587875,22.21529,0,2.1968334,0
PRI,2005,75.70186,22.24879,0,2.049353,0
PRI,2006,75.81584,22.28229,0,1.9018728,0
PRI,2007,75.92982,22.315788,0,1.7543924,0
PRI,2008,76.0438,22.349287,0,1.6069121,0
PRI,2009,78.83245,19.708113,0,1.4594319,0
PRI,2010,81.62911,17.058933,0,1.3119516,0
PRI,2011,84.43378,14.401749,0,1.1644714,0
PRI,2012,87.24645,11.736557,0,1.016991,0
PRI,2013,90.06713,9.063359,0,0.86951077,0
PRI,2014,92.89581,6.3821554,0,0.7220305,0
PRI,2015,95.732506,3.6929452,0,0.5745503,0
PRI,2016,98.5772,0.9957293,0,0.42706996,0
PRI,2017,99.446144,0.27426437,0,0.27958968,0
PRI,2018,99.741165,0.12672478,0,0.13210942,0
PRI,2019,99.87311,0.1268924,0,0,0
PRI,2020,99.87311,0.1268924,0,0,0
PRI,2021,99.87311,0.1268924,0,0,0
PRI,2022,99.87311,0.1268924,0,0,0
QAT,2000,96.34022,3.5627043,0,0.09707521,0
QAT,2001,96.34022,3.5627043,0,0.09707521,0
QAT,2002,96.34022,3.5627043,0,0.09707521,0
QAT,2003,96.34022,3.5627043,0,0.09707521,0
QAT,2004,96.34022,3.5627043,0,0.09707521,0
QAT,2005,96.34022,3.5627043,0,0.09707521,0
QAT,2006,96.34022,3.5627043,0,0.09707521,0
QAT,2007,96.34022,3.5627043,0,0.09707521,0
QAT,2008,96.34022,3.5627043,0,0.09707521,0
QAT,2009,96.68584,3.2232327,0,0.09092897,0
QAT,2010,97.0315,2.8837192,0,0.084782735,0
QAT,2011,97.3772,2.544164,0,0.07863649,0
QAT,2012,97.722946,2.204567,0,0.07249025,0
QAT,2013,97.57927,2.3543894,0,0.066344015,0
QAT,2014,97.42227,2.5175312,0,0.060197774,0
QAT,2015,97.26526,2.6806931,0,0.054051533,0
QAT,2016,97.10822,2.8438752,0,0.047905296,0
QAT,2017,96.951164,3.007077,0,0.041759055,0
QAT,2018,96.79409,3.170299,0,0.035612818,0
QAT,2019,96.63699,3.3335412,0,0.029466577,0
QAT,2020,96.64294,3.3337462,0,0.023320338,0
QAT,2021,96.64887,3.3339512,0,0.017174099,0
QAT,2022,96.654816,3.334156,0,0.011027859,0
REU,2000,97.27297,2.4483457,0,0.27868488,0
REU,2001,97.27297,2.4483457,0,0.27868488,0
REU,2002,97.27297,2.4483457,0,0.27868488,0
REU,2003,97.27297,2.4483457,0,0.27868488,0
REU,2004,97.27297,2.4483457,0,0.27868488,0
REU,2005,97.27297,2.4483457,0,0.27868488,0
REU,2006,97.286514,2.4486866,0,0.2648014,0
REU,2007,97.30006,2.4490275,0,0.25091794,0
REU,2008,97.3136,2.4493685,0,0.23703445,0
REU,2009,97.32714,2.4497092,0,0.22315097,0
REU,2010,97.34068,2.45005,0,0.2092675,0
REU,2011,97.209755,2.5948613,0,0.19538401,0
REU,2012,97.07879,2.7397127,0,0.18150054,0
REU,2013,96.94778,2.8846045,0,0.16761705,0
REU,2014,96.81673,3.0295362,0,0.15373358,0
REU,2015,96.68564,3.1745083,0,0.1398501,0
REU,2016,96.55451,3.3195205,0,0.12596661,0
REU,2017,96.42335,3.464573,0,0.11208314,0
REU,2018,96.29214,3.6096656,0,0.09819965,0
REU,2019,96.16089,3.7547984,0,0.08431617,0
REU,2020,96.029594,3.8999715,0,0.07043269,0
REU,2021,95.89827,4.0451846,0,0.056549214,0
REU,2022,95.75359,4.189856,0,0.056549214,0
ROU,2000,81.65202,18.347975,0,0,0
ROU,2001,81.609,18.391,0,7.1682234e-07,0
ROU,2002,81.588615,18.411377,0,3.4636382e-06,0
ROU,2003,81.62598,18.374018,0,3.0913486e-06,0
ROU,2004,81.66306,18.33694,0,0,0
ROU,2005,81.700134,18.299864,0,1.5556651e-06,0
ROU,2006,81.73721,18.262785,0,2.914359e-06,0
ROU,2007,81.77429,18.225708,0,0,0
ROU,2008,81.81137,18.188631,0,9.103043e-07,0
ROU,2009,81.84845,18.151552,0,0,0
ROU,2010,81.88552,18.114475,0,3.0734867e-07,0
ROU,2011,81.9226,18.077398,0,0,0
ROU,2012,81.92657,18.073435,0,0,0
ROU,2013,81.91609,18.083908,0,5.0612846e-07,0
ROU,2014,81.90562,18.094381,0,3.1256508e-07,0
ROU,2015,81.90194,18.09806,0,0,0
ROU,2016,81.90562,18.094381,0,0,0
ROU,2017,81.91581,18.08419,0,0,0
ROU,2018,81.93336,18.066643,0,0,0
ROU,2019,81.957695,18.042301,0,3.2011536e-07,0
ROU,2020,81.98883,18.011168,0,0,0
ROU,2021,82.02704,17.972958,0,2.2230704e-06,0
ROU,2022,82.07233,17.927673,0,2.026716e-06,0
RUS,2000,74.74428,20.602692,0.61578655,3.2509444,0.7863
RUS,2001,74.74309,20.603394,0.6158345,3.2512941,0.786388
RUS,2002,74.78977,20.631046,0.6170467,3.1756344,0.786498
RUS,2003,74.84738,20.652138,0.61781317,3.0968719,0.78579396
RUS,2004,74.90872,20.670855,0.61841977,3.017198,0.78480405
RUS,2005,74.96994,20.689487,0.6190226,2.9377344,0.783814
RUS,2006,75.03104,20.708038,0.6196217,2.8584785,0.78282404
RUS,2007,75.092,20.726503,0.6202169,2.7794392,0.78183395
RUS,2008,75.152855,20.74489,0.6208086,3.4814498,
RUS,2009,75.21329,20.763374,0.6214087,3.4019277,
RUS,2010,75.27389,20.781593,0.62199277,3.322529,
RUS,2011,75.334366,20.799728,0.6225731,3.2433352,
RUS,2012,75.398674,20.815184,0.6229757,3.1631708,
RUS,2013,75.46647,20.8281,0.6232112,3.0822158,
RUS,2014,75.53827,20.838072,0.6232529,3.0004048,
RUS,2015,75.61346,20.845432,0.6231242,2.9179907,
RUS,2016,75.69224,20.849957,0.6228108,2.8349931,
RUS,2017,75.774574,20.851604,0.6223108,2.7515116,
RUS,2018,75.860115,20.85053,0.6216353,2.6677155,
RUS,2019,75.94883,20.8467,0.62078273,2.5836904,
RUS,2020,76.04064,20.840075,0.61975133,2.4995306,
RUS,2021,76.135506,20.830618,0.6185395,2.4153335,
RUS,2022,76.23311,20.818491,0.61715853,2.3312435,
RWA,2000,,,21.7231,15.347739,18.44142
RWA,2001,,,21.606785,15.057558,17.738346
RWA,2002,,,21.473482,14.762967,17.036633
RWA,2003,,,21.411743,14.53458,16.435257
RWA,2004,,,21.35477,14.316179,15.84835
RWA,2005,,,21.29028,14.097775,15.261472
RWA,2006,,,21.218155,13.879289,14.67452
RWA,2007,,,21.138624,13.660874,14.087705
RWA,2008,,,21.051575,13.442464,13.500918
RWA,2009,,,20.956888,13.223963,12.91407
RWA,2010,,,20.854803,13.005538,12.327347
RWA,2011,,,20.7452,12.787117,11.740653
RWA,2012,,,20.627956,12.568601,11.153908
RWA,2013,,,20.503319,12.350173,10.567276
RWA,2014,,,20.369091,12.130359,9.979502
RWA,2015,,,20.225035,11.90905,9.390693
RWA,2016,,,20.071304,11.68641,8.801166
RWA,2017,,,19.907536,11.462238,8.210965
RWA,2018,,,19.733624,11.236519,7.6202755
RWA,2019,,,19.549612,11.00931,7.029342
RWA,2020,,,19.355267,10.780506,6.4382887
RWA,2021,,,19.150494,10.550094,5.847303
RWA,2022,,,19.324509,10.318041,5.2565727
BLM,2000,99.09897,0.2952385,0,0.6057956,0
BLM,2001,99.09897,0.2952385,0,0.6057956,0
BLM,2002,99.09897,0.2952385,0,0.6057956,0
BLM,2003,99.09897,0.2952385,0,0.6057956,0
BLM,2004,99.09897,0.2952385,0,0.6057956,0
BLM,2005,99.17019,0.27246305,0,0.55734926,0
BLM,2006,99.24143,0.24966526,0,0.50890285,0
BLM,2007,99.3127,0.22684513,0,0.46045646,0
BLM,2008,99.38399,0.2040027,0,0.41201007,0
BLM,2009,99.4553,0.1811379,0,0.3635637,0
BLM,2010,99.526634,0.1582508,0,0.3151173,0
BLM,2011,99.597984,0.13534135,0,0.2666709,0
BLM,2012,99.669365,0.11240957,0,0.21822453,0
BLM,2013,99.74077,0.08945546,0,0.16977814,0
BLM,2014,99.81219,0.06647902,0,0.12133175,0
BLM,2015,99.88364,0.043480247,0,0.072885364,0
BLM,2016,99.9551,0.020459145,0,0.02443898,0
BLM,2017,100,0,0,0,0
BLM,2018,100,0,0,0,0
BLM,2019,100,0,0,0,0
BLM,2020,100,0,0,0,0
BLM,2021,100,0,0,0,0
BLM,2022,100,0,0,0,0
SHN,2002,88.6894,9.8106,0,1.5,0
SHN,2003,88.6894,9.8106,0,1.5,0
SHN,2004,88.6894,9.8106,0,1.5,0
SHN,2005,88.6894,9.8106,0,1.5,0
SHN,2006,88.6894,9.8106,0,1.5,0
SHN,2007,88.73442,9.81558,0,1.45,0
SHN,2008,88.77944,9.82056,0,1.4,0
SHN,2009,88.82446,9.82554,0,1.35,0
SHN,2010,88.86948,9.83052,0,1.3,0
SHN,2011,88.9145,9.8355,0,1.25,0
SHN,2012,88.95952,9.84048,0,1.2,0
SHN,2013,89.00454,9.84546,0,1.15,0
SHN,2014,89.04956,9.85044,0,1.1,0
SHN,2015,89.09458,9.85542,0,1.05,0
SHN,2016,89.1396,9.8604,0,1,0
SHN,2017,89.18462,9.86538,0,0.95,0
SHN,2018,89.22964,9.87036,0,0.9,0
SHN,2019,89.22964,9.87036,0,0.9,0
SHN,2020,89.22964,9.87036,0,0.9,0
SHN,2021,89.22964,9.87036,0,0.9,0
SHN,2022,89.22964,9.87036,0,0.9,0
KNA,2000,,,0,1.5501059,0
KNA,2001,,,0,1.5376475,0
KNA,2002,,,0,1.525189,0
KNA,2003,,,0,1.5127305,0
KNA,2004,,,0,1.500272,0
KNA,2005,,,0,1.4878136,0
KNA,2006,,,0,1.4753551,0
KNA,2007,,,0,1.4628967,0
KNA,2008,,,0,1.4504381,0
KNA,2009,,,0,1.4379797,0
KNA,2010,,,0,1.4255213,0
KNA,2011,,,0,1.4130628,0
KNA,2012,,,0,1.4006044,0
KNA,2013,,,0,1.3881459,0
KNA,2014,,,0,1.3881459,0
KNA,2015,,,0,1.3881459,0
KNA,2016,,,0,1.3881459,0
KNA,2017,,,0,1.3881459,0
LCA,2000,,,1.7337755,7.886355,0
LCA,2001,,,1.7322247,7.9049764,0
LCA,2002,,,1.7263309,7.975755,0
LCA,2003,,,1.7282614,7.6195726,0
LCA,2004,,,1.7304581,7.254275,0
LCA,2005,,,1.7329416,6.879907,0
LCA,2006,,,1.7356867,6.4970098,0
LCA,2007,,,1.7386984,6.1058064,0
LCA,2008,,,1.7419617,5.7067094,0
LCA,2009,,,1.7454911,5.2998857,0
LCA,2010,,,1.7498499,4.881474,0
LCA,2011,,,1.7578638,4.4337554,0
LCA,2012,,,1.7658776,3.9860396,0
LCA,2013,,,1.7739419,3.5380433,0
LCA,2014,,,1.7820504,3.0899117,0
LCA,2015,,,1.7902104,2.6416948,0
LCA,2016,,,1.7984114,2.1935534,0
LCA,2017,,,1.8066561,1.7455671,0
LCA,2018,,,1.814947,1.2978487,0
LCA,2019,,,1.8152759,1.2972182,0
LCA,2020,,,1.815652,1.2965097,0
LCA,2021,,,1.8160805,1.2956866,0
LCA,2022,,,1.8165562,1.2947832,0
MAF,2000,96.7,3.3,0,0,0
MAF,2001,96.7,3.3,0,0,0
MAF,2002,96.7,3.3,0,0,0
MAF,2003,96.7,3.3,0,0,0
MAF,2004,96.7,3.3,0,0,0
MAF,2005,96.7,3.3,0,0,0
MAF,2006,96.7,3.3,0,0,0
MAF,2007,96.7,3.3,0,0,0
MAF,2008,96.7,3.3,0,0,0
MAF,2009,96.7,3.3,0,0,0
MAF,2010,96.69838,3.2999446,0,0.001674209,0
MAF,2011,96.692055,3.2997289,0,0.008218933,0
MAF,2012,96.68572,3.2995129,0,0.014763657,0
MAF,2013,96.6794,3.2992969,0,0.021308381,0
MAF,2014,96.673065,3.2990808,0,0.027853105,0
MAF,2015,96.66674,3.2988648,0,0.03439783,0
MAF,2016,96.66041,3.2986488,0,0.040942553,0
MAF,2017,96.65408,3.2984328,0,0.047487278,0
MAF,2018,96.64775,3.298217,0,0.054032,0
MAF,2019,96.641426,3.298001,0,0.060576726,0
MAF,2020,96.63509,3.297785,0,0.06712145,0
MAF,2021,96.62876,3.297569,0,0.07366618,0
MAF,2022,96.62876,3.297569,0,0.07366618,0
SPM,2007,83.1283,8.2717,0,8.6,0
SPM,2008,83.1283,8.2717,0,8.6,0
SPM,2009,83.1283,8.2717,0,8.6,0
SPM,2010,83.1283,8.2717,0,8.6,0
SPM,2011,83.1283,8.2717,0,8.6,0
SPM,2012,83.1283,8.2717,0,8.6,0
SPM,2013,83.1283,8.2717,0,8.6,0
SPM,2014,83.1283,8.2717,0,8.6,0
SPM,2015,83.1283,8.2717,0,8.6,0
SPM,2016,83.1283,8.2717,0,8.6,0
SPM,2017,83.1283,8.2717,0,8.6,0
SPM,2018,83.1283,8.2717,0,8.6,0
SPM,2019,83.1283,8.2717,0,8.6,0
SPM,2020,83.1283,8.2717,0,8.6,0
VCT,2000,,,0,4.551125,
VCT,2001,,,0,4.39433,
VCT,2002,,,0,4.236896,
VCT,2003,,,0,4.0788116,
VCT,2004,,,0,3.9200764,
VCT,2005,,,0,3.760671,
VCT,2006,,,0,3.6005936,
VCT,2007,,,0,3.439848,
VCT,2008,,,0,2.7468638,0.53153604
VCT,2009,,,0,2.586747,0.5295154
VCT,2010,,,0,2.4259427,0.5274792
VCT,2011,,,0,2.2644415,0.52542734
VCT,2012,,,0,2.1022372,0.52335995
VCT,2013,,,0,1.9393344,0.52128214
VCT,2014,,,0,1.7757015,0.51918364
VCT,2015,,,0,1.7720695,0.5170747
VCT,2016,,,0,1.7684077,0.51495016
VCT,2017,,,0,2.2775471,
VCT,2018,,,0,2.2716942,
WSM,2000,60.504856,26.55797,7.9589763,4.651445,0.3267517
WSM,2001,60.530716,26.527279,7.9608192,4.654417,0.32676885
WSM,2002,60.49463,26.570114,7.9582477,4.6502624,0.32674494
WSM,2003,60.425575,26.65207,7.9533257,4.64233,0.3266991
WSM,2004,60.35709,26.733349,7.948444,4.6344643,0.32665363
WSM,2005,60.473557,26.867538,7.966844,4.3787894,0.31326905
WSM,2006,60.588886,27.001368,7.985099,4.12472,0.29992598
WSM,2007,60.70428,27.133478,8.003298,3.8723195,0.28662363
WSM,2008,60.819508,27.264193,8.021425,3.6215138,0.27336058
WSM,2009,60.93371,27.394527,8.039421,3.3722057,0.26013625
WSM,2010,61.046913,27.524473,8.057287,3.124374,0.24695016
WSM,2011,61.15883,27.654375,8.075004,2.8779886,0.23380218
WSM,2012,61.265396,27.788677,8.092266,2.6329622,0.22069862
WSM,2013,61.513844,28.597042,7.292066,2.389411,0.2076391
WSM,2014,61.615078,29.553776,6.4891114,2.1474166,0.194619
WSM,2015,61.71493,30.513073,5.683412,1.9069468,0.1816391
WSM,2016,61.81374,31.474543,4.875032,1.6679846,0.1686983
WSM,2017,61.912212,32.43748,4.0640173,1.430496,0.15579417
WSM,2018,62.01586,33.396652,3.2503436,1.1942366,0.14290929
WSM,2019,62.07564,34.34719,2.43276,1.0213752,0.123029955
WSM,2020,62.107063,35.289585,1.6131622,0.87635094,0.113839634
WSM,2021,62.145664,36.126354,0.8928533,0.7305452,0.10458549
WSM,2022,62.191715,36.8459,0.28303853,0.5840738,0.09527324
SMR,2000,100,0,0,0,0
SMR,2001,100,0,0,0,0
SMR,2002,100,0,0,0,0
SMR,2003,100,0,0,0,0
SMR,2004,100,0,0,0,0
SMR,2005,100,0,0,0,0
SMR,2006,100,0,0,0,0
SMR,2007,100,0,0,0,0
SMR,2008,100,0,0,0,0
SMR,2009,100,0,0,0,0
SMR,2010,100,0,0,0,0
SMR,2011,100,0,0,0,0
SMR,2012,100,0,0,0,0
SMR,2013,100,0,0,0,0
SMR,2014,100,0,0,0,0
SMR,2015,100,0,0,0,0
SMR,2016,100,0,0,0,0
SMR,2017,100,0,0,0,0
SMR,2018,100,0,0,0,0
SMR,2019,100,0,0,0,0
SMR,2020,100,0,0,0,0
SMR,2021,100,0,0,0,0
SMR,2022,100,0,0,0,0
STP,2000,25.763308,42.99269,12.132165,9.155209,9.956629
STP,2001,26.221447,43.04833,12.5023365,8.691718,9.536169
STP,2002,26.715313,43.087887,12.882819,8.219688,9.094293
STP,2003,27.219223,43.11367,13.267505,7.748059,8.651542
STP,2004,27.728031,43.126366,13.655149,7.278555,8.2119
STP,2005,28.240631,43.126263,14.045445,6.8114977,7.7761636
STP,2006,28.757452,43.113407,14.438417,6.346735,7.343989
STP,2007,29.278362,43.08794,14.833973,5.88428,6.915443
STP,2008,29.803219,43.05002,15.232022,5.4241524,6.4905877
STP,2009,30.331274,42.99997,15.632376,4.966514,6.069869
STP,2010,30.862951,42.93783,16.03506,4.5112114,5.6529455
STP,2011,31.39778,42.863888,16.439953,4.058324,5.240054
STP,2012,31.935879,42.778263,16.847033,3.6077783,4.831048
STP,2013,32.472206,42.682793,17.255487,3.1606796,4.4288344
STP,2014,33.007347,42.57764,17.665459,2.7167525,4.0328007
STP,2015,33.540966,42.46327,18.076952,2.2759137,3.6429005
STP,2016,34.073025,42.34002,18.490013,1.8380402,3.2589016
STP,2017,34.603508,42.20823,18.904701,1.4029871,2.880577
STP,2018,35.132385,42.06821,19.321074,0.9706252,2.5077052
STP,2019,35.53753,41.798252,19.67751,0.75010043,2.2366104
STP,2020,35.86638,41.450977,19.996801,0.61006993,2.0757723
STP,2021,36.188213,41.096916,20.313635,0.47773805,1.9234961
STP,2022,36.300694,41.040424,20.323347,0.46466765,1.8708693
SAU,2015,,,0.66011643,0.6654425,0
SAU,2016,,,0.66187036,0.66720647,0
SAU,2017,,,0.66362417,0.66897863,0
SAU,2018,,,0.66538596,0.6707525,0
SAU,2019,,,0.6671399,0.67251784,0
SAU,2020,,,0.6689016,0.6742975,0
SAU,2021,,,0.6706555,0.6760654,0
SAU,2022,,,0.6724093,0.6778325,0
SEN,2000,20.02957,39.72597,5.0465584,33.596096,1.6018065
SEN,2001,20.263725,40.61189,5.0271335,32.564888,1.5323627
SEN,2002,20.497179,41.501816,5.000193,31.537754,1.4630591
SEN,2003,20.776388,42.414993,4.9597235,30.457022,1.3918723
SEN,2004,21.091127,43.34287,4.906657,29.339945,1.319404
SEN,2005,21.404764,44.268917,4.8457747,28.233252,1.2472936
SEN,2006,21.717913,45.193195,4.7771273,27.136248,1.1755166
SEN,2007,22.03026,46.115414,4.700892,26.049345,1.1040875
SEN,2008,22.3418,47.0354,4.617206,24.972584,1.0330074
SEN,2009,22.65223,47.952923,4.526251,23.906311,0.9622888
SEN,2010,22.962149,48.86794,4.4280753,22.849926,0.8919106
SEN,2011,23.271248,49.780205,4.322862,21.8038,0.8218855
SEN,2012,23.579227,50.689518,4.210796,20.768234,0.75222445
SEN,2013,23.886383,51.595753,4.091971,19.742975,0.68291825
SEN,2014,24.19271,52.498734,3.9665275,18.728058,0.61396825
SEN,2015,24.500572,53.398212,3.8342524,17.721653,0.5453092
SEN,2016,24.809637,54.293747,3.6953418,16.724316,0.47696093
SEN,2017,25.120453,55.184814,3.549865,15.735948,0.408919
SEN,2018,25.432404,56.071,3.398073,14.744044,0.35447863
SEN,2019,25.745743,56.951786,3.240092,13.755514,0.30686426
SEN,2020,26.060146,57.826756,3.0761387,12.776964,0.25999394
SEN,2021,26.37587,58.695354,2.906352,11.8085375,0.21388389
SEN,2022,26.69259,59.557182,2.7309585,10.850707,0.16856043
SRB,2000,74.34195,14.96484,10.060646,0.6112042,0.021360962
SRB,2001,74.38126,14.920685,10.074627,0.60216606,0.021260107
SRB,2002,74.42055,14.876514,10.088605,0.5931774,0.021159252
SRB,2003,74.459656,14.832535,10.102523,0.58422744,0.021058848
SRB,2004,74.49904,14.78813,10.116557,0.5753167,0.02095754
SRB,2005,74.538086,15.114285,9.760305,0.5664648,0.020857139
SRB,2006,74.57712,15.44178,9.402698,0.5578678,0.020535653
SRB,2007,74.616264,15.770419,9.043782,0.5493164,0.020215867
SRB,2008,74.655235,16.1006,8.683455,0.54080695,0.019898666
SRB,2009,74.69418,16.43212,8.321771,0.5323443,0.019583602
SRB,2010,74.73295,16.765171,7.958688,0.52392215,0.01927111
SRB,2011,74.77184,17.09937,7.5942926,0.51553786,0.018960318
SRB,2012,74.79855,17.449696,7.2256236,0.5074434,0.018685568
SRB,2013,74.82105,17.80592,6.855151,0.4994569,0.018423764
SRB,2014,74.84368,18.162672,6.4839964,0.4914888,0.01816264
SRB,2015,74.86615,18.520306,6.1120963,0.48354238,0.017903015
SRB,2016,74.888756,18.878475,5.7395077,0.47561657,0.017644081
SRB,2017,74.91404,19.23433,5.366583,0.46766916,0.017379146
SRB,2018,74.94201,19.588026,4.993163,0.4596969,0.017108466
SRB,2019,74.97264,19.939722,4.619088,0.4517198,0.016832305
SRB,2020,75.00594,20.28958,4.2441993,0.44372484,0.016550926
SRB,2021,75.042076,20.637592,3.868346,0.43572474,0.016264206
SRB,2022,75.07525,20.60289,3.8704367,0.43524525,0.016180916
SYC,2000,,,0,6.090035,
SYC,2001,,,0,5.964591,
SYC,2002,,,0,5.839147,
SYC,2003,,,0,5.713703,
SYC,2004,,,0,1.8157467,3.7725127
SYC,2005,,,0,1.6903027,3.7725127
SYC,2006,,,0,1.5648588,3.7725127
SYC,2007,,,0,1.4394149,3.7725127
SYC,2008,,,0,1.3139709,3.7725127
SYC,2009,,,0,1.188527,3.7725127
SYC,2010,,,0,1.063083,3.7725127
SYC,2011,,,0,0.9376392,3.7725127
SYC,2012,,,0,0.81219524,3.7725127
SYC,2013,,,0,0.6867513,3.7725127
SYC,2014,,,0,0.5613074,3.7725127
SYC,2015,,,0,0.43586344,3.7725127
SYC,2016,,,0,0.3104195,3.7725127
SYC,2017,,,0,0.18497558,3.7725127
SYC,2018,,,0,0.05953164,3.7725127
SYC,2019,,,0,3.7066004,
SYC,2020,,,0,3.5811565,
SYC,2021,,,0,3.5811565,
SYC,2022,,,0,3.5811565,
SLE,2000,5.193293,35.890934,6.5952544,15.726883,36.593636
SLE,2001,5.3065777,36.103786,6.568497,15.646154,36.374985
SLE,2002,5.4876246,37.02993,6.6409345,15.741603,35.099907
SLE,2003,5.674207,37.950756,6.709431,15.834741,33.830864
SLE,2004,5.8662515,38.86629,6.7740016,15.925561,32.567898
SLE,2005,6.069888,39.80021,6.840897,16.00783,31.281174
SLE,2006,6.2832136,40.74594,6.908361,16.081978,29.980507
SLE,2007,6.5013094,41.68534,6.9716043,16.152391,28.689354
SLE,2008,6.7240515,42.618454,7.0306473,16.21905,27.407797
SLE,2009,6.9512444,43.545055,7.0854354,16.282022,26.136242
SLE,2010,7.1827683,44.46521,7.135995,16.341293,24.874733
SLE,2011,7.418571,45.379257,7.182422,16.396742,23.623009
SLE,2012,7.658525,46.287254,7.2247386,16.44834,22.381144
SLE,2013,7.9023767,47.18873,7.262829,16.496292,21.149773
SLE,2014,8.150132,48.084282,7.2968574,16.540361,19.928368
SLE,2015,8.401603,48.973713,7.3267803,16.580643,18.717262
SLE,2016,8.65672,49.857346,7.3526893,16.616982,17.51626
SLE,2017,8.915711,50.736942,7.3750486,16.648422,16.323875
SLE,2018,9.178475,51.612946,7.3939805,16.674551,15.14005
SLE,2019,9.444749,52.48506,7.409416,16.695356,13.965419
SLE,2020,9.7143135,53.35325,7.4213514,16.710703,12.800384
SLE,2021,9.986945,54.217472,7.4297843,16.720457,11.64534
SLE,2022,10.262419,55.077698,7.4347143,16.724476,10.500691
SGP,2000,100,0,0,0,0
SGP,2001,100,0,0,0,0
SGP,2002,100,0,0,0,0
SGP,2003,100,0,0,0,0
SGP,2004,100,0,0,0,0
SGP,2005,100,0,0,0,0
SGP,2006,100,0,0,0,0
SGP,2007,100,0,0,0,0
SGP,2008,100,0,0,0,0
SGP,2009,100,0,0,0,0
SGP,2010,100,0,0,0,0
SGP,2011,100,0,0,0,0
SGP,2012,100,0,0,0,0
SGP,2013,100,0,0,0,0
SGP,2014,100,0,0,0,0
SGP,2015,100,0,0,0,0
SGP,2016,100,0,0,0,0
SGP,2017,100,0,0,0,0
SGP,2018,100,0,0,0,0
SGP,2019,100,0,0,0,0
SGP,2020,100,0,0,0,0
SGP,2021,100,0,0,0,0
SGP,2022,100,0,0,0,0
SXM,2000,,,0,3.4614863,0
SXM,2001,,,0,3.5558968,0
SXM,2002,,,0,3.650307,0
SXM,2003,,,0,3.7447174,0
SXM,2004,,,0,3.8391275,0
SXM,2005,,,0,3.933538,0
SXM,2006,,,0,4.0279484,0
SXM,2007,,,0,4.122359,0
SXM,2008,,,0,4.216769,0
SXM,2009,,,0,4.311179,0
SXM,2010,,,0,4.4055896,0
SXM,2011,,,0,4.5,0
SXM,2012,,,0,4.5944104,0
SXM,2013,,,0,4.688821,0
SXM,2014,,,0,4.688821,0
SXM,2015,,,0,4.688821,0
SXM,2016,,,0,4.688821,0
SXM,2017,,,0,4.688821,0
SVK,2000,92.17964,5.8012466,2.0191069,1.0897736e-06,0
SVK,2001,92.177986,5.8014364,2.020577,0,0
SVK,2002,92.813324,5.162947,2.023727,0,0
SVK,2003,93.44967,4.523452,2.026877,4.3609714e-07,0
SVK,2004,94.08702,3.8829505,2.030027,1.7078708e-06,0
SVK,2005,94.72538,3.2414432,2.033177,1.0535356e-06,0
SVK,2006,95.36474,2.5989156,2.036348,0,0
SVK,2007,96.005104,1.9553748,2.039519,3.0504061e-06,0
SVK,2008,96.64649,1.3108423,2.042669,2.5404682e-07,0
SVK,2009,97.28888,0.96277106,1.7483484,0,0
SVK,2010,97.93309,0.6892469,1.3776647,0,0
SVK,2011,98.57904,0.41850203,1.0024555,1.2652864e-06,0
SVK,2012,98.82872,0.5471101,0.62416536,7.582451e-07,0
SVK,2013,98.86433,0.6558437,0.47983098,0,0
SVK,2014,98.899925,0.8868247,0.21324922,0,0
SVK,2015,98.93553,0.85166234,0.21281087,0,0
SVK,2016,98.97113,0.8163894,0.2124831,0,0
SVK,2017,99.00673,0.78100586,0.21226588,1.4362753e-07,0
SVK,2018,99.04233,0.7455038,0.21216716,2.3308073e-06,0
SVK,2019,99.07793,0.7098912,0.21217899,3.1514007e-06,0
SVK,2020,99.11353,0.6741681,0.21230143,0,0
SVK,2021,99.14913,0.63833034,0.21253838,3.1908992e-06,0
SVK,2022,99.18473,0.6023782,0.21288982,2.11113e-06,0
SVN,2000,91.10523,8.394771,0,0.5,0
SVN,2001,91.10523,8.394771,0,0.5,0
SVN,2002,91.10523,8.394771,0,0.5,0
SVN,2003,91.10523,8.394771,0,0.5,0
SVN,2004,91.10523,8.394771,0,0.5,0
SVN,2005,91.10523,8.394771,0,0.5,0
SVN,2006,91.10523,8.394771,0,0.5,0
SVN,2007,91.10523,8.394771,0,0.5,0
SVN,2008,91.10523,8.394771,0,0.5,0
SVN,2009,91.10523,8.394771,0,0.5,0
SVN,2010,91.78527,7.714727,0,0.5,0
SVN,2011,92.46532,7.034683,0,0.5,0
SVN,2012,93.14536,6.35464,0,0.5,0
SVN,2013,93.8254,5.6745963,0,0.5,0
SVN,2014,94.50545,4.9945526,0,0.5,0
SVN,2015,95.18549,4.314509,0,0.5,0
SVN,2016,95.86553,3.6344655,0,0.5,0
SVN,2017,96.54558,2.954422,0,0.5,0
SVN,2018,97.225624,2.2743783,0,0.5,0
SVN,2019,97.90566,1.5943348,0,0.5,0
SVN,2020,98.27432,1.225679,0,0.5,0
SVN,2021,98.27432,1.225679,0,0.5,0
SVN,2022,98.27432,1.225679,0,0.5,0
,2000,54.854286,25.609127,2.8121243,8.350067,8.374393
,2001,55.267982,25.290913,2.8245785,8.34238,8.274148
,2002,54.77271,25.392937,2.8772657,8.7934065,8.16368
,2003,54.75212,25.51916,2.889511,8.76975,8.069459
,2004,54.702423,25.610527,2.9235535,8.7932825,7.970212
,2005,54.745117,25.709639,2.9690769,8.85242,7.723747
,2006,54.852657,25.76177,3.0160482,8.892232,7.4772925
,2007,54.991947,25.793365,3.063294,8.94189,7.2095046
,2008,55.132423,25.824274,3.1124854,8.995996,6.934819
,2009,55.290924,25.86128,3.1512575,9.039011,6.6575274
,2010,55.42841,25.911686,3.1945317,9.083648,6.381725
,2011,55.531807,25.98676,3.2425933,9.13409,6.1047487
,2012,55.613556,26.07043,3.2976623,9.196999,5.821355
,2013,55.703907,26.160427,3.3415153,9.261739,5.532414
,2014,55.782352,26.27432,3.3774717,9.325871,5.2399855
,2015,55.844677,26.413452,3.406553,9.376794,4.958523
,2016,55.919083,26.539371,3.4374015,9.416632,4.687512
,2017,55.960354,26.682432,3.4768243,9.380864,4.499528
,2018,55.86433,26.920424,3.5352664,9.365077,4.3149023
,2019,55.978695,26.99184,3.5871327,9.202734,4.2395964
,2020,55.986176,26.832685,3.7091532,9.42794,4.0440464
,2021,55.91618,27.150995,3.667059,9.423126,3.8426423
,2022,55.993107,27.13435,3.647609,9.453741,3.7711923
SLB,2000,,,5.064011,8.672575,7.578452
SLB,2001,,,5.0556664,8.655791,7.5493493
SLB,2002,,,5.0471497,8.638663,7.5196466
SLB,2003,,,5.0384607,8.621191,7.489343
SLB,2004,,,5.0296,8.603368,7.4584403
SLB,2005,,,4.9594235,9.61012,7.320657
SLB,2006,,,5.0589013,10.604967,7.1832743
SLB,2007,,,5.1526284,11.58759,7.04632
SLB,2008,,,5.2406344,12.557563,6.909752
SLB,2009,,,5.323022,13.514739,6.7737412
SLB,2010,,,5.3998265,14.458713,6.638243
SLB,2011,,,5.4712915,15.390126,6.503754
SLB,2012,,,5.5374684,16.30879,6.3702116
SLB,2013,,,5.598461,17.21478,6.2376876
SLB,2014,,,5.6543765,18.108246,6.1062484
SLB,2015,,,5.7052674,18.988981,5.975832
SLB,2016,,,5.7512712,19.857368,5.8465643
SLB,2017,,,5.792441,20.71322,5.7183814
SLB,2018,,,5.822845,21.480192,5.690706
SLB,2019,,,5.809147,21.373901,5.66315
SLB,2020,,,5.795479,21.267841,5.6356535
SLB,2021,,,5.7818694,21.162245,5.6082764
SOM,2000,,,8.086828,46.217068,22.03502
SOM,2001,,,9.215106,43.626556,21.929712
SOM,2002,,,10.33361,41.049538,21.82355
SOM,2003,,,11.455496,38.38007,21.605534
SOM,2004,,,12.557041,35.738068,21.384954
SOM,2005,,,13.637856,34.270775,20.017155
SOM,2006,,,14.697713,32.808193,18.670437
SOM,2007,,,15.804581,32.186848,18.182598
SOM,2008,,,16.84189,30.530611,16.647163
SOM,2009,,,17.834887,28.882366,15.154228
SOM,2010,,,18.782244,27.241571,13.704224
SOM,2011,,,19.683157,25.609964,12.299625
SOM,2012,,,20.636755,24.239258,11.132162
SOM,2013,,,21.5753,22.873276,9.981272
SOM,2014,,,22.498528,21.51161,8.84673
SOM,2015,,,23.406189,20.154106,7.7285523
SOM,2016,,,24.29798,18.800613,6.6268115
SOM,2017,,,25.173859,17.451385,5.541825
SOM,2018,,,26.033491,16.106298,4.473695
SOM,2019,,,26.877045,14.765779,3.422768
SOM,2020,,,27.7042,13.417043,2.4017842
SOM,2021,,,28.515003,11.995986,1.475283
SOM,2022,,,28.392174,11.889462,1.45886
ZAF,2000,,,2.8119774,4.395121,8.215442
ZAF,2001,,,2.818518,4.2236466,7.8568325
ZAF,2002,,,2.8217692,4.0502515,7.4948773
ZAF,2003,,,2.8233852,3.8780015,7.136464
ZAF,2004,,,2.8242989,3.7084363,6.7850146
ZAF,2005,,,2.8246665,3.5417793,6.440975
ZAF,2006,,,2.8243918,3.37785,6.103974
ZAF,2007,,,2.8234794,3.2166395,5.7739725
ZAF,2008,,,2.8218791,3.0580652,5.450796
ZAF,2009,,,2.819811,2.9023783,5.1349525
ZAF,2010,,,2.8171203,2.7493513,4.825973
ZAF,2011,,,2.8138669,2.5990298,4.523938
ZAF,2012,,,2.8099997,2.4513462,4.2286806
ZAF,2013,,,2.8056955,2.306439,3.9404826
ZAF,2014,,,2.8007903,2.1641176,3.6589491
ZAF,2015,,,2.7953467,2.0244198,3.3841379
ZAF,2016,,,2.7893713,1.8873241,3.115993
ZAF,2017,,,2.7829304,1.7528467,2.8545403
ZAF,2018,,,2.7760317,1.6209719,2.5997055
ZAF,2019,,,2.7686837,1.4916592,2.3514135
ZAF,2020,,,2.7608328,1.3648492,2.1095276
ZAF,2021,,,2.7526104,1.2405845,1.8741052
ZAF,2022,,,2.7440271,1.1188302,1.6450534
KOR,2002,97.10565,1.5955181,0,1.2988311,0
KOR,2003,97.10565,1.5955181,0,1.2988311,0
KOR,2004,97.10565,1.5955181,0,1.2988311,0
KOR,2005,97.10565,1.5955181,0,1.2988311,0
KOR,2006,97.10565,1.5955181,0,1.2988311,0
KOR,2007,97.27112,1.5119444,0,1.2169365,0
KOR,2008,97.43673,1.4282298,0,1.135042,0
KOR,2009,97.60248,1.3443745,0,1.0531473,0
KOR,2010,97.76837,1.2603785,0,0.97125274,0
KOR,2011,97.9344,1.1762416,0,0.88935816,0
KOR,2012,98.10057,1.091964,0,0.8074636,0
KOR,2013,98.266884,1.0075456,0,0.725569,0
KOR,2014,98.43334,0.9229865,0,0.64367443,0
KOR,2015,98.583755,0.85446376,0,0.56177986,0
KOR,2016,98.692696,0.8274183,0,0.47988528,0
KOR,2017,98.80168,0.80032724,0,0.39799067,0
KOR,2018,98.91071,0.7731905,0,0.3160961,0
KOR,2019,99.01979,0.74600804,0,0.23420152,0
KOR,2020,99.128914,0.71878,0,0.15230694,0
KOR,2021,99.21022,0.71936953,0,0.07041236,0
KOR,2022,99.28012,0.7198764,0,0,0
SSD,2011,,,24.40429,13.545605,20.886883
SSD,2012,,,25.922337,13.546754,19.293713
SSD,2013,,,27.478128,13.548529,17.69865
SSD,2014,,,29.069933,13.551064,16.10162
SSD,2015,,,30.695736,13.554395,14.50236
SSD,2016,,,32.35358,13.558728,12.90088
SSD,2017,,,34.041378,13.564196,11.2971
SSD,2018,,,35.756752,13.570901,9.690841
SSD,2019,,,37.497322,13.546074,8.114947
SSD,2020,,,37.426964,13.537555,8.084555
SSD,2021,,,37.353085,13.528613,8.052642
SSD,2022,,,37.27522,13.519179,8.019009
,2000,,,3.5895133,13.732947,2.2346075
,2001,,,3.5922883,13.170238,2.1652887
,2002,,,3.5788543,12.619896,2.0973513
,2003,,,3.563717,12.058287,2.0283687
,2004,,,3.5478373,11.500734,1.9600198
,2005,,,3.530803,10.953877,1.8908782
,2006,,,3.5149996,10.412624,1.8229004
,2007,,,3.4986024,9.875494,1.7559198
,2008,,,3.4814215,9.342106,1.6894267
,2009,,,3.4635153,8.811611,1.6239172
,2010,,,3.4450657,8.283129,1.5599564
,2011,,,3.425971,7.7595873,1.4976616
,2012,,,3.405996,7.2385836,1.4362832
,2013,,,3.3852332,6.727599,1.3682684
,2014,,,3.3635807,6.2105002,1.3101145
,2015,,,3.3411052,5.6968207,1.2526535
,2016,,,3.3179545,5.1863766,1.1957761
,2017,,,3.294018,4.6815257,1.1397148
,2018,,,3.2662816,4.1874332,1.0824324
,2019,,,3.2367635,3.6972198,1.0174035
,2020,,,3.2086668,3.2060337,0.9643698
,2021,,,3.1868062,2.7212932,0.9123061
,2022,,,3.1820478,2.268222,0.8654348
ESP,2000,99.352005,0.64799476,0,1.4957052e-06,0
ESP,2001,99.35277,0.6472333,0,0,0
ESP,2002,99.38708,0.61292243,0,1.6951899e-06,0
ESP,2003,99.42211,0.5778861,0,1.1099858e-06,0
ESP,2004,99.45735,0.5426499,0,0,0
ESP,2005,99.49275,0.5072442,0,2.1817943e-06,0
ESP,2006,99.52834,0.47165442,0,2.075228e-06,0
ESP,2007,99.564125,0.43587336,0,3.8159633e-06,0
ESP,2008,99.60008,0.3999148,0,1.9375507e-06,0
ESP,2009,99.60359,0.39640382,0,3.2181565e-06,0
ESP,2010,99.60647,0.3935324,0,3.2039911e-06,0
ESP,2011,99.60933,0.39067248,0,0,0
ESP,2012,99.59834,0.38782153,0,0.013834804,0
ESP,2013,99.57172,0.3849251,0,0.043358486,0
ESP,2014,99.54494,0.38200364,0,0.07306068,0
ESP,2015,99.547646,0.37908244,0,0.07327369,0
ESP,2016,99.55037,0.37613645,0,0.07349772,0
ESP,2017,99.553116,0.37316567,0,0.07371555,0
ESP,2018,99.55588,0.37018254,0,0.07394357,0
ESP,2019,99.55868,0.36716235,0,0.07416172,0
ESP,2020,99.56148,0.36412972,0,0.07439023,0
ESP,2021,99.56429,0.36108473,0,0.07461889,0
ESP,2022,99.56715,0.35801494,0,0.07484242,0
LKA,2000,44.6906,38.156593,1.7484018,11.275292,4.1291146
LKA,2001,44.820007,38.312008,1.7546451,11.0807,4.0326414
LKA,2002,44.948925,38.47194,1.7567929,10.88614,3.9362009
LKA,2003,45.078354,38.63151,1.7589889,10.691413,3.839733
LKA,2004,45.207798,38.791084,1.7612342,10.496615,3.7432675
LKA,2005,45.336754,38.951027,1.763533,10.30185,3.646835
LKA,2006,45.526264,39.050568,1.7658781,10.106915,3.5503752
LKA,2007,45.715332,39.150436,1.7682785,9.912008,3.4539483
LKA,2008,45.904957,39.24989,1.7707239,9.716935,3.3574939
LKA,2009,46.094643,39.3493,1.7732191,9.521796,3.2610419
LKA,2010,46.283875,39.449047,1.775772,9.326684,3.1646228
LKA,2011,46.47367,39.54837,1.7783679,9.131414,3.0681758
LKA,2012,46.66353,39.647655,1.7810141,8.936071,2.9717317
LKA,2013,46.86228,39.74012,1.783541,8.739296,2.8747652
LKA,2014,47.0706,39.82514,1.7858996,8.541119,2.7772408
LKA,2015,47.288647,39.902485,1.7880495,8.341664,2.6791537
LKA,2016,47.516056,39.972336,1.7899622,8.141116,2.580531
LKA,2017,47.753513,40.03404,1.7915856,7.9271417,2.49372
LKA,2018,48.00171,40.08695,1.7928647,7.7052894,2.4131896
LKA,2019,47.82529,40.56612,1.7937851,7.4824586,2.3323479
LKA,2020,47.591423,41.10453,1.7942765,7.2585816,2.2511878
LKA,2021,47.3593,41.642914,1.7942945,7.0337276,2.1697636
LKA,2022,47.127533,42.182575,1.7937948,6.8079686,2.0881295
,2000,16.889923,28.64359,8.958202,27.164373,18.34391
,2001,17.209135,29.142565,9.244567,26.464273,17.939459
,2002,17.69097,29.54385,9.491785,25.903797,17.369598
,2003,18.189215,29.931936,9.737614,25.352325,16.78891
,2004,18.749063,30.26491,9.980692,24.798138,16.207195
,2005,19.324263,30.592255,10.21701,24.255302,15.611171
,2006,19.94405,30.893059,10.442188,23.699425,15.021277
,2007,20.593576,31.127464,10.666399,23.165771,14.446789
,2008,21.305456,31.348715,10.885282,22.605785,13.854763
,2009,22.044271,31.547146,11.099116,22.046875,13.262591
,2010,22.813406,31.713963,11.307189,21.487074,12.678368
,2011,23.360203,31.939337,11.653753,20.843971,12.202736
,2012,24.177612,32.040695,11.863567,20.297209,11.620914
,2013,25.02135,32.111,12.071028,19.758207,11.038413
,2014,25.905022,32.149014,12.26845,19.219028,10.458487
,2015,26.830233,32.156063,12.455624,18.675795,9.882284
,2016,27.75012,32.141315,12.645536,18.14568,9.317348
,2017,28.65597,32.13708,12.829097,17.636501,8.741351
,2018,29.239088,32.44105,13.026041,17.100864,8.192954
,2019,29.821966,32.75041,13.228188,16.531034,7.668402
,2020,30.37254,33.06338,13.418183,15.981195,7.1647
,2021,30.926052,33.378498,13.591556,15.39112,6.7127733
,2022,31.34643,33.685467,13.752584,14.9255295,6.2899885
SDN,2000,,,19.508709,25.063314,10.7805395
SDN,2001,,,19.51016,25.054367,10.774049
SDN,2002,,,19.511614,25.045422,10.767558
SDN,2003,,,19.513065,25.036478,10.761066
SDN,2004,,,19.514517,25.027533,10.754576
SDN,2005,,,20.046522,23.85221,10.2822275
SDN,2006,,,20.578053,22.677498,9.810432
SDN,2007,,,21.109104,21.503395,9.3391905
SDN,2008,,,21.63968,20.329897,8.868503
SDN,2009,,,22.169882,19.154074,8.396342
SDN,2010,,,22.699427,17.976145,7.9229503
SDN,2011,,,23.228018,16.796486,7.448669
SDN,2012,,,23.755367,15.615607,6.973924
SDN,2013,,,24.281176,14.433753,6.498969
SDN,2014,,,24.805166,13.251411,6.024218
SDN,2015,,,25.327013,12.068727,5.5498705
SDN,2016,,,25.84643,10.886208,5.076346
SDN,2017,,,26.36312,9.704225,4.603989
SDN,2018,,,26.87675,8.523071,4.1330943
SDN,2019,,,27.38705,7.3432293,3.664066
SDN,2020,,,27.89368,6.1649976,3.19721
SDN,2021,,,28.39633,4.9887733,2.7328866
SDN,2022,,,28.860893,3.9481647,2.2708662
SUR,2000,51.580395,37.48126,0.3898616,2.916871,7.6316113
SUR,2001,51.815754,37.714027,0.41948852,2.788589,7.2621408
SUR,2002,52.05073,37.945297,0.44950008,2.6604655,6.894003
SUR,2003,52.284714,38.17523,0.47989824,2.5325356,6.5276217
SUR,2004,52.51801,38.403744,0.51067835,2.4047916,6.1627774
SUR,2005,52.712658,38.644135,0.54222155,2.27904,5.821947
SUR,2006,52.90432,38.88618,0.57424706,2.153272,5.4819813
SUR,2007,53.096325,39.12884,0.6067276,2.0273507,5.1407557
SUR,2008,53.28897,39.37201,0.6396627,1.9012578,4.798097
SUR,2009,53.482536,39.615547,0.6730502,1.7749928,4.4538717
SUR,2010,53.676456,39.85972,0.7069007,1.6485693,4.108357
SUR,2011,53.871014,40.10438,0.74121237,1.521984,3.7614076
SUR,2012,54.06621,40.349545,0.7759877,1.3952321,3.4130256
SUR,2013,54.262047,40.5952,0.8112288,1.2683138,3.063209
SUR,2014,54.462845,40.83855,0.84684086,1.1411601,2.7106023
SUR,2015,54.668613,41.079082,0.8828014,1.0138313,2.3556716
SUR,2016,54.878857,41.316605,0.91909885,0.8863949,1.9990464
SUR,2017,55.09333,41.55078,0.95571464,0.75890934,1.6412636
SUR,2018,55.312035,41.781075,0.992622,0.63144857,1.2828232
SUR,2019,55.534252,42.007523,1.0298144,0.5040632,0.9243489
SUR,2020,55.760433,42.2292,1.0672469,0.37682417,0.5662968
SUR,2021,55.776257,42.21487,1.0666828,0.3770566,0.56513363
SUR,2022,55.79615,42.19686,1.0659738,0.37734157,0.56367135
SWE,2000,99.3919,0.08885347,0,0.51924765,0
SWE,2001,99.40435,0.0888646,0,0.5067872,0
SWE,2002,99.41695,0.08887586,0,0.4941787,0
SWE,2003,99.42949,0.08888707,0,0.48162648,0
SWE,2004,99.44196,0.08889823,0,0.46914226,0
SWE,2005,99.45436,0.088909306,0,0.45673317,0
SWE,2006,99.467155,0.08892075,0,0.44392222,0
SWE,2007,99.48026,0.08893246,0,0.43080723,0
SWE,2008,99.4932,0.08894403,0,0.41785443,0
SWE,2009,99.505974,0.088955455,0,0.4050712,0
SWE,2010,99.52669,0.08084887,0,0.3924663,0
SWE,2011,99.54783,0.07274056,0,0.37942928,0
SWE,2012,99.56925,0.0646303,0,0.36611927,0
SWE,2013,99.59031,0.056517657,0,0.35317594,0
SWE,2014,99.61101,0.048402734,0,0.3405866,0
SWE,2015,99.631386,0.04028563,0,0.32832697,0
SWE,2016,99.65143,0.03216641,0,0.31640866,0
SWE,2017,99.67114,0.024045175,0,0.30481398,0
SWE,2018,99.69054,0.015921995,0,0.29354498,0
SWE,2019,99.70961,0.007796956,0,0.28259,0
SWE,2020,99.72807,0,0,0.2719276,0
SWE,2021,99.73845,0,0,0.26155424,0
SWE,2022,99.73888,0,0,0.26112014,0
CHE,2000,96.7,3.3,0,5.574872e-07,0
CHE,2001,96.700005,3.2999973,0,0,0
CHE,2002,96.7,3.3,0,1.9460174e-06,0
CHE,2003,96.700005,3.2999983,0,0,0
CHE,2004,96.7,3.3,0,1.6405809e-06,0
CHE,2005,96.7,3.2999992,0,0,0
CHE,2006,96.700005,3.2999966,0,0,0
CHE,2007,96.7,3.3,0,9.1934265e-07,0
CHE,2008,96.7,3.3,0,2.0711857e-06,0
CHE,2009,96.7,3.3,0,2.777767e-06,0
CHE,2010,96.7,3.3,0,2.3719836e-06,0
CHE,2011,96.7,3.3,0,8.3941853e-07,0
CHE,2012,96.7,3.2999995,0,0,0
CHE,2013,96.7,3.3,0,7.002727e-07,0
CHE,2014,96.7,3.3,0,2.7909314e-06,0
CHE,2015,96.7,3.3,0,3.7497819e-06,0
CHE,2016,96.700005,3.2999978,0,0,0
CHE,2017,96.7,3.3,0,0,0
CHE,2018,96.700005,3.299999,0,0,0
CHE,2019,96.7,3.3,0,1.2754227e-06,0
CHE,2020,96.7,3.3,0,2.3965797e-06,0
CHE,2021,96.7,3.3,0,0,0
CHE,2022,96.700005,3.299998,0,0,0
SYR,2000,,,5.8107486,2.028505,0.5633403
SYR,2001,,,5.8084164,1.95297,0.49796155
SYR,2002,,,5.8059044,1.8782991,0.4335155
SYR,2003,,,5.8032784,1.8045732,0.3700216
SYR,2004,,,5.8004723,1.7317133,0.307463
SYR,2005,,,5.7976193,1.6598573,0.24586445
SYR,2006,,,5.794655,1.5889287,0.18520655
SYR,2007,,,5.79151,1.518868,0.12548006
SYR,2008,,,5.7882543,1.4497316,0.06669163
SYR,2009,,,5.7849207,1.3815472,0.008837516
SYR,2010,,,5.781408,1.2639873,0.002161564
SYR,2011,,,5.8260207,1.1714258,0.002169063
SYR,2012,,,5.8712173,1.0738367,0.002174597
SYR,2013,,,5.916859,0.97115445,0.002132936
SYR,2014,,,5.963019,0.86335444,0.002091153
SYR,2015,,,5.949001,0.73073775,0.002118277
SYR,2016,,,5.934752,0.60148513,0.002145361
SYR,2017,,,5.9203076,0.4756008,0.002172363
SYR,2018,,,5.9057064,0.35307443,0.002199244
SYR,2019,,,5.8909497,0.2338808,0.002226002
SYR,2020,,,5.8761125,0.11799816,0.002252558
SYR,2021,,,5.8545394,0.08948889,0.002278911
SYR,2022,,,5.8309045,0.08885753,0.002305101
TJK,2000,35.99046,20.51577,3.9079,5.8461213,33.73975
TJK,2001,37.02204,20.753017,3.8946671,5.7197866,32.61049
TJK,2002,38.07823,20.971828,3.8751993,5.593462,31.481281
TJK,2003,39.15903,21.172205,3.8494976,5.467144,30.352125
TJK,2004,40.263874,21.354298,3.8175802,5.340887,29.223358
TJK,2005,41.393894,21.517815,3.7794125,5.214583,28.094294
TJK,2006,42.548515,21.6629,3.735012,5.0882864,26.965282
TJK,2007,43.72774,21.789558,3.6843793,4.9619975,25.836325
TJK,2008,44.931564,21.897787,3.6275148,4.8357186,24.707417
TJK,2009,46.159985,21.987589,3.564419,4.7094426,23.578564
TJK,2010,47.413002,22.058966,3.4950926,4.5831766,22.449762
TJK,2011,48.52485,22.277374,3.419558,4.456964,21.321255
TJK,2012,49.36804,22.77742,3.3372648,4.3298273,20.18745
TJK,2013,50.209576,23.290232,3.2482643,4.202024,19.049904
TJK,2014,51.049465,23.815435,3.152504,4.073607,17.908987
TJK,2015,51.88727,24.352222,3.050011,3.9447367,16.765759
TJK,2016,52.722847,24.90001,2.940776,3.815504,15.620864
TJK,2017,53.555912,25.458054,2.8248234,3.686048,14.475164
TJK,2018,54.38607,26.02552,2.7022116,3.5565207,13.329678
TJK,2019,55.21331,26.601799,2.572939,3.4270036,12.184946
TJK,2020,55.236866,26.615553,2.568364,3.4218543,12.157364
TJK,2021,55.26317,26.63091,2.5632548,3.4161053,12.126561
TJK,2022,55.2921,26.647806,2.5576348,3.4097793,12.092678
TZA,2000,1.4304467,27.235975,7.02339,46.8832,17.426987
TZA,2001,1.4734219,28.599762,7.4692416,45.236137,17.221437
TZA,2002,1.5173562,29.962395,7.911444,43.592865,17.01594
TZA,2003,1.575071,31.408209,8.344163,41.896736,16.775822
TZA,2004,2.2779095,32.204273,8.792818,40.195873,16.529127
TZA,2005,3.0322132,32.94892,9.235507,38.501095,16.282267
TZA,2006,3.840234,33.63976,9.672564,36.812344,16.0351
TZA,2007,5.4745736,33.50305,10.104395,35.130127,15.787852
TZA,2008,7.010434,33.463882,10.531332,33.45414,15.540209
TZA,2009,7.4836664,34.48387,10.953893,31.78566,15.292912
TZA,2010,7.7577424,35.7007,11.3723755,30.123875,15.045306
TZA,2011,8.03602,36.908974,11.78729,28.469765,14.79795
TZA,2012,8.318959,38.10842,12.199017,26.823067,14.550539
TZA,2013,8.605993,39.297623,12.608082,25.18468,14.303622
TZA,2014,8.896538,40.4753,13.015003,23.55543,14.05773
TZA,2015,9.190618,41.640854,13.420219,21.93543,13.812879
TZA,2016,9.487834,42.793335,13.824219,20.325193,13.569417
TZA,2017,9.788418,43.93238,14.227425,18.724583,13.327197
TZA,2018,10.092174,45.05726,14.630302,17.133871,13.086392
TZA,2019,10.398679,46.167168,15.033321,15.553496,12.847335
TZA,2020,10.708383,47.261883,15.436901,13.983122,12.609713
TZA,2021,11.020632,48.340538,15.841509,12.423312,12.374007
TZA,2022,11.335652,49.455505,16.194868,10.873912,12.140064
THA,2000,,,0.19952513,5.1017036,0.583407
THA,2001,,,0.19699332,4.7462273,0.5688962
THA,2002,,,0.19436193,4.39618,0.5544861
THA,2003,,,0.19163887,4.0518823,0.5402054
THA,2004,,,0.1888234,3.7135036,0.5260614
THA,2005,,,0.18244423,3.3814642,0.51210725
THA,2006,,,0.18315886,3.0556877,0.49830902
THA,2007,,,0.18440373,2.7364874,0.4847052
THA,2008,,,0.18619272,2.4239872,0.4713011
THA,2009,,,0.18855162,2.1184475,0.4581384
THA,2010,,,0.19148491,1.8198875,0.44520226
THA,2011,,,0.19573916,1.5368781,0.4353343
THA,2012,,,0.20050237,1.2599448,0.42620662
THA,2013,,,0.20560876,0.98715067,0.41724464
THA,2014,,,0.21106027,0.71848446,0.4084432
THA,2015,,,0.2168609,0.45397127,0.39980844
THA,2016,,,0.22301272,0.1936242,0.39132997
THA,2017,,,0.22937915,0,0.3829117
THA,2018,,,0.1512218,1.7134649e-06,0.31316996
THA,2019,,,0.035166845,1.796789e-06,0
THA,2020,,,0,0,0
THA,2021,,,0,2.0076507e-06,0
THA,2022,,,0,0,0
TGO,2000,7.4459686,37.991234,3.826592,27.680141,23.056063
TGO,2001,7.565112,39.132923,3.9577093,26.988607,22.355648
TGO,2002,7.6856384,40.264526,4.086738,26.302017,21.66108
TGO,2003,7.807324,41.38561,4.2136593,25.620655,20.972752
TGO,2004,7.9301753,42.49607,4.338446,24.94457,20.290737
TGO,2005,8.0539665,43.595547,4.4610915,24.274002,19.615393
TGO,2006,8.178931,44.68421,4.5815525,23.608818,18.946486
TGO,2007,8.305075,45.761963,4.6998005,22.949074,18.284088
TGO,2008,8.432631,46.82892,4.81578,22.294662,17.62801
TGO,2009,8.560682,47.88409,4.9295793,21.646286,16.979362
TGO,2010,8.690156,48.928284,5.0410595,21.003342,16.33716
TGO,2011,13.099692,45.691032,5.1494684,20.36309,15.696718
TGO,2012,15.1638365,44.7933,5.254968,19.727207,15.060686
TGO,2013,15.604844,45.50683,5.358012,19.097775,14.43254
TGO,2014,16.050573,46.204483,5.458501,18.474567,13.811875
TGO,2015,16.501093,46.886097,5.5564055,17.857643,13.198761
TGO,2016,16.957457,47.55194,5.6515045,17.246628,12.592471
TGO,2017,17.419529,48.201565,5.74379,16.641754,11.993362
TGO,2018,17.88741,48.834663,5.8332114,16.043137,11.401578
TGO,2019,18.361204,49.450924,5.919717,15.450895,10.817259
TGO,2020,18.841017,50.05004,6.0032554,14.865139,10.240547
TGO,2021,19.129435,50.817547,6.0954475,13.810687,10.146884
TGO,2022,19.417791,51.572926,6.1849914,12.771912,10.0523815
TKL,2000,,,0,1.4602997,0
TKL,2001,,,0,1.4602997,0
TKL,2002,,,0,1.4602997,0
TKL,2003,,,0,1.4602997,0
TKL,2004,,,0,1.4602997,0
TKL,2005,,,0,1.3768729,0
TKL,2006,,,0,1.293446,0
TKL,2007,,,0,1.2100191,0
TKL,2008,,,0,1.1265922,0
TKL,2009,,,0,1.0431653,0
TKL,2010,,,0,0.95973843,0
TKL,2011,,,0,0.87631154,0
TKL,2012,,,0,0.79288465,0
TKL,2013,,,0,0.70945776,0
TKL,2014,,,0,0.62603086,0
TKL,2015,,,0,0.542604,0
TKL,2016,,,0,0.4591771,0
TKL,2017,,,0,0.37575024,0
TKL,2018,,,0,0.29232335,0
TKL,2019,,,0,0.29232335,0
TKL,2020,,,0,0.29232335,0
TKL,2021,,,0,0.29232335,0
TKL,2022,,,0,0.29232335,0
TON,2000,29.241148,68.90164,0.87933916,0.977871,0
TON,2001,29.248959,68.893776,0.87906116,0.9782005,0
TON,2002,29.256502,68.886185,0.8787927,0.9785173,0
TON,2003,29.264315,68.87833,0.8785147,0.9788408,0
TON,2004,29.272127,68.87047,0.87823665,0.9791712,0
TON,2005,29.293966,68.885796,0.8781879,0.94205165,0
TON,2006,29.316097,68.900856,0.87812936,0.9049156,0
TON,2007,29.34204,68.91216,0.8779366,0.86786145,0
TON,2008,29.370996,68.92052,0.87763816,0.8308519,0
TON,2009,29.399992,68.92889,0.8773396,0.7937781,0
TON,2010,29.429035,68.9373,0.8770409,0.7566266,0
TON,2011,29.458118,68.94573,0.87674206,0.71940815,0
TON,2012,29.470346,68.97088,0.8770382,0.6817388,0
TON,2013,29.470287,69.00811,0.87776613,0.6438368,0
TON,2014,29.469913,69.04559,0.8785039,0.60599107,0
TON,2015,29.46977,69.08277,0.8792321,0.5682289,0
TON,2016,29.469585,69.11992,0.87996054,0.53053147,0
TON,2017,29.46936,69.15705,0.8806891,0.4929019,0
TON,2018,29.473215,69.19013,0.8812736,0.45538118,0
TON,2019,29.480894,69.21946,0.8817238,0.4179227,0
TON,2020,29.492964,69.24449,0.88202035,0.38052002,0
TON,2021,29.508621,69.26607,0.8821921,0.34311935,0
TON,2022,29.528702,69.28337,0.88220996,0.30571392,0
TTO,2000,,,1.2392906,5.409297,1.1471676
TTO,2001,,,1.2681872,5.096568,1.0726253
TTO,2002,,,1.2972798,4.7838397,0.99808306
TTO,2003,,,1.3265687,4.471111,0.9235408
TTO,2004,,,1.3560538,4.158382,0.8489985
TTO,2005,,,1.3857349,3.8456535,0.77445626
TTO,2006,,,1.4156122,3.5329247,0.699914
TTO,2007,,,1.4456856,3.220196,0.62537175
TTO,2008,,,1.4759551,2.9074674,0.55082947
TTO,2009,,,1.5064209,2.5947387,0.47628722
TTO,2010,,,1.5370827,2.2820098,0.40174496
TTO,2011,,,1.5679406,1.9692812,0.32720268
TTO,2012,,,1.5989946,1.6565526,0.25266042
TTO,2013,,,1.10771,1.3438238,0.17811817
TTO,2014,,,1.1120661,0.95655286,0.17811817
TTO,2015,,,1.1164223,0.56928194,0.17811817
TTO,2016,,,1.1207784,0.18201096,0.17811817
TTO,2017,,,1.1248292,0,0
TTO,2018,,,1.1248292,0,0
TTO,2019,,,1.1248292,0,0
TTO,2020,,,1.1248292,0,0
TTO,2021,,,1.1248292,0,0
TTO,2022,,,1.1248292,0,0
TUN,2000,71.81362,17.2421,3.5208385,6.780115,0.6433232
TUN,2001,72.11097,17.288584,3.513055,6.4508333,0.63655716
TUN,2002,72.404655,17.308434,3.5303595,6.1614747,0.5950775
TUN,2003,72.695,17.32678,3.5474877,5.8763742,0.5543587
TUN,2004,72.97705,17.34455,3.5660582,5.5976973,0.5146464
TUN,2005,73.23371,17.365221,3.5918205,5.3325405,0.47670704
TUN,2006,73.4881,17.384724,3.6173863,5.070467,0.43932465
TUN,2007,73.739655,17.403177,3.6429493,4.8117003,0.40252274
TUN,2008,73.98867,17.42053,3.6684153,4.556099,0.36628473
TUN,2009,74.23517,17.43679,3.6937852,4.303651,0.33060768
TUN,2010,74.47888,17.452028,3.7191582,4.054432,0.29549754
TUN,2011,74.720375,17.326773,3.883687,3.8082318,0.26093277
TUN,2012,75.14003,17.439325,3.62859,3.5651317,0.22692029
TUN,2013,75.556335,17.550758,3.3741584,3.325279,0.1934689
TUN,2014,75.97002,17.660837,3.1201935,3.0884016,0.16055514
TUN,2015,76.382576,17.768936,2.866322,2.8540123,0.12815145
TUN,2016,76.71289,17.955643,2.6128917,2.622291,0.09628112
TUN,2017,76.03084,19.1507,2.3601706,2.3933303,0.064961664
TUN,2018,75.33632,20.353909,2.1083887,2.1671722,0.034209516
TUN,2019,74.62857,21.56552,1.8578829,1.9439819,0.004045106
TUN,2020,73.90693,22.785736,1.608959,1.6968588,0.001520553
TUN,2021,74.10628,22.832712,1.6085057,1.4509792,0.001521925
TUN,2022,74.30346,22.878271,1.6077585,1.2089869,0.001523376
TUR,2000,,,2.037549,4.2883368,0.10995224
TUR,2001,,,2.0341644,4.207762,0.1091376
TUR,2002,,,2.0340152,3.9887218,0.11635849
TUR,2003,,,2.0337958,3.7740495,0.12343681
TUR,2004,,,2.0335004,3.5636375,0.130373
TUR,2005,,,2.0331523,3.357585,0.1371744
TUR,2006,,,2.0327313,3.1556768,0.143838
TUR,2007,,,2.0322542,2.9579504,0.15036975
TUR,2008,,,2.0317073,2.7642565,0.1567678
TUR,2009,,,2.031115,2.5746608,0.16304089
TUR,2010,,,2.030464,2.3890252,0.169187
TUR,2011,,,2.029764,2.2073088,0.17521088
TUR,2012,,,2.0290005,2.0294025,0.1811097
TUR,2013,,,2.0282557,1.8554896,0.18691319
TUR,2014,,,2.0275009,1.6853445,0.19261515
TUR,2015,,,2.0267477,1.5188686,0.19822258
TUR,2016,,,2.0259905,1.3559475,0.20373657
TUR,2017,,,2.0252492,1.1964958,0.20916769
TUR,2018,,,2.0245104,1.0403678,0.21451381
TUR,2019,,,2.0237856,0.8874678,0.21978241
TUR,2020,,,2.023078,0.7376776,0.2249778
TUR,2021,,,2.0190449,0.73737085,0.22328883
TUR,2022,,,2.0151076,0.7370642,0.22163993
TKM,2000,66.66759,20.478813,1.846896,1.6201419,9.38656
TKM,2001,67.85869,19.94989,1.8588984,1.5228512,8.809671
TKM,2002,69.06092,19.405111,1.8708706,1.4261916,8.236904
TKM,2003,70.27369,18.844908,1.8827914,1.3301872,7.668426
TKM,2004,71.496735,18.269526,1.8946611,1.2348393,7.104237
TKM,2005,73.17299,17.330446,1.8141471,1.1398546,6.5425644
TKM,2006,74.86708,16.371105,1.7328062,1.0452746,5.9837294
TKM,2007,76.57837,15.391821,1.6505587,0.951161,5.42809
TKM,2008,78.305244,14.393456,1.5672668,0.8576305,4.8764005
TKM,2009,80.04745,13.376144,1.4828804,0.7647063,4.328822
TKM,2010,81.80358,12.340678,1.3972819,0.67247576,3.785981
TKM,2011,83.57267,11.287626,1.3103832,0.5810146,3.2483068
TKM,2012,85.35386,10.217484,1.2221009,0.49038044,2.7161758
TKM,2013,87.14607,9.130908,1.1323409,0.40063503,2.1900468
TKM,2014,88.94335,8.028599,1.0409555,0.3166586,1.6704384
TKM,2015,90.74768,6.91126,0.947915,0.23543186,1.1577104
TKM,2016,92.284996,6.0531363,0.85314286,0.15541153,0.6533152
TKM,2017,93.680885,5.316699,0.75650275,0.0766735,0.16924237
TKM,2018,94.79053,4.5545545,0.6549173,1.3525203e-06,0
TKM,2019,94.81207,4.9808517,0.20707548,1.2685883e-06,0
TKM,2020,94.834236,5.1657634,0,0,0
TKM,2021,94.857056,5.142944,0,3.0797378e-07,0
TKM,2022,94.88054,5.1194572,0,0,0
TCA,2016,47.22444,51.46497,1.0501049,0.26048338,0
TCA,2017,47.197113,51.514675,1.0369177,0.25129363,0
TCA,2018,47.17152,51.561234,1.0245658,0.24268055,0
TCA,2019,47.147655,51.604645,1.0130491,0.2346526,0
TCA,2020,47.125336,51.645233,1.0022798,0.2271505,0
TCA,2021,47.104477,51.683174,0.99221355,0.22013265,0
TCA,2022,47.085075,51.718464,0.98285085,0.2136074,0
TUV,2000,7.6698003,91.13773,0.2808005,0.91166586,0
TUV,2001,7.6926575,91.13993,0.28336522,0.884049,0
TUV,2002,7.7155676,91.14195,0.28593704,0.85654265,0
TUV,2003,7.759011,91.121376,0.29097044,0.828645,0
TUV,2004,7.813006,91.089,0.29726997,0.800724,0
TUV,2005,7.866956,91.056404,0.30356592,0.7730764,0
TUV,2006,7.9209642,91.023476,0.30987048,0.7456897,0
TUV,2007,7.974978,90.990265,0.3161775,0.71857744,0
TUV,2008,8.028998,90.95678,0.32248703,0.6917369,0
TUV,2009,8.08277,90.9233,0.3287685,0.66516286,0
TUV,2010,8.136395,90.88971,0.3350341,0.6388616,0
TUV,2011,8.189875,90.85602,0.3412839,0.61281973,0
TUV,2012,8.243206,90.82223,0.34751776,0.58705133,0
TUV,2013,8.296086,90.78867,0.35369906,0.5615446,0
TUV,2014,8.347595,90.756386,0.35971755,0.53630143,0
TUV,2015,8.397683,90.72545,0.3655671,0.51129854,0
TUV,2016,8.4463,90.69593,0.37124142,0.48652866,0
TUV,2017,8.49339,90.667885,0.37673426,0.46198684,0
TUV,2018,8.53906,90.64122,0.38205782,0.43765885,0
TUV,2019,8.583255,90.61601,0.38720584,0.41352808,0
TUV,2020,8.6259775,90.59226,0.39217824,0.38958594,0
TUV,2021,8.667276,90.569916,0.396981,0.36582422,0
TUV,2022,8.707101,90.549065,0.40160793,0.3422287,0
UGA,2000,2.296263,24.120667,34.980743,24.586342,14.015984
UGA,2001,2.7350252,24.956276,34.819134,23.939322,13.550242
UGA,2002,3.2775626,25.71359,34.626694,23.295345,13.086807
UGA,2003,3.8409495,26.47494,34.403713,22.654581,12.625815
UGA,2004,4.4255567,27.239801,34.150337,22.017036,12.16727
UGA,2005,5.030759,28.006268,33.86757,21.383596,11.711808
UGA,2006,5.6577106,28.7749,33.554905,20.753553,11.258931
UGA,2007,6.305953,29.544079,33.213226,20.127602,10.80914
UGA,2008,6.976078,30.31343,32.84256,19.505594,10.362336
UGA,2009,7.6677732,31.081661,32.443665,18.88803,9.918874
UGA,2010,8.381659,31.848299,32.016594,18.274776,9.478672
UGA,2011,9.117634,32.61225,31.561968,17.666172,9.041972
UGA,2012,9.8761015,33.372757,31.08006,17.062263,8.608817
UGA,2013,10.656369,34.12851,30.57188,16.463629,8.179613
UGA,2014,11.45966,34.879078,30.037203,15.869925,7.754134
UGA,2015,12.2855425,35.62327,29.476894,15.281598,7.332698
UGA,2016,13.133509,36.36002,28.891842,14.699042,6.915585
UGA,2017,14.00361,37.08851,28.28258,14.122403,6.502901
UGA,2018,14.895238,37.807854,27.65001,13.552014,6.094884
UGA,2019,15.809382,38.517303,26.994167,12.987717,5.691429
UGA,2020,16.74508,39.216022,26.316153,12.429917,5.2928267
UGA,2021,17.702316,39.90326,25.616545,11.878724,4.899156
UGA,2022,18.681423,40.578186,24.89577,11.334173,4.510449
UKR,2000,66.53978,31.60375,0.08170813,1.76922,0.005539458
UKR,2001,66.55705,31.637135,0.081802204,1.7184769,0.005533052
UKR,2002,66.62774,31.598984,0.10229295,1.660758,0.010227602
UKR,2003,66.73623,31.489273,0.15766609,1.6019603,0.01487326
UKR,2004,69.34845,28.412981,0.6760529,1.5430553,0.019461825
UKR,2005,71.9575,25.337473,1.1967103,1.4843386,0.023984306
UKR,2006,74.53521,22.289791,1.7194716,1.4270616,0.028463641
UKR,2007,77.09165,19.260326,2.244357,1.3679525,0.035714366
UKR,2008,79.62727,16.248636,2.7713735,1.281365,0.07134805
UKR,2009,82.14158,13.255256,3.3004792,1.1955913,0.10709365
UKR,2010,84.61851,10.298258,3.8280656,1.1122168,0.14295442
UKR,2011,87.0901,7.345148,4.3565984,1.0292777,0.17887384
UKR,2012,89.55655,4.395732,4.8861117,0.9467567,0.21485154
UKR,2013,89.5572,4.2309527,5.0963144,0.86464804,0.25088754
UKR,2014,89.013596,4.3084736,5.607991,0.78295547,0.2869818
UKR,2015,88.84098,4.520605,5.6136036,0.7016742,0.32313436
UKR,2016,88.66827,4.7323694,5.6192102,0.6208109,0.3593452
UKR,2017,88.49545,4.9438357,5.62473,0.5403694,0.39561215
UKR,2018,88.32258,5.153751,5.631382,0.4603135,0.43197116
UKR,2019,88.149864,5.361714,5.6392455,0.38073853,0.46843815
UKR,2020,87.9775,5.5674877,5.648238,0.3017524,0.50502414
UKR,2021,87.769394,5.765242,5.6583586,0.26538756,0.5416145
UKR,2022,87.62073,5.9690733,5.669525,0.25811443,0.48256212
ARE,2000,,,0,0.38416702,0
ARE,2001,,,0,0.3861123,0
ARE,2002,,,0,0.36520237,0
ARE,2003,,,0,0.34403536,0
ARE,2004,,,0,0.32262498,0
ARE,2005,,,0,0.30096975,0
ARE,2006,,,0,0.279083,0
ARE,2007,,,0,0.2569591,0
ARE,2008,,,0,0.23458974,0
ARE,2009,,,0,0.21200565,0
ARE,2010,,,0,0.18920432,0
ARE,2011,,,0,0.16619426,0
ARE,2012,,,0,0.14298892,0
ARE,2013,,,0,0.11959147,0
ARE,2014,,,0,0.096011125,0
ARE,2015,,,0,0.072253734,0
ARE,2016,,,0,0.048324276,0
ARE,2017,,,0,0.024242302,0
ARE,2018,,,0,0,0
ARE,2019,,,0,0,0
ARE,2020,,,0,0,0
ARE,2021,,,0,0,0
ARE,2022,,,0,0,0
GBR,2000,100,0,0,0,0
GBR,2001,100,0,0,2.2872168e-06,0
GBR,2002,100,0,0,2.5666243e-06,0
GBR,2003,100,0,0,3.5624596e-06,0
GBR,2004,100,0,0,2.3178686e-06,0
GBR,2005,100,0,0,0,0
GBR,2006,99.99818,0.001820448,0,1.2848725e-06,0
GBR,2007,99.98605,0.01394735,0,3.570806e-07,0
GBR,2008,99.97393,0.026072076,0,0,0
GBR,2009,99.9618,0.03819813,0,0,0
GBR,2010,99.94968,0.050324846,0,0,0
GBR,2011,99.937546,0.062454958,0,2.6047278e-06,0
GBR,2012,99.92542,0.074579485,0,0,0
GBR,2013,99.91329,0.08670876,0,1.943943e-07,0
GBR,2014,99.90116,0.09883566,0,1.6523925e-06,0
GBR,2015,99.88904,0.11096217,0,0,0
GBR,2016,99.87691,0.12308946,0,2.7844328e-06,0
GBR,2017,99.864784,0.13521533,0,0,0
GBR,2018,99.85265,0.14734302,0,0,0
GBR,2019,99.84053,0.15947017,0,2.655695e-06,0
GBR,2020,99.82841,0.17159471,0,0,0
GBR,2021,99.81628,0.18372397,0,1.3585737e-06,0
GBR,2022,99.804146,0.19585088,0,2.1177752e-06,0
USA,2005,95.35509,3.541884,0,1.1030257,0
USA,2006,95.364395,3.5394194,0,1.0961869,0
USA,2007,95.37364,3.5369694,0,1.0893885,0
USA,2008,95.382835,3.534534,0,1.08263,0
USA,2009,95.391975,3.5321128,0,1.0759116,0
USA,2010,95.55789,3.4527571,0,0.9893539,0
USA,2011,95.72309,3.373277,0,0.9036321,0
USA,2012,95.88738,3.293725,0,0.8188898,0
USA,2013,96.050804,3.2140841,0,0.73511064,0
USA,2014,96.213264,3.1343787,0,0.6523552,0
USA,2015,96.37471,3.0546193,0,0.5706714,0
USA,2016,96.535065,2.974828,0,0.49010468,0
USA,2017,96.69435,2.894993,0,0.4106561,0
USA,2018,96.85243,2.8151577,0,0.33240983,0
USA,2019,97.00933,2.735301,0,0.25536907,0
USA,2020,97.164955,2.655464,0,0.17957848,0
USA,2021,97.3193,2.575638,0,0.10506158,0
USA,2022,97.46839,2.4957242,0,0.035887156,0
VIR,2000,97.58309,1.135261,0,1.2816457,0
VIR,2001,97.6125,1.1058455,0,1.281651,0
VIR,2002,97.641914,1.0764298,0,1.2816565,0
VIR,2003,97.671326,1.0470142,0,1.281662,0
VIR,2004,97.70074,1.0175986,0,1.2816674,0
VIR,2005,97.73014,0.9881831,0,1.2816728,0
VIR,2006,97.75955,0.9587675,0,1.2816782,0
VIR,2007,97.78896,0.92935187,0,1.2816837,0
VIR,2008,97.818375,0.8999363,0,1.2816892,0
VIR,2009,97.847786,0.8705207,0,1.2816945,0
VIR,2010,97.8772,0.84110516,0,1.2817,0
VIR,2011,97.90661,0.81168956,0,1.2817054,0
VIR,2012,97.93601,0.782274,0,1.2817109,0
VIR,2013,97.93601,0.78227395,0,1.2817163,0
VIR,2014,97.936005,0.7822739,0,1.2817217,0
VIR,2015,97.936,0.7822739,0,1.2817272,0
VIR,2016,97.936,0.7822738,0,1.2817327,0
VIR,2017,97.936,0.7822738,0,1.2817327,0
VIR,2018,97.936,0.7822738,0,1.2817327,0
VIR,2019,97.936,0.7822738,0,1.2817327,0
VIR,2020,97.936,0.7822738,0,1.2817327,0
,2000,69.02202,14.294216,0.7099329,13.39398,2.5798528
,2001,69.26153,14.454421,0.70455176,13.060996,2.5185068
,2002,70.20835,14.359591,0.72348565,12.2485485,2.4600236
,2003,70.88645,14.515095,0.741638,11.46267,2.3941417
,2004,71.548485,14.667768,0.75931937,10.696757,2.3276708
,2005,72.19998,14.81237,0.7748229,10.024323,2.1884983
,2006,72.84391,14.939818,0.79066163,9.373805,2.0518079
,2007,73.47463,15.056231,0.8047961,8.748727,1.9156178
,2008,74.075935,15.180771,0.8189803,8.145476,1.7788334
,2009,74.65375,15.302019,0.8381836,7.5543323,1.6517212
,2010,75.21376,15.42066,0.85688937,6.9811664,1.5275245
,2011,75.74299,15.542038,0.8750486,6.431845,1.4080806
,2012,76.24762,15.665742,0.89248335,5.901737,1.2924213
,2013,76.78368,15.736991,0.90903467,5.3942,1.1760907
,2014,77.306816,15.802533,0.9241308,4.9033303,1.0631871
,2015,77.816414,15.863347,0.9375211,4.4290743,0.95364565
,2016,78.30668,15.916572,0.95088327,3.9789994,0.8468702
,2017,78.78416,15.952582,0.95687497,3.4763944,0.82998866
,2018,79.22915,16.004572,0.9734625,3.0564547,0.7363637
,2019,79.64304,16.081347,0.9778487,2.6714702,0.62629235
,2020,80.01458,16.175125,0.96593297,2.3151133,0.5292449
,2021,80.352615,16.39797,0.82797074,1.9470979,0.47434393
,2022,80.620705,16.719025,0.6145982,1.5816586,0.46401614
URY,2000,,,0.6587142,2.1885915,0.17336683
URY,2001,,,0.64965975,2.1368203,0.1679406
URY,2002,,,0.6364617,2.0867436,0.16269208
URY,2003,,,0.6234691,2.037984,0.15758163
URY,2004,,,0.6107494,1.9909146,0.15264878
URY,2005,,,0.6034832,1.8013775,0.13783933
URY,2006,,,0.5960722,1.6197209,0.123812824
URY,2007,,,0.5885686,1.4458028,0.110556036
URY,2008,,,0.580955,1.279145,0.09802157
URY,2009,,,0.5732852,1.1195778,0.08619334
URY,2010,,,0.56550246,0.9665529,0.07501533
URY,2011,,,0.55765975,0.81991905,0.064472914
URY,2012,,,0.5522969,0.6842276,0.055094443
URY,2013,,,0.54765254,0.55353475,0.046234567
URY,2014,,,0.5429202,0.4258479,0.03767317
URY,2015,,,0.5381047,0.3010936,0.02940204
URY,2016,,,0.5331683,0.17917044,0.021409685
URY,2017,,,0.5281997,0.06003411,0.013695592
URY,2018,,,0.5214024,0,0
URY,2019,,,0.512761,9.898337e-07,0
URY,2020,,,0.5042424,4.876994e-07,0
URY,2021,,,0.4957593,0,0
URY,2022,,,0.49202225,0,0
UZB,2000,53.767487,33.545113,5.7599106,1.948634,4.9788556
UZB,2001,55.114872,32.68858,5.561602,1.8373355,4.797613
UZB,2002,56.45625,31.833921,5.3644795,1.7277097,4.6176395
UZB,2003,57.790802,30.981739,5.1686773,1.619787,4.4389944
UZB,2004,59.117764,30.132586,4.9743195,1.5135996,4.2617326
UZB,2005,60.436913,29.286633,4.78145,1.4091514,4.0858536
UZB,2006,61.74851,28.443712,4.5900526,1.306418,3.9113104
UZB,2007,63.051826,27.604353,4.4002404,1.2054273,3.738153
UZB,2008,64.34665,26.76873,4.21206,1.1061759,3.5663817
UZB,2009,65.632355,25.937317,4.025608,1.0086849,3.3960392
UZB,2010,66.90957,25.10966,3.8408217,0.9129153,3.227038
UZB,2011,68.066696,24.368984,3.6709146,0.82235307,3.0710542
UZB,2012,69.11726,23.707159,3.5131037,0.73547894,2.926997
UZB,2013,70.178894,23.037128,3.3530831,0.64824176,2.782653
UZB,2014,71.251625,22.358856,3.1908438,0.5606494,2.6380231
UZB,2015,72.33551,21.672308,3.026376,0.47269547,2.4931068
UZB,2016,73.430595,20.97745,2.8596706,0.38438115,2.3479042
UZB,2017,74.53692,20.27424,2.6907182,0.2957097,2.202415
UZB,2018,75.66172,19.55685,2.5189369,0.20669265,2.0557973
UZB,2019,76.77456,18.85288,2.3445647,0.11987981,1.9081194
UZB,2020,77.788475,18.169334,2.1655242,0.119818784,1.7568476
UZB,2021,78.8126,17.477146,1.9852182,0.11983014,1.605209
UZB,2022,79.8453,16.777512,1.803968,0.11989611,1.453326
VUT,2000,,,1.0591842,8.573297,6.9904294
VUT,2001,,,1.0572567,8.552129,6.9662027
VUT,2002,,,1.0553155,8.530813,6.941803
VUT,2003,,,1.0533468,8.509198,6.917057
VUT,2004,,,1.0513643,8.487424,6.8921385
VUT,2005,,,1.0548238,8.128123,6.820155
VUT,2006,,,1.024968,7.770209,6.7482543
VUT,2007,,,0.9948465,7.4137745,6.676525
VUT,2008,,,0.9644569,7.0587683,6.604889
VUT,2009,,,0.93380415,6.705214,6.5333495
VUT,2010,,,0.90368277,6.3607054,6.472539
VUT,2011,,,0.8737456,6.0215034,6.418282
VUT,2012,,,0.84350044,5.6827927,6.364058
VUT,2013,,,0.81295455,5.34463,6.3099513
VUT,2014,,,0.782109,5.0070205,6.2559614
VUT,2015,,,0.75096506,4.66996,6.202088
VUT,2016,,,0.7195187,4.3334117,6.1482515
VUT,2017,,,0.6877767,3.997413,6.0945334
VUT,2018,,,0.65569276,3.661607,6.0401497
VUT,2019,,,0.6232786,3.3260999,5.9851956
VUT,2020,,,0.59053224,2.9909081,5.929532
VUT,2021,,,0.55747014,2.65618,5.8733325
VUT,2022,,,0.52409154,2.3219316,5.8164606
VEN,2000,,,0.4885814,0.44312435,1.8405963
VEN,2001,,,0.48769146,0.65667593,1.8050295
VEN,2002,,,0.48680153,0.87022746,1.7694628
VEN,2003,,,0.48591164,1.0837791,1.733896
VEN,2004,,,0.4850217,1.2973306,1.6983292
VEN,2005,,,0.48413178,1.5108821,1.6627624
VEN,2006,,,0.48324186,1.7244338,1.6271957
VEN,2007,,,0.48235193,1.9379853,1.5916289
VEN,2008,,,0.481462,2.151537,1.5560621
VEN,2009,,,0.48057207,2.3650885,1.5204953
VEN,2010,,,0.47968215,2.57864,1.4849285
VEN,2011,,,0.47879222,2.7921915,1.4493618
VEN,2012,,,0.47790232,3.005743,1.413795
VEN,2013,,,0.4770124,3.2192948,1.3782282
VEN,2014,,,0.47612247,3.3972795,1.3782282
VEN,2015,,,0.47523254,3.5752642,1.3782282
VEN,2016,,,0.4743426,3.753249,1.3782282
VEN,2017,,,0.4734527,3.931234,1.3782282
VEN,2018,,,0.47256276,5.487447,
VEN,2019,,,0.47167283,5.6654315,
VEN,2020,,,0.4707829,5.843416,
VEN,2021,,,0.469893,6.021401,
VEN,2022,,,0.46900308,6.199386,
VNM,2000,45.639004,34.94067,0.9638887,9.630647,8.825793
VNM,2001,46.203968,35.234585,0.9426017,9.308304,8.31054
VNM,2002,46.769115,35.522038,0.9206585,8.98829,7.799898
VNM,2003,47.3329,35.803635,0.89806014,8.671055,7.29435
VNM,2004,47.896313,36.078682,0.8748219,8.356408,6.7937737
VNM,2005,48.458206,36.34764,0.8509479,8.04468,6.298528
VNM,2006,49.019196,36.60999,0.8264521,7.7357783,5.808586
VNM,2007,49.579193,36.8656,0.8013448,7.42978,5.324081
VNM,2008,50.137768,37.11455,0.7756352,7.126844,4.8452
VNM,2009,50.69552,37.35629,0.7493377,6.8268948,4.371961
VNM,2010,51.256012,37.58822,0.72248083,6.5292773,3.904009
VNM,2011,51.81474,37.812996,0.6950555,6.235023,3.4421847
VNM,2012,52.37195,38.03027,0.6670757,5.9441333,2.9865701
VNM,2013,52.92625,38.240845,0.638548,5.6569347,2.5374217
VNM,2014,53.478878,38.44368,0.6094917,5.373239,2.09471
VNM,2015,54.029423,38.638885,0.5799186,5.093184,1.6585889
VNM,2016,54.577488,38.82659,0.54984087,4.8168855,1.2291926
VNM,2017,55.121456,39.007954,0.51926476,4.5446463,0.8066807
VNM,2018,55.66161,39.507175,0.16370569,4.272134,0.39537558
VNM,2019,56.197914,39.791138,0.016239323,3.9742029,0.020504218
VNM,2020,56.73035,39.936672,0,3.3329775,0
VNM,2021,57.257984,40.059532,0,2.6824865,0
VNM,2022,57.78141,40.175404,0,2.0431833,0
WLF,2000,69.1463,30.493523,0,0.36017326,0
WLF,2001,69.1463,30.493523,0,0.36017326,0
WLF,2002,69.13302,30.487663,0,0.37931886,0
WLF,2003,69.11973,30.481806,0,0.3984645,0
WLF,2004,69.106445,30.475946,0,0.41761014,0
WLF,2005,69.093155,30.470087,0,0.43675575,0
WLF,2006,69.07987,30.464228,0,0.45590138,0
WLF,2007,69.06658,30.458368,0,0.47504702,0
WLF,2008,69.0533,30.452509,0,0.49419263,0
WLF,2009,69.040016,30.44665,0,0.51333827,0
WLF,2010,69.026726,30.44079,0,0.5324839,0
WLF,2011,69.01344,30.43493,0,0.5516295,0
WLF,2012,69.00015,30.429071,0,0.57077515,0
WLF,2013,68.98687,30.423212,0,0.58992076,0
WLF,2014,68.97358,30.417353,0,0.60906637,0
WLF,2015,68.9603,30.411493,0,0.62821203,0
WLF,2016,68.94701,30.405634,0,0.64735764,0
WLF,2017,68.93372,30.399775,0,0.66650325,0
WLF,2018,68.92043,30.393915,0,0.6856489,0
WLF,2019,68.90715,30.388056,0,0.7047945,0
WLF,2020,68.89386,30.382196,0,0.72394013,0
WLF,2021,68.88058,30.376337,0,0.7430858,0
WLF,2022,68.88058,30.376337,0,0.7430858,0
,2000,,,0.5053327,15.439657,3.0291874
,2001,,,0.5103767,15.150812,2.9599562
,2002,,,0.53967905,13.809989,2.8251154
,2003,,,0.5784125,12.896646,2.7536178
,2004,,,0.617799,12.0095625,2.681649
,2005,,,0.658263,11.252218,2.5009913
,2006,,,0.69806534,10.52293,2.3263469
,2007,,,0.73713225,9.821147,2.1516635
,2008,,,0.7753866,9.090137,2.0321925
,2009,,,0.8127485,8.43626,1.8629441
,2010,,,0.84910566,7.8055506,1.6978678
,2011,,,0.88461906,7.204289,1.5379448
,2012,,,0.91924334,6.6282887,1.3824184
,2013,,,0.95270216,6.074336,1.2309111
,2014,,,0.98499846,5.541788,1.0829198
,2015,,,1.0162239,5.0312533,0.939104
,2016,,,1.0454186,4.5425057,0.7997213
,2017,,,1.0744064,4.075839,0.66428787
,2018,,,1.0864592,3.631208,0.5330353
,2019,,,1.1076415,3.197197,0.4163266
,2020,,,1.1335673,2.7675745,0.32722783
,2021,,,0.9663261,2.2975006,0.30275932
,2022,,,0.66691035,1.8469896,0.28723642
OWID_WRL,2000,60.81622,20.451788,2.5285685,12.185244,4.0181813
OWID_WRL,2001,61.130203,20.475193,2.5743794,11.874825,3.9454007
OWID_WRL,2002,61.798283,20.45223,2.6204686,11.289383,3.8396354
OWID_WRL,2003,62.363247,20.399717,2.6715434,10.819199,3.7462955
OWID_WRL,2004,62.965595,20.3052,2.7272503,10.3531,3.6488533
OWID_WRL,2005,63.655815,20.106699,2.795547,9.928357,3.5135813
OWID_WRL,2006,63.95269,20.3078,2.8550072,9.502884,3.3816168
OWID_WRL,2007,64.634,20.118088,2.9132745,9.0860615,3.2485766
OWID_WRL,2008,64.879715,20.360693,2.971498,8.675615,3.1124833
OWID_WRL,2009,65.397385,20.318329,3.0308664,8.2731905,2.9802325
OWID_WRL,2010,65.897514,20.285484,3.0904238,7.8778887,2.8486912
OWID_WRL,2011,66.42658,20.146355,3.1800199,7.501993,2.745047
OWID_WRL,2012,67.05405,19.96408,3.2405703,7.1266375,2.6146657
OWID_WRL,2013,67.71787,19.741083,3.2987082,6.7623305,2.4800043
OWID_WRL,2014,68.38146,19.51206,3.3576307,6.4011893,2.3476555
OWID_WRL,2015,69.0584,19.3031,3.3935075,6.034491,2.210498
OWID_WRL,2016,69.72374,19.058788,3.4492443,5.6891475,2.0790792
OWID_WRL,2017,70.3804,18.812597,3.502669,5.326513,1.9778181
OWID_WRL,2018,71.02424,18.581337,3.5525343,4.988767,1.8531243
OWID_WRL,2019,71.65622,18.348686,3.6102736,4.6603794,1.7244439
OWID_WRL,2020,72.25363,18.129265,3.664385,4.342907,1.6098142
OWID_WRL,2021,72.491714,18.31305,3.6741738,4.0059204,1.5151447
OWID_WRL,2022,72.927155,18.255386,3.657326,3.7171493,1.4429859
YEM,2000,,,17.84622,35.289272,5.985439
YEM,2001,,,17.856787,35.08132,5.95256
YEM,2002,,,17.867516,34.87018,5.919175
YEM,2003,,,18.457653,33.220238,5.7256074
YEM,2004,,,19.111828,31.585482,5.53287
YEM,2005,,,19.762726,29.966955,5.3411045
YEM,2006,,,20.410109,28.36391,5.1501546
YEM,2007,,,21.05371,26.777061,4.960106
YEM,2008,,,21.693272,25.206755,4.7709823
YEM,2009,,,22.328527,23.65334,4.5828094
YEM,2010,,,22.95921,22.117168,4.395612
YEM,2011,,,23.585094,20.598845,4.2094655
YEM,2012,,,24.205936,19.098656,4.0243926
YEM,2013,,,24.821423,17.616688,3.8403647
YEM,2014,,,25.431416,16.1537,3.6575031
YEM,2015,,,26.035606,14.709745,3.475779
YEM,2016,,,26.633825,13.285297,3.2952595
YEM,2017,,,27.225838,11.880603,3.1159625
YEM,2018,,,27.811512,10.496043,2.93795
YEM,2019,,,28.390518,9.131708,2.7611926
YEM,2020,,,28.962742,7.77785,2.5958357
YEM,2021,,,29.52809,6.425862,2.450842
YEM,2022,,,29.445333,6.371184,2.4252384
ZMB,2000,,,3.8691154,30.046562,19.081392
ZMB,2001,,,4.005065,29.536821,18.472273
ZMB,2002,,,4.139715,28.953987,17.798925
ZMB,2003,,,4.2741933,28.373726,17.131882
ZMB,2004,,,4.408435,27.796062,16.471203
ZMB,2005,,,4.542391,27.221298,15.817184
ZMB,2006,,,4.6759834,26.64919,15.169649
ZMB,2007,,,4.809168,26.080027,14.528878
ZMB,2008,,,4.941839,25.51333,13.894508
ZMB,2009,,,5.074022,24.95013,13.267408
ZMB,2010,,,5.205561,24.389454,12.64683
ZMB,2011,,,5.3364415,23.831818,12.03322
ZMB,2012,,,5.4664407,23.276068,11.425766
ZMB,2013,,,5.5954247,22.722034,10.824457
ZMB,2014,,,5.723359,22.170273,10.229785
ZMB,2015,,,5.8500705,21.620388,9.641584
ZMB,2016,,,5.9755325,21.072916,9.060319
ZMB,2017,,,6.0996037,20.527699,8.485987
ZMB,2018,,,6.2221775,19.98481,7.9187427
ZMB,2019,,,6.343197,19.444542,7.3588634
ZMB,2020,,,6.4625616,18.906952,6.806482
ZMB,2021,,,6.4326873,18.78945,6.74308
ZMB,2022,,,6.402495,18.670696,6.6790023
ZWE,2000,29.193327,42.676064,7.33375,14.658566,6.1382947
ZWE,2001,29.344763,42.671284,7.301701,14.579749,6.1025023
ZWE,2002,29.475264,42.23081,7.6301136,14.568146,6.0956693
ZWE,2003,29.447128,41.76389,7.998318,14.65641,6.1342545
ZWE,2004,29.389412,41.29765,8.372696,14.760207,6.1800356
ZWE,2005,29.194473,40.968636,8.746741,14.86415,6.226001
ZWE,2006,28.99888,40.639923,9.120524,14.968431,6.272239
ZWE,2007,28.803019,40.311527,9.493937,15.072859,6.3186584
ZWE,2008,28.606516,39.983456,9.867056,15.177624,6.365349
ZWE,2009,28.409765,39.655716,10.239766,15.282536,6.412217
ZWE,2010,28.212395,39.328316,10.612153,15.38778,6.4593554
ZWE,2011,28.014801,39.001274,10.984096,15.493161,6.506669
ZWE,2012,27.816599,38.674587,11.355683,15.598882,6.5542507
ZWE,2013,27.6182,38.348274,11.726789,15.704732,6.602005
ZWE,2014,27.43137,38.02274,12.093951,15.804809,6.647131
ZWE,2015,27.256817,37.698116,12.456765,15.898839,6.689464
ZWE,2016,27.094454,37.374508,12.815071,15.986934,6.7290344
ZWE,2017,26.944588,37.05204,13.168596,16.069002,6.765775
ZWE,2018,26.807938,36.730835,13.516939,16.144768,6.799519
ZWE,2019,26.683977,36.410976,13.860095,16.214552,6.830398
ZWE,2020,26.573847,36.09261,14.197539,16.277859,6.858147
ZWE,2021,26.476995,35.775803,14.529284,16.334637,6.883281
ZWE,2022,26.516428,35.77783,14.516485,16.315332,6.873927
