Code,Year,population using safely managed sanitation services,"population using only basic sanitation services, improved sanitation facilities which are not shared","population using limited sanitation services, improved sanitation facilities which are shared",population using unimproved sanitation facilities,population practicing open defecation
AFG,2000,,,5.495242,47.565353,25.968485
AFG,2001,,,5.505718,47.566265,25.94567
AFG,2002,,,5.873644,46.47149,25.113527
AFG,2003,,,6.2424483,45.37486,24.282358
AFG,2004,,,6.6192503,44.27527,23.43924
AFG,2005,,,7.004971,43.17103,22.584812
AFG,2006,,,7.3927674,42.062668,21.732298
AFG,2007,,,7.7018704,40.950096,20.881498
AFG,2008,,,8.005314,39.833324,20.032658
AFG,2009,,,8.302936,38.712315,19.185791
AFG,2010,,,8.594571,37.587044,18.340914
AFG,2011,,,8.880199,36.457382,17.497847
AFG,2012,,,9.15951,35.323376,16.65681
AFG,2013,,,9.432331,34.184994,15.817822
AFG,2014,,,9.698494,33.042206,14.980899
AFG,2015,,,9.957966,31.894848,14.145878
AFG,2016,,,10.21043,30.743006,13.3129635
AFG,2017,,,10.457374,29.584837,12.480174
AFG,2018,,,10.698836,28.329094,11.737925
AFG,2019,,,10.934415,27.052835,11.009269
AFG,2020,,,11.300604,25.76679,10.283605
AFG,2021,,,11.670708,24.469799,9.5609045
AFG,2022,,,12.044586,23.16162,8.841853
,2000,18.87684,6.2787843,15.133511,29.298939,30.411926
,2001,19.076805,6.3575315,15.377865,29.430786,29.757013
,2002,19.366491,6.50453,15.50739,29.563955,29.057632
,2003,19.655367,6.663283,15.624967,29.696623,28.35976
,2004,19.947477,6.82958,15.738808,29.823042,27.661093
,2005,20.270317,7.003053,15.879215,29.890768,26.956648
,2006,20.600803,7.1781363,16.014322,29.953793,26.252947
,2007,20.937014,7.3607883,16.145905,30.010084,25.54621
,2008,21.283224,7.550031,16.278923,30.05803,24.829794
,2009,21.616808,7.766434,16.409283,30.094185,24.113289
,2010,21.939575,8.001329,16.537075,30.12369,23.398329
,2011,22.109037,8.123331,16.540586,29.982754,23.244291
,2012,22.44694,8.345127,16.676037,29.990822,22.541077
,2013,22.787085,8.575578,16.808575,29.991917,21.83685
,2014,23.134699,8.8168335,16.941868,29.991713,21.11489
,2015,23.493273,9.064458,17.074303,29.984196,20.383772
,2016,23.821913,9.318492,17.206524,29.990505,19.662567
,2017,24.176521,9.5867195,17.352213,30.101095,18.783451
,2018,24.455753,9.771391,17.501701,30.165236,18.105917
,2019,24.75566,10.051404,17.611683,30.141685,17.439568
,2020,25.054947,10.309078,17.716116,30.13457,16.785288
,2021,25.341536,10.535691,17.772276,30.182276,16.16822
,2022,25.60288,10.794176,17.698938,30.018856,15.885149
ALB,2000,26.566858,62.921814,1.8272296,7.795246,0.8888528
ALB,2001,27.184067,62.84689,1.8385407,7.294108,0.83639705
ALB,2002,27.769495,62.836018,1.8506966,6.76189,0.7818988
ALB,2003,28.333334,62.832127,1.8625612,6.243789,0.728191
ALB,2004,28.8754,62.83525,1.8741318,5.7399364,0.67528075
ALB,2005,29.693571,62.629402,1.8030267,5.2508006,0.62319815
ALB,2006,30.525263,62.396145,1.7303993,4.7762566,0.5719348
ALB,2007,31.333492,62.172253,1.6562802,4.316474,0.52150035
ALB,2008,32.118214,61.9576,1.5807021,3.871582,0.47190285
ALB,2009,32.88006,61.751095,1.503696,3.4419813,0.42317
ALB,2010,33.61828,61.553883,1.425305,3.0272596,0.37527415
ALB,2011,34.33349,61.365005,1.345564,2.6277058,0.32823482
ALB,2012,35.02541,61.18486,1.264512,2.2431748,0.2820424
ALB,2013,37.18726,59.519302,1.1822028,1.8744726,0.23676229
ALB,2014,39.37208,57.81594,1.0986917,1.5209335,0.19235274
ALB,2015,41.580208,56.074757,1.0140369,1.1822025,0.14879678
ALB,2016,43.811172,54.296734,0.9282929,0.8577404,0.1060637
ALB,2017,46.064865,52.482433,0.8415142,0.5470615,0.0641266
ALB,2018,48.34123,50.63242,0.75375533,0.24636778,0.026230864
ALB,2019,50.48372,48.699352,0.6634244,0.15350677,0
ALB,2020,52.580948,46.717842,0.5719513,0.12925553,0
ALB,2021,54.45248,44.846554,0.56992626,0.13104029,0
ALB,2022,56.346493,42.952774,0.567965,0.13276887,0
DZA,2000,58.852875,25.627956,7.8851666,1.4000537,6.233949
DZA,2001,59.193707,25.566221,7.877969,1.5452405,5.8168626
DZA,2002,59.528637,25.50417,7.8701687,1.6858472,5.4111767
DZA,2003,59.857376,25.44179,7.861839,1.821955,5.017042
DZA,2004,60.179985,25.379086,7.852987,1.9536083,4.634334
DZA,2005,60.496212,25.316051,7.8436904,2.0809147,4.263134
DZA,2006,60.806435,25.252699,7.8338904,2.2038918,3.9030862
DZA,2007,61.110416,25.189022,7.823666,2.3226502,3.5542436
DZA,2008,61.40853,25.125036,7.812957,2.4371972,3.2162778
DZA,2009,61.698814,25.06067,7.802275,2.5481253,2.890114
DZA,2010,61.982166,24.995966,7.791467,2.6554003,2.5749993
DZA,2011,62.258324,24.930914,7.780664,2.7592902,2.2708082
DZA,2012,62.311268,24.782272,8.069444,2.859902,1.9771147
DZA,2013,62.353973,24.632902,8.36207,2.9574382,1.6936147
DZA,2014,62.38698,24.482864,8.658346,3.051955,1.4198568
DZA,2015,62.410316,24.332203,8.958202,3.1436987,1.1555778
DZA,2016,62.42451,24.180973,9.261454,3.232711,0.9003524
DZA,2017,62.4296,24.029224,9.568025,3.3192613,0.6538907
DZA,2018,62.426086,23.877008,9.877738,3.4033725,0.41579512
DZA,2019,62.414135,23.724371,10.190495,3.4852593,0.18574147
DZA,2020,62.39411,23.57136,10.506152,3.5283782,0
DZA,2021,62.36628,23.418022,10.824594,3.3911054,0
DZA,2022,62.4101,23.41619,10.816559,3.3571515,0
ASM,2000,44.591465,20.010748,34.141354,0.75308126,0.50335336
ASM,2001,44.562317,20.031687,34.137012,0.765631,0.50335336
ASM,2002,44.533165,20.052628,34.132675,0.7781808,0.50335336
ASM,2003,44.504013,20.073566,34.128334,0.79073054,0.50335336
ASM,2004,44.474865,20.094505,34.123997,0.78309476,0.5235389
ASM,2005,44.445713,20.115446,34.119656,0.77545893,0.5437244
ASM,2006,44.416565,20.136385,34.11532,0.76782316,0.56390995
ASM,2007,44.387413,20.157326,34.110977,0.7601874,0.58409554
ASM,2008,44.358265,20.178265,34.10664,0.75255156,0.60428107
ASM,2009,43.543423,19.841194,35.246002,0.7449158,0.6244666
ASM,2010,42.729618,19.50338,36.38507,0.73728,0.6446521
ASM,2011,41.916843,19.164824,37.52385,0.7296442,0.66483766
ASM,2012,41.105103,18.825525,38.66234,0.7220084,0.68502325
ASM,2013,40.294395,18.485485,39.800537,0.71437263,0.7052088
ASM,2014,39.484722,18.144703,40.938442,0.7067368,0.7253943
ASM,2015,38.676083,17.803177,42.076057,0.69910103,0.74557984
ASM,2016,37.868477,17.46091,43.213383,0.69146526,0.76576537
ASM,2017,37.0619,17.1179,44.350418,0.6838294,0.78595096
ASM,2018,37.037403,17.1355,44.34477,0.6963792,0.78595096
ASM,2019,37.0129,17.1531,44.33912,0.70892894,0.78595096
ASM,2020,36.9884,17.1707,44.33347,0.7214787,0.78595096
ASM,2021,36.9639,17.1883,44.32782,0.73402846,0.78595096
ASM,2022,36.994152,17.151146,44.322174,1.5325291,
,2000,54.428894,29.689564,3.1980438,6.4289966,6.2545004
,2001,54.600933,29.964283,3.1972957,6.283711,5.9537764
,2002,54.755627,30.250393,3.1950133,6.1383185,5.6606483
,2003,55.164474,30.281607,3.1936636,5.9921813,5.368075
,2004,55.619553,30.267044,3.1888194,5.843748,5.0808334
,2005,56.08782,30.247997,3.1739242,5.6935964,4.7966623
,2006,56.568947,30.216087,3.1571229,5.762987,4.294856
,2007,57.062786,30.175022,3.133797,5.5939517,4.034442
,2008,57.56582,30.123047,3.1089158,5.424202,3.7780168
,2009,58.07756,30.061754,3.0816429,5.253944,3.5250974
,2010,58.58703,29.999388,3.054538,5.0833383,3.2757068
,2011,59.10273,29.921429,3.026983,4.919407,3.029452
,2012,59.737846,29.721025,2.9990804,4.7550364,2.7870138
,2013,60.386337,29.503168,2.9699829,4.5926933,2.5478203
,2014,61.046513,29.271088,2.9398685,4.430637,2.3118963
,2015,61.694866,29.047941,2.9087842,4.192938,2.1554713
,2016,62.347076,28.818178,2.8767893,4.0471654,1.9107902
,2017,62.967335,28.27435,2.8616168,4.228239,1.6684586
,2018,63.64911,28.000807,2.835511,4.062994,1.4515805
,2019,64.34465,27.715446,2.8031423,3.8792076,1.2575572
,2020,64.95829,27.479183,2.773255,3.7019944,1.0872778
,2021,65.62956,27.283272,2.745394,3.4588692,0.88290185
,2022,66.08244,27.070284,2.7288556,3.385105,0.73331195
AND,2000,29.310223,70.68977,0,5.367367e-07,0
AND,2001,33.90393,66.09607,0,0,0
AND,2002,38.49764,61.50236,0,0,0
AND,2003,43.091347,56.908653,0,0,0
AND,2004,47.68506,52.31494,0,0,0
AND,2005,52.278763,47.721233,0,2.1217718e-06,0
AND,2006,56.872475,43.127525,0,0,0
AND,2007,61.466187,38.533813,0,0,0
AND,2008,66.05989,33.940105,0,0,0
AND,2009,70.6536,29.346397,0,0,0
AND,2010,75.24731,24.752691,0,1.9255103e-06,0
AND,2011,79.84102,20.158983,0,0,0
AND,2012,84.43472,15.565275,0,1.9983206e-06,0
AND,2013,89.028435,10.971564,0,0,0
AND,2014,93.62214,6.3778577,0,0,0
AND,2015,98.21585,1.7841477,0,0,0
AND,2016,99.99999,0,0,3.99665e-06,0
AND,2017,100,0,0,0,0
AND,2018,99.99999,0,0,4.434453e-06,0
AND,2019,100,0,0,3.2079374e-06,0
AND,2020,100,0,0,1.4728561e-06,0
AND,2021,100,0,0,0,0
AND,2022,100,0,0,0,0
AGO,2000,,,11.294692,18.281267,42.866516
AGO,2001,,,11.852093,17.743853,41.41483
AGO,2002,,,12.414063,17.209076,39.95439
AGO,2003,,,12.980026,16.677269,38.486645
AGO,2004,,,13.550157,16.148308,37.011147
AGO,2005,,,14.123071,15.622922,35.531372
AGO,2006,,,14.619311,15.142678,34.246727
AGO,2007,,,15.117691,14.664556,32.95845
AGO,2008,,,15.618592,14.18832,31.665577
AGO,2009,,,16.121185,13.714381,30.370161
AGO,2010,,,16.626057,13.2424135,29.070738
AGO,2011,,,17.132978,12.772503,27.767853
AGO,2012,,,17.641718,12.304741,26.462069
AGO,2013,,,18.152035,11.839203,25.15397
AGO,2014,,,18.664108,11.375771,23.843092
AGO,2015,,,19.175966,10.915279,22.534271
AGO,2016,,,19.687963,10.4574995,21.226595
AGO,2017,,,20.199814,10.002466,19.920736
AGO,2018,,,20.710993,9.489871,18.67839
AGO,2019,,,20.857918,9.429164,18.319294
AGO,2020,,,21.00152,9.369828,17.96832
AGO,2021,,,21.14224,9.311682,17.624393
AGO,2022,,,21.279858,9.254821,17.288046
AIA,2000,,,2.2312245,4.813308,2.219
AIA,2001,,,2.2425091,4.4721236,2.09
AIA,2002,,,2.2537935,4.13094,1.961
AIA,2003,,,2.2650778,3.7897558,1.832
AIA,2004,,,2.2763622,3.448572,1.703
AIA,2005,,,2.2876468,3.107388,1.574
AIA,2006,,,2.2989311,2.766204,1.445
AIA,2007,,,2.3102155,2.42502,1.316
AIA,2008,,,2.3214998,2.083836,1.187
AIA,2009,,,2.3327844,1.7426522,1.058
AIA,2010,,,2.3440688,1.4014683,0.929
AIA,2011,,,2.355353,1.0602843,0.8
AIA,2012,,,2.3666377,0.71910036,0.671
AIA,2013,,,2.377922,0.3779164,0.542
AIA,2014,,,2.377922,0.3779164,0.542
AIA,2015,,,2.377922,0.3779164,0.542
AIA,2016,,,2.377922,0.3779164,0.542
AIA,2017,,,2.377922,0.3779164,0.542
ATG,2009,,,0,2.03502,0.6267175
ATG,2010,,,0,2.0202243,0.6261545
ATG,2011,,,0,2.0065818,0.6256351
ATG,2012,,,0,2.0020652,0.6254633
ATG,2013,,,0,1.9975739,0.6252924
ATG,2014,,,0,1.9931139,0.62512255
ATG,2015,,,0,1.988648,0.6249527
ATG,2016,,,0,1.9847187,0.6248032
ATG,2017,,,0,1.981326,0.6246741
ATG,2018,,,0,1.9784181,0.6245634
ATG,2019,,,0,1.9760468,0.62447315
ATG,2020,,,0,1.9741818,0.6244023
ATG,2021,,,0,1.9728316,0.62435085
ATG,2022,,,0,1.9719636,0.6243178
ARG,2000,44.713352,42.953575,3.7139227,8.61915,
ARG,2001,44.804207,43.331734,3.6314628,8.232598,
ARG,2002,44.89531,43.708084,3.548013,7.848593,
ARG,2003,44.986668,44.082893,3.4635859,7.4668517,
ARG,2004,45.07831,44.45676,3.378181,7.0867515,
ARG,2005,45.170208,44.829525,3.291809,6.708458,
ARG,2006,45.26239,45.201397,3.2044725,4.2816467,2.0500944
ARG,2007,45.354828,45.57221,3.1161833,3.9725032,1.9842771
ARG,2008,45.447536,45.942177,3.0269415,3.6649604,1.9183835
ARG,2009,45.540493,46.31114,2.936761,3.3591244,1.8524818
ARG,2010,45.6337,46.679127,2.84565,3.0549428,1.7865776
ARG,2011,45.726902,47.043854,2.7537575,2.7538946,1.7215942
ARG,2012,45.820183,47.406616,2.6610503,2.4550493,1.6570997
ARG,2013,45.91216,47.710964,2.5688415,2.215387,1.5926449
ARG,2014,46.004475,48.01665,2.4757545,1.9750885,1.528033
ARG,2015,46.097076,48.32333,2.3818152,3.1977768,
ARG,2016,46.18997,48.630985,2.2870264,2.892018,
ARM,2000,14.826632,72.13326,4.63094,8.333457,0.07570744
ARM,2001,14.69777,72.62824,4.3739414,8.224504,0.075540826
ARM,2002,14.53791,73.174644,4.1174436,8.09455,0.07545247
ARM,2003,14.365562,73.74176,3.860655,7.956629,0.075393766
ARM,2004,14.188505,74.314186,3.6032956,7.824313,0.069702156
ARM,2005,14.011073,74.88743,3.3453667,7.6921096,0.06402583
ARM,2006,13.813293,75.48177,3.08687,7.5596995,0.05836573
ARM,2007,13.590972,76.1011,2.8278086,7.427401,0.052721076
ARM,2008,13.367296,76.722534,2.5681782,7.294897,0.047092497
ARM,2009,13.142789,77.34524,2.3079872,7.162505,0.041479517
ARM,2010,12.9172,77.96962,2.0472336,7.030068,0.035882413
ARM,2011,12.690536,78.595665,1.7859181,6.8975787,0.030301185
ARM,2012,12.462802,79.223366,1.5240413,6.765053,0.024735833
ARM,2013,12.227307,79.863464,1.2613178,6.6287265,0.019181538
ARM,2014,11.9838295,80.516266,0.9976416,6.488629,0.013632583
ARM,2015,11.731858,81.18254,0.73289186,6.341348,0.011358461
ARM,2016,11.46074,81.7858,0.5540562,6.188247,0.011156539
ARM,2017,11.167684,82.30004,0.4899097,6.0314174,0.01094746
ARM,2018,10.926669,82.76659,0.42529535,5.8707166,0.010731336
ARM,2019,10.862765,82.99511,0.4253108,5.7061067,0.010710951
ARM,2020,10.829497,83.10724,0.425045,5.6275325,0.010683577
ARM,2021,10.794832,83.161415,0.42367792,5.6094275,0.010649215
ARM,2022,10.753114,83.2266,0.4220327,5.587645,0.010607862
ABW,2000,,,0,0.8041458,1.2227504
ABW,2001,,,0,0.78133136,1.2061604
ABW,2002,,,0,0.75851685,1.1895704
ABW,2003,,,0,0.7357024,1.1729804
ABW,2004,,,0,0.7128879,1.1563905
ABW,2005,,,0,0.69007343,1.1398005
ABW,2006,,,0,0.6672589,1.1232105
ABW,2007,,,0,0.6444444,1.1066207
ABW,2008,,,0,0.62162995,1.0900307
ABW,2009,,,0,0.59881544,1.0734407
ABW,2010,,,0,0.576001,1.0568507
ABW,2011,,,0,0.5531865,1.0402608
ABW,2012,,,0,0.530372,1.0236708
ABW,2013,,,0,0.5075575,1.0070808
ABW,2014,,,0,0.48474303,0.99049085
ABW,2015,,,0,0.46192855,0.9739009
ABW,2016,,,0,0.43911406,0.9573109
ABW,2017,,,0,0.41629958,0.940721
ABW,2018,,,0,0.3934851,0.924131
ABW,2019,,,0,0.37067062,0.90754104
ABW,2020,,,0,0.3478561,0.8909511
ABW,2021,,,0,0.32504162,0.8743611
ABW,2022,,,0,0.30222714,0.85777116
AUS,2000,93.56211,6.428642,0,0.009244329,0
AUS,2001,93.66469,6.326563,0,0.008745974,0
AUS,2002,93.767265,6.2244835,0,0.008247618,0
AUS,2003,93.86984,6.1224046,0,0.007749262,0
AUS,2004,93.97243,6.020325,0,0.007250906,0
AUS,2005,94.075005,5.918246,0,0.00675255,0
AUS,2006,94.17758,5.816167,0,0.006254194,0
AUS,2007,94.28016,5.7140875,0,0.005755838,0
AUS,2008,94.38274,5.6120086,0,0.005257482,0
AUS,2009,94.48531,5.509929,0,0.004759126,0
AUS,2010,94.58789,5.40785,0,0.004260771,0
AUS,2011,94.69047,5.305771,0,0.003762414,0
AUS,2012,94.793045,5.2036915,0,0.003264059,0
AUS,2013,94.89562,5.1016126,0,0.002765703,0
AUS,2014,94.9982,4.999533,0,0.002267347,0
AUS,2015,95.10078,4.897454,0,0.001768991,0
AUS,2016,95.203354,4.795375,0,0.001270635,0
AUS,2017,95.30593,4.6932955,0,0.000772279,0
AUS,2018,95.40873,4.5909953,0,0.000273923,0
AUS,2019,95.511375,4.4886255,0,0,0
AUS,2020,95.61375,4.386254,0,0,0
AUS,2021,95.71612,4.283882,0,0,0
AUS,2022,95.81849,4.1815104,0,0,0
,2000,93.56357,6.428742,0,0.007686243,0
,2001,93.66607,6.326656,0,0.007275816,0
,2002,93.76857,6.2245703,0,0.006857409,0
,2003,93.87108,6.1224847,0,0.006435988,0
,2004,93.97358,6.020399,0,0.006018427,0
,2005,94.07608,5.918314,0,0.005604335,0
,2006,94.17858,5.816228,0,0.005193906,0
,2007,94.281075,5.714143,0,0.004785939,0
,2008,94.38356,5.612057,0,0.004379829,0
,2009,94.48605,5.5099726,0,0.003970413,0
,2010,94.588554,5.407888,0,0.003558568,0
,2011,94.69105,5.3058033,0,0.003145915,0
,2012,94.79355,5.203719,0,0.002733636,0
,2013,94.89605,5.101635,0,0.002319176,0
,2014,94.99855,4.9995513,0,0.001901782,0
,2015,95.10105,4.897468,0,0.00148328,0
,2016,95.20355,4.795385,0,0.001065138,0
,2017,95.30605,4.6933017,0,0.000647335,0
,2018,95.408775,4.590997,0,0.000229474,0
,2019,95.511375,4.4886255,0,0,0
,2020,95.61375,4.386254,0,0,0
,2021,95.71612,4.2838817,0,6.2271914e-07,0
,2022,95.81849,4.1815104,0,0,0
AUT,2000,99.70665,0.2933317,0,2.0765496e-05,0
AUT,2001,99.704605,0.29538864,0,8.200806e-06,0
AUT,2002,99.70255,0.2974456,0,1.9607676e-06,0
AUT,2003,99.69887,0.29950988,0,0.001624583,0
AUT,2004,99.69495,0.3015816,0,0.00346949,0
AUT,2005,99.69105,0.30365327,0,0.005295544,0
AUT,2006,99.68717,0.30572495,0,0.007102673,0
AUT,2007,99.68329,0.30781138,0,0.008898017,0
AUT,2008,99.67943,0.3098978,0,0.010673245,0
AUT,2009,99.67559,0.3119842,0,0.012427562,0
AUT,2010,99.67175,0.31407806,0,0.014165761,0
AUT,2011,99.66794,0.31617185,0,0.015888458,0
AUT,2012,99.666374,0.3159359,0,0.017692115,0
AUT,2013,99.66591,0.3145425,0,0.01954735,0
AUT,2014,99.66544,0.31314176,0,0.021411965,0
AUT,2015,99.664955,0.31174833,0,0.023295201,0
AUT,2016,99.66447,0.31034756,0,0.02518579,0
AUT,2017,99.663956,0.30895412,0,0.02708932,0
AUT,2018,99.66536,0.3074575,0,0.027185734,0
AUT,2019,99.66686,0.30585027,0,0.027290115,0
AUT,2020,99.66847,0.30413246,0,0.027394243,0
AUT,2021,99.67018,0.30231145,0,0.027510192,0
AUT,2022,99.67198,0.30038723,0,0.027632883,0
AZE,2000,40.403244,21.8731,6.71988,30.83462,0.16915596
AZE,2001,42.10252,22.072556,6.866761,28.788593,0.16957031
AZE,2002,43.795723,22.270256,7.0136676,26.750336,0.1700187
AZE,2003,45.975456,21.97397,7.160781,24.719292,0.17049836
AZE,2004,48.15928,21.665947,7.3080096,22.695755,0.17101069
AZE,2005,50.332336,21.945787,6.87038,20.67994,0.17155679
AZE,2006,52.376583,22.369133,6.4105625,18.671587,0.17213543
AZE,2007,54.413277,22.81488,5.9285746,16.670523,0.17274563
AZE,2008,56.16863,23.556637,5.4242196,14.677127,0.17338938
AZE,2009,57.880016,24.357203,4.8975224,12.691193,0.17406563
AZE,2010,59.652153,25.113165,4.3491497,10.710771,0.17476317
AZE,2011,61.48677,25.822254,3.7786195,8.736869,0.1754865
AZE,2012,63.385384,26.48256,3.185506,6.77031,0.1762393
AZE,2013,65.34923,27.092472,2.5693932,4.8118834,0.17702474
AZE,2014,66.892365,27.449654,2.6176066,2.8625278,0.1778471
AZE,2015,68.37541,27.744204,2.661914,1.130194,0.088274494
AZE,2016,68.45709,27.664719,2.6679802,1.1225317,0.08767608
AZE,2017,68.59385,27.530264,2.6743429,1.1144922,0.08704841
AZE,2018,68.7865,27.340025,2.6810014,1.1060858,0.08639151
AZE,2019,69.03606,27.09297,2.6879368,1.0973264,0.085707314
BHS,2000,,,5.324578,5.9371285,1.1364661
BHS,2001,,,5.1619444,5.6432643,1.0755816
BHS,2002,,,4.9979196,5.3493996,1.0146968
BHS,2003,,,4.832503,5.055535,0.9538121
BHS,2004,,,4.6656947,4.76167,0.8929274
BHS,2005,,,4.4974947,4.4678054,0.8320427
BHS,2006,,,4.3279033,4.1739407,0.77115804
BHS,2007,,,4.1569204,3.8800762,0.7102733
BHS,2008,,,3.984546,3.5862114,0.6493886
BHS,2009,,,3.8107798,3.2923467,0.5885039
BHS,2010,,,3.635622,2.998482,0.52761924
BHS,2011,,,3.4590726,2.7046175,0.46673453
BHS,2012,,,3.2811317,2.4107528,0.40584984
BHS,2013,,,3.293109,2.116888,0.34496513
BHS,2014,,,3.305086,1.8230234,0.28408045
BHS,2015,,,3.317063,1.5291588,0.22319575
BHS,2016,,,3.317063,1.5291588,0.22319575
BHS,2017,,,3.317063,1.5291588,0.22319575
BHS,2018,,,3.317063,1.5291588,0.22319575
BHS,2019,,,3.317063,1.5291588,0.22319575
BHR,2000,85.938324,13.995527,0,0.06615058,0
BHR,2001,86.25456,13.684169,0,0.061266337,0
BHR,2002,86.57081,13.372811,0,0.05638209,0
BHR,2003,86.88705,13.061453,0,0.051497843,0
BHR,2004,87.20329,12.750095,0,0.046613596,0
BHR,2005,87.49798,12.460296,0,0.04172935,0
BHR,2006,87.772026,12.191126,0,0.036845103,0
BHR,2007,88.04578,11.92226,0,0.031960856,0
BHR,2008,88.31923,11.653697,0,0.027076611,0
BHR,2009,88.59237,11.385438,0,0.022192365,0
BHR,2010,88.86521,11.117481,0,0.017308118,0
BHR,2011,89.13775,10.849828,0,0.012423872,0
BHR,2012,89.40998,10.582478,0,0.007539625,0
BHR,2013,89.681915,10.315432,0,0.002655379,0
BHR,2014,89.95243,10.047568,0,0,0
BHR,2015,90.22133,9.778673,0,0,0
BHR,2016,90.48992,9.510078,0,0,0
BHR,2017,90.75822,9.241785,0,0,0
BHR,2018,91.02621,8.973793,0,0,0
BHR,2019,91.2939,8.7061,0,0,0
BHR,2020,91.605515,8.3944845,0,0,0
BHR,2021,91.91713,8.082868,0,0,0
BHR,2022,92.22875,7.7712507,0,0,0
BGD,2000,11.046515,13.466675,12.102148,46.532303,16.852358
BGD,2001,11.741527,14.329071,12.8765955,45.183765,15.8690405
BGD,2002,12.457856,15.197593,13.66311,43.80898,14.872463
BGD,2003,13.173405,16.058464,14.445016,42.43742,13.885697
BGD,2004,13.887941,16.911356,15.222039,41.06945,12.909212
BGD,2005,14.60459,17.838593,15.907662,39.705597,11.943557
BGD,2006,15.323445,18.76408,16.578354,38.34545,10.988668
BGD,2007,16.044256,19.686646,17.234755,36.989357,10.04499
BGD,2008,16.765007,20.606909,17.877516,35.63764,9.1129265
BGD,2009,17.485083,21.52413,18.507315,34.290623,8.19285
BGD,2010,18.204218,22.437649,19.125158,32.948097,7.284877
BGD,2011,18.921661,23.346678,19.731657,31.610554,6.389451
BGD,2012,19.636387,24.250505,20.327106,30.278885,5.5071163
BGD,2013,20.347584,25.148579,20.911873,28.95377,4.6381936
BGD,2014,21.50998,25.585558,21.487093,27.634777,3.7825935
BGD,2015,22.700132,25.983685,22.053112,26.322533,2.9405398
BGD,2016,23.917084,26.34321,22.610958,25.016758,2.111991
BGD,2017,25.159554,26.664482,23.16119,23.71775,1.2970239
BGD,2018,26.426378,26.947887,23.704462,22.42563,0.495642
BGD,2019,27.716417,27.193823,24.241545,20.834274,0.013941242
BGD,2020,29.028513,27.402721,24.773209,18.795557,0
BGD,2021,30.1547,27.781925,25.29993,16.763445,0
BGD,2022,30.976194,28.318998,25.952969,14.751841,0
BRB,2000,,,1.7278737,8.716363,0.7022727
BRB,2001,,,1.7375994,8.197418,0.7113636
BRB,2002,,,1.747325,7.6784725,0.7204546
BRB,2003,,,1.7570506,7.1595273,0.7295455
BRB,2004,,,1.7667763,6.6405816,0.7386364
BRB,2005,,,1.776502,6.1216364,0.7477273
BRB,2006,,,1.7862277,5.6026907,0.7568182
BRB,2007,,,1.7959533,5.0837455,0.7659091
BRB,2008,,,1.805679,4.5648003,0.775
BRB,2009,,,1.8154047,4.0458546,0.78409094
BRB,2010,,,1.8251303,3.5269094,0.79318184
BRB,2011,,,1.834856,3.007964,0.80227274
BRB,2012,,,1.8445816,2.4890184,0.81136364
BRB,2013,,,1.8543073,1.9700731,0.82045454
BRB,2014,,,1.864033,1.4511276,0.82954544
BRB,2015,,,1.8737587,0.94127315,0.82954544
BRB,2016,,,1.8834844,0.43141863,0.82954544
BRB,2017,,,1.8917263,0,0.82889533
BRB,2018,,,1.8918064,0,0.82469386
BRB,2019,,,1.9075377,0,
BRB,2020,,,1.9075377,0,
BRB,2021,,,1.9075377,0,
BRB,2022,,,1.9075377,0,
BLR,2000,84.62906,7.439799,7.1345778,0.79656124,0
BLR,2001,84.7073,7.338792,7.164158,0.78975147,0
BLR,2002,84.78489,7.2386193,7.1934943,0.78299665,0
BLR,2003,84.86167,7.139487,7.2225256,0.7763164,0
BLR,2004,84.11624,8.31375,6.811762,0.75824654,0
BLR,2005,83.32743,9.535552,6.3968534,0.7401637,0
BLR,2006,82.54071,10.759365,5.9778576,0.72206694,0
BLR,2007,81.75563,11.985581,5.5548325,0.7039592,0
BLR,2008,80.97195,13.214348,5.127877,0.6858305,0
BLR,2009,80.18861,14.446743,4.696927,0.66772014,0
BLR,2010,79.41874,15.66844,4.264079,0.64873886,0
BLR,2011,78.654564,16.888426,3.827581,0.6294299,0
BLR,2012,77.8906,18.1126,3.3866615,0.61013865,0
BLR,2013,77.12635,19.341396,2.9414034,0.59085214,0
BLR,2014,76.36103,20.575493,2.4918706,0.5716048,0
BLR,2015,75.594666,21.814798,2.0381837,0.55235386,0
BLR,2016,74.82624,23.06023,1.5803947,0.5331361,0
BLR,2017,74.953415,23.414043,1.1186024,0.5139431,0
BLR,2018,75.087906,23.764359,0.6528838,0.49484855,0
BLR,2019,75.22926,24.1115,0.18338124,0.47585732,0
BLR,2020,75.09636,24.392418,0.054286446,0.4569381,0
BLR,2021,74.88842,24.651073,0.022375092,0.43813357,0
BLR,2022,75.035774,24.522892,0.021912886,0.4194232,0
BEL,2000,68.65743,30.827196,0.513627,0.001741478,0
BEL,2001,68.65752,30.82728,0.51363266,0.001569655,0
BEL,2002,68.6576,30.827364,0.5136381,0.001395978,0
BEL,2003,68.65768,30.827444,0.5136435,0.001232528,0
BEL,2004,69.94578,29.53952,0.5136489,0.001056733,0
BEL,2005,71.24562,28.23984,0.5136542,0.000888968,0
BEL,2006,72.557205,26.928408,0.51365924,0.000725049,0
BEL,2007,73.880554,25.605227,0.51366436,0.000557837,0
BEL,2008,75.215645,24.270294,0.5136694,0.000392412,0
BEL,2009,76.774124,22.711977,0.5136742,0.000221998,0
BEL,2010,78.36242,21.123707,0.5136783,0.000199298,0
BEL,2011,79.96244,19.523685,0.5136823,0.000189489,0
BEL,2012,81.57423,17.911913,0.5136862,0.000173535,0
BEL,2013,83.197754,16.288391,0.51369,0.000164252,0
BEL,2014,84.83304,14.653118,0.5136937,0.000149293,0
BEL,2015,86.48007,13.006094,0.5136973,0.000139964,0
BEL,2016,88.138855,11.34732,0.513701,0.000120955,0
BEL,2017,89.80939,9.676794,0.51370454,0.000115758,0
BEL,2018,91.49167,7.994518,0.5137079,0.000103454,0
BEL,2019,93.18571,6.300491,0.5137113,8.986908e-05,0
BEL,2020,94.05832,5.4278793,0.5137145,8.772699e-05,0
BEL,2021,94.47767,5.008545,0.5137177,7.1166236e-05,0
BEL,2022,94.897,4.589211,0.51372075,6.219444e-05,0
BLZ,2000,,,8.332946,4.760769,4.4683
BLZ,2001,,,8.36631,4.6178904,4.252536
BLZ,2002,,,8.399679,4.4750967,4.036655
BLZ,2003,,,8.433051,4.3323913,3.820658
BLZ,2004,,,8.466429,4.189764,3.6045446
BLZ,2005,,,8.509404,4.047229,3.3883142
BLZ,2006,,,8.55283,3.9047754,3.1719677
BLZ,2007,,,8.596705,3.7624085,2.955505
BLZ,2008,,,8.641034,3.6201265,2.7389255
BLZ,2009,,,8.685817,3.4779348,2.5222294
BLZ,2010,,,8.731055,3.3358197,2.3054168
BLZ,2011,,,8.776161,3.1934726,2.0881286
BLZ,2012,,,8.820875,3.0507498,1.8705211
BLZ,2013,,,8.864963,2.907499,1.6527796
BLZ,2014,,,8.908232,2.7636235,1.4350998
BLZ,2015,,,8.9504,2.6189697,1.2176491
BLZ,2016,,,8.991224,2.4733863,1.0006126
BLZ,2017,,,9.030514,2.326789,0.78417575
BLZ,2018,,,9.068031,2.1790392,0.5685133
BLZ,2019,,,9.058703,2.173878,0.56891525
BLZ,2020,,,9.048258,2.1681,0.5693653
BLZ,2021,,,9.0366955,2.161709,0.5698635
BLZ,2022,,,9.023886,2.154621,0.5704155
BEN,2000,1.1186061,7.487061,15.418835,7.6910295,68.28447
BEN,2001,1.1812387,7.823009,15.713798,7.883762,67.39819
BEN,2002,1.2469678,8.178261,16.013786,8.07864,66.482346
BEN,2003,1.3166163,8.560153,16.328888,8.278,65.51634
BEN,2004,1.3881971,8.951871,16.631226,8.471874,64.55683
BEN,2005,1.461655,9.353039,16.920385,8.660075,63.604843
BEN,2006,1.5369887,9.763751,17.196682,8.842646,62.65993
BEN,2007,1.614197,10.184105,17.460405,9.019616,61.721676
BEN,2008,1.693242,10.613876,17.711395,9.190879,60.790607
BEN,2009,1.7740669,11.052669,17.949286,9.356314,59.867664
BEN,2010,1.8518775,11.505554,18.1746,9.515994,58.951973
BEN,2011,1.9281907,11.97093,18.387415,9.669893,58.04357
BEN,2012,2.00597,12.445744,18.5878,9.817967,57.14252
BEN,2013,2.0851622,12.929582,18.775423,9.960149,56.249687
BEN,2014,2.1658812,13.423575,18.951775,10.0965395,55.36223
BEN,2015,2.248074,13.927326,19.11649,10.226996,54.481113
BEN,2016,2.331724,14.440769,19.269608,10.35144,53.606457
BEN,2017,2.4168139,14.96384,19.411179,10.469791,52.738377
BEN,2018,2.503327,15.496476,19.54125,10.581949,51.877
BEN,2019,2.5912457,16.038609,19.659872,10.68784,51.022434
BEN,2020,2.6805525,16.59017,19.7671,10.787372,50.17481
BEN,2021,2.690868,16.690746,19.866568,11.416881,49.334938
BEN,2022,2.7012758,16.792227,19.966928,12.03736,48.50221
BMU,2000,,,0,0.020859601,0
BMU,2001,,,0,0.022942256,0
BMU,2002,,,0,0.025024911,0
BMU,2003,,,0,0.027107567,0
BMU,2004,,,0,0.029190222,0
BMU,2005,,,0,0.031272877,0
BMU,2006,,,0,0.033355534,0
BMU,2007,,,0,0.035438187,0
BMU,2008,,,0,0.037520844,0
BMU,2009,,,0,0.039603498,0
BMU,2010,,,0,0.041686155,0
BMU,2011,,,0,0.043768812,0
BMU,2012,,,0,0.045851465,0
BMU,2013,,,0,0.047934122,0
BMU,2014,,,0,0.050016776,0
BMU,2015,,,0,0.052099433,0
BMU,2016,,,0,0.054182086,0
BMU,2017,,,0,0.056264743,0
BMU,2018,,,0,0.058347397,0
BMU,2019,,,0,0.058347397,0
BMU,2020,,,0,0.058347397,0
BMU,2021,,,0,0.058347397,0
BMU,2022,,,0,0.058347397,0
BTN,2000,37.480263,9.424679,6.080347,37.117638,9.897074
BTN,2001,37.64748,9.612665,6.211711,36.710526,9.817619
BTN,2002,38.806587,10.348154,6.4696913,35.175514,9.200052
BTN,2003,39.937508,11.079019,6.7284107,33.665867,8.589195
BTN,2004,41.039135,11.805065,6.987888,32.1826,7.985317
BTN,2005,42.10563,12.518563,7.242549,30.741781,7.391477
BTN,2006,43.106792,13.162788,7.449415,29.453352,6.8276505
BTN,2007,44.08688,13.802127,7.655626,28.186172,6.2691956
BTN,2008,45.04545,14.436446,7.861142,26.940735,5.71623
BTN,2009,45.641956,15.426775,8.043993,25.718273,5.1690025
BTN,2010,46.150608,16.478348,8.224864,24.51866,4.627517
BTN,2011,46.627163,17.535063,8.403568,23.342327,4.09188
BTN,2012,47.071377,18.594769,8.578384,22.1928,3.5626698
BTN,2013,47.48364,19.657251,8.749077,21.070164,3.0398705
BTN,2014,47.86442,20.72243,8.915533,19.974205,2.5234118
BTN,2015,48.2142,21.790379,9.077747,18.904488,2.0131872
BTN,2016,48.533543,22.861,9.235629,17.860723,1.5091057
BTN,2017,48.8231,23.934189,9.389106,16.842545,1.0110614
BTN,2018,49.08346,25.009989,9.538201,15.849425,0.5189242
BTN,2019,49.510582,25.89309,9.682942,14.798901,0.11448635
BTN,2020,50.073948,26.614616,9.823212,13.488224,0
BTN,2021,50.623253,27.325603,9.959134,12.092008,0
BTN,2022,50.508244,27.431831,10.006264,12.053662,0
BOL,2000,,,16.604637,15.30669,33.207485
BOL,2001,,,17.111353,14.943335,31.925634
BOL,2002,,,17.610481,14.576734,30.671534
BOL,2003,,,18.107924,14.205457,29.430481
BOL,2004,,,18.605661,13.828936,28.1977
BOL,2005,,,19.103289,13.447376,26.974022
BOL,2006,,,19.6014,13.060574,25.758059
BOL,2007,,,19.60727,12.668831,24.551054
BOL,2008,,,19.587765,12.271913,23.35167
BOL,2009,,,19.542473,11.87017,22.161104
BOL,2010,,,19.471785,11.463546,20.978859
BOL,2011,,,19.376078,11.051979,19.804478
BOL,2012,,,19.25534,10.635627,18.63829
BOL,2013,,,19.099497,10.221573,17.500618
BOL,2014,,,18.912893,9.807955,16.382338
BOL,2015,,,18.702171,9.390576,15.270301
BOL,2016,,,18.467657,8.969333,14.164101
BOL,2017,,,18.209116,8.544534,13.064412
BOL,2018,,,17.927792,8.115292,11.969132
BOL,2019,,,17.62381,7.681548,10.878332
BOL,2020,,,17.297117,7.2434134,9.792407
BOL,2021,,,16.94784,6.4044795,9.107793
BOL,2022,,,17.212072,5.6223345,8.553031
,2000,,,4.534837,1.4165901,0
,2001,,,4.538457,1.3378906,0
,2002,,,4.542077,1.2591912,0
,2003,,,4.545697,1.1804917,0
,2004,,,4.5493174,1.1017923,0
,2005,,,4.5529375,1.0230929,0
,2006,,,4.556558,0.9443934,0
,2007,,,4.5601783,0.8656939,0
,2008,,,4.5637984,0.78699446,0
,2009,,,4.5674186,0.70829505,0
,2010,,,4.5710387,0.6295956,0
,2011,,,4.574659,0.55089617,0
,2012,,,4.578279,0.4721967,0
,2013,,,4.581899,0.39349723,0
,2014,,,4.5855193,0.3147978,0
,2015,,,4.5891395,0.23609835,0
,2016,,,4.5927596,0.1573989,0
,2017,,,4.5963798,0.07869945,0
,2018,,,4.6,0,0
,2019,,,4.6,0,0
,2020,,,4.6,0,0
,2021,,,4.6,0,0
,2022,,,4.6,0,0
BIH,2000,26.06826,69.010185,0.6361738,3.624339,0.6610414
BIH,2001,26.137724,68.95024,0.6351066,3.6808727,0.59605646
BIH,2002,26.20321,68.89493,0.634037,3.736446,0.53137743
BIH,2003,26.265182,68.84368,0.63297105,3.7911544,0.46701452
BIH,2004,26.32008,68.80016,0.63190275,3.8448892,0.40296158
BIH,2005,26.372519,68.76327,0.62716573,3.8978179,0.3392291
BIH,2006,26.421171,68.73046,0.62267894,3.949878,0.27581367
BIH,2007,26.465504,68.70239,0.61843866,4.000954,0.21271223
BIH,2008,26.506033,68.67843,0.61444986,4.0511613,0.14992978
BIH,2009,26.542763,68.658554,0.61071265,4.100501,0.08746634
BIH,2010,29.22104,65.997444,0.6072269,4.1489654,0.025321888
BIH,2011,32.114876,63.12114,0.6039922,4.159992,0
BIH,2012,35.057873,60.196037,0.60100955,4.1450825,0
BIH,2013,38.048885,57.223152,0.59827936,4.1296825,0
BIH,2014,41.099506,54.19103,0.59580183,4.113666,0
BIH,2015,44.28307,51.029865,0.59604496,4.091019,0
BIH,2016,47.586025,47.750126,0.5962969,4.067552,0
BIH,2017,51.01012,44.35012,0.59655833,4.043204,0
BIH,2018,54.55765,40.827408,0.59682775,4.018113,0
BWA,2000,,,8.082711,17.100422,22.900755
BWA,2001,,,8.000776,16.81807,21.849916
BWA,2002,,,7.9169846,16.49663,20.951248
BWA,2003,,,7.824438,16.160805,20.084131
BWA,2004,,,7.7217636,15.81394,19.228857
BWA,2005,,,7.6090903,15.455965,18.386478
BWA,2006,,,7.486329,15.087021,17.555868
BWA,2007,,,7.306031,14.70279,16.388847
BWA,2008,,,7.110567,14.281977,15.264998
BWA,2009,,,6.9006143,13.825339,14.187143
BWA,2010,,,6.6761317,13.333498,13.152962
BWA,2011,,,6.4375176,12.807312,12.162852
BWA,2012,,,6.215287,12.281463,11.35339
BWA,2013,,,5.9867086,11.741427,10.59172
BWA,2014,,,5.7468767,11.182758,9.85267
BWA,2015,,,5.495941,10.605837,9.136156
BWA,2016,,,5.5298758,10.010985,8.441826
BWA,2017,,,5.562265,9.398786,7.769726
BWA,2018,,,5.5938525,8.770993,7.121257
BWA,2019,,,5.6246614,8.128213,6.4954367
BWA,2020,,,5.574556,8.507557,5.891649
BWA,2021,,,5.5260134,8.872534,5.3092237
BWA,2022,,,5.4788218,8.756863,5.2134986
BRA,2000,35.742043,37.386757,1.1523601,16.808815,8.910026
BRA,2001,36.167625,37.87028,1.110728,16.483614,8.36775
BRA,2002,36.5859,38.342083,1.0675794,16.158781,7.8456554
BRA,2003,37.002148,38.810493,1.0231158,15.830138,7.334106
BRA,2004,37.416237,39.275303,0.97733974,15.497934,6.833189
BRA,2005,37.828217,39.736576,0.93026006,15.162264,6.3426847
BRA,2006,38.23828,40.19463,0.8818874,14.823053,5.8621483
BRA,2007,38.64647,40.64951,0.83222824,14.480386,5.3914084
BRA,2008,39.05281,41.10127,0.78128916,14.134344,4.9302874
BRA,2009,39.457043,41.549484,0.72907645,13.78541,4.4789863
BRA,2010,39.859512,41.994698,0.6755998,13.433292,4.0369
BRA,2011,40.261555,42.439022,0.6208551,13.076118,3.6024506
BRA,2012,41.154324,42.3879,0.5648472,12.715797,3.177131
BRA,2013,42.062695,42.31582,0.507588,12.352877,2.7610214
BRA,2014,42.98721,42.22343,0.44907874,11.986756,2.353523
BRA,2015,43.927658,42.1103,0.38933212,11.618005,1.9547037
BRA,2016,44.883984,41.97626,0.32836214,11.246965,1.564429
BRA,2017,45.85642,41.82154,0.26617455,10.873496,1.1823697
BRA,2018,46.84473,41.645813,0.20279108,10.498246,0.80841863
BRA,2019,47.84931,41.449482,0.13821144,10.04114,0.52185273
BRA,2020,48.706318,41.372158,0.09648619,9.520909,0.30412817
BRA,2021,49.55151,41.259476,0.09663607,8.997931,0.09444848
BRA,2022,49.58674,41.29676,0.094822705,8.929002,0.09267616
VGB,2000,,,0,2.2230093,0.9917923
VGB,2001,,,0,2.3087366,0.9
VGB,2002,,,0,2.3944638,0.80820763
VGB,2003,,,0,2.480191,0.7164153
VGB,2004,,,0,2.5659182,0.62462294
VGB,2005,,,0,2.6516454,0.5328306
VGB,2006,,,0,2.7373729,0.44103828
VGB,2007,,,0,2.8231,0.34924594
VGB,2008,,,0,2.9088273,0.25745356
VGB,2009,,,0,2.9945545,0.16566123
VGB,2010,,,0,3.0802817,0.073868886
VGB,2011,,,0,3.1480856,0
VGB,2012,,,0,3.1420205,0
VGB,2013,,,0,3.1420205,0
VGB,2014,,,0,3.1420205,0
VGB,2015,,,0,3.1420205,0
VGB,2016,,,0,3.1420205,0
BRN,2000,,,0,27.285154,
BRN,2001,,,0,26.068518,
BRN,2002,,,0,24.851883,
BRN,2003,,,0,23.635246,
BRN,2004,,,0,22.418612,
BRN,2005,,,0,18.081976,3.12
BRN,2006,,,0,16.865341,3.12
BRN,2007,,,0,15.6487055,3.12
BRN,2008,,,0,14.43207,3.12
BRN,2009,,,0,13.215435,3.12
BRN,2010,,,0,12.2588,2.86
BRN,2011,,,0,11.302164,2.6
BRN,2012,,,0,10.345529,2.34
BRN,2013,,,0,9.388893,2.08
BRN,2014,,,0,8.432258,1.82
BRN,2015,,,0,7.475622,1.56
BRN,2016,,,0,6.518987,1.3
BRN,2017,,,0,5.5623517,1.04
BRN,2018,,,0,4.605716,0.78
BRN,2019,,,0,3.6490808,0.52
BRN,2020,,,0,2.6924453,0.26
BRN,2021,,,0,1.73581,0
BRN,2022,,,0,0.5191746,0
BGR,2000,54.931778,30.895332,14.1726,0.000291652,0
BGR,2001,55.33432,30.500969,14.164417,0.000291417,0
BGR,2002,55.772305,30.07396,14.153448,0.00028717,0
BGR,2003,56.241272,29.615871,14.1425705,0.000285914,0
BGR,2004,56.74105,29.126942,14.131722,0.000285285,0
BGR,2005,57.27115,28.607601,14.120967,0.000283064,0
BGR,2006,57.83121,28.058205,14.110304,0.000281964,0
BGR,2007,58.421013,27.479008,14.099702,0.000279794,0
BGR,2008,59.040234,26.870325,14.08916,0.000278826,0
BGR,2009,59.688427,26.23259,14.0787115,0.000273461,0
BGR,2010,60.58818,25.343222,14.068324,0.000273625,0
BGR,2011,61.568275,24.373428,14.058028,0.000269357,0
BGR,2012,62.570675,23.38135,14.047702,0.000272418,0
BGR,2013,63.59511,22.367273,14.037345,0.000268822,0
BGR,2014,64.74097,21.231777,14.026988,0.00026681,0
BGR,2015,65.95981,20.023327,14.0166,0.000263912,0
BGR,2016,67.20134,18.792183,14.006212,0.000261169,0
BGR,2017,68.465416,17.538528,13.995794,0.000260667,0
BGR,2018,69.451866,16.56247,13.985407,0.000256055,0
BGR,2019,70.444214,15.580514,13.9750185,0.000257969,0
BGR,2020,71.44247,14.592648,13.964631,0.0002548,0
BGR,2021,72.44665,13.598859,13.954244,0.0002491,0
BGR,2022,73.456604,12.599256,13.943886,0.000250951,0
BFA,2000,3.2808,6.9070992,8.194868,7.6419234,73.97531
BFA,2001,3.3726137,7.133692,8.408067,7.6562667,73.42936
BFA,2002,3.7706816,7.6230607,9.615404,7.7497087,71.24114
BFA,2003,4.160924,8.107734,10.831061,7.836799,69.063484
BFA,2004,4.5434422,8.588287,12.055742,7.9172854,66.89524
BFA,2005,4.9174976,9.063102,13.288053,7.9908304,64.74052
BFA,2006,5.283181,9.532734,14.528683,8.057185,62.598217
BFA,2007,5.6231155,9.94767,15.729321,8.117186,60.582706
BFA,2008,5.941994,10.317683,16.898699,8.172529,58.669094
BFA,2009,6.253269,10.680361,18.073425,8.222826,56.77012
BFA,2010,6.5570507,11.036117,19.253988,8.267947,54.884895
BFA,2011,6.8532453,11.384779,20.4403,8.307756,53.01392
BFA,2012,7.14168,11.725903,21.632,8.342172,51.158245
BFA,2013,7.422278,12.05933,22.829006,8.371079,49.318306
BFA,2014,7.695032,12.385155,24.03151,8.39433,47.493973
BFA,2015,7.9597883,12.70295,25.239155,8.41184,45.686268
BFA,2016,8.216472,13.012551,26.451862,8.423504,43.89561
BFA,2017,8.464845,13.313076,27.668783,8.429369,42.123928
BFA,2018,8.704926,13.604643,28.890116,8.429309,40.371006
BFA,2019,8.936718,13.887351,30.116053,8.423173,38.636707
BFA,2020,9.160082,14.160601,31.346024,8.411009,36.922287
BFA,2021,9.456732,14.584388,32.338623,8.392673,35.227585
BFA,2022,9.746474,15.010019,33.321526,8.368233,33.55375
BDI,2000,,,6.1687536,45.692135,2.924367
BDI,2001,,,6.266306,45.460587,2.8495488
BDI,2002,,,6.3669643,45.224144,2.7745254
BDI,2003,,,6.470581,44.982826,2.6993008
BDI,2004,,,6.771002,44.736492,2.6238704
BDI,2005,,,7.0797033,44.485012,2.548229
BDI,2006,,,7.3972087,44.228043,2.4723601
BDI,2007,,,7.7235656,43.965633,2.3962698
BDI,2008,,,8.059598,43.697212,2.3199282
BDI,2009,,,8.404818,43.42327,2.243366
BDI,2010,,,8.760651,43.14275,2.166528
BDI,2011,,,9.12719,42.85568,2.089419
BDI,2012,,,9.504501,42.56213,2.0120454
BDI,2013,,,9.893895,42.261127,1.9343597
BDI,2014,,,10.294831,41.953266,1.8563957
BDI,2015,,,10.708358,41.63781,1.7781181
BDI,2016,,,11.134916,41.314545,1.6995187
BDI,2017,,,11.574953,40.983253,1.6205896
BDI,2018,,,12.028928,40.64371,1.5413228
BDI,2019,,,12.497306,40.295708,1.4617105
BDI,2020,,,12.63031,40.18593,1.4562529
BDI,2021,,,12.766426,40.073574,1.450668
BDI,2022,,,12.906042,39.958336,1.4449393
KHM,2001,5.7789063,5.6146045,1.6462892,2.9804893,83.97971
KHM,2002,8.264534,5.965886,2.2360318,3.0201209,80.51343
KHM,2003,10.72614,6.3655825,2.7967181,3.0594797,77.05208
KHM,2004,11.980019,7.997831,3.3284857,3.0985641,73.5951
KHM,2005,13.183458,9.705217,3.8313992,3.1373715,70.142555
KHM,2006,14.396611,11.426979,4.3054805,3.175899,66.69503
KHM,2007,15.619665,13.163319,4.750852,3.214137,63.252026
KHM,2008,16.860506,14.923101,5.1688285,3.2517114,59.795853
KHM,2009,18.15228,16.743322,5.5636153,3.2866054,56.254177
KHM,2010,19.45144,18.574728,5.927775,3.3206055,52.725452
KHM,2011,20.757778,20.417038,6.2614913,3.3536916,49.21
KHM,2012,22.071087,22.269974,6.5649576,3.385851,45.708134
KHM,2013,23.390968,24.133049,6.8383613,3.4170792,42.220543
KHM,2014,24.717579,26.006378,7.081935,3.4473312,38.746777
KHM,2015,26.050512,27.889467,7.2958765,3.4765985,35.287544
KHM,2016,27.400509,29.771051,7.4804068,3.5048656,31.843166
KHM,2017,28.95018,31.46768,7.6357546,3.5321376,28.414248
KHM,2018,30.507421,33.17275,7.762132,3.5582743,24.999426
KHM,2019,32.071712,34.885704,7.859749,3.5832512,21.599583
KHM,2020,33.642807,36.60629,7.9288177,3.6070218,18.215063
KHM,2021,35.220196,38.333946,7.969579,3.473215,15.003063
KHM,2022,36.73289,39.986526,7.971005,3.2333474,12.076229
KHM,2000,,,1.4264374,0.93630826,87.45093
CMR,2000,,,18.978252,34.18589,8.539538
CMR,2001,,,19.02442,34.33123,8.31422
CMR,2002,,,19.072166,34.468914,8.091516
CMR,2003,,,18.938389,34.59928,7.871566
CMR,2004,,,18.80771,34.72194,7.6542535
CMR,2005,,,18.67951,34.83799,7.439965
CMR,2006,,,18.5541,34.946682,7.22845
CMR,2007,,,18.431417,35.047997,7.019716
CMR,2008,,,18.311405,35.141914,6.813769
CMR,2009,,,18.193813,35.228825,6.610731
CMR,2010,,,18.078764,35.308315,6.410491
CMR,2011,,,17.966007,35.38079,6.213165
CMR,2012,,,17.85548,35.44624,6.0187535
CMR,2013,,,17.746927,35.505096,5.827361
CMR,2014,,,17.640287,35.557377,5.63898
CMR,2015,,,17.535494,35.6031,5.4536033
CMR,2016,,,17.432486,35.642277,5.271225
CMR,2017,,,17.330814,35.675827,5.092027
CMR,2018,,,17.2308,35.702896,4.9158025
CMR,2019,,,17.131998,35.72442,4.742725
CMR,2020,,,17.034534,35.739983,4.5726843
CMR,2021,,,16.937963,35.750565,4.405838
CMR,2022,,,17.051006,35.579365,4.2504635
CAN,2000,77.39368,22.473005,0,0.13331789,0
CAN,2001,77.395935,22.472902,0,0.13116363,0
CAN,2002,77.39646,22.472878,0,0.13065766,0
CAN,2003,77.84914,22.020721,0,0.13014211,0
CAN,2004,78.30182,21.568546,0,0.12963606,0
CAN,2005,78.748795,21.115171,0,0.13603663,0
CAN,2006,79.176125,20.666893,0,0.15698583,0
CAN,2007,79.55637,20.204382,0,0.23924053,0
CAN,2008,79.93579,19.742487,0,0.32172555,0
CAN,2009,80.31435,19.28121,0,0.40444207,0
CAN,2010,80.69206,18.820555,0,0.48737988,0
CAN,2011,81.068794,18.360584,0,0.5706201,0
CAN,2012,81.44385,17.901703,0,0.6544461,0
CAN,2013,81.8181,17.443577,0,0.73832107,0
CAN,2014,82.19154,16.986206,0,0.8222493,0
CAN,2015,82.56419,16.529583,0,0.90622437,0
CAN,2016,82.936035,16.073713,0,0.99024874,0
CAN,2017,83.30714,15.618538,0,1.0743235,0
CAN,2018,83.68618,15.155358,0,1.1584584,0
CAN,2019,84.06452,14.692804,0,1.2426728,0
CAN,2020,83.99552,14.677486,0,1.3269947,0
CAN,2021,83.92649,14.662073,0,1.4114339,0
CAN,2022,83.92697,14.661384,0,1.4116418,0
CPV,2000,,,3.3206015,8.728709,51.122738
CPV,2001,,,3.5166197,8.422801,48.869522
CPV,2002,,,3.712617,8.113118,46.636757
CPV,2003,,,3.908472,7.7996745,44.42544
CPV,2004,,,4.104265,7.482488,42.23477
CPV,2005,,,4.299836,7.1615977,40.065964
CPV,2006,,,4.4953046,6.837022,37.917873
CPV,2007,,,4.69055,6.508812,35.79129
CPV,2008,,,4.8856926,6.1769624,33.685146
CPV,2009,,,5.0804906,5.8416033,31.600979
CPV,2010,,,5.2746196,5.502944,29.540585
CPV,2011,,,5.45647,5.167311,27.575563
CPV,2012,,,5.594627,4.829522,25.622782
CPV,2013,,,5.728758,4.4895997,23.682398
CPV,2014,,,5.859236,4.147575,21.754305
CPV,2015,,,5.9864297,3.803463,19.8384
CPV,2016,,,6.1105294,3.4573913,17.935152
CPV,2017,,,6.2317934,3.1094162,16.044535
CPV,2018,,,6.3505845,2.759562,14.166128
CPV,2019,,,6.467057,2.4079454,12.300041
CPV,2020,,,6.5816274,2.0545306,10.445696
CPV,2021,,,6.6944895,1.6994015,8.603019
CPV,2022,,,6.7311053,1.6800256,8.543566
CYM,2001,,,12.205881,3.8562884,0
CYM,2002,,,12.205881,3.8562884,0
CYM,2003,,,12.205881,3.8562884,0
CYM,2004,,,12.205881,3.8562884,0
CYM,2005,,,12.205881,3.8562884,0
CYM,2006,,,12.18639,4.009816,0
CYM,2007,,,12.166899,4.1633434,0
CYM,2008,,,12.1474085,4.316871,0
CYM,2009,,,12.010676,4.470399,0
CYM,2010,,,11.874321,4.623926,0
CYM,2011,,,11.738343,4.777454,0
CYM,2012,,,11.602741,4.9309816,0
CYM,2013,,,11.467517,5.0845094,0
CYM,2014,,,11.332669,5.2380366,0
CYM,2015,,,11.198198,5.3915644,0
CYM,2016,,,11.064104,5.545092,0
CYM,2017,,,10.9303875,5.69862,0
CYM,2018,,,10.797047,5.852147,0
CYM,2019,,,10.6640835,6.005675,0
CYM,2020,,,10.531497,6.1592026,0
CYM,2021,,,10.399287,6.31273,0
CYM,2022,,,10.267454,6.4662576,0
CAF,2000,19.67586,0.9181081,9.5597105,47.181232,22.665089
CAF,2001,19.630793,0.91648847,9.537221,47.077763,22.837736
CAF,2002,19.585716,0.914877,9.514746,46.974754,23.009909
CAF,2003,19.540257,0.91334873,9.492116,46.87237,23.181906
CAF,2004,19.494324,0.91199505,9.469332,46.77062,23.353731
CAF,2005,19.090006,0.88214296,9.842538,46.666294,23.519018
CAF,2006,18.691904,0.85313946,10.217612,46.559647,23.677698
CAF,2007,18.299932,0.8249593,10.594945,46.450764,23.8294
CAF,2008,17.913494,0.7975365,10.974568,46.340042,23.97436
CAF,2009,17.532257,0.770829,11.356675,46.22773,24.11251
CAF,2010,17.156136,0.74481535,11.741642,46.113926,24.243479
CAF,2011,16.784575,0.7194379,12.129466,45.99902,24.367502
CAF,2012,16.417482,0.6946773,12.520512,45.883125,24.484205
CAF,2013,16.054544,0.6704974,12.914948,45.766495,24.593513
CAF,2014,15.695233,0.6468489,13.312738,45.649506,24.695675
CAF,2015,15.339471,0.62371653,13.7142315,45.532276,24.790304
CAF,2016,14.987158,0.6010842,14.119782,45.414955,24.87702
CAF,2017,14.637592,0.5788952,14.529113,45.298023,24.956379
CAF,2018,14.290697,0.5571385,14.942556,45.181614,25.027996
CAF,2019,13.946193,0.5357901,15.360233,45.06598,25.091805
CAF,2020,13.6038065,0.5148282,15.782254,44.951378,25.147732
CAF,2021,13.263273,0.49423313,16.208721,44.838062,25.19571
CAF,2022,13.346911,0.49938282,16.313944,44.795128,25.044636
,2000,12.411318,10.802034,6.0366025,13.218603,57.531445
,2001,13.547135,11.889894,6.6125865,12.725688,55.224697
,2002,14.699064,13.086932,7.092865,12.2323,52.88884
,2003,15.854104,14.293554,7.548746,11.739636,50.563957
,2004,17.832432,14.711838,7.9806137,11.231081,48.244038
,2005,19.556145,15.409731,8.37868,10.719594,45.93585
,2006,21.296656,16.105207,8.751433,10.206504,43.6402
,2007,23.140106,16.716516,9.097548,9.682899,41.36293
,2008,24.985027,17.340021,9.417521,9.160414,39.097015
,2009,26.832903,17.971334,9.711908,8.648265,36.83559
,2010,28.683922,18.610958,9.983751,8.140514,34.580856
,2011,30.537252,19.25412,10.23235,7.637981,32.338295
,2012,32.3976,19.899714,10.458921,7.135867,30.1079
,2013,34.268288,20.548723,10.663491,6.6299677,27.88953
,2014,36.193806,21.159138,10.845112,6.1250014,25.676943
,2015,38.133904,21.770042,11.003662,5.617065,23.475325
,2016,40.072647,22.38506,11.140414,5.1082835,21.293596
,2017,41.946926,23.001654,11.246272,3.8457627,19.959387
,2018,43.76092,23.617397,11.321113,3.6484299,17.652138
,2019,45.563354,24.23548,11.373039,3.4268546,15.401271
,2020,47.351048,24.851639,11.40572,3.173463,13.218132
,2021,49.104183,25.486267,11.416524,2.9272482,11.065778
,2022,50.78564,26.115864,11.431908,2.6777294,8.988856
TCD,2000,8.439917,1.2527573,4.3959947,14.5408535,71.370476
TCD,2001,8.50608,1.2690339,4.471304,14.750466,71.00311
TCD,2002,8.570605,1.2871048,4.546682,14.959017,70.63659
TCD,2003,8.635531,1.3052787,4.622449,15.167176,70.26956
TCD,2004,8.700728,1.3235166,4.698447,15.3745985,69.90271
TCD,2005,8.766192,1.3418186,4.7746754,15.581286,69.536026
TCD,2006,8.831926,1.3601847,4.8511343,15.787242,69.16951
TCD,2007,8.898087,1.3786595,4.928004,15.992742,68.802505
TCD,2008,8.964362,1.3971549,5.004928,16.197214,68.43634
TCD,2009,9.05408,1.4295053,5.045121,16.400948,68.07034
TCD,2010,9.150797,1.463604,5.084442,16.608358,67.6928
TCD,2011,9.254989,1.499556,5.122776,16.818825,67.303856
TCD,2012,9.367333,1.5375224,5.1601667,17.03198,66.903
TCD,2013,9.48815,1.5775654,5.196286,17.24698,66.49102
TCD,2014,9.6179495,1.6197999,5.230973,17.46322,66.068054
TCD,2015,9.757477,1.664402,5.2642155,17.680286,65.63362
TCD,2016,9.907292,1.7114986,5.2958126,17.897541,65.18786
TCD,2017,10.067973,1.76122,5.325546,18.114359,64.7309
TCD,2018,10.2403555,1.8137646,5.35334,18.330256,64.26228
TCD,2019,10.42481,1.8692082,5.3787785,18.544416,63.782787
TCD,2020,10.622491,1.9278297,5.401901,18.756483,63.291294
TCD,2021,10.833804,1.989714,5.4222517,18.965624,62.788605
TCD,2022,10.912195,2.0098717,5.4647937,19.000044,62.6131
OWID_CIS,2009,90,8.5,0,1.5,0
OWID_CIS,2010,90,8.5,0,1.5,0
OWID_CIS,2011,90,8.5,0,1.5,0
OWID_CIS,2012,90,8.5,0,1.5,0
OWID_CIS,2013,90,8.5,0,1.5,0
OWID_CIS,2014,90,8.5,0,1.5,0
OWID_CIS,2015,90,8.5,0,1.5,0
OWID_CIS,2016,90,8.5,0,1.5,0
OWID_CIS,2017,90,8.5,0,1.5,0
CHL,2000,66.548965,25.694883,0,5.4564834,2.2996647
CHL,2001,66.90661,25.887854,0,5.03118,2.1743548
CHL,2002,67.249306,26.074532,0,4.6265454,2.0496197
CHL,2003,67.545235,26.257904,0,4.2697926,1.9270716
CHL,2004,69.61293,24.667732,0,3.91482,1.8045152
CHL,2005,71.69609,23.059694,0,3.5622258,1.6819863
CHL,2006,73.79542,21.433714,0,3.211417,1.5594493
CHL,2007,75.910385,19.789955,0,2.8627326,1.4369279
CHL,2008,78.04147,18.128262,0,2.5158691,1.3143986
CHL,2009,80.18813,16.448883,0,2.1710982,1.1918846
CHL,2010,82.35033,14.75191,0,1.8283775,1.069386
CHL,2011,84.52857,13.037059,0,1.4874874,0.94687945
CHL,2012,86.7223,11.304709,0,1.1486077,0.82438815
CHL,2013,88.93173,9.554719,0,0.8116458,0.70190054
CHL,2014,91.156876,7.787112,0,0.47659463,0.5794166
CHL,2015,93.36422,6.001667,0,0.17727883,0.45683056
CHL,2016,94.94149,4.725032,0,0,0.33348054
CHL,2017,95.21671,4.783285,0,0,0
CHL,2018,95.16858,4.8314185,0,0,0
CHL,2019,95.2356,4.7643957,0,0,0
CHL,2020,95.26285,4.737155,0,0,0
CHL,2021,95.29202,4.7079754,0,0,0
CHL,2022,95.32282,4.6771755,0,1.7036774e-06,0
CHN,2000,13.38581,43.434303,3.6274977,37.02144,2.5309517
CHN,2001,13.750477,43.81798,3.5867636,36.35861,2.4861708
CHN,2002,14.491259,45.22783,3.6096814,34.349365,2.3218658
CHN,2003,16.536438,45.307175,3.6233478,32.37112,2.1619184
CHN,2004,18.70512,45.2355,3.6276226,30.425259,2.0064976
CHN,2005,20.993961,45.013454,3.6222384,28.514442,1.8559047
CHN,2006,23.388203,44.644146,3.6060357,26.650265,1.7113494
CHN,2007,25.889128,44.13185,3.5796878,24.827263,1.5720701
CHN,2008,28.501814,43.47781,3.5438864,23.038937,1.4375513
CHN,2009,31.221458,42.684597,3.498452,21.287474,1.308018
CHN,2010,34.047245,41.753803,3.4434993,19.572058,1.1833962
CHN,2011,36.950737,40.700516,3.3779302,17.905907,1.06491
CHN,2012,39.938984,39.525684,3.3026063,16.280996,0.95172983
CHN,2013,43.018974,38.227825,3.218079,14.691801,0.8433221
CHN,2014,46.18993,36.808548,3.1244695,13.137448,0.7396032
CHN,2015,49.44812,35.271194,3.021805,11.618287,0.6405939
CHN,2016,52.79106,33.618416,2.9101572,10.1341,0.54626614
CHN,2017,56.212887,31.855421,2.7895637,8.685487,0.45664024
CHN,2018,59.700947,29.993273,2.66008,7.2739525,0.37174988
CHN,2019,63.24984,28.038298,2.5219314,5.8985033,0.29142845
CHN,2020,64.60968,28.24182,2.375368,4.5576606,0.21547404
CHN,2021,65.93283,28.45293,2.220638,3.2499206,0.14368492
CHN,2022,67.22023,28.672129,2.0579858,1.9451959,0.10445678
COL,2000,15.316124,60.10758,13.485448,2.726659,8.36419
COL,2001,15.466008,60.85496,13.038886,2.6149797,8.025165
COL,2002,15.615039,61.601543,12.585359,2.504996,7.6930637
COL,2003,15.763213,62.3473,12.124989,2.396693,7.367804
COL,2004,15.910585,63.091976,11.657834,2.290082,7.049524
COL,2005,16.057161,63.83555,11.18403,2.185144,6.7381186
COL,2006,16.202948,64.57801,10.703711,2.08185,6.4334807
COL,2007,16.348007,65.319115,10.216957,1.9802125,6.1357074
COL,2008,16.4923,66.059105,9.723964,1.8801531,5.844475
COL,2009,16.63583,66.79797,9.22486,1.7816619,5.5596766
COL,2010,16.778673,67.53547,8.719733,1.6847357,5.281389
COL,2011,16.920845,68.271614,8.208723,1.5893322,5.009485
COL,2012,17.062292,69.00663,7.691998,1.4954141,4.743667
COL,2013,17.2031,69.7403,7.1696553,1.4029529,4.4839926
COL,2014,17.343283,70.47262,6.641826,1.3119398,4.2303324
COL,2015,17.482786,71.20383,6.108664,1.2223113,3.9824128
COL,2016,17.621624,71.93392,5.5702868,1.1340395,3.7401297
COL,2017,17.75989,72.66269,5.0267973,1.047117,3.5035062
COL,2018,17.8976,73.39015,4.4783216,0.9615118,3.2724152
COL,2019,18.034779,74.11631,3.9249833,0.8771937,3.0467315
COL,2020,18.171364,74.84141,3.3669074,0.79410774,2.8262148
COL,2021,18.307457,75.56522,2.8042037,0.712255,2.6108637
COL,2022,18.44299,76.28799,2.2369857,0.6315829,2.400453
COM,2000,,,0.6317384,69.50168,0.66289777
COM,2001,,,0.6612709,68.24481,0.65788376
COM,2002,,,1.3074439,66.987854,0.6528704
COM,2003,,,2.0010118,65.731,0.6478585
COM,2004,,,2.7419863,64.473854,0.64284647
COM,2005,,,3.5306325,63.213436,0.6378215
COM,2006,,,4.3671594,61.94982,0.6327832
COM,2007,,,5.251776,60.683044,0.62773126
COM,2008,,,6.184663,59.413364,0.6226662
COM,2009,,,7.16605,58.14063,0.6175868
COM,2010,,,8.196187,56.864708,0.6124917
COM,2011,,,9.27521,55.586025,0.6073826
COM,2012,,,10.403367,54.304447,0.602258
COM,2013,,,11.580918,53.01984,0.59711677
COM,2014,,,12.807976,51.732635,0.59196025
COM,2015,,,13.155447,50.437447,0.5918394
COM,2016,,,13.163796,50.40961,0.5917029
COM,2017,,,13.173041,50.378784,0.5915518
COM,2018,,,13.183183,50.344967,0.591386
COM,2019,,,13.194334,50.89899,
COG,2000,,,23.829754,56.01308,8.237054
COG,2001,,,23.951796,55.903324,8.176407
COG,2002,,,24.65942,54.799427,8.246895
COG,2003,,,25.37492,53.688526,8.312876
COG,2004,,,25.973425,52.570667,8.374382
COG,2005,,,26.571545,51.4459,8.431445
COG,2006,,,27.169096,50.314274,8.484095
COG,2007,,,27.76621,49.175545,8.532201
COG,2008,,,28.36336,48.02916,8.575443
COG,2009,,,28.960426,46.87508,8.613805
COG,2010,,,29.55762,45.71298,8.647094
COG,2011,,,30.15416,44.54344,8.675645
COG,2012,,,30.750252,43.366146,8.699269
COG,2013,,,31.345776,42.181065,8.717952
COG,2014,,,31.940248,40.988518,8.731874
COG,2015,,,32.53353,39.7885,8.741039
COG,2016,,,33.12548,38.58102,8.745446
COG,2017,,,33.715954,37.366074,8.745093
COG,2018,,,33.886772,37.19767,8.646987
COG,2019,,,34.05759,37.029266,8.548881
COG,2020,,,34.22803,36.861233,8.450989
COG,2021,,,34.397728,36.693935,8.353528
COK,2000,,,10.899842,6.403671,0.8871153
COK,2001,,,10.926715,6.2020545,0.8601673
COK,2002,,,10.953587,6.0004377,0.83321935
COK,2003,,,10.980459,5.798821,0.8062714
COK,2004,,,11.007332,5.597204,0.7793234
COK,2005,,,11.0342045,5.395588,0.7523754
COK,2006,,,11.061076,5.193971,0.72542745
COK,2007,,,11.087949,4.9923544,0.69847953
COK,2008,,,11.114821,4.7907376,0.67153156
COK,2009,,,11.141694,4.5891213,0.6445836
COK,2010,,,11.168566,4.3875046,0.6176356
COK,2011,,,11.195438,4.185888,0.59068763
COK,2012,,,11.222311,3.9842713,0.56373966
COK,2013,,,11.249184,3.7826545,0.5367917
COK,2014,,,11.276055,3.581038,0.5098437
COK,2015,,,11.302928,3.3794212,0.48289576
COK,2016,,,11.329801,3.1508567,0.48289576
COK,2017,,,11.356673,2.922292,0.48289576
COK,2018,,,11.383545,2.6937275,0.48289576
COK,2019,,,11.383545,2.6937275,0.48289576
COK,2020,,,11.383545,2.6937275,0.48289576
COK,2021,,,11.383545,2.6937275,0.48289576
COK,2022,,,11.383545,2.6937275,0.48289576
CRI,2000,24.920965,68.76709,1.6719091,3.8705528,0.7694813
CRI,2001,24.75304,69.173584,1.6614125,3.6799989,0.73196745
CRI,2002,24.59102,69.56727,1.650902,3.495594,0.6952185
CRI,2003,24.435013,69.94807,1.6403908,3.3173015,0.65922934
CRI,2004,24.285435,70.31546,1.629912,3.1451862,0.624005
CRI,2005,24.143015,70.66854,1.6195213,2.9793658,0.5895586
CRI,2006,24.007183,71.0082,1.6091915,2.8195662,0.5558567
CRI,2007,23.878334,71.33402,1.5989583,2.6657894,0.52289855
CRI,2008,23.775757,71.62691,1.588815,2.5178583,0.49066162
CRI,2009,23.704536,71.96202,1.4983294,2.3759468,0.45916432
CRI,2010,23.638536,72.28349,1.4100032,2.2396102,0.4283543
CRI,2011,23.726723,72.442314,1.3238349,2.1088934,0.39823344
CRI,2012,23.84282,72.56391,1.2399358,1.9844596,0.3688726
CRI,2013,23.967443,72.66815,1.1581751,1.8659977,0.3402317
CRI,2014,24.099686,72.75647,1.0784153,1.7531583,0.31226733
CRI,2015,24.238382,72.830635,1.0005122,1.6455392,0.28493136
CRI,2016,24.382553,72.89213,0.9243341,1.542803,0.25818118
CRI,2017,24.531527,72.942085,0.8497581,1.4446507,0.23198123
CRI,2018,24.684246,72.98206,0.77665687,1.3507458,0.20628917
CRI,2019,24.839966,73.01325,0.70491236,1.2607963,0.18106964
CRI,2020,24.997704,73.03711,0.6344113,1.1744945,0.15628478
CRI,2021,25.167566,73.0439,0.56504345,1.0915859,0.13190418
CRI,2022,25.352652,73.03097,0.49671036,1.0117756,0.10789251
CIV,2000,9.577645,11.105858,17.773067,24.856007,36.687424
CIV,2001,9.918481,11.367039,18.359184,24.455555,35.899742
CIV,2002,10.258641,11.629339,18.943275,24.049168,35.119576
CIV,2003,10.598006,11.892569,19.525143,23.636782,34.3475
CIV,2004,10.9366865,12.156927,20.104956,23.218384,33.583046
CIV,2005,11.277505,12.540956,20.55988,22.793926,32.827736
CIV,2006,11.621284,12.930135,21.00458,22.363417,32.080585
CIV,2007,11.967917,13.324443,21.439178,21.926838,31.341623
CIV,2008,12.317304,13.723859,21.86379,21.484161,30.610886
CIV,2009,12.669134,14.127947,22.278206,21.035423,29.88929
CIV,2010,13.023516,14.537089,22.682877,20.580582,29.175936
CIV,2011,13.380342,14.951264,23.077927,20.119608,28.47086
CIV,2012,13.739415,15.370239,23.463314,19.652533,27.7745
CIV,2013,14.100638,15.793984,23.839167,19.179354,27.086859
CIV,2014,14.463914,16.222471,24.205608,18.70007,26.407936
CIV,2015,14.829884,16.657635,24.564138,18.214058,25.734285
CIV,2016,15.198201,17.099056,24.914534,17.72128,25.06693
CIV,2017,15.568775,17.546965,25.257038,17.221497,24.405725
CIV,2018,15.941423,18.001377,25.59175,16.71453,23.75092
CIV,2019,16.315887,18.46208,25.918615,16.200315,23.103102
CIV,2020,16.69199,18.92908,26.237747,15.67869,22.462494
CIV,2021,16.97017,19.320868,26.730146,15.149507,21.82931
CIV,2022,17.246206,19.715878,27.22154,14.612611,21.203764
HRV,2000,78.79695,19.670437,0.22139375,1.3112166,0
HRV,2001,78.844406,19.624273,0.22227965,1.3090388,0
HRV,2002,78.732155,19.546389,0.43239322,1.2890625,0
HRV,2003,78.62049,19.468592,0.64185554,1.2690651,0
HRV,2004,78.50896,19.391308,0.8506645,1.249068,0
HRV,2005,78.39779,19.314322,1.0588216,1.2290652,0
HRV,2006,78.28699,19.237635,1.2663267,1.209049,0
HRV,2007,78.176544,19.161245,1.4731791,1.1890295,0
HRV,2008,78.066475,19.085152,1.6793789,1.1689978,0
HRV,2009,77.956764,19.009352,1.8849252,1.1489635,0
HRV,2010,77.84742,18.933847,2.0898185,1.1289139,0
HRV,2011,77.73821,18.858843,2.294075,1.1088709,0
HRV,2012,77.633385,18.780626,2.4973474,1.0886389,0
HRV,2013,77.532776,18.699446,2.6995466,1.0682306,0
HRV,2014,77.43668,18.615137,2.9005442,1.0476338,0
HRV,2015,77.50991,18.567724,2.8954983,1.0268688,0
HRV,2016,77.586975,18.517035,2.8900666,1.005926,0
HRV,2017,77.667885,18.463068,2.884249,0.9847981,0
HRV,2018,77.73481,18.40582,2.8775258,0.981845,0
HRV,2019,77.805336,18.345495,2.8704426,0.97872716,0
HRV,2020,77.87969,18.28189,2.8629754,0.9754379,0
HRV,2021,77.957405,18.21541,2.8551717,0.97201145,0
CUB,2000,42.525436,40.036118,10.973568,4.758866,1.7060124
CUB,2001,42.64951,40.104923,10.992943,4.6273875,1.6252391
CUB,2002,42.772633,40.17308,11.012109,4.4969306,1.5452468
CUB,2003,42.904144,40.223522,11.032726,4.371511,1.4680963
CUB,2004,43.04459,40.25629,11.054909,4.2507386,1.3934729
CUB,2005,42.94197,40.845806,10.762657,4.130395,1.3191675
CUB,2006,42.83689,41.43844,10.469117,4.0104036,1.2451488
CUB,2007,42.729347,42.034176,10.174302,3.8907611,1.1714165
CUB,2008,42.61934,42.632984,9.878221,3.7714868,1.0979706
CUB,2009,42.50703,43.234615,9.580906,3.6526146,1.0248336
CUB,2010,42.392284,43.839302,9.282348,3.534087,0.95197994
CUB,2011,42.275093,44.447014,8.982558,3.4159265,0.87940973
CUB,2012,42.155464,45.05775,8.68155,3.2981095,0.80712295
CUB,2013,42.041023,45.660828,8.379714,3.1825845,0.7358539
CUB,2014,41.926384,46.264446,8.076558,3.0677135,0.66489977
CUB,2015,41.80942,46.87165,7.771959,2.9529316,0.5940375
CUB,2016,41.69047,47.481976,7.46593,2.8383284,0.5232943
CUB,2017,41.5671,48.09849,7.158481,2.7233994,0.45252854
CUB,2018,41.43922,48.721043,6.849706,2.6082327,0.38180017
CUB,2019,41.306923,49.34927,6.539699,2.4929345,0.311176
CUB,2020,41.169952,49.983246,6.2285643,2.3775332,0.24070632
CUB,2021,41.02822,50.622807,5.9164066,2.2621143,0.17045118
CUB,2022,41.326687,50.822723,5.60331,2.077226,0.17005444
CUW,2000,,,0,0.94426084,0.96118784
CUW,2001,,,0,0.9313964,0.9082273
CUW,2002,,,0,0.918532,0.85526687
CUW,2003,,,0,0.9056676,0.80230635
CUW,2004,,,0,0.8928032,0.74934584
CUW,2005,,,0,0.8799388,0.6963854
CUW,2006,,,0,0.8670744,0.64342487
CUW,2007,,,0,0.85420996,0.59046435
CUW,2008,,,0,0.84134555,0.5375039
CUW,2009,,,0,0.82848114,0.48454338
CUW,2010,,,0,0.8156167,0.4315829
CUW,2011,,,0,0.8027523,0.37862238
CUW,2012,,,0,0.7898879,0.3256619
CUW,2013,,,0,0.7770235,0.2727014
CUW,2014,,,0,0.7770235,0.2727014
CUW,2015,,,0,0.7770235,0.2727014
CUW,2016,,,0,0.7770235,0.2727014
CUW,2017,,,0,0.7770235,0.2727014
CYP,2000,76.26209,23.477655,0,0.26025456,0
CYP,2001,76.3014,23.438095,0,0.2605022,0
CYP,2002,76.27704,23.462614,0,0.26035133,0
CYP,2003,76.163055,23.55636,0,0.28058007,0
CYP,2004,76.09144,23.607555,0,0.3010024,0
CYP,2005,76.12928,23.549095,0,0.32162568,0
CYP,2006,76.16881,23.488747,0,0.34244812,0
CYP,2007,76.20911,23.427427,0,0.3634671,0
CYP,2008,76.250175,23.365143,0,0.38468456,0
CYP,2009,76.2917,23.302198,0,0.40609917,0
CYP,2010,76.334,23.238277,0,0.42772007,0
CYP,2011,76.37678,23.17368,0,0.44954607,0
CYP,2012,76.420334,23.108103,0,0.4715648,0
CYP,2013,76.47086,23.035463,0,0.4936737,0
CYP,2014,76.52732,22.956835,0,0.5158423,0
CYP,2015,76.59044,22.871553,0,0.5380065,0
CYP,2016,76.65975,22.780104,0,0.56014186,0
CYP,2017,76.735115,22.682697,0,0.58219105,0
CYP,2018,76.816055,22.579802,0,0.60414153,0
CYP,2019,76.81465,22.581167,0,0.60418403,0
CYP,2020,76.81916,22.576803,0,0.6040397,0
CYP,2021,76.829025,22.567259,0,0.60371965,0
CYP,2022,76.84451,22.552261,0,0.60322404,0
CZE,2000,85.78718,13.325769,0.85643274,0.030619124,0
CZE,2001,85.80844,13.304692,0.8562167,0.030651132,0
CZE,2002,85.832245,13.28278,0.8560998,0.028872048,0
CZE,2003,85.85688,13.260042,0.85598093,0.027094485,0
CZE,2004,85.88235,13.236479,0.8558621,0.025314389,0
CZE,2005,85.90863,13.21209,0.85574317,0.023538323,0
CZE,2006,85.93574,13.186873,0.85562426,0.021760961,0
CZE,2007,85.963684,13.160832,0.85550344,0.0199838,0
CZE,2008,85.99245,13.133964,0.8553846,0.018204086,0
CZE,2009,86.02204,13.106269,0.85526377,0.01642379,0
CZE,2010,86.05246,13.077748,0.85514486,0.014647778,0
CZE,2011,86.08371,13.0484,0.855024,0.012868668,0
CZE,2012,86.396835,12.73703,0.8550627,0.011070168,0
CZE,2013,86.723206,12.412295,0.8552591,0.009242138,0
CZE,2014,87.050156,12.086473,0.8554529,0.007917075,0
CZE,2015,87.37755,11.759407,0.8556374,0.007410366,0
CZE,2016,87.705765,11.431497,0.8558217,0.006913928,0
CZE,2017,88.034805,11.102746,0.8560294,0.00641654,0
CZE,2018,88.36443,10.772921,0.8562571,0.006389526,0
CZE,2019,88.69488,10.442256,0.8565081,0.006357363,0
CZE,2020,89.026146,10.110753,0.8567805,0.006322946,0
CZE,2021,89.35822,9.778411,0.8570783,0.006284749,0
CZE,2022,89.69113,9.445229,0.85739547,0.006246327,0
COD,2000,22.013296,1.7344344,23.927246,41.867935,10.4570875
COD,2001,21.553314,1.739262,23.633896,42.516533,10.5569935
COD,2002,21.097168,1.743813,23.34201,43.16179,10.655222
COD,2003,20.64489,1.7480838,23.051601,43.803665,10.751759
COD,2004,20.196526,1.7520704,22.762674,44.44214,10.846592
COD,2005,19.752007,1.7559415,22.476059,45.076797,10.939197
COD,2006,19.315544,1.7735931,22.174198,45.707382,11.029282
COD,2007,18.887522,1.7912843,21.87058,46.3338,11.116809
COD,2008,18.46801,1.8089161,21.56489,46.956177,11.202008
COD,2009,17.990438,1.8931476,21.257616,47.57422,11.284579
COD,2010,17.518312,1.9804153,20.948462,48.188057,11.364758
COD,2011,17.051565,2.070886,20.63791,48.7974,11.442237
COD,2012,16.590126,2.1645415,20.325684,49.40239,11.517259
COD,2013,16.13391,2.2614536,20.011889,50.002956,11.589793
COD,2014,15.682845,2.36175,19.696833,50.598904,11.659668
COD,2015,15.236829,2.4654539,19.380442,51.190285,11.726994
COD,2016,14.795762,2.5726404,19.062836,51.777023,11.7917385
COD,2017,14.359511,2.6833255,18.743956,52.359188,11.854021
COD,2018,13.927993,2.7976415,18.424118,52.93658,11.913667
COD,2019,13.50106,2.9156027,18.103273,53.509266,11.970797
COD,2020,13.078584,3.0372815,17.781557,54.077194,12.025384
COD,2021,13.058407,3.0877647,17.67843,54.239243,11.936156
COD,2022,13.035775,3.1386979,17.572315,54.407032,11.84618
DNK,2000,94.4719,5.125338,0.40275934,5.942769e-07,0
DNK,2001,94.4719,5.125338,0.40275955,2.6414514e-07,0
DNK,2002,94.4719,5.125338,0.40275997,0,0
DNK,2003,94.4719,5.125338,0.4027604,2.6240223e-06,0
DNK,2004,94.4719,5.125338,0.40276125,1.1540764e-06,0
DNK,2005,94.4719,5.125338,0.4027624,2.4610258e-06,0
DNK,2006,94.4719,5.125338,0.40276343,0,0
DNK,2007,94.4719,5.125338,0.4027642,0,0
DNK,2008,94.8389,4.758341,0.402765,0,0
DNK,2009,95.20348,4.3937435,0.40276563,3.940565e-06,0
DNK,2010,95.56569,4.031545,0.40276623,2.2167217e-06,0
DNK,2011,95.92549,3.6717405,0.40276688,1.5762261e-07,0
DNK,2012,96.282906,3.314326,0.4027676,4.6378777e-06,0
DNK,2013,96.63793,2.9592965,0.40276822,3.0813862e-06,0
DNK,2014,96.990585,2.6066458,0.4027687,1.8924112e-06,0
DNK,2015,97.340866,2.2563677,0.4027692,0,0
DNK,2016,97.688774,1.9084545,0.40276965,3.3026333e-06,0
DNK,2017,98.03433,1.5628982,0.40277013,5.9574674e-08,0
DNK,2018,98.37754,1.2196897,0.4027706,0,0
DNK,2019,98.55531,1.0419205,0.4027711,0,0
DNK,2020,98.640526,0.95670277,0.40277156,3.2939643e-06,0
DNK,2021,98.7227,0.8745293,0.40277207,1.6681285e-07,0
DNK,2022,98.80183,0.7954003,0.4027726,0,0
DJI,2000,26.467293,20.584496,3.5103436,30.144855,19.29301
DJI,2001,26.476635,20.596512,3.5115738,30.151487,19.263794
DJI,2002,26.48598,20.60853,3.5128045,30.158115,19.234571
DJI,2003,26.495321,20.620546,3.514035,30.164747,19.205349
DJI,2004,26.504665,20.632563,3.5152655,30.171375,19.176132
DJI,2005,27.38009,21.065187,3.7143044,28.837294,19.003122
DJI,2006,28.253185,21.49667,3.918193,27.50234,18.829613
DJI,2007,29.123734,21.926743,4.126915,26.166384,18.656225
DJI,2008,29.991728,22.355402,4.3404827,24.829416,18.482971
DJI,2009,30.856947,22.78236,4.558871,23.49135,18.310472
DJI,2010,31.72178,23.21081,4.782503,22.153078,18.131828
DJI,2011,32.58629,23.640892,5.0114555,20.814274,17.947088
DJI,2012,33.450314,24.072454,5.2457666,19.474552,17.756912
DJI,2013,34.314133,24.505932,5.4855604,18.13366,17.560717
DJI,2014,35.177338,24.940844,5.7308335,16.791197,17.359787
DJI,2015,36.04066,25.378246,5.981815,15.446981,17.152298
DJI,2016,36.903458,25.817337,6.2384562,14.100601,16.940147
DJI,2017,37.766,26.258547,6.5009017,12.7518,16.722754
DJI,2018,38.62831,26.701996,6.769253,11.400281,16.500158
DJI,2019,39.490433,27.147806,7.0436153,10.045753,16.272392
DJI,2020,39.52545,27.197186,7.052508,10.042751,16.182102
DJI,2021,39.562378,27.249254,7.061885,10.039589,16.086895
DJI,2022,39.601204,27.304008,7.0717454,10.036266,15.986775
DMA,2000,,,2.5297482,17.15207,16.27561
DMA,2001,,,2.5793488,16.670214,15.452184
DMA,2002,,,2.6289496,16.188358,14.628757
DMA,2003,,,2.6785502,15.706503,13.805331
DMA,2004,,,2.728151,15.2246475,12.981905
DMA,2005,,,2.7777517,14.742792,12.158479
DMA,2006,,,2.8273525,14.260937,11.3350525
DMA,2007,,,2.8769531,13.779081,10.511626
DMA,2008,,,2.9265537,13.297227,9.688199
DMA,2009,,,2.9761546,12.8153715,8.864773
DMA,2010,,,3.0257552,12.333516,8.041347
DMA,2011,,,3.075356,11.851661,7.217921
DMA,2012,,,3.1249566,11.369805,6.3944945
DMA,2013,,,3.1745572,10.88795,5.571068
DMA,2014,,,3.1745572,10.88795,5.571068
DMA,2015,,,3.1745572,10.88795,5.571068
DMA,2016,,,3.1745572,10.88795,5.571068
DMA,2017,,,3.1745572,10.88795,5.571068
DOM,2000,52.48764,24.476019,13.9213505,3.8849695,5.2300186
DOM,2001,52.732513,24.740606,13.700632,3.7676704,5.058579
DOM,2002,52.28934,25.692692,13.475703,3.6523767,4.8898845
DOM,2003,51.80904,26.73475,13.23801,3.5233307,4.6948667
DOM,2004,51.316296,27.809175,12.99064,3.3912325,4.492657
DOM,2005,50.828114,28.874914,12.737262,3.263255,4.296454
DOM,2006,50.343952,29.933016,12.47799,3.139171,4.105871
DOM,2007,49.863853,30.983091,12.2131,3.018978,3.920977
DOM,2008,49.387608,32.025364,11.942803,2.9025838,3.7416422
DOM,2009,48.915607,33.0585,11.667565,2.7901242,3.568203
DOM,2010,48.447094,34.08413,11.3874035,2.6812744,3.400098
DOM,2011,47.989475,35.082195,11.106412,2.5788498,3.2430677
DOM,2012,47.539326,36.06082,10.823994,2.4813895,3.0944695
DOM,2013,47.09123,37.03397,10.537884,2.3867722,2.9501464
DOM,2014,46.644863,38.00221,10.248185,2.294866,2.8098752
DOM,2015,46.2,38.965916,9.9550295,2.205559,2.6734939
DOM,2016,45.75655,39.92509,9.658632,2.118783,2.5409436
DOM,2017,45.314518,40.879387,9.359312,2.0345318,2.4122515
DOM,2018,44.874638,41.826374,9.058029,1.9529868,2.2879736
DOM,2019,44.43659,42.76652,8.75501,1.8740059,2.1678758
DOM,2020,44.000076,43.700314,8.450477,1.7974038,2.0517304
DOM,2021,43.564697,44.628525,8.144523,1.7230207,1.9392327
DOM,2022,43.130184,45.551605,7.837339,1.650694,1.8301754
TLS,2002,,,7.0122933,15.114068,42.644623
TLS,2003,,,7.2835374,15.209422,40.949524
TLS,2004,,,7.553911,15.30189,39.258858
TLS,2005,,,7.8222804,15.394076,37.584175
TLS,2006,,,8.207305,15.483671,35.91377
TLS,2007,,,8.598266,15.570662,34.247673
TLS,2008,,,8.995404,15.65486,32.58539
TLS,2009,,,9.398821,15.736396,30.927538
TLS,2010,,,9.808685,15.815241,29.274158
TLS,2011,,,10.2252655,15.891202,27.624796
TLS,2012,,,10.648649,15.96441,25.980026
TLS,2013,,,11.079009,16.034851,24.339893
TLS,2014,,,11.516585,16.102396,22.70421
TLS,2015,,,11.961566,16.167017,21.073044
TLS,2016,,,12.414145,16.228682,19.446459
TLS,2017,,,12.874443,16.28746,17.82473
TLS,2018,,,13.342804,16.34311,16.2075
TLS,2019,,,13.819357,16.3957,14.59505
TLS,2020,,,14.304398,16.445078,12.987261
TLS,2021,,,14.797955,16.24753,11.62849
TLS,2022,,,15.300425,15.956281,10.364942
,2000,34.581123,23.819778,6.1564946,15.566199,19.876406
,2001,35.046806,24.141321,6.2412004,15.232711,19.337961
,2002,35.47563,24.54276,6.3100433,14.905196,18.766367
,2003,35.91479,24.964853,6.3833675,14.602571,18.134418
,2004,36.78834,25.013706,6.455859,14.265218,17.476873
,2005,37.576527,25.28835,6.4825673,13.974804,16.677753
,2006,38.51768,25.446434,6.4977403,13.674011,15.864134
,2007,39.634613,25.455326,6.4860296,13.335889,15.0881405
,2008,40.698437,25.514477,6.4982085,13.118655,14.170222
,2009,41.685623,25.59915,6.515425,12.822767,13.377033
,2010,42.6153,25.725044,6.5357776,12.528003,12.595878
,2011,43.506,25.862335,6.556124,12.251553,11.823985
,2012,44.370388,26.015316,6.5702786,11.97818,11.065837
,2013,45.252293,26.173197,6.5770354,11.688694,10.308781
,2014,46.168747,26.288898,6.580678,11.4014,9.560275
,2015,47.155655,26.329567,6.58726,11.107508,8.82001
,2016,48.14379,26.361612,6.58665,10.817091,8.090855
,2017,49.054115,26.359728,6.5779643,8.189472,9.81872
,2018,49.946587,26.332706,6.5822835,8.298477,8.839945
,2019,50.83452,26.26031,6.6245427,8.399822,7.880808
,2020,51.645134,26.18964,6.6899686,8.520113,6.9551463
,2021,54.381306,27.369705,6.535551,6.541344,5.172094
,2022,54.943924,27.402828,6.6555595,6.5076437,4.4900427
,2000,25.830263,34.55742,5.0185847,27.405611,7.18812
,2001,26.307966,34.89741,5.0257826,26.81027,6.95857
,2002,27.042719,36.00864,5.0961823,25.222952,6.629506
,2003,28.543415,36.205795,5.1309247,23.80768,6.3121867
,2004,30.105793,36.325596,5.153375,22.418802,5.9964337
,2005,31.75134,36.348034,5.1591635,21.059717,5.681743
,2006,33.459686,36.281994,5.152742,19.730867,5.3747077
,2007,35.26667,36.1293,5.1054163,18.427454,5.071161
,2008,37.12941,35.90445,5.0455894,17.150505,4.770046
,2009,39.044594,35.60926,4.974007,15.901395,4.4707446
,2010,41.024124,35.23157,4.8901405,14.678921,4.175244
,2011,43.058582,34.771587,4.793179,13.490249,3.8864024
,2012,45.144657,34.240196,4.6836467,12.330827,3.6006727
,2013,47.285656,33.63748,4.5620694,11.195903,3.3188925
,2014,49.49048,32.955082,4.4288244,10.085175,3.040443
,2015,51.748466,32.202583,4.2846537,8.998507,2.765787
,2016,54.055393,31.383503,4.1299114,7.936233,2.4949596
,2017,56.408306,30.500418,3.9638817,6.8051248,2.3222692
,2018,58.795483,29.564417,3.7873054,5.8039417,2.0488544
,2019,61.21293,28.575426,3.6011872,4.82797,1.7824886
,2020,62.24531,28.940487,3.408129,3.8784893,1.527581
,2021,63.244865,29.320715,3.2058523,2.9490607,1.279507
,2022,64.20976,29.605272,3.093223,2.026569,1.0651731
ECU,2000,39.98257,30.294415,10.072625,6.4810095,13.169382
ECU,2001,40.021774,31.184092,10.204439,6.123891,12.465806
ECU,2002,40.061096,32.020443,10.323843,5.7850676,11.809551
ECU,2003,40.10226,32.821148,10.435127,5.457917,11.183546
ECU,2004,40.1388,33.621853,10.545952,5.132241,10.561156
ECU,2005,40.30219,34.56184,10.385295,4.808111,9.942565
ECU,2006,40.460117,35.507378,10.219238,4.485521,9.327745
ECU,2007,40.612335,36.459095,10.047902,4.164326,8.71634
ECU,2008,40.75905,37.416416,9.871195,3.8446548,8.108686
ECU,2009,40.90024,38.379356,9.689137,3.5265045,7.50476
ECU,2010,41.035763,39.348248,9.501788,3.2098074,6.9043927
ECU,2011,41.1712,40.31263,9.308046,2.8961563,6.311967
ECU,2012,41.305885,41.275414,9.1086,2.5847478,5.7253532
ECU,2013,41.436104,42.243965,8.90433,2.27436,5.1412416
ECU,2014,41.56202,43.217995,8.695225,1.9650297,4.559732
ECU,2015,41.68323,44.198143,8.481336,1.6566769,3.9806142
ECU,2016,41.800114,45.183796,8.2626295,1.3493805,3.4040804
ECU,2017,41.912445,46.17529,8.039136,1.0430996,2.83003
ECU,2018,41.95504,47.175602,7.805422,0.7481452,2.3157914
ECU,2019,41.90062,48.10262,7.5532146,0.5503176,1.8932271
ECU,2020,41.85848,49.015648,7.2979302,0.35412258,1.4738213
ECU,2021,41.804535,49.938156,7.0394177,0.15980303,1.0580882
ECU,2022,41.591995,50.680504,7.081528,2.5961236e-15,0.6459709
EGY,2000,54.030838,37.200863,5.9944115,0.99210465,1.7817822
EGY,2001,54.013226,37.5315,5.778578,0.9956519,1.681041
EGY,2002,53.99485,37.863247,5.5623217,0.99918586,1.5803928
EGY,2003,53.97572,38.196102,5.3456454,1.0026934,1.4798379
EGY,2004,54.723106,37.762794,5.1285486,1.0061777,1.379376
EGY,2005,55.47312,37.327206,4.911032,1.0096359,1.2790076
EGY,2006,56.225758,36.889336,4.6930966,1.0130779,1.178732
EGY,2007,56.97435,36.453617,4.4760013,1.0171127,1.0789208
EGY,2008,57.722065,36.017887,4.259213,1.021517,0.9793209
EGY,2009,58.473248,35.57924,4.041924,1.0259191,0.87967336
EGY,2010,59.22759,35.13788,3.8241937,1.0303476,0.77999336
EGY,2011,59.985394,34.693607,3.6059632,1.0347687,0.6802679
EGY,2012,60.74176,34.24957,3.3882647,1.0397646,0.58064353
EGY,2013,61.501953,33.802334,3.1700373,1.0447704,0.4809069
EGY,2014,62.265713,33.352074,2.951337,1.049812,0.38106492
EGY,2015,63.03318,32.89869,2.732135,1.0548815,0.2811136
EGY,2016,63.80447,32.44211,2.512403,1.0599656,0.18105297
EGY,2017,64.582275,31.980713,2.2914796,1.064617,0.08091289
EGY,2018,65.40683,31.474174,2.0693986,1.0068111,0.042789564
EGY,2019,66.27778,30.922781,1.8461689,0.9284581,0.024814738
EGY,2020,67.15456,30.367008,1.6218275,0.84978914,0.006822312
EGY,2021,67.162125,30.362524,1.6198406,0.8486741,0.00683491
EGY,2022,67.17219,30.356562,1.6171999,0.8471985,0.006851653
SLV,2000,,,8.520912,1.3999072,9.510572
SLV,2001,,,8.52848,1.3912083,9.419051
SLV,2002,,,8.536019,1.3825428,9.327863
SLV,2003,,,8.759617,1.3503898,8.757236
SLV,2004,,,8.981554,1.318368,8.195524
SLV,2005,,,9.201672,1.2865341,7.643271
SLV,2006,,,9.419847,1.2548356,7.099956
SLV,2007,,,9.635183,1.2225147,6.5592422
SLV,2008,,,9.840978,1.1855141,5.990618
SLV,2009,,,10.0400915,1.1488671,5.4377995
SLV,2010,,,10.232375,1.11256,4.900291
SLV,2011,,,10.417676,1.0765567,4.37776
SLV,2012,,,10.595962,1.0408998,3.8701625
SLV,2013,,,10.76726,1.0056018,3.3773878
SLV,2014,,,10.93142,0.9706331,2.8989854
SLV,2015,,,11.088447,0.9360087,2.434752
SLV,2016,,,11.23926,0.90191275,1.9850963
SLV,2017,,,11.384272,0.8683617,1.5495081
SLV,2018,,,11.5237055,0.8353317,1.1273015
SLV,2019,,,11.657771,0.7385188,0.7821039
SLV,2020,,,11.786771,0.5854879,0.5057554
SLV,2021,,,11.908552,0.4568351,0.24310662
SLV,2022,,,12.015859,0.43135765,0
GNQ,2000,,,7.635243,26.89432,10.679904
GNQ,2001,,,7.814117,26.395082,10.013834
GNQ,2002,,,7.99205,25.902555,9.358392
GNQ,2003,,,8.168606,25.418242,8.713917
GNQ,2004,,,8.343737,24.94229,8.080384
GNQ,2005,,,8.516859,24.476654,7.4581103
GNQ,2006,,,8.688148,24.020695,6.8468213
GNQ,2007,,,8.8573,23.575373,6.246547
GNQ,2008,,,9.024228,23.140919,5.657138
GNQ,2009,,,9.188532,22.718594,5.0785565
GNQ,2010,,,9.350291,22.308025,4.5104904
GNQ,2011,,,9.509377,21.90955,3.952704
GNQ,2012,,,9.665713,21.523304,3.4049127
GNQ,2013,,,9.771402,21.30474,2.876914
GNQ,2014,,,9.799122,21.21471,2.8710566
GNQ,2015,,,9.826533,21.12568,2.8652644
GNQ,2016,,,9.853378,21.038488,2.8595917
GNQ,2017,,,9.879503,20.953632,2.8540714
ERI,2000,,,7.619402,1.3663576,82.72894
ERI,2001,,,7.8223677,2.0458193,81.49133
ERI,2002,,,8.020034,2.7480426,80.24563
ERI,2003,,,8.211842,3.473598,78.99248
ERI,2004,,,8.397502,4.2231226,77.731926
ERI,2005,,,8.576244,4.9970284,76.465195
ERI,2006,,,8.748278,5.7961197,75.191185
ERI,2007,,,8.91263,6.6206264,73.91167
ERI,2008,,,9.069726,7.4715023,72.625
ERI,2009,,,9.1296215,8.28417,71.56417
ERI,2010,,,9.183891,9.1121645,70.502
ERI,2011,,,9.2326565,9.955849,69.43796
ERI,2012,,,9.275612,10.815263,68.37261
ERI,2013,,,9.396351,10.933168,68.03421
ERI,2014,,,9.517887,11.051853,67.69358
ERI,2015,,,9.640416,11.171515,67.35016
ERI,2016,,,9.763941,11.292148,67.003944
EST,2000,91.670235,8.012971,0,0.31679282,0
EST,2001,91.54687,8.140141,0,0.31299603,0
EST,2002,91.42045,8.268904,0.001601051,0.30904597,0
EST,2003,91.25463,8.396028,0.044385172,0.3049538,0
EST,2004,91.170135,8.425302,0.10385421,0.30070642,0
EST,2005,91.084305,8.456092,0.16329464,0.2963078,0
EST,2006,90.99701,8.488526,0.22270656,0.29175714,0
EST,2007,90.90836,8.522495,0.28209013,0.28705233,0
EST,2008,90.81836,8.557999,0.34144562,0.28219578,0
EST,2009,90.727005,8.5950365,0.4007733,0.27718195,0
EST,2010,90.63414,8.633767,0.4600727,0.27201736,0
EST,2011,90.53991,8.674048,0.5193445,0.2666983,0
EST,2012,90.46796,8.692328,0.57871723,0.26099747,0
EST,2013,90.42113,8.685468,0.6382414,0.25516492,0
EST,2014,90.376305,8.676379,0.6978029,0.24951252,0
EST,2015,90.38788,8.670094,0.697997,0.24403271,0
EST,2016,90.40167,8.661401,0.69819,0.23873284,0
EST,2017,90.419136,8.648852,0.6983898,0.23362237,0
EST,2018,90.44083,8.631861,0.6985988,0.22871724,0
EST,2019,90.41254,8.664623,0.69881576,0.22402585,0
EST,2020,90.41972,8.661027,0.69903535,0.22021295,0
EST,2021,90.41785,8.652684,0.69917804,0.23029235,0
EST,2022,90.42082,8.6394005,0.6993295,0.24044995,0
SWZ,2000,,,21.950325,6.4409375,22.878471
SWZ,2001,,,22.2042,6.7387605,21.8072
SWZ,2002,,,22.250174,7.0373826,20.732098
SWZ,2003,,,22.281237,7.3367963,19.653206
SWZ,2004,,,22.297197,7.6370335,18.571001
SWZ,2005,,,22.298239,7.938025,17.48483
SWZ,2006,,,22.284157,8.23981,16.395159
SWZ,2007,,,22.260204,8.540782,15.293761
SWZ,2008,,,22.258785,8.83114,14.142275
SWZ,2009,,,22.2497,9.120115,12.996553
SWZ,2010,,,22.233086,9.407693,11.856638
SWZ,2011,,,22.209234,9.69382,10.722451
SWZ,2012,,,22.166027,9.9821205,9.601844
SWZ,2013,,,22.114067,10.269442,8.485222
SWZ,2014,,,22.053267,10.555827,7.3727074
SWZ,2015,,,21.983898,10.84122,6.264233
SWZ,2016,,,21.907578,11.125177,5.1594787
SWZ,2017,,,21.824444,11.407689,4.0588107
SWZ,2018,,,21.73507,11.688614,2.9624932
SWZ,2019,,,21.63983,11.967885,1.8708535
SWZ,2020,,,21.687778,13.038884,0.7842208
SWZ,2021,,,21.73775,13.570503,0.23630695
SWZ,2022,,,21.789988,13.562942,0.22683713
ETH,2000,2.156488,0.6374091,3.9338706,17.815123,75.45711
ETH,2001,2.395848,0.69946355,4.0751376,20.169386,72.660164
ETH,2002,2.628727,0.7681136,4.218363,22.516037,69.86876
ETH,2003,2.861281,0.83677125,4.3627806,24.85433,67.08484
ETH,2004,3.1032608,0.9059876,4.4984965,27.18433,64.30792
ETH,2005,3.3419855,0.97445476,4.639509,29.50591,61.53814
ETH,2006,3.577616,1.0422165,4.7860265,31.819033,58.77511
ETH,2007,3.811943,1.1096896,4.9419928,34.124557,56.011818
ETH,2008,4.063624,1.1811942,5.149755,36.429096,53.17633
ETH,2009,4.312991,1.2523141,5.363656,38.71622,50.35482
ETH,2010,4.5605,1.3231732,5.584377,40.985546,47.546406
ETH,2011,4.806023,1.3937609,5.8112607,43.2365,44.752457
ETH,2012,5.04991,1.4641798,6.0447135,45.468525,41.97267
ETH,2013,5.289333,1.5345575,6.2795496,47.682228,39.214333
ETH,2014,5.5271206,1.6048877,6.5204344,49.876736,36.47082
ETH,2015,5.763272,1.6751827,6.7669654,52.051624,33.742958
ETH,2016,5.998034,1.7455168,7.0192666,54.2063,31.030884
ETH,2017,6.2312856,1.8158717,7.276665,56.340523,28.335655
ETH,2018,6.4635344,1.8863889,7.5398026,58.453373,25.6569
ETH,2019,6.69492,1.957119,7.808521,60.54425,22.99519
ETH,2020,6.925458,2.0280797,8.0823965,62.61277,20.351295
ETH,2021,7.155423,2.0993571,8.361522,64.65816,17.72554
ETH,2022,7.219802,2.1164143,8.487763,64.54086,17.635155
,2000,69.72235,23.51792,1.3256303,5.3034353,0.13066502
,2001,69.67287,23.348864,1.2959592,5.5550356,0.1272742
,2002,69.86973,23.334812,1.2945527,5.379003,0.12190353
,2003,70.072136,23.321299,1.2937571,5.196541,0.11626957
,2004,70.42894,23.163584,1.2836317,5.013225,0.11061496
,2005,70.786156,23.015892,1.2628863,4.830159,0.10490685
,2006,71.110435,22.917025,1.2428882,4.6305923,0.09906092
,2007,71.46397,22.789656,1.2207756,4.4322705,0.09333163
,2008,71.82133,22.655392,1.1978558,4.2378306,0.087596156
,2009,72.30375,22.391127,1.1746252,4.0484757,0.082020715
,2010,72.81494,22.095537,1.1511459,3.8614948,0.076883465
,2011,73.336365,21.787317,1.126911,3.6771,0.072308764
,2012,73.851494,21.481688,1.102037,3.4969776,0.06780199
,2013,74.36772,21.173351,1.0765277,3.3192687,0.063129656
,2014,74.874245,20.865633,1.0575513,3.1442978,0.058271088
,2015,75.38551,20.55376,1.0381604,2.969633,0.052933685
,2016,75.88386,20.23402,1.0182756,2.8151362,0.04871137
,2017,76.426926,19.85618,0.99840903,2.6738553,0.044629827
,2018,76.94208,19.4927,0.9784998,2.5464337,0.040287122
,2019,77.35383,19.231808,0.95812404,2.4193788,0.036862373
,2020,77.64837,19.025587,0.9335946,2.345366,0.047086254
,2021,77.95278,18.800755,0.9285288,2.2737865,0.044147436
,2022,78.286964,18.543304,0.9099375,2.2167614,0.04303023
,2000,78.17334,17.751554,0.7608129,3.2977111,0.01658426
,2001,78.20931,17.521883,0.73130447,3.522385,0.015118349
,2002,78.41499,17.4127,0.7297741,3.4287004,0.013831875
,2003,78.64791,17.27842,0.7292448,3.331873,0.012554647
,2004,78.92763,17.104406,0.72187626,3.2347972,0.011290409
,2005,79.20626,16.93267,0.71270233,3.1383474,0.010015537
,2006,79.4423,16.813871,0.7050047,3.0299587,0.008869224
,2007,79.71403,16.65738,0.6959264,2.9250143,0.007653427
,2008,79.98417,16.498919,0.6868443,2.8235946,0.006472106
,2009,80.35322,16.237005,0.67790717,2.7265394,0.00533294
,2010,80.75088,15.943977,0.6692149,2.6314454,0.004487057
,2011,81.14506,15.645988,0.6604123,2.5447493,0.003794332
,2012,81.52814,15.355786,0.65162486,2.4612412,0.003207116
,2013,81.906136,15.068322,0.64292675,2.3799767,0.002637924
,2014,82.264946,14.797086,0.6343242,2.3015552,0.002087607
,2015,82.60736,14.542995,0.625781,2.2221215,0.001737766
,2016,82.94154,14.296464,0.6172548,2.1431713,0.001569734
,2017,83.29943,14.016275,0.60865986,2.0742314,0.001405659
,2018,83.62303,13.760363,0.60011494,2.0153024,0.001184746
,2019,83.85152,13.599279,0.59126747,1.95685,0.001083243
,2020,83.96759,13.5335245,0.5869321,1.9109222,0.001034262
,2021,84.08797,13.463347,0.58387417,1.8638245,0.000987668
,2022,84.23759,13.368594,0.56712276,1.8256735,0.001021591
FLK,2000,,,0,0,0
FLK,2001,,,0,0,0
FLK,2002,,,0,0,0
FLK,2003,,,0,0,0
FLK,2004,,,0,0,0
FLK,2005,,,0,0,0
FLK,2006,,,0,0,0
FLK,2007,,,0,0,0
FLK,2008,,,0,1.1906047e-07,0
FLK,2009,,,0,2.238672e-07,0
FLK,2010,,,0,7.3313527e-07,0
FLK,2011,,,0,1.5018493e-06,0
FLK,2012,,,0,0,0
FLK,2013,,,0,2.9253815e-07,0
FLK,2014,,,0,0,0
FLK,2015,,,0,1.9728298e-06,0
FLK,2016,,,0,0,0
FLK,2017,,,0,0,0
FLK,2018,,,0,0,0
FLK,2019,,,0,5.783739e-07,0
FLK,2020,,,0,2.1506667e-06,0
FLK,2021,,,0,1.6215504e-06,0
FLK,2022,,,0,0,0
FRO,2007,,,0,9.116525,0
FRO,2008,,,0,9.116525,0
FRO,2009,,,0,9.116525,0
FRO,2010,,,0,9.116525,0
FRO,2011,,,0,9.116525,0
FRO,2012,,,0,9.116525,0
FRO,2013,,,0,9.116525,0
FRO,2014,,,0,9.116525,0
FRO,2015,,,0,9.116525,0
FJI,2000,42.906708,44.683872,1.8642905,10.033712,0.51141816
FJI,2001,42.898014,44.747192,1.862647,9.983977,0.50816816
FJI,2002,42.88932,44.810513,1.8610035,9.934244,0.50491816
FJI,2003,43.44612,44.891163,1.8734275,9.311796,0.47749183
FJI,2004,43.99712,44.971825,1.885683,8.69497,0.45040527
FJI,2005,44.542427,45.05201,1.897784,8.084099,0.42368066
FJI,2006,44.950703,44.998642,2.174508,7.4788513,0.39729583
FJI,2007,45.3501,44.944515,2.4547951,6.8793297,0.37125823
FJI,2008,45.73431,44.904835,2.7382636,6.2775664,0.34502622
FJI,2009,46.106647,44.86786,3.0252001,5.681188,0.31910667
FJI,2010,46.46844,44.830082,3.3156312,5.092212,0.29363462
FJI,2011,46.819912,44.791187,3.6095028,4.510777,0.26862007
FJI,2012,47.160946,44.751495,3.9067488,3.9367554,0.24405396
FJI,2013,47.49199,44.710384,4.2073183,3.3703554,0.2199513
FJI,2014,47.812836,44.668324,4.511143,2.8113964,0.1962992
FJI,2015,48.123547,44.625317,4.818164,2.2598734,0.1730976
FJI,2016,48.4243,44.58121,5.1283216,1.7158166,0.15034863
FJI,2017,48.71531,44.535862,5.4415584,1.1792164,0.12805265
FJI,2018,48.996536,44.489426,5.757812,0.6500203,0.10620577
FJI,2019,49.268486,44.441456,6.077028,0.12822205,0.084809005
FJI,2020,49.23889,44.382668,6.3784404,3.182983e-07,0
FJI,2021,49.016064,44.3168,6.667137,1.5842828e-06,0
FJI,2022,48.79404,44.249702,6.9562564,9.452983e-07,0
FIN,2000,86.482155,12.966046,0.55176663,3.130296e-05,0
FIN,2001,86.642525,12.805661,0.5517794,3.4998717e-05,0
FIN,2002,86.802895,12.645279,0.5517887,3.475174e-05,0
FIN,2003,86.96327,12.4849,0.55179805,3.1936e-05,0
FIN,2004,87.12364,12.324516,0.5518072,3.3162032e-05,0
FIN,2005,87.28401,12.164133,0.5518164,3.52482e-05,0
FIN,2006,87.44439,12.00375,0.5518255,3.7312027e-05,0
FIN,2007,87.60476,11.843369,0.5518345,3.5973015e-05,0
FIN,2008,87.76513,11.682983,0.5518435,4.225612e-05,0
FIN,2009,87.92551,11.522602,0.5518525,4.131183e-05,0
FIN,2010,88.08586,11.362217,0.551876,4.386031e-05,0
FIN,2011,88.24621,11.201834,0.55191344,4.1936695e-05,0
FIN,2012,88.40656,11.041451,0.5519499,3.710487e-05,0
FIN,2013,88.566925,10.881067,0.55196947,3.951608e-05,0
FIN,2014,88.7273,10.720687,0.5519729,3.930978e-05,0
FIN,2015,88.88768,10.560305,0.5519764,4.127704e-05,0
FIN,2016,89.04805,10.39992,0.5519798,4.6571284e-05,0
FIN,2017,89.208435,10.239544,0.55198324,4.030454e-05,0
FIN,2018,89.368805,10.079159,0.5519872,4.6869176e-05,0
FIN,2019,89.52918,9.918779,0.5519916,4.335427e-05,0
FIN,2020,89.68956,9.758397,0.55199647,4.5692846e-05,0
FIN,2021,89.84994,9.598018,0.5520019,4.4367232e-05,0
FIN,2022,90.010315,9.437635,0.5520078,4.514795e-05,0
FRA,2000,88.83075,9.832279,1.3369718,1.4515571e-06,0
FRA,2001,88.84921,9.813045,1.3377452,0,0
FRA,2002,88.86768,9.793807,1.3385096,3.065904e-06,0
FRA,2003,88.86521,9.795519,1.3392708,4.708826e-07,0
FRA,2004,88.86272,9.797255,1.3400292,0,0
FRA,2005,88.860214,9.799015,1.3407755,0,0
FRA,2006,88.85768,9.800799,1.3415216,0,0
FRA,2007,88.85513,9.8026085,1.3422588,0,0
FRA,2008,88.852554,9.804441,1.3430051,0,0
FRA,2009,88.849945,9.806298,1.3437573,0,0
FRA,2010,88.847305,9.808176,1.3445185,2.5147303e-06,0
FRA,2011,88.844635,9.810081,1.345283,6.7204013e-07,0
FRA,2012,88.921425,9.732514,1.3460563,1.5235705e-06,0
FRA,2013,88.99779,9.655381,1.3468329,0,0
FRA,2014,89.07371,9.578677,1.3476152,2.7397843e-06,0
FRA,2015,89.14919,9.502409,1.3484038,0,0
FRA,2016,89.224236,9.426569,1.3491954,2.5272773e-06,0
FRA,2017,89.29885,9.351165,1.34999,0,0
FRA,2018,89.373024,9.276189,1.3507875,5.9555936e-07,0
FRA,2019,89.44677,9.201649,1.3515881,0,0
FRA,2020,89.52007,9.127537,1.3523917,1.9264678e-06,0
FRA,2021,89.59294,9.05386,1.3531984,0,0
FRA,2022,89.66538,8.980615,1.3540051,0,0
GUF,2001,69.8496,21.767685,0,8.382715,0
GUF,2002,69.8496,21.767685,0,8.382715,0
GUF,2003,69.8496,21.767685,0,8.382715,0
GUF,2004,69.8496,21.767685,0,8.382715,0
GUF,2005,69.8496,21.767685,0,8.382715,0
GUF,2006,70.172775,21.563984,0,8.263238,0
GUF,2007,70.49596,21.360283,0,8.14376,0
GUF,2008,70.81914,21.156582,0,8.024282,0
GUF,2009,71.14231,20.95288,0,7.904804,0
GUF,2010,71.46549,20.74918,0,7.785326,0
GUF,2011,71.78867,20.545479,0,7.6658483,0
GUF,2012,72.111855,20.34178,0,7.5463705,0
GUF,2013,72.43503,20.138079,0,7.4268923,0
GUF,2014,72.75821,19.934378,0,7.3074145,0
GUF,2015,73.08139,19.730677,0,7.187937,0
GUF,2016,73.404564,19.526976,0,7.068459,0
GUF,2017,73.727745,19.323275,0,6.948981,0
GUF,2018,74.05093,19.119574,0,6.829503,0
GUF,2019,74.3741,18.915873,0,6.7100253,0
GUF,2020,74.69728,18.712172,0,6.590547,0
GUF,2021,75.02046,18.50847,0,6.4710693,0
GUF,2022,75.02046,18.50847,0,6.4710693,0
PYF,2000,,,0,0.2731119,1.6246369
PYF,2001,,,0,0.4392563,1.5163277
PYF,2002,,,0,0.6054007,1.4080187
PYF,2003,,,0,0.7715451,1.2997096
PYF,2004,,,0,0.9376895,1.1914004
PYF,2005,,,0,1.1038339,1.0830913
PYF,2006,,,0,1.2699783,0.97478217
PYF,2007,,,0,1.4361227,0.866473
PYF,2008,,,0,1.602267,0.75816387
PYF,2009,,,0,1.7684115,0.6498548
PYF,2010,,,0,1.9345559,0.5415456
PYF,2011,,,0,2.1007004,0.4332365
PYF,2012,,,0,2.2668447,0.3249274
PYF,2013,,,0,2.4329891,0.21661825
PYF,2014,,,0,2.5991335,0.10830913
PYF,2015,,,0,2.7652779,0
PYF,2016,,,0,2.8231132,0
PYF,2017,,,0,2.8809483,0
PYF,2018,,,0,2.9387836,0
PYF,2019,,,0,2.996619,0
PYF,2020,,,0,2.996619,0
PYF,2021,,,0,2.996619,0
PYF,2022,,,0,2.996619,0
GAB,2000,,,35.028755,28.803308,2.1865134
GAB,2001,,,34.57487,28.31869,2.169234
GAB,2002,,,34.112278,27.830973,2.1530194
GAB,2003,,,33.64063,27.340569,2.13787
GAB,2004,,,33.1597,26.84774,2.123762
GAB,2005,,,32.66914,26.352932,2.1106932
GAB,2006,,,32.169037,25.856016,2.098594
GAB,2007,,,31.659061,25.357435,2.0874631
GAB,2008,,,31.139317,24.857052,2.077233
GAB,2009,,,30.609211,24.355698,2.067946
GAB,2010,,,30.069008,23.853018,2.0595136
GAB,2011,,,29.518414,23.349457,2.0519345
GAB,2012,,,28.957573,22.844822,2.0451462
GAB,2013,,,28.385927,22.339987,2.0391865
GAB,2014,,,27.802347,21.836777,2.0341647
GAB,2015,,,28.014734,21.335762,2.0300674
GAB,2016,,,28.224714,20.836838,2.0268233
GAB,2017,,,28.43247,20.339855,2.0243657
GAB,2018,,,28.638042,19.844881,2.0226476
GAB,2019,,,28.841326,19.352207,2.0216413
GAB,2020,,,28.894056,19.26051,2.0212688
GAB,2021,,,28.94378,19.173445,2.0215058
GAB,2022,,,28.99065,19.090803,2.0223122
GMB,2000,43.242573,7.8201337,34.801147,8.693462,5.442684
GMB,2001,42.036366,7.8776093,34.55054,10.420996,5.114486
GMB,2002,40.853184,7.9347677,34.30345,12.114885,4.7937093
GMB,2003,39.73583,7.988486,34.01449,13.778092,4.4831033
GMB,2004,38.670227,8.0252,33.692177,15.422985,4.1894135
GMB,2005,38.077393,8.500949,32.47896,17.04085,3.9018507
GMB,2006,37.489872,8.9963875,31.261595,18.631742,3.6204023
GMB,2007,36.906696,9.511831,30.040693,20.195724,3.3450553
GMB,2008,36.32675,10.047746,28.817087,21.732672,3.0757446
GMB,2009,35.749664,10.603827,27.590485,23.243359,2.8126671
GMB,2010,35.173958,11.180818,26.362217,24.727371,2.5556371
GMB,2011,34.59887,11.778669,25.132505,26.185228,2.3047252
GMB,2012,34.02319,12.398014,23.902382,27.616596,2.0598197
GMB,2013,33.44626,13.038177,22.671629,29.022863,1.8210717
GMB,2014,32.866913,13.699115,21.440884,30.404655,1.5884353
GMB,2015,32.28393,14.380744,20.210814,31.762663,1.361848
GMB,2016,31.696053,15.082711,18.982008,33.097977,1.1412507
GMB,2017,31.101936,15.80528,17.755472,34.41081,0.92650384
GMB,2018,30.500277,16.548254,16.531946,35.702015,0.71750736
GMB,2019,29.889767,17.311644,15.312295,36.97216,0.51413727
GMB,2020,29.269127,18.09545,14.097363,38.22179,0.3162697
GMB,2021,28.633987,18.90243,12.887915,39.45189,0.12378
GMB,2022,27.986057,19.729935,11.684856,40.533722,0.06543081
GEO,2000,42.61429,47.424614,2.8333008,6.2102103,0.9175863
GEO,2001,41.972595,47.705463,2.8199403,6.579766,0.92223597
GEO,2002,41.18489,48.150173,2.8175411,6.9791875,0.8682073
GEO,2003,40.286274,48.734123,2.828585,7.3426476,0.80837125
GEO,2004,39.423504,49.396572,2.7301679,7.700212,0.7495478
GEO,2005,38.558765,50.06685,2.63075,8.052028,0.69160944
GEO,2006,37.691784,50.745323,2.5303679,8.397986,0.6345391
GEO,2007,36.822514,51.432034,2.4290192,8.738098,0.57833666
GEO,2008,35.951176,52.12664,2.3266706,9.072501,0.5230137
GEO,2009,35.07774,52.82915,2.2233245,9.401216,0.4685668
GEO,2010,34.201923,53.539978,2.119011,9.724106,0.41498342
GEO,2011,33.323944,54.258743,2.0137012,10.041339,0.3622717
GEO,2012,32.44351,54.985874,1.9074228,10.352772,0.3104211
GEO,2013,31.561104,55.720577,1.8001269,10.658749,0.25944364
GEO,2014,30.647446,56.492416,1.6918638,10.958952,0.2093229
GEO,2015,29.729855,57.2739,1.5826111,11.253574,0.16006257
GEO,2016,28.805948,58.069042,1.4725343,11.540839,0.11163626
GEO,2017,27.876421,58.87679,1.3615433,11.821171,0.06407519
GEO,2018,26.940672,59.698242,1.2496408,12.094049,0.017395562
GEO,2019,25.99887,60.533207,1.1367776,12.328415,0.002728814
GEO,2020,25.117428,61.315628,1.0229335,12.541091,0.002917874
GEO,2021,24.552507,61.78908,0.9080522,12.74725,0.003109561
GEO,2022,24.077852,62.180164,0.7921151,12.946563,0.003303973
DEU,2000,95.87851,3.339605,0.7818896,0,0
DEU,2001,95.89283,3.3258972,0.78127116,0,0
DEU,2002,95.90709,3.3122559,0.7806556,1.4964376e-06,0
DEU,2003,95.92127,3.2986815,0.7800432,0,0
DEU,2004,95.990204,3.2303634,0.7794337,1.3843313e-06,0
DEU,2005,96.05909,3.1620884,0.7788273,0,0
DEU,2006,96.12785,3.0939233,0.7782269,0,0
DEU,2007,96.19664,3.025734,0.7776265,0,0
DEU,2008,96.26531,2.9576552,0.77703214,1.88537e-06,0
DEU,2009,96.33394,2.8896203,0.77644086,0,0
DEU,2010,96.40252,2.8216286,0.7758525,1.9213013e-07,0
DEU,2011,96.471054,2.753681,0.7752671,1.285718e-06,0
DEU,2012,96.52665,2.6981132,0.77523696,6.7063735e-07,0
DEU,2013,96.582245,2.6425445,0.7752068,1.415575e-06,0
DEU,2014,96.63785,2.5869746,0.77517664,0,0
DEU,2015,96.69345,2.531403,0.7751465,1.6943711e-06,0
DEU,2016,96.750046,2.474884,0.77507406,0,0
DEU,2017,96.807556,2.4174812,0.7749624,1.153564e-06,0
DEU,2018,96.866066,2.3591254,0.7748086,0,0
DEU,2019,96.8706,2.354788,0.77461547,4.5100225e-07,0
DEU,2020,96.876045,2.34957,0.7743832,0,0
DEU,2021,96.88249,2.343403,0.7741086,0,0
DEU,2022,96.88985,2.3363547,0.77379483,1.4431178e-06,0
GHA,2000,3.6086273,2.6371052,50.68714,22.17809,20.889038
GHA,2001,3.6665802,2.6819487,51.38651,21.55563,20.709333
GHA,2002,4.216003,3.0165124,51.299343,20.937841,20.530298
GHA,2003,4.7721453,3.3642478,51.18691,20.32476,20.351938
GHA,2004,5.334496,3.7254493,51.04978,19.716244,20.17403
GHA,2005,5.9019976,4.1004434,50.88713,19.112944,19.997486
GHA,2006,6.473387,4.490467,50.700123,18.514395,19.82163
GHA,2007,7.048961,4.8947906,50.48879,17.920769,19.64669
GHA,2008,7.6281843,5.313616,50.253452,17.33208,19.472668
GHA,2009,8.210456,5.7468715,49.993683,16.748755,19.300236
GHA,2010,8.7953415,6.1951003,49.710827,16.170233,19.128498
GHA,2011,9.382249,6.658215,49.40448,15.596928,18.95813
GHA,2012,9.970653,7.136282,49.07477,15.028953,18.789343
GHA,2013,10.560037,7.6292276,48.72161,14.466551,18.622572
GHA,2014,11.149931,8.137175,48.345417,13.909665,18.457811
GHA,2015,11.739869,8.660238,47.946587,13.358259,18.295046
GHA,2016,12.329393,9.198537,47.52552,12.812281,18.134268
GHA,2017,12.918062,9.752047,47.082405,12.271801,17.975685
GHA,2018,13.505446,10.320861,46.617645,11.736762,17.819284
GHA,2019,14.091147,10.904925,46.131454,11.207209,17.665264
GHA,2020,14.674738,11.504461,45.62442,10.68298,17.5134
GHA,2021,15.25585,12.119393,45.09676,10.164106,17.363892
GHA,2022,15.834102,12.749785,44.54886,9.650535,17.21672
GIB,2000,,,0,0,0
GIB,2001,,,0,0,0
GIB,2002,,,0,0,0
GIB,2003,,,0,0,0
GIB,2004,,,0,0,0
GIB,2005,,,0,0,0
GIB,2006,,,0,0,0
GIB,2007,,,0,0,0
GIB,2008,,,0,0,0
GIB,2009,,,0,0,0
GIB,2010,,,0,0,0
GIB,2011,,,0,0,0
GIB,2012,,,0,0,0
GIB,2013,,,0,0,0
GIB,2014,,,0,0,0
GIB,2015,,,0,0,0
GIB,2016,,,0,0,0
GIB,2017,,,0,0,0
GIB,2018,,,0,0,0
GIB,2019,,,0,0,0
GIB,2020,,,0,0,0
GIB,2021,,,0,0,0
GIB,2022,,,0,0,0
GRC,2000,77.10524,20.508183,1.0609959,0.6734688,0.65211195
GRC,2001,77.764145,19.944462,1.0603377,0.6269818,0.6040773
GRC,2002,78.480194,19.329206,1.0577005,0.5790689,0.55383164
GRC,2003,79.19377,18.714964,1.0550754,0.53169084,0.50449467
GRC,2004,79.9055,18.1012,1.0524423,0.48482883,0.45603013
GRC,2005,80.614494,17.488714,1.0498323,0.43849668,0.40846258
GRC,2006,81.32107,16.877241,1.0472357,0.3926881,0.3617663
GRC,2007,82.02555,16.266518,1.0446424,0.34736753,0.31591985
GRC,2008,82.727936,15.65654,1.0420529,0.302559,0.2709133
GRC,2009,83.42767,15.047848,1.0394883,0.25823924,0.22674882
GRC,2010,84.12508,14.440171,1.0369387,0.2144113,0.18340495
GRC,2011,84.82044,13.833249,1.0343943,0.1710472,0.14086473
GRC,2012,85.51408,13.226808,1.0318444,0.12815878,0.09911549
GRC,2013,86.205414,12.621386,1.0293106,0.08573931,0.058153864
GRC,2014,86.894485,12.016985,1.0267935,0.043771755,0.017966652
GRC,2015,87.63944,11.336531,1.0240306,0,0
GRC,2016,88.38519,10.594412,1.0203986,0,0
GRC,2017,89.12829,9.854904,1.0168092,2.0276118e-06,0
GRC,2018,89.869026,9.117725,1.0132519,3.673611e-08,0
GRC,2019,90.607155,8.383108,1.009737,7.018969e-07,0
GRC,2020,91.34298,7.6507697,1.0062542,0,0
GRC,2021,92.07623,6.920946,1.0028139,4.7681137e-06,0
GRC,2022,92.160355,6.840225,0.9994164,5.077951e-07,0
GRL,2014,0,62.5,0,37.5,0
GRL,2015,0,62.5,0,37.5,0
GRL,2016,0,62.5,0,37.5,0
GRL,2017,0,62.5,0,37.5,0
GRL,2018,0,62.5,0,37.5,0
GRL,2019,0,62.5,0,37.5,0
GRL,2020,0,62.5,0,37.5,0
GRL,2021,0,62.5,0,37.5,0
GRL,2022,0,62.5,0,37.5,0
GRD,2000,,,8.393173,0.003652968,1.8730594
GRD,2001,,,7.7586255,0.21506849,2.00137
GRD,2002,,,7.1282854,0.42648402,2.1296804
GRD,2003,,,6.502153,0.6378995,2.2579908
GRD,2004,,,5.880227,0.84931505,2.3863013
GRD,2005,,,5.262509,1.0607306,2.514612
GRD,2006,,,4.648998,1.2721461,2.6429224
GRD,2007,,,4.039694,1.4835616,2.7712328
GRD,2008,,,3.4345973,1.6949772,2.8995433
GRD,2009,,,2.8337078,1.9063927,3.027854
GRD,2010,,,2.2370257,2.117808,3.1561644
GRD,2011,,,2.229003,2.3292236,3.2844748
GRD,2012,,,2.2209802,2.5406392,3.4127853
GRD,2013,,,2.2129571,2.7520547,3.541096
GRD,2014,,,2.2129571,2.7520547,3.541096
GRD,2015,,,2.2129571,2.7520547,3.541096
GRD,2016,,,2.2129571,2.7520547,3.541096
GRD,2017,,,2.2129571,2.7520547,3.541096
GLP,2001,,,0,3.0138419,0
GLP,2002,,,0,3.0138419,0
GLP,2003,,,0,3.0138419,0
GLP,2004,,,0,3.0138419,0
GLP,2005,,,0,3.0138419,0
GLP,2006,,,0,2.8371398,0
GLP,2007,,,0,2.6604376,0
GLP,2008,,,0,2.4837356,0
GLP,2009,,,0,2.3070333,0
GLP,2010,,,0,2.1303313,0
GLP,2011,,,0,1.953629,0
GLP,2012,,,0,1.7769269,0
GLP,2013,,,0,1.6002247,0
GLP,2014,,,0,1.4235226,0
GLP,2015,,,0,1.2468204,0
GLP,2016,,,0,1.0701183,0
GLP,2017,,,0,0.89341617,0
GLP,2018,,,0,0.71671396,0
GLP,2019,,,0,0.5400118,0
GLP,2020,,,0,0.36330968,0
GLP,2021,,,0,0.18660754,0
GLP,2022,,,0,0.18660754,0
GUM,2000,,,8.684801,2.3416667,0
GUM,2001,,,8.691027,2.2105668,0.0611
GUM,2002,,,8.697251,2.0794666,0.1222
GUM,2003,,,8.703477,1.9483666,0.1833
GUM,2004,,,8.709702,1.8172667,0.2444
GUM,2005,,,8.715927,1.6861666,0.3055
GUM,2006,,,8.722152,1.5550667,0.3666
GUM,2007,,,8.728377,1.4239666,0.4277
GUM,2008,,,8.734602,1.2928667,0.4888
GUM,2009,,,8.740828,1.1617666,0.5499
GUM,2010,,,8.747052,1.0306667,0.611
GUM,2011,,,8.753278,0.89956665,0.6721
GUM,2012,,,8.759502,0.76846665,0.7332
GUM,2013,,,8.765728,0.69846666,0.7332
GUM,2014,,,8.771954,0.62846667,0.7332
GUM,2015,,,8.778178,0.5584667,0.7332
GUM,2016,,,8.784404,0.48846668,0.7332
GUM,2017,,,8.790628,1.1516666,
GUM,2018,,,8.796854,1.0816667,
GUM,2019,,,8.803079,1.0116667,
GUM,2020,,,8.809304,0.94166666,
GUM,2021,,,8.815529,0.87166667,
GUM,2022,,,8.821754,0.8016667,
GTM,2000,,,4.7867007,20.369987,13.510389
GTM,2001,,,5.0525866,20.261955,12.892658
GTM,2002,,,5.3238144,20.154186,12.279948
GTM,2003,,,5.598801,20.05237,11.676219
GTM,2004,,,5.878104,19.954416,11.079568
GTM,2005,,,6.1624756,19.85712,10.487658
GTM,2006,,,6.4518695,19.760256,9.900332
GTM,2007,,,6.7462306,19.663591,9.317465
GTM,2008,,,7.045446,19.567135,8.739079
GTM,2009,,,7.3492756,19.47156,8.16553
GTM,2010,,,7.6577907,19.375967,7.596359
GTM,2011,,,7.9707594,19.28103,7.0318985
GTM,2012,,,8.288154,19.186304,6.4719496
GTM,2013,,,8.610179,19.089361,5.915653
GTM,2014,,,8.936605,18.990229,5.3632865
GTM,2015,,,9.267235,18.888496,4.814997
GTM,2016,,,9.60174,18.784847,4.2712817
GTM,2017,,,9.939905,18.678867,3.7322953
GTM,2018,,,10.28145,18.570585,3.1983392
GTM,2019,,,10.626076,18.460474,2.6697822
GTM,2020,,,10.973512,18.348328,2.146853
GTM,2021,,,11.057962,18.234175,1.6298294
GTM,2022,,,11.141238,18.118044,1.1189889
GIN,2000,,,12.833883,49.276783,28.727026
GIN,2001,,,13.813941,48.62665,27.673117
GIN,2002,,,14.796215,47.96623,26.626114
GIN,2003,,,15.780988,47.29536,25.585705
GIN,2004,,,16.626757,46.614063,24.552307
GIN,2005,,,17.45673,45.92227,23.525963
GIN,2006,,,18.271198,45.219772,22.506395
GIN,2007,,,19.069887,44.506638,21.493988
GIN,2008,,,19.852806,43.78281,20.488777
GIN,2009,,,20.61996,43.048237,19.4908
GIN,2010,,,21.37165,42.302616,18.499844
GIN,2011,,,22.107592,41.5461,17.516232
GIN,2012,,,22.827797,40.778637,16.539997
GIN,2013,,,23.53227,40.000164,15.571187
GIN,2014,,,24.221018,39.21063,14.609838
GIN,2015,,,24.897911,38.405647,13.653488
GIN,2016,,,25.563028,37.58444,12.702696
GIN,2017,,,26.216438,36.74623,11.758015
GIN,2018,,,26.858227,35.89024,10.82
GIN,2019,,,27.488157,35.016098,9.889345
GIN,2020,,,28.10692,34.12223,8.966315
GIN,2021,,,28.714287,33.20825,8.051617
GIN,2022,,,29.310646,32.272907,7.145706
GNB,2004,3.013406,3.5364132,6.1541286,56.584713,30.711338
GNB,2005,3.645374,4.02025,6.8890233,56.145084,29.300266
GNB,2006,4.318731,4.4780245,7.6174607,55.684475,27.90131
GNB,2007,4.9996924,4.9434013,8.338969,55.202534,26.515404
GNB,2008,5.6884317,5.41658,9.053559,54.699203,25.142225
GNB,2009,6.3848853,5.8974724,9.76072,54.174335,23.782587
GNB,2010,7.0894723,6.3865914,10.461008,53.627785,22.435146
GNB,2011,7.8021336,6.883857,11.153918,53.05935,21.100742
GNB,2012,8.523058,7.3895,11.839487,52.46877,19.779184
GNB,2013,9.252264,7.9035344,12.517374,51.85592,18.47091
GNB,2014,9.989944,8.426198,13.187614,51.22049,17.175755
GNB,2015,10.736212,8.957626,13.850061,50.562225,15.893876
GNB,2016,11.49108,9.497823,14.504352,49.881084,14.625661
GNB,2017,12.254659,10.046908,15.150316,49.176903,13.371214
GNB,2018,13.027152,10.605147,15.788004,48.449253,12.130443
GNB,2019,13.808574,11.172532,16.417034,47.69818,10.90368
GNB,2020,14.599034,11.749189,17.037231,46.92351,9.691032
GNB,2021,15.3986435,12.335244,17.648422,46.125084,8.492604
GNB,2022,15.443575,12.400244,17.743803,45.9816,8.430776
GNB,2000,,,4.0151215,55.340405,36.483345
GNB,2001,,,4.48222,55.850483,35.022087
GNB,2002,,,4.95852,56.33012,33.57253
GNB,2003,,,5.443834,56.77863,32.135742
GUY,2000,55.398872,22.73181,8.735503,11.826381,1.3074331
GUY,2001,54.862263,23.768328,8.791989,11.315643,1.2617781
GUY,2002,54.325493,24.8058,8.848566,10.804071,1.2160708
GUY,2003,53.809166,25.813728,8.9044695,10.301222,1.1714147
GUY,2004,53.344795,26.853565,8.876014,9.798716,1.1269106
GUY,2005,52.878395,27.897463,8.848037,9.293854,1.0822531
GUY,2006,52.40982,28.945625,8.820532,8.786588,1.0374352
GUY,2007,51.93926,29.997782,8.793493,8.2769985,0.9924665
GUY,2008,51.46673,31.053902,8.766914,7.765107,0.94734776
GUY,2009,50.992092,32.114174,8.740785,7.2508745,0.90207285
GUY,2010,50.51553,33.178345,8.715102,6.7343707,0.85665035
GUY,2011,50.03706,34.246384,8.689864,6.2156105,0.8110812
GUY,2012,49.521072,35.367027,8.6615925,5.6864085,0.7639003
GUY,2013,49.004078,36.48933,8.63267,5.1572003,0.71671945
GUY,2014,48.48397,37.616108,8.602822,4.6276393,0.66945875
GUY,2015,47.96097,38.74699,8.571973,4.097929,0.62213635
GUY,2016,47.434982,39.882008,8.540003,3.5682473,0.5747586
GUY,2017,46.905922,41.021187,8.506786,3.0387697,0.5273333
GUY,2018,46.37428,42.163788,8.4723015,2.5097437,0.47988737
GUY,2019,45.839676,43.310215,8.436368,1.9813237,0.43241885
GUY,2020,45.302315,44.460114,8.3989105,1.4537172,0.38494515
GUY,2021,44.762245,45.613327,8.359829,0.9271229,0.33747876
GUY,2022,44.219517,46.769688,8.319021,0.4017395,0.29003218
HTI,2000,,,16.56953,29.613768,37.06716
HTI,2001,,,17.443296,29.055878,35.66333
HTI,2002,,,18.313099,28.471027,34.278164
HTI,2003,,,19.176247,27.858744,32.915344
HTI,2004,,,19.852829,27.254755,31.840748
HTI,2005,,,20.499712,26.63909,30.81366
HTI,2006,,,21.13762,26.007988,29.802515
HTI,2007,,,21.765394,25.361504,28.808567
HTI,2008,,,22.383354,24.6993,27.830912
HTI,2009,,,22.989395,24.021845,26.872059
HTI,2010,,,23.58409,23.328747,25.930725
HTI,2011,,,24.166567,22.620121,25.00765
HTI,2012,,,24.736435,21.895924,24.102894
HTI,2013,,,25.292404,21.156599,23.217672
HTI,2014,,,25.834795,20.40179,22.35109
HTI,2015,,,26.36279,19.63177,21.503714
HTI,2016,,,26.873287,18.848434,20.678926
HTI,2017,,,27.365072,18.052889,19.877584
HTI,2018,,,27.83824,17.245413,19.098902
HTI,2019,,,28.292692,16.426424,18.342356
HTI,2020,,,28.469843,16.275156,18.133265
HTI,2021,,,28.64304,16.127266,17.928843
HTI,2022,,,28.81228,15.982755,17.729086
,2000,86.568634,11.821401,0.5224604,1.0019757,0.08553115
,2001,86.55974,11.597494,0.49819857,1.2632031,0.0813626
,2002,86.6984,11.50707,0.4999232,1.2159666,0.0786362
,2003,86.86173,11.391843,0.5024995,1.168048,0.07587581
,2004,87.10192,11.199926,0.5051608,1.119967,0.07302098
,2005,87.34123,11.008332,0.5086368,1.0764589,0.06533802
,2006,87.5805,10.831536,0.5125224,1.0140463,0.06139635
,2007,87.833664,10.637941,0.51622385,0.9547453,0.057423685
,2008,88.08965,10.440131,0.5197373,0.89700496,0.053470895
,2009,88.37046,10.217342,0.5221834,0.840946,0.049065594
,2010,88.660385,9.982196,0.52506423,0.78702253,0.04533105
,2011,88.95049,9.7402115,0.52713245,0.74055934,0.041602153
,2012,89.24099,9.496729,0.52884626,0.69572407,0.037711248
,2013,89.53499,9.24892,0.5305166,0.65185547,0.03371886
,2014,89.83567,8.991132,0.5323071,0.61087424,0.030018473
,2015,90.13129,8.740519,0.53193307,0.5689738,0.027291313
,2016,90.41134,8.502742,0.53143346,0.5299326,0.024551556
,2017,90.66791,8.277493,0.53168595,0.50143695,0.021475649
,2018,90.882515,8.0748,0.5345554,0.48622113,0.021908667
,2019,91.04039,7.928609,0.53452003,0.4743357,0.022148415
,2020,91.14379,7.831809,0.53557307,0.46566582,0.023157122
,2021,91.23406,7.754492,0.5332664,0.45577675,0.02240289
,2022,91.24387,7.757781,0.5248524,0.45090526,0.022586387
HND,2000,43.533737,20.722631,6.653151,10.518514,18.571966
HND,2001,44.17157,21.085047,6.761621,10.152617,17.829144
HND,2002,44.781677,21.49449,6.8806906,9.783103,17.06004
HND,2003,45.376774,21.909418,6.9993258,9.414436,16.300045
HND,2004,45.957783,22.327286,7.116696,9.046897,15.551339
HND,2005,46.450626,22.82132,7.232276,8.680636,14.81514
HND,2006,46.927505,23.32025,7.3461843,8.315538,14.090523
HND,2007,47.388798,23.823462,7.4581203,7.951662,13.377958
HND,2008,47.83445,24.33134,7.567983,7.588978,12.677248
HND,2009,48.26509,24.842903,7.6754427,7.227575,11.988988
HND,2010,48.68033,25.359215,7.780513,6.8673615,11.312582
HND,2011,49.080845,25.87928,7.8828855,6.5084195,10.648572
HND,2012,49.466187,26.404175,7.9825516,6.1506696,9.996417
HND,2013,49.83731,26.932533,8.07919,5.7942095,9.356755
HND,2014,50.193737,27.465443,8.172781,5.438969,8.729073
HND,2015,50.536766,28.001131,8.26302,5.085038,8.114046
HND,2016,50.86615,28.540327,8.349864,4.732373,7.511285
HND,2017,51.18235,29.082672,8.433174,4.380978,6.920826
HND,2018,51.485836,29.627796,8.512833,4.0308695,6.3426647
HND,2019,51.776863,30.175692,8.588752,3.6820302,5.7766647
HND,2020,52.055676,30.72635,8.660848,3.334434,5.222691
HND,2021,52.3228,31.27938,8.729034,2.9881012,4.6806846
HND,2022,52.606056,31.790936,8.809616,2.6429815,4.150411
HKG,2000,75.208,21.520248,0,3.2717488,0
HKG,2001,75.208,21.520248,0,3.2717488,0
HKG,2002,75.208,21.520248,0,3.2717488,0
HKG,2003,75.208,21.520248,0,3.2717488,0
HKG,2004,75.19485,21.520224,0,3.2849298,0
HKG,2005,75.18169,21.5202,0,3.2981107,0
HKG,2006,75.16853,21.520176,0,3.3112917,0
HKG,2007,75.15537,21.520151,0,3.3244727,0
HKG,2008,75.14222,21.520126,0,3.3376539,0
HKG,2009,75.12907,21.520102,0,3.3508348,0
HKG,2010,75.115906,21.520079,0,3.3640158,0
HKG,2011,75.10275,21.520054,0,3.3771968,0
HKG,2012,75.08959,21.52003,0,3.3903778,0
HKG,2013,75.07644,21.520004,0,3.403559,0
HKG,2014,77.64037,18.942886,0,3.41674,0
HKG,2015,80.20431,16.365774,0,3.429921,0
HKG,2016,82.768234,13.788668,0,3.443102,0
HKG,2017,85.33215,11.211567,0,3.4562829,0
HKG,2018,87.896065,8.634472,0,3.469464,0
HKG,2019,90.45998,6.0573826,0,3.482645,0
HKG,2020,93.02387,3.480299,0,3.495826,0
HKG,2021,95.60089,0.90328413,0,3.495826,0
HKG,2022,96.50417,0,0,3.495826,0
HUN,2000,65.70401,32.33972,1.956271,0,0
HUN,2001,65.42653,32.616425,1.9570451,0,0
HUN,2002,65.15981,32.87979,1.9603937,1.1932299e-06,0
HUN,2003,64.89434,33.14195,1.9637179,0,0
HUN,2004,66.17102,31.861948,1.967034,0,0
HUN,2005,67.49288,30.53626,1.9708551,9.694347e-07,0
HUN,2006,68.8608,29.164022,1.9751734,2.5440766e-06,0
HUN,2007,70.27147,27.749075,1.979459,0,0
HUN,2008,71.72432,26.291967,1.983712,0,0
HUN,2009,73.21874,24.793333,1.9879242,1.4245591e-06,0
HUN,2010,74.74923,23.259176,1.9915988,0,0
HUN,2011,76.319595,21.685165,1.9952408,0,0
HUN,2012,77.9181,20.084057,1.997848,0,0
HUN,2013,79.5504,18.449509,2.0000885,8.487866e-07,0
HUN,2014,81.22007,16.777615,2.002321,0,0
HUN,2015,82.92683,15.068628,2.0045452,0,0
HUN,2016,84.67584,13.31734,2.0068185,0,0
HUN,2017,86.90457,11.086308,2.0091243,0,0
HUN,2018,87.722206,10.266315,2.0114787,9.1899e-07,0
HUN,2019,87.75111,10.235033,2.0138662,0,0
HUN,2020,87.78049,10.203218,2.016294,2.0030882e-08,0
HUN,2021,87.81037,10.170868,2.0187628,1.1465559e-06,0
HUN,2022,87.840645,10.138092,2.021264,0,0
ISL,2000,,,1.1999869,0.002004541,0
ISL,2001,,,1.2016997,0.001120637,0
ISL,2002,,,1.2033995,0.000231377,0
ISL,2003,,,1.2050519,3.0854449e-06,0
ISL,2004,,,1.2066753,1.2839134e-06,0
ISL,2005,,,1.2082727,2.2603406e-07,0
ISL,2006,,,1.2098572,0,0
ISL,2007,,,1.2114027,0,0
ISL,2008,,,1.2129221,2.3533062e-06,0
ISL,2009,,,1.2144285,0,0
ISL,2010,,,1.2152468,0,0
ISL,2011,,,1.2154156,0,0
ISL,2012,,,1.2155844,0,0
ISL,2013,,,1.2160131,0,0
ISL,2014,,,1.2164546,0,0
ISL,2015,,,1.2168831,0,0
ISL,2016,,,1.2173376,0,0
ISL,2017,,,1.2178311,8.880889e-09,0
ISL,2018,,,1.2183508,0,0
ISL,2019,,,1.218896,1.5395232e-06,0
ISL,2020,,,1.2194545,0,0
ISL,2021,,,1.220052,0,0
ISL,2022,,,1.2206753,0,0
IND,2000,6.096392,7.9893694,5.40726,7.181619,73.325356
IND,2001,7.3994,9.324085,6.0855546,6.7783427,70.41262
IND,2002,8.782426,10.754196,6.6222816,6.3759956,67.4651
IND,2003,10.177467,12.191298,7.126144,5.974223,64.53087
IND,2004,12.560897,12.659187,7.597395,5.573049,61.60947
IND,2005,14.661089,13.428448,8.035796,5.172458,58.70221
IND,2006,16.769518,14.207787,8.44161,4.772457,55.808628
IND,2007,18.963005,14.920496,8.815075,4.3730707,52.928352
IND,2008,21.169353,15.63849,9.15627,3.9743004,50.06159
IND,2009,23.388208,16.361202,9.4650135,3.5761275,47.20945
IND,2010,25.619543,17.088772,9.7415495,3.178578,44.37156
IND,2011,27.863255,17.821339,9.986098,2.7816665,41.54764
IND,2012,30.119352,18.560959,10.199768,2.3855305,38.73439
IND,2013,32.387146,19.307308,10.382388,1.9901943,35.932964
IND,2014,34.665985,20.060535,10.534029,1.5957006,33.143753
IND,2015,36.955173,20.820545,10.654649,1.2020794,30.367552
IND,2016,39.254017,21.587238,10.744219,0.8093646,27.60516
IND,2017,41.475643,22.354746,10.790308,0.5764861,24.802816
IND,2018,43.62501,23.123104,10.795112,0.4674458,21.989326
IND,2019,45.766422,23.896723,10.768689,0.3555889,19.212576
IND,2020,47.899597,24.675505,10.711343,0.24078974,16.472765
IND,2021,50.024147,25.45959,10.623445,0.122928105,13.76989
IND,2022,52.139935,26.248627,10.505215,0.001869016,11.104357
IDN,2000,,,13.035057,14.177397,32.570286
IDN,2001,,,13.124832,13.499009,31.069754
IDN,2002,,,13.169233,12.827991,29.587803
IDN,2003,,,13.16895,12.164512,28.124876
IDN,2004,,,13.124861,11.508407,26.680532
IDN,2005,,,13.037481,10.860258,25.256279
IDN,2006,,,12.907778,10.219772,23.851366
IDN,2007,,,12.736481,9.587174,22.466383
IDN,2008,,,12.524479,8.962312,21.100914
IDN,2009,,,12.27249,8.345552,19.755928
IDN,2010,,,11.981086,7.7382374,18.43498
IDN,2011,,,11.650425,7.1457086,17.152317
IDN,2012,,,11.283378,6.560004,15.8869095
IDN,2013,,,10.880664,5.9812484,14.639077
IDN,2014,,,10.443036,5.4092464,13.408299
IDN,2015,,,9.97122,4.844164,12.195023
IDN,2016,,,9.4659605,4.2859707,10.999169
IDN,2017,,,8.928032,3.7347994,9.82111
IDN,2018,,,8.358175,3.190484,8.6604185
IDN,2019,,,7.7571535,2.6530302,7.5171156
IDN,2020,,,7.125678,2.1222901,6.390826
IDN,2021,,,6.464512,1.5982735,5.2815795
IDN,2022,,,6.5732627,1.0808423,4.1890144
IRN,2000,,,9.100602,12.143534,0.5375747
IRN,2001,,,9.150247,11.3490095,0.52759725
IRN,2002,,,9.197357,10.569388,0.5177034
IRN,2003,,,9.241972,9.804503,0.5078932
IRN,2004,,,9.284199,9.054314,0.49818048
IRN,2005,,,9.324155,8.318766,0.4885792
IRN,2006,,,9.361892,7.5976157,0.4790896
IRN,2007,,,9.401211,6.896296,0.4703802
IRN,2008,,,9.440452,6.2104683,0.46210274
IRN,2009,,,9.477829,5.5368705,0.4539229
IRN,2010,,,9.513302,4.8752036,0.44582665
IRN,2011,,,9.546993,4.225373,0.437828
IRN,2012,,,9.5800085,3.588006,0.43009412
IRN,2013,,,9.612101,2.9623213,0.4225692
IRN,2014,,,9.642439,2.3473685,0.415114
IRN,2015,,,9.671242,1.7430845,0.4077563
IRN,2016,,,9.698456,1.1492459,0.4004822
IRN,2017,,,9.724317,0.959022,
IRN,2018,,,9.735611,0.5655329,
IRN,2019,,,9.742014,0.23689868,
IRN,2020,,,9.73323,0,
IRN,2021,,,9.683775,0,
IRN,2022,,,9.635265,4.0584155e-06,
IRQ,2000,25.581808,44.922962,14.787818,9.985091,4.722323
IRQ,2001,26.604763,44.471107,14.891366,9.609495,4.4232693
IRQ,2002,27.626427,44.019146,14.99469,9.234549,4.1251917
IRQ,2003,28.646797,43.567078,15.097792,8.860247,3.8280876
IRQ,2004,29.66588,43.114906,15.200669,8.486587,3.5319586
IRQ,2005,30.297497,44.147575,14.204545,8.11358,3.2368052
IRQ,2006,30.982014,45.139942,13.193979,7.741348,2.9427164
IRQ,2007,31.720968,46.090767,12.169142,7.369621,2.6495028
IRQ,2008,32.51589,46.99829,11.130007,6.998547,2.357264
IRQ,2009,33.36829,47.860832,10.076586,6.62823,2.0660636
IRQ,2010,34.281174,48.684673,9.011125,6.251039,1.7719866
IRQ,2011,35.255962,49.4631,7.9316645,5.871061,1.4782089
IRQ,2012,36.293095,50.189552,6.8367543,5.493152,1.1874462
IRQ,2013,37.988403,50.26808,5.7265463,5.117298,0.8996719
IRQ,2014,39.783016,50.257545,4.6012,4.7433953,0.61483985
IRQ,2015,41.67487,50.159885,3.4608502,4.371447,0.33295023
IRQ,2016,43.66219,49.977474,2.305603,4.000735,0.053996913
IRQ,2017,45.753647,49.70127,1.1354464,3.3897147,0.019919345
IRQ,2018,47.810154,49.18959,0.2306555,2.7548122,0.014788342
IRQ,2019,49.60936,48.255493,0,2.1255167,0.009630003
IRQ,2020,51.366325,47.12694,0,1.5022898,0.004442116
IRQ,2021,52.06429,46.43168,0,1.4995742,0.004456277
IRQ,2022,52.76525,45.733532,0,1.4967484,0.004471002
IRL,2000,54.768917,35.77626,6.7227516,2.7320712,0
IRL,2001,56.124065,34.357784,6.726078,2.7920697,0
IRL,2002,57.49084,32.92672,6.7295613,2.8528783,0
IRL,2003,58.863285,31.488071,6.733913,2.9147284,0
IRL,2004,60.24505,30.03926,6.7382345,2.9774544,0
IRL,2005,61.63633,28.58023,6.7424192,3.0410194,0
IRL,2006,63.168766,26.979958,6.7460437,3.1052308,0
IRL,2007,64.722336,25.360846,6.7475286,3.1692894,0
IRL,2008,66.292496,23.724615,6.74893,3.233962,0
IRL,2009,67.879166,22.071291,6.7502837,3.2992582,0
IRL,2010,69.48232,20.400959,6.751555,3.3651614,0
IRL,2011,71.10194,18.713602,6.7527785,3.4316852,0
IRL,2012,72.737976,17.009235,6.7539544,3.4988368,0
IRL,2013,74.36133,15.317041,6.7550483,3.5665858,0
IRL,2014,76.00192,13.607028,6.7560945,3.634956,0
IRL,2015,77.65963,11.879395,6.757059,3.7039194,0
IRL,2016,79.00955,10.458915,6.758011,3.7735248,0
IRL,2017,79.111694,10.284905,6.7592897,3.8441067,0
IRL,2018,79.21712,10.106139,6.760959,3.9157825,0
IRL,2019,79.40341,9.903977,6.768927,3.9236822,0
IRL,2020,79.59273,9.697924,6.7773356,3.9320138,0
IRL,2021,79.784874,9.488291,6.786117,3.9407148,0
IRL,2022,79.7968,9.458073,6.7953057,3.9498236,0
IMN,2000,84.82143,15.178572,0,0,0
IMN,2001,84.82143,15.178572,0,0,0
IMN,2002,84.82143,15.178572,0,0,0
IMN,2003,84.82143,15.178572,0,0,0
IMN,2004,84.82143,15.178572,0,0,0
IMN,2005,84.82143,15.178572,0,0,0
IMN,2006,84.82143,15.178572,0,0,0
IMN,2007,84.82143,15.178572,0,0,0
IMN,2008,84.82143,15.178572,0,0,0
IMN,2009,84.82143,15.178572,0,0,0
IMN,2010,84.82143,15.178572,0,0,0
IMN,2011,84.82143,15.178572,0,0,0
IMN,2012,84.82143,15.178572,0,0,0
IMN,2013,84.82143,15.178572,0,0,0
IMN,2014,84.82143,15.178572,0,0,0
IMN,2015,84.82143,15.178572,0,0,0
IMN,2016,84.82143,15.178572,0,0,0
IMN,2017,84.82143,15.178572,0,0,0
IMN,2018,84.82143,15.178572,0,0,0
IMN,2019,84.82143,15.178572,0,0,0
IMN,2020,84.82143,15.178572,0,0,0
IMN,2021,84.82143,15.178572,0,0,0
IMN,2022,84.82143,15.178572,0,0,0
ISR,2000,80.20515,19.794851,0,0,0
ISR,2001,80.90918,19.090824,0,0,0
ISR,2002,81.615746,18.384249,0,2.988054e-06,0
ISR,2003,82.32489,17.675108,0,0,0
ISR,2004,83.0366,16.9634,0,0,0
ISR,2005,83.750854,16.249144,0,0,0
ISR,2006,84.467674,15.532324,0,5.0742943e-07,0
ISR,2007,85.18705,14.812953,0,1.334485e-07,0
ISR,2008,85.90899,14.091014,0,0,0
ISR,2009,86.633484,13.366514,0,0,0
ISR,2010,87.360596,12.639407,0,0,0
ISR,2011,88.08824,11.907418,0,0.004343789,0
ISR,2012,88.81711,11.171348,0,0.011542524,0
ISR,2013,89.54865,10.432738,0,0.018606113,0
ISR,2014,90.28285,9.691606,0,0.025542121,0
ISR,2015,91.019714,8.947951,0,0.032331984,0
ISR,2016,91.75925,8.201776,0,0.038977575,0
ISR,2017,92.50147,7.453062,0,0.045469474,0
ISR,2018,93.24637,6.701827,0,0.051806346,0
ISR,2019,93.99393,5.948088,0,0.057984702,0
ISR,2020,94.7442,5.1918125,0,0.06398473,0
ISR,2021,95.49715,4.433033,0,0.06981856,0
ISR,2022,96.252785,3.6717324,0,0.0754806,0
ITA,2000,78.92176,20.964163,0.10062504,0.013448733,0
ITA,2001,78.92257,20.963354,0.10062516,0.013454399,0
ITA,2002,78.9239,20.962,0.100625336,0.013474431,0
ITA,2003,78.92548,20.96039,0.10062555,0.013498841,0
ITA,2004,78.930664,20.955187,0.100625776,0.013522083,0
ITA,2005,78.93583,20.949997,0.100625984,0.013545963,0
ITA,2006,78.940994,20.944805,0.1006262,0.013572323,0
ITA,2007,78.94617,20.939613,0.10062642,0.013594083,0
ITA,2008,78.95133,20.934422,0.10062663,0.013620827,0
ITA,2009,78.95649,20.929245,0.10062685,0.013640462,0
ITA,2010,78.961655,20.924051,0.10062706,0.013666705,0
ITA,2011,78.96681,20.918873,0.10062727,0.013686926,0
ITA,2012,78.97361,20.91203,0.10062771,0.013734334,0
ITA,2013,78.98113,20.90444,0.10062825,0.013798028,0
ITA,2014,78.98864,20.896877,0.100628786,0.013851137,0
ITA,2015,78.99615,20.889313,0.100629315,0.013912585,0
ITA,2016,79.00361,20.88179,0.100629844,0.013969415,0
ITA,2017,79.01106,20.874279,0.10063037,0.01403005,0
ITA,2018,79.014984,20.870298,0.10063091,0.014083033,0
ITA,2019,79.01896,20.866262,0.10063145,0.014144532,0
ITA,2020,79.023,20.862158,0.100632004,0.01420927,0
ITA,2021,79.02709,20.858002,0.10063256,0.014270677,0
ITA,2022,79.03125,20.85379,0.10063313,0.014330369,0
JAM,2000,,,14.127376,2.2842746,0.86742544
JAM,2001,,,14.1468115,2.1661417,0.8612647
JAM,2002,,,14.16565,2.0495846,0.8556388
JAM,2003,,,14.184241,1.9338709,0.8503124
JAM,2004,,,14.061368,1.8187056,0.84519386
JAM,2005,,,13.939018,1.7041531,0.8403045
JAM,2006,,,13.817241,1.590173,0.83562917
JAM,2007,,,13.696007,1.4767933,0.8311761
JAM,2008,,,13.575372,1.363978,0.82693833
JAM,2009,,,13.455292,1.2517622,0.8229217
JAM,2010,,,13.3358,1.1401268,0.81912297
JAM,2011,,,13.216947,1.0290645,0.8155412
JAM,2012,,,13.09935,0.9185245,0.81217307
JAM,2013,,,12.983232,0.80856746,0.80904526
JAM,2014,,,12.868776,0.69927335,0.8061857
JAM,2015,,,12.756119,0.59070885,0.8036214
JAM,2016,,,12.645495,0.48295963,0.80138046
JAM,2017,,,12.537036,0.37608415,0.7994885
JAM,2018,,,12.430875,0.27141792,0.79796726
JAM,2019,,,12.320143,0.2518969,0.79635656
JAM,2020,,,12.342629,0.25336498,0.7975798
JAM,2021,,,12.366151,0.25490242,0.7988593
JAM,2022,,,12.390708,0.25649968,0.80019516
JPN,2000,96.40438,3.59562,0,0,0
JPN,2001,96.55231,3.4472497,0,0.000439523,0
JPN,2002,96.69402,3.3025887,0,0.003385786,0
JPN,2003,96.831955,3.1617095,0,0.00633205,0
JPN,2004,96.96611,3.0246124,0,0.009278313,0
JPN,2005,97.09648,2.8912969,0,0.012224576,0
JPN,2006,97.22307,2.7617629,0,0.01517084,0
JPN,2007,97.39781,2.5840707,0,0.018117102,0
JPN,2008,97.567345,2.4115896,0,0.021063365,0
JPN,2009,97.73166,2.2443335,0,0.02400963,0
JPN,2010,97.890724,2.0823166,0,0.026955893,0
JPN,2011,98.04455,1.9255528,0,0.029902156,0
JPN,2012,98.19309,1.7740558,0,0.032848418,0
JPN,2013,98.336365,1.6278397,0,0.035794683,0
JPN,2014,98.47434,1.4869184,0,0.038740944,0
JPN,2015,98.60701,1.3513058,0,0.04168721,0
JPN,2016,98.73435,1.2210159,0,0.04463347,0
JPN,2017,98.85635,1.0960627,0,0.047579736,0
JPN,2018,98.92199,1.0274819,0,0.050525997,0
JPN,2019,98.979324,0.9672064,0,0.053472262,0
JPN,2020,99.03489,0.9086912,0,0.056418523,0
JPN,2021,99.08871,0.85193175,0,0.05936479,0
JPN,2022,99.140755,0.79693246,0,0.06231105,0
JOR,2000,75.99203,22.745361,1.0289141,3.3993094e-06,0.23369166
JOR,2001,75.97031,22.735645,1.067657,1.2293774e-06,0.22639361
JOR,2002,75.98596,22.665417,1.1061091,0.004228667,0.23828033
JOR,2003,75.98939,22.58367,1.1442436,0.049390342,0.23330936
JOR,2004,76.00247,22.492285,1.1823567,0.09456567,0.22832222
JOR,2005,76.52463,21.881786,1.2231725,0.15731835,0.21309942
JOR,2006,77.17947,21.135654,1.2625268,0.22636841,0.19598237
JOR,2007,77.79234,20.43378,1.299349,0.29387867,0.18064421
JOR,2008,78.36581,19.773396,1.333849,0.35998598,0.16696057
JOR,2009,78.92007,19.134016,1.3662295,0.42480654,0.15487844
JOR,2010,79.436165,18.53444,1.3966875,0.48847046,0.14424075
JOR,2011,79.914635,17.973904,1.4254111,0.5510851,0.13496268
JOR,2012,80.35841,17.449314,1.4525723,0.6127705,0.12692857
JOR,2013,80.76824,16.959702,1.4783541,0.67362875,0.120070636
JOR,2014,81.14779,16.501297,1.5028979,0.733748,0.11426414
JOR,2015,81.34134,16.221476,1.5294291,0.7955278,0.11222563
JOR,2016,81.530045,15.946921,1.555551,0.8570799,0.11040572
JOR,2017,81.7132,15.67827,1.5813009,0.91841584,0.10881059
JOR,2018,81.89099,15.415327,1.6067009,0.9795496,0.107430175
JOR,2019,82.063835,15.157657,1.6317647,1.0404959,0.10625087
JOR,2020,82.23163,14.905321,1.6565218,1.101265,0.10526693
JOR,2021,82.28427,14.856712,1.6545434,1.0998627,0.10460692
JOR,2022,82.33515,14.809737,1.6526315,1.0985136,0.103969134
KAZ,2000,,,2.1285515,1.0371011,0.031330213
KAZ,2001,,,2.129988,1.0360042,0.03127812
KAZ,2002,,,2.1322606,0.9741612,0.031209568
KAZ,2003,,,2.1345322,0.9124645,0.031141067
KAZ,2004,,,2.136803,0.8509008,0.031072628
KAZ,2005,,,2.128855,0.7894836,0.03100424
KAZ,2006,,,2.1208959,0.72821254,0.030935906
KAZ,2007,,,2.112925,0.6670821,0.030867629
KAZ,2008,,,2.1049435,0.60609233,0.030799404
KAZ,2009,,,2.0969505,0.5452374,0.030731237
KAZ,2010,,,2.0889266,0.48453823,0.030663833
KAZ,2011,,,2.0809114,0.4239747,0.030595776
KAZ,2012,,,2.072885,0.36354893,0.030527772
KAZ,2013,,,2.0648477,0.30326566,0.030459821
KAZ,2014,,,2.0567796,0.24313082,0.030392637
KAZ,2015,,,2.0487206,0.18312927,0.030324796
KAZ,2016,,,2.0406506,0.12327119,0.030257013
KAZ,2017,,,2.0325499,0.06355609,0.030189987
KAZ,2018,,,2.0343785,0.06360307,0.030124888
KAZ,2019,,,2.036605,0.06365452,0.030045636
KAZ,2020,,,2.039209,0.063722186,0.029952938
KAZ,2021,,,2.0421906,0.063794985,0.029846793
KAZ,2022,,,2.04555,0.06387696,0.029727204
KEN,2000,24.467134,3.5860314,18.895035,34.67295,18.378849
KEN,2001,24.764185,3.6014214,19.18514,34.64457,17.804682
KEN,2002,25.103312,3.6302836,19.421968,34.61128,17.233158
KEN,2003,25.443958,3.659356,19.65935,34.572983,16.664352
KEN,2004,25.786173,3.6886303,19.897259,34.5296,16.098341
KEN,2005,26.130102,3.7179463,20.135084,34.481335,15.535531
KEN,2006,26.475693,3.747447,20.373388,34.427822,14.97565
KEN,2007,26.822998,3.7771235,20.612143,34.36896,14.418774
KEN,2008,27.135998,3.843037,20.85132,34.30467,13.864978
KEN,2009,27.446505,3.913356,21.090305,34.235203,13.3146305
KEN,2010,27.757341,3.9853568,21.329655,34.160152,12.767496
KEN,2011,28.068283,4.059477,21.570803,34.07846,12.222978
KEN,2012,28.379389,4.1356874,21.813421,33.990143,11.681358
KEN,2013,28.690567,4.214205,22.058065,33.894634,11.142528
KEN,2014,29.00193,4.294917,22.304113,33.79215,10.606893
KEN,2015,29.313435,4.3779626,22.551819,33.68231,10.074475
KEN,2016,29.6251,4.463396,22.80115,33.564926,9.545431
KEN,2017,29.93693,4.5512733,23.052063,33.439823,9.019913
KEN,2018,30.2489,4.641743,23.30481,33.306576,8.497974
KEN,2019,30.561113,4.7346816,23.558764,33.16547,7.9799714
KEN,2020,30.87349,4.83033,23.814465,33.01585,7.4658656
KEN,2021,31.1861,4.928656,24.071577,32.857758,6.9559093
KEN,2022,31.498903,5.029816,24.330341,32.690765,6.450176
KIR,2000,16.991768,15.808004,6.556211,17.951702,42.692314
KIR,2001,17.726189,15.971067,6.7205963,17.31669,42.265457
KIR,2002,18.41394,16.044191,6.8391466,16.728836,41.973885
KIR,2003,19.101572,16.11749,6.957784,16.141083,41.68207
KIR,2004,19.788994,16.190783,7.076417,15.553523,41.390285
KIR,2005,20.230467,16.50956,7.1949534,14.9662285,41.098793
KIR,2006,20.703539,16.908123,7.355651,14.348904,40.68378
KIR,2007,21.198654,17.364145,7.548912,13.714495,40.173794
KIR,2008,21.520466,17.646732,8.080967,13.087953,39.663883
KIR,2009,21.829268,17.915752,8.630633,12.469487,39.15486
KIR,2010,22.124958,18.171316,9.198199,11.859064,38.64646
KIR,2011,22.40736,18.41337,9.783861,11.256712,38.138695
KIR,2012,22.676302,18.641853,10.387817,10.662467,37.631557
KIR,2013,22.931456,18.85619,11.009757,10.076482,37.126114
KIR,2014,23.172806,19.056774,11.650208,9.49864,36.62157
KIR,2015,23.400166,19.243448,12.30921,8.928987,36.11819
KIR,2016,23.613037,19.41454,12.984746,8.367782,35.619896
KIR,2017,23.811443,19.569912,13.676092,7.814848,35.127705
KIR,2018,23.995558,19.710123,14.383359,7.269904,34.641056
KIR,2019,24.165514,19.835497,15.106377,6.7326984,34.159916
KIR,2020,24.321442,19.946192,15.844626,6.202978,33.684765
KIR,2021,24.463509,20.042648,16.59806,5.6804786,33.215305
KIR,2022,24.79231,20.389744,16.901506,5.164941,32.7515
KWT,2000,100,0,0,0,0
KWT,2001,100,0,0,0,0
KWT,2002,100,0,0,0,0
KWT,2003,100,0,0,0,0
KWT,2004,100,0,0,0,0
KWT,2005,100,0,0,0,0
KWT,2006,100,0,0,0,0
KWT,2007,100,0,0,0,0
KWT,2008,100,0,0,0,0
KWT,2009,100,0,0,0,0
KWT,2010,100,0,0,0,0
KWT,2011,100,0,0,0,0
KWT,2012,100,0,0,0,0
KWT,2013,100,0,0,0,0
KWT,2014,100,0,0,0,0
KWT,2015,100,0,0,0,0
KWT,2016,100,0,0,0,0
KWT,2017,100,0,0,0,0
KWT,2018,100,0,0,0,0
KWT,2019,100,0,0,0,0
KWT,2020,100,0,0,0,0
KWT,2021,100,0,0,0,0
KWT,2022,100,0,0,0,0
KGZ,2000,85.11296,7.186657,3.5499814,4.042202,0.108195305
KGZ,2001,85.22755,7.0720735,3.5498884,4.0422964,0.10819225
KGZ,2002,85.6303,6.9367175,3.5565107,3.7754846,0.100987785
KGZ,2003,86.0301,6.8043246,3.5630867,3.5087051,0.09378229
KGZ,2004,86.42672,6.6751127,3.5697093,3.2418766,0.08657845
KGZ,2005,86.910965,6.556236,3.4783509,2.9750748,0.07937384
KGZ,2006,87.385666,6.447426,3.3865082,2.7082276,0.07217064
KGZ,2007,87.85231,6.3472342,3.2940884,2.4414032,0.0649669
KGZ,2008,88.31665,6.2498817,3.2011383,2.174566,0.05776368
KGZ,2009,88.77857,6.1554713,3.107703,1.9076942,0.050561484
KGZ,2010,89.23541,6.065989,3.0147753,1.6404555,0.043368556
KGZ,2011,89.68703,5.9813495,2.9223886,1.3730586,0.03617646
KGZ,2012,90.13326,5.901452,2.8305752,1.105735,0.02897626
KGZ,2013,90.574326,5.825937,2.7392347,0.8387447,0.021758461
KGZ,2014,91.01007,5.7547007,2.6484017,0.57231146,0.014514249
KGZ,2015,91.440475,5.6875505,2.558067,0.30378205,0.010127808
KGZ,2016,91.81083,5.6228147,2.4677687,0.098587595,0
KGZ,2017,91.992516,5.556558,2.3765733,0.0743523,0
KGZ,2018,92.169846,5.493886,2.2863798,0.049889762,0
KGZ,2019,92.343185,5.4345274,2.1971345,0.025151433,0
KGZ,2020,92.51465,5.376396,2.108872,8.378915e-05,0
KGZ,2021,92.57593,5.302427,2.1215594,8.2302795e-05,0
KGZ,2022,92.6361,5.228472,2.1353405,8.8510424e-05,0
,2000,23.73371,9.469476,7.0068626,23.163815,36.626137
,2001,24.055471,9.520669,7.2135553,23.504465,35.70584
,2002,24.306807,9.726179,7.4610343,23.88848,34.6175
,2003,24.559687,9.921277,7.6967664,24.301474,33.520798
,2004,24.93419,10.038177,7.9228315,24.667744,32.437057
,2005,25.343287,10.210904,8.186377,24.916035,31.3434
,2006,25.753685,10.389554,8.446655,25.171429,30.238678
,2007,26.179037,10.589094,8.685627,25.404148,29.142094
,2008,26.606861,10.796625,8.926797,25.646112,28.023605
,2009,27.03194,11.015275,9.161921,25.900984,26.889881
,2010,27.46288,11.233407,9.39467,26.144367,25.764677
,2011,27.452442,11.123574,9.541023,26.139624,25.743338
,2012,27.939337,11.275139,9.770563,26.36317,24.651789
,2013,28.433136,11.433268,9.998088,26.575294,23.560215
,2014,28.93859,11.595166,10.240559,26.788448,22.437237
,2015,29.44741,11.763108,10.482791,26.998938,21.307753
,2016,29.927338,11.920137,10.726359,27.246761,20.179403
,2017,30.407955,12.085146,10.970759,27.507156,19.028984
,2018,30.861433,12.268828,11.212241,27.7551,17.902397
,2019,31.283007,12.463374,11.449861,27.991035,16.812725
,2020,31.621027,12.612057,11.666307,28.291906,15.808704
,2021,31.974154,12.802986,11.86988,28.527931,14.82505
,2022,32.15079,12.879389,12.076637,28.311367,14.581817
LAO,2000,21.747082,6.5677357,1.0885817,9.033006,61.563595
LAO,2001,24.395634,6.930784,1.1840152,8.626063,58.863503
LAO,2002,26.766674,7.561604,1.281356,8.217636,56.17273
LAO,2003,29.112247,8.204963,1.3804963,7.807745,53.49455
LAO,2004,31.43161,8.861741,1.4815745,7.3962955,50.828777
LAO,2005,33.665337,9.499012,1.5791665,6.986809,48.269676
LAO,2006,35.782345,10.064805,1.6670855,6.5832424,45.902523
LAO,2007,37.87868,10.635833,1.7589676,6.179053,43.547466
LAO,2008,39.95489,11.212874,1.8545597,5.7741714,41.203503
LAO,2009,42.010113,11.795238,1.9533964,5.368678,38.872574
LAO,2010,44.044697,12.383496,2.0551808,4.9625187,36.554108
LAO,2011,46.058586,12.977808,2.1595485,4.555683,34.248375
LAO,2012,48.051865,13.578558,2.266144,4.1481423,31.955292
LAO,2013,50.02396,14.184991,2.3745267,3.7399633,29.676561
LAO,2014,51.975273,14.797937,2.4843693,3.331088,27.411333
LAO,2015,53.905678,15.417325,2.5952733,2.921524,25.1602
LAO,2016,55.815266,16.043549,2.7068522,2.5112395,22.923096
LAO,2017,57.703804,16.676031,2.818705,2.1002848,20.701176
LAO,2018,59.57138,17.3149,2.9304545,1.6886747,18.494593
LAO,2019,61.05862,17.889471,3.031308,1.3636826,16.656918
LAO,2020,61.081417,18.054022,3.0245667,1.3500224,16.489971
LAO,2021,61.104362,18.219595,3.0177836,1.3362672,16.321991
LAO,2022,61.127445,18.386187,3.010959,1.3224305,16.152977
,2000,30.31921,44.330868,5.1283426,10.211596,10.009983
,2001,30.674143,44.771664,5.100738,9.955225,9.498232
,2002,30.971468,45.208565,5.090463,9.710662,9.018842
,2003,31.645441,45.265522,5.081745,9.465631,8.54166
,2004,32.37861,45.257698,5.0685105,9.219386,8.075797
,2005,33.122402,45.248543,5.04013,8.971919,7.617006
,2006,33.878334,45.224117,5.0094585,9.073371,6.8147187
,2007,34.64425,45.193867,4.969441,8.7948,6.397645
,2008,35.41955,45.148956,4.9274325,8.516142,5.987915
,2009,36.212967,45.085556,4.8813353,8.236369,5.5837693
,2010,37.017986,45.007835,4.83455,7.9550247,5.184603
,2011,37.846783,44.90351,4.7868114,7.672175,4.790716
,2012,38.856514,44.610233,4.7391143,7.3901277,4.404009
,2013,39.883026,44.291676,4.6898193,7.112285,4.023194
,2014,40.927185,43.950615,4.63885,6.8353834,3.6479661
,2015,41.986588,43.589085,4.58622,6.43962,3.398487
,2016,43.04346,43.222473,4.5328927,6.1903834,3.0107896
,2017,44.042362,42.366024,4.50675,6.4572124,2.6276495
,2018,45.139206,41.934082,4.463249,6.1785975,2.284867
,2019,46.254997,41.485012,4.4100523,5.871483,1.9784557
,2020,47.281826,41.076195,4.359304,5.5735765,1.7091013
,2021,48.407272,40.723667,4.310821,5.1719065,1.3863336
,2022,49.1682,40.356007,4.281578,5.0436473,1.1505675
LVA,2000,66.77258,20.762777,0,12.464637,0
LVA,2001,66.76047,20.7491,0,12.490431,0
LVA,2002,66.95748,20.971502,0,12.071013,0
LVA,2003,67.08597,21.176685,0.097302616,11.640042,0
LVA,2004,67.166664,21.378153,0.2773212,11.177863,0
LVA,2005,67.24608,21.578102,0.4590792,10.716743,0
LVA,2006,68.32718,20.748407,0.64193434,10.282478,0
LVA,2007,69.41412,19.905624,0.8259768,9.854275,0
LVA,2008,70.510025,19.053461,1.0113354,9.425176,0
LVA,2009,71.618385,18.196014,1.1984036,8.987195,0
LVA,2010,72.7388,17.332958,1.3873669,8.540875,0
LVA,2011,73.86738,16.460047,1.5778894,8.094683,0
LVA,2012,75.00398,15.577278,1.769962,7.648781,0
LVA,2013,76.14851,14.684722,1.963584,7.2031784,0
LVA,2014,77.30085,13.782388,2.15874,6.758022,0
LVA,2015,78.622375,12.896962,2.1676574,6.313007,0
LVA,2016,79.957634,11.999138,2.1767647,5.8664603,0
LVA,2017,81.30655,11.088812,2.186061,5.41858,0
LVA,2018,82.45056,9.9529,2.1870494,5.409493,0
LVA,2019,83.60609,8.807041,2.1882296,5.3986454,0
LVA,2020,84.676636,7.7477274,2.1896017,5.386032,0
LVA,2021,85.2434,7.193783,2.1911657,5.371653,0
,2000,14.350252,6.6822023,9.545409,34.21666,35.20548
,2001,14.8166685,6.9318933,9.897828,34.09187,34.26174
,2002,15.290686,7.2823377,10.269545,33.894295,33.263138
,2003,15.759827,7.6328387,10.635432,33.75404,32.217865
,2004,16.24984,7.959603,10.99779,33.60088,31.191887
,2005,16.785732,8.33867,11.373736,33.412426,30.089434
,2006,17.3225,8.708189,11.735032,33.230515,29.003765
,2007,17.842184,9.072209,12.075837,33.045464,27.964306
,2008,18.37407,9.441247,12.423908,32.87195,26.888828
,2009,18.870321,9.8469,12.765437,32.705765,25.811579
,2010,19.35349,10.268272,13.105136,32.54329,24.72981
,2011,19.677977,10.562005,13.353348,32.193703,24.212967
,2012,20.146837,10.978402,13.679837,32.036045,23.158878
,2013,20.61337,11.394666,14.002989,31.875595,22.11338
,2014,21.159323,11.736152,14.323702,31.721626,21.059198
,2015,21.716124,12.0626745,14.64091,31.570896,20.009396
,2016,22.271826,12.389703,14.950419,31.424395,18.963655
,2017,22.84303,12.695489,15.264415,31.447737,17.749329
,2018,23.374882,12.991078,15.559941,31.353186,16.720915
,2019,23.892103,13.258047,15.839437,31.205132,15.805283
,2020,24.400303,13.486724,16.113167,31.012262,14.987543
,2021,26.392294,14.519392,16.137228,29.403036,13.548049
,2022,26.675226,14.704364,16.367165,29.020584,13.232662
LBN,2000,17.85218,59.07155,0.6203527,22.388002,0.06791623
LBN,2001,17.85218,59.07155,0.6203527,22.388002,0.06791623
LBN,2002,17.85218,59.07155,0.6203527,22.388002,0.06791623
LBN,2003,18.346857,59.88605,0.6309106,21.064388,0.071794204
LBN,2004,18.841534,60.700554,0.64146847,19.740774,0.07567218
LBN,2005,19.33621,61.515053,0.65202636,18.417158,0.079550155
LBN,2006,19.830887,62.329556,0.66258425,17.093544,0.08342813
LBN,2007,20.325563,63.14406,0.67314214,15.769931,0.087306105
LBN,2008,20.82024,63.958557,0.68369997,14.446317,0.09118408
LBN,2009,21.314917,64.77306,0.69425786,13.122703,0.09506205
LBN,2010,21.809593,65.58756,0.70481575,11.7990885,0.09894002
LBN,2011,22.30427,66.40206,0.71537364,10.475474,0.102818
LBN,2012,22.798946,67.21657,0.7259315,9.15186,0.10669597
LBN,2013,23.293623,68.03107,0.7364894,7.8282456,0.11057395
LBN,2014,23.7883,68.845566,0.7470473,6.5046315,0.11445192
LBN,2015,24.282976,69.66007,0.7576052,5.1810174,0.1183299
LBN,2016,24.777653,70.47457,0.7681631,3.857403,0.12220787
LBN,2017,25.27233,71.28908,0.778721,2.533789,0.12608585
LBN,2018,25.767006,72.10358,0.78927886,1.2101748,0.12996383
LBN,2019,26.19341,72.87397,0.79893047,0,0.13369013
LBN,2020,25.97333,73.22667,0.8,0,0
LBN,2021,25.67268,73.52732,0.8,0,0
LBN,2022,25.67268,73.52732,0.8,0,0
LSO,2000,6.956036,1.0947766,4.2687573,40.221478,47.458954
LSO,2001,9.249417,1.1644695,4.892657,38.876026,45.817432
LSO,2002,11.53088,1.2362758,5.5282683,37.518547,44.18603
LSO,2003,13.758992,1.3069978,6.219816,36.148533,42.565662
LSO,2004,15.9604025,1.3796147,6.938305,34.76575,40.955925
LSO,2005,18.129541,1.4590265,7.682977,33.369488,39.358967
LSO,2006,20.271412,1.5404353,8.4546,31.959597,37.773956
LSO,2007,22.382463,1.6186138,9.228996,30.531626,36.2383
LSO,2008,24.468119,1.6984044,10.028089,29.091589,34.713802
LSO,2009,26.528214,1.7796626,10.851143,27.639143,33.20184
LSO,2010,28.562729,1.8625752,11.698962,26.174095,31.70164
LSO,2011,30.571552,1.9471073,12.571318,24.69616,30.213863
LSO,2012,32.5578,2.0256317,13.431859,23.207857,28.776854
LSO,2013,34.521244,2.1051981,14.313706,21.70944,27.350412
LSO,2014,36.461853,2.1858757,15.217124,20.200754,25.934391
LSO,2015,38.37957,2.2677388,16.1424,18.681585,24.528708
LSO,2016,40.274487,2.350667,17.08889,17.151886,23.13407
LSO,2017,42.146564,2.4347332,18.056873,15.611453,21.750378
LSO,2018,43.99523,2.5203648,19.048353,14.05955,20.376501
LSO,2019,45.8204,2.607525,20.06309,12.49591,19.013077
LSO,2020,47.621685,2.6963887,21.101868,10.919934,17.660124
LSO,2021,47.5696,2.7292678,21.26212,12.120544,16.318466
LSO,2022,47.516247,2.762947,21.426273,13.3063545,14.98818
LBR,2000,,,19.66737,13.495744,54.783463
LBR,2001,,,20.08232,13.664018,53.899773
LBR,2002,,,20.499126,13.826573,53.01691
LBR,2003,,,20.917557,13.983096,52.135815
LBR,2004,,,21.337736,14.133708,51.256027
LBR,2005,,,21.759542,14.278271,50.37801
LBR,2006,,,22.038475,14.4167795,49.501766
LBR,2007,,,22.315313,14.54934,48.62684
LBR,2008,,,22.58998,14.67583,47.753693
LBR,2009,,,22.864107,14.797129,46.877377
LBR,2010,,,23.137878,14.912946,45.99798
LBR,2011,,,23.411629,15.023052,45.11514
LBR,2012,,,23.685247,15.127031,44.22983
LBR,2013,,,23.95923,15.224706,43.341255
LBR,2014,,,24.233458,15.315688,42.45038
LBR,2015,,,24.508284,15.39974,41.556843
LBR,2016,,,24.783905,15.476581,40.660732
LBR,2017,,,25.060175,15.545889,39.762993
LBR,2018,,,25.337633,15.607444,38.86283
LBR,2019,,,25.616306,15.660949,37.96077
LBR,2020,,,25.89639,15.706154,37.05688
LBR,2021,,,26.178091,15.742787,36.151234
LBR,2022,,,26.461208,15.770661,35.244747
LBY,2000,27.135672,63.169395,7.006428,2.6885037,
LBY,2001,26.930405,63.48948,7.0153356,2.564781,
LBY,2002,26.725136,63.809563,7.024244,2.4410584,
LBY,2003,26.519869,64.12965,7.0331516,2.3173358,
LBY,2004,26.314602,64.44972,7.04206,2.193613,
LBY,2005,26.109335,64.769806,7.0509677,2.0698905,
LBY,2006,25.904068,65.08989,7.059876,1.9461678,
LBY,2007,25.6988,65.40997,7.0687838,1.8224453,
LBY,2008,25.493532,65.73005,7.077692,0.9487226,0.75
LBY,2009,25.288265,66.05013,7.0866,0.825,0.75
LBY,2010,25.082998,66.37022,7.095508,0.7012774,0.75
LBY,2011,24.877731,66.6903,7.104416,0.57755476,0.75
LBY,2012,24.672462,67.01038,7.113324,0.45383212,0.75
LBY,2013,24.467196,67.33046,7.122232,0.33010948,0.75
LBY,2014,24.261929,67.65054,7.13114,0.20638686,0.75
LBY,2015,24.056662,67.97063,7.140048,0.08266424,0.75
LBY,2016,23.829548,68.274734,7.1460223,0,0.7496922
LBY,2017,23.830044,68.2751,7.1460886,9.880985e-15,0.7487662
LBY,2018,23.83054,68.27546,7.1461554,0,0.74784243
LBY,2019,23.83054,68.27546,7.1461554,0,0.74784243
LBY,2020,23.83054,68.27546,7.1461554,0,0.74784243
LBY,2021,23.83054,68.27546,7.1461554,0,0.74784243
LBY,2022,23.83054,68.27546,7.1461554,0,0.74784243
LIE,2000,96.22128,3.7287202,0,0.05,0
LIE,2001,96.22128,3.7287202,0,0.05,0
LIE,2002,96.22128,3.7287202,0,0.05,0
LIE,2003,96.22128,3.7287202,0,0.05,0
LIE,2004,96.22128,3.7287202,0,0.05,0
LIE,2005,96.22128,3.7287202,0,0.05,0
LIE,2006,96.22128,3.7287202,0,0.05,0
LIE,2007,96.22128,3.7287202,0,0.05,0
LIE,2008,96.22128,3.7287202,0,0.05,0
LIE,2009,96.22128,3.7287202,0,0.05,0
LIE,2010,96.22128,3.7287202,0,0.05,0
LIE,2011,96.22128,3.7287202,0,0.05,0
LIE,2012,96.22128,3.7287202,0,0.05,0
LIE,2013,96.22128,3.7287202,0,0.05,0
LIE,2014,96.22128,3.7287202,0,0.05,0
LIE,2015,96.22128,3.7287202,0,0.05,0
LIE,2016,96.22128,3.7287202,0,0.05,0
LIE,2017,96.22128,3.7287202,0,0.05,0
LIE,2018,96.22128,3.7287202,0,0.05,0
LIE,2019,96.22128,3.7287202,0,0.05,0
LIE,2020,96.22128,3.7287202,0,0.05,0
LIE,2021,96.22128,3.7287202,0,0.05,0
LIE,2022,96.22128,3.7287202,0,0.05,0
LTU,2000,80.43114,4.208095,1.9649409,13.395826,0
LTU,2001,80.81108,4.252841,1.9787765,12.957304,0
LTU,2002,81.18634,4.297271,1.9927723,12.523615,0
LTU,2003,81.56307,4.3418264,2.0068264,12.088275,0
LTU,2004,81.94126,4.386507,2.0209382,11.651293,0
LTU,2005,82.33817,4.4325104,2.0346396,11.194678,0
LTU,2006,82.75228,4.479698,2.0478415,10.720179,0
LTU,2007,83.16526,4.5267887,2.0609982,10.246954,0
LTU,2008,83.577095,4.5737815,2.0741098,9.775016,0
LTU,2009,84.023964,4.622456,2.0346897,9.3188925,0
LTU,2010,84.46117,4.667236,1.9947591,8.876841,0
LTU,2011,85.51692,4.1081944,1.9533919,8.421488,0
LTU,2012,86.605865,3.5404136,1.9103298,7.9433923,0
LTU,2013,87.708534,2.9573686,1.8664175,7.46768,0
LTU,2014,88.830894,2.3532748,1.8216596,6.99417,0
LTU,2015,89.95668,1.7443897,1.7760655,6.5228677,0
LTU,2016,91.08762,1.1307502,1.7296056,6.0520186,0
LTU,2017,92.22336,0.51232284,1.6823153,5.5820007,0
LTU,2018,93.23426,0.018207723,1.6342347,5.1133,0
LTU,2019,93.755295,0.013032661,1.5854014,4.646273,0
LTU,2020,94.27522,0.007836143,1.5358557,4.181089,0
LTU,2021,94.79334,0.002617635,1.4856423,3.718399,0
LTU,2022,95.30674,0,1.4348052,3.2584586,0
,2000,14.672924,7.450931,8.842482,30.67602,38.357643
,2001,14.792288,7.5121226,8.983452,31.07675,37.635387
,2002,15.30013,7.9839134,9.288946,30.777464,36.649548
,2003,15.503581,8.038082,9.459818,31.27167,35.72685
,2004,15.821947,7.9973187,9.6333885,31.725122,34.822224
,2005,16.224112,8.036708,9.861255,32.10919,33.768734
,2006,16.673101,8.087676,10.084188,32.47,32.68503
,2007,17.138792,8.1858,10.262354,32.76759,31.645466
,2008,17.539537,8.320562,10.467503,33.10916,30.563234
,2009,17.89024,8.460611,10.670374,33.483685,29.495089
,2010,18.248343,8.61162,10.874127,33.842754,28.423157
,2011,18.356255,8.593127,10.983925,33.851795,28.214897
,2012,18.645021,8.7320795,11.191232,34.224514,27.207153
,2013,18.860323,8.842949,11.408053,34.636925,26.25175
,2014,19.068851,8.956439,11.630242,35.068462,25.276007
,2015,19.355146,9.070801,11.8463745,35.462612,24.265064
,2016,19.69783,9.209034,12.048145,35.821636,23.223352
,2017,20.082691,9.33244,12.2582855,36.412025,21.914558
,2018,20.436733,9.454426,12.439283,36.82302,20.846537
,2019,20.836226,9.566262,12.614908,37.190258,19.792345
,2020,21.197319,9.652895,12.80248,37.57126,18.776049
,2021,24.046148,11.017956,12.703528,35.496197,16.736172
,2022,24.356556,11.094488,12.877384,35.278122,16.393452
,2000,18.422932,13.178839,8.397689,15.173667,44.826874
,2001,19.31018,13.950678,8.869752,14.748903,43.120487
,2002,20.222591,14.834794,9.232042,14.320642,41.38993
,2003,21.142443,15.728984,9.577724,13.888459,39.66239
,2004,22.625574,16.081371,9.903578,13.460037,37.92944
,2005,23.938292,16.61933,10.204857,13.038274,36.19925
,2006,25.26955,17.154871,10.487177,12.614473,34.473927
,2007,26.683748,17.641275,10.728327,12.191713,32.754936
,2008,28.092625,18.137432,10.9512415,11.76979,31.04891
,2009,29.527443,18.616217,11.156487,11.348324,29.351528
,2010,30.958902,19.105421,11.343673,10.931039,27.660967
,2011,32.401226,19.591028,11.512241,10.514951,25.980555
,2012,33.840755,20.081831,11.668106,10.098247,24.311062
,2013,35.2861,20.583231,11.804032,9.679888,22.646751
,2014,36.766777,21.062656,11.920751,9.260983,20.988834
,2015,38.246426,21.536459,12.023723,8.844482,19.34891
,2016,39.713924,22.009146,12.1132,8.431448,17.732283
,2017,41.13294,22.479197,12.181642,7.5202465,16.685976
,2018,42.50311,22.953869,12.227245,7.3113422,15.004436
,2019,43.825993,23.452312,12.252774,7.0857043,13.383218
,2020,45.129093,23.943707,12.262105,6.8451915,11.819901
,2021,46.364544,24.468334,12.249881,6.6251063,10.292136
,2022,47.521828,24.95745,12.209072,6.4453936,8.866258
LUX,2000,92.15801,5.553346,2.2806895,0.007949361,0
LUX,2001,92.20374,5.498421,2.2893922,0.008442045,0
LUX,2002,92.23684,5.4584737,2.2957196,0.008970463,0
LUX,2003,92.26909,5.419578,2.301881,0.009454567,0
LUX,2004,92.29989,5.38155,2.3078845,0.010680485,0
LUX,2005,92.32945,5.3446565,2.3136997,0.01219324,0
LUX,2006,92.35831,5.3086405,2.319376,0.013677965,0
LUX,2007,92.386375,5.2735877,2.3249,0.015138775,0
LUX,2008,92.41381,5.2393236,2.330299,0.0165699,0
LUX,2009,92.4403,5.2061987,2.3355174,0.017983612,0
LUX,2010,92.46615,5.1738625,2.340611,0.019376382,0
LUX,2011,92.49128,5.1424017,2.3455658,0.020749457,0
LUX,2012,92.51524,5.112343,2.3502984,0.022113467,0
LUX,2013,92.84367,4.7780795,2.354781,0.023462914,0
LUX,2014,93.172264,4.443875,2.3590555,0.024802178,0
LUX,2015,93.50064,4.110099,2.3631215,0.026138641,0
LUX,2016,93.828766,3.7767813,2.3669932,0.027462503,0
LUX,2017,94.15675,3.443788,2.37067,0.028785704,0
LUX,2018,94.4854,3.1119287,2.3742008,0.028472327,0
LUX,2019,94.81386,2.7804058,2.3775647,0.028172478,0
LUX,2020,95.14211,2.4492376,2.3807616,0.027886705,0
LUX,2021,95.47022,2.1183481,2.3838058,0.027621381,0
LUX,2022,95.79827,1.7876607,2.3867111,0.027359588,0
MAC,2000,55.030777,44.969223,0,0,0
MAC,2001,55.030777,44.969223,0,0,0
MAC,2002,55.030777,44.969223,0,0,0
MAC,2003,55.030777,44.969223,0,0,0
MAC,2004,55.030777,44.969223,0,0,0
MAC,2005,55.030777,44.969223,0,0,0
MAC,2006,55.030777,44.969223,0,0,0
MAC,2007,55.030777,44.969223,0,0,0
MAC,2008,55.030777,44.969223,0,0,0
MAC,2009,55.030777,44.969223,0,0,0
MAC,2010,56.0378,43.9622,0,0,0
MAC,2011,57.044827,42.955173,0,0,0
MAC,2012,58.051853,41.948147,0,0,0
MAC,2013,59.05888,40.94112,0,0,0
MAC,2014,60.065903,39.934097,0,0,0
MAC,2015,61.07293,38.92707,0,0,0
MAC,2016,62.079956,37.920044,0,0,0
MAC,2017,63.086983,36.913017,0,0,0
MAC,2018,64.09401,35.905994,0,0,0
MAC,2019,65.101036,34.898968,0,0,0
MAC,2020,66.108055,33.89194,0,0,0
MAC,2021,67.11508,32.884914,0,0,0
MAC,2022,68.12211,31.87789,0,0,0
MDG,2000,3.1694288,0.65509385,5.7287936,48.7763,41.670387
MDG,2001,3.564405,0.7118304,6.393548,47.943752,41.386467
MDG,2002,3.9596775,0.76934737,7.060186,47.108303,41.102486
MDG,2003,4.355392,0.8280531,7.7279854,46.269814,40.818756
MDG,2004,4.751172,0.8876228,8.3978615,45.428368,40.534977
MDG,2005,5.1653543,0.95582014,9.110866,44.614056,40.153904
MDG,2006,5.5802903,1.0259702,9.828602,43.793465,39.77167
MDG,2007,5.9959607,1.0980854,10.550978,42.966377,39.3886
MDG,2008,6.412517,1.1722571,11.278289,42.13282,39.004116
MDG,2009,6.82971,1.2483817,12.009895,41.29229,38.61972
MDG,2010,7.2476892,1.3265436,12.746078,40.444843,38.234844
MDG,2011,7.666432,1.4067416,13.4867115,39.590324,37.849792
MDG,2012,8.085975,1.489003,14.231806,38.728638,37.464577
MDG,2013,8.506291,1.5733193,14.98122,37.859653,37.079514
MDG,2014,8.927479,1.6597505,15.7351055,36.98335,36.694313
MDG,2015,9.349451,1.7482477,16.493162,36.09956,36.309578
MDG,2016,9.772302,1.8388691,17.255537,35.20827,35.925022
MDG,2017,10.196006,1.9315972,18.02207,34.309376,35.54095
MDG,2018,10.620595,2.0264504,18.792747,33.402843,35.157364
MDG,2019,11.045977,2.1233606,19.567236,32.48858,34.77485
MDG,2020,11.47231,2.2224286,20.34584,31.566587,34.392834
MDG,2021,11.899434,2.3235333,21.12804,30.636812,34.01218
MDG,2022,12.327508,2.426777,21.914146,29.699245,33.632324
MWI,2000,7.831087,1.5201045,5.194405,70.59923,14.855179
MWI,2001,7.8399825,1.5130448,5.2211447,71.13702,14.288812
MWI,2002,7.8471246,1.5076813,5.2479415,71.67378,13.723468
MWI,2003,7.8542676,1.5024332,5.274946,72.209335,13.1590185
MWI,2004,7.8612885,1.4972497,5.3020086,72.74385,12.595604
MWI,2005,10.060811,1.5822065,6.421304,69.90257,12.033108
MWI,2006,12.252624,1.6668949,7.546699,67.062126,11.471657
MWI,2007,14.436822,1.7513655,8.678341,64.22232,10.911147
MWI,2008,16.613298,1.8355674,9.816074,61.38336,10.351696
MWI,2009,18.782902,1.9200997,10.961723,58.543102,9.792175
MWI,2010,20.945267,2.0049534,12.115282,55.701702,9.232796
MWI,2011,23.100082,2.0901687,13.276901,52.859165,8.673684
MWI,2012,25.246918,2.1756864,14.446424,50.01583,8.115143
MWI,2013,27.385468,2.2615948,15.624147,47.17155,7.5572405
MWI,2014,29.515274,2.3477862,16.809761,44.326828,7.0003505
MWI,2015,31.636007,2.434396,18.003716,41.481377,6.444506
MWI,2016,33.747223,2.5212684,19.205542,38.63584,5.890127
MWI,2017,35.84853,2.6085382,20.415688,35.789963,5.337282
MWI,2018,37.93948,2.696193,21.634142,32.943954,4.7862315
MWI,2019,40.019665,2.784174,22.860735,30.098154,4.237273
MWI,2020,42.088585,2.8725648,24.095762,27.252495,3.6905913
MWI,2021,44.14582,2.9613059,25.339052,24.407333,3.1464891
MWI,2022,46.19081,3.050479,26.590893,21.562628,2.6051915
MYS,2000,76.11093,16.993307,3.8881664,1.4024246,1.6051688
MYS,2001,76.28206,16.999573,3.8939776,1.3395907,1.484797
MYS,2002,76.45003,17.005722,3.8996649,1.2767925,1.3677901
MYS,2003,76.61493,17.011763,3.9052305,1.2140093,1.2540698
MYS,2004,76.776794,17.017693,3.9106765,1.1512498,1.1435872
MYS,2005,76.93555,17.02351,3.9160063,1.0885528,1.0363804
MYS,2006,77.091354,17.02922,3.9212217,1.025886,0.93232095
MYS,2007,77.24421,17.034824,3.926325,0.9632635,0.8313736
MYS,2008,77.63327,16.80125,3.9313195,0.9006806,0.73347986
MYS,2009,78.01996,16.567038,3.936209,0.8381693,0.63862705
MYS,2010,78.55369,16.182894,3.9409955,0.77570707,0.5467147
MYS,2011,79.08708,15.793631,3.9458,0.71428293,0.45920476
MYS,2012,79.622734,15.399376,3.9505417,0.6530692,0.3742826
MYS,2013,80.16111,15.000159,3.9552054,0.5160452,0.36748037
MYS,2014,80.70231,14.595997,3.9597902,0.38114396,0.36076128
MYS,2015,81.2463,14.186898,3.9643009,0.2483456,0.35415643
MYS,2016,81.79315,13.772876,3.9687374,0.117593676,0.347645
MYS,2017,82.33808,13.353857,3.9729207,0.33513948,
MYS,2018,83.05385,12.764998,3.977172,0.20398048,
MYS,2019,83.78173,12.098503,3.9787605,0.14100578,
MYS,2020,84.51442,11.424384,3.9802616,0.08093295,
MYS,2021,85.25199,10.742707,3.9816785,0.023623617,
MYS,2022,85.9686,10.027535,3.980789,0.023075877,
MDV,2000,,,1.6975533,8.589104,14.859929
MDV,2001,,,1.7349013,8.430257,13.572688
MDV,2002,,,1.7721448,8.262122,12.31422
MDV,2003,,,1.809231,8.084583,11.086336
MDV,2004,,,1.8461554,7.897311,9.890087
MDV,2005,,,1.8828335,7.7004385,8.7275
MDV,2006,,,1.9166228,7.510638,7.627315
MDV,2007,,,1.9430743,7.3613544,6.6229687
MDV,2008,,,1.827142,7.2091045,5.6302614
MDV,2009,,,1.707253,7.0540843,4.6495876
MDV,2010,,,1.583444,6.896202,3.6809342
MDV,2011,,,1.4557413,6.7354383,2.7243896
MDV,2012,,,1.3241769,6.571685,1.7800144
MDV,2013,,,1.1887612,6.405194,0.8479813
MDV,2014,,,1.049538,6.1572366,0.006726958
MDV,2015,,,0.9061426,5.1203647,0
MDV,2016,,,0.75832427,4.1803865,0
MDV,2017,,,0.607292,3.2529461,0
MDV,2018,,,0.45309427,2.3380544,0
MDV,2019,,,0.29577735,1.4357947,0
MDV,2020,,,0.29838717,0.5462707,0
MDV,2021,,,0.29984227,0,0
MDV,2022,,,0.29946163,0,0
MLI,2000,4.641384,10.768806,13.912134,51.029316,19.64836
MLI,2001,5.1195545,11.574636,14.430511,50.02328,18.852015
MLI,2002,5.6058693,12.406258,14.911374,49.01259,18.063911
MLI,2003,6.0997486,13.263163,15.354515,47.997845,17.284729
MLI,2004,6.600541,14.145929,15.760832,46.9784,16.514297
MLI,2005,7.107651,15.053281,16.129395,45.955837,15.753836
MLI,2006,7.620364,15.986591,16.46192,44.92853,15.00259
MLI,2007,8.138091,16.94482,16.757805,43.897755,14.261531
MLI,2008,8.660083,17.928822,17.018234,42.862526,13.530335
MLI,2009,9.174402,18.948662,17.242449,41.824436,12.810048
MLI,2010,9.691204,19.9926,17.430008,40.78477,12.101417
MLI,2011,10.209976,21.060308,17.581234,39.743855,11.404629
MLI,2012,10.730236,22.15145,17.696472,38.702,10.719845
MLI,2013,11.25153,23.265661,17.776073,37.659542,10.047194
MLI,2014,11.773358,24.402878,17.820631,36.616478,9.386654
MLI,2015,12.295398,25.562414,17.830294,35.573463,8.738432
MLI,2016,12.8172035,26.744175,17.805658,34.530502,8.102461
MLI,2017,13.338331,27.94807,17.747326,33.4876,7.4786735
MLI,2018,13.858573,29.173367,17.655457,32.44542,6.8671846
MLI,2019,14.377424,30.420273,17.530863,31.40364,6.267799
MLI,2020,14.894888,31.687702,17.373495,30.363256,5.6806574
MLI,2021,15.408502,32.978043,17.184368,29.323624,5.105463
MLI,2022,15.919642,34.28891,16.963423,28.285736,4.5422907
MLT,2000,99.2774,0.68796265,0,0.034638505,0
MLT,2001,99.27729,0.68796194,0,0.034743927,0
MLT,2002,99.2772,0.6879613,0,0.034837168,0
MLT,2003,99.2771,0.6879606,0,0.03493672,0
MLT,2004,98.42316,1.5418189,0,0.035027076,0
MLT,2005,97.56921,2.3956757,0,0.035117295,0
MLT,2006,96.7153,3.249532,0,0.03516795,0
MLT,2007,95.86141,4.103389,0,0.035195604,0
MLT,2008,95.00753,4.9572444,0,0.03522683,0
MLT,2009,94.15365,5.8111,0,0.035250835,0
MLT,2010,93.29977,6.6649556,0,0.035276745,0
MLT,2011,92.445885,7.5188103,0,0.03530533,0
MLT,2012,91.592,8.372664,0,0.035329223,0
MLT,2013,90.73812,9.226519,0,0.035357326,0
MLT,2014,89.88425,10.080372,0,0.035377137,0
MLT,2015,89.030365,10.934225,0,0.03540765,0
MLT,2016,88.17649,11.788078,0,0.035429608,0
MLT,2017,88.17647,11.788075,0,0.035454407,0
MLT,2018,88.17645,11.788073,0,0.035477858,0
MLT,2019,88.17643,11.78807,0,0.03550118,0
MLT,2020,88.17641,11.788067,0,0.03552608,0
MLT,2021,88.176384,11.788063,0,0.035554625,0
MLT,2022,88.17636,11.78806,0,0.035577185,0
MHL,2001,,,0,1.4467282,12.688915
MHL,2002,,,0,1.4459752,12.524442
MHL,2003,,,0,1.4452405,12.361556
MHL,2004,,,0,1.4445066,12.200264
MHL,2005,,,0,1.4437866,12.040879
MHL,2006,,,0,1.5799707,11.759005
MHL,2007,,,0.119160905,1.7125516,11.488191
MHL,2008,,,0.6603191,1.8415717,11.227689
MHL,2009,,,1.2008573,1.9671191,10.978231
MHL,2010,,,1.7406607,2.0892348,10.739077
MHL,2011,,,2.2796168,2.2079692,10.510086
MHL,2012,,,2.8176568,2.3235245,10.292385
MHL,2013,,,3.3547227,2.4360664,10.08618
MHL,2014,,,3.8907309,2.5456476,9.890667
MHL,2015,,,4.4256287,2.6524386,9.705793
MHL,2016,,,4.9593477,2.7565007,9.5310335
MHL,2017,,,5.4918513,2.8579974,9.366315
MHL,2018,,,6.023057,2.9569502,9.2109375
MHL,2019,,,6.5529623,3.0535617,9.065024
MHL,2020,,,6.545918,3.1478446,8.927909
MHL,2021,,,6.5386543,3.239899,8.799341
MHL,2022,,,6.531213,3.3298817,8.679231
MTQ,2001,,,0,2.298058,0
MTQ,2002,,,0,2.298058,0
MTQ,2003,,,0,2.298058,0
MTQ,2004,,,0,2.298058,0
MTQ,2005,,,0,2.298058,0
MTQ,2006,,,0,2.1859941,0
MTQ,2007,,,0,2.0739305,0
MTQ,2008,,,0,1.9618666,0
MTQ,2009,,,0,1.8498029,0
MTQ,2010,,,0,1.737739,0
MTQ,2011,,,0,1.6256752,0
MTQ,2012,,,0,1.5136114,0
MTQ,2013,,,0,1.4015476,0
MTQ,2014,,,0,1.2894838,0
MTQ,2015,,,0,1.1774199,0
MTQ,2016,,,0,1.0653561,0
MTQ,2017,,,0,0.9532923,0
MTQ,2018,,,0,0.84122854,0
MTQ,2019,,,0,0.7291647,0
MTQ,2020,,,0,0.6171009,0
MTQ,2021,,,0,0.50503707,0
MTQ,2022,,,0,0.50503707,0
MRT,2000,,,6.92782,20.595621,54.47684
MRT,2001,,,7.3739643,20.106342,53.367237
MRT,2002,,,7.863179,19.643835,52.07431
MRT,2003,,,8.355808,19.168907,50.781067
MRT,2004,,,8.851882,18.681406,49.48754
MRT,2005,,,9.351052,18.180923,48.195404
MRT,2006,,,9.585735,17.667446,46.90414
MRT,2007,,,9.797288,17.140863,45.613777
MRT,2008,,,9.984945,16.601112,44.32381
MRT,2009,,,10.147159,16.047764,43.03747
MRT,2010,,,10.283524,15.480985,41.752644
MRT,2011,,,10.39306,14.90065,40.46988
MRT,2012,,,10.474806,14.306662,39.189716
MRT,2013,,,10.527651,13.698923,37.913746
MRT,2014,,,10.550177,13.077362,36.64614
MRT,2015,,,10.541612,12.442172,35.387897
MRT,2016,,,10.501261,11.7936125,34.139977
MRT,2017,,,10.428728,11.131959,32.901264
MRT,2018,,,10.323346,10.45751,31.67325
MRT,2019,,,10.184718,9.770562,30.455326
MRT,2020,,,10.012347,9.071481,29.248436
MRT,2021,,,9.805898,8.360565,28.051981
MRT,2022,,,9.564986,7.6382275,26.866892
MUS,2000,,,7.443368,2.4137855,0.06350572
MUS,2001,,,7.181654,2.2581766,0.07177463
MUS,2002,,,6.918951,2.1021922,0.080033034
MUS,2003,,,6.6552486,1.9458063,0.0882803
MUS,2004,,,6.390543,1.7890121,0.09651642
MUS,2005,,,6.124826,1.6317928,0.104741015
MUS,2006,,,5.858102,1.4741961,0.1129549
MUS,2007,,,5.5903583,1.3161802,0.121157356
MUS,2008,,,5.3216,1.1577743,0.12934901
MUS,2009,,,5.051815,0.998951,0.13752933
MUS,2010,,,4.781004,0.8397311,0.1456986
MUS,2011,,,4.509162,0.6801132,0.15385684
MUS,2012,,,4.2359753,0.52754784,0.16199218
MUS,2013,,,3.9611797,0.3899598,0.17008851
MUS,2014,,,3.9610577,0.38711053,0.17820218
MUS,2015,,,3.9609363,0.38425395,0.18630385
MUS,2016,,,3.9608052,0.38124704,0.19439687
MUS,2017,,,3.960664,0.37809327,0.20248431
MYT,2006,,,0,30.981144,0
MYT,2007,,,0,30.981144,0
MYT,2008,,,0,30.981144,0
MYT,2009,,,0,30.981144,0
MYT,2010,,,0,30.981144,0
MYT,2011,,,0,27.052176,0
MYT,2012,,,0,23.123207,0
MYT,2013,,,0,19.194239,0
MYT,2014,,,0,15.265271,0
MYT,2015,,,0,11.336303,0
MYT,2016,,,0,7.407335,0
MYT,2017,,,0,3.4783664,0
MYT,2018,,,0,0,0
MYT,2019,,,0,0,0
MYT,2020,,,0,0,0
MYT,2021,,,0,0,0
MYT,2022,,,0,0,0
MEX,2000,17.576391,60.171124,6.5480504,6.569211,9.135222
MEX,2001,17.679749,60.831738,6.5841384,6.2620625,8.642314
MEX,2002,17.780807,61.484947,6.6196246,5.9581256,8.156496
MEX,2003,19.714043,60.296463,6.6544676,5.6573467,7.6776795
MEX,2004,21.681168,59.06499,6.6886497,5.3595963,7.205596
MEX,2005,23.681824,57.79053,6.7220783,5.0650487,6.740518
MEX,2006,25.715677,56.47387,6.7547426,4.77354,6.2821684
MEX,2007,27.782368,55.115307,6.7865896,4.4851313,5.830603
MEX,2008,29.881636,53.71572,6.8176165,4.1995974,5.3854294
MEX,2009,32.0131,52.27523,6.847761,3.9170709,4.9468384
MEX,2010,34.17649,50.79449,6.877005,3.6374187,4.5145936
MEX,2011,36.371784,49.274387,6.9053245,3.360324,4.0881805
MEX,2012,38.59857,47.714874,6.932651,3.085985,3.6679168
MEX,2013,40.856754,46.116478,6.9589324,2.8142667,3.2535703
MEX,2014,43.14613,44.47947,6.9841075,2.5451531,2.8451416
MEX,2015,45.466316,42.804024,7.008138,2.27876,2.4427617
MEX,2016,47.817276,41.09055,7.030952,2.014965,2.0462592
MEX,2017,50.198616,39.339275,7.0525274,1.7538545,1.6557249
MEX,2018,52.61023,37.55054,7.072802,1.4953643,1.2710632
MEX,2019,55.051933,35.724625,7.091727,1.2394714,0.8922438
MEX,2020,57.523533,33.8618,7.109252,0.9861759,0.5192366
MEX,2021,60.024723,31.962406,7.125365,0.7354873,0.15201661
MEX,2022,62.500813,30.017633,7.1356483,0.345904,0
FSM,2000,,,0,74.95157,
FSM,2001,,,0,70.86373,
FSM,2002,,,0,66.77589,
FSM,2003,,,0,62.688046,
FSM,2004,,,0,58.6002,
FSM,2005,,,0,54.51236,
FSM,2006,,,0,40.92452,9.5
FSM,2007,,,0,36.836678,9.5
FSM,2008,,,0,32.748837,9.5
FSM,2009,,,0,28.660994,9.5
FSM,2010,,,0,24.57315,9.5
FSM,2011,,,0,20.48531,9.5
FSM,2012,,,0,16.397467,9.5
FSM,2013,,,0,12.309625,9.5
FSM,2014,,,0,8.221783,9.5
FSM,2015,,,0,13.633942,
FSM,2016,,,0,9.5461,
FSM,2017,,,0,9.5461,
FSM,2018,,,0,9.5461,
FSM,2019,,,0,9.5461,
FSM,2020,,,0,9.5461,
MDA,2000,,,7.0847197,21.320662,3.9371883e-15
MDA,2001,,,7.121713,20.916891,0.009301833
MDA,2002,,,7.1591897,20.507751,0.018737001
MDA,2003,,,7.1971483,20.093248,0.028305499
MDA,2004,,,7.083242,19.6731,0.038006667
MDA,2005,,,6.969564,19.198235,0.047687497
MDA,2006,,,6.856985,18.672346,0.057256006
MDA,2007,,,6.740945,18.14605,0.06683483
MDA,2008,,,6.621439,17.619333,0.076424
MDA,2009,,,6.498461,17.092207,0.0860235
MDA,2010,,,6.3720064,16.56466,0.095633335
MDA,2011,,,6.2420697,16.0367,0.1052535
MDA,2012,,,6.108646,15.508319,0.114884004
MDA,2013,,,5.9717293,14.979528,0.12452483
MDA,2014,,,5.8313146,14.450317,0.134176
MDA,2015,,,5.6885457,13.925246,0.13419
MDA,2016,,,5.543684,13.394834,0.134141
MDA,2017,,,5.3968153,12.859994,0.13403367
MDA,2018,,,5.2481756,12.321028,0.13386567
MDA,2019,,,5.0979075,11.778627,0.13363934
MDA,2020,,,4.9462686,11.233107,0.13335232
MDA,2021,,,4.7934747,10.684985,0.13300467
MDA,2022,,,4.821684,10.134768,0.13259633
MCO,2000,100,0,0,0,0
MCO,2001,100,0,0,0,0
MCO,2002,100,0,0,0,0
MCO,2003,100,0,0,0,0
MCO,2004,100,0,0,0,0
MCO,2005,100,0,0,0,0
MCO,2006,100,0,0,0,0
MCO,2007,100,0,0,0,0
MCO,2008,100,0,0,0,0
MCO,2009,100,0,0,0,0
MCO,2010,100,0,0,0,0
MCO,2011,100,0,0,0,0
MCO,2012,100,0,0,0,0
MCO,2013,100,0,0,0,0
MCO,2014,100,0,0,0,0
MCO,2015,100,0,0,0,0
MCO,2016,100,0,0,0,0
MCO,2017,100,0,0,0,0
MCO,2018,100,0,0,0,0
MCO,2019,100,0,0,0,0
MCO,2020,100,0,0,0,0
MCO,2021,100,0,0,0,0
MCO,2022,100,0,0,0,0
MNG,2000,41.863865,2.3158224,29.22801,6.536528,20.055775
MNG,2001,42.59797,2.3666084,29.719135,6.3190565,18.997232
MNG,2002,43.303806,2.4269242,30.193974,6.1059175,17.96938
MNG,2003,43.990623,2.4873354,30.652552,5.8971477,16.97234
MNG,2004,45.358467,2.5834537,30.35912,5.6927767,16.006182
MNG,2005,46.724056,2.6810946,30.029325,5.493112,15.072412
MNG,2006,48.087704,2.7803965,29.66504,5.2977977,14.169064
MNG,2007,49.447926,2.881269,29.267447,5.1069202,13.29644
MNG,2008,50.803875,2.983698,28.83793,4.9204144,12.454083
MNG,2009,52.153114,3.0874226,28.377434,4.738594,11.6434355
MNG,2010,53.496567,3.1926658,27.887793,4.5610003,10.861977
MNG,2011,54.68728,3.2749462,27.338026,4.4217196,10.27803
MNG,2012,55.80358,3.344309,26.753548,4.302656,9.795906
MNG,2013,56.931236,3.4144323,26.155012,4.1838274,9.315494
MNG,2014,58.06994,3.4852722,25.542452,4.0652895,8.837047
MNG,2015,59.220085,3.556917,24.916021,3.946928,8.360048
MNG,2016,60.381367,3.6293244,24.275747,3.8287983,7.8847623
MNG,2017,61.553516,3.7024481,23.621677,3.7109537,7.4114037
MNG,2018,62.739616,3.7770875,22.954199,3.5925972,6.936501
MNG,2019,63.939064,3.8532772,22.273193,3.4738011,6.4606657
MNG,2020,65.1512,3.9310522,21.578571,3.354662,5.9845133
MNG,2021,65.55783,3.9654694,21.732372,3.2353408,5.5089836
MNG,2022,65.96411,4.0007715,21.88517,3.1157863,5.0341616
MNE,2006,23.94933,66.692184,2.635612,6.5604763,0.16239826
MNE,2007,26.267752,64.909836,2.4717314,6.1946554,0.15602401
MNE,2008,28.559965,63.155872,2.3066802,5.827802,0.1496794
MNE,2009,30.826004,61.430103,2.1404476,5.4600787,0.14336823
MNE,2010,33.06549,59.733006,1.9730333,5.0913844,0.13708767
MNE,2011,35.27822,58.06483,1.8044353,4.7216744,0.13083638
MNE,2012,37.464073,56.425713,1.63465,4.3509493,0.1246144
MNE,2013,39.62295,54.8158,1.4636766,3.9791484,0.1184206
MNE,2014,41.7548,53.23516,1.2915118,3.6062706,0.11225513
MNE,2015,43.85956,51.68386,1.1181525,3.2323081,0.10611812
MNE,2016,45.937084,50.161995,0.9435919,2.857319,0.10001067
MNE,2017,47.987373,48.669624,0.76782984,2.4812412,0.09393185
MNE,2018,50.00739,47.206856,0.59083825,2.1464329,0.048481524
MNE,2019,51.73089,45.77141,0.41116273,2.0414028,0.045135
MNE,2020,53.415096,44.35667,0.24835922,1.9380264,0.04184576
MNE,2021,55.401146,42.38996,0.24960308,1.9178777,0.041410726
MNE,2022,57.399685,40.410763,0.25084692,1.8977308,0.04097569
MSR,2000,,,9.659011,4.965645,3.7942243
MSR,2001,,,9.7042885,4.7099705,3.6222036
MSR,2002,,,9.749566,4.454296,3.450183
MSR,2003,,,9.794843,4.1986213,3.2781622
MSR,2004,,,9.84012,3.942947,3.1061413
MSR,2005,,,9.885398,3.6872723,2.9341207
MSR,2006,,,9.9306755,3.4315977,2.7621
MSR,2007,,,9.975952,3.1759233,2.590079
MSR,2008,,,10.02123,2.9202487,2.4180584
MSR,2009,,,10.066507,2.6645741,2.2460377
MSR,2010,,,10.111785,2.4088995,2.074017
MSR,2011,,,10.157062,2.1532252,1.9019963
MSR,2012,,,10.202339,1.8975506,1.7299755
MSR,2013,,,10.247617,1.6418761,1.5579548
MSR,2014,,,10.292894,1.3862015,1.385934
MSR,2015,,,10.338172,1.130527,1.2139133
MSR,2016,,,10.383449,0.8748525,1.0418925
MSR,2017,,,10.428726,0.61917794,0.8698718
MSR,2018,,,10.474004,0.3635034,0.69785106
MSR,2019,,,10.519281,0.107828856,0.5258303
MSR,2020,,,10.548963,9.15934e-15,0.35328725
MSR,2021,,,10.548963,9.103829e-15,0.35328725
MSR,2022,,,10.548963,9.103829e-15,0.35328725
MAR,2000,48.730515,18.937307,8.885309,0.5297267,22.917141
MAR,2001,49.27505,19.23091,8.977567,0.5554434,21.961027
MAR,2002,50.126637,19.63827,8.664336,0.5814511,20.989307
MAR,2003,50.99864,20.047682,8.343871,0.6077143,20.002098
MAR,2004,51.78737,20.450645,8.007807,0.8378409,18.91634
MAR,2005,52.330044,20.847279,7.6553955,1.6397395,17.527542
MAR,2006,52.881657,21.246971,7.298296,2.4226408,16.150436
MAR,2007,53.43268,21.64598,6.933516,3.1862783,14.801545
MAR,2008,53.982853,22.04419,6.5610948,3.9307795,13.481083
MAR,2009,54.53194,22.441494,6.181092,4.656306,12.189169
MAR,2010,55.080555,22.83808,5.793767,5.362736,10.924864
MAR,2011,55.628017,23.233694,5.399076,6.050402,9.688811
MAR,2012,56.17451,23.628376,4.997175,6.7193313,8.480605
MAR,2013,56.719803,24.022036,4.5881376,7.36976,7.300262
MAR,2014,57.264076,24.41471,4.172111,8.001683,6.1474223
MAR,2015,57.807083,24.806305,3.749173,8.615382,5.022056
MAR,2016,58.349014,25.19686,3.3194628,9.210814,3.923851
MAR,2017,58.889626,25.586287,2.8830643,9.788293,2.8527303
MAR,2018,59.428898,25.974566,2.440092,10.347968,1.8084737
MAR,2019,60.060772,26.267464,1.990647,10.890237,0.7908822
MAR,2020,60.70962,26.540812,1.5348608,11.2147045,0
MAR,2021,60.89822,26.485422,1.5394446,11.076912,0
MAR,2022,61.01042,26.505926,1.5440109,10.93964,0
MOZ,2000,,,2.0927167,29.154581,58.522152
MOZ,2001,,,2.3322744,29.677673,56.76404
MOZ,2002,,,2.5384958,30.19469,55.00955
MOZ,2003,,,2.7330294,30.705492,53.259167
MOZ,2004,,,2.9160018,31.210148,51.512447
MOZ,2005,,,3.0874267,31.708559,49.769855
MOZ,2006,,,3.2474926,32.20079,48.030563
MOZ,2007,,,3.3960955,32.686684,46.295845
MOZ,2008,,,3.5508533,33.16579,44.453114
MOZ,2009,,,3.696834,33.628212,42.610394
MOZ,2010,,,3.8329334,34.073296,40.776764
MOZ,2011,,,3.9592402,34.50084,38.95315
MOZ,2012,,,4.075969,34.910633,37.139698
MOZ,2013,,,4.183337,35.30247,35.33653
MOZ,2014,,,4.281565,35.67615,33.54379
MOZ,2015,,,4.3708773,36.03146,31.761614
MOZ,2016,,,4.451499,36.3682,29.990135
MOZ,2017,,,4.523584,36.6863,28.229788
MOZ,2018,,,4.5874367,36.985455,26.480389
MOZ,2019,,,4.6435413,37.26487,24.74128
MOZ,2020,,,4.692075,37.52439,23.012953
MOZ,2021,,,4.869732,37.763264,21.295126
MOZ,2022,,,5.0496397,37.981792,19.58877
MMR,2000,58.38124,5.0786357,9.401421,17.02683,10.111873
MMR,2001,58.92318,5.090698,9.483508,16.549665,9.952948
MMR,2002,59.24144,5.3245335,9.56531,16.07415,9.794567
MMR,2003,59.555218,5.5611377,9.646853,15.600175,9.636616
MMR,2004,59.86449,5.800531,9.728137,15.127741,9.479099
MMR,2005,60.169216,6.0427365,9.809159,14.656865,9.3220215
MMR,2006,60.46931,6.2876334,9.889892,14.187666,9.165498
MMR,2007,60.76481,6.535371,9.970358,13.720047,9.009418
MMR,2008,61.055668,6.78597,10.050556,13.25402,8.853787
MMR,2009,61.04632,7.2905974,10.174679,12.789684,8.698716
MMR,2010,61.034042,7.795779,10.299309,12.326875,8.543996
MMR,2011,61.0188,8.30118,10.424403,11.865778,8.389841
MMR,2012,61.000587,8.806944,10.55,11.406318,8.236151
MMR,2013,60.97943,9.312887,10.676079,10.948575,8.083028
MMR,2014,60.95525,9.819333,10.802711,10.492429,7.9302764
MMR,2015,60.9273,10.32857,10.930363,10.037121,7.776648
MMR,2016,60.895058,10.84088,11.059146,9.582803,7.622113
MMR,2017,60.858047,11.356369,11.189144,9.129696,7.4667425
MMR,2018,60.815723,11.87532,11.32048,8.677959,7.3105173
MMR,2019,60.767666,12.397653,11.453203,8.227876,7.1536026
MMR,2020,60.713417,12.923461,11.5873995,7.7796516,6.99607
MMR,2021,60.65228,13.453218,11.723244,7.3334436,6.8378153
MMR,2022,60.61475,13.515404,11.737497,7.3229218,6.8094277
NAM,2000,,,8.94503,4.152021,58.847733
NAM,2001,,,9.0810375,4.712065,57.85704
NAM,2002,,,9.277675,5.2632504,56.669262
NAM,2003,,,9.485721,5.8061743,55.45946
NAM,2004,,,9.693989,6.34126,54.26654
NAM,2005,,,9.901521,6.868459,53.09394
NAM,2006,,,10.108804,7.38758,51.940334
NAM,2007,,,10.315425,7.898549,50.807293
NAM,2008,,,10.521508,8.401207,49.694683
NAM,2009,,,10.725936,8.89566,48.606083
NAM,2010,,,10.92972,9.381595,47.53863
NAM,2011,,,11.1319275,9.859114,46.49525
NAM,2012,,,11.337592,10.326591,45.4622
NAM,2013,,,11.541717,10.785225,44.454
NAM,2014,,,11.744249,11.234925,43.470932
NAM,2015,,,11.944619,11.675812,42.514603
NAM,2016,,,12.139851,12.109016,41.59246
NAM,2017,,,12.329251,12.534987,40.705654
NAM,2018,,,12.512825,12.953929,39.853497
NAM,2019,,,12.637863,13.36605,39.035313
NAM,2020,,,12.804889,13.683969,38.251175
NAM,2021,,,12.968713,13.977536,37.500328
NAM,2022,,,13.128998,13.874644,37.155815
NRU,2000,,,30.688526,2.6795883,1.1181324
NRU,2001,,,30.700052,2.5571032,1.2044863
NRU,2002,,,30.711578,2.434618,1.2908401
NRU,2003,,,30.723104,2.3121326,1.377194
NRU,2004,,,30.73463,2.1896474,1.463548
NRU,2005,,,30.746157,2.0671623,1.5499017
NRU,2006,,,30.757683,1.9446771,1.6362556
NRU,2007,,,30.769209,1.8221918,1.7226095
NRU,2008,,,30.780735,1.6997067,1.8089634
NRU,2009,,,30.79226,1.5772215,1.8953173
NRU,2010,,,30.803785,1.4547362,1.9816712
NRU,2011,,,30.815311,1.3322511,2.068025
NRU,2012,,,30.826838,1.2097659,2.154379
NRU,2013,,,30.838364,1.0872806,2.2407327
NRU,2014,,,30.84989,0.9647955,2.3270867
NRU,2015,,,30.861416,0.84231025,2.4134405
NRU,2016,,,30.872942,0.719825,2.4997945
NRU,2017,,,30.884468,0.59733987,2.5861483
NRU,2018,,,30.884468,0.59733987,2.5861483
NRU,2019,,,30.884468,0.59733987,2.5861483
NRU,2020,,,30.884468,0.59733987,2.5861483
NRU,2021,,,30.884468,0.59733987,2.5861483
NPL,2000,8.999706,4.9645977,10.526803,6.304971,69.203926
NPL,2001,11.23152,5.2811675,11.407067,6.12249,65.957756
NPL,2002,12.814697,6.261826,12.109731,5.940769,62.87298
NPL,2003,14.440411,7.269465,12.731254,5.758469,59.800404
NPL,2004,16.108381,8.303892,13.271743,5.5755854,56.7404
NPL,2005,17.818325,9.364909,13.731317,5.3921056,53.693344
NPL,2006,19.569956,10.452315,14.110108,5.2080045,50.65962
NPL,2007,21.36301,11.566015,14.408514,5.023265,47.639194
NPL,2008,23.197136,12.705675,14.626406,4.8378797,44.632904
NPL,2009,25.072023,13.871075,14.763951,4.651839,41.641113
NPL,2010,26.987352,15.061989,14.821331,4.4651284,38.6642
NPL,2011,28.942814,16.278288,14.798936,4.277714,35.702248
NPL,2012,30.938063,17.520119,14.697671,4.0895247,32.754623
NPL,2013,32.972664,18.7869,14.517047,3.9005713,29.822819
NPL,2014,35.046177,20.078629,14.257708,3.7107935,26.906693
NPL,2015,37.158173,21.39482,13.919427,3.520189,24.007391
NPL,2016,39.308147,22.735329,13.502645,3.3287084,21.125172
NPL,2017,41.495636,24.099741,13.007351,3.1363404,18.260935
NPL,2018,43.720097,25.487793,12.433836,2.9430401,15.415233
NPL,2019,45.981068,26.89906,11.782159,2.7487977,12.588916
NPL,2020,48.277966,28.333246,11.052632,2.5535676,9.782588
NPL,2021,50.610313,29.78991,10.245381,2.3573492,6.9970455
NPL,2022,50.576435,29.816269,10.283506,2.3466234,6.977167
NLD,2000,97.44082,0.61565614,1.9431027,0.00041951,0
NLD,2001,97.44109,0.59056455,1.9679418,0.000399536,0
NLD,2002,97.44136,0.5594605,1.9987324,0.000443118,0
NLD,2003,97.44163,0.52968997,2.0282032,0.00047673,0
NLD,2004,97.445175,0.49796215,2.056354,0.000510093,0
NLD,2005,97.448715,0.46761525,2.0831368,0.000534125,0
NLD,2006,97.452225,0.4399344,2.1072798,0.00055744,0
NLD,2007,97.45573,0.41474974,2.128951,0.000572258,0
NLD,2008,97.45921,0.39053425,2.149662,0.000587933,0
NLD,2009,97.462715,0.36576042,2.1709251,0.000599132,0
NLD,2010,97.46622,0.34195566,2.1912282,0.000602404,0
NLD,2011,97.46969,0.32059893,2.2091076,0.000605775,0
NLD,2012,97.47316,0.30011466,2.2261229,0.000606019,0
NLD,2013,97.47659,0.28229687,2.2404983,0.00061111,0
NLD,2014,97.48001,0.26680645,2.2525697,0.000614312,0
NLD,2015,97.48342,0.25180054,2.2641613,0.000617011,0
NLD,2016,97.486824,0.23730339,2.2752488,0.000621153,0
NLD,2017,97.490234,0.22329094,2.2858562,0.000617048,0
NLD,2018,97.49366,0.20998128,2.295768,0.000588493,0
NLD,2019,97.497086,0.19732603,2.3050315,0.000560535,0
NLD,2020,97.49752,0.18827623,2.3136714,0.000535368,0
NLD,2021,97.49763,0.18012834,2.321735,0.000512595,0
NLD,2022,97.49772,0.1725138,2.3292706,0.000495071,0
NCL,2000,,,0,0,0
NCL,2001,,,0,0,0
NCL,2002,,,0,0,0
NCL,2003,,,0,0,0
NCL,2004,,,0,0,0
NCL,2005,,,0,0,0
NCL,2006,,,0,0,0
NCL,2007,,,0,0,0
NCL,2008,,,0,0,0
NCL,2009,,,0,0,0
NCL,2010,,,0,0,0
NCL,2011,,,0,0,0
NCL,2012,,,0,0,0
NCL,2013,,,0,0,0
NCL,2014,,,0,0,0
NCL,2015,,,0,0,0
NCL,2016,,,0,0,0
NCL,2017,,,0,0,0
NCL,2018,,,0,0,0
NCL,2019,,,0,0,0
NCL,2020,,,0,0,0
NCL,2021,,,0,0,0
NCL,2022,,,0,0,0
NZL,2000,80.43645,19.563553,0,2.2797552e-07,0
NZL,2001,81.02218,18.977823,0,5.2725017e-07,0
NZL,2002,81.60877,18.391224,0,3.9571145e-07,0
NZL,2003,82.19624,17.803757,0,5.2229854e-07,0
NZL,2004,82.78458,17.215422,0,1.579188e-06,0
NZL,2005,83.37379,16.626217,0,0,0
NZL,2006,83.96385,16.036142,0,2.2661977e-06,0
NZL,2007,84.5548,15.445199,0,0,0
NZL,2008,85.14661,14.853388,0,2.5444215e-06,0
NZL,2009,85.739296,14.260704,0,0,0
NZL,2010,86.33284,13.667157,0,1.1121971e-06,0
NZL,2011,86.92726,13.072736,0,0,0
NZL,2012,87.52255,12.477449,0,0,0
NZL,2013,87.576744,12.423258,0,4.0592792e-07,0
NZL,2014,87.62798,12.372019,0,1.1898231e-06,0
NZL,2015,87.67627,12.323733,0,7.4455977e-07,0
NZL,2016,87.7216,12.2784,0,0,0
NZL,2017,87.76398,12.23602,0,0,0
NZL,2018,87.803406,12.196597,0,0,0
NZL,2019,87.96474,12.035266,0,0,0
NZL,2020,88.61715,11.382852,0,0,0
NZL,2021,88.67798,11.322016,0,3.7693892e-06,0
NZL,2022,88.738815,11.261182,0,0,0
NIC,2000,,,5.6674147,21.512688,15.746992
NIC,2001,,,5.7639093,20.99616,15.180564
NIC,2002,,,5.860305,20.478327,14.616858
NIC,2003,,,5.956633,19.959158,14.055613
NIC,2004,,,6.052894,19.438662,13.496826
NIC,2005,,,6.149214,18.91662,12.939605
NIC,2006,,,6.2468333,18.390724,12.375437
NIC,2007,,,6.3443327,17.863125,11.814728
NIC,2008,,,6.4417744,17.333714,11.257053
NIC,2009,,,6.5390983,16.802603,10.702822
NIC,2010,,,6.636333,16.269743,10.151825
NIC,2011,,,6.7334795,15.735131,9.604064
NIC,2012,,,6.8305383,15.198765,9.059537
NIC,2013,,,6.927509,14.660643,8.518246
NIC,2014,,,7.0243616,14.120863,7.980338
NIC,2015,,,7.1211267,13.57934,7.44565
NIC,2016,,,7.2178044,13.036072,6.91418
NIC,2017,,,7.223834,13.014911,6.886433
NIC,2018,,,7.2302675,12.992332,6.8568273
NIC,2019,,,7.2371335,12.968238,6.825229
NIC,2020,,,7.2444034,12.942726,6.791773
NER,2000,2.8226907,2.696707,3.8905156,7.6045065,82.98558
NER,2001,3.1237347,2.9023693,4.167955,7.6704206,82.13552
NER,2002,3.416996,3.0981686,4.4301376,7.7119417,81.34276
NER,2003,3.7103426,3.2940674,4.6924696,7.7538757,80.54925
NER,2004,3.9670944,3.5265183,4.954753,7.79592,79.755714
NER,2005,4.215102,3.7828004,5.201385,7.8378406,78.96287
NER,2006,4.4598804,4.038709,5.4519897,7.880124,78.1693
NER,2007,4.7013235,4.2941027,5.7063537,7.9225197,77.3757
NER,2008,4.939318,4.548809,5.964254,7.9648385,76.58278
NER,2009,5.174085,4.8031573,6.226144,8.007473,75.78914
NER,2010,5.405513,5.0569835,6.491803,8.05023,74.99547
NER,2011,5.633481,5.3100934,6.761006,8.092937,74.202484
NER,2012,5.858225,5.562862,7.0342135,8.135928,73.408775
NER,2013,6.079625,5.8151016,7.3112006,8.179033,72.615036
NER,2014,6.299589,6.0700703,7.595434,8.223942,71.81097
NER,2015,6.518507,6.328609,7.8873715,8.270215,70.9953
NER,2016,6.7362704,6.590704,8.1865225,8.316962,70.16954
NER,2017,6.9533014,6.8572645,8.493289,8.363695,69.33245
NER,2018,7.1695,7.128276,8.80713,8.409573,68.48552
NER,2019,7.385322,7.404716,9.128392,8.454037,67.62753
NER,2020,7.600967,7.6871104,9.456933,8.496383,66.758606
NER,2021,7.8718586,8.009703,9.703013,8.535864,65.87956
NER,2022,8.116054,8.293604,10.029351,8.571805,64.98919
NGA,2000,20.719006,7.275629,24.688908,23.018366,24.29809
NGA,2001,20.688677,7.345231,25.005653,22.871597,24.088842
NGA,2002,21.085419,7.6009293,24.721775,22.719038,23.872839
NGA,2003,21.496174,7.8630853,24.429852,22.560713,23.650177
NGA,2004,21.921518,8.131744,24.129108,22.396675,23.420954
NGA,2005,22.359318,8.409596,23.81852,22.22709,23.185474
NGA,2006,22.80993,8.696918,23.497862,22.051794,22.943497
NGA,2007,23.273756,8.993937,23.166637,21.870714,22.694956
NGA,2008,23.751192,9.300882,22.824333,21.683805,22.439787
NGA,2009,24.242609,9.617677,22.469452,21.491531,22.178728
NGA,2010,24.748384,9.944748,22.102257,21.293465,21.911144
NGA,2011,25.268658,10.281282,21.719397,21.091219,21.639444
NGA,2012,25.803585,10.627348,21.320541,20.884844,21.363682
NGA,2013,26.353254,10.982821,20.904913,20.674677,21.084335
NGA,2014,26.917772,11.347739,20.472225,20.460787,20.801476
NGA,2015,27.497244,11.722138,20.022196,20.243248,20.515173
NGA,2016,28.091604,12.105722,19.553928,20.022581,20.226164
NGA,2017,28.70101,12.498709,19.06762,19.798565,19.934097
NGA,2018,29.325386,12.900874,18.562635,19.571594,19.639507
NGA,2019,29.964678,13.312076,18.038599,19.341923,19.342726
NGA,2020,30.61887,13.732278,17.495344,19.109652,19.043858
NGA,2021,31.28785,14.161305,16.932547,18.875053,18.743246
NGA,2022,31.971573,14.599103,16.350088,18.638231,18.441006
NIU,2000,,,0,0,0
NIU,2001,,,0,0,0
NIU,2002,,,0,0,0
NIU,2003,,,0,0,0
NIU,2004,,,0,0,0
NIU,2005,,,0,9.769963e-15,0.49794173
NIU,2006,,,0,0,0.49876562
NIU,2007,,,0,4.6074256e-15,0.4995922
NIU,2008,,,0,0.08424439,0.5
NIU,2009,,,0,0.2501104,0.5
NIU,2010,,,0,0.4159764,0.5
NIU,2011,,,0,0.5818424,0.5
NIU,2012,,,0,0.74770844,0.5
NIU,2013,,,0,0.9135744,0.5
NIU,2014,,,0,1.0794405,0.5
NIU,2015,,,0,1.2453065,0.5
NIU,2016,,,0,1.4111724,0.5
NIU,2017,,,0,1.5770384,0.5
NIU,2018,,,0,1.7429044,0.5
NIU,2019,,,0,1.9087704,0.5
NIU,2020,,,0,2.0746365,0.5
NIU,2021,,,0,2.0746365,0.5
NIU,2022,,,0,2.0746365,0.5
PRK,2002,,,5.2673683,19.537207,0
PRK,2003,,,5.27029,19.52389,0
PRK,2004,,,5.2732487,19.5104,0
PRK,2005,,,5.27617,19.497084,0
PRK,2006,,,5.279129,19.483593,0
PRK,2007,,,4.935849,19.14037,0
PRK,2008,,,4.5891747,18.796843,0
PRK,2009,,,4.2415557,18.43941,0
PRK,2010,,,3.8910465,18.076546,0
PRK,2011,,,3.5366635,17.713335,0
PRK,2012,,,3.1784818,17.34924,0
PRK,2013,,,2.8164334,16.984615,0
PRK,2014,,,2.450531,16.619291,0
PRK,2015,,,2.0807405,16.253448,0
PRK,2016,,,1.7073412,15.884051,0
PRK,2017,,,1.3301929,15.511396,0
PRK,2018,,,0.9492111,15.135215,0
PRK,2019,,,0.6250889,14.755421,0
PRK,2020,,,0.62757385,14.70696,0
PRK,2021,,,0.6301996,14.655759,0
PRK,2022,,,0.63295615,14.602005,0
MKD,2000,12.904117,75.74583,4.9491434,6.00092,0.39998966
MKD,2001,12.918058,75.70717,4.9541287,6.018641,0.40200642
MKD,2002,12.931999,75.6685,4.9591136,6.0363636,0.4040231
MKD,2003,12.945941,75.62984,4.964099,6.0540867,0.4060399
MKD,2004,12.9599495,75.59098,4.969108,6.0718927,0.40806627
MKD,2005,12.928724,76.215416,4.7284193,5.7350664,0.3923719
MKD,2006,12.895665,76.849174,4.4843764,5.394518,0.37626582
MKD,2007,12.8606,77.492,4.2370253,5.0505886,0.35978493
MKD,2008,12.8233595,78.14361,3.986419,4.703649,0.34296617
MKD,2009,12.78369,78.80388,3.7325962,4.353996,0.3258388
MKD,2010,12.741494,79.47237,3.4756458,4.0020466,0.30844817
MKD,2011,12.696513,80.14893,3.2156224,3.648109,0.29082453
MKD,2012,12.648645,80.83311,2.952626,3.2926085,0.27301225
MKD,2013,12.5976305,81.52474,2.686727,2.9358585,0.25504243
MKD,2014,12.543282,82.223526,2.4180224,2.57822,0.23695314
MKD,2015,12.485588,82.92882,2.1466446,2.2201538,0.21879281
MKD,2016,12.424193,83.640625,1.8726705,1.861927,0.20058769
MKD,2017,12.359,84.358444,1.5962304,1.5039476,0.18238024
MKD,2018,12.205737,85.12395,1.3170855,1.1890225,0.1642074
MKD,2019,12.192334,85.68684,1.0355221,0.93920034,0.14610608
MKD,2020,12.204914,86.222855,0.75236994,0.69174576,0.12811628
MKD,2021,12.214296,86.76052,0.46776557,0.4471477,0.110271014
MKD,2022,12.181854,86.79995,0.46526903,0.44354072,0.10938272
,2000,45.950962,32.303947,5.702885,6.993816,9.048392
,2001,46.14248,32.390583,5.6836104,6.907899,8.87543
,2002,46.45024,32.525524,5.6120863,6.714847,8.697302
,2003,46.783653,32.667473,5.541122,6.5491457,8.458606
,2004,47.539196,32.378227,5.4622564,6.404948,8.215375
,2005,48.30964,32.23128,5.3133645,6.351066,7.7946515
,2006,49.233147,31.967564,5.1433635,6.288058,7.3678675
,2007,50.17379,31.702219,4.9598546,6.2208605,6.943277
,2008,51.051083,31.465471,4.790297,6.3102503,6.3828974
,2009,51.876534,31.257015,4.626208,6.25866,5.981584
,2010,52.653656,31.090939,4.4628906,6.210149,5.5823665
,2011,53.413944,30.93229,4.29699,6.169555,5.187223
,2012,54.12958,30.784658,4.149243,6.138295,4.7982235
,2013,54.852673,30.636171,3.9894106,6.1068163,4.414931
,2014,55.604107,30.436296,3.8352742,6.081024,4.0432982
,2015,56.446266,30.124655,3.6851249,6.0615644,3.6823907
,2016,57.299305,29.763535,3.529156,6.08101,3.3269935
,2017,58.09253,29.33375,3.3644035,6.177543,3.0317738
,2018,58.91276,28.848957,3.222787,6.304541,2.7109528
,2019,59.76127,28.286318,3.1350589,6.417188,2.4001687
,2020,60.5159,27.70528,3.0470386,6.5988455,2.1329374
,2021,64.024025,28.867102,2.6817267,3.7915862,0.6355618
,2022,64.498665,28.422203,2.6751504,3.7702713,0.63371104
MNP,2000,,,17.98525,6.1400714,0.24643162
MNP,2001,,,18.036045,5.8756843,0.24643162
MNP,2002,,,18.08684,5.6112967,0.24643162
MNP,2003,,,18.137634,5.3469095,0.24643162
MNP,2004,,,18.188429,5.088309,0.24064474
MNP,2005,,,18.239223,4.8297086,0.23485784
MNP,2006,,,18.290018,4.571108,0.22907096
MNP,2007,,,18.340813,4.3125076,0.22328408
MNP,2008,,,18.391607,4.053907,0.21749718
MNP,2009,,,18.442402,3.7953067,0.2117103
MNP,2010,,,18.493198,3.5367062,0.20592341
MNP,2011,,,18.543993,3.2781057,0.20013653
MNP,2012,,,18.594788,3.0195053,0.19434963
MNP,2013,,,18.645582,2.7609048,0.18856275
MNP,2014,,,18.696377,2.5023043,0.18277586
MNP,2015,,,18.747171,2.2437038,0.17698897
MNP,2016,,,18.797966,1.9851034,0.1712021
MNP,2017,,,18.84876,1.7265029,0.1654152
MNP,2018,,,18.899555,1.4679024,0.15962832
MNP,2019,,,18.95035,1.203515,0.15962832
MNP,2020,,,19.001144,0.9391277,0.15962832
MNP,2021,,,19.051939,0.6747404,0.15962832
MNP,2022,,,19.102734,0.41035298,0.15962832
NOR,2000,76.514015,21.557924,1.92806,0,0
NOR,2001,76.57737,21.493494,1.929134,7.139221e-07,0
NOR,2002,76.64143,21.428368,1.9301989,2.94791e-06,0
NOR,2003,76.7062,21.362545,1.9312519,2.8450836e-06,0
NOR,2004,76.77176,21.29605,1.9321971,0,0
NOR,2005,76.8381,21.228878,1.9330249,3.4004572e-06,0
NOR,2006,76.90514,21.16101,1.93385,0,0
NOR,2007,76.97286,21.092436,1.934702,0,0
NOR,2008,77.04126,21.023159,1.935578,1.4539938e-06,0
NOR,2009,77.11037,20.953186,1.936445,0,0
NOR,2010,77.18018,20.882515,1.937306,0,0
NOR,2011,77.250534,20.811104,1.938365,1.7545774e-06,0
NOR,2012,77.32143,20.73895,1.939622,6.128985e-07,0
NOR,2013,77.393036,20.666105,1.940858,6.150766e-07,0
NOR,2014,77.465355,20.592566,1.942076,4.076991e-06,0
NOR,2015,77.5384,20.518332,1.9432731,0,0
NOR,2016,77.612144,20.443403,1.944455,6.527089e-07,0
NOR,2017,77.68661,20.367783,1.945613,0,0
NOR,2018,77.76179,20.291468,1.946744,4.4578715e-06,0
NOR,2019,77.83769,20.214462,1.947848,1.2964159e-06,0
NOR,2020,77.914314,20.136763,1.948922,0,0
NOR,2021,77.99166,20.058372,1.949969,0,0
NOR,2022,78.069725,19.979288,1.9509921,0,0
,2000,,,3.6224852,47.494015,12.427004
,2001,,,3.56489,47.560787,12.465995
,2002,,,3.5559883,47.765644,12.490636
,2003,,,3.5485985,47.918423,12.512798
,2004,,,3.5412,48.07682,12.535132
,2005,,,3.565264,47.99513,12.654771
,2006,,,3.614961,47.93407,12.75058
,2007,,,3.666674,47.846508,12.870832
,2008,,,3.7253222,47.762623,12.995212
,2009,,,3.833541,47.680122,13.124409
,2010,,,3.942549,47.588417,13.256333
,2011,,,4.0570188,47.475536,13.388496
,2012,,,4.1746426,47.345055,13.521736
,2013,,,4.2935324,47.203438,13.654714
,2014,,,4.4136934,47.05244,13.788026
,2015,,,4.5359683,46.880024,13.943537
,2016,,,4.6592383,46.72807,14.080914
,2017,,,4.7822976,46.299065,14.528238
,2018,,,4.901336,46.140713,14.698902
,2019,,,5.019699,45.998634,14.868522
,2020,,,5.137249,45.844063,15.028293
,2021,,,5.2900596,45.95202,15.034109
,2022,,,5.263038,48.027626,13.456977
OMN,2000,,,0.6127376,10.23142,
OMN,2001,,,0.6127207,6.4182677,3.8162267
OMN,2002,,,0.61800176,5.651813,3.8185594
OMN,2003,,,0.62328583,4.884932,3.820893
OMN,2004,,,0.6287807,4.1158586,3.7837982
OMN,2005,,,0.6343649,3.3549147,3.7169585
OMN,2006,,,0.6398596,3.0258775,3.2309833
OMN,2007,,,0.6452658,2.69354,2.7609832
OMN,2008,,,0.6505851,2.3579576,2.306675
OMN,2009,,,0.6558186,2.0192132,1.8678986
OMN,2010,,,0.66096866,1.6773512,1.4441912
OMN,2011,,,0.6660787,1.3265016,1.0178311
OMN,2012,,,0.6710375,0.9642959,0.6112716
OMN,2013,,,0.6757915,0.5951678,0.24262267
OMN,2014,,,0.6793644,0.2751777,0
OMN,2015,,,0.68099165,0,0
OMN,2016,,,0.68070245,0,0
OMN,2017,,,0.68043596,0,0
OMN,2018,,,0.6801898,3.8203706e-07,0
OMN,2019,,,0.6799625,0,0
OMN,2020,,,0.67975307,0,0
OMN,2021,,,0.67956,0,0
OMN,2022,,,0.67938244,1.9098918e-06,0
PAK,2000,,,3.9094148,28.311037,36.873756
PAK,2001,,,4.2037873,27.552803,35.43574
PAK,2002,,,4.4970517,26.794912,34.003582
PAK,2003,,,4.789117,26.03749,32.57823
PAK,2004,,,5.0800166,25.280481,31.159285
PAK,2005,,,5.3697114,24.523945,29.747187
PAK,2006,,,5.6777153,23.76782,28.341558
PAK,2007,,,5.9889617,23.012117,26.94245
PAK,2008,,,6.303368,22.25689,25.550259
PAK,2009,,,6.6208844,21.502138,24.164982
PAK,2010,,,6.941469,20.747814,22.78631
PAK,2011,,,7.2650595,19.99392,21.414297
PAK,2012,,,7.5915904,19.240454,20.048992
PAK,2013,,,7.921002,18.487524,18.690964
PAK,2014,,,8.2532425,17.735022,17.33968
PAK,2015,,,8.588246,16.982962,15.995186
PAK,2016,,,8.925948,16.231344,14.6575365
PAK,2017,,,9.2663,15.480218,13.326975
PAK,2018,,,9.608848,14.728894,12.0007105
PAK,2019,,,9.95327,13.97739,10.679404
PAK,2020,,,10.299257,13.22578,9.363922
PAK,2021,,,10.646494,12.4741,8.055138
PAK,2022,,,10.994695,11.72247,6.754022
PLW,2000,,,0,7.6944795,0
PLW,2001,,,0,7.42673,0
PLW,2002,,,0,7.156077,0
PLW,2003,,,0,6.8825083,0
PLW,2004,,,0,6.483817,0
PLW,2005,,,0,6.096381,0
PLW,2006,,,0,5.719625,0
PLW,2007,,,0,5.353544,0
PLW,2008,,,0,4.997708,0
PLW,2009,,,0,4.652176,0
PLW,2010,,,0,4.316527,0
PLW,2011,,,0,3.9906845,0
PLW,2012,,,0,3.6741824,0
PLW,2013,,,0,3.367081,0
PLW,2014,,,0,3.0689678,0
PLW,2015,,,0,2.7796175,0
PLW,2016,,,0,2.499353,0
PLW,2017,,,0,2.227703,0
PLW,2018,,,0,1.964152,0
PLW,2019,,,0,1.7082256,0
PLW,2020,,,0,1.4594139,0
PLW,2021,,,0,1.2173136,0
PLW,2022,,,0,0.9814934,0
PSE,2000,43.82239,46.51752,8.351557,0.6288429,0.6796885
PSE,2001,43.929394,46.462986,8.348774,0.6093297,0.6495162
PSE,2002,44.03625,46.408512,8.345975,0.5897884,0.6194707
PSE,2003,44.142124,46.354855,8.343222,0.5702251,0.58957344
PSE,2004,44.43737,46.542507,7.909701,0.5506222,0.55980206
PSE,2005,44.78585,46.67624,7.4767346,0.53099847,0.5301766
PSE,2006,45.66236,46.281326,7.044288,0.5113405,0.5006856
PSE,2007,47.135647,45.289047,6.6123357,0.49164978,0.4713186
PSE,2008,48.615726,44.289326,6.1809206,0.47193116,0.44209418
PSE,2009,50.10546,43.27956,5.7498856,0.45215645,0.41293862
PSE,2010,51.60485,42.259716,5.3192544,0.43232828,0.38384834
PSE,2011,53.113186,41.230457,4.8890905,0.41242757,0.35483792
PSE,2012,54.630096,40.192085,4.4594355,0.39246994,0.3259125
PSE,2013,56.155216,39.144928,4.03033,0.37244767,0.29707733
PSE,2014,57.688175,38.089306,3.6018174,0.35236427,0.2683375
PSE,2015,59.228302,37.02583,3.1739442,0.33221653,0.23970552
PSE,2016,60.775246,35.95481,2.746747,0.31200692,0.21118571
PSE,2017,62.32892,34.876316,2.32026,0.29173175,0.1827757
PSE,2018,63.888412,33.79118,1.8945242,0.2713916,0.1544935
PSE,2019,65.45387,32.699234,1.4695752,0.23746082,0.13985413
PSE,2020,67.02422,31.601515,1.0454401,0.20190167,0.12692106
PSE,2021,68.59957,30.497866,0.62215716,0.16616957,0.114233375
PSE,2022,70.10873,29.332882,0.324275,0.13231637,0.10180294
PAN,2000,,,8.601269,21.36961,7.661488
PAN,2001,,,8.701742,20.723774,7.47785
PAN,2002,,,8.453562,20.079535,7.2957406
PAN,2003,,,8.197286,19.436516,7.114845
PAN,2004,,,7.9328513,18.794897,6.935311
PAN,2005,,,7.6602526,18.154675,6.757135
PAN,2006,,,7.379485,17.51584,6.5803094
PAN,2007,,,7.090509,16.878563,6.4049726
PAN,2008,,,6.7933946,16.242485,6.2308273
PAN,2009,,,6.488098,15.607778,6.058016
PAN,2010,,,6.1745925,14.9746,5.886667
PAN,2011,,,5.8530793,14.34129,5.7154174
PAN,2012,,,5.523431,13.7080555,5.5444474
PAN,2013,,,5.1855454,13.074935,5.3738017
PAN,2014,,,4.839327,12.441828,5.2033935
PAN,2015,,,4.4846544,11.809083,5.033525
PAN,2016,,,4.121436,11.176743,4.864234
PAN,2017,,,3.7495735,10.544693,4.695434
PAN,2018,,,3.368971,9.913126,4.52729
PAN,2019,,,2.9795349,9.282076,4.359837
PAN,2020,,,2.5811875,8.651731,4.1932287
PAN,2021,,,2.173825,8.02198,4.027383
PAN,2022,,,2.1658573,7.9689255,3.9853415
PNG,2000,,,3.0928664,65.99438,12.770654
PNG,2001,,,3.0914934,66.00342,12.772922
PNG,2002,,,3.0903697,66.01082,12.774775
PNG,2003,,,3.0892463,66.01821,12.776629
PNG,2004,,,3.0880604,66.026024,12.778586
PNG,2005,,,3.110554,65.6832,12.991944
PNG,2006,,,3.1330843,65.34003,13.205382
PNG,2007,,,3.1556516,64.99651,13.418902
PNG,2008,,,3.1782556,64.65264,13.632505
PNG,2009,,,3.2617369,64.308426,13.8461895
PNG,2010,,,3.346237,63.963863,14.059957
PNG,2011,,,3.4316998,63.619293,14.273923
PNG,2012,,,3.518243,63.274025,14.487855
PNG,2013,,,3.606612,62.923874,14.700141
PNG,2014,,,3.6967947,62.569244,14.910683
PNG,2015,,,3.7887764,62.21055,15.11939
PNG,2016,,,3.8825383,61.84819,15.326161
PNG,2017,,,3.97806,61.482574,15.530906
PNG,2018,,,4.0753717,61.113834,15.73339
PNG,2019,,,4.1743903,60.742672,15.93365
PNG,2020,,,4.2750854,60.369488,16.131592
PNG,2021,,,4.281094,60.341064,16.11612
PNG,2022,,,4.2879148,60.308796,16.098558
PRY,2000,42.46939,27.900576,2.5384154,26.201004,0.8906132
PRY,2001,43.19663,28.491741,2.583194,24.855154,0.8732827
PRY,2002,43.903812,29.075974,2.6363282,23.527725,0.856161
PRY,2003,44.55973,29.61702,2.6813443,22.300737,0.8411694
PRY,2004,45.2003,30.14816,2.7253897,21.099495,0.82665724
PRY,2005,45.83308,30.67699,2.770079,19.9076,0.81224895
PRY,2006,46.457996,31.203382,2.815353,18.725319,0.7979517
PRY,2007,47.075085,31.727352,2.8611856,17.552612,0.78376484
PRY,2008,47.68449,32.249058,2.90758,16.38919,0.7696813
PRY,2009,48.28615,32.76837,2.9544797,15.235288,0.75570756
PRY,2010,48.88012,33.28532,3.0018587,14.090859,0.7418432
PRY,2011,49.46644,33.799915,3.0496912,12.955867,0.7280878
PRY,2012,50.045208,34.31231,3.0979786,11.83007,0.7144346
PRY,2013,50.61524,34.818474,3.1458535,10.719355,0.70107925
PRY,2014,51.17812,35.3211,3.1938684,9.619025,0.6878907
PRY,2015,51.734455,35.821697,3.2423182,8.526735,0.67479557
PRY,2016,52.284306,36.320404,3.2912042,7.4423013,0.66178787
PRY,2017,52.827686,36.817,3.3404589,6.3659763,0.64887816
PRY,2018,53.36447,37.31292,3.390333,5.296277,0.6359988
PRY,2019,53.878094,37.83758,3.4273086,4.2338524,0.623165
PRY,2020,54.38427,38.362003,3.4643314,3.1790187,0.6103762
PRY,2021,54.738907,38.86384,3.494006,2.306341,0.59690744
PRY,2022,55.19313,39.379616,3.5291116,1.5756098,0.32253006
PER,2000,10.564419,53.539635,7.6688237,9.505359,18.721764
PER,2001,12.283945,52.60017,7.7664495,9.491914,17.857521
PER,2002,14.049205,51.60415,7.8638487,9.475407,17.00739
PER,2003,15.859636,50.552704,7.9610696,9.455792,16.1708
PER,2004,17.714622,49.446167,8.058016,9.433218,15.347976
PER,2005,19.613518,48.284946,8.154594,9.407859,14.539084
PER,2006,21.555866,47.070457,8.250927,9.379524,13.743226
PER,2007,23.540968,45.802765,8.346851,9.348518,12.960897
PER,2008,25.556429,44.447155,8.433677,9.332182,12.2305565
PER,2009,27.605694,43.030464,8.516667,9.322065,11.525108
PER,2010,29.693512,41.570736,8.599937,9.310322,10.825493
PER,2011,31.81941,40.067776,8.683342,9.297255,10.132219
PER,2012,33.983356,38.522358,8.766999,9.282572,9.444717
PER,2013,36.18484,36.934353,8.850767,9.266604,8.763435
PER,2014,38.423733,35.304295,8.9347,9.2492,8.088072
PER,2015,40.69993,33.63262,9.018846,9.230217,7.418386
PER,2016,43.01289,31.919315,9.103072,9.209987,6.754735
PER,2017,45.36251,30.164825,9.187427,9.188372,6.096864
PER,2018,47.74971,28.370178,9.272291,9.164129,5.44369
PER,2019,50.174194,26.535244,9.35757,9.137368,4.7956233
PER,2020,52.635986,24.660114,9.443279,9.10784,4.152778
PER,2021,55.134777,22.744713,9.529328,9.07565,3.5155344
PER,2022,57.670387,20.78907,9.615676,9.040744,2.8841238
PHL,2000,45.460243,18.774689,17.496098,7.2404323,11.028541
PHL,2001,45.828236,18.83635,17.630589,6.6672406,11.037587
PHL,2002,46.19711,18.89796,17.765368,6.472418,10.667145
PHL,2003,46.566864,18.959522,17.900436,6.2771173,10.296061
PHL,2004,46.937496,19.021034,18.035795,6.081341,9.924334
PHL,2005,47.309006,19.082499,18.171442,5.885088,9.551964
PHL,2006,47.681396,19.143911,18.307379,5.6883597,9.178952
PHL,2007,48.485874,19.370913,17.846754,5.49116,8.805299
PHL,2008,49.300835,19.59979,17.374893,5.2934766,8.431004
PHL,2009,50.126293,19.830692,16.89175,5.0952754,8.055988
PHL,2010,50.96098,20.070002,16.397316,4.8946233,7.6770797
PHL,2011,51.890743,20.249922,15.892888,4.6842933,7.2821536
PHL,2012,52.846962,20.410027,15.379315,4.4750304,6.8886633
PHL,2013,53.810104,20.569849,14.856706,4.266794,6.4965477
PHL,2014,54.780186,20.72909,14.325134,4.0596557,6.1059327
PHL,2015,55.757027,20.887993,13.784724,3.853557,5.7166996
PHL,2016,56.740604,21.046404,13.23556,3.6485229,5.3289104
PHL,2017,57.729507,21.206255,12.678242,3.4441676,4.941828
PHL,2018,58.72309,21.3676,12.113181,3.2405787,4.5555506
PHL,2019,59.720917,21.53011,11.540726,3.037928,4.1703196
PHL,2020,60.72247,21.693577,10.961265,2.8363595,3.7863283
PHL,2021,61.72722,21.857796,10.375204,2.636013,3.4037693
PHL,2022,62.734615,22.022547,9.7829685,2.4370344,3.022835
POL,2000,86.00574,1.5688078,0.9488572,11.476596,0
POL,2001,86.67992,1.5769197,0.95507914,10.788087,0
POL,2002,87.35037,1.584987,0.9611881,10.103455,0
POL,2003,88.001854,1.5928296,0.9665339,9.438785,0
POL,2004,88.673744,1.5825193,0.9718898,8.771849,0
POL,2005,89.349655,1.5705931,0.97726136,8.102491,0
POL,2006,90.029686,1.5570545,0.98265404,7.4306016,0
POL,2007,90.71363,1.5419029,0.98805696,6.7564096,0
POL,2008,91.40151,1.5251406,0.9934705,6.0798774,0
POL,2009,92.09349,1.5067722,0.9989049,5.4008327,0
POL,2010,92.78949,1.4867984,1.0043551,4.7193604,0
POL,2011,93.489494,1.4652216,1.0098209,4.035464,0
POL,2012,94.19296,1.4420358,1.0152338,3.3497694,0
POL,2013,94.90076,1.4172556,1.0206691,2.6613164,0
POL,2014,95.61282,1.3908825,1.0261172,1.970177,0
POL,2015,96.329185,1.3629196,1.0315876,1.2763087,0
POL,2016,97.049736,1.3333677,1.0371914,0.5797043,0
POL,2017,97.49891,1.2976974,1.0407842,0.16260673,0
POL,2018,97.699394,1.2560304,1.0425379,0.002040136,0
POL,2019,97.74776,1.2097754,1.0424653,1.0756658e-06,0
POL,2020,97.80323,1.1542792,1.0424932,0,0
POL,2021,97.85996,1.0973915,1.042642,1.0808851e-06,0
POL,2022,97.91797,1.0391126,1.0429163,1.1760752e-06,0
PRT,2000,53.618435,43.917484,0.30732435,2.1567576,0
PRT,2001,53.750336,43.916298,0.30892548,2.024443,0
PRT,2002,53.879314,43.915848,0.3104782,1.8943594,0
PRT,2003,54.006405,43.915573,0.3120268,1.765997,0
PRT,2004,56.01716,42.02993,0.3135713,1.6393422,0
PRT,2005,58.100224,40.07021,0.31510368,1.5144641,0
PRT,2006,60.254314,38.037792,0.31663403,1.3912607,0
PRT,2007,62.477676,35.934383,0.31815624,1.2697845,0
PRT,2008,64.76884,33.761494,0.31967244,1.1499968,0
PRT,2009,67.12597,31.520927,0.3211766,1.0319278,0
PRT,2010,69.54779,29.213999,0.32267466,0.9155354,0
PRT,2011,72.0327,26.842333,0.32416475,0.800807,0
PRT,2012,74.579056,24.407555,0.32564482,0.68774873,0
PRT,2013,77.18501,21.91153,0.32710898,0.5763517,0
PRT,2014,79.84929,19.355566,0.32856116,0.46658593,0
PRT,2015,82.5703,16.741276,0.32999945,0.3584303,0
PRT,2016,85.34658,14.07013,0.33142385,0.25186208,0
PRT,2017,88.17674,11.343573,0.33283442,0.14685333,0
PRT,2018,90.83828,8.771775,0.3342039,0.055738334,0
PRT,2019,91.31548,8.32963,0.3354505,0.01943292,0
PRT,2020,91.76827,7.895113,0.33661506,1.0241482e-06,0
PRT,2021,92.19422,7.468095,0.33768728,0,0
PRT,2022,92.75608,6.9051733,0.33874556,0,0
PRI,2000,32.538513,65.08725,0,2.3742378,0
PRI,2001,32.536297,65.26878,0,2.1949215,0
PRI,2002,32.53408,65.45032,0,2.0156054,0
PRI,2003,32.53186,65.63185,0,1.8362892,0
PRI,2004,32.529644,65.813385,0,1.656973,0
PRI,2005,32.527428,65.99491,0,1.4776568,0
PRI,2006,32.52521,66.176445,0,1.2983406,0
PRI,2007,32.522995,66.35798,0,1.1190244,0
PRI,2008,32.52078,66.53951,0,0.93970823,0
PRI,2009,32.518562,66.72105,0,0.760392,0
PRI,2010,32.516346,66.90258,0,0.58107585,0
PRI,2011,32.514126,67.084114,0,0.40175962,0
PRI,2012,32.51191,67.26565,0,0.22244343,0
PRI,2013,32.509693,67.44718,0,0.043127228,0
PRI,2014,32.50916,67.49084,0,0,0
PRI,2015,32.50916,67.49084,0,0,0
PRI,2016,32.50916,67.49084,0,0,0
PRI,2017,32.50916,67.49084,0,0,0
PRI,2018,32.50916,67.49084,0,0,0
PRI,2019,32.50916,67.49084,0,0,0
PRI,2020,32.50916,67.49084,0,0,0
PRI,2021,32.50916,67.49084,0,0,0
PRI,2022,32.50916,67.49084,0,0,0
QAT,2000,87.5672,12.369348,0,8.187895e-16,0.06345074
QAT,2001,87.5672,12.369348,0,8.187895e-16,0.06345074
QAT,2002,87.5672,12.369348,0,8.187895e-16,0.06345074
QAT,2003,87.5672,12.369348,0,8.187895e-16,0.06345074
QAT,2004,87.5672,12.369348,0,8.187895e-16,0.06345074
QAT,2005,87.5672,12.369348,0,8.187895e-16,0.06345074
QAT,2006,87.5672,12.369348,0,8.187895e-16,0.06345074
QAT,2007,87.5672,12.369348,0,4.9266147e-15,0.063451
QAT,2008,87.5672,12.369348,0,7.507883e-15,0.06345126
QAT,2009,88.456314,11.480236,0,8.520962e-15,0.06345152
QAT,2010,89.34542,10.591125,0,7.938095e-15,0.06345178
QAT,2011,90.234535,9.702013,0,5.7315264e-15,0.06345204
QAT,2012,91.12365,8.8129015,0,1.8873791e-15,0.0634523
QAT,2013,92.01276,7.9237895,0,0,0.063452564
QAT,2014,92.90187,7.034678,0,3.3584246e-15,0.063452825
QAT,2015,93.79098,6.1455665,0,0,0.063453086
QAT,2016,94.68009,5.256455,0,0,0.06345335
QAT,2017,95.56921,4.3673434,0,0,0.063453615
QAT,2018,96.45831,3.4782317,0,1.3808399e-14,0.063453875
QAT,2019,97.34743,2.5891201,0,1.1893264e-14,0.063454136
QAT,2020,98.236534,1.7000085,0,8.132384e-15,0.0634544
QAT,2021,99.12565,0.810897,0,2.4980018e-15,0.06345466
QAT,2022,99.93655,0,0,9.145462e-15,0.06345492
REU,2001,71.425575,27.638906,0,0.93551934,0
REU,2002,71.425575,27.638906,0,0.93551934,0
REU,2003,71.425575,27.638906,0,0.93551934,0
REU,2004,71.425575,27.638906,0,0.93551934,0
REU,2005,71.425575,27.638906,0,0.93551934,0
REU,2006,71.75481,27.335316,0,0.9098751,0
REU,2007,72.084045,27.031723,0,0.88423085,0
REU,2008,72.413284,26.728132,0,0.85858655,0
REU,2009,72.742516,26.42454,0,0.8329423,0
REU,2010,73.071754,26.120949,0,0.807298,0
REU,2011,73.40099,25.817356,0,0.78165376,0
REU,2012,73.730225,25.513765,0,0.75600946,0
REU,2013,74.05946,25.210173,0,0.7303652,0
REU,2014,74.388695,24.906582,0,0.7047209,0
REU,2015,74.71793,24.60299,0,0.6790767,0
REU,2016,75.04717,24.299398,0,0.65343237,0
REU,2017,75.3764,23.995808,0,0.6277881,0
REU,2018,75.70564,23.692215,0,0.6021439,0
REU,2019,76.034874,23.388624,0,0.5764996,0
REU,2020,76.36411,23.085032,0,0.55085534,0
REU,2021,76.69335,22.78144,0,0.52521104,0
REU,2022,76.69335,22.78144,0,0.52521104,0
ROU,2001,46.91679,27.523493,0.20164013,25.35808,0
ROU,2002,46.895042,27.51781,0.20180216,25.385344,0
ROU,2003,46.93491,27.528225,0.20150508,25.33536,0
ROU,2004,48.065174,26.447865,0.20121026,25.285751,0
ROU,2005,49.243935,25.319004,0.20091543,25.236147,0
ROU,2006,51.168083,24.28443,0.20476964,24.34272,0
ROU,2007,53.13844,23.200686,0.2086024,23.452272,0
ROU,2008,55.1794,22.043364,0.21241365,22.56482,0
ROU,2009,57.29223,20.811216,0.21620345,21.68035,0
ROU,2010,59.478176,19.502987,0.21997175,20.798868,0
ROU,2011,61.738495,18.117414,0.2237186,19.920372,0
ROU,2012,64.04289,16.649502,0.22777441,19.07983,0
ROU,2013,66.412384,15.101371,0.23197615,18.254272,0
ROU,2014,68.86244,13.473502,0.23618397,17.42787,0
ROU,2015,71.400444,11.764964,0.24032417,16.594269,0
ROU,2016,74.0277,9.974126,0.24438453,15.753787,0
ROU,2017,76.74429,8.0992985,0.24836837,14.908038,0
ROU,2018,79.5517,6.138925,0.2522601,14.05712,0
ROU,2019,82.11002,4.4315557,0.2560601,13.202357,0
ROU,2020,84.51945,2.8762221,0.25976247,12.34457,0
ROU,2021,86.974365,1.277888,0.26335776,11.484386,0
ROU,2022,87.57687,0.7073545,0.26278785,11.452983,0
RUS,2000,55.419415,29.185001,0,15.395583,0
RUS,2001,55.684074,29.118504,0,15.197421,0
RUS,2002,55.949383,29.051067,0,14.999552,0
RUS,2003,56.22216,28.98817,0,14.789669,0
RUS,2004,56.497868,28.92622,0,14.575914,0
RUS,2005,56.77412,28.863321,0,14.362557,0
RUS,2006,57.050926,28.799479,0,14.149597,0
RUS,2007,57.328274,28.734686,0,13.937041,0
RUS,2008,57.60617,28.66895,0,13.724881,0
RUS,2009,57.88445,28.602135,0,13.513415,0
RUS,2010,58.163433,28.534512,0,13.302053,0
RUS,2011,58.442966,28.465948,0,13.0910845,0
RUS,2012,58.72519,28.398266,0,12.876543,0
RUS,2013,59.009834,28.331272,0,12.658893,0
RUS,2014,59.297077,28.265163,0,12.437759,0
RUS,2015,59.5865,28.199623,0,12.213877,0
RUS,2016,59.878124,28.13472,0,11.987155,0
RUS,2017,60.171825,28.070395,0,11.757782,0
RUS,2018,60.467335,28.006464,0,11.526201,0
RUS,2019,60.764545,27.942875,0,11.292581,0
RUS,2020,60.91085,28.032053,0,11.057095,0
RUS,2021,61.05754,28.122534,0,10.819924,0
RUS,2022,61.20435,28.214176,0,10.581473,0
RWA,2000,,,7.4675617,43.358242,4.268824
RWA,2001,,,7.88537,41.511665,4.128636
RWA,2002,,,8.3206835,39.676456,3.989164
RWA,2003,,,8.626118,38.0991,3.8739853
RWA,2004,,,8.911108,36.558277,3.762278
RWA,2005,,,9.196018,35.017567,3.6505792
RWA,2006,,,9.481038,33.47673,3.5388656
RWA,2007,,,9.765798,31.936249,3.4271858
RWA,2008,,,10.050479,30.395884,3.3155143
RWA,2009,,,10.335293,28.855425,3.2038314
RWA,2010,,,10.61983,27.315287,3.092179
RWA,2011,,,10.904292,25.775263,2.9805353
RWA,2012,,,11.1889105,24.235184,2.8688831
RWA,2013,,,11.473234,22.695395,2.757258
RWA,2014,,,11.761337,21.153595,2.645402
RWA,2015,,,12.053794,19.610329,2.5333543
RWA,2016,,,12.35045,18.066505,2.421196
RWA,2017,,,12.652149,16.522554,2.3089533
RWA,2018,,,12.959263,14.979178,2.1966822
RWA,2019,,,13.271896,13.437131,2.0844483
RWA,2020,,,13.590697,11.897019,1.972296
RWA,2021,,,13.916061,10.35955,1.8602809
RWA,2022,,,13.960405,10.353983,1.8591659
BLM,2000,,,0,0.8570258,0
BLM,2001,,,0,0.8570258,0
BLM,2002,,,0,0.8570258,0
BLM,2003,,,0,0.8570258,0
BLM,2004,,,0,0.8570258,0
BLM,2005,,,0,0.7922912,0
BLM,2006,,,0,0.72755665,0
BLM,2007,,,0,0.6628221,0
BLM,2008,,,0,0.59808755,0
BLM,2009,,,0,0.533353,0
BLM,2010,,,0,0.46861842,0
BLM,2011,,,0,0.40388387,0
BLM,2012,,,0,0.3391493,0
BLM,2013,,,0,0.27441475,0
BLM,2014,,,0,0.20968018,0
BLM,2015,,,0,0.14494562,0
BLM,2016,,,0,0.08021106,0
BLM,2017,,,0,0.015476495,0
BLM,2018,,,0,0,0
BLM,2019,,,0,0,0
BLM,2020,,,0,0,0
BLM,2021,,,0,0,0
BLM,2022,,,0,0,0
SHN,2002,,,0,1.125,0
SHN,2003,,,0,1.125,0
SHN,2004,,,0,1.125,0
SHN,2005,,,0,1.125,0
SHN,2006,,,0,1.125,0
SHN,2007,,,0,1.0125,0
SHN,2008,,,0,0.9,0
SHN,2009,,,0,0.7875,0
SHN,2010,,,0,0.675,0
SHN,2011,,,0,0.5625,0
SHN,2012,,,0,0.45,0
SHN,2013,,,0,0.3375,0
SHN,2014,,,0,0.225,0
SHN,2015,,,0,0.1125,0
SHN,2016,,,0,0,0
SHN,2017,,,0,0,0
SHN,2018,,,0,0,0
SHN,2019,,,0,0,0
SHN,2020,,,0,0,0
SHN,2021,,,0,0,0
SHN,2022,,,0,0,0
KNA,2000,,,1.2274971,9.503379,2.818261
KNA,2001,,,1.2367839,8.955289,2.7030075
KNA,2002,,,1.2460706,8.4072,2.587754
KNA,2003,,,1.2553575,7.85911,2.4725006
KNA,2004,,,1.2646443,7.3110204,2.357247
KNA,2005,,,1.273931,6.762931,2.2419937
KNA,2006,,,1.2832179,6.2148414,2.1267402
KNA,2007,,,1.2925047,5.6667514,2.0114868
KNA,2008,,,1.3017914,5.118662,1.8962333
KNA,2009,,,1.3110783,4.5705724,1.7809799
KNA,2010,,,1.3203651,4.022483,1.6657264
KNA,2011,,,1.3296518,3.4743931,1.550473
KNA,2012,,,1.3389387,2.9263036,1.4352195
KNA,2013,,,1.3482255,2.378214,1.3199661
KNA,2014,,,1.3482255,2.378214,1.3199661
KNA,2015,,,1.3482255,2.378214,1.3199661
KNA,2016,,,1.3482255,2.378214,1.3199661
KNA,2017,,,1.3482255,2.378214,1.3199661
LCA,2000,,,4.746822,2.7475953,7.531123
LCA,2001,,,4.76355,2.7329729,7.5231576
LCA,2002,,,4.827128,2.6774035,7.4928823
LCA,2003,,,4.888983,2.6233382,7.4634275
LCA,2004,,,5.437993,2.3955023,7.335258
LCA,2005,,,5.9672375,2.1755838,7.218753
LCA,2006,,,6.47717,1.9631069,7.1133294
LCA,2007,,,6.968062,1.7578713,7.018523
LCA,2008,,,7.4403152,1.5595127,6.9338264
LCA,2009,,,7.894398,1.3678885,6.8587437
LCA,2010,,,8.334865,1.1860186,6.7916107
LCA,2011,,,8.795709,1.0276383,6.721216
LCA,2012,,,9.262126,0.8692606,6.6508217
LCA,2013,,,9.7349415,0.7110857,6.5801554
LCA,2014,,,10.214549,0.5530128,6.509077
LCA,2015,,,10.254134,0.39496484,6.437363
LCA,2016,,,10.294751,0.23682553,6.36491
LCA,2017,,,10.332837,0.12172524,6.288437
LCA,2018,,,10.368727,0.047419064,6.2078567
LCA,2019,,,10.376034,0.04760791,6.2040367
LCA,2020,,,10.384397,0.047837686,6.1996627
LCA,2021,,,10.393915,0.04808183,6.1946864
LCA,2022,,,10.40449,0.04836463,6.1891565
MAF,2000,,,0,0.8902109,0
MAF,2001,,,0,0.8902109,0
MAF,2002,,,0,0.8902109,0
MAF,2003,,,0,0.8902109,0
MAF,2004,,,0,0.8902109,0
MAF,2005,,,0,0.829601,0
MAF,2006,,,0,0.76899105,0
MAF,2007,,,0,0.7083812,0
MAF,2008,,,0,0.64777124,0
MAF,2009,,,0,0.5871613,0
MAF,2010,,,0,0.5265514,0
MAF,2011,,,0,0.4659415,0
MAF,2012,,,0,0.40533158,0
MAF,2013,,,0,0.34472165,0
MAF,2014,,,0,0.28411174,0
MAF,2015,,,0,0.22350182,0
MAF,2016,,,0,0.1628919,0
MAF,2017,,,0,0.10228198,0
MAF,2018,,,0,0.041672062,0
MAF,2019,,,0,0,0
MAF,2020,,,0,0,0
MAF,2021,,,0,0,0
MAF,2022,,,0,0,0
SPM,2000,,,0,0.03888003,0
SPM,2001,,,0,0.03888003,0
SPM,2002,,,0,0.03888003,0
SPM,2003,,,0,0.03888003,0
SPM,2004,,,0,0.03888003,0
SPM,2005,,,0,0.041278075,0
SPM,2006,,,0,0.043676116,0
SPM,2007,,,0,0.04607416,0
SPM,2008,,,0,0.0484722,0
SPM,2009,,,0,0.050870243,0
SPM,2010,,,0,0.053268287,0
SPM,2011,,,0,0.055666327,0
SPM,2012,,,0,0.05806437,0
SPM,2013,,,0,0.06046241,0
SPM,2014,,,0,0.06286045,0
SPM,2015,,,0,0.065258496,0
SPM,2016,,,0,0.06765654,0
SPM,2017,,,0,0.07005458,0
SPM,2018,,,0,0.07245263,0
SPM,2019,,,0,0.07485066,0
SPM,2020,,,0,0.07724871,0
SPM,2021,,,0,0.07964675,0
SPM,2022,,,0,0.07964675,0
VCT,2000,,,7.205607,24.579666,1.4852755
VCT,2001,,,6.907293,23.22672,1.5726997
VCT,2002,,,6.595156,21.877476,1.6587769
VCT,2003,,,6.269378,20.532095,1.7434943
VCT,2004,,,5.9300857,19.190544,1.8268245
VCT,2005,,,5.577463,17.85297,1.9087586
VCT,2006,,,5.2116456,16.519352,1.9892657
VCT,2007,,,4.832839,15.189908,2.0683556
VCT,2008,,,4.4411645,13.864523,2.1459823
VCT,2009,,,4.036808,12.54334,2.2221432
VCT,2010,,,3.6199384,11.226407,2.296822
VCT,2011,,,3.1907244,9.913774,2.3700025
VCT,2012,,,2.7493386,8.605491,2.441668
VCT,2013,,,2.295962,7.301658,2.5118291
VCT,2014,,,1.8307552,6.0022273,2.5804174
VCT,2015,,,1.8290718,5.9872375,2.5687544
VCT,2016,,,1.8273759,5.972134,2.5570054
VCT,2017,,,1.8256717,5.9569607,2.5451984
VCT,2018,,,1.823955,5.9416766,2.5333056
WSM,2000,47.93764,43.612885,6.15775,2.2398324,0.051892515
WSM,2001,47.93083,43.62109,6.1575794,2.2386682,0.051831994
WSM,2002,47.94034,43.60964,6.157818,2.2402864,0.051916465
WSM,2003,47.958527,43.587723,6.158273,2.2433994,0.05207808
WSM,2004,47.976566,43.565983,6.1587253,2.2464879,0.052238364
WSM,2005,48.208977,43.680756,5.88269,2.171431,0.05614605
WSM,2006,48.442062,43.795765,5.605904,2.0961676,0.06010377
WSM,2007,48.67551,43.91137,5.3283706,2.0205386,0.064211525
WSM,2008,48.838852,44.09801,5.0500994,1.9447021,0.06833348
WSM,2009,49.002132,44.285603,4.7710934,1.8686973,0.07247166
WSM,2010,49.16535,44.47414,4.491356,1.7925237,0.07662585
WSM,2011,49.121033,44.87109,4.210886,1.716194,0.08079675
WSM,2012,48.562893,45.78262,3.9296393,1.6398511,0.0849972
WSM,2013,48.001144,46.698616,3.647615,1.5634024,0.08922244
WSM,2014,47.435036,47.619884,3.3648417,1.4867779,0.093463466
WSM,2015,46.86472,48.546257,3.0813131,1.4099894,0.097722165
WSM,2016,46.290104,49.477833,2.7970357,1.3330282,0.10199726
WSM,2017,45.711014,50.41479,2.5120254,1.2558832,0.10628611
WSM,2018,45.126076,51.35852,2.2264092,1.1784245,0.11056846
WSM,2019,44.535084,52.309174,1.9402435,1.1006578,0.11483937
WSM,2020,44.00124,53.203487,1.6535547,1.0226163,0.119098835
WSM,2021,43.468193,54.097763,1.3663832,0.94431543,0.123344496
WSM,2022,42.92847,54.999393,1.0787796,0.8657834,0.12757252
SMR,2000,90.1925,9.8075,0,0,0
SMR,2001,90.1925,9.8075,0,0,0
SMR,2002,90.1925,9.8075,0,0,0
SMR,2003,90.1925,9.8075,0,0,0
SMR,2004,90.1925,9.8075,0,0,0
SMR,2005,90.1925,9.8075,0,0,0
SMR,2006,90.1925,9.8075,0,0,0
SMR,2007,90.1925,9.8075,0,0,0
SMR,2008,90.1925,9.8075,0,0,0
SMR,2009,90.1925,9.8075,0,0,0
SMR,2010,90.1925,9.8075,0,0,0
SMR,2011,90.1925,9.8075,0,0,0
SMR,2012,90.1925,9.8075,0,0,0
SMR,2013,90.1925,9.8075,0,0,0
SMR,2014,90.1925,9.8075,0,0,0
SMR,2015,90.1925,9.8075,0,0,0
SMR,2016,90.1925,9.8075,0,0,0
SMR,2017,90.1925,9.8075,0,0,0
SMR,2018,90.1925,9.8075,0,0,0
SMR,2019,90.1925,9.8075,0,0,0
SMR,2020,90.1925,9.8075,0,0,0
SMR,2021,90.1925,9.8075,0,0,0
SMR,2022,90.1925,9.8075,0,0,0
STP,2000,13.015456,7.6070065,4.138011,4.70011,70.53941
STP,2001,14.033412,7.7247148,4.360223,4.6812325,69.20042
STP,2002,15.0699835,7.858157,4.5790696,4.6657643,67.82703
STP,2003,16.110567,7.9951267,4.794521,4.6505847,66.4492
STP,2004,17.152227,8.133166,5.0066686,4.6350985,65.07284
STP,2005,18.126987,8.452113,5.102545,4.6191745,63.69918
STP,2006,19.106596,8.774334,5.1884575,4.602867,62.327747
STP,2007,20.090443,9.099649,5.2650623,4.58616,60.958683
STP,2008,21.077936,9.427879,5.3330016,4.569047,59.592136
STP,2009,22.06822,9.758558,5.392913,4.551449,58.22886
STP,2010,23.061039,10.091778,5.445382,4.5334177,56.86838
STP,2011,24.055733,10.427209,5.490996,4.5149136,55.511147
STP,2012,25.051937,10.764806,5.5303097,4.495958,54.15699
STP,2013,26.04729,11.10209,5.5637817,4.476072,52.810764
STP,2014,27.04195,11.439252,5.591775,4.4553566,51.471664
STP,2015,28.035736,11.776052,5.614602,4.433794,50.139816
STP,2016,29.028618,12.112404,5.632534,4.411425,48.815018
STP,2017,30.020605,12.448232,5.6458054,4.3882675,47.49709
STP,2018,31.011728,12.783468,5.6546106,4.364349,46.185844
STP,2019,32.00205,13.118052,5.659109,4.339698,44.881092
STP,2020,32.99165,13.451933,5.6594267,4.3143387,43.582653
STP,2021,33.98067,13.785147,5.65568,4.288312,42.290188
STP,2022,34.00349,13.839159,5.6714025,4.297944,42.188007
SAU,2000,79.15316,16.014853,4.531987,0.29999712,0
SAU,2001,79.18927,15.987193,4.52354,0.2999947,0
SAU,2002,79.22507,15.959768,4.515166,0.29999983,0
SAU,2003,79.26071,15.932461,4.506829,0.29999927,0
SAU,2004,79.29604,15.905389,4.4985657,0.30000368,0
SAU,2005,79.33154,15.878192,4.4902654,0.29999983,0
SAU,2006,79.36704,15.850989,4.4819655,0.30000338,0
SAU,2007,79.40224,15.824024,4.473739,0.30000234,0
SAU,2008,79.43727,15.797175,4.46555,0.2999999,0
SAU,2009,79.47169,15.770805,4.4575086,0.29999703,0
SAU,2010,79.50595,15.744552,4.4495034,0.29999766,0
SAU,2011,79.54037,15.718172,4.4414616,0.30000058,0
SAU,2012,79.57479,15.691787,4.4334197,0.30000168,0
SAU,2013,79.609535,15.665155,4.425304,0.3000014,0
SAU,2014,79.64429,15.638521,4.4171886,0.3000001,0
SAU,2015,79.67905,15.611879,4.409073,0.30000255,0
SAU,2016,79.71397,15.585114,4.4009204,0.2999985,0
SAU,2017,79.748886,15.558342,4.392768,0.30000263,0
SAU,2018,79.78397,15.531445,4.3845787,0.30000055,0
SAU,2019,79.81891,15.504664,4.376426,0.2999978,0
SAU,2020,79.854004,15.477757,4.368237,0.30000153,0
SAU,2021,79.88895,15.450967,4.360084,0.30000135,0
SAU,2022,79.9239,15.424171,4.351932,0.3000005,0
SEN,2000,16.246653,20.593712,11.114586,27.378756,24.666294
SEN,2001,16.643946,21.181557,11.402337,26.874292,23.89787
SEN,2002,17.060263,21.758389,11.679246,26.369411,23.132692
SEN,2003,17.483635,22.38602,11.970706,25.836998,22.32264
SEN,2004,17.910444,23.052858,12.272958,25.281836,21.481905
SEN,2005,18.335073,23.719404,12.571117,24.724966,20.649439
SEN,2006,18.757517,24.386232,12.865576,24.166014,19.824661
SEN,2007,19.177664,25.052925,13.15634,23.60516,19.007912
SEN,2008,19.595438,25.719402,13.443543,23.042395,18.199223
SEN,2009,20.010754,26.385263,13.72719,22.47791,17.398886
SEN,2010,19.626423,27.848196,14.007682,21.911303,16.606396
SEN,2011,19.20282,29.347328,14.285022,21.342772,15.822059
SEN,2012,18.740242,30.881908,14.559213,20.772501,15.046135
SEN,2013,18.239002,32.451775,14.830527,20.200294,14.278401
SEN,2014,17.69942,34.056442,15.099103,19.626144,13.51889
SEN,2015,17.121815,35.697567,15.366209,19.04839,12.766022
SEN,2016,16.50654,37.374138,15.631886,18.467173,12.020263
SEN,2017,15.853984,39.085884,15.896604,17.882038,11.281491
SEN,2018,15.164585,40.831455,16.160269,17.293335,10.550355
SEN,2019,14.438813,42.61022,16.423222,16.700808,9.826936
SEN,2020,13.677181,44.421032,16.68552,16.104609,9.111658
SEN,2021,13.870416,45.272964,16.947517,15.5044775,8.404625
SEN,2022,14.061603,46.12231,17.209276,14.90057,7.706241
SRB,2000,29.21859,66.29982,2.4082696,2.0050945,0.06822456
SRB,2001,29.181862,66.333176,2.4082172,2.0086122,0.068130285
SRB,2002,29.1456,66.36643,2.4081736,2.0117579,0.06803601
SRB,2003,29.109844,66.399536,2.408139,2.014542,0.06794216
SRB,2004,29.07447,66.43266,2.408115,2.0169017,0.06784747
SRB,2005,29.024376,66.64876,2.2401655,2.0194676,0.06722917
SRB,2006,28.87811,66.961426,2.072209,2.0216432,0.06661571
SRB,2007,28.728647,67.27769,1.9042436,2.023417,0.06600668
SRB,2008,28.576033,67.597466,1.7362664,2.0248349,0.065402895
SRB,2009,28.420187,67.92085,1.5682762,2.025877,0.06480393
SRB,2010,28.261122,68.24783,1.4002706,2.0265658,0.06421016
SRB,2011,28.09201,68.58527,1.2322485,2.026843,0.06362084
SRB,2012,27.858145,68.9852,1.0641972,2.0293949,0.063063554
SRB,2013,27.621363,69.38734,0.89613926,2.0326455,0.06251843
SRB,2014,27.380342,69.79394,0.7280799,2.0356681,0.06197545
SRB,2015,27.135145,70.20487,0.5600182,2.038528,0.061435252
SRB,2016,26.885628,70.62036,0.39195287,2.0411603,0.060897224
SRB,2017,26.630777,71.04205,0.22387636,2.0429337,0.06035661
SRB,2018,26.371716,71.468895,0.05578185,2.0437934,0.059814
SRB,2019,26.108418,71.788605,0,2.0437083,0.059269976
SRB,2020,25.824192,72.07447,0,2.0426145,0.058725137
SRB,2021,25.5347,72.366684,0,2.0404341,0.058179826
SRB,2022,25.38744,72.52297,0,2.0314581,0.05812703
SYC,2000,,,0,3.57466,1.0042092
SYC,2001,,,0,3.3417838,0.9944896
SYC,2002,,,0,3.1089075,0.9847701
SYC,2003,,,0,2.8760312,0.9750506
SYC,2004,,,0,2.6431549,0.96533114
SYC,2005,,,0,2.4102783,0.95561165
SYC,2006,,,0,2.177402,0.94589216
SYC,2007,,,0,1.9445257,0.9361727
SYC,2008,,,0,1.7116494,0.92645323
SYC,2009,,,0,1.478773,0.91673374
SYC,2010,,,0,1.2458967,0.90701425
SYC,2011,,,0,1.0130204,0.89729476
SYC,2012,,,0,0.78014404,0.88757527
SYC,2013,,,0,0.5472677,0.8778558
SYC,2014,,,0,0.31439134,0.8681363
SYC,2015,,,0,0.081515014,0.8584168
SYC,2016,,,0,0,0.8474147
SYC,2017,,,0,0,0.8357665
SYC,2018,,,0,4.5519144e-15,0.82417226
SYC,2019,,,0,0,0
SYC,2020,,,0,0,0
SYC,2021,,,0,0,0
SYC,2022,,,0,0,0
SLE,2000,4.9678416,2.726846,25.007238,41.90591,25.392164
SLE,2001,5.122451,2.8037198,25.827892,41.24891,24.997028
SLE,2002,5.2773576,2.8809006,26.648706,40.589863,24.603172
SLE,2003,5.432563,2.9583893,27.469677,39.92876,24.210611
SLE,2004,5.7985635,3.1509836,27.965511,39.26559,23.819351
SLE,2005,6.1838274,3.3548236,28.464954,38.588257,23.408136
SLE,2006,6.5873046,3.5693462,28.962069,37.898693,22.982586
SLE,2007,7.0042977,3.791305,29.439629,37.20577,22.558998
SLE,2008,7.434776,4.0207343,29.897633,36.509468,22.13739
SLE,2009,7.8763394,4.2598815,30.335804,35.809933,21.718042
SLE,2010,8.330928,4.5067983,30.754156,35.10715,21.300964
SLE,2011,8.798736,4.7614436,31.152967,34.400936,20.885914
SLE,2012,9.2797365,5.0238495,31.532242,33.69126,20.47291
SLE,2013,9.773707,5.293896,31.891455,32.978477,20.062466
SLE,2014,10.280807,5.571756,32.231144,32.262203,19.65409
SLE,2015,10.800904,5.857381,32.551056,31.54261,19.248049
SLE,2016,11.431179,6.053768,32.851456,30.819483,18.844112
SLE,2017,12.063294,6.270564,33.134087,30.09139,18.440664
SLE,2018,12.689868,6.5156164,33.399376,29.35781,18.03733
SLE,2019,13.335309,6.76443,33.647,28.618818,17.634445
SLE,2020,13.999875,7.016838,33.87688,27.874298,17.23211
SLE,2021,14.683831,7.2726674,34.088947,27.12414,16.830416
SLE,2022,15.387452,7.531735,34.28313,26.368216,16.429464
SGP,2000,100,0,0,0,0
SGP,2001,100,0,0,0,0
SGP,2002,100,0,0,0,0
SGP,2003,100,0,0,0,0
SGP,2004,100,0,0,0,0
SGP,2005,100,0,0,0,0
SGP,2006,100,0,0,0,0
SGP,2007,100,0,0,0,0
SGP,2008,100,0,0,0,0
SGP,2009,100,0,0,0,0
SGP,2010,100,0,0,0,0
SGP,2011,100,0,0,0,0
SGP,2012,100,0,0,0,0
SGP,2013,100,0,0,0,0
SGP,2014,100,0,0,0,0
SGP,2015,100,0,0,0,0
SGP,2016,100,0,0,0,0
SGP,2017,100,0,0,0,0
SGP,2018,100,0,0,0,0
SGP,2019,100,0,0,0,0
SGP,2020,100,0,0,0,0
SGP,2021,100,0,0,0,0
SGP,2022,100,0,0,0,0
SXM,2000,,,0,1.11849,0.49708644
SXM,2001,,,0,1.1161133,0.46895516
SXM,2002,,,0,1.1137366,0.44082388
SXM,2003,,,0,1.1113601,0.4126926
SXM,2004,,,0,1.1089834,0.38456133
SXM,2005,,,0,1.1066067,0.35643005
SXM,2006,,,0,1.10423,0.32829878
SXM,2007,,,0,1.1018535,0.3001675
SXM,2008,,,0,1.0994768,0.27203622
SXM,2009,,,0,1.0971001,0.24390496
SXM,2010,,,0,1.0947235,0.21577369
SXM,2011,,,0,1.0923469,0.18764241
SXM,2012,,,0,1.0899702,0.15951113
SXM,2013,,,0,1.0875936,0.13137986
SXM,2014,,,0,1.0875936,0.13137986
SXM,2015,,,0,1.0875936,0.13137986
SXM,2016,,,0,1.0875936,0.13137986
SXM,2017,,,0,1.0875936,0.13137986
SVK,2000,84.736115,15.088838,0,0.1750505,0
SVK,2001,84.735634,15.096761,0,0.167605,0
SVK,2002,84.72172,15.113142,0.00490594,0.1602363,0
SVK,2003,84.56332,15.097602,0.18624619,0.15283811,0
SVK,2004,84.38414,15.085585,0.38486877,0.1454088,0
SVK,2005,84.20451,15.073361,0.5841807,0.13794659,0
SVK,2006,84.024315,15.061043,0.78419054,0.13045177,0
SVK,2007,83.84365,15.048517,0.9848948,0.12293388,0
SVK,2008,83.66267,15.035677,1.1862813,0.1153765,0
SVK,2009,83.481094,15.022738,1.3883733,0.10779064,0
SVK,2010,83.28364,15.022901,1.593248,0.100209326,0
SVK,2011,83.08662,15.021641,1.7991658,0.09257288,0
SVK,2012,82.90473,15.006771,2.003628,0.08486832,0
SVK,2013,82.72242,14.991708,2.2087395,0.07713438,0
SVK,2014,82.53968,14.97645,2.4145002,0.06937112,0
SVK,2015,82.52556,14.995272,2.4175842,0.061587,0
SVK,2016,82.51511,15.011153,2.419955,0.053788602,0
SVK,2017,82.5083,15.024096,2.421612,0.045988265,0
SVK,2018,82.49797,15.033801,2.42225,0.045979623,0
SVK,2019,82.49127,15.04057,2.4221735,0.045981742,0
SVK,2020,82.48822,15.044405,2.4213827,0.045989227,0
SVK,2021,82.48893,15.045199,2.4198513,0.046021193,0
SVK,2022,82.4934,15.042959,2.4175806,0.04605866,0
SVN,2000,39.754932,59.356743,0.88832486,0,0
SVN,2001,41.92333,57.188347,0.88832486,0,0
SVN,2002,44.15049,54.961185,0.88832486,0,0
SVN,2003,46.43694,52.674736,0.88832486,0,0
SVN,2004,48.783203,50.328472,0.88832486,0,0
SVN,2005,51.189816,47.92186,0.88832486,0,0
SVN,2006,53.668137,45.44354,0.88832486,0,0
SVN,2007,56.166885,42.891422,0.8878465,0.053846154,0
SVN,2008,58.73014,40.2748,0.8873682,0.10769231,0
SVN,2009,61.47698,37.474594,0.8868899,0.16153847,0
SVN,2010,64.28428,34.613926,0.88641155,0.21538462,0
SVN,2011,67.1525,31.692337,0.8859332,0.26923078,0
SVN,2012,70.08209,28.70938,0.8854549,0.32307693,0
SVN,2013,73.07351,25.66459,0.88497657,0.37692308,0
SVN,2014,76.12722,22.557514,0.88449824,0.43076923,0
SVN,2015,79.243675,19.38769,0.8840199,0.4846154,0
SVN,2016,80.97411,17.603882,0.8835416,0.53846157,0
SVN,2017,82.01331,16.511316,0.88306326,0.5923077,0
SVN,2018,83.05649,15.414777,0.8825849,0.64615387,0
SVN,2019,83.459465,14.958427,0.8821066,0.7,0
SVN,2020,83.645744,14.718783,0.8816283,0.75384617,0
SVN,2021,83.8301,14.481056,0.88114995,0.8076923,0
SVN,2022,84.04144,14.269715,0.88114995,0.8076923,0
,2000,41.030823,23.584377,8.939768,16.046026,10.399005
,2001,41.264683,23.556324,9.032193,16.006313,10.140488
,2002,40.978428,23.537037,9.107028,15.974911,10.402596
,2003,41.018383,23.68817,9.2185545,15.948893,10.126
,2004,41.043415,23.849413,9.302008,15.913413,9.891749
,2005,41.07431,24.10113,9.319906,15.827231,9.677422
,2006,41.162086,24.32314,9.334097,15.727137,9.45354
,2007,41.27996,24.530645,9.343759,15.613961,9.231674
,2008,41.389835,24.742876,9.355209,15.49966,9.012421
,2009,41.517014,24.960705,9.360351,15.37537,8.786562
,2010,41.60499,25.1991,9.376261,15.2553005,8.56435
,2011,41.656147,25.451147,9.400788,15.139297,8.352622
,2012,41.331337,26.047058,9.43994,15.02485,8.156815
,2013,41.34159,26.307549,9.48238,14.905792,7.962687
,2014,41.346703,26.55109,9.535774,14.793591,7.772844
,2015,41.34071,26.808523,9.581831,14.674104,7.594833
,2016,41.299755,27.083439,9.625978,14.572651,7.418176
,2017,41.251747,27.348143,9.675706,14.419706,7.3046985
,2018,40.87865,26.547281,9.98784,15.106126,7.480103
,2019,40.82225,26.86328,10.045065,14.782622,7.486785
,2020,40.58694,26.992153,10.130084,14.884623,7.4062
,2021,40.37883,27.270483,10.1477,14.927055,7.2759314
,2022,40.241695,27.376213,10.11272,15.338542,6.930831
SLB,2000,,,3.2395258,15.118349,61.207127
SLB,2001,,,3.2892723,15.121284,60.964405
SLB,2002,,,3.3400445,15.12428,60.716675
SLB,2003,,,3.3918426,15.127337,60.46394
SLB,2004,,,3.4446661,15.130452,60.206203
SLB,2005,,,3.5982838,15.206704,59.061916
SLB,2006,,,3.7551186,15.268104,57.918526
SLB,2007,,,3.9152327,15.314237,56.77619
SLB,2008,,,4.078826,15.34462,55.63448
SLB,2009,,,4.2456856,15.358936,54.49476
SLB,2010,,,4.416009,15.356726,53.356594
SLB,2011,,,4.588835,15.338372,52.22419
SLB,2012,,,4.7643194,15.303696,51.096992
SLB,2013,,,4.9423265,15.252732,49.975616
SLB,2014,,,5.12271,15.185607,48.860626
SLB,2015,,,5.3056273,15.102121,47.75148
SLB,2016,,,5.467244,15.135837,46.64298
SLB,2017,,,5.59798,15.339943,45.533722
SLB,2018,,,5.712468,14.773968,45.285236
SLB,2019,,,5.785116,14.684647,45.037827
SLB,2020,,,5.8576064,14.59552,44.790947
SLB,2021,,,5.9297814,14.5067835,44.545143
SOM,2000,15.639454,4.5338626,13.020359,8.122447,58.683876
SOM,2001,16.151825,4.624315,13.473101,8.830678,56.920082
SOM,2002,16.663395,4.7150807,13.924136,9.532614,55.164776
SOM,2003,17.279701,4.851666,14.447269,10.259458,53.161907
SOM,2004,17.895073,4.989225,14.967351,10.973349,51.175003
SOM,2005,18.734715,5.130502,15.254029,11.673794,49.20696
SOM,2006,19.568785,5.2943273,15.520473,12.36088,47.255535
SOM,2007,19.477678,5.0827117,15.143715,12.878044,47.41785
SOM,2008,20.531672,5.368818,15.519637,13.597385,44.98249
SOM,2009,21.60145,5.6561975,15.876105,14.288924,42.577324
SOM,2010,22.687086,5.944821,16.214804,14.952024,40.201267
SOM,2011,23.786028,6.2335553,16.535715,15.585795,37.858906
SOM,2012,24.602966,6.4013085,16.643078,16.189163,36.163483
SOM,2013,25.430635,6.57035,16.733007,16.782618,34.483387
SOM,2014,26.269247,6.740765,16.806229,17.366093,32.817665
SOM,2015,27.118738,6.912521,16.863297,17.93949,31.165955
SOM,2016,27.979036,7.085576,16.904772,18.502666,29.52795
SOM,2017,28.849571,7.259692,16.930882,19.055527,27.904327
SOM,2018,29.730255,7.434819,16.942198,19.59792,26.29481
SOM,2019,30.620275,7.6106296,16.938793,20.129826,24.700474
SOM,2020,31.519543,7.787073,16.92125,20.651106,23.121029
SOM,2021,32.42749,7.963921,16.889816,21.161726,21.557045
SOM,2022,32.562054,8.01375,16.990574,21.114573,21.31905
ZAF,2000,54.611176,4.929897,15.240392,13.036954,12.18158
ZAF,2001,55.41998,4.995164,15.215841,12.881638,11.487378
ZAF,2002,56.241444,5.05723,15.190438,12.717485,10.793404
ZAF,2003,57.06454,5.1169915,15.161122,12.549474,10.107872
ZAF,2004,57.883633,5.175032,15.126303,12.380359,9.434672
ZAF,2005,58.697777,5.2314496,15.085914,12.210606,8.774255
ZAF,2006,59.50736,5.2861543,15.040388,12.039914,8.126186
ZAF,2007,60.312218,5.33913,14.989955,11.868298,7.4904
ZAF,2008,61.11243,5.3903117,14.934953,11.695604,6.8666997
ZAF,2009,61.90695,5.439877,14.875181,11.522466,6.255524
ZAF,2010,62.69634,5.4876757,14.811179,11.348419,5.6563864
ZAF,2011,63.480247,5.5337462,14.743057,11.173632,5.0693154
ZAF,2012,64.258736,5.578025,14.671145,10.997964,4.4941273
ZAF,2013,65.03114,5.620676,14.595309,10.821894,3.9309754
ZAF,2014,65.79791,5.6615224,14.516105,10.644955,3.379506
ZAF,2015,66.55874,5.700616,14.433622,10.4673195,2.8397045
ZAF,2016,67.313515,5.7379513,14.348065,10.288998,2.311471
ZAF,2017,68.062004,5.7735934,14.259507,10.110157,1.7947342
ZAF,2018,68.80413,5.807545,14.168135,9.930824,1.2893611
ZAF,2019,69.53983,5.839811,14.074135,9.751001,0.79521877
ZAF,2020,70.269135,5.8703194,13.977825,9.570541,0.31217825
ZAF,2021,70.99177,5.899225,13.879112,9.002063,0.22783098
ZAF,2022,71.7077,5.9265423,13.778158,8.438446,0.14914954
KOR,2000,87.20934,12.790659,0,0,0
KOR,2001,87.83766,12.162336,0,0,0
KOR,2002,88.4681,11.531896,0,0,0
KOR,2003,89.10066,10.899337,0,0,0
KOR,2004,89.735344,10.264659,0,0,0
KOR,2005,90.368256,9.631745,0,0,0
KOR,2006,91.00279,8.997206,0,0,0
KOR,2007,91.64096,8.359042,0,0,0
KOR,2008,92.27312,7.717394,0,0.009485373,0
KOR,2009,92.905594,7.072511,0,0.021894827,0
KOR,2010,93.541084,6.4246097,0,0.034304284,0
KOR,2011,94.1794,5.773885,0,0.04671374,0
KOR,2012,94.82034,5.1205335,0,0.059123192,0
KOR,2013,95.463715,4.464751,0,0.07153265,0
KOR,2014,96.10919,3.806864,0,0.0839421,0
KOR,2015,96.75678,3.1468675,0,0.09635156,0
KOR,2016,97.406296,2.484942,0,0.10876101,0
KOR,2017,98.05756,1.8212678,0,0.12117047,0
KOR,2018,98.633026,1.233394,0,0.13357992,0
KOR,2019,99.19224,0.66176945,0,0.14598937,0
KOR,2020,99.479454,0.36214718,0,0.15839884,0
KOR,2021,99.46326,0.36593616,0,0.17080829,0
KOR,2022,99.44746,0.3693221,0,0.18321775,0
SSD,2011,,,6.1214924,15.884847,71.12547
SSD,2012,,,6.563079,15.782183,69.85236
SSD,2013,,,6.9709225,15.68479,68.56048
SSD,2014,,,7.3447747,15.593032,67.248436
SSD,2015,,,7.6845627,15.507576,65.913864
SSD,2016,,,7.9898124,15.428679,64.5557
SSD,2017,,,8.260094,15.356716,63.172466
SSD,2018,,,8.495036,15.292254,61.762074
SSD,2019,,,8.694078,15.235714,60.32293
SSD,2020,,,8.7319565,15.296031,60.127197
SSD,2021,,,8.7717285,15.359366,59.921673
SSD,2022,,,8.813647,15.42611,59.705063
,2000,11.968487,12.542172,7.237019,11.730568,56.521755
,2001,13.110836,13.614309,7.7717648,11.229582,54.27351
,2002,14.352681,14.890221,8.234568,10.559035,51.963497
,2003,15.520639,16.075464,8.638509,10.066416,49.69897
,2004,17.396154,16.573725,9.013385,9.574392,47.442345
,2005,19.075422,17.295929,9.352047,9.082096,45.194504
,2006,20.760592,18.036821,9.660245,8.58591,42.956432
,2007,22.520039,18.73587,9.93348,8.084663,40.72595
,2008,24.276403,19.457802,10.176352,7.5826626,38.50678
,2009,26.029457,20.199787,10.390817,7.0835075,36.296432
,2010,27.792028,20.9474,10.577828,6.5930567,34.089687
,2011,29.567936,21.69545,10.736095,6.10757,31.892948
,2012,31.354084,22.451817,10.866825,5.6252007,29.702074
,2013,33.148476,23.215794,10.97028,5.145979,27.519474
,2014,34.989574,23.94941,11.046547,4.6693006,25.345167
,2015,36.84214,24.686895,11.0955,4.194299,23.181164
,2016,38.704773,25.427113,11.117943,3.7217903,21.02838
,2017,40.518047,26.166142,11.105429,3.3611777,18.849207
,2018,42.286106,26.905212,11.058691,3.085947,16.664043
,2019,44.051514,27.646091,10.985702,2.7853556,14.531337
,2020,45.80457,28.390203,10.891328,2.4526515,12.461247
,2021,47.53462,29.156343,10.771961,2.119534,10.4175415
,2022,49.18969,29.800955,10.763822,1.8001246,8.44541
ESP,2000,90.8541,8.959275,0.07624136,0.110382766,0
ESP,2001,90.854,8.95924,0.07632234,0.11043764,0
ESP,2002,90.85741,8.962967,0.0765187,0.103110485,0
ESP,2003,90.86075,8.96668,0.07677008,0.09580024,0
ESP,2004,90.864105,8.970404,0.07702051,0.088467665,0
ESP,2005,90.70634,9.13527,0.077267975,0.08112249,0
ESP,2006,90.54736,9.30137,0.077513486,0.07375309,0
ESP,2007,90.472664,9.38321,0.07775804,0.066366605,0
ESP,2008,90.43694,9.426095,0.07800062,0.05895725,0
ESP,2009,90.401054,9.469175,0.07824125,0.051532038,0
ESP,2010,90.36499,9.512442,0.07847991,0.044086743,0
ESP,2011,90.32878,9.555885,0.07871762,0.03661912,0
ESP,2012,90.29241,9.599497,0.078953356,0.029138042,0
ESP,2013,90.255905,9.643269,0.07919113,0.021636914,0
ESP,2014,90.21891,9.687183,0.07943095,0.014477101,0
ESP,2015,90.18124,9.731233,0.07967382,0.007853939,0
ESP,2016,90.14346,9.77542,0.07991871,0.00120049,0
ESP,2017,90.100174,9.819669,0.08016016,0,0
ESP,2018,90.05554,9.864054,0.0804014,4.2408387e-06,0
ESP,2019,90.01077,9.908585,0.08064565,0,0
ESP,2020,89.96586,9.953252,0.08089089,7.587545e-07,0
ESP,2021,89.96563,9.953227,0.081137136,2.961341e-06,0
ESP,2022,89.965416,9.953202,0.08138539,0,0
LKA,2000,,,11.6825485,6.2174034,5.331582
LKA,2001,,,11.364087,6.0052094,5.0654745
LKA,2002,,,11.042283,5.792965,4.7993603
LKA,2003,,,10.717299,5.5806017,4.5331836
LKA,2004,,,10.3890505,5.36815,4.2669725
LKA,2005,,,10.057473,5.1556463,4.000751
LKA,2006,,,9.722699,4.943023,3.7344706
LKA,2007,,,9.384606,4.73034,3.468177
LKA,2008,,,9.043305,4.517543,3.2018273
LKA,2009,,,8.698737,4.3046627,2.935443
LKA,2010,,,8.3508625,4.091721,2.669042
LKA,2011,,,7.9997644,3.8786755,2.4025881
LKA,2012,,,7.645398,3.6655385,2.1361
LKA,2013,,,7.2881694,3.452184,1.8693347
LKA,2014,,,6.927844,3.2387452,1.6023371
LKA,2015,,,6.564154,3.025378,1.3351688
LKA,2016,,,6.196824,2.812222,1.0679026
LKA,2017,,,5.8256073,2.5994334,0.80058646
LKA,2018,,,5.450238,2.3562808,0.56416357
LKA,2019,,,5.070451,2.112264,0.32934463
LKA,2020,,,4.685976,1.8686036,0.095130175
LKA,2021,,,4.296539,1.4870467,0
LKA,2022,,,3.9018638,1.0117755,0
,2000,16.915659,5.332022,15.428883,30.365717,31.95772
,2001,17.203579,5.463384,15.673265,30.438444,31.221329
,2002,17.517069,5.6307464,15.808552,30.559242,30.484392
,2003,17.831167,5.8098383,15.932889,30.680777,29.745329
,2004,18.147995,5.9959083,16.053644,30.796766,29.005686
,2005,18.501757,6.19001,16.19851,30.851112,28.258612
,2006,18.867348,6.393332,16.335289,30.900341,27.50369
,2007,19.21806,6.589103,16.461998,30.94499,26.78585
,2008,19.59426,6.7979445,16.601252,30.985708,26.020836
,2009,19.95611,7.033823,16.737864,31.016481,25.255722
,2010,20.306068,7.2879653,16.871752,31.040968,24.493246
,2011,20.517324,7.4349575,16.874023,30.881178,24.292515
,2012,20.886597,7.6771293,17.000156,30.884626,23.551493
,2013,21.258396,7.92736,17.123123,30.87857,22.81255
,2014,21.637945,8.188215,17.24664,30.87121,22.05599
,2015,22.028616,8.455243,17.3691,30.857079,21.289963
,2016,22.388466,8.728194,17.491245,30.857056,20.53504
,2017,22.775408,9.015354,17.62688,30.963701,19.618656
,2018,23.08625,9.217395,17.76593,31.022844,18.907581
,2019,23.419079,9.516638,17.864134,30.992704,18.207445
,2020,23.752287,9.7926445,17.95595,30.98166,17.517458
,2021,24.072803,10.03675,17.998257,31.033829,16.85836
,2022,24.35236,10.305466,17.923111,30.858294,16.560772
SDN,2000,,,5.4434295,23.587154,50.377476
SDN,2001,,,5.446995,23.592075,50.35336
SDN,2002,,,5.4505596,23.596996,50.329243
SDN,2003,,,5.4541245,23.601921,50.305126
SDN,2004,,,5.4576893,23.606844,50.28101
SDN,2005,,,5.7875013,24.13572,48.225025
SDN,2006,,,6.117361,24.662308,46.17086
SDN,2007,,,6.3652744,25.186604,44.118523
SDN,2008,,,6.6057796,25.708607,42.06801
SDN,2009,,,6.8402343,26.228008,40.011566
SDN,2010,,,7.068621,26.743404,37.94993
SDN,2011,,,7.2908473,27.253365,35.88424
SDN,2012,,,7.5067506,27.756552,33.81594
SDN,2013,,,7.716285,28.2515,31.745821
SDN,2014,,,7.919277,28.736908,29.675297
SDN,2015,,,8.11572,29.211119,27.604925
SDN,2016,,,8.30542,29.672817,25.536137
SDN,2017,,,8.319328,31.635569,23.47007
SDN,2018,,,8.334521,33.585136,21.407644
SDN,2019,,,8.350944,35.52055,19.350245
SDN,2020,,,8.36865,37.44044,17.298826
SUR,2000,29.465029,48.561096,10.785406,2.6006362,8.587832
SUR,2001,29.707447,48.64236,10.84436,2.6045365,8.201295
SUR,2002,29.948542,48.723938,10.903041,2.608329,7.8161526
SUR,2003,30.188576,48.804993,10.961477,2.612076,7.432877
SUR,2004,30.427418,48.885944,11.019655,2.615757,7.051225
SUR,2005,30.120665,49.82477,10.734258,2.6238189,6.696486
SUR,2006,29.811533,50.76708,10.446262,2.6323657,6.3427596
SUR,2007,29.498344,51.71748,10.155445,2.6410136,5.9877167
SUR,2008,29.180944,52.676403,9.861765,2.649724,5.631162
SUR,2009,28.859179,53.644238,9.565174,2.65847,5.272939
SUR,2010,28.533339,54.620266,9.265711,2.6673167,4.9133687
SUR,2011,28.203266,55.604885,8.963328,2.6762357,4.552284
SUR,2012,27.868961,56.59812,8.658009,2.6852229,4.189687
SUR,2013,27.530413,57.600002,8.349731,2.6942773,3.8255754
SUR,2014,27.185196,58.61591,8.037867,2.7027314,3.4582956
SUR,2015,26.833216,59.64564,7.7222967,2.7105193,3.088327
SUR,2016,26.47467,60.68834,7.4029884,2.7176554,2.7163467
SUR,2017,26.109613,61.743473,7.079882,2.7241094,2.3429217
SUR,2018,25.737963,62.81076,6.752887,2.7298253,1.9685665
SUR,2019,25.36006,63.889084,6.422043,2.7348487,1.593966
SUR,2020,25.180603,64.77361,6.087195,2.7390313,1.219562
SUR,2021,25.171324,64.79092,6.0842724,2.73607,1.2174168
SUR,2022,25.159658,64.81268,6.0805984,2.7323399,1.2147198
SWE,2000,95.02129,4.1858044,0.6857289,0.10717357,0
SWE,2001,95.0416,4.1515646,0.68579835,0.12103543,0
SWE,2002,95.06087,4.1165576,0.68592227,0.13665631,0
SWE,2003,95.08014,4.0815,0.6860499,0.15231162,0
SWE,2004,95.09934,4.0464816,0.6861733,0.16800295,0
SWE,2005,95.11847,4.0115023,0.68629247,0.18373807,0
SWE,2006,95.13986,3.9742658,0.686612,0.19926067,0
SWE,2007,95.16336,3.9348996,0.68711966,0.21462387,0
SWE,2008,95.186775,3.8955183,0.6876268,0.23008096,0
SWE,2009,95.21003,3.8562129,0.6881253,0.24563202,0
SWE,2010,95.233116,3.8169832,0.6886152,0.2612871,0
SWE,2011,95.260025,3.7738004,0.6894528,0.27672482,0
SWE,2012,95.290474,3.7268791,0.6906177,0.2920328,0
SWE,2013,95.32045,3.6802452,0.6917534,0.30754828,0
SWE,2014,95.35005,3.6338084,0.6928679,0.3232683,0
SWE,2015,95.379295,3.5875697,0.6939613,0.33917174,0
SWE,2016,95.40808,3.5416214,0.6950257,0.35526922,0
SWE,2017,95.43651,3.4958727,0.69606894,0.3715514,0
SWE,2018,95.4644,3.4505072,0.6970752,0.3880167,0
SWE,2019,95.49181,3.4054797,0.6980485,0.40466085,0
SWE,2020,95.51875,3.3607924,0.69898885,0.4214675,0
SWE,2021,95.54522,3.3164456,0.6998964,0.43843842,0
SWE,2022,95.555984,3.3048275,0.7009086,0.4382768,0
CHE,2000,98.70472,1.1762532,0.10010784,0.018921077,0
CHE,2001,98.70438,1.1765918,0.10010784,0.018923461,0
CHE,2002,98.70549,1.1754916,0.100107834,0.01890967,0
CHE,2003,98.70661,1.1743914,0.10010783,0.018887524,0
CHE,2004,98.70769,1.1733333,0.10010782,0.018873109,0
CHE,2005,98.70881,1.1722331,0.10010781,0.018852198,0
CHE,2006,98.70993,1.171133,0.100107804,0.01883111,0
CHE,2007,98.711044,1.1700327,0.1001078,0.018816942,0
CHE,2008,98.71216,1.1689327,0.10010779,0.018799614,0
CHE,2009,98.713234,1.1678748,0.10010778,0.01878255,0
CHE,2010,98.714355,1.1667746,0.100107774,0.018763663,0
CHE,2011,98.80555,1.078455,0.10011063,0.01588578,0
CHE,2012,98.89651,0.9903657,0.10011349,0.013014318,0
CHE,2013,98.99355,0.8961823,0.100116335,0.010150484,0
CHE,2014,99.11283,0.77975935,0.10011917,0.007291851,0
CHE,2015,99.231926,0.6635189,0.10012201,0.004436858,0
CHE,2016,99.350815,0.5474809,0.10012486,0.001579679,0
CHE,2017,99.46827,0.4316012,0.100126415,0,0
CHE,2018,99.58413,0.3157421,0.100126386,0,0
CHE,2019,99.69981,0.20006292,0.100126326,1.2754227e-06,0
CHE,2020,99.81466,0.08521406,0.10012626,2.3965797e-06,0
CHE,2021,99.814926,0.08494944,0.100126185,0,0
CHE,2022,99.81524,0.08463583,0.10012609,0,0
SYR,2000,,,7.9704866,1.8089308,1.7843357
SYR,2001,,,7.9742885,1.7515389,1.6807452
SYR,2002,,,7.9778986,1.694269,1.5785455
SYR,2003,,,7.9813695,1.6371608,1.4778036
SYR,2004,,,7.984648,1.5801744,1.3784562
SYR,2005,,,7.7951064,1.5233778,1.2806166
SYR,2006,,,7.6052303,1.4667348,1.1842177
SYR,2007,,,7.4149785,1.4102186,1.0892073
SYR,2008,,,7.2244153,1.3538549,0.99563366
SYR,2009,,,7.033575,1.2976625,0.90350986
SYR,2010,,,6.8423934,1.2416022,0.81277275
SYR,2011,,,6.684803,1.2044587,0.7445822
SYR,2012,,,6.5258493,1.1669927,0.67250246
SYR,2013,,,6.3653994,1.0394061,0.68619496
SYR,2014,,,6.2034655,0.9074712,0.69992757
SYR,2015,,,6.0013804,0.7592851,0.6910127
SYR,2016,,,5.7993007,0.61394805,0.6821112
SYR,2017,,,5.597267,1.1446981,
SYR,2018,,,5.3953204,0.99621624,
SYR,2019,,,5.193476,0.8505918,
SYR,2020,,,4.991792,0.7078278,
SYR,2021,,,4.790281,0.5678873,
SYR,2022,,,4.588936,0.4307392,
TJK,2000,,,3.2473025,5.593453,1.2520012
TJK,2001,,,3.2575479,5.317036,1.1998388
TJK,2002,,,3.267793,5.040635,1.1476767
TJK,2003,,,3.2780373,4.7642465,1.095515
TJK,2004,,,3.2375078,4.4879074,1.0433599
TJK,2005,,,3.196528,4.211543,0.9911989
TJK,2006,,,3.15508,3.9351914,0.9390383
TJK,2007,,,3.1131642,3.658853,0.8868781
TJK,2008,,,3.07078,3.3825305,0.83471817
TJK,2009,,,3.0279279,3.1062167,0.78255874
TJK,2010,,,2.9846077,2.8299181,0.73039967
TJK,2011,,,2.940796,2.5536525,0.6782463
TJK,2012,,,2.8970783,2.2771125,0.6259699
TJK,2013,,,2.8534296,2.0005646,0.57359254
TJK,2014,,,2.809947,1.7242107,0.5211095
TJK,2015,,,2.7666538,1.4482722,0.46853223
TJK,2016,,,2.7236269,1.172964,0.41586152
TJK,2017,,,2.6809173,0.89851934,0.36310357
TJK,2018,,,2.6385496,0.6144184,0.32099864
TJK,2019,,,2.5962632,0.3110405,0.320136
TJK,2020,,,2.6021311,0.31328318,0.3192684
TJK,2021,,,2.6086843,0.31578958,0.31829953
TJK,2022,,,2.6158926,0.31854442,0.31723374
TZA,2000,5.7735577,0.6809997,2.426501,79.273254,11.845691
TZA,2001,6.9002366,0.76523757,2.8890817,77.8326,11.61284
TZA,2002,8.033801,0.85185266,3.3609211,76.3732,11.380223
TZA,2003,9.189283,0.94695413,3.8625453,74.87519,11.126023
TZA,2004,10.296286,1.0390146,4.453741,73.34295,10.86801
TZA,2005,11.400319,1.1335036,5.0775633,71.77838,10.610235
TZA,2006,12.513359,1.2184021,5.7350626,70.18056,10.352622
TZA,2007,13.623134,1.3056635,6.4270415,68.54884,10.095317
TZA,2008,14.729678,1.3953584,7.1547885,66.88204,9.838135
TZA,2009,15.688786,1.6308393,7.9185834,65.180244,9.581545
TZA,2010,16.634485,1.8784877,8.720128,63.441746,9.325151
TZA,2011,17.490543,2.213766,9.559837,61.66655,9.069306
TZA,2012,18.312061,2.5816565,10.43914,59.85331,8.813831
TZA,2013,19.128317,2.9519987,11.358347,58.002262,8.559074
TZA,2014,19.93871,3.3243985,12.317594,56.113934,8.305365
TZA,2015,20.742989,3.6986551,13.317684,54.187954,8.052718
TZA,2016,21.540642,4.07438,14.35883,52.224796,7.8013506
TZA,2017,22.331535,4.4514356,15.442071,50.22378,7.5511746
TZA,2018,23.115269,4.8294973,16.567848,48.185085,7.3023
TZA,2019,23.89128,5.2081103,17.736185,46.109497,7.054928
TZA,2020,24.90598,5.340821,18.948454,43.995876,6.8088727
TZA,2021,25.010336,5.4219103,19.2168,43.786526,6.5644264
TZA,2022,25.114794,5.503155,19.48552,43.575035,6.3214946
THA,2000,19.92459,72.488846,5.688172,0.6011659,1.297224
THA,2001,20.05492,72.63407,5.5397663,0.5622083,1.2090343
THA,2002,20.188381,72.7806,5.384683,0.52367675,1.1226544
THA,2003,20.337238,72.91643,5.222551,0.48559165,1.0381895
THA,2004,20.500816,73.04236,5.0531683,0.4479621,0.9556975
THA,2005,20.833067,73.004745,4.8760533,0.4108168,0.8753138
THA,2006,21.170628,72.96691,4.6912923,0.37415174,0.79701656
THA,2007,21.513363,72.929214,4.498526,0.33798936,0.7209068
THA,2008,21.861395,72.89163,4.2976103,0.30233678,0.64702624
THA,2009,22.214502,72.85459,4.0882416,0.26720458,0.57546043
THA,2010,22.572964,72.81782,3.8704054,0.23260237,0.506215
THA,2011,22.9076,72.81757,3.6341732,0.19865717,0.44199327
THA,2012,23.239878,72.824745,3.3905528,0.16506128,0.37976095
THA,2013,23.575525,72.832,3.1417978,0.13177642,0.3189017
THA,2014,23.914654,72.839226,2.887911,0.098793216,0.25941548
THA,2015,24.257246,72.846466,2.6288674,0.06611441,0.20130965
THA,2016,24.602707,72.85262,2.3646293,0.035460096,0.14458191
THA,2017,24.942493,72.84841,2.0947964,0.025065847,0.08922942
THA,2018,25.283396,72.84182,1.8197551,0.01434379,0.04068488
THA,2019,25.607815,72.812706,1.5388706,0.003285025,0.037320722
THA,2020,25.932337,72.780785,1.2530493,0,0.03383159
THA,2021,26.25913,72.748184,0.9624578,2.0076507e-06,0.030223155
THA,2022,26.315214,72.70041,0.95373267,0,0.030643802
TGO,2000,3.3470638,6.255877,18.47289,10.273167,61.651
TGO,2001,3.4592137,6.426434,19.034956,10.443388,60.63601
TGO,2002,3.5717034,6.598717,19.59988,10.607839,59.62186
TGO,2003,3.68448,6.77258,20.167318,10.766462,58.60916
TGO,2004,3.7975023,6.948077,20.737284,10.9192,57.59794
TGO,2005,3.9088004,7.2685046,21.167892,11.066014,56.588787
TGO,2006,4.02171,7.5978413,21.592434,11.206841,55.581173
TGO,2007,4.1361423,7.9360833,22.011028,11.341621,54.575123
TGO,2008,4.252056,8.283397,22.424168,11.470252,53.570126
TGO,2009,4.3691707,8.639085,22.830484,11.592857,52.5684
TGO,2010,4.4875884,9.003828,23.23159,11.7092085,51.567783
TGO,2011,4.6080694,9.381247,23.635168,11.817988,50.557526
TGO,2012,4.730036,9.76986,24.038046,11.919357,49.5427
TGO,2013,4.852774,10.167151,24.435085,12.014073,48.530914
TGO,2014,4.97627,10.573471,24.827179,12.1019535,47.521126
TGO,2015,5.1004224,10.988811,25.21446,12.1829405,46.513367
TGO,2016,5.225262,11.41394,25.598623,12.256604,45.50557
TGO,2017,5.3506293,11.848682,25.97944,12.322908,44.498337
TGO,2018,5.4764004,12.293052,26.35708,12.381737,43.49173
TGO,2019,5.60245,12.747061,26.731707,12.432977,42.485806
TGO,2020,5.728649,13.210721,27.10349,12.476508,41.480633
TGO,2021,5.7423005,13.325628,27.32524,13.130565,40.47627
TGO,2022,5.756074,13.441563,27.548973,13.780111,39.473278
TKL,2000,,,4.15946,19.084795,
TKL,2001,,,4.15946,19.084795,
TKL,2002,,,4.15946,19.084795,
TKL,2003,,,4.15946,19.084795,
TKL,2004,,,4.15946,19.084795,
TKL,2005,,,4.123476,17.558836,
TKL,2006,,,4.083256,16.032877,
TKL,2007,,,4.0388,14.506917,
TKL,2008,,,3.9901075,12.980957,
TKL,2009,,,3.9371796,11.454998,
TKL,2010,,,3.8800156,9.929038,
TKL,2011,,,3.8186154,8.403078,
TKL,2012,,,3.7529795,6.0790186,0.7981
TKL,2013,,,3.6831076,4.553059,0.7981
TKL,2014,,,3.6089995,3.0270996,0.7981
TKL,2015,,,3.5306556,1.50114,0.7981
TKL,2016,,,3.44722,0,0.797902
TKL,2017,,,3.3361492,0,0
TKL,2018,,,3.1973517,0,0
TKL,2019,,,3.1973517,0,0
TKL,2020,,,3.1973517,0,0
TKL,2021,,,3.1973517,0,
TKL,2022,,,3.1973517,0,
TON,2000,34.14567,54.433483,0.7112089,10.524235,0.18540281
TON,2001,34.143734,54.438694,0.7113076,10.5209,0.18536258
TON,2002,34.141865,54.44373,0.7114029,10.517678,0.18532372
TON,2003,34.13993,54.448944,0.71150166,10.5143385,0.1852835
TON,2004,34.137993,54.45416,0.71160036,10.511004,0.18524325
TON,2005,34.64358,54.521152,0.7159315,9.939407,0.1799292
TON,2006,35.148766,54.588276,0.7202633,9.368077,0.17461808
TON,2007,35.652454,54.65784,0.7246383,8.795771,0.16929504
TON,2008,36.15467,54.72928,0.7290448,8.223039,0.16396645
TON,2009,36.64877,54.808132,0.73344624,7.6510077,0.15864594
TON,2010,37.044704,54.984455,0.73784286,7.079665,0.15333351
TON,2011,36.572586,55.753532,1.0168301,6.509021,0.14802918
TON,2012,36.10865,56.506153,1.299405,5.94301,0.14278182
TON,2013,35.651634,57.245518,1.5858134,5.3794684,0.1375654
TON,2014,35.196968,57.97926,1.8761444,4.8152885,0.1323417
TON,2015,34.744415,58.707695,2.1704013,4.2503777,0.12710933
TON,2016,34.294098,59.43066,2.468593,3.6847804,0.121869035
TON,2017,33.84601,60.148144,2.7707262,3.1185,0.11662082
TON,2018,33.398228,60.86257,3.076671,2.55117,0.11135955
TON,2019,32.950745,61.57372,3.3863676,1.983083,0.10608891
TON,2020,32.54002,62.244946,3.6997204,1.414504,0.100811616
TON,2021,32.26282,62.779224,4.016689,0.84573734,0.095531635
TON,2022,32.048294,63.24725,4.337151,0.27705598,0.09025175
TTO,2000,,,7.6146407,2.01247,0.32821783
TTO,2001,,,7.484864,1.909992,0.30888537
TTO,2002,,,7.3547406,1.8075141,0.28955287
TTO,2003,,,7.22427,1.705036,0.2702204
TTO,2004,,,7.0934525,1.6025581,0.25088793
TTO,2005,,,6.9622874,1.5000801,0.23155545
TTO,2006,,,6.8307757,1.3976021,0.21222298
TTO,2007,,,6.6989174,1.2951242,0.1928905
TTO,2008,,,6.5667114,1.1926461,0.17355801
TTO,2009,,,6.434159,1.0901682,0.15422554
TTO,2010,,,6.301259,0.98769027,0.13489306
TTO,2011,,,6.1680126,0.8852123,0.115560584
TTO,2012,,,6.0344186,0.7827343,0.09622811
TTO,2013,,,5.900478,0.6802563,0.07689563
TTO,2014,,,5.9077206,0.57777834,0.057563156
TTO,2015,,,5.914963,0.47530037,0.03823068
TTO,2016,,,5.922205,0.3728224,0.018898202
TTO,2017,,,5.929447,0.26991016,0
TTO,2018,,,5.9366894,0.14809972,0
TTO,2019,,,5.9366894,0.14809972,0
TTO,2020,,,5.9366894,0.14809972,0
TTO,2021,,,5.9366894,0.14809972,0
TTO,2022,,,5.9366894,0.14809972,0
TUN,2000,54.094055,22.42102,7.906684,5.9500957,9.628143
TUN,2001,54.893578,22.354486,8.022557,5.7155795,9.013799
TUN,2002,55.9226,22.407503,7.775939,5.483274,8.410685
TUN,2003,57.256413,22.155981,7.5160046,5.253093,7.8185086
TUN,2004,58.59539,21.892586,7.2453566,5.026133,7.240532
TUN,2005,59.914505,21.621143,6.97153,4.8060026,6.6868186
TUN,2006,61.247353,21.339216,6.684897,4.5874104,6.1411242
TUN,2007,62.5929,21.046827,6.3860517,4.370468,5.6037545
TUN,2008,63.951355,20.743828,6.0752244,4.1551037,5.0744867
TUN,2009,65.32252,20.430124,5.7527637,3.941314,4.553279
TUN,2010,66.70581,20.105743,5.4191117,3.7291343,4.0402
TUN,2011,68.10178,19.770369,5.074416,3.5184608,3.5349734
TUN,2012,69.50985,19.424019,4.719119,3.3093317,3.0376813
TUN,2013,70.92912,19.066929,4.3537083,3.101825,2.5484188
TUN,2014,72.36046,18.698572,3.9782739,2.8958015,2.0668962
TUN,2015,73.80589,18.317509,3.5927598,2.6910102,1.5928301
TUN,2016,75.26464,17.923527,3.1977518,2.4875433,1.1265398
TUN,2017,76.736244,17.516256,2.7937758,2.2854443,0.66827714
TUN,2018,78.220535,17.09509,2.3813426,2.084733,0.21829502
TUN,2019,79.71671,16.659859,1.9610606,1.4911544,0.17121181
TUN,2020,80.961716,16.472748,1.533515,0.86856985,0.16345507
TUN,2021,81.04472,16.391254,1.5297914,0.8785928,0.15563466
TUN,2022,81.129295,16.308231,1.5259978,0.88872683,0.14774835
TUR,2000,43.23987,43.29627,1.9687722,10.895231,0.5998624
TUR,2001,43.222115,43.473866,1.9625654,10.749067,0.59238535
TUR,2002,43.68865,43.802128,1.8902498,10.053736,0.56523955
TUR,2003,44.14341,44.126213,1.8161417,9.375667,0.5385719
TUR,2004,45.8262,43.20671,1.7402953,8.714431,0.5123651
TUR,2005,47.536457,42.243664,1.6628106,8.070421,0.48664793
TUR,2006,49.274197,41.237915,1.5837159,7.4427905,0.46138015
TUR,2007,50.75451,40.47413,1.5030985,6.831687,0.4365779
TUR,2008,52.288216,39.642048,1.4209944,6.236531,0.4122141
TUR,2009,53.875553,38.74106,1.3375036,5.657571,0.38831368
TUR,2010,55.516483,37.771763,1.2526592,5.094245,0.36484966
TUR,2011,57.2111,36.734108,1.1665332,4.5464325,0.34182554
TUR,2012,58.959335,35.628624,1.0791548,4.0136695,0.3192168
TUR,2013,60.761574,34.4539,0.99072254,3.496697,0.29710466
TUR,2014,62.61763,33.211067,0.9012369,2.9946256,0.27544174
TUR,2015,64.527504,31.90041,0.8107668,2.5070975,0.25422525
TUR,2016,66.491104,30.52249,0.7193501,2.033618,0.23343602
TUR,2017,68.508484,29.077515,0.62706625,1.5738567,0.21307811
TUR,2018,70.57953,27.566156,0.5339343,1.1272556,0.19312498
TUR,2019,72.70425,25.988747,0.44001487,0.6934224,0.17357273
TUR,2020,74.8801,24.344845,0.3487458,0.27190074,0.1544098
TUR,2021,76.766945,22.470041,0.34197366,0.2695916,0.15144862
TUR,2022,78.685455,20.563292,0.33536226,0.26733002,0.14855771
TKM,2000,,,5.3925533,1.0665046,0.57318085
TKM,2001,,,5.4128227,1.0214071,0.54039323
TKM,2002,,,5.4331717,0.9766466,0.50775194
TKM,2003,,,5.453517,0.9322355,0.475263
TKM,2004,,,5.473859,0.88817495,0.44292644
TKM,2005,,,5.175803,0.84429705,0.41067728
TKM,2006,,,4.8763785,0.8006206,0.3785268
TKM,2007,,,4.575417,0.7571814,0.3464876
TKM,2008,,,4.2724814,0.7140427,0.31458688
TKM,2009,,,3.9675412,0.67121613,0.28282994
TKM,2010,,,3.660242,0.6287443,0.25123933
TKM,2011,,,3.350364,0.5866724,0.21983029
TKM,2012,,,3.0377316,0.54503113,0.18861604
TKM,2013,,,2.7221115,0.5038495,0.15761289
TKM,2014,,,2.403202,0.46318105,0.12683962
TKM,2015,,,2.0808573,0.42304498,0.0963086
TKM,2016,,,1.7548195,0.38348293,0.06603664
TKM,2017,,,1.4248503,0.3445347,0.036039278
TKM,2018,,,1.0907604,0.3062326,0.006330783
TKM,2019,,,0.7523311,0.24553297,0
TKM,2020,,,0.40933445,0.17952791,0
TKM,2021,,,0.06157782,0.11916613,0
TKM,2022,,,0.061510842,0.12028077,0
TCA,2016,34.113716,59.007214,5.5681634,1.2935911,0.017312668
TCA,2017,34.082077,59.04381,5.566394,1.2910982,0.016618583
TCA,2018,34.05244,59.078094,5.564737,1.288758,0.01596846
TCA,2019,34.024807,59.110058,5.563192,1.2865787,0.015362302
TCA,2020,33.998966,59.139946,5.5617466,1.2845455,0.014795472
TCA,2021,33.974815,59.167885,5.560396,1.2826396,0.014265657
TCA,2022,33.95235,59.193867,5.5591397,1.2808691,0.013772866
TUV,2000,41.966686,38.31898,5.990981,5.090594,8.632756
TUV,2001,42.288387,38.398262,6.033835,4.673835,8.605683
TUV,2002,42.60723,38.477962,6.0767026,4.259559,8.578543
TUV,2003,42.876404,38.621254,6.137642,3.8398445,8.524856
TUV,2004,43.115353,38.797672,6.2078094,3.7154913,8.163673
TUV,2005,43.34762,38.974594,6.2778535,3.5919065,7.8080287
TUV,2006,43.43783,39.02759,6.607739,3.4690418,7.4577966
TUV,2007,43.5195,39.079735,6.940795,3.3469288,7.113041
TUV,2008,43.592686,39.131012,7.276976,3.225565,6.773761
TUV,2009,43.65811,39.18065,7.6160026,3.1050303,6.4402065
TUV,2010,43.715607,39.228943,7.9579153,2.9852936,6.1122427
TUV,2011,43.09503,39.946117,8.302666,2.8663402,5.789846
TUV,2012,42.488182,40.640446,8.650202,2.7481813,5.472992
TUV,2013,41.89565,41.31137,9.000187,2.6309001,5.16189
TUV,2014,41.319294,41.95711,9.351692,2.5147786,4.8571243
TUV,2015,40.75869,42.578415,9.7045965,2.3997903,4.5585117
TUV,2016,40.213394,43.176044,10.058782,2.285924,4.265857
TUV,2017,39.682953,43.750793,10.414126,2.1731691,3.9789567
TUV,2018,39.166607,44.30375,10.770663,2.0614607,3.6975174
TUV,2019,38.663918,44.835686,11.128282,1.9507775,3.4213374
TUV,2020,38.174347,45.34746,11.4869175,1.8410904,3.1501837
TUV,2021,37.69727,45.840004,11.846564,1.7323567,2.8838055
TUV,2022,37.232254,46.31408,12.207116,1.6245563,2.6219928
UGA,2000,14.128019,2.251475,12.273237,57.13123,14.216041
UGA,2001,14.30369,2.293905,12.497907,57.203766,13.700731
UGA,2002,14.478254,2.3368995,12.723356,57.273045,13.188444
UGA,2003,14.651692,2.3804605,12.94943,57.339077,12.679338
UGA,2004,14.824052,2.4246485,13.176338,57.401512,12.173449
UGA,2005,14.995025,2.4692278,13.402473,57.461857,11.671416
UGA,2006,15.164947,2.5144966,13.629501,57.518265,11.1727915
UGA,2007,15.333583,2.560277,13.856187,57.57187,10.678083
UGA,2008,15.506773,2.600969,14.083081,57.621944,10.187231
UGA,2009,15.678842,2.6419656,14.309338,57.66926,9.700599
UGA,2010,15.849913,2.6833816,14.535484,57.713074,9.218147
UGA,2011,16.0199,2.7251518,14.761025,57.753788,8.740134
UGA,2012,16.18885,2.767331,14.986129,57.79105,8.266638
UGA,2013,16.35655,2.8097355,15.209675,57.825985,7.798055
UGA,2014,16.522537,2.8533092,15.432789,57.857132,7.334233
UGA,2015,16.687384,2.8972037,15.6546755,57.885246,6.875489
UGA,2016,16.850943,2.9412954,15.874576,57.911087,6.4221
UGA,2017,17.0132,2.9855795,16.09237,57.93466,5.9741907
UGA,2018,17.174013,3.0299327,16.307352,57.95672,5.531985
UGA,2019,17.333563,3.0745282,16.520292,57.976173,5.0954456
UGA,2020,17.491642,3.1191845,16.730211,57.994133,4.6648307
UGA,2021,17.648241,3.1638973,16.93702,58.01061,4.240234
UGA,2022,17.796078,3.2160528,17.140898,58.02525,3.8217213
UKR,2000,42.330833,51.940292,2.7810533,2.8896954,0.058128074
UKR,2001,42.43031,52.000954,2.7868683,2.7301192,0.051749885
UKR,2002,42.896427,51.69952,2.7911878,2.5675638,0.045300465
UKR,2003,43.354595,51.408657,2.794413,2.4034956,0.03883704
UKR,2004,43.83219,51.152306,2.7439482,2.2391536,0.032402996
UKR,2005,44.305473,50.900562,2.693049,2.0749028,0.026015768
UKR,2006,44.78092,50.644398,2.6425543,1.9124177,0.019711385
UKR,2007,45.25626,50.386993,2.5921717,1.751097,0.01347627
UKR,2008,45.731308,50.1286,2.541887,1.5908964,0.007309615
UKR,2009,48.545143,47.53008,2.491723,1.4318442,0.001211462
UKR,2010,51.358295,44.927586,2.4428277,1.2700846,0.001207846
UKR,2011,54.155502,42.340508,2.3938124,1.1089752,0.001204269
UKR,2012,56.936554,39.76909,2.344665,0.94849026,0.001200692
UKR,2013,59.672977,37.241814,2.2953897,0.78862417,0.001197115
UKR,2014,62.335735,34.7877,2.2459896,0.6293807,0.001193539
UKR,2015,64.73989,32.538757,2.2494068,0.47075492,0.001189962
UKR,2016,67.15047,30.282785,2.2528057,0.31275365,0.001186385
UKR,2017,69.56755,28.01969,2.256194,0.15537998,0.001182846
UKR,2018,71.985886,25.750397,2.259318,0.004395408,0
UKR,2019,71.97734,25.76426,2.2584023,0,0
UKR,2020,71.96382,25.778896,2.2572823,2.1884418e-06,0
UKR,2021,71.9489,25.795053,2.2560463,2.871489e-07,0
UKR,2022,71.93268,25.81262,2.2547023,0,0
ARE,2000,98.44043,0.72042316,0.64251554,0.19662821,0
ARE,2001,98.44016,0.716703,0.6458708,0.19725992,0
ARE,2002,98.4399,0.713045,0.64917004,0.19788343,0
ARE,2003,98.439644,0.70944923,0.6524132,0.19849326,0
ARE,2004,98.43939,0.7059066,0.65560836,0.19909495,0
ARE,2005,98.43914,0.70243514,0.6587394,0.19968626,0
ARE,2006,98.438896,0.699008,0.66183037,0.20026864,0
ARE,2007,98.438644,0.6956784,0.6648333,0.20084132,0
ARE,2008,98.438416,0.6924466,0.66774815,0.20138696,0
ARE,2009,98.43819,0.6892947,0.67059094,0.2019254,0
ARE,2010,98.437965,0.68623155,0.6733537,0.2024474,0
ARE,2011,98.4403,0.6806998,0.6760443,0.20295289,0
ARE,2012,98.44264,0.67525613,0.67865485,0.20344806,0
ARE,2013,98.444984,0.6698918,0.6811933,0.20392802,0
ARE,2014,98.44734,0.66459787,0.6836677,0.20439504,0
ARE,2015,98.4497,0.6593921,0.68606204,0.20484701,0
ARE,2016,98.452065,0.6542569,0.68839234,0.20528266,0
ARE,2017,98.45444,0.6491921,0.6906585,0.20571494,0
ARE,2018,98.45682,0.64420676,0.69285274,0.20612459,0
ARE,2019,98.4592,0.6392831,0.6949908,0.20652913,0
ARE,2020,98.461586,0.63443,0.6970648,0.20692109,0
ARE,2021,98.463264,0.6303578,0.6990748,0.20729966,0
ARE,2022,98.46312,0.6281888,0.7010287,0.20766583,0
GBR,2000,97.73614,1.3938534,0.69417095,0.17583987,0
GBR,2001,97.7415,1.3880417,0.6946718,0.1757829,0
GBR,2002,97.75741,1.3708385,0.6961544,0.17559819,0
GBR,2003,97.7731,1.3538681,0.69761693,0.17541668,0
GBR,2004,97.78868,1.3370138,0.6990695,0.17523418,0
GBR,2005,97.804054,1.320392,0.70050204,0.17504954,0
GBR,2006,97.81931,1.3038864,0.7019245,0.17487691,0
GBR,2007,97.84524,1.2767364,0.703327,0.17470098,0
GBR,2008,97.871056,1.2496979,0.7047194,0.17452471,0
GBR,2009,97.89667,1.2228867,0.7060919,0.1743526,0
GBR,2010,97.92212,1.1962448,0.70744926,0.17418304,0
GBR,2011,97.94742,1.1697724,0.70879155,0.17402135,0
GBR,2012,97.97267,1.1433533,0.7101289,0.17384951,0
GBR,2013,97.99297,1.1218861,0.71145624,0.17368644,0
GBR,2014,98.00712,1.1065851,0.7127735,0.17352353,0
GBR,2015,98.021164,1.0914006,0.7140808,0.17335835,0
GBR,2016,98.03514,1.076274,0.71538305,0.17319903,0
GBR,2017,98.04897,1.0613217,0.7166704,0.17303458,0
GBR,2018,98.06269,1.0464861,0.7179476,0.172876,0
GBR,2019,98.076355,1.0317086,0.7192198,0.17272015,0
GBR,2020,98.08986,1.0171057,0.72047704,0.17255826,0
GBR,2021,98.10325,1.0026191,0.7217242,0.17240636,0
GBR,2022,98.116486,0.9883071,0.72295636,0.17225337,0
USA,2000,96.49619,3.3765368,0,0.12727237,0
USA,2001,96.55744,3.3149998,0,0.12755509,0
USA,2002,96.6188,3.2533646,0,0.12783724,0
USA,2003,96.680244,3.1916401,0,0.12811658,0
USA,2004,96.74177,3.1298332,0,0.12839623,0
USA,2005,96.803406,3.0679247,0,0.1286728,0
USA,2006,96.86512,3.0059357,0,0.12894753,0
USA,2007,96.92692,2.94386,0,0.12922129,0
USA,2008,96.98881,2.8816981,0,0.12949313,0
USA,2009,97.05079,2.8194509,0,0.1297636,0
USA,2010,97.105896,2.764642,0,0.12946449,0
USA,2011,97.13914,2.7088668,0,0.15199836,0
USA,2012,97.17329,2.6526132,0,0.17409815,0
USA,2013,97.20835,2.5958903,0,0.195759,0
USA,2014,97.244354,2.538694,0,0.21695489,0
USA,2015,97.217,2.5453122,0,0.23768137,0
USA,2016,97.19027,2.5518088,0,0.25791928,0
USA,2017,97.16416,2.5581915,0,0.277646,0
USA,2018,97.13868,2.5644498,0,0.29686978,0
USA,2019,97.11384,2.5705943,0,0.31556493,0
USA,2020,97.08966,2.576616,0,0.33372638,0
USA,2021,97.06615,2.582522,0,0.3513322,0
USA,2022,97.043304,2.5883067,0,0.3683891,0
VIR,2000,,,0,0.929566,0
VIR,2001,,,0,0.92783374,0
VIR,2002,,,0,0.9261015,0
VIR,2003,,,0,0.9243692,0
VIR,2004,,,0,0.9226369,0
VIR,2005,,,0,0.9209047,0
VIR,2006,,,0,0.9191724,0
VIR,2007,,,0,0.9174401,0
VIR,2008,,,0,0.9157078,0
VIR,2009,,,0,0.9139756,0
VIR,2010,,,0,0.9122433,0
VIR,2011,,,0,0.910511,0
VIR,2012,,,0,0.9087787,0
VIR,2013,,,0,0.9070465,0
VIR,2014,,,0,0.9053142,0
VIR,2015,,,0,0.9035819,0
VIR,2016,,,0,0.9018497,0
VIR,2017,,,0,0.9001174,0
VIR,2018,,,0,0.8983851,0
VIR,2019,,,0,0.8966528,0
VIR,2020,,,0,0.8949206,0
VIR,2021,,,0,0.8931883,0
VIR,2022,,,0,0.891456,0
,2000,23.964993,39.807846,4.964168,24.815012,6.4479804
,2001,24.378563,40.175846,4.950905,24.29502,6.199666
,2002,24.983208,41.120995,4.965888,23.041525,5.8883843
,2003,26.359638,41.281723,4.971682,21.808016,5.578941
,2004,27.830875,41.337063,4.96422,20.596087,5.271755
,2005,29.369425,41.32769,4.927758,19.407623,4.967503
,2006,30.964241,41.242657,4.8775873,18.326263,4.5892515
,2007,32.622673,41.069534,4.816079,17.190805,4.3009067
,2008,34.342087,40.820534,4.746807,16.098204,3.9923663
,2009,36.116673,40.500607,4.667814,15.0025835,3.7123213
,2010,37.955322,40.10001,4.578144,13.929489,3.437036
,2011,39.844273,39.621758,4.4773765,12.887023,3.169569
,2012,41.81684,39.042343,4.3661838,11.868812,2.9058208
,2013,43.84809,38.390644,4.244719,10.870472,2.6460712
,2014,45.933365,37.666527,4.115591,9.893728,2.3907902
,2015,48.070602,36.87096,3.9783804,8.912378,2.1676795
,2016,50.245247,36.016495,3.8299248,7.9918323,1.9165026
,2017,52.452637,34.98986,3.6775653,7.1274595,1.7524769
,2018,54.68839,33.980732,3.5269814,6.280235,1.523663
,2019,56.980774,32.94153,3.3688524,5.416195,1.2926524
,2020,58.089542,33.043053,3.2058372,4.585998,1.0755672
,2021,59.169327,33.142174,3.043039,3.7786949,0.8667682
,2022,60.162666,33.16352,2.9609952,3.0102034,0.70261705
URY,2000,,,3.72776,1.36216,1.5329846
URY,2001,,,3.7308834,1.3439686,1.5240158
URY,2002,,,3.7339046,1.326372,1.5153407
URY,2003,,,3.7368462,1.309238,1.5068939
URY,2004,,,3.7396858,1.2926952,1.4987406
URY,2005,,,3.7469323,1.2322841,1.4091535
URY,2006,,,3.5810642,1.1742021,1.3209281
URY,2007,,,3.414454,1.1184251,1.2340392
URY,2008,,,3.2471364,1.0647986,1.1484053
URY,2009,,,3.0791256,1.0132915,1.0639963
URY,2010,,,2.9104626,0.9637203,0.98071784
URY,2011,,,2.7411587,0.9160621,0.898542
URY,2012,,,2.5707211,0.8724029,0.8182652
URY,2013,,,2.3996074,0.83046204,0.73885226
URY,2014,,,2.2280033,0.78939635,0.6599599
URY,2015,,,2.055917,0.74919236,0.5815736
URY,2016,,,1.8833628,0.70981055,0.5036752
URY,2017,,,1.7103354,0.6712535,0.42625976
URY,2018,,,1.5368488,0.6334888,0.34930673
URY,2019,,,1.3629106,0.5927456,0.2765436
URY,2020,,,1.1885222,0.54275376,0.2141951
URY,2021,,,1.0136296,0.50876015,0.15172838
URY,2022,,,1.0140946,0.5092108,0.15186326
UZB,2000,74.16727,19.20935,1.9660312,4.60348,0.053874
UZB,2001,74.1679,19.36979,1.9745444,4.4343696,0.053393997
UZB,2002,74.15045,19.545248,1.983035,4.268352,0.052911997
UZB,2003,74.12574,19.724846,1.9914883,4.1054983,0.052428998
UZB,2004,74.09751,19.904774,1.9998906,3.9458742,0.051946
UZB,2005,74.07088,20.079933,2.0082414,3.789483,0.051463
UZB,2006,74.040855,20.255339,2.0165548,3.6362748,0.050979
UZB,2007,74.0076,20.430786,2.024817,3.4863064,0.050495
UZB,2008,73.971115,20.606276,2.0330276,3.3395746,0.050011
UZB,2009,73.93158,20.781597,2.0411732,3.1961212,0.049528003
UZB,2010,73.88864,20.957169,2.0492811,3.0558639,0.049044
UZB,2011,73.8972,21.07298,2.0533824,2.9275832,0.04885
UZB,2012,73.96093,21.128172,2.053469,2.808481,0.048949998
UZB,2013,74.02532,21.183353,2.0535662,2.6887066,0.04905
UZB,2014,74.090385,21.238525,2.0536737,2.5682676,0.04915
UZB,2015,74.15611,21.29369,2.053792,2.4471576,0.04925
UZB,2016,74.2225,21.348846,2.053921,2.3253782,0.04935
UZB,2017,74.289566,21.403994,2.0540607,2.2029321,0.049449995
UZB,2018,74.35136,21.464914,2.054582,2.0796251,0.049522
UZB,2019,74.407814,21.531406,2.0554683,1.9557468,0.049567003
UZB,2020,74.45844,21.60368,2.0567276,1.8315665,0.049584
UZB,2021,74.50297,21.681736,2.0583558,1.7073708,0.049572997
UZB,2022,74.541115,21.765581,2.0603485,1.5834233,0.049534
VUT,2000,,,13.878519,28.321833,2.3536468
VUT,2001,,,13.907682,28.245506,2.3466885
VUT,2002,,,13.937054,28.168638,2.3396807
VUT,2003,,,13.966841,28.090681,2.3325732
VUT,2004,,,13.996838,28.01217,2.3254163
VUT,2005,,,14.70037,27.88553,2.1742637
VUT,2006,,,15.411148,27.75791,2.0240526
VUT,2007,,,16.129097,27.629583,1.8748181
VUT,2008,,,16.85437,27.500273,1.726553
VUT,2009,,,17.587017,27.369974,1.5792726
VUT,2010,,,18.308737,27.273794,1.434842
VUT,2011,,,19.024279,27.198654,1.2920007
VUT,2012,,,19.744331,27.123186,1.1494915
VUT,2013,,,20.468746,27.04766,1.0073293
VUT,2014,,,21.197517,26.972082,0.86551374
VUT,2015,,,21.930641,26.896448,0.724045
VUT,2016,,,22.668297,26.820486,0.58291894
VUT,2017,,,23.410309,26.744465,0.4421431
VUT,2018,,,24.158619,26.665628,0.30171174
VUT,2019,,,24.913216,26.58424,0.16167565
VUT,2020,,,25.674679,26.461254,0.060571227
VUT,2021,,,26.442783,26.237488,0.058178913
VUT,2022,,,27.218138,26.011148,0.05578065
VEN,2000,25.881725,60.517433,0,4.1362414,9.4646
VEN,2001,25.768354,61.176098,0,3.9698172,9.0857315
VEN,2002,25.654984,61.83476,0,3.803393,8.706863
VEN,2003,25.541613,62.493423,0,3.6369686,8.327996
VEN,2004,25.428242,63.152084,0,3.4705443,7.949128
VEN,2005,25.314873,63.81075,0,3.3041198,7.57026
VEN,2006,25.201502,64.46941,0,3.1376956,7.1913924
VEN,2007,25.08813,65.128075,0,2.9712713,6.812525
VEN,2008,24.97476,65.786736,0,2.804847,6.4336567
VEN,2009,24.955677,66.35111,0,2.6384227,6.054789
VEN,2010,25.063887,66.78819,0,2.4719985,5.675921
VEN,2011,25.201744,67.195625,0,2.3055742,5.2970533
VEN,2012,25.371922,67.57074,0,2.1391497,4.9181857
VEN,2013,25.542099,67.94586,0,1.9727254,4.5393176
VEN,2014,25.712276,68.32098,0,1.8063011,4.16045
VEN,2015,25.882454,68.69609,0,1.6398768,3.781582
VEN,2016,26.052631,69.071205,0,1.4734524,3.4027143
VEN,2017,26.222807,69.44632,0,1.3070282,3.0238464
VEN,2018,26.392984,69.821434,0,0.7617361,3.0238464
VEN,2019,26.563162,70.19655,0,0.21644394,3.0238464
VEN,2020,26.531668,70.4544,0,1.3322676e-15,3.013935
VEN,2021,26.367346,70.63501,0,0,2.9976428
VEN,2022,27.073694,71.32189,0,1.604414,
VNM,2000,31.723993,18.235786,3.2625093,29.924337,16.853376
VNM,2001,33.072247,18.800047,3.388564,28.75015,15.98899
VNM,2002,33.57521,20.198118,3.5136857,27.582417,15.130568
VNM,2003,34.07126,21.589758,3.6377726,26.42236,14.27885
VNM,2004,34.560467,22.975616,3.7608519,25.26946,13.433603
VNM,2005,35.11984,24.408825,3.7513275,24.12463,12.595381
VNM,2006,35.67407,25.841673,3.732549,22.987612,11.764099
VNM,2007,36.22294,27.273924,3.7045772,21.858624,10.939938
VNM,2008,36.766174,28.705097,3.6674674,20.738087,10.123172
VNM,2009,37.303654,30.135445,3.621307,19.625814,9.313782
VNM,2010,37.835495,31.567192,3.5662308,18.52004,8.511042
VNM,2011,38.36088,32.996994,3.5021982,17.42355,7.716375
VNM,2012,38.879627,34.42484,3.4292967,16.336365,6.92987
VNM,2013,39.391434,35.849655,3.3475995,15.259351,6.1519623
VNM,2014,39.896175,37.27207,3.2572107,14.1920185,5.382522
VNM,2015,40.393623,38.691647,3.1582184,13.134735,4.621778
VNM,2016,40.883556,40.107964,3.0507185,12.087827,3.8699353
VNM,2017,41.36584,41.51992,2.9348242,11.052096,3.1273193
VNM,2018,41.84036,42.92758,2.8106503,10.02747,2.3939397
VNM,2019,42.306988,44.33082,2.6783125,9.0140295,1.6698558
VNM,2020,42.765606,45.729504,2.5379283,7.956843,1.0101205
VNM,2021,43.21621,47.12305,2.3896344,6.8580117,0.4130932
VNM,2022,43.65865,48.511692,2.2335432,5.5961165,0
WLF,2000,,,0,2.842171e-14,4.525311
WLF,2001,,,0,2.842171e-14,4.525311
WLF,2002,,,0,2.842171e-14,4.525311
WLF,2003,,,0,2.842171e-14,4.525311
WLF,2004,,,0,2.842171e-14,4.525311
WLF,2005,,,0,5.684342e-14,4.607745
WLF,2006,,,0,2.842171e-14,4.6901793
WLF,2007,,,0,5.684342e-14,4.7726135
WLF,2008,,,0,2.842171e-14,4.8550477
WLF,2009,,,0,2.842171e-14,4.937482
WLF,2010,,,0,5.684342e-14,5.019916
WLF,2011,,,0,2.842171e-14,5.10235
WLF,2012,,,0,5.684342e-14,5.1847844
WLF,2013,,,0,2.842171e-14,5.2672186
WLF,2014,,,0,5.684342e-14,5.349653
WLF,2015,,,0,5.684342e-14,5.432087
WLF,2016,,,0,5.684342e-14,5.5145206
WLF,2017,,,0,5.684342e-14,5.596955
WLF,2018,,,0,5.684342e-14,5.679389
WLF,2019,,,0,5.684342e-14,5.761823
WLF,2020,,,0,2.842171e-14,5.8442574
WLF,2021,,,0,2.842171e-14,5.8442574
WLF,2022,,,0,2.842171e-14,5.8442574
,2000,25.966015,36.0806,3.8189623,30.000813,4.133609
,2001,26.365658,36.365894,3.8125064,29.416334,4.039607
,2002,27.018206,37.466164,3.857186,27.820839,3.8376057
,2003,28.651234,37.563423,3.894941,26.252012,3.638391
,2004,30.36274,37.558937,3.924674,24.711775,3.4418757
,2005,32.163906,37.445835,3.9408982,23.203148,3.2462122
,2006,34.04333,37.22235,3.9481952,21.728573,3.057549
,2007,36.029785,36.894478,3.9173691,20.286253,2.872115
,2008,38.09698,36.463013,3.8778806,18.872976,2.6891499
,2009,40.239075,35.93197,3.8297591,17.491096,2.5081007
,2010,42.45495,35.302345,3.7728565,16.139818,2.3300314
,2011,44.732143,34.578903,3.7064235,14.826808,2.155723
,2012,47.071,33.76693,3.6307628,13.546646,1.9846622
,2013,49.47602,32.86588,3.5464113,12.293814,1.8178761
,2014,51.957417,31.866291,3.4535778,11.068435,1.6542801
,2015,54.502213,30.78012,3.353033,9.87026,1.4943734
,2016,57.105476,29.611359,3.2451682,8.699983,1.3380136
,2017,59.762444,28.364603,3.129254,7.4437575,1.2999412
,2018,62.462177,27.051123,3.0052056,6.343711,1.1377817
,2019,65.20271,25.67036,2.8732429,5.2732716,0.9804141
,2020,66.29931,25.902512,2.7335358,4.2289886,0.83565444
,2021,67.35616,26.149464,2.5879302,3.209532,0.69691294
,2022,68.380585,26.404404,2.4335825,2.1989276,0.5825021
OWID_WRL,2000,32.34688,23.194103,5.667625,17.367516,21.423876
OWID_WRL,2001,32.75709,23.545954,5.854714,17.084354,20.757885
OWID_WRL,2002,33.29103,24.206272,6.032257,16.426645,20.043795
OWID_WRL,2003,34.117634,24.537872,6.1926765,15.828862,19.322954
OWID_WRL,2004,35.21493,24.609707,6.3419414,15.240194,18.593225
OWID_WRL,2005,36.284763,24.73388,6.475158,14.662741,17.843456
OWID_WRL,2006,37.392464,24.833054,6.5959544,14.124308,17.054218
OWID_WRL,2007,38.566936,24.878775,6.6943984,13.563606,16.296286
OWID_WRL,2008,39.76032,24.907784,6.7848773,13.02577,15.52125
OWID_WRL,2009,40.97792,24.905365,6.866271,12.4949045,14.755537
OWID_WRL,2010,42.2104,24.880098,6.939529,11.978383,13.9915905
OWID_WRL,2011,43.40638,24.791588,7.0021267,11.485678,13.314228
OWID_WRL,2012,44.679123,24.708927,7.057711,11.000246,12.553992
OWID_WRL,2013,45.970356,24.6085,7.1031775,10.524764,11.793203
OWID_WRL,2014,47.293365,24.47507,7.1403365,10.061054,11.030173
OWID_WRL,2015,48.638775,24.317038,7.1692605,9.597407,10.27752
OWID_WRL,2016,49.992104,24.14095,7.189256,9.160533,9.517158
OWID_WRL,2017,51.335617,23.902702,7.201996,8.573364,8.986321
OWID_WRL,2018,52.659065,23.675209,7.20647,8.259882,8.199374
OWID_WRL,2019,53.972904,23.45495,7.201591,7.9379487,7.4326067
OWID_WRL,2020,54.825058,23.654366,7.1937532,7.6322646,6.6945577
OWID_WRL,2021,55.848248,23.982105,7.1547046,7.1355147,5.879429
OWID_WRL,2022,56.60437,24.166801,7.1500225,6.8295727,5.249232
YEM,2000,24.771587,20.467127,2.2249484,20.426832,32.109505
YEM,2001,24.890676,20.657465,2.216826,20.322784,31.912249
YEM,2002,25.011545,20.850779,2.2085783,20.21714,31.711958
YEM,2003,24.626375,21.891167,2.238128,20.866726,30.377605
YEM,2004,24.103498,23.062866,2.2669337,21.51169,29.055012
YEM,2005,23.484985,24.141802,2.4756904,22.152386,27.745136
YEM,2006,22.86442,25.21173,2.688518,22.788137,26.447197
YEM,2007,22.241493,26.27224,2.905354,23.419083,25.16183
YEM,2008,21.61612,27.32329,3.1261156,24.04516,23.889313
YEM,2009,20.988213,28.364836,3.350717,24.666306,22.629929
YEM,2010,20.357685,29.396828,3.5790699,25.282461,21.383957
YEM,2011,19.724306,30.418882,3.8110864,25.893793,20.15193
YEM,2012,19.088028,31.43097,4.046668,26.500238,18.934095
YEM,2013,18.448936,32.43338,4.2857113,27.101515,17.730457
YEM,2014,17.8067,33.42541,4.5281167,27.698038,16.541733
YEM,2015,17.43174,34.13705,4.7737746,28.289516,15.367919
YEM,2016,17.724535,34.373276,4.8166018,28.87614,14.209447
YEM,2017,18.011675,34.605732,4.858213,29.457867,13.066515
YEM,2018,18.292969,34.83405,4.8985953,30.034895,11.939492
YEM,2019,18.568462,35.058475,4.937734,30.606945,10.828382
YEM,2020,18.837978,35.27866,4.9756193,31.174217,9.733526
YEM,2021,19.101357,35.494247,5.012243,31.736944,8.65521
YEM,2022,19.164888,35.67987,5.008909,31.57216,8.574172
ZMB,2000,,,8.998006,41.764874,29.29216
ZMB,2001,,,9.578449,41.571625,28.128963
ZMB,2002,,,10.202413,41.326168,26.87181
ZMB,2003,,,10.823262,41.075695,25.627361
ZMB,2004,,,11.441373,40.820164,24.395742
ZMB,2005,,,12.05693,40.559727,23.17741
ZMB,2006,,,12.670498,40.29416,21.97214
ZMB,2007,,,13.282265,40.02362,20.78036
ZMB,2008,,,13.893006,39.747665,19.601597
ZMB,2009,,,14.502312,39.467094,18.437084
ZMB,2010,,,15.111372,39.18103,17.285822
ZMB,2011,,,15.720176,38.889862,16.148457
ZMB,2012,,,16.330206,38.59241,15.0239725
ZMB,2013,,,16.942162,38.288338,13.912472
ZMB,2014,,,17.556078,37.978016,12.814683
ZMB,2015,,,18.172909,37.660866,11.7305155
ZMB,2016,,,18.792686,37.337276,10.660644
ZMB,2017,,,19.416157,37.00691,9.60518
ZMB,2018,,,20.04384,36.66966,8.564431
ZMB,2019,,,20.676014,36.3257,7.5388203
ZMB,2020,,,21.313196,35.97494,6.528609
ZMB,2021,,,21.464321,35.823486,6.4701943
ZMB,2022,,,21.617056,35.670418,6.411157
ZWE,2000,27.587427,16.92958,19.668446,4.357174,31.45737
ZWE,2001,27.529482,17.103302,19.737514,4.346759,31.282944
ZWE,2002,27.53794,17.283033,19.839346,4.957034,30.382648
ZWE,2003,27.590904,17.271694,19.853748,5.582457,29.701195
ZWE,2004,27.655487,17.226202,19.854727,6.2140636,29.049519
ZWE,2005,27.435835,16.819754,20.500929,6.8490524,28.39443
ZWE,2006,27.21708,16.414295,21.144825,7.487468,27.736334
ZWE,2007,26.999052,16.010265,21.786596,8.129232,27.074854
ZWE,2008,26.781887,15.607288,22.426033,8.7744055,26.410385
ZWE,2009,26.565413,15.205787,23.063343,9.4228945,25.742563
ZWE,2010,26.34977,14.805398,23.698292,10.074772,25.071768
ZWE,2011,27.700127,12.841183,24.33111,10.72992,24.39766
ZWE,2012,28.941236,10.988189,24.96154,11.388447,23.720589
ZWE,2013,30.07467,9.245049,25.58984,12.050206,23.040234
ZWE,2014,31.101694,7.615393,26.224567,12.710918,22.347425
ZWE,2015,32.026722,6.0939264,26.867157,13.369609,21.642588
ZWE,2016,32.853817,4.675375,27.518463,14.025565,20.92678
ZWE,2017,33.5866,3.3550742,28.179642,14.677941,20.200743
ZWE,2018,33.544266,2.8128939,28.852188,15.325731,19.46492
ZWE,2019,32.961483,2.8128545,29.53659,15.966128,18.722944
ZWE,2020,32.381233,2.81113,30.23473,16.541292,18.031616
ZWE,2021,31.802437,2.807513,30.947052,17.10949,17.333508
ZWE,2022,31.806429,2.8114285,30.982523,17.089666,17.309952
