Country Code,Year,GDP PPP (2021 international constant $)
AFG,1960,
AFG,1961,
AFG,1962,
AFG,1963,
AFG,1964,
AFG,1965,
AFG,1966,
AFG,1967,
AFG,1968,
AFG,1969,
AFG,1970,
AFG,1971,
AFG,1972,
AFG,1973,
AFG,1974,
AFG,1975,
AFG,1976,
AFG,1977,
AFG,1978,
AFG,1979,
AFG,1980,
AFG,1981,
AFG,1982,
AFG,1983,
AFG,1984,
AFG,1985,
AFG,1986,
AFG,1987,
AFG,1988,
AFG,1989,
AFG,1990,
AFG,1991,
AFG,1992,
AFG,1993,
AFG,1994,
AFG,1995,
AFG,1996,
AFG,1997,
AFG,1998,
AFG,1999,
AFG,2000,32567375970
AFG,2001,29495629513
AFG,2002,37931379899
AFG,2003,41281584746
AFG,2004,41865355064
AFG,2005,46566715049
AFG,2006,49061481754
AFG,2007,55844878996
AFG,2008,58036781460
AFG,2009,70451155677
AFG,2010,80569661677
AFG,2011,80913174278
AFG,2012,91231454558
AFG,2013,96341095376
AFG,2014,98965950295
AFG,2015,1.00402E+11
AFG,2016,1.02672E+11
AFG,2017,1.05389E+11
AFG,2018,1.06643E+11
AFG,2019,1.10814E+11
AFG,2020,1.08209E+11
AFG,2021,85767546198
AFG,2022,80415503801
AFG,2023,82238478028
AFG,2024,
AFE,1960,
AFE,1961,
AFE,1962,
AFE,1963,
AFE,1964,
AFE,1965,
AFE,1966,
AFE,1967,
AFE,1968,
AFE,1969,
AFE,1970,
AFE,1971,
AFE,1972,
AFE,1973,
AFE,1974,
AFE,1975,
AFE,1976,
AFE,1977,
AFE,1978,
AFE,1979,
AFE,1980,
AFE,1981,
AFE,1982,
AFE,1983,
AFE,1984,
AFE,1985,
AFE,1986,
AFE,1987,
AFE,1988,
AFE,1989,
AFE,1990,1.05548E+12
AFE,1991,1.05513E+12
AFE,1992,1.03134E+12
AFE,1993,1.02271E+12
AFE,1994,1.03974E+12
AFE,1995,1.08651E+12
AFE,1996,1.1468E+12
AFE,1997,1.19321E+12
AFE,1998,1.2159E+12
AFE,1999,1.24913E+12
AFE,2000,1.28974E+12
AFE,2001,1.33694E+12
AFE,2002,1.38941E+12
AFE,2003,1.43312E+12
AFE,2004,1.51593E+12
AFE,2005,1.61287E+12
AFE,2006,1.72205E+12
AFE,2007,1.84043E+12
AFE,2008,1.92595E+12
AFE,2009,1.9444E+12
AFE,2010,2.0484E+12
AFE,2011,2.13703E+12
AFE,2012,2.19949E+12
AFE,2013,2.2952E+12
AFE,2014,2.39462E+12
AFE,2015,2.47412E+12
AFE,2016,2.53972E+12
AFE,2017,2.61494E+12
AFE,2018,2.68936E+12
AFE,2019,2.75359E+12
AFE,2020,2.6813E+12
AFE,2021,2.805E+12
AFE,2022,2.90844E+12
AFE,2023,2.9631E+12
AFE,2024,3.0533E+12
AFW,1960,
AFW,1961,
AFW,1962,
AFW,1963,
AFW,1964,
AFW,1965,
AFW,1966,
AFW,1967,
AFW,1968,
AFW,1969,
AFW,1970,
AFW,1971,
AFW,1972,
AFW,1973,
AFW,1974,
AFW,1975,
AFW,1976,
AFW,1977,
AFW,1978,
AFW,1979,
AFW,1980,
AFW,1981,
AFW,1982,
AFW,1983,
AFW,1984,
AFW,1985,
AFW,1986,
AFW,1987,
AFW,1988,
AFW,1989,
AFW,1990,6.96693E+11
AFW,1991,7.0514E+11
AFW,1992,7.19713E+11
AFW,1993,7.11135E+11
AFW,1994,7.1083E+11
AFW,1995,7.26428E+11
AFW,1996,7.60533E+11
AFW,1997,7.94831E+11
AFW,1998,8.24678E+11
AFW,1999,8.38889E+11
AFW,2000,8.69565E+11
AFW,2001,9.14384E+11
AFW,2002,9.97772E+11
AFW,2003,1.05166E+12
AFW,2004,1.13414E+12
AFW,2005,1.20027E+12
AFW,2006,1.26389E+12
AFW,2007,1.33023E+12
AFW,2008,1.41265E+12
AFW,2009,1.49452E+12
AFW,2010,1.59677E+12
AFW,2011,1.67576E+12
AFW,2012,1.7648E+12
AFW,2013,1.86817E+12
AFW,2014,1.97268E+12
AFW,2015,2.03139E+12
AFW,2016,2.04206E+12
AFW,2017,2.09486E+12
AFW,2018,2.15962E+12
AFW,2019,2.23449E+12
AFW,2020,2.21627E+12
AFW,2021,2.30655E+12
AFW,2022,2.39996E+12
AFW,2023,2.48218E+12
AFW,2024,2.58882E+12
ALB,1960,
ALB,1961,
ALB,1962,
ALB,1963,
ALB,1964,
ALB,1965,
ALB,1966,
ALB,1967,
ALB,1968,
ALB,1969,
ALB,1970,
ALB,1971,
ALB,1972,
ALB,1973,
ALB,1974,
ALB,1975,
ALB,1976,
ALB,1977,
ALB,1978,
ALB,1979,
ALB,1980,
ALB,1981,
ALB,1982,
ALB,1983,
ALB,1984,
ALB,1985,
ALB,1986,
ALB,1987,
ALB,1988,
ALB,1989,
ALB,1990,18275992950
ALB,1991,13158323515
ALB,1992,12212620211
ALB,1993,13380074852
ALB,1994,14491004618
ALB,1995,16421544555
ALB,1996,17626283082
ALB,1997,15561968022
ALB,1998,16855171487
ALB,1999,18920052733
ALB,2000,20332029538
ALB,2001,22134205874
ALB,2002,23158664546
ALB,2003,24393777325
ALB,2004,25678417487
ALB,2005,26995931363
ALB,2006,28620811407
ALB,2007,30481190655
ALB,2008,32586545485
ALB,2009,33463368454
ALB,2010,34458286075
ALB,2011,35307171755
ALB,2012,35654640182
ALB,2013,36263346296
ALB,2014,37075727554
ALB,2015,37901665047
ALB,2016,39383216692
ALB,2017,40676236984
ALB,2018,42169632192
ALB,2019,43039413707
ALB,2020,41613192394
ALB,2021,45345719391
ALB,2022,47534419469
ALB,2023,49405667455
ALB,2024,51362981226
DZA,1960,
DZA,1961,
DZA,1962,
DZA,1963,
DZA,1964,
DZA,1965,
DZA,1966,
DZA,1967,
DZA,1968,
DZA,1969,
DZA,1970,
DZA,1971,
DZA,1972,
DZA,1973,
DZA,1974,
DZA,1975,
DZA,1976,
DZA,1977,
DZA,1978,
DZA,1979,
DZA,1980,
DZA,1981,
DZA,1982,
DZA,1983,
DZA,1984,
DZA,1985,
DZA,1986,
DZA,1987,
DZA,1988,
DZA,1989,
DZA,1990,2.97621E+11
DZA,1991,2.9405E+11
DZA,1992,2.99343E+11
DZA,1993,2.93057E+11
DZA,1994,2.90419E+11
DZA,1995,3.01455E+11
DZA,1996,3.13815E+11
DZA,1997,3.17267E+11
DZA,1998,3.33447E+11
DZA,1999,3.44118E+11
DZA,2000,3.57194E+11
DZA,2001,3.6791E+11
DZA,2002,3.87777E+11
DZA,2003,4.12982E+11
DZA,2004,4.31567E+11
DZA,2005,4.54871E+11
DZA,2006,4.68063E+11
DZA,2007,4.82572E+11
DZA,2008,4.94637E+11
DZA,2009,5.00572E+11
DZA,2010,5.246E+11
DZA,2011,5.40338E+11
DZA,2012,5.53306E+11
DZA,2013,5.67692E+11
DZA,2014,5.90967E+11
DZA,2015,6.09878E+11
DZA,2016,6.33664E+11
DZA,2017,6.43169E+11
DZA,2018,6.52173E+11
DZA,2019,6.58042E+11
DZA,2020,6.2514E+11
DZA,2021,6.48896E+11
DZA,2022,6.72256E+11
DZA,2023,6.99818E+11
DZA,2024,7.22912E+11
ASM,1960,
ASM,1961,
ASM,1962,
ASM,1963,
ASM,1964,
ASM,1965,
ASM,1966,
ASM,1967,
ASM,1968,
ASM,1969,
ASM,1970,
ASM,1971,
ASM,1972,
ASM,1973,
ASM,1974,
ASM,1975,
ASM,1976,
ASM,1977,
ASM,1978,
ASM,1979,
ASM,1980,
ASM,1981,
ASM,1982,
ASM,1983,
ASM,1984,
ASM,1985,
ASM,1986,
ASM,1987,
ASM,1988,
ASM,1989,
ASM,1990,
ASM,1991,
ASM,1992,
ASM,1993,
ASM,1994,
ASM,1995,
ASM,1996,
ASM,1997,
ASM,1998,
ASM,1999,
ASM,2000,
ASM,2001,
ASM,2002,
ASM,2003,
ASM,2004,
ASM,2005,
ASM,2006,
ASM,2007,
ASM,2008,
ASM,2009,
ASM,2010,
ASM,2011,
ASM,2012,
ASM,2013,
ASM,2014,
ASM,2015,
ASM,2016,
ASM,2017,
ASM,2018,
ASM,2019,
ASM,2020,
ASM,2021,
ASM,2022,
ASM,2023,
ASM,2024,
AND,1960,
AND,1961,
AND,1962,
AND,1963,
AND,1964,
AND,1965,
AND,1966,
AND,1967,
AND,1968,
AND,1969,
AND,1970,
AND,1971,
AND,1972,
AND,1973,
AND,1974,
AND,1975,
AND,1976,
AND,1977,
AND,1978,
AND,1979,
AND,1980,
AND,1981,
AND,1982,
AND,1983,
AND,1984,
AND,1985,
AND,1986,
AND,1987,
AND,1988,
AND,1989,
AND,1990,2631759312
AND,1991,2698763997
AND,1992,2723841291
AND,1993,2695745293
AND,1994,2759989816
AND,1995,2836096580
AND,1996,2967967659
AND,1997,3237093233
AND,1998,3340511674
AND,1999,3477441884
AND,2000,3600138635
AND,2001,3892446769
AND,2002,4069411498
AND,2003,4423214424
AND,2004,4783072833
AND,2005,5041253346
AND,2006,5283671526
AND,2007,5365736886
AND,2008,5067445572
AND,2009,4798726710
AND,2010,4703953873
AND,2011,4703574275
AND,2012,4469597620
AND,2013,4311034331
AND,2014,4419002699
AND,2015,4482377402
AND,2016,4648659174
AND,2017,4664746876
AND,2018,4738858765
AND,2019,4834372721
AND,2020,4293699379
AND,2021,4649508749
AND,2022,5094216232
AND,2023,5225828101
AND,2024,5402033635
AGO,1960,
AGO,1961,
AGO,1962,
AGO,1963,
AGO,1964,
AGO,1965,
AGO,1966,
AGO,1967,
AGO,1968,
AGO,1969,
AGO,1970,
AGO,1971,
AGO,1972,
AGO,1973,
AGO,1974,
AGO,1975,
AGO,1976,
AGO,1977,
AGO,1978,
AGO,1979,
AGO,1980,
AGO,1981,
AGO,1982,
AGO,1983,
AGO,1984,
AGO,1985,
AGO,1986,
AGO,1987,
AGO,1988,
AGO,1989,
AGO,1990,85939173895
AGO,1991,86791139889
AGO,1992,81724029491
AGO,1993,62123814348
AGO,1994,62955878002
AGO,1995,72399259721
AGO,1996,82205283158
AGO,1997,88185123455
AGO,1998,92322016744
AGO,1999,94336012047
AGO,2000,97217622733
AGO,2001,1.01307E+11
AGO,2002,1.15151E+11
AGO,2003,1.18594E+11
AGO,2004,1.3158E+11
AGO,2005,1.51356E+11
AGO,2006,1.68838E+11
AGO,2007,1.92492E+11
AGO,2008,2.13994E+11
AGO,2009,2.15834E+11
AGO,2010,2.25327E+11
AGO,2011,2.33151E+11
AGO,2012,2.53067E+11
AGO,2013,2.65605E+11
AGO,2014,2.78414E+11
AGO,2015,2.81041E+11
AGO,2016,2.7379E+11
AGO,2017,2.73387E+11
AGO,2018,2.69788E+11
AGO,2019,2.67894E+11
AGO,2020,2.52789E+11
AGO,2021,2.55821E+11
AGO,2022,2.6361E+11
AGO,2023,2.66452E+11
AGO,2024,2.78239E+11
ATG,1960,
ATG,1961,
ATG,1962,
ATG,1963,
ATG,1964,
ATG,1965,
ATG,1966,
ATG,1967,
ATG,1968,
ATG,1969,
ATG,1970,
ATG,1971,
ATG,1972,
ATG,1973,
ATG,1974,
ATG,1975,
ATG,1976,
ATG,1977,
ATG,1978,
ATG,1979,
ATG,1980,
ATG,1981,
ATG,1982,
ATG,1983,
ATG,1984,
ATG,1985,
ATG,1986,
ATG,1987,
ATG,1988,
ATG,1989,
ATG,1990,1329089238
ATG,1991,1358021545
ATG,1992,1373754915
ATG,1993,1446287620
ATG,1994,1542847661
ATG,1995,1475582825
ATG,1996,1573044257
ATG,1997,1659109533
ATG,1998,1737606636
ATG,1999,1802032676
ATG,2000,1913822712
ATG,2001,1826779954
ATG,2002,1845545275
ATG,2003,1957692356
ATG,2004,2070594498
ATG,2005,2204638355
ATG,2006,2484807048
ATG,2007,2716271365
ATG,2008,2715890908
ATG,2009,2390992152
ATG,2010,2203526249
ATG,2011,2160364841
ATG,2012,2233237031
ATG,2013,2219815671
ATG,2014,2268613699
ATG,2015,2300864764
ATG,2016,2395668849
ATG,2017,2460656795
ATG,2018,2625816199
ATG,2019,2709112916
ATG,2020,2197936455
ATG,2021,2377570792
ATG,2022,2594115333
ATG,2023,2657083929
ATG,2024,2772069806
ARB,1960,
ARB,1961,
ARB,1962,
ARB,1963,
ARB,1964,
ARB,1965,
ARB,1966,
ARB,1967,
ARB,1968,
ARB,1969,
ARB,1970,
ARB,1971,
ARB,1972,
ARB,1973,
ARB,1974,
ARB,1975,
ARB,1976,
ARB,1977,
ARB,1978,
ARB,1979,
ARB,1980,
ARB,1981,
ARB,1982,
ARB,1983,
ARB,1984,
ARB,1985,
ARB,1986,
ARB,1987,
ARB,1988,
ARB,1989,
ARB,1990,2.52192E+12
ARB,1991,2.48287E+12
ARB,1992,2.64094E+12
ARB,1993,2.72644E+12
ARB,1994,2.81021E+12
ARB,1995,2.8897E+12
ARB,1996,3.0356E+12
ARB,1997,3.19704E+12
ARB,1998,3.37178E+12
ARB,1999,3.47698E+12
ARB,2000,3.69104E+12
ARB,2001,3.77527E+12
ARB,2002,3.82093E+12
ARB,2003,3.95038E+12
ARB,2004,4.3047E+12
ARB,2005,4.53448E+12
ARB,2006,4.80574E+12
ARB,2007,5.03019E+12
ARB,2008,5.31872E+12
ARB,2009,5.38614E+12
ARB,2010,5.64575E+12
ARB,2011,5.89588E+12
ARB,2012,6.11658E+12
ARB,2013,6.25341E+12
ARB,2014,6.42327E+12
ARB,2015,6.67202E+12
ARB,2016,6.92517E+12
ARB,2017,7.05113E+12
ARB,2018,7.25531E+12
ARB,2019,7.41845E+12
ARB,2020,7.13143E+12
ARB,2021,7.43483E+12
ARB,2022,7.95519E+12
ARB,2023,8.07634E+12
ARB,2024,8.21164E+12
ARG,1960,
ARG,1961,
ARG,1962,
ARG,1963,
ARG,1964,
ARG,1965,
ARG,1966,
ARG,1967,
ARG,1968,
ARG,1969,
ARG,1970,
ARG,1971,
ARG,1972,
ARG,1973,
ARG,1974,
ARG,1975,
ARG,1976,
ARG,1977,
ARG,1978,
ARG,1979,
ARG,1980,
ARG,1981,
ARG,1982,
ARG,1983,
ARG,1984,
ARG,1985,
ARG,1986,
ARG,1987,
ARG,1988,
ARG,1989,
ARG,1990,5.57089E+11
ARG,1991,6.07968E+11
ARG,1992,6.56225E+11
ARG,1993,7.10081E+11
ARG,1994,7.51523E+11
ARG,1995,7.3014E+11
ARG,1996,7.70493E+11
ARG,1997,8.32988E+11
ARG,1998,8.65059E+11
ARG,1999,8.35773E+11
ARG,2000,8.29179E+11
ARG,2001,7.92622E+11
ARG,2002,7.0627E+11
ARG,2003,7.68683E+11
ARG,2004,8.38092E+11
ARG,2005,9.12277E+11
ARG,2006,9.85689E+11
ARG,2007,1.07448E+12
ARG,2008,1.11807E+12
ARG,2009,1.0519E+12
ARG,2010,1.15841E+12
ARG,2011,1.22796E+12
ARG,2012,1.21535E+12
ARG,2013,1.24459E+12
ARG,2014,1.21331E+12
ARG,2015,1.24645E+12
ARG,2016,1.22052E+12
ARG,2017,1.25492E+12
ARG,2018,1.22208E+12
ARG,2019,1.19762E+12
ARG,2020,1.07905E+12
ARG,2021,1.19173E+12
ARG,2022,1.25453E+12
ARG,2023,1.23432E+12
ARG,2024,1.2131E+12
ARM,1960,
ARM,1961,
ARM,1962,
ARM,1963,
ARM,1964,
ARM,1965,
ARM,1966,
ARM,1967,
ARM,1968,
ARM,1969,
ARM,1970,
ARM,1971,
ARM,1972,
ARM,1973,
ARM,1974,
ARM,1975,
ARM,1976,
ARM,1977,
ARM,1978,
ARM,1979,
ARM,1980,
ARM,1981,
ARM,1982,
ARM,1983,
ARM,1984,
ARM,1985,
ARM,1986,
ARM,1987,
ARM,1988,
ARM,1989,
ARM,1990,21801542439
ARM,1991,19250762305
ARM,1992,11203943133
ARM,1993,10217996272
ARM,1994,10769768355
ARM,1995,11512882201
ARM,1996,12188158880
ARM,1997,12592937351
ARM,1998,13512221776
ARM,1999,13958125094
ARM,2000,14781654475
ARM,2001,16200693305
ARM,2002,18339184821
ARM,2003,20906670696
ARM,2004,23101871119
ARM,2005,26313031204
ARM,2006,29786351323
ARM,2007,33867081455
ARM,2008,36203910075
ARM,2009,31099158754
ARM,2010,31783340247
ARM,2011,33277157238
ARM,2012,35673112560
ARM,2013,36850325274
ARM,2014,38176936984
ARM,2015,39398598967
ARM,2016,39477396165
ARM,2017,42438200878
ARM,2018,44644987324
ARM,2019,48038006360
ARM,2020,44579269902
ARM,2021,47164867557
ARM,2022,53107640869
ARM,2023,57515575061
ARM,2024,60908993990
ABW,1960,
ABW,1961,
ABW,1962,
ABW,1963,
ABW,1964,
ABW,1965,
ABW,1966,
ABW,1967,
ABW,1968,
ABW,1969,
ABW,1970,
ABW,1971,
ABW,1972,
ABW,1973,
ABW,1974,
ABW,1975,
ABW,1976,
ABW,1977,
ABW,1978,
ABW,1979,
ABW,1980,
ABW,1981,
ABW,1982,
ABW,1983,
ABW,1984,
ABW,1985,
ABW,1986,
ABW,1987,
ABW,1988,
ABW,1989,
ABW,1990,2169949833
ABW,1991,2342740155
ABW,1992,2480548423
ABW,1993,2661819292
ABW,1994,2880192320
ABW,1995,2953554956
ABW,1996,2988577872
ABW,1997,3199179219
ABW,1998,3262906371
ABW,1999,3303302517
ABW,2000,3555110647
ABW,2001,3703785432
ABW,2002,3668786383
ABW,2003,3709528424
ABW,2004,3980091340
ABW,2005,3964842111
ABW,2006,4009542195
ABW,2007,4133418781
ABW,2008,4209298230
ABW,2009,3717747269
ABW,2010,3616124254
ABW,2011,3737960057
ABW,2012,3699055373
ABW,2013,3936959476
ABW,2014,3874496656
ABW,2015,3850334291
ABW,2016,3916545601
ABW,2017,4192604626
ABW,2018,4293104973
ABW,2019,4197263893
ABW,2020,3097084627
ABW,2021,3844492519
ABW,2022,4171963244
ABW,2023,4349844051
ABW,2024,
AUS,1960,
AUS,1961,
AUS,1962,
AUS,1963,
AUS,1964,
AUS,1965,
AUS,1966,
AUS,1967,
AUS,1968,
AUS,1969,
AUS,1970,
AUS,1971,
AUS,1972,
AUS,1973,
AUS,1974,
AUS,1975,
AUS,1976,
AUS,1977,
AUS,1978,
AUS,1979,
AUS,1980,
AUS,1981,
AUS,1982,
AUS,1983,
AUS,1984,
AUS,1985,
AUS,1986,
AUS,1987,
AUS,1988,
AUS,1989,
AUS,1990,6.17848E+11
AUS,1991,6.15486E+11
AUS,1992,6.18122E+11
AUS,1993,6.43136E+11
AUS,1994,6.68735E+11
AUS,1995,6.94721E+11
AUS,1996,7.21565E+11
AUS,1997,7.49801E+11
AUS,1998,7.84766E+11
AUS,1999,8.24222E+11
AUS,2000,8.56544E+11
AUS,2001,8.7389E+11
AUS,2002,9.08667E+11
AUS,2003,9.36751E+11
AUS,2004,9.76323E+11
AUS,2005,1.00712E+12
AUS,2006,1.03487E+12
AUS,2007,1.07392E+12
AUS,2008,1.11243E+12
AUS,2009,1.13348E+12
AUS,2010,1.15865E+12
AUS,2011,1.18654E+12
AUS,2012,1.23301E+12
AUS,2013,1.26509E+12
AUS,2014,1.29793E+12
AUS,2015,1.32635E+12
AUS,2016,1.36295E+12
AUS,2017,1.39402E+12
AUS,2018,1.43415E+12
AUS,2019,1.46529E+12
AUS,2020,1.46354E+12
AUS,2021,1.49444E+12
AUS,2022,1.55784E+12
AUS,2023,1.61146E+12
AUS,2024,1.63452E+12
AUT,1960,
AUT,1961,
AUT,1962,
AUT,1963,
AUT,1964,
AUT,1965,
AUT,1966,
AUT,1967,
AUT,1968,
AUT,1969,
AUT,1970,
AUT,1971,
AUT,1972,
AUT,1973,
AUT,1974,
AUT,1975,
AUT,1976,
AUT,1977,
AUT,1978,
AUT,1979,
AUT,1980,
AUT,1981,
AUT,1982,
AUT,1983,
AUT,1984,
AUT,1985,
AUT,1986,
AUT,1987,
AUT,1988,
AUT,1989,
AUT,1990,3.32535E+11
AUT,1991,3.43979E+11
AUT,1992,3.51181E+11
AUT,1993,3.53031E+11
AUT,1994,3.61511E+11
AUT,1995,3.71156E+11
AUT,1996,3.7938E+11
AUT,1997,3.87521E+11
AUT,1998,4.01056E+11
AUT,1999,4.16144E+11
AUT,2000,4.29417E+11
AUT,2001,4.35072E+11
AUT,2002,4.4153E+11
AUT,2003,4.46571E+11
AUT,2004,4.58026E+11
AUT,2005,4.68654E+11
AUT,2006,4.83976E+11
AUT,2007,5.02247E+11
AUT,2008,5.09546E+11
AUT,2009,4.91273E+11
AUT,2010,5.0016E+11
AUT,2011,5.14802E+11
AUT,2012,5.18036E+11
AUT,2013,5.16737E+11
AUT,2014,5.20643E+11
AUT,2015,5.27429E+11
AUT,2016,5.38596E+11
AUT,2017,5.50834E+11
AUT,2018,5.64518E+11
AUT,2019,5.74426E+11
AUT,2020,5.38132E+11
AUT,2021,5.63937E+11
AUT,2022,5.93701E+11
AUT,2023,5.88031E+11
AUT,2024,5.81131E+11
AZE,1960,
AZE,1961,
AZE,1962,
AZE,1963,
AZE,1964,
AZE,1965,
AZE,1966,
AZE,1967,
AZE,1968,
AZE,1969,
AZE,1970,
AZE,1971,
AZE,1972,
AZE,1973,
AZE,1974,
AZE,1975,
AZE,1976,
AZE,1977,
AZE,1978,
AZE,1979,
AZE,1980,
AZE,1981,
AZE,1982,
AZE,1983,
AZE,1984,
AZE,1985,
AZE,1986,
AZE,1987,
AZE,1988,
AZE,1989,
AZE,1990,77320440962
AZE,1991,76779197739
AZE,1992,59427098799
AZE,1993,45699439738
AZE,1994,36696649543
AZE,1995,32366445224
AZE,1996,32787208820
AZE,1997,34688866980
AZE,1998,38157753543
AZE,1999,40981427801
AZE,2000,45530365936
AZE,2001,50037872023
AZE,2002,54760904902
AZE,2003,60351062364
AZE,2004,65935829773
AZE,2005,84372501916
AZE,2006,1.13453E+11
AZE,2007,1.42341E+11
AZE,2008,1.57417E+11
AZE,2009,1.72166E+11
AZE,2010,1.80411E+11
AZE,2011,1.77573E+11
AZE,2012,1.81485E+11
AZE,2013,1.9209E+11
AZE,2014,1.97464E+11
AZE,2015,1.99536E+11
AZE,2016,1.93423E+11
AZE,2017,1.9372E+11
AZE,2018,1.96627E+11
AZE,2019,2.01503E+11
AZE,2020,1.93042E+11
AZE,2021,2.03884E+11
AZE,2022,2.13497E+11
AZE,2023,2.16388E+11
AZE,2024,2.25198E+11
BHS,1960,
BHS,1961,
BHS,1962,
BHS,1963,
BHS,1964,
BHS,1965,
BHS,1966,
BHS,1967,
BHS,1968,
BHS,1969,
BHS,1970,
BHS,1971,
BHS,1972,
BHS,1973,
BHS,1974,
BHS,1975,
BHS,1976,
BHS,1977,
BHS,1978,
BHS,1979,
BHS,1980,
BHS,1981,
BHS,1982,
BHS,1983,
BHS,1984,
BHS,1985,
BHS,1986,
BHS,1987,
BHS,1988,
BHS,1989,
BHS,1990,9126074163
BHS,1991,8744441360
BHS,1992,8409915560
BHS,1993,8435801834
BHS,1994,8701438146
BHS,1995,9082452546
BHS,1996,9466052687
BHS,1997,9587952083
BHS,1998,10040196469
BHS,1999,10757478537
BHS,2000,11203743854
BHS,2001,11497955268
BHS,2002,11808969928
BHS,2003,11659596298
BHS,2004,11762477514
BHS,2005,12161941155
BHS,2006,12468007620
BHS,2007,12648307467
BHS,2008,12354405315
BHS,2009,11838556009
BHS,2010,12020711429
BHS,2011,12094418914
BHS,2012,12641101658
BHS,2013,12279151519
BHS,2014,12505985015
BHS,2015,12630638288
BHS,2016,12484594381
BHS,2017,12905479582
BHS,2018,13215020091
BHS,2019,13104139293
BHS,2020,10471575966
BHS,2021,12313201284
BHS,2022,13652564215
BHS,2023,14068800174
BHS,2024,14544115518
BHR,1960,
BHR,1961,
BHR,1962,
BHR,1963,
BHR,1964,
BHR,1965,
BHR,1966,
BHR,1967,
BHR,1968,
BHR,1969,
BHR,1970,
BHR,1971,
BHR,1972,
BHR,1973,
BHR,1974,
BHR,1975,
BHR,1976,
BHR,1977,
BHR,1978,
BHR,1979,
BHR,1980,
BHR,1981,
BHR,1982,
BHR,1983,
BHR,1984,
BHR,1985,
BHR,1986,
BHR,1987,
BHR,1988,
BHR,1989,
BHR,1990,21547623543
BHR,1991,23967421295
BHR,1992,25570841331
BHR,1993,28861810335
BHR,1994,28789655411
BHR,1995,29921086679
BHR,1996,31150845231
BHR,1997,32114340636
BHR,1998,33652618706
BHR,1999,35099680719
BHR,2000,36959988158
BHR,2001,37880642522
BHR,2002,39149095032
BHR,2003,41614094816
BHR,2004,44519158861
BHR,2005,47532659557
BHR,2006,50606596423
BHR,2007,54803887940
BHR,2008,58226396743
BHR,2009,59705280669
BHR,2010,62293086037
BHR,2011,63494195104
BHR,2012,65908897751
BHR,2013,69397206738
BHR,2014,72387433087
BHR,2015,74202817291
BHR,2016,77033649780
BHR,2017,80849769947
BHR,2018,82509283149
BHR,2019,84203097859
BHR,2020,79225547128
BHR,2021,82671890844
BHR,2022,87781147011
BHR,2023,91185401848
BHR,2024,93936691918
BGD,1960,
BGD,1961,
BGD,1962,
BGD,1963,
BGD,1964,
BGD,1965,
BGD,1966,
BGD,1967,
BGD,1968,
BGD,1969,
BGD,1970,
BGD,1971,
BGD,1972,
BGD,1973,
BGD,1974,
BGD,1975,
BGD,1976,
BGD,1977,
BGD,1978,
BGD,1979,
BGD,1980,
BGD,1981,
BGD,1982,
BGD,1983,
BGD,1984,
BGD,1985,
BGD,1986,
BGD,1987,
BGD,1988,
BGD,1989,
BGD,1990,2.31057E+11
BGD,1991,2.3911E+11
BGD,1992,2.52124E+11
BGD,1993,2.64003E+11
BGD,1994,2.74273E+11
BGD,1995,2.8832E+11
BGD,1996,3.0136E+11
BGD,1997,3.14891E+11
BGD,1998,3.31193E+11
BGD,1999,3.4666E+11
BGD,2000,3.6501E+11
BGD,2001,3.83543E+11
BGD,2002,3.98244E+11
BGD,2003,4.17119E+11
BGD,2004,4.38974E+11
BGD,2005,4.67666E+11
BGD,2006,4.98868E+11
BGD,2007,5.34081E+11
BGD,2008,5.66199E+11
BGD,2009,5.94765E+11
BGD,2010,6.27904E+11
BGD,2011,6.68494E+11
BGD,2012,7.12089E+11
BGD,2013,7.54912E+11
BGD,2014,8.00667E+11
BGD,2015,8.53132E+11
BGD,2016,9.1382E+11
BGD,2017,9.74043E+11
BGD,2018,1.04534E+12
BGD,2019,1.12773E+12
BGD,2020,1.16661E+12
BGD,2021,1.24756E+12
BGD,2022,1.33614E+12
BGD,2023,1.4133E+12
BGD,2024,1.47299E+12
BRB,1960,
BRB,1961,
BRB,1962,
BRB,1963,
BRB,1964,
BRB,1965,
BRB,1966,
BRB,1967,
BRB,1968,
BRB,1969,
BRB,1970,
BRB,1971,
BRB,1972,
BRB,1973,
BRB,1974,
BRB,1975,
BRB,1976,
BRB,1977,
BRB,1978,
BRB,1979,
BRB,1980,
BRB,1981,
BRB,1982,
BRB,1983,
BRB,1984,
BRB,1985,
BRB,1986,
BRB,1987,
BRB,1988,
BRB,1989,
BRB,1990,4389884980
BRB,1991,4218683553
BRB,1992,3978534107
BRB,1993,4010086598
BRB,1994,4090720719
BRB,1995,4173107760
BRB,1996,4339050404
BRB,1997,4544725877
BRB,1998,4714174359
BRB,1999,4729950629
BRB,2000,4940300503
BRB,2001,4823439440
BRB,2002,4861419300
BRB,2003,4967178543
BRB,2004,5037295151
BRB,2005,5236543206
BRB,2006,5554429981
BRB,2007,5669916793
BRB,2008,5705833481
BRB,2009,5419556103
BRB,2010,5299366019
BRB,2011,5260604624
BRB,2012,5244122563
BRB,2013,5191136901
BRB,2014,5195414682
BRB,2015,5151456355
BRB,2016,5243766864
BRB,2017,5250502273
BRB,2018,5188857959
BRB,2019,5222719689
BRB,2020,4436472511
BRB,2021,4425161020
BRB,2022,5214293923
BRB,2023,5427757737
BRB,2024,5634012548
BLR,1960,
BLR,1961,
BLR,1962,
BLR,1963,
BLR,1964,
BLR,1965,
BLR,1966,
BLR,1967,
BLR,1968,
BLR,1969,
BLR,1970,
BLR,1971,
BLR,1972,
BLR,1973,
BLR,1974,
BLR,1975,
BLR,1976,
BLR,1977,
BLR,1978,
BLR,1979,
BLR,1980,
BLR,1981,
BLR,1982,
BLR,1983,
BLR,1984,
BLR,1985,
BLR,1986,
BLR,1987,
BLR,1988,
BLR,1989,
BLR,1990,1.25855E+11
BLR,1991,1.24345E+11
BLR,1992,1.12408E+11
BLR,1993,1.03865E+11
BLR,1994,91712578582
BLR,1995,82174470042
BLR,1996,84475358964
BLR,1997,94105554457
BLR,1998,1.0201E+11
BLR,1999,1.05479E+11
BLR,2000,1.11597E+11
BLR,2001,1.1687E+11
BLR,2002,1.22766E+11
BLR,2003,1.31413E+11
BLR,2004,1.46459E+11
BLR,2005,1.60226E+11
BLR,2006,1.76249E+11
BLR,2007,1.91407E+11
BLR,2008,2.1093E+11
BLR,2009,2.11352E+11
BLR,2010,2.27732E+11
BLR,2011,2.40371E+11
BLR,2012,2.44476E+11
BLR,2013,2.46918E+11
BLR,2014,2.50994E+11
BLR,2015,2.41382E+11
BLR,2016,2.35284E+11
BLR,2017,2.41242E+11
BLR,2018,2.48839E+11
BLR,2019,2.52438E+11
BLR,2020,2.5074E+11
BLR,2021,2.56855E+11
BLR,2022,2.4489E+11
BLR,2023,2.54995E+11
BLR,2024,2.6522E+11
BEL,1960,
BEL,1961,
BEL,1962,
BEL,1963,
BEL,1964,
BEL,1965,
BEL,1966,
BEL,1967,
BEL,1968,
BEL,1969,
BEL,1970,
BEL,1971,
BEL,1972,
BEL,1973,
BEL,1974,
BEL,1975,
BEL,1976,
BEL,1977,
BEL,1978,
BEL,1979,
BEL,1980,
BEL,1981,
BEL,1982,
BEL,1983,
BEL,1984,
BEL,1985,
BEL,1986,
BEL,1987,
BEL,1988,
BEL,1989,
BEL,1990,4.15225E+11
BEL,1991,4.22837E+11
BEL,1992,4.29309E+11
BEL,1993,4.2518E+11
BEL,1994,4.389E+11
BEL,1995,4.49367E+11
BEL,1996,4.55305E+11
BEL,1997,4.72577E+11
BEL,1998,4.81849E+11
BEL,1999,4.98919E+11
BEL,2000,5.17463E+11
BEL,2001,5.23153E+11
BEL,2002,5.32082E+11
BEL,2003,5.37605E+11
BEL,2004,5.56804E+11
BEL,2005,5.69732E+11
BEL,2006,5.84273E+11
BEL,2007,6.05756E+11
BEL,2008,6.08463E+11
BEL,2009,5.96863E+11
BEL,2010,6.1304E+11
BEL,2011,6.24879E+11
BEL,2012,6.26228E+11
BEL,2013,6.28141E+11
BEL,2014,6.39231E+11
BEL,2015,6.48654E+11
BEL,2016,6.56396E+11
BEL,2017,6.66074E+11
BEL,2018,6.78583E+11
BEL,2019,6.9516E+11
BEL,2020,6.61841E+11
BEL,2021,7.02925E+11
BEL,2022,7.32865E+11
BEL,2023,7.41672E+11
BEL,2024,7.49229E+11
BLZ,1960,
BLZ,1961,
BLZ,1962,
BLZ,1963,
BLZ,1964,
BLZ,1965,
BLZ,1966,
BLZ,1967,
BLZ,1968,
BLZ,1969,
BLZ,1970,
BLZ,1971,
BLZ,1972,
BLZ,1973,
BLZ,1974,
BLZ,1975,
BLZ,1976,
BLZ,1977,
BLZ,1978,
BLZ,1979,
BLZ,1980,
BLZ,1981,
BLZ,1982,
BLZ,1983,
BLZ,1984,
BLZ,1985,
BLZ,1986,
BLZ,1987,
BLZ,1988,
BLZ,1989,
BLZ,1990,1509229600
BLZ,1991,1687027060
BLZ,1992,1901803195
BLZ,1993,2018535873
BLZ,1994,2018136104
BLZ,1995,2032927573
BLZ,1996,2055414605
BLZ,1997,2142464401
BLZ,1998,2225816331
BLZ,1999,2435595347
BLZ,2000,2733723411
BLZ,2001,2870244677
BLZ,2002,3025155337
BLZ,2003,3317586687
BLZ,2004,3476195214
BLZ,2005,3553350717
BLZ,2006,3713658265
BLZ,2007,3838186447
BLZ,2008,3773623682
BLZ,2009,3758932155
BLZ,2010,3800808004
BLZ,2011,3791513365
BLZ,2012,3933231633
BLZ,2013,4108430593
BLZ,2014,4274035085
BLZ,2015,4396964190
BLZ,2016,4399362807
BLZ,2017,4319608802
BLZ,2018,4367581136
BLZ,2019,4553973640
BLZ,2020,3920838780
BLZ,2021,4616637500
BLZ,2022,5062280490
BLZ,2023,5120446944
BLZ,2024,5537855017
BEN,1960,
BEN,1961,
BEN,1962,
BEN,1963,
BEN,1964,
BEN,1965,
BEN,1966,
BEN,1967,
BEN,1968,
BEN,1969,
BEN,1970,
BEN,1971,
BEN,1972,
BEN,1973,
BEN,1974,
BEN,1975,
BEN,1976,
BEN,1977,
BEN,1978,
BEN,1979,
BEN,1980,
BEN,1981,
BEN,1982,
BEN,1983,
BEN,1984,
BEN,1985,
BEN,1986,
BEN,1987,
BEN,1988,
BEN,1989,
BEN,1990,11656583105
BEN,1991,12149166926
BEN,1992,12508504152
BEN,1993,13238521979
BEN,1994,13505993137
BEN,1995,14322457252
BEN,1996,14941800983
BEN,1997,15798666707
BEN,1998,16424453813
BEN,1999,17301757698
BEN,2000,18315245217
BEN,2001,19292022099
BEN,2002,20187756641
BEN,2003,20882937540
BEN,2004,21807985799
BEN,2005,22181592484
BEN,2006,23056376559
BEN,2007,24436611801
BEN,2008,25633169334
BEN,2009,26227677416
BEN,2010,26782147493
BEN,2011,27575904171
BEN,2012,28902642502
BEN,2013,30981156881
BEN,2014,32950839416
BEN,2015,33536755117
BEN,2016,34656773215
BEN,2017,36622353579
BEN,2018,39075045480
BEN,2019,41757815653
BEN,2020,43364987288
BEN,2021,46467947985
BEN,2022,49373564169
BEN,2023,52510156788
BEN,2024,56423799508
BMU,1960,
BMU,1961,
BMU,1962,
BMU,1963,
BMU,1964,
BMU,1965,
BMU,1966,
BMU,1967,
BMU,1968,
BMU,1969,
BMU,1970,
BMU,1971,
BMU,1972,
BMU,1973,
BMU,1974,
BMU,1975,
BMU,1976,
BMU,1977,
BMU,1978,
BMU,1979,
BMU,1980,
BMU,1981,
BMU,1982,
BMU,1983,
BMU,1984,
BMU,1985,
BMU,1986,
BMU,1987,
BMU,1988,
BMU,1989,
BMU,1990,4590185345
BMU,1991,4427950656
BMU,1992,4425305478
BMU,1993,4558443764
BMU,1994,4585776802
BMU,1995,4787511925
BMU,1996,4912009996
BMU,1997,5137962498
BMU,1998,5338343040
BMU,1999,5518920342
BMU,2000,6033126782
BMU,2001,6468865475
BMU,2002,6373269189
BMU,2003,6590642707
BMU,2004,6743629136
BMU,2005,6856531387
BMU,2006,7236648326
BMU,2007,7478724322
BMU,2008,7339174630
BMU,2009,6926221459
BMU,2010,6752866566
BMU,2011,6500124036
BMU,2012,6155273014
BMU,2013,6138056189
BMU,2014,5910882581
BMU,2015,5956723231
BMU,2016,5917575270
BMU,2017,6131283757
BMU,2018,6104747481
BMU,2019,6123495555
BMU,2020,5705409424
BMU,2021,5968282122
BMU,2022,6354801544
BMU,2023,6667280835
BMU,2024,6807651687
BTN,1960,
BTN,1961,
BTN,1962,
BTN,1963,
BTN,1964,
BTN,1965,
BTN,1966,
BTN,1967,
BTN,1968,
BTN,1969,
BTN,1970,
BTN,1971,
BTN,1972,
BTN,1973,
BTN,1974,
BTN,1975,
BTN,1976,
BTN,1977,
BTN,1978,
BTN,1979,
BTN,1980,
BTN,1981,
BTN,1982,
BTN,1983,
BTN,1984,
BTN,1985,
BTN,1986,
BTN,1987,
BTN,1988,
BTN,1989,
BTN,1990,2010284102
BTN,1991,2002084641
BTN,1992,2094198378
BTN,1993,2135796834
BTN,1994,2241550894
BTN,1995,2400120837
BTN,1996,2533691711
BTN,1997,2669848213
BTN,1998,2827743862
BTN,1999,3053510135
BTN,2000,3155957488
BTN,2001,3387237867
BTN,2002,3740993528
BTN,2003,4032288249
BTN,2004,4240243732
BTN,2005,4534307665
BTN,2006,4790079125
BTN,2007,5561511005
BTN,2008,5813416798
BTN,2009,6259160088
BTN,2010,7005995173
BTN,2011,7600752212
BTN,2012,7993317392
BTN,2013,8132108591
BTN,2014,8610364851
BTN,2015,9183884144
BTN,2016,9962304965
BTN,2017,10170202851
BTN,2018,10526350322
BTN,2019,11132157416
BTN,2020,9994629330
BTN,2021,10436528612
BTN,2022,10980675421
BTN,2023,11516817216
BTN,2024,
BOL,1960,
BOL,1961,
BOL,1962,
BOL,1963,
BOL,1964,
BOL,1965,
BOL,1966,
BOL,1967,
BOL,1968,
BOL,1969,
BOL,1970,
BOL,1971,
BOL,1972,
BOL,1973,
BOL,1974,
BOL,1975,
BOL,1976,
BOL,1977,
BOL,1978,
BOL,1979,
BOL,1980,
BOL,1981,
BOL,1982,
BOL,1983,
BOL,1984,
BOL,1985,
BOL,1986,
BOL,1987,
BOL,1988,
BOL,1989,
BOL,1990,36538326983
BOL,1991,38462627717
BOL,1992,39095914184
BOL,1993,40765034530
BOL,1994,42667646760
BOL,1995,44663757293
BOL,1996,46611696478
BOL,1997,48920937220
BOL,1998,51381344702
BOL,1999,51600684173
BOL,2000,52894731708
BOL,2001,53785372739
BOL,2002,55122243536
BOL,2003,56616794884
BOL,2004,58979581087
BOL,2005,61587323823
BOL,2006,64541673182
BOL,2007,67487603159
BOL,2008,71637077005
BOL,2009,74041933375
BOL,2010,77097438566
BOL,2011,81109660541
BOL,2012,85264320876
BOL,2013,91058893867
BOL,2014,96031228059
BOL,2015,1.00696E+11
BOL,2016,1.04989E+11
BOL,2017,1.09394E+11
BOL,2018,1.14014E+11
BOL,2019,1.16541E+11
BOL,2020,1.06358E+11
BOL,2021,1.12858E+11
BOL,2022,1.16927E+11
BOL,2023,1.20531E+11
BOL,2024,1.222E+11
BIH,1960,
BIH,1961,
BIH,1962,
BIH,1963,
BIH,1964,
BIH,1965,
BIH,1966,
BIH,1967,
BIH,1968,
BIH,1969,
BIH,1970,
BIH,1971,
BIH,1972,
BIH,1973,
BIH,1974,
BIH,1975,
BIH,1976,
BIH,1977,
BIH,1978,
BIH,1979,
BIH,1980,
BIH,1981,
BIH,1982,
BIH,1983,
BIH,1984,
BIH,1985,
BIH,1986,
BIH,1987,
BIH,1988,
BIH,1989,
BIH,1990,10735823008
BIH,1991,9732235589
BIH,1992,9105780566
BIH,1993,8907151759
BIH,1994,9898692819
BIH,1995,11479345879
BIH,1996,17701071010
BIH,1997,24186943178
BIH,1998,28205936236
BIH,1999,30891584252
BIH,2000,32564152225
BIH,2001,33353283615
BIH,2002,35030101340
BIH,2003,36384763979
BIH,2004,38686197145
BIH,2005,40193867106
BIH,2006,42369964506
BIH,2007,44851626858
BIH,2008,47293273641
BIH,2009,45872368076
BIH,2010,46269471066
BIH,2011,46713431845
BIH,2012,46329523823
BIH,2013,47418201226
BIH,2014,47965336659
BIH,2015,50034921315
BIH,2016,51657181159
BIH,2017,53332992269
BIH,2018,55374312124
BIH,2019,56973158639
BIH,2020,55255363698
BIH,2021,59338714266
BIH,2022,61846849574
BIH,2023,63080320176
BIH,2024,64644741817
BWA,1960,
BWA,1961,
BWA,1962,
BWA,1963,
BWA,1964,
BWA,1965,
BWA,1966,
BWA,1967,
BWA,1968,
BWA,1969,
BWA,1970,
BWA,1971,
BWA,1972,
BWA,1973,
BWA,1974,
BWA,1975,
BWA,1976,
BWA,1977,
BWA,1978,
BWA,1979,
BWA,1980,
BWA,1981,
BWA,1982,
BWA,1983,
BWA,1984,
BWA,1985,
BWA,1986,
BWA,1987,
BWA,1988,
BWA,1989,
BWA,1990,13737121067
BWA,1991,14761732983
BWA,1992,15192343095
BWA,1993,15483444652
BWA,1994,16045171041
BWA,1995,17173212391
BWA,1996,18174376329
BWA,1997,19687555071
BWA,1998,19774901584
BWA,1999,21686588919
BWA,2000,22117652343
BWA,2001,22173073418
BWA,2002,23518874956
BWA,2003,24606833357
BWA,2004,25272650395
BWA,2005,26424235521
BWA,2006,28634324517
BWA,2007,30292983737
BWA,2008,31278133669
BWA,2009,26854081059
BWA,2010,29571639765
BWA,2011,31593869884
BWA,2012,31539889509
BWA,2013,35041734071
BWA,2014,37038112198
BWA,2015,35241272984
BWA,2016,37780203981
BWA,2017,39334624593
BWA,2018,40982231020
BWA,2019,42224719387
BWA,2020,38538973283
BWA,2021,43131382325
BWA,2022,45497577319
BWA,2023,46957170594
BWA,2024,45553212803
BRA,1960,
BRA,1961,
BRA,1962,
BRA,1963,
BRA,1964,
BRA,1965,
BRA,1966,
BRA,1967,
BRA,1968,
BRA,1969,
BRA,1970,
BRA,1971,
BRA,1972,
BRA,1973,
BRA,1974,
BRA,1975,
BRA,1976,
BRA,1977,
BRA,1978,
BRA,1979,
BRA,1980,
BRA,1981,
BRA,1982,
BRA,1983,
BRA,1984,
BRA,1985,
BRA,1986,
BRA,1987,
BRA,1988,
BRA,1989,
BRA,1990,1.88417E+12
BRA,1991,1.90362E+12
BRA,1992,1.89326E+12
BRA,1993,1.9865E+12
BRA,1994,2.10276E+12
BRA,1995,2.19158E+12
BRA,1996,2.23999E+12
BRA,1997,2.31603E+12
BRA,1998,2.32387E+12
BRA,1999,2.33474E+12
BRA,2000,2.43719E+12
BRA,2001,2.47106E+12
BRA,2002,2.54651E+12
BRA,2003,2.57557E+12
BRA,2004,2.72392E+12
BRA,2005,2.81114E+12
BRA,2006,2.92252E+12
BRA,2007,3.09991E+12
BRA,2008,3.25783E+12
BRA,2009,3.25373E+12
BRA,2010,3.49867E+12
BRA,2011,3.63773E+12
BRA,2012,3.70761E+12
BRA,2013,3.81902E+12
BRA,2014,3.83827E+12
BRA,2015,3.70217E+12
BRA,2016,3.58089E+12
BRA,2017,3.62826E+12
BRA,2018,3.69298E+12
BRA,2019,3.73806E+12
BRA,2020,3.61557E+12
BRA,2021,3.78777E+12
BRA,2022,3.90203E+12
BRA,2023,4.02853E+12
BRA,2024,4.16533E+12
VGB,1960,
VGB,1961,
VGB,1962,
VGB,1963,
VGB,1964,
VGB,1965,
VGB,1966,
VGB,1967,
VGB,1968,
VGB,1969,
VGB,1970,
VGB,1971,
VGB,1972,
VGB,1973,
VGB,1974,
VGB,1975,
VGB,1976,
VGB,1977,
VGB,1978,
VGB,1979,
VGB,1980,
VGB,1981,
VGB,1982,
VGB,1983,
VGB,1984,
VGB,1985,
VGB,1986,
VGB,1987,
VGB,1988,
VGB,1989,
VGB,1990,
VGB,1991,
VGB,1992,
VGB,1993,
VGB,1994,
VGB,1995,
VGB,1996,
VGB,1997,
VGB,1998,
VGB,1999,
VGB,2000,
VGB,2001,
VGB,2002,
VGB,2003,
VGB,2004,
VGB,2005,
VGB,2006,
VGB,2007,
VGB,2008,
VGB,2009,
VGB,2010,
VGB,2011,
VGB,2012,
VGB,2013,
VGB,2014,
VGB,2015,
VGB,2016,
VGB,2017,
VGB,2018,
VGB,2019,
VGB,2020,
VGB,2021,
VGB,2022,
VGB,2023,
VGB,2024,
BRN,1960,
BRN,1961,
BRN,1962,
BRN,1963,
BRN,1964,
BRN,1965,
BRN,1966,
BRN,1967,
BRN,1968,
BRN,1969,
BRN,1970,
BRN,1971,
BRN,1972,
BRN,1973,
BRN,1974,
BRN,1975,
BRN,1976,
BRN,1977,
BRN,1978,
BRN,1979,
BRN,1980,
BRN,1981,
BRN,1982,
BRN,1983,
BRN,1984,
BRN,1985,
BRN,1986,
BRN,1987,
BRN,1988,
BRN,1989,
BRN,1990,30166243011
BRN,1991,31044278636
BRN,1992,30075505033
BRN,1993,29884931646
BRN,1994,30181609719
BRN,1995,30588244682
BRN,1996,30579889427
BRN,1997,32519860855
BRN,1998,30354961860
BRN,1999,31648302534
BRN,2000,32747978586
BRN,2001,33228083768
BRN,2002,34544394076
BRN,2003,35782267886
BRN,2004,35819674111
BRN,2005,35818268121
BRN,2006,37286248538
BRN,2007,35882934535
BRN,2008,34483245025
BRN,2009,33827975829
BRN,2010,34755323894
BRN,2011,36056704462
BRN,2012,36385950967
BRN,2013,35612828399
BRN,2014,34719698828
BRN,2015,34583464463
BRN,2016,33726514653
BRN,2017,34174647795
BRN,2018,34192545419
BRN,2019,35515401717
BRN,2020,35917994866
BRN,2021,35346624879
BRN,2022,34771064638
BRN,2023,35163158529
BRN,2024,36640142252
BGR,1960,
BGR,1961,
BGR,1962,
BGR,1963,
BGR,1964,
BGR,1965,
BGR,1966,
BGR,1967,
BGR,1968,
BGR,1969,
BGR,1970,
BGR,1971,
BGR,1972,
BGR,1973,
BGR,1974,
BGR,1975,
BGR,1976,
BGR,1977,
BGR,1978,
BGR,1979,
BGR,1980,
BGR,1981,
BGR,1982,
BGR,1983,
BGR,1984,
BGR,1985,
BGR,1986,
BGR,1987,
BGR,1988,
BGR,1989,
BGR,1990,1.30383E+11
BGR,1991,1.19371E+11
BGR,1992,1.1069E+11
BGR,1993,1.09052E+11
BGR,1994,1.11034E+11
BGR,1995,1.14212E+11
BGR,1996,1.20157E+11
BGR,1997,1.03197E+11
BGR,1998,1.07107E+11
BGR,1999,98114160969
BGR,2000,1.02615E+11
BGR,2001,1.06539E+11
BGR,2002,1.12794E+11
BGR,2003,1.18702E+11
BGR,2004,1.2643E+11
BGR,2005,1.35351E+11
BGR,2006,1.44558E+11
BGR,2007,1.54178E+11
BGR,2008,1.63628E+11
BGR,2009,1.58151E+11
BGR,2010,1.60611E+11
BGR,2011,1.63968E+11
BGR,2012,1.65196E+11
BGR,2013,1.64299E+11
BGR,2014,1.65859E+11
BGR,2015,1.71495E+11
BGR,2016,1.76685E+11
BGR,2017,1.81537E+11
BGR,2018,1.86165E+11
BGR,2019,1.93218E+11
BGR,2020,1.87005E+11
BGR,2021,2.01555E+11
BGR,2022,2.09696E+11
BGR,2023,2.13652E+11
BGR,2024,2.19657E+11
BFA,1960,
BFA,1961,
BFA,1962,
BFA,1963,
BFA,1964,
BFA,1965,
BFA,1966,
BFA,1967,
BFA,1968,
BFA,1969,
BFA,1970,
BFA,1971,
BFA,1972,
BFA,1973,
BFA,1974,
BFA,1975,
BFA,1976,
BFA,1977,
BFA,1978,
BFA,1979,
BFA,1980,
BFA,1981,
BFA,1982,
BFA,1983,
BFA,1984,
BFA,1985,
BFA,1986,
BFA,1987,
BFA,1988,
BFA,1989,
BFA,1990,10147246626
BFA,1991,11067600318
BFA,1992,11093355816
BFA,1993,11477339563
BFA,1994,11628267413
BFA,1995,12292982652
BFA,1996,13647023205
BFA,1997,14509083107
BFA,1998,15569366222
BFA,1999,16720757878
BFA,2000,17036525025
BFA,2001,18163219550
BFA,2002,18953857927
BFA,2003,20432731534
BFA,2004,21347801636
BFA,2005,23196921150
BFA,2006,24647462832
BFA,2007,25660813448
BFA,2008,27149138508
BFA,2009,27953282649
BFA,2010,30314295612
BFA,2011,32321878820
BFA,2012,34407503767
BFA,2013,36400587616
BFA,2014,37975584845
BFA,2015,39464694412
BFA,2016,41815991713
BFA,2017,44410042331
BFA,2018,47343134250
BFA,2019,50131268465
BFA,2020,51139294288
BFA,2021,54689652541
BFA,2022,55508487753
BFA,2023,57151639723
BFA,2024,60000707833
BDI,1960,
BDI,1961,
BDI,1962,
BDI,1963,
BDI,1964,
BDI,1965,
BDI,1966,
BDI,1967,
BDI,1968,
BDI,1969,
BDI,1970,
BDI,1971,
BDI,1972,
BDI,1973,
BDI,1974,
BDI,1975,
BDI,1976,
BDI,1977,
BDI,1978,
BDI,1979,
BDI,1980,
BDI,1981,
BDI,1982,
BDI,1983,
BDI,1984,
BDI,1985,
BDI,1986,
BDI,1987,
BDI,1988,
BDI,1989,
BDI,1990,7799958297
BDI,1991,8189709457
BDI,1992,8272425389
BDI,1993,7756226044
BDI,1994,7459162587
BDI,1995,6868396910
BDI,1996,6318925157
BDI,1997,6218454247
BDI,1998,6513830824
BDI,1999,6448041133
BDI,2000,6392790186
BDI,2001,6524213621
BDI,2002,6814314046
BDI,2003,6730925380
BDI,2004,7056275277
BDI,2005,7119781755
BDI,2006,7505233008
BDI,2007,7764309791
BDI,2008,8141788511
BDI,2009,8452214175
BDI,2010,8885319153
BDI,2011,9243628532
BDI,2012,9654665547
BDI,2013,10130079613
BDI,2014,10559660855
BDI,2015,10147834074
BDI,2016,10086946977
BDI,2017,10137381839
BDI,2018,10300587140
BDI,2019,10487292011
BDI,2020,10521601909
BDI,2021,10847771569
BDI,2022,11048346804
BDI,2023,11342844864
BDI,2024,11738623008
CPV,1960,
CPV,1961,
CPV,1962,
CPV,1963,
CPV,1964,
CPV,1965,
CPV,1966,
CPV,1967,
CPV,1968,
CPV,1969,
CPV,1970,
CPV,1971,
CPV,1972,
CPV,1973,
CPV,1974,
CPV,1975,
CPV,1976,
CPV,1977,
CPV,1978,
CPV,1979,
CPV,1980,
CPV,1981,
CPV,1982,
CPV,1983,
CPV,1984,
CPV,1985,
CPV,1986,
CPV,1987,
CPV,1988,
CPV,1989,
CPV,1990,694075763.3
CPV,1991,703821607.2
CPV,1992,780803130
CPV,1993,848797899.3
CPV,1994,1011619759
CPV,1995,1155387479
CPV,1996,1286483805
CPV,1997,1429520556
CPV,1998,1608457729
CPV,1999,1788969286
CPV,2000,2044521202
CPV,2001,2090147852
CPV,2002,2199899241
CPV,2003,2291772738
CPV,2004,2525466469
CPV,2005,2700038277
CPV,2006,2915602595
CPV,2007,3357919567
CPV,2008,3594283905
CPV,2009,3540240729
CPV,2010,3605254388
CPV,2011,3746750463
CPV,2012,3787352068
CPV,2013,3811293311
CPV,2014,3837845328
CPV,2015,3873768578
CPV,2016,4039593564
CPV,2017,4223448184
CPV,2018,4380009912
CPV,2019,4684325394
CPV,2020,3709738572
CPV,2021,3970664151
CPV,2022,4599763302
CPV,2023,4847743178
CPV,2024,5200265316
KHM,1960,
KHM,1961,
KHM,1962,
KHM,1963,
KHM,1964,
KHM,1965,
KHM,1966,
KHM,1967,
KHM,1968,
KHM,1969,
KHM,1970,
KHM,1971,
KHM,1972,
KHM,1973,
KHM,1974,
KHM,1975,
KHM,1976,
KHM,1977,
KHM,1978,
KHM,1979,
KHM,1980,
KHM,1981,
KHM,1982,
KHM,1983,
KHM,1984,
KHM,1985,
KHM,1986,
KHM,1987,
KHM,1988,
KHM,1989,
KHM,1990,19514316432
KHM,1991,20995706333
KHM,1992,22469088082
KHM,1993,23389954629
KHM,1994,15248229813
KHM,1995,16758333510
KHM,1996,17746657168
KHM,1997,18457698475
KHM,1998,19321820013
KHM,1999,21776730888
KHM,2000,23953005981
KHM,2001,25723063815
KHM,2002,27334632491
KHM,2003,30145638983
KHM,2004,32996721517
KHM,2005,37386385535
KHM,2006,41477712321
KHM,2007,45790754858
KHM,2008,49214239315
KHM,2009,51219610561
KHM,2010,53819988410
KHM,2011,57741666976
KHM,2012,62159052653
KHM,2013,67043200063
KHM,2014,72406871106
KHM,2015,77625259450
KHM,2016,83761925238
KHM,2017,90525733498
KHM,2018,98470474432
KHM,2019,1.06286E+11
KHM,2020,1.02507E+11
KHM,2021,1.05674E+11
KHM,2022,1.11095E+11
KHM,2023,1.16658E+11
KHM,2024,1.23676E+11
CMR,1960,
CMR,1961,
CMR,1962,
CMR,1963,
CMR,1964,
CMR,1965,
CMR,1966,
CMR,1967,
CMR,1968,
CMR,1969,
CMR,1970,
CMR,1971,
CMR,1972,
CMR,1973,
CMR,1974,
CMR,1975,
CMR,1976,
CMR,1977,
CMR,1978,
CMR,1979,
CMR,1980,
CMR,1981,
CMR,1982,
CMR,1983,
CMR,1984,
CMR,1985,
CMR,1986,
CMR,1987,
CMR,1988,
CMR,1989,
CMR,1990,51192848469
CMR,1991,49243117964
CMR,1992,47716579726
CMR,1993,43931668855
CMR,1994,44756182469
CMR,1995,46051427006
CMR,1996,47992527880
CMR,1997,50165300202
CMR,1998,52535878944
CMR,1999,54905932269
CMR,2000,57010156987
CMR,2001,59475425082
CMR,2002,62138155822
CMR,2003,65526644958
CMR,2004,70145528271
CMR,2005,71708560181
CMR,2006,74440357496
CMR,2007,77661830226
CMR,2008,79873388994
CMR,2009,81933524799
CMR,2010,84308797938
CMR,2011,87157770352
CMR,2012,91189670264
CMR,2013,95745076834
CMR,2014,1.01222E+11
CMR,2015,1.06958E+11
CMR,2016,1.11809E+11
CMR,2017,1.15768E+11
CMR,2018,1.20348E+11
CMR,2019,1.2453E+11
CMR,2020,1.24854E+11
CMR,2021,1.29022E+11
CMR,2022,1.33843E+11
CMR,2023,1.38191E+11
CMR,2024,1.43264E+11
CAN,1960,
CAN,1961,
CAN,1962,
CAN,1963,
CAN,1964,
CAN,1965,
CAN,1966,
CAN,1967,
CAN,1968,
CAN,1969,
CAN,1970,
CAN,1971,
CAN,1972,
CAN,1973,
CAN,1974,
CAN,1975,
CAN,1976,
CAN,1977,
CAN,1978,
CAN,1979,
CAN,1980,
CAN,1981,
CAN,1982,
CAN,1983,
CAN,1984,
CAN,1985,
CAN,1986,
CAN,1987,
CAN,1988,
CAN,1989,
CAN,1990,1.1208E+12
CAN,1991,1.09737E+12
CAN,1992,1.10714E+12
CAN,1993,1.13656E+12
CAN,1994,1.18764E+12
CAN,1995,1.2195E+12
CAN,1996,1.24009E+12
CAN,1997,1.29317E+12
CAN,1998,1.34351E+12
CAN,1999,1.41258E+12
CAN,2000,1.48517E+12
CAN,2001,1.51302E+12
CAN,2002,1.5584E+12
CAN,2003,1.58655E+12
CAN,2004,1.63561E+12
CAN,2005,1.68812E+12
CAN,2006,1.73265E+12
CAN,2007,1.76817E+12
CAN,2008,1.78577E+12
CAN,2009,1.73371E+12
CAN,2010,1.7873E+12
CAN,2011,1.84337E+12
CAN,2012,1.87573E+12
CAN,2013,1.91936E+12
CAN,2014,1.97451E+12
CAN,2015,1.98734E+12
CAN,2016,2.00798E+12
CAN,2017,2.0689E+12
CAN,2018,2.12565E+12
CAN,2019,2.16622E+12
CAN,2020,2.05708E+12
CAN,2021,2.17949E+12
CAN,2022,2.27078E+12
CAN,2023,2.3055E+12
CAN,2024,2.34073E+12
CSS,1960,
CSS,1961,
CSS,1962,
CSS,1963,
CSS,1964,
CSS,1965,
CSS,1966,
CSS,1967,
CSS,1968,
CSS,1969,
CSS,1970,
CSS,1971,
CSS,1972,
CSS,1973,
CSS,1974,
CSS,1975,
CSS,1976,
CSS,1977,
CSS,1978,
CSS,1979,
CSS,1980,
CSS,1981,
CSS,1982,
CSS,1983,
CSS,1984,
CSS,1985,
CSS,1986,
CSS,1987,
CSS,1988,
CSS,1989,
CSS,1990,47575422994
CSS,1991,48144425372
CSS,1992,49967384146
CSS,1993,50061814847
CSS,1994,51813843949
CSS,1995,53341680086
CSS,1996,55994361140
CSS,1997,58845772605
CSS,1998,61749389373
CSS,1999,64844113719
CSS,2000,67842065353
CSS,2001,69554641145
CSS,2002,72618471792
CSS,2003,78015801874
CSS,2004,82302863142
CSS,2005,85961424314
CSS,2006,93296013610
CSS,2007,97286414891
CSS,2008,99485654188
CSS,2009,96605067084
CSS,2010,98871614866
CSS,2011,1.0003E+11
CSS,2012,1.0465E+11
CSS,2013,1.06832E+11
CSS,2014,1.09649E+11
CSS,2015,1.09288E+11
CSS,2016,1.05448E+11
CSS,2017,1.04216E+11
CSS,2018,1.05615E+11
CSS,2019,1.06818E+11
CSS,2020,98892445017
CSS,2021,1.04573E+11
CSS,2022,1.21017E+11
CSS,2023,1.33332E+11
CSS,2024,1.53617E+11
CYM,1960,
CYM,1961,
CYM,1962,
CYM,1963,
CYM,1964,
CYM,1965,
CYM,1966,
CYM,1967,
CYM,1968,
CYM,1969,
CYM,1970,
CYM,1971,
CYM,1972,
CYM,1973,
CYM,1974,
CYM,1975,
CYM,1976,
CYM,1977,
CYM,1978,
CYM,1979,
CYM,1980,
CYM,1981,
CYM,1982,
CYM,1983,
CYM,1984,
CYM,1985,
CYM,1986,
CYM,1987,
CYM,1988,
CYM,1989,
CYM,1990,
CYM,1991,
CYM,1992,
CYM,1993,
CYM,1994,
CYM,1995,
CYM,1996,
CYM,1997,
CYM,1998,
CYM,1999,
CYM,2000,
CYM,2001,
CYM,2002,
CYM,2003,
CYM,2004,
CYM,2005,
CYM,2006,4445537886
CYM,2007,4586133589
CYM,2008,4569742693
CYM,2009,4240699172
CYM,2010,4125537250
CYM,2011,4173767347
CYM,2012,4225094403
CYM,2013,4279147346
CYM,2014,4392738510
CYM,2015,4517190161
CYM,2016,4663545963
CYM,2017,4812035409
CYM,2018,5017377829
CYM,2019,5213840049
CYM,2020,4955504368
CYM,2021,5198568359
CYM,2022,5466623675
CYM,2023,5704950753
CYM,2024,
CAF,1960,
CAF,1961,
CAF,1962,
CAF,1963,
CAF,1964,
CAF,1965,
CAF,1966,
CAF,1967,
CAF,1968,
CAF,1969,
CAF,1970,
CAF,1971,
CAF,1972,
CAF,1973,
CAF,1974,
CAF,1975,
CAF,1976,
CAF,1977,
CAF,1978,
CAF,1979,
CAF,1980,
CAF,1981,
CAF,1982,
CAF,1983,
CAF,1984,
CAF,1985,
CAF,1986,
CAF,1987,
CAF,1988,
CAF,1989,
CAF,1990,4254024014
CAF,1991,4230518701
CAF,1992,3958746872
CAF,1993,3972019588
CAF,1994,4166646538
CAF,1995,4466646987
CAF,1996,4287976955
CAF,1997,4515236990
CAF,1998,4727459557
CAF,1999,4897646915
CAF,2000,4775723304
CAF,2001,4988946886
CAF,2002,5169374255
CAF,2003,4890358044
CAF,2004,5183529347
CAF,2005,5230606705
CAF,2006,5480163420
CAF,2007,5732663859
CAF,2008,5850420283
CAF,2009,6352811109
CAF,2010,6646998256
CAF,2011,6925814265
CAF,2012,7275828382
CAF,2013,4628010584
CAF,2014,4631762536
CAF,2015,4832647683
CAF,2016,5062213760
CAF,2017,5291394260
CAF,2018,5491908661
CAF,2019,5662157829
CAF,2020,5713117250
CAF,2021,5769272622
CAF,2022,5795459459
CAF,2023,5836025843
CAF,2024,5925879192
CEB,1960,
CEB,1961,
CEB,1962,
CEB,1963,
CEB,1964,
CEB,1965,
CEB,1966,
CEB,1967,
CEB,1968,
CEB,1969,
CEB,1970,
CEB,1971,
CEB,1972,
CEB,1973,
CEB,1974,
CEB,1975,
CEB,1976,
CEB,1977,
CEB,1978,
CEB,1979,
CEB,1980,
CEB,1981,
CEB,1982,
CEB,1983,
CEB,1984,
CEB,1985,
CEB,1986,
CEB,1987,
CEB,1988,
CEB,1989,
CEB,1990,1.91543E+12
CEB,1991,1.70721E+12
CEB,1992,1.62134E+12
CEB,1993,1.62536E+12
CEB,1994,1.68472E+12
CEB,1995,1.78098E+12
CEB,1996,1.86078E+12
CEB,1997,1.89012E+12
CEB,1998,1.93665E+12
CEB,1999,1.96913E+12
CEB,2000,2.04632E+12
CEB,2001,2.10943E+12
CEB,2002,2.18627E+12
CEB,2003,2.27219E+12
CEB,2004,2.41042E+12
CEB,2005,2.52809E+12
CEB,2006,2.6966E+12
CEB,2007,2.86723E+12
CEB,2008,2.98962E+12
CEB,2009,2.88354E+12
CEB,2010,2.91973E+12
CEB,2011,3.02693E+12
CEB,2012,3.05439E+12
CEB,2013,3.07414E+12
CEB,2014,3.17533E+12
CEB,2015,3.3011E+12
CEB,2016,3.39427E+12
CEB,2017,3.57187E+12
CEB,2018,3.75481E+12
CEB,2019,3.90707E+12
CEB,2020,3.77789E+12
CEB,2021,4.0244E+12
CEB,2022,4.18977E+12
CEB,2023,4.22459E+12
CEB,2024,4.30675E+12
TCD,1960,
TCD,1961,
TCD,1962,
TCD,1963,
TCD,1964,
TCD,1965,
TCD,1966,
TCD,1967,
TCD,1968,
TCD,1969,
TCD,1970,
TCD,1971,
TCD,1972,
TCD,1973,
TCD,1974,
TCD,1975,
TCD,1976,
TCD,1977,
TCD,1978,
TCD,1979,
TCD,1980,
TCD,1981,
TCD,1982,
TCD,1983,
TCD,1984,
TCD,1985,
TCD,1986,
TCD,1987,
TCD,1988,
TCD,1989,
TCD,1990,10200983128
TCD,1991,11071651030
TCD,1992,11957542915
TCD,1993,10079032408
TCD,1994,11100732598
TCD,1995,11237998631
TCD,1996,11486861081
TCD,1997,12136258404
TCD,1998,12979920105
TCD,1999,12891286693
TCD,2000,12777884490
TCD,2001,14267547469
TCD,2002,15479034861
TCD,2003,17757806830
TCD,2004,23729645722
TCD,2005,27842594572
TCD,2006,27697389242
TCD,2007,28903946267
TCD,2008,29802385612
TCD,2009,29403485340
TCD,2010,33459516466
TCD,2011,34983125796
TCD,2012,38150036316
TCD,2013,39221042080
TCD,2014,40030164715
TCD,2015,41355517704
TCD,2016,39647564445
TCD,2017,39002104605
TCD,2018,41241260598
TCD,2019,43463610455
TCD,2020,43285890202
TCD,2021,43413141700
TCD,2022,49011968065
TCD,2023,51030012222
TCD,2024,52894879068
CHI,1960,
CHI,1961,
CHI,1962,
CHI,1963,
CHI,1964,
CHI,1965,
CHI,1966,
CHI,1967,
CHI,1968,
CHI,1969,
CHI,1970,
CHI,1971,
CHI,1972,
CHI,1973,
CHI,1974,
CHI,1975,
CHI,1976,
CHI,1977,
CHI,1978,
CHI,1979,
CHI,1980,
CHI,1981,
CHI,1982,
CHI,1983,
CHI,1984,
CHI,1985,
CHI,1986,
CHI,1987,
CHI,1988,
CHI,1989,
CHI,1990,
CHI,1991,
CHI,1992,
CHI,1993,
CHI,1994,
CHI,1995,
CHI,1996,
CHI,1997,
CHI,1998,
CHI,1999,
CHI,2000,
CHI,2001,
CHI,2002,
CHI,2003,
CHI,2004,
CHI,2005,
CHI,2006,
CHI,2007,
CHI,2008,
CHI,2009,
CHI,2010,
CHI,2011,
CHI,2012,
CHI,2013,
CHI,2014,
CHI,2015,
CHI,2016,
CHI,2017,
CHI,2018,
CHI,2019,
CHI,2020,
CHI,2021,
CHI,2022,
CHI,2023,
CHI,2024,
CHL,1960,
CHL,1961,
CHL,1962,
CHL,1963,
CHL,1964,
CHL,1965,
CHL,1966,
CHL,1967,
CHL,1968,
CHL,1969,
CHL,1970,
CHL,1971,
CHL,1972,
CHL,1973,
CHL,1974,
CHL,1975,
CHL,1976,
CHL,1977,
CHL,1978,
CHL,1979,
CHL,1980,
CHL,1981,
CHL,1982,
CHL,1983,
CHL,1984,
CHL,1985,
CHL,1986,
CHL,1987,
CHL,1988,
CHL,1989,
CHL,1990,1.47173E+11
CHL,1991,1.58588E+11
CHL,1992,1.76828E+11
CHL,1993,1.8865E+11
CHL,1994,1.98228E+11
CHL,1995,2.16575E+11
CHL,1996,2.31984E+11
CHL,1997,2.49131E+11
CHL,1998,2.59547E+11
CHL,1999,2.58837E+11
CHL,2000,2.71705E+11
CHL,2001,2.80275E+11
CHL,2002,2.89252E+11
CHL,2003,3.02914E+11
CHL,2004,3.23131E+11
CHL,2005,3.41992E+11
CHL,2006,3.62683E+11
CHL,2007,3.81427E+11
CHL,2008,3.95881E+11
CHL,2009,3.91455E+11
CHL,2010,4.14361E+11
CHL,2011,4.40151E+11
CHL,2012,4.67244E+11
CHL,2013,4.82702E+11
CHL,2014,4.91356E+11
CHL,2015,5.01929E+11
CHL,2016,5.10728E+11
CHL,2017,5.17662E+11
CHL,2018,5.38317E+11
CHL,2019,5.41732E+11
CHL,2020,5.08451E+11
CHL,2021,5.65982E+11
CHL,2022,5.78173E+11
CHL,2023,5.81187E+11
CHL,2024,5.96556E+11
CHN,1960,
CHN,1961,
CHN,1962,
CHN,1963,
CHN,1964,
CHN,1965,
CHN,1966,
CHN,1967,
CHN,1968,
CHN,1969,
CHN,1970,
CHN,1971,
CHN,1972,
CHN,1973,
CHN,1974,
CHN,1975,
CHN,1976,
CHN,1977,
CHN,1978,
CHN,1979,
CHN,1980,
CHN,1981,
CHN,1982,
CHN,1983,
CHN,1984,
CHN,1985,
CHN,1986,
CHN,1987,
CHN,1988,
CHN,1989,
CHN,1990,1.89227E+12
CHN,1991,2.06942E+12
CHN,1992,2.36534E+12
CHN,1993,2.69481E+12
CHN,1994,3.04709E+12
CHN,1995,3.38327E+12
CHN,1996,3.7208E+12
CHN,1997,4.06637E+12
CHN,1998,4.38846E+12
CHN,1999,4.72799E+12
CHN,2000,5.13396E+12
CHN,2001,5.56073E+12
CHN,2002,6.07473E+12
CHN,2003,6.68938E+12
CHN,2004,7.36711E+12
CHN,2005,8.21125E+12
CHN,2006,9.252E+12
CHN,2007,1.05612E+13
CHN,2008,1.15824E+13
CHN,2009,1.26715E+13
CHN,2010,1.40142E+13
CHN,2011,1.53401E+13
CHN,2012,1.65453E+13
CHN,2013,1.78323E+13
CHN,2014,1.91629E+13
CHN,2015,2.05003E+13
CHN,2016,2.18893E+13
CHN,2017,2.33977E+13
CHN,2018,2.49787E+13
CHN,2019,2.64945E+13
CHN,2020,2.71145E+13
CHN,2021,2.94382E+13
CHN,2022,3.03609E+13
CHN,2023,3.20049E+13
CHN,2024,3.35979E+13
COL,1960,
COL,1961,
COL,1962,
COL,1963,
COL,1964,
COL,1965,
COL,1966,
COL,1967,
COL,1968,
COL,1969,
COL,1970,
COL,1971,
COL,1972,
COL,1973,
COL,1974,
COL,1975,
COL,1976,
COL,1977,
COL,1978,
COL,1979,
COL,1980,
COL,1981,
COL,1982,
COL,1983,
COL,1984,
COL,1985,
COL,1986,
COL,1987,
COL,1988,
COL,1989,
COL,1990,3.24362E+11
COL,1991,3.30855E+11
COL,1992,3.44237E+11
COL,1993,3.62776E+11
COL,1994,3.8387E+11
COL,1995,4.03841E+11
COL,1996,4.12143E+11
COL,1997,4.26281E+11
COL,1998,4.2871E+11
COL,1999,4.10687E+11
COL,2000,4.22699E+11
COL,2001,4.29791E+11
COL,2002,4.40553E+11
COL,2003,4.57815E+11
COL,2004,4.82231E+11
COL,2005,5.05516E+11
COL,2006,5.39471E+11
COL,2007,5.75822E+11
COL,2008,5.94729E+11
COL,2009,6.01506E+11
COL,2010,6.28542E+11
COL,2011,6.72213E+11
COL,2012,6.98514E+11
COL,2013,7.34375E+11
COL,2014,7.67415E+11
COL,2015,7.90099E+11
COL,2016,8.06592E+11
COL,2017,8.17556E+11
COL,2018,8.38521E+11
COL,2019,8.65243E+11
COL,2020,8.03068E+11
COL,2021,8.89809E+11
COL,2022,9.55016E+11
COL,2023,9.6182E+11
COL,2024,9.78592E+11
COM,1960,
COM,1961,
COM,1962,
COM,1963,
COM,1964,
COM,1965,
COM,1966,
COM,1967,
COM,1968,
COM,1969,
COM,1970,
COM,1971,
COM,1972,
COM,1973,
COM,1974,
COM,1975,
COM,1976,
COM,1977,
COM,1978,
COM,1979,
COM,1980,
COM,1981,
COM,1982,
COM,1983,
COM,1984,
COM,1985,
COM,1986,
COM,1987,
COM,1988,
COM,1989,
COM,1990,1058574902
COM,1991,1001458042
COM,1992,1086892245
COM,1993,1119564892
COM,1994,1060487882
COM,1995,1098773684
COM,1996,1084580946
COM,1997,1128291225
COM,1998,1142761738
COM,1999,1164753144
COM,2000,1291104151
COM,2001,1321224412
COM,2002,1351942151
COM,2003,1380385278
COM,2004,1406883980
COM,2005,1446804986
COM,2006,1485101270
COM,2007,1496982709
COM,2008,1556332253
COM,2009,1657290418
COM,2010,1736857895
COM,2011,1839126740
COM,2012,1955187403
COM,2013,2129732252
COM,2014,2212700089
COM,2015,2256778506
COM,2016,2319522106
COM,2017,2449326959
COM,2018,2548759982
COM,2019,2641248625
COM,2020,2747039030
COM,2021,2821917778
COM,2022,2901450569
COM,2023,2990370233
COM,2024,3091707406
COD,1960,
COD,1961,
COD,1962,
COD,1963,
COD,1964,
COD,1965,
COD,1966,
COD,1967,
COD,1968,
COD,1969,
COD,1970,
COD,1971,
COD,1972,
COD,1973,
COD,1974,
COD,1975,
COD,1976,
COD,1977,
COD,1978,
COD,1979,
COD,1980,
COD,1981,
COD,1982,
COD,1983,
COD,1984,
COD,1985,
COD,1986,
COD,1987,
COD,1988,
COD,1989,
COD,1990,79677843437
COD,1991,72968131208
COD,1992,65306471181
COD,1993,56510309573
COD,1994,54306409306
COD,1995,54686553536
COD,1996,54127015681
COD,1997,51086675988
COD,1998,50256949674
COD,1999,48110907145
COD,2000,44785997321
COD,2001,43845413886
COD,2002,45137873732
COD,2003,47655584124
COD,2004,50866795582
COD,2005,53987550379
COD,2006,56860216902
COD,2007,60419369536
COD,2008,64181015601
COD,2009,66013424679
COD,2010,70705643442
COD,2011,75566423729
COD,2012,80921739817
COD,2013,87785486697
COD,2014,96099025197
COD,2015,1.02745E+11
COD,2016,1.05211E+11
COD,2017,1.09132E+11
COD,2018,1.15485E+11
COD,2019,1.20548E+11
COD,2020,1.2264E+11
COD,2021,1.30244E+11
COD,2022,1.41867E+11
COD,2023,1.54081E+11
COD,2024,1.64367E+11
COG,1960,
COG,1961,
COG,1962,
COG,1963,
COG,1964,
COG,1965,
COG,1966,
COG,1967,
COG,1968,
COG,1969,
COG,1970,
COG,1971,
COG,1972,
COG,1973,
COG,1974,
COG,1975,
COG,1976,
COG,1977,
COG,1978,
COG,1979,
COG,1980,
COG,1981,
COG,1982,
COG,1983,
COG,1984,
COG,1985,
COG,1986,
COG,1987,
COG,1988,
COG,1989,
COG,1990,20709745611
COG,1991,21205820117
COG,1992,21759705123
COG,1993,21546528946
COG,1994,20362961790
COG,1995,21174491871
COG,1996,22082979540
COG,1997,21945002400
COG,1998,22765208445
COG,1999,22177365378
COG,2000,23857518232
COG,2001,24764724673
COG,2002,25899412179
COG,2003,26110042794
COG,2004,27017792798
COG,2005,29113227688
COG,2006,31438279447
COG,2007,29358953278
COG,2008,31210439248
COG,2009,34842488218
COG,2010,38302788206
COG,2011,39147716828
COG,2012,43041800172
COG,2013,42735155559
COG,2014,45575361950
COG,2015,45764587691
COG,2016,41789821841
COG,2017,39451775871
COG,2018,38542681577
COG,2019,38976083979
COG,2020,36533151792
COG,2021,36903988991
COG,2022,37448454256
COG,2023,38162545447
COG,2024,39147011808
CRI,1960,
CRI,1961,
CRI,1962,
CRI,1963,
CRI,1964,
CRI,1965,
CRI,1966,
CRI,1967,
CRI,1968,
CRI,1969,
CRI,1970,
CRI,1971,
CRI,1972,
CRI,1973,
CRI,1974,
CRI,1975,
CRI,1976,
CRI,1977,
CRI,1978,
CRI,1979,
CRI,1980,
CRI,1981,
CRI,1982,
CRI,1983,
CRI,1984,
CRI,1985,
CRI,1986,
CRI,1987,
CRI,1988,
CRI,1989,
CRI,1990,34193376304
CRI,1991,34968080231
CRI,1992,38185529566
CRI,1993,40895629626
CRI,1994,42743714733
CRI,1995,44519268572
CRI,1996,45120483260
CRI,1997,47591355722
CRI,1998,50996664081
CRI,1999,53146077176
CRI,2000,55202149077
CRI,2001,57129349887
CRI,2002,59081389155
CRI,2003,61632038993
CRI,2004,64359009941
CRI,2005,66918353044
CRI,2006,71821256960
CRI,2007,77721468012
CRI,2008,81404047084
CRI,2009,80693018597
CRI,2010,85018441595
CRI,2011,88761938962
CRI,2012,93095822657
CRI,2013,95418345692
CRI,2014,98798168340
CRI,2015,1.02406E+11
CRI,2016,1.06712E+11
CRI,2017,1.11149E+11
CRI,2018,1.14056E+11
CRI,2019,1.16813E+11
CRI,2020,1.11822E+11
CRI,2021,1.20696E+11
CRI,2022,1.26189E+11
CRI,2023,1.3264E+11
CRI,2024,1.38371E+11
CIV,1960,
CIV,1961,
CIV,1962,
CIV,1963,
CIV,1964,
CIV,1965,
CIV,1966,
CIV,1967,
CIV,1968,
CIV,1969,
CIV,1970,
CIV,1971,
CIV,1972,
CIV,1973,
CIV,1974,
CIV,1975,
CIV,1976,
CIV,1977,
CIV,1978,
CIV,1979,
CIV,1980,
CIV,1981,
CIV,1982,
CIV,1983,
CIV,1984,
CIV,1985,
CIV,1986,
CIV,1987,
CIV,1988,
CIV,1989,
CIV,1990,64063495622
CIV,1991,64089713718
CIV,1992,63932975523
CIV,1993,63809914072
CIV,1994,64327544357
CIV,1995,68911360958
CIV,1996,74237745676
CIV,1997,81400827011
CIV,1998,84871681712
CIV,1999,85862015402
CIV,2000,85633803213
CIV,2001,83789240396
CIV,2002,81501353004
CIV,2003,77649707795
CIV,2004,80122880671
CIV,2005,80920957094
CIV,2006,83199350239
CIV,2007,84115732650
CIV,2008,88138707178
CIV,2009,91314628222
CIV,2010,97567899071
CIV,2011,92328066528
CIV,2012,99363845372
CIV,2013,1.10056E+11
CIV,2014,1.2037E+11
CIV,2015,1.29031E+11
CIV,2016,1.38286E+11
CIV,2017,1.48534E+11
CIV,2018,1.55727E+11
CIV,2019,1.66194E+11
CIV,2020,1.67357E+11
CIV,2021,1.79178E+11
CIV,2022,1.90645E+11
CIV,2023,2.02943E+11
CIV,2024,2.15018E+11
HRV,1960,
HRV,1961,
HRV,1962,
HRV,1963,
HRV,1964,
HRV,1965,
HRV,1966,
HRV,1967,
HRV,1968,
HRV,1969,
HRV,1970,
HRV,1971,
HRV,1972,
HRV,1973,
HRV,1974,
HRV,1975,
HRV,1976,
HRV,1977,
HRV,1978,
HRV,1979,
HRV,1980,
HRV,1981,
HRV,1982,
HRV,1983,
HRV,1984,
HRV,1985,
HRV,1986,
HRV,1987,
HRV,1988,
HRV,1989,
HRV,1990,1.11789E+11
HRV,1991,88214151476
HRV,1992,77881371643
HRV,1993,71630938389
HRV,1994,75836014468
HRV,1995,80961374077
HRV,1996,85907288976
HRV,1997,91206042621
HRV,1998,93259708883
HRV,1999,92468219030
HRV,2000,95191642020
HRV,2001,98153277589
HRV,2002,1.03849E+11
HRV,2003,1.09632E+11
HRV,2004,1.14204E+11
HRV,2005,1.19146E+11
HRV,2006,1.252E+11
HRV,2007,1.31522E+11
HRV,2008,1.34111E+11
HRV,2009,1.24973E+11
HRV,2010,1.23305E+11
HRV,2011,1.23185E+11
HRV,2012,1.20408E+11
HRV,2013,1.20257E+11
HRV,2014,1.19587E+11
HRV,2015,1.22366E+11
HRV,2016,1.26601E+11
HRV,2017,1.30755E+11
HRV,2018,1.34553E+11
HRV,2019,1.38724E+11
HRV,2020,1.27194E+11
HRV,2021,1.43261E+11
HRV,2022,1.53702E+11
HRV,2023,1.58778E+11
HRV,2024,1.64835E+11
CUB,1960,
CUB,1961,
CUB,1962,
CUB,1963,
CUB,1964,
CUB,1965,
CUB,1966,
CUB,1967,
CUB,1968,
CUB,1969,
CUB,1970,
CUB,1971,
CUB,1972,
CUB,1973,
CUB,1974,
CUB,1975,
CUB,1976,
CUB,1977,
CUB,1978,
CUB,1979,
CUB,1980,
CUB,1981,
CUB,1982,
CUB,1983,
CUB,1984,
CUB,1985,
CUB,1986,
CUB,1987,
CUB,1988,
CUB,1989,
CUB,1990,
CUB,1991,
CUB,1992,
CUB,1993,
CUB,1994,
CUB,1995,
CUB,1996,
CUB,1997,
CUB,1998,
CUB,1999,
CUB,2000,
CUB,2001,
CUB,2002,
CUB,2003,
CUB,2004,
CUB,2005,
CUB,2006,
CUB,2007,
CUB,2008,
CUB,2009,
CUB,2010,
CUB,2011,
CUB,2012,
CUB,2013,
CUB,2014,
CUB,2015,
CUB,2016,
CUB,2017,
CUB,2018,
CUB,2019,
CUB,2020,
CUB,2021,
CUB,2022,
CUB,2023,
CUB,2024,
CUW,1960,
CUW,1961,
CUW,1962,
CUW,1963,
CUW,1964,
CUW,1965,
CUW,1966,
CUW,1967,
CUW,1968,
CUW,1969,
CUW,1970,
CUW,1971,
CUW,1972,
CUW,1973,
CUW,1974,
CUW,1975,
CUW,1976,
CUW,1977,
CUW,1978,
CUW,1979,
CUW,1980,
CUW,1981,
CUW,1982,
CUW,1983,
CUW,1984,
CUW,1985,
CUW,1986,
CUW,1987,
CUW,1988,
CUW,1989,
CUW,1990,
CUW,1991,
CUW,1992,
CUW,1993,
CUW,1994,
CUW,1995,
CUW,1996,
CUW,1997,
CUW,1998,
CUW,1999,
CUW,2000,4592351701
CUW,2001,4560400244
CUW,2002,4578508007
CUW,2003,4591702658
CUW,2004,4601274570
CUW,2005,4632398758
CUW,2006,4708181776
CUW,2007,4824472135
CUW,2008,4930033663
CUW,2009,4903839988
CUW,2010,4907876172
CUW,2011,4932830636
CUW,2012,4915617483
CUW,2013,4884369055
CUW,2014,4853236215
CUW,2015,4875471391
CUW,2016,4823415569
CUW,2017,4761858749
CUW,2018,4661663940
CUW,2019,4512204853
CUW,2020,3680223299
CUW,2021,3834193241
CUW,2022,4137976371
CUW,2023,4311854138
CUW,2024,
CYP,1960,
CYP,1961,
CYP,1962,
CYP,1963,
CYP,1964,
CYP,1965,
CYP,1966,
CYP,1967,
CYP,1968,
CYP,1969,
CYP,1970,
CYP,1971,
CYP,1972,
CYP,1973,
CYP,1974,
CYP,1975,
CYP,1976,
CYP,1977,
CYP,1978,
CYP,1979,
CYP,1980,
CYP,1981,
CYP,1982,
CYP,1983,
CYP,1984,
CYP,1985,
CYP,1986,
CYP,1987,
CYP,1988,
CYP,1989,
CYP,1990,16045152326
CYP,1991,16163806419
CYP,1992,17683204064
CYP,1993,17806986578
CYP,1994,18857598555
CYP,1995,20434559446
CYP,1996,20689693396
CYP,1997,21236093853
CYP,1998,22533806691
CYP,1999,23660036141
CYP,2000,25071429331
CYP,2001,26062393265
CYP,2002,27032689628
CYP,2003,27741838073
CYP,2004,29136218386
CYP,2005,30550195458
CYP,2006,31990265557
CYP,2007,33621201641
CYP,2008,34847363241
CYP,2009,34145160284
CYP,2010,34924581956
CYP,2011,35070116834
CYP,2012,33861116109
CYP,2013,31630522700
CYP,2014,31068746057
CYP,2015,32130961751
CYP,2016,34243119699
CYP,2017,36212384110
CYP,2018,38483503023
CYP,2019,40744638124
CYP,2020,39432404009
CYP,2021,43923040810
CYP,2022,47087637838
CYP,2023,48389097653
CYP,2024,50057583598
CZE,1960,
CZE,1961,
CZE,1962,
CZE,1963,
CZE,1964,
CZE,1965,
CZE,1966,
CZE,1967,
CZE,1968,
CZE,1969,
CZE,1970,
CZE,1971,
CZE,1972,
CZE,1973,
CZE,1974,
CZE,1975,
CZE,1976,
CZE,1977,
CZE,1978,
CZE,1979,
CZE,1980,
CZE,1981,
CZE,1982,
CZE,1983,
CZE,1984,
CZE,1985,
CZE,1986,
CZE,1987,
CZE,1988,
CZE,1989,
CZE,1990,2.88488E+11
CZE,1991,2.5498E+11
CZE,1992,2.53689E+11
CZE,1993,2.53846E+11
CZE,1994,2.61231E+11
CZE,1995,2.77483E+11
CZE,1996,2.8905E+11
CZE,1997,2.87328E+11
CZE,1998,2.86198E+11
CZE,1999,2.90143E+11
CZE,2000,3.0178E+11
CZE,2001,3.10583E+11
CZE,2002,3.15284E+11
CZE,2003,3.25691E+11
CZE,2004,3.41117E+11
CZE,2005,3.62863E+11
CZE,2006,3.86896E+11
CZE,2007,4.08132E+11
CZE,2008,4.18794E+11
CZE,2009,3.98699E+11
CZE,2010,4.09522E+11
CZE,2011,4.1678E+11
CZE,2012,4.13568E+11
CZE,2013,4.13395E+11
CZE,2014,4.22677E+11
CZE,2015,4.43637E+11
CZE,2016,4.55086E+11
CZE,2017,4.7863E+11
CZE,2018,4.92177E+11
CZE,2019,5.09727E+11
CZE,2020,4.82687E+11
CZE,2021,5.02134E+11
CZE,2022,5.16431E+11
CZE,2023,5.16145E+11
CZE,2024,5.21928E+11
DNK,1960,
DNK,1961,
DNK,1962,
DNK,1963,
DNK,1964,
DNK,1965,
DNK,1966,
DNK,1967,
DNK,1968,
DNK,1969,
DNK,1970,
DNK,1971,
DNK,1972,
DNK,1973,
DNK,1974,
DNK,1975,
DNK,1976,
DNK,1977,
DNK,1978,
DNK,1979,
DNK,1980,
DNK,1981,
DNK,1982,
DNK,1983,
DNK,1984,
DNK,1985,
DNK,1986,
DNK,1987,
DNK,1988,
DNK,1989,
DNK,1990,2.35563E+11
DNK,1991,2.38998E+11
DNK,1992,2.43833E+11
DNK,1993,2.4364E+11
DNK,1994,2.5654E+11
DNK,1995,2.64334E+11
DNK,1996,2.71989E+11
DNK,1997,2.80607E+11
DNK,1998,2.87134E+11
DNK,1999,2.95654E+11
DNK,2000,3.06665E+11
DNK,2001,3.09578E+11
DNK,2002,3.10991E+11
DNK,2003,3.12363E+11
DNK,2004,3.21035E+11
DNK,2005,3.28611E+11
DNK,2006,3.41152E+11
DNK,2007,3.4452E+11
DNK,2008,3.43083E+11
DNK,2009,3.26016E+11
DNK,2010,3.31176E+11
DNK,2011,3.35518E+11
DNK,2012,3.35499E+11
DNK,2013,3.40172E+11
DNK,2014,3.44519E+11
DNK,2015,3.51769E+11
DNK,2016,3.62579E+11
DNK,2017,3.73661E+11
DNK,2018,3.80612E+11
DNK,2019,3.87125E+11
DNK,2020,3.80234E+11
DNK,2021,4.08303E+11
DNK,2022,4.14592E+11
DNK,2023,4.24937E+11
DNK,2024,4.40558E+11
DJI,1960,
DJI,1961,
DJI,1962,
DJI,1963,
DJI,1964,
DJI,1965,
DJI,1966,
DJI,1967,
DJI,1968,
DJI,1969,
DJI,1970,
DJI,1971,
DJI,1972,
DJI,1973,
DJI,1974,
DJI,1975,
DJI,1976,
DJI,1977,
DJI,1978,
DJI,1979,
DJI,1980,
DJI,1981,
DJI,1982,
DJI,1983,
DJI,1984,
DJI,1985,
DJI,1986,
DJI,1987,
DJI,1988,
DJI,1989,
DJI,1990,
DJI,1991,
DJI,1992,
DJI,1993,
DJI,1994,
DJI,1995,
DJI,1996,
DJI,1997,
DJI,1998,
DJI,1999,
DJI,2000,
DJI,2001,
DJI,2002,
DJI,2003,
DJI,2004,
DJI,2005,
DJI,2006,
DJI,2007,
DJI,2008,
DJI,2009,
DJI,2010,
DJI,2011,
DJI,2012,
DJI,2013,4401251431
DJI,2014,4717832887
DJI,2015,5062658615
DJI,2016,5423293675
DJI,2017,5719302007
DJI,2018,5992360894
DJI,2019,6324642148
DJI,2020,6400671631
DJI,2021,6682759258
DJI,2022,7028026489
DJI,2023,7546137626
DJI,2024,7995421831
DMA,1960,
DMA,1961,
DMA,1962,
DMA,1963,
DMA,1964,
DMA,1965,
DMA,1966,
DMA,1967,
DMA,1968,
DMA,1969,
DMA,1970,
DMA,1971,
DMA,1972,
DMA,1973,
DMA,1974,
DMA,1975,
DMA,1976,
DMA,1977,
DMA,1978,
DMA,1979,
DMA,1980,
DMA,1981,
DMA,1982,
DMA,1983,
DMA,1984,
DMA,1985,
DMA,1986,
DMA,1987,
DMA,1988,
DMA,1989,
DMA,1990,787589429.4
DMA,1991,798204284.1
DMA,1992,814403208.1
DMA,1993,832005833.9
DMA,1994,832292721.9
DMA,1995,857518370.7
DMA,1996,884137475.4
DMA,1997,903461428.9
DMA,1998,937560112.7
DMA,1999,940879816.3
DMA,2000,962898467.5
DMA,2001,962283707.6
DMA,2002,932573962.9
DMA,2003,986709458.9
DMA,2004,1027143200
DMA,2005,1036544503
DMA,2006,1082160492
DMA,2007,1140141976
DMA,2008,1221335045
DMA,2009,1207463715
DMA,2010,1206188502
DMA,2011,1206704014
DMA,2012,1204804760
DMA,2013,1204859025
DMA,2014,1232995103
DMA,2015,1191401460
DMA,2016,1208643965
DMA,2017,1117459468
DMA,2018,1150581085
DMA,2019,1196007149
DMA,2020,1008157453
DMA,2021,1062394694
DMA,2022,1172849827
DMA,2023,1215684767
DMA,2024,1240639596
DOM,1960,
DOM,1961,
DOM,1962,
DOM,1963,
DOM,1964,
DOM,1965,
DOM,1966,
DOM,1967,
DOM,1968,
DOM,1969,
DOM,1970,
DOM,1971,
DOM,1972,
DOM,1973,
DOM,1974,
DOM,1975,
DOM,1976,
DOM,1977,
DOM,1978,
DOM,1979,
DOM,1980,
DOM,1981,
DOM,1982,
DOM,1983,
DOM,1984,
DOM,1985,
DOM,1986,
DOM,1987,
DOM,1988,
DOM,1989,
DOM,1990,52401790044
DOM,1991,52896535722
DOM,1992,58840764950
DOM,1993,63175384798
DOM,1994,64814017227
DOM,1995,68508408815
DOM,1996,72592327419
DOM,1997,79052719563
DOM,1998,84353880870
DOM,1999,89378428431
DOM,2000,93536067580
DOM,2001,95845819394
DOM,2002,1.00146E+11
DOM,2003,98794618824
DOM,2004,1.01349E+11
DOM,2005,1.10908E+11
DOM,2006,1.2108E+11
DOM,2007,1.30062E+11
DOM,2008,1.34312E+11
DOM,2009,1.3566E+11
DOM,2010,1.47057E+11
DOM,2011,1.51751E+11
DOM,2012,1.55963E+11
DOM,2013,1.6366E+11
DOM,2014,1.75298E+11
DOM,2015,1.87547E+11
DOM,2016,2.0015E+11
DOM,2017,2.08023E+11
DOM,2018,2.22788E+11
DOM,2019,2.33691E+11
DOM,2020,2.15162E+11
DOM,2021,2.45311E+11
DOM,2022,2.5816E+11
DOM,2023,2.6382E+11
DOM,2024,2.76884E+11
EAR,1960,
EAR,1961,
EAR,1962,
EAR,1963,
EAR,1964,
EAR,1965,
EAR,1966,
EAR,1967,
EAR,1968,
EAR,1969,
EAR,1970,
EAR,1971,
EAR,1972,
EAR,1973,
EAR,1974,
EAR,1975,
EAR,1976,
EAR,1977,
EAR,1978,
EAR,1979,
EAR,1980,
EAR,1981,
EAR,1982,
EAR,1983,
EAR,1984,
EAR,1985,
EAR,1986,
EAR,1987,
EAR,1988,
EAR,1989,
EAR,1990,1.04099E+13
EAR,1991,1.08171E+13
EAR,1992,1.1274E+13
EAR,1993,1.16824E+13
EAR,1994,1.21085E+13
EAR,1995,1.251E+13
EAR,1996,1.32558E+13
EAR,1997,1.38805E+13
EAR,1998,1.42067E+13
EAR,1999,1.46332E+13
EAR,2000,1.52702E+13
EAR,2001,1.55481E+13
EAR,2002,1.59306E+13
EAR,2003,1.68098E+13
EAR,2004,1.78777E+13
EAR,2005,1.89716E+13
EAR,2006,2.01639E+13
EAR,2007,2.13751E+13
EAR,2008,2.2153E+13
EAR,2009,2.25856E+13
EAR,2010,2.40787E+13
EAR,2011,2.53357E+13
EAR,2012,2.63866E+13
EAR,2013,2.75285E+13
EAR,2014,2.88165E+13
EAR,2015,3.02768E+13
EAR,2016,3.18148E+13
EAR,2017,3.33939E+13
EAR,2018,3.48478E+13
EAR,2019,3.58476E+13
EAR,2020,3.44327E+13
EAR,2021,3.69771E+13
EAR,2022,3.9267E+13
EAR,2023,4.13259E+13
EAR,2024,4.30251E+13
EAS,1960,
EAS,1961,
EAS,1962,
EAS,1963,
EAS,1964,
EAS,1965,
EAS,1966,
EAS,1967,
EAS,1968,
EAS,1969,
EAS,1970,
EAS,1971,
EAS,1972,
EAS,1973,
EAS,1974,
EAS,1975,
EAS,1976,
EAS,1977,
EAS,1978,
EAS,1979,
EAS,1980,
EAS,1981,
EAS,1982,
EAS,1983,
EAS,1984,
EAS,1985,
EAS,1986,
EAS,1987,
EAS,1988,
EAS,1989,
EAS,1990,1.04391E+13
EAS,1991,1.10161E+13
EAS,1992,1.16014E+13
EAS,1993,1.22166E+13
EAS,1994,1.29715E+13
EAS,1995,1.38115E+13
EAS,1996,1.46773E+13
EAS,1997,1.53416E+13
EAS,1998,1.53331E+13
EAS,1999,1.59755E+13
EAS,2000,1.69116E+13
EAS,2001,1.75458E+13
EAS,2002,1.84362E+13
EAS,2003,1.94768E+13
EAS,2004,2.07373E+13
EAS,2005,2.21002E+13
EAS,2006,2.36879E+13
EAS,2007,2.56342E+13
EAS,2008,2.69374E+13
EAS,2009,2.78692E+13
EAS,2010,3.01286E+13
EAS,2011,3.19299E+13
EAS,2012,3.37395E+13
EAS,2013,3.56331E+13
EAS,2014,3.7492E+13
EAS,2015,3.93855E+13
EAS,2016,4.13568E+13
EAS,2017,4.35881E+13
EAS,2018,4.58392E+13
EAS,2019,4.7883E+13
EAS,2020,4.78606E+13
EAS,2021,5.09113E+13
EAS,2022,5.25848E+13
EAS,2023,5.48832E+13
EAS,2024,5.7211E+13
EAP,1960,
EAP,1961,
EAP,1962,
EAP,1963,
EAP,1964,
EAP,1965,
EAP,1966,
EAP,1967,
EAP,1968,
EAP,1969,
EAP,1970,
EAP,1971,
EAP,1972,
EAP,1973,
EAP,1974,
EAP,1975,
EAP,1976,
EAP,1977,
EAP,1978,
EAP,1979,
EAP,1980,
EAP,1981,
EAP,1982,
EAP,1983,
EAP,1984,
EAP,1985,
EAP,1986,
EAP,1987,
EAP,1988,
EAP,1989,
EAP,1990,4.02315E+12
EAP,1991,4.33382E+12
EAP,1992,4.77743E+12
EAP,1993,5.27268E+12
EAP,1994,5.80939E+12
EAP,1995,6.36576E+12
EAP,1996,6.92391E+12
EAP,1997,7.38297E+12
EAP,1998,7.45193E+12
EAP,1999,7.89035E+12
EAP,2000,8.4725E+12
EAP,2001,9.01801E+12
EAP,2002,9.7121E+12
EAP,2003,1.05422E+13
EAP,2004,1.14594E+13
EAP,2005,1.25366E+13
EAP,2006,1.38285E+13
EAP,2007,1.54339E+13
EAP,2008,1.66914E+13
EAP,2009,1.79167E+13
EAP,2010,1.9622E+13
EAP,2011,2.12162E+13
EAP,2012,2.2793E+13
EAP,2013,2.44034E+13
EAP,2014,2.60543E+13
EAP,2015,2.77431E+13
EAP,2016,2.95059E+13
EAP,2017,3.14343E+13
EAP,2018,3.34536E+13
EAP,2019,3.53896E+13
EAP,2020,3.56832E+13
EAP,2021,3.82425E+13
EAP,2022,3.96831E+13
EAP,2023,4.17279E+13
EAP,2024,4.37906E+13
TEA,1960,
TEA,1961,
TEA,1962,
TEA,1963,
TEA,1964,
TEA,1965,
TEA,1966,
TEA,1967,
TEA,1968,
TEA,1969,
TEA,1970,
TEA,1971,
TEA,1972,
TEA,1973,
TEA,1974,
TEA,1975,
TEA,1976,
TEA,1977,
TEA,1978,
TEA,1979,
TEA,1980,
TEA,1981,
TEA,1982,
TEA,1983,
TEA,1984,
TEA,1985,
TEA,1986,
TEA,1987,
TEA,1988,
TEA,1989,
TEA,1990,4.01866E+12
TEA,1991,4.32891E+12
TEA,1992,4.7719E+12
TEA,1993,5.26647E+12
TEA,1994,5.80251E+12
TEA,1995,6.3582E+12
TEA,1996,6.91566E+12
TEA,1997,7.37413E+12
TEA,1998,7.44301E+12
TEA,1999,7.88085E+12
TEA,2000,8.46226E+12
TEA,2001,9.00709E+12
TEA,2002,9.70032E+12
TEA,2003,1.05294E+13
TEA,2004,1.14455E+13
TEA,2005,1.25213E+13
TEA,2006,1.38116E+13
TEA,2007,1.5415E+13
TEA,2008,1.66709E+13
TEA,2009,1.78946E+13
TEA,2010,1.95978E+13
TEA,2011,2.119E+13
TEA,2012,2.27649E+13
TEA,2013,2.43732E+13
TEA,2014,2.6022E+13
TEA,2015,2.77087E+13
TEA,2016,2.94693E+13
TEA,2017,3.13953E+13
TEA,2018,3.34121E+13
TEA,2019,3.53457E+13
TEA,2020,3.56388E+13
TEA,2021,3.81949E+13
TEA,2022,3.96338E+13
TEA,2023,4.1676E+13
TEA,2024,4.3736E+13
ECU,1960,
ECU,1961,
ECU,1962,
ECU,1963,
ECU,1964,
ECU,1965,
ECU,1966,
ECU,1967,
ECU,1968,
ECU,1969,
ECU,1970,
ECU,1971,
ECU,1972,
ECU,1973,
ECU,1974,
ECU,1975,
ECU,1976,
ECU,1977,
ECU,1978,
ECU,1979,
ECU,1980,
ECU,1981,
ECU,1982,
ECU,1983,
ECU,1984,
ECU,1985,
ECU,1986,
ECU,1987,
ECU,1988,
ECU,1989,
ECU,1990,95360865487
ECU,1991,99453126802
ECU,1992,1.01556E+11
ECU,1993,1.0356E+11
ECU,1994,1.0797E+11
ECU,1995,1.10402E+11
ECU,1996,1.12314E+11
ECU,1997,1.17174E+11
ECU,1998,1.21002E+11
ECU,1999,1.15267E+11
ECU,2000,1.16526E+11
ECU,2001,1.21427E+11
ECU,2002,1.27411E+11
ECU,2003,1.31086E+11
ECU,2004,1.40043E+11
ECU,2005,1.47603E+11
ECU,2006,1.54011E+11
ECU,2007,1.56941E+11
ECU,2008,1.67244E+11
ECU,2009,1.69068E+11
ECU,2010,1.7588E+11
ECU,2011,1.90797E+11
ECU,2012,2.01832E+11
ECU,2013,2.16386E+11
ECU,2014,2.25531E+11
ECU,2015,2.25801E+11
ECU,2016,2.24247E+11
ECU,2017,2.37636E+11
ECU,2018,2.40117E+11
ECU,2019,2.40515E+11
ECU,2020,2.18279E+11
ECU,2021,2.38845E+11
ECU,2022,2.52861E+11
ECU,2023,2.57889E+11
ECU,2024,2.52728E+11
EGY,1960,
EGY,1961,
EGY,1962,
EGY,1963,
EGY,1964,
EGY,1965,
EGY,1966,
EGY,1967,
EGY,1968,
EGY,1969,
EGY,1970,
EGY,1971,
EGY,1972,
EGY,1973,
EGY,1974,
EGY,1975,
EGY,1976,
EGY,1977,
EGY,1978,
EGY,1979,
EGY,1980,
EGY,1981,
EGY,1982,
EGY,1983,
EGY,1984,
EGY,1985,
EGY,1986,
EGY,1987,
EGY,1988,
EGY,1989,
EGY,1990,4.6756E+11
EGY,1991,4.72822E+11
EGY,1992,4.9397E+11
EGY,1993,5.08299E+11
EGY,1994,5.28495E+11
EGY,1995,5.5303E+11
EGY,1996,5.80619E+11
EGY,1997,6.12509E+11
EGY,1998,6.46659E+11
EGY,1999,6.85804E+11
EGY,2000,7.2949E+11
EGY,2001,7.55279E+11
EGY,2002,7.73332E+11
EGY,2003,7.98028E+11
EGY,2004,8.30684E+11
EGY,2005,8.6783E+11
EGY,2006,9.27223E+11
EGY,2007,9.92943E+11
EGY,2008,1.064E+12
EGY,2009,1.11373E+12
EGY,2010,1.17105E+12
EGY,2011,1.19172E+12
EGY,2012,1.21825E+12
EGY,2013,1.24487E+12
EGY,2014,1.28117E+12
EGY,2015,1.33719E+12
EGY,2016,1.39531E+12
EGY,2017,1.45365E+12
EGY,2018,1.53114E+12
EGY,2019,1.61615E+12
EGY,2020,1.67353E+12
EGY,2021,1.7286E+12
EGY,2022,1.84248E+12
EGY,2023,1.91176E+12
EGY,2024,1.95763E+12
SLV,1960,
SLV,1961,
SLV,1962,
SLV,1963,
SLV,1964,
SLV,1965,
SLV,1966,
SLV,1967,
SLV,1968,
SLV,1969,
SLV,1970,
SLV,1971,
SLV,1972,
SLV,1973,
SLV,1974,
SLV,1975,
SLV,1976,
SLV,1977,
SLV,1978,
SLV,1979,
SLV,1980,
SLV,1981,
SLV,1982,
SLV,1983,
SLV,1984,
SLV,1985,
SLV,1986,
SLV,1987,
SLV,1988,
SLV,1989,
SLV,1990,32268857747
SLV,1991,32750982739
SLV,1992,35050744733
SLV,1993,37090107666
SLV,1994,38830398413
SLV,1995,40668661082
SLV,1996,40998671772
SLV,1997,42285197820
SLV,1998,43406718523
SLV,1999,44345186422
SLV,2000,44845358873
SLV,2001,45239824776
SLV,2002,45951410325
SLV,2003,46670730500
SLV,2004,47085822071
SLV,2005,48348112959
SLV,2006,50444969942
SLV,2007,51376992320
SLV,2008,52483859775
SLV,2009,51377096737
SLV,2010,52483859775
SLV,2011,54464382834
SLV,2012,56037150872
SLV,2013,57260415160
SLV,2014,58250676690
SLV,2015,59648692982
SLV,2016,61163210524
SLV,2017,62537926515
SLV,2018,64046619111
SLV,2019,65607737256
SLV,2020,60429252055
SLV,2021,67623210510
SLV,2022,69621216143
SLV,2023,72085220074
SLV,2024,73960892033
GNQ,1960,
GNQ,1961,
GNQ,1962,
GNQ,1963,
GNQ,1964,
GNQ,1965,
GNQ,1966,
GNQ,1967,
GNQ,1968,
GNQ,1969,
GNQ,1970,
GNQ,1971,
GNQ,1972,
GNQ,1973,
GNQ,1974,
GNQ,1975,
GNQ,1976,
GNQ,1977,
GNQ,1978,
GNQ,1979,
GNQ,1980,
GNQ,1981,
GNQ,1982,
GNQ,1983,
GNQ,1984,
GNQ,1985,
GNQ,1986,
GNQ,1987,
GNQ,1988,
GNQ,1989,
GNQ,1990,532523229.4
GNQ,1991,527079569.9
GNQ,1992,710215053.2
GNQ,1993,788574593.1
GNQ,1994,920020795.1
GNQ,1995,1080898058
GNQ,1996,1800559955
GNQ,1997,4500913078
GNQ,1998,5570981862
GNQ,1999,7000719508
GNQ,2000,8275815154
GNQ,2001,13521016489
GNQ,2002,16152589488
GNQ,2003,18406723784
GNQ,2004,25401044478
GNQ,2005,29655389368
GNQ,2006,31940312685
GNQ,2007,36821467655
GNQ,2008,43375360868
GNQ,2009,43958046505
GNQ,2010,40035153118
GNQ,2011,42647015933
GNQ,2012,46192207713
GNQ,2013,44282992076
GNQ,2014,44466795853
GNQ,2015,40415852453
GNQ,2016,36852622273
GNQ,2017,34763996772
GNQ,2018,32595924793
GNQ,2019,30809073116
GNQ,2020,29332985518
GNQ,2021,29585328380
GNQ,2022,30539013901
GNQ,2023,28984789203
GNQ,2024,29247753195
ERI,1960,
ERI,1961,
ERI,1962,
ERI,1963,
ERI,1964,
ERI,1965,
ERI,1966,
ERI,1967,
ERI,1968,
ERI,1969,
ERI,1970,
ERI,1971,
ERI,1972,
ERI,1973,
ERI,1974,
ERI,1975,
ERI,1976,
ERI,1977,
ERI,1978,
ERI,1979,
ERI,1980,
ERI,1981,
ERI,1982,
ERI,1983,
ERI,1984,
ERI,1985,
ERI,1986,
ERI,1987,
ERI,1988,
ERI,1989,
ERI,1990,
ERI,1991,
ERI,1992,
ERI,1993,
ERI,1994,
ERI,1995,
ERI,1996,
ERI,1997,
ERI,1998,
ERI,1999,
ERI,2000,
ERI,2001,
ERI,2002,
ERI,2003,
ERI,2004,
ERI,2005,
ERI,2006,
ERI,2007,
ERI,2008,
ERI,2009,
ERI,2010,
ERI,2011,
ERI,2012,
ERI,2013,
ERI,2014,
ERI,2015,
ERI,2016,
ERI,2017,
ERI,2018,
ERI,2019,
ERI,2020,
ERI,2021,
ERI,2022,
ERI,2023,
ERI,2024,
EST,1960,
EST,1961,
EST,1962,
EST,1963,
EST,1964,
EST,1965,
EST,1966,
EST,1967,
EST,1968,
EST,1969,
EST,1970,
EST,1971,
EST,1972,
EST,1973,
EST,1974,
EST,1975,
EST,1976,
EST,1977,
EST,1978,
EST,1979,
EST,1980,
EST,1981,
EST,1982,
EST,1983,
EST,1984,
EST,1985,
EST,1986,
EST,1987,
EST,1988,
EST,1989,
EST,1990,30379251199
EST,1991,27948958618
EST,1992,22032539654
EST,1993,20767762989
EST,1994,20426668136
EST,1995,21351318403
EST,1996,22406716690
EST,1997,25330797857
EST,1998,26430110817
EST,1999,26317776140
EST,2000,28972618279
EST,2001,30676424340
EST,2002,32803221093
EST,2003,35295052770
EST,2004,37695363815
EST,2005,41285113616
EST,2006,45315602274
EST,2007,48746409722
EST,2008,46248004358
EST,2009,39481818399
EST,2010,40449024326
EST,2011,43525971329
EST,2012,45124253146
EST,2013,45916857853
EST,2014,47442578560
EST,2015,48314645565
EST,2016,49809026832
EST,2017,52615602364
EST,2018,54562220522
EST,2019,56595563205
EST,2020,54963456100
EST,2021,58895787306
EST,2022,58931378334
EST,2023,57149859934
EST,2024,57000695251
SWZ,1960,
SWZ,1961,
SWZ,1962,
SWZ,1963,
SWZ,1964,
SWZ,1965,
SWZ,1966,
SWZ,1967,
SWZ,1968,
SWZ,1969,
SWZ,1970,
SWZ,1971,
SWZ,1972,
SWZ,1973,
SWZ,1974,
SWZ,1975,
SWZ,1976,
SWZ,1977,
SWZ,1978,
SWZ,1979,
SWZ,1980,
SWZ,1981,
SWZ,1982,
SWZ,1983,
SWZ,1984,
SWZ,1985,
SWZ,1986,
SWZ,1987,
SWZ,1988,
SWZ,1989,
SWZ,1990,4817808165
SWZ,1991,4902619729
SWZ,1992,5060788367
SWZ,1993,5217982240
SWZ,1994,5343249880
SWZ,1995,5601096491
SWZ,1996,5816293629
SWZ,1997,5996761893
SWZ,1998,6152919942
SWZ,1999,6334484929
SWZ,2000,6445982863
SWZ,2001,6513972840
SWZ,2002,6799291291
SWZ,2003,7063118329
SWZ,2004,7319079669
SWZ,2005,7758134899
SWZ,2006,8223015293
SWZ,2007,8587736900
SWZ,2008,8658299237
SWZ,2009,8793805848
SWZ,2010,9127421304
SWZ,2011,9332535419
SWZ,2012,9836177897
SWZ,2013,10215973756
SWZ,2014,10362664667
SWZ,2015,10574781175
SWZ,2016,11069241640
SWZ,2017,11230497575
SWZ,2018,11259313459
SWZ,2019,11944237364
SWZ,2020,11602287926
SWZ,2021,12000822910
SWZ,2022,12135183003
SWZ,2023,12553176750
SWZ,2024,12884669068
ETH,1960,
ETH,1961,
ETH,1962,
ETH,1963,
ETH,1964,
ETH,1965,
ETH,1966,
ETH,1967,
ETH,1968,
ETH,1969,
ETH,1970,
ETH,1971,
ETH,1972,
ETH,1973,
ETH,1974,
ETH,1975,
ETH,1976,
ETH,1977,
ETH,1978,
ETH,1979,
ETH,1980,
ETH,1981,
ETH,1982,
ETH,1983,
ETH,1984,
ETH,1985,
ETH,1986,
ETH,1987,
ETH,1988,
ETH,1989,
ETH,1990,41627443417
ETH,1991,38656293093
ETH,1992,35303833749
ETH,1993,39943758006
ETH,1994,41217949739
ETH,1995,43743584314
ETH,1996,49179238117
ETH,1997,50720469630
ETH,1998,48966485221
ETH,1999,51494206591
ETH,2000,54621561747
ETH,2001,59155864905
ETH,2002,60051913997
ETH,2003,58753976116
ETH,2004,66728420121
ETH,2005,74614895915
ETH,2006,82699216238
ETH,2007,92173376558
ETH,2008,1.02118E+11
ETH,2009,1.11106E+11
ETH,2010,1.25051E+11
ETH,2011,1.39029E+11
ETH,2012,1.51053E+11
ETH,2013,1.67037E+11
ETH,2014,1.84171E+11
ETH,2015,2.03311E+11
ETH,2016,2.2249E+11
ETH,2017,2.4377E+11
ETH,2018,2.60385E+11
ETH,2019,2.82164E+11
ETH,2020,2.99262E+11
ETH,2021,3.16145E+11
ETH,2022,3.3297E+11
ETH,2023,3.54926E+11
ETH,2024,3.80895E+11
EMU,1960,
EMU,1961,
EMU,1962,
EMU,1963,
EMU,1964,
EMU,1965,
EMU,1966,
EMU,1967,
EMU,1968,
EMU,1969,
EMU,1970,
EMU,1971,
EMU,1972,
EMU,1973,
EMU,1974,
EMU,1975,
EMU,1976,
EMU,1977,
EMU,1978,
EMU,1979,
EMU,1980,
EMU,1981,
EMU,1982,
EMU,1983,
EMU,1984,
EMU,1985,
EMU,1986,
EMU,1987,
EMU,1988,
EMU,1989,
EMU,1990,1.19704E+13
EMU,1991,1.22336E+13
EMU,1992,1.23492E+13
EMU,1993,1.22553E+13
EMU,1994,1.25598E+13
EMU,1995,1.28733E+13
EMU,1996,1.31015E+13
EMU,1997,1.34669E+13
EMU,1998,1.38714E+13
EMU,1999,1.42827E+13
EMU,2000,1.48402E+13
EMU,2001,1.51712E+13
EMU,2002,1.53245E+13
EMU,2003,1.54526E+13
EMU,2004,1.5814E+13
EMU,2005,1.61009E+13
EMU,2006,1.6642E+13
EMU,2007,1.71489E+13
EMU,2008,1.72216E+13
EMU,2009,1.644E+13
EMU,2010,1.67737E+13
EMU,2011,1.70514E+13
EMU,2012,1.68794E+13
EMU,2013,1.68425E+13
EMU,2014,1.70827E+13
EMU,2015,1.74446E+13
EMU,2016,1.77658E+13
EMU,2017,1.82258E+13
EMU,2018,1.85517E+13
EMU,2019,1.88541E+13
EMU,2020,1.76842E+13
EMU,2021,1.88144E+13
EMU,2022,1.94932E+13
EMU,2023,1.95954E+13
EMU,2024,1.97776E+13
ECS,1960,
ECS,1961,
ECS,1962,
ECS,1963,
ECS,1964,
ECS,1965,
ECS,1966,
ECS,1967,
ECS,1968,
ECS,1969,
ECS,1970,
ECS,1971,
ECS,1972,
ECS,1973,
ECS,1974,
ECS,1975,
ECS,1976,
ECS,1977,
ECS,1978,
ECS,1979,
ECS,1980,
ECS,1981,
ECS,1982,
ECS,1983,
ECS,1984,
ECS,1985,
ECS,1986,
ECS,1987,
ECS,1988,
ECS,1989,
ECS,1990,2.39244E+13
ECS,1991,2.36228E+13
ECS,1992,2.29283E+13
ECS,1993,2.24444E+13
ECS,1994,2.22141E+13
ECS,1995,2.25307E+13
ECS,1996,2.28279E+13
ECS,1997,2.34731E+13
ECS,1998,2.393E+13
ECS,1999,2.463E+13
ECS,2000,2.58237E+13
ECS,2001,2.64885E+13
ECS,2002,2.70465E+13
ECS,2003,2.77411E+13
ECS,2004,2.88448E+13
ECS,2005,2.97968E+13
ECS,2006,3.11848E+13
ECS,2007,3.2567E+13
ECS,2008,3.31153E+13
ECS,2009,3.15182E+13
ECS,2010,3.24256E+13
ECS,2011,3.33479E+13
ECS,2012,3.35885E+13
ECS,2013,3.39563E+13
ECS,2014,3.45301E+13
ECS,2015,3.50909E+13
ECS,2016,3.57184E+13
ECS,2017,3.67934E+13
ECS,2018,3.76837E+13
ECS,2019,3.84566E+13
ECS,2020,3.66075E+13
ECS,2021,3.90549E+13
ECS,2022,4.00263E+13
ECS,2023,4.0688E+13
ECS,2024,4.14928E+13
ECA,1960,
ECA,1961,
ECA,1962,
ECA,1963,
ECA,1964,
ECA,1965,
ECA,1966,
ECA,1967,
ECA,1968,
ECA,1969,
ECA,1970,
ECA,1971,
ECA,1972,
ECA,1973,
ECA,1974,
ECA,1975,
ECA,1976,
ECA,1977,
ECA,1978,
ECA,1979,
ECA,1980,
ECA,1981,
ECA,1982,
ECA,1983,
ECA,1984,
ECA,1985,
ECA,1986,
ECA,1987,
ECA,1988,
ECA,1989,
ECA,1990,2.83191E+12
ECA,1991,2.65516E+12
ECA,1992,2.46219E+12
ECA,1993,2.30926E+12
ECA,1994,1.99575E+12
ECA,1995,1.94244E+12
ECA,1996,1.96324E+12
ECA,1997,2.04452E+12
ECA,1998,2.08158E+12
ECA,1999,2.06489E+12
ECA,2000,2.20175E+12
ECA,2001,2.24597E+12
ECA,2002,2.38631E+12
ECA,2003,2.55765E+12
ECA,2004,2.80976E+12
ECA,2005,3.02475E+12
ECA,2006,3.27842E+12
ECA,2007,3.53069E+12
ECA,2008,3.64855E+12
ECA,2009,3.47008E+12
ECA,2010,3.69407E+12
ECA,2011,3.97195E+12
ECA,2012,4.10496E+12
ECA,2013,4.32551E+12
ECA,2014,4.39327E+12
ECA,2015,4.46888E+12
ECA,2016,4.58104E+12
ECA,2017,4.81823E+12
ECA,2018,4.98805E+12
ECA,2019,5.11534E+12
ECA,2020,5.09263E+12
ECA,2021,5.5073E+12
ECA,2022,5.51363E+12
ECA,2023,5.79207E+12
ECA,2024,6.01299E+12
TEC,1960,
TEC,1961,
TEC,1962,
TEC,1963,
TEC,1964,
TEC,1965,
TEC,1966,
TEC,1967,
TEC,1968,
TEC,1969,
TEC,1970,
TEC,1971,
TEC,1972,
TEC,1973,
TEC,1974,
TEC,1975,
TEC,1976,
TEC,1977,
TEC,1978,
TEC,1979,
TEC,1980,
TEC,1981,
TEC,1982,
TEC,1983,
TEC,1984,
TEC,1985,
TEC,1986,
TEC,1987,
TEC,1988,
TEC,1989,
TEC,1990,8.32762E+12
TEC,1991,7.81179E+12
TEC,1992,6.97296E+12
TEC,1993,6.52561E+12
TEC,1994,5.85099E+12
TEC,1995,5.74917E+12
TEC,1996,5.72495E+12
TEC,1997,5.85104E+12
TEC,1998,5.77478E+12
TEC,1999,5.93897E+12
TEC,2000,6.39067E+12
TEC,2001,6.61838E+12
TEC,2002,6.94984E+12
TEC,2003,7.40408E+12
TEC,2004,7.99708E+12
TEC,2005,8.51012E+12
TEC,2006,9.19074E+12
TEC,2007,9.91738E+12
TEC,2008,1.03779E+13
TEC,2009,9.79734E+12
TEC,2010,1.02367E+13
TEC,2011,1.07978E+13
TEC,2012,1.11539E+13
TEC,2013,1.14724E+13
TEC,2014,1.16451E+13
TEC,2015,1.16943E+13
TEC,2016,1.18789E+13
TEC,2017,1.2332E+13
TEC,2018,1.27786E+13
TEC,2019,1.31261E+13
TEC,2020,1.28836E+13
TEC,2021,1.37804E+13
TEC,2022,1.3832E+13
TEC,2023,1.43704E+13
TEC,2024,1.491E+13
EUU,1960,
EUU,1961,
EUU,1962,
EUU,1963,
EUU,1964,
EUU,1965,
EUU,1966,
EUU,1967,
EUU,1968,
EUU,1969,
EUU,1970,
EUU,1971,
EUU,1972,
EUU,1973,
EUU,1974,
EUU,1975,
EUU,1976,
EUU,1977,
EUU,1978,
EUU,1979,
EUU,1980,
EUU,1981,
EUU,1982,
EUU,1983,
EUU,1984,
EUU,1985,
EUU,1986,
EUU,1987,
EUU,1988,
EUU,1989,
EUU,1990,1.40571E+13
EUU,1991,1.41658E+13
EUU,1992,1.42489E+13
EUU,1993,1.41673E+13
EUU,1994,1.45504E+13
EUU,1995,1.49681E+13
EUU,1996,1.52744E+13
EUU,1997,1.56668E+13
EUU,1998,1.6126E+13
EUU,1999,1.6593E+13
EUU,2000,1.72455E+13
EUU,2001,1.76333E+13
EUU,2002,1.78535E+13
EUU,2003,1.80518E+13
EUU,2004,1.85547E+13
EUU,2005,1.895E+13
EUU,2006,1.96566E+13
EUU,2007,2.03083E+13
EUU,2008,2.04859E+13
EUU,2009,1.96148E+13
EUU,2010,2.00094E+13
EUU,2011,2.04007E+13
EUU,2012,2.02471E+13
EUU,2013,2.02346E+13
EUU,2014,2.05804E+13
EUU,2015,2.10803E+13
EUU,2016,2.15032E+13
EUU,2017,2.21391E+13
EUU,2018,2.26409E+13
EUU,2019,2.30979E+13
EUU,2020,2.18038E+13
EUU,2021,2.31943E+13
EUU,2022,2.40357E+13
EUU,2023,2.417E+13
EUU,2024,2.44411E+13
FRO,1960,
FRO,1961,
FRO,1962,
FRO,1963,
FRO,1964,
FRO,1965,
FRO,1966,
FRO,1967,
FRO,1968,
FRO,1969,
FRO,1970,
FRO,1971,
FRO,1972,
FRO,1973,
FRO,1974,
FRO,1975,
FRO,1976,
FRO,1977,
FRO,1978,
FRO,1979,
FRO,1980,
FRO,1981,
FRO,1982,
FRO,1983,
FRO,1984,
FRO,1985,
FRO,1986,
FRO,1987,
FRO,1988,
FRO,1989,
FRO,1990,
FRO,1991,
FRO,1992,
FRO,1993,
FRO,1994,
FRO,1995,
FRO,1996,
FRO,1997,
FRO,1998,
FRO,1999,
FRO,2000,
FRO,2001,
FRO,2002,
FRO,2003,
FRO,2004,
FRO,2005,
FRO,2006,
FRO,2007,
FRO,2008,2598661867
FRO,2009,2480337042
FRO,2010,2470916276
FRO,2011,2559038124
FRO,2012,2740255985
FRO,2013,2900729319
FRO,2014,3058301056
FRO,2015,3087599640
FRO,2016,3130407602
FRO,2017,3240347945
FRO,2018,3329901750
FRO,2019,3481029683
FRO,2020,3424034047
FRO,2021,3612505898
FRO,2022,3740967468
FRO,2023,3834082322
FRO,2024,
FJI,1960,
FJI,1961,
FJI,1962,
FJI,1963,
FJI,1964,
FJI,1965,
FJI,1966,
FJI,1967,
FJI,1968,
FJI,1969,
FJI,1970,
FJI,1971,
FJI,1972,
FJI,1973,
FJI,1974,
FJI,1975,
FJI,1976,
FJI,1977,
FJI,1978,
FJI,1979,
FJI,1980,
FJI,1981,
FJI,1982,
FJI,1983,
FJI,1984,
FJI,1985,
FJI,1986,
FJI,1987,
FJI,1988,
FJI,1989,
FJI,1990,6284654637
FJI,1991,6114968727
FJI,1992,6487981936
FJI,1993,6626178055
FJI,1994,6964113110
FJI,1995,7138215836
FJI,1996,7480850227
FJI,1997,7316271569
FJI,1998,7411383132
FJI,1999,8063584753
FJI,2000,7926503940
FJI,2001,8085034030
FJI,2002,8343755048
FJI,2003,8427192544
FJI,2004,8873833724
FJI,2005,8935950595
FJI,2006,9101487639
FJI,2007,9024065442
FJI,2008,9117265468
FJI,2009,8990896731
FJI,2010,9256548277
FJI,2011,9506951148
FJI,2012,9641124117
FJI,2013,10097556093
FJI,2014,10663374104
FJI,2015,11143353943
FJI,2016,11415881579
FJI,2017,12027015337
FJI,2018,12485527403
FJI,2019,12412868288
FJI,2020,10297880949
FJI,2021,9795237652
FJI,2022,11733982269
FJI,2023,12616881283
FJI,2024,13099981526
FIN,1960,
FIN,1961,
FIN,1962,
FIN,1963,
FIN,1964,
FIN,1965,
FIN,1966,
FIN,1967,
FIN,1968,
FIN,1969,
FIN,1970,
FIN,1971,
FIN,1972,
FIN,1973,
FIN,1974,
FIN,1975,
FIN,1976,
FIN,1977,
FIN,1978,
FIN,1979,
FIN,1980,
FIN,1981,
FIN,1982,
FIN,1983,
FIN,1984,
FIN,1985,
FIN,1986,
FIN,1987,
FIN,1988,
FIN,1989,
FIN,1990,1.93509E+11
FIN,1991,1.8213E+11
FIN,1992,1.76099E+11
FIN,1993,1.74725E+11
FIN,1994,1.81652E+11
FIN,1995,1.89344E+11
FIN,1996,1.96279E+11
FIN,1997,2.08836E+11
FIN,1998,2.20227E+11
FIN,1999,2.29893E+11
FIN,2000,2.43121E+11
FIN,2001,2.4954E+11
FIN,2002,2.5375E+11
FIN,2003,2.58855E+11
FIN,2004,2.69223E+11
FIN,2005,2.767E+11
FIN,2006,2.87823E+11
FIN,2007,3.03114E+11
FIN,2008,3.05492E+11
FIN,2009,2.8082E+11
FIN,2010,2.89717E+11
FIN,2011,2.96643E+11
FIN,2012,2.92125E+11
FIN,2013,2.89263E+11
FIN,2014,2.8788E+11
FIN,2015,2.89223E+11
FIN,2016,2.96662E+11
FIN,2017,3.06462E+11
FIN,2018,3.10118E+11
FIN,2019,3.14304E+11
FIN,2020,3.06474E+11
FIN,2021,3.14676E+11
FIN,2022,3.17078E+11
FIN,2023,3.14075E+11
FIN,2024,3.13591E+11
FCS,1960,
FCS,1961,
FCS,1962,
FCS,1963,
FCS,1964,
FCS,1965,
FCS,1966,
FCS,1967,
FCS,1968,
FCS,1969,
FCS,1970,
FCS,1971,
FCS,1972,
FCS,1973,
FCS,1974,
FCS,1975,
FCS,1976,
FCS,1977,
FCS,1978,
FCS,1979,
FCS,1980,
FCS,1981,
FCS,1982,
FCS,1983,
FCS,1984,
FCS,1985,
FCS,1986,
FCS,1987,
FCS,1988,
FCS,1989,
FCS,1990,2.9591E+12
FCS,1991,2.71551E+12
FCS,1992,2.63463E+12
FCS,1993,2.49077E+12
FCS,1994,2.26832E+12
FCS,1995,2.20287E+12
FCS,1996,2.22227E+12
FCS,1997,2.30018E+12
FCS,1998,2.40373E+12
FCS,1999,2.46985E+12
FCS,2000,2.61327E+12
FCS,2001,2.74267E+12
FCS,2002,2.87592E+12
FCS,2003,2.92654E+12
FCS,2004,3.28413E+12
FCS,2005,3.46172E+12
FCS,2006,3.68319E+12
FCS,2007,3.92384E+12
FCS,2008,4.1149E+12
FCS,2009,4.1231E+12
FCS,2010,4.39824E+12
FCS,2011,4.52336E+12
FCS,2012,4.69517E+12
FCS,2013,4.8225E+12
FCS,2014,4.87303E+12
FCS,2015,4.91659E+12
FCS,2016,5.06776E+12
FCS,2017,5.19677E+12
FCS,2018,5.35404E+12
FCS,2019,5.51156E+12
FCS,2020,5.26184E+12
FCS,2021,5.35048E+12
FCS,2022,5.25138E+12
FCS,2023,5.35721E+12
FCS,2024,5.46665E+12
FRA,1960,
FRA,1961,
FRA,1962,
FRA,1963,
FRA,1964,
FRA,1965,
FRA,1966,
FRA,1967,
FRA,1968,
FRA,1969,
FRA,1970,
FRA,1971,
FRA,1972,
FRA,1973,
FRA,1974,
FRA,1975,
FRA,1976,
FRA,1977,
FRA,1978,
FRA,1979,
FRA,1980,
FRA,1981,
FRA,1982,
FRA,1983,
FRA,1984,
FRA,1985,
FRA,1986,
FRA,1987,
FRA,1988,
FRA,1989,
FRA,1990,2.25213E+12
FRA,1991,2.27998E+12
FRA,1992,2.31455E+12
FRA,1993,2.30624E+12
FRA,1994,2.36121E+12
FRA,1995,2.41563E+12
FRA,1996,2.44938E+12
FRA,1997,2.51128E+12
FRA,1998,2.59798E+12
FRA,1999,2.6863E+12
FRA,2000,2.79754E+12
FRA,2001,2.85067E+12
FRA,2002,2.88111E+12
FRA,2003,2.909E+12
FRA,2004,2.99243E+12
FRA,2005,3.04895E+12
FRA,2006,3.1317E+12
FRA,2007,3.21095E+12
FRA,2008,3.22315E+12
FRA,2009,3.13211E+12
FRA,2010,3.19477E+12
FRA,2011,3.27264E+12
FRA,2012,3.27866E+12
FRA,2013,3.30429E+12
FRA,2014,3.33726E+12
FRA,2015,3.37286E+12
FRA,2016,3.40187E+12
FRA,2017,3.47275E+12
FRA,2018,3.52991E+12
FRA,2019,3.60147E+12
FRA,2020,3.3335E+12
FRA,2021,3.56292E+12
FRA,2022,3.65452E+12
FRA,2023,3.68874E+12
FRA,2024,3.73176E+12
PYF,1960,
PYF,1961,
PYF,1962,
PYF,1963,
PYF,1964,
PYF,1965,
PYF,1966,
PYF,1967,
PYF,1968,
PYF,1969,
PYF,1970,
PYF,1971,
PYF,1972,
PYF,1973,
PYF,1974,
PYF,1975,
PYF,1976,
PYF,1977,
PYF,1978,
PYF,1979,
PYF,1980,
PYF,1981,
PYF,1982,
PYF,1983,
PYF,1984,
PYF,1985,
PYF,1986,
PYF,1987,
PYF,1988,
PYF,1989,
PYF,1990,
PYF,1991,
PYF,1992,
PYF,1993,
PYF,1994,
PYF,1995,
PYF,1996,
PYF,1997,
PYF,1998,
PYF,1999,
PYF,2000,
PYF,2001,
PYF,2002,
PYF,2003,
PYF,2004,
PYF,2005,
PYF,2006,
PYF,2007,
PYF,2008,
PYF,2009,
PYF,2010,
PYF,2011,
PYF,2012,
PYF,2013,
PYF,2014,
PYF,2015,
PYF,2016,
PYF,2017,
PYF,2018,
PYF,2019,
PYF,2020,
PYF,2021,
PYF,2022,
PYF,2023,
PYF,2024,
GAB,1960,
GAB,1961,
GAB,1962,
GAB,1963,
GAB,1964,
GAB,1965,
GAB,1966,
GAB,1967,
GAB,1968,
GAB,1969,
GAB,1970,
GAB,1971,
GAB,1972,
GAB,1973,
GAB,1974,
GAB,1975,
GAB,1976,
GAB,1977,
GAB,1978,
GAB,1979,
GAB,1980,
GAB,1981,
GAB,1982,
GAB,1983,
GAB,1984,
GAB,1985,
GAB,1986,
GAB,1987,
GAB,1988,
GAB,1989,
GAB,1990,23496300369
GAB,1991,24932512547
GAB,1992,24162061595
GAB,1993,25115630647
GAB,1994,26048112440
GAB,1995,27343705898
GAB,1996,28334928640
GAB,1997,29960890947
GAB,1998,31002880875
GAB,1999,28233510469
GAB,2000,27701882954
GAB,2001,28293382817
GAB,2002,28222922909
GAB,2003,28857185126
GAB,2004,29056167843
GAB,2005,29833769975
GAB,2006,28996461844
GAB,2007,30738600595
GAB,2008,29721635312
GAB,2009,29760371852
GAB,2010,31870348681
GAB,2011,34130515199
GAB,2012,35922734805
GAB,2013,37948309694
GAB,2014,39585765763
GAB,2015,41121257792
GAB,2016,41981285134
GAB,2017,42179706333
GAB,2018,42533137086
GAB,2019,44200780065
GAB,2020,43388475339
GAB,2021,44025399637
GAB,2022,45362721558
GAB,2023,46472239669
GAB,2024,48044817323
GMB,1960,
GMB,1961,
GMB,1962,
GMB,1963,
GMB,1964,
GMB,1965,
GMB,1966,
GMB,1967,
GMB,1968,
GMB,1969,
GMB,1970,
GMB,1971,
GMB,1972,
GMB,1973,
GMB,1974,
GMB,1975,
GMB,1976,
GMB,1977,
GMB,1978,
GMB,1979,
GMB,1980,
GMB,1981,
GMB,1982,
GMB,1983,
GMB,1984,
GMB,1985,
GMB,1986,
GMB,1987,
GMB,1988,
GMB,1989,
GMB,1990,2798934224
GMB,1991,2885898208
GMB,1992,2983403728
GMB,1993,3073266872
GMB,1994,3078010336
GMB,1995,3105153716
GMB,1996,3174198226
GMB,1997,3329733910
GMB,1998,3446274554
GMB,1999,3666836093
GMB,2000,3868512086
GMB,2001,4092885796
GMB,2002,3959867002
GMB,2003,4231909850
GMB,2004,4530259494
GMB,2005,4423720051
GMB,2006,4399142704
GMB,2007,4533019593
GMB,2008,4816601017
GMB,2009,5137662361
GMB,2010,5441212707
GMB,2011,4998817942
GMB,2012,5260834446
GMB,2013,5411966056
GMB,2014,5335798994
GMB,2015,5552329655
GMB,2016,5660231389
GMB,2017,5933202345
GMB,2018,6362463028
GMB,2019,6758338860
GMB,2020,6798313575
GMB,2021,7155630814
GMB,2022,7548689490
GMB,2023,7910838544
GMB,2024,8365452099
GEO,1960,
GEO,1961,
GEO,1962,
GEO,1963,
GEO,1964,
GEO,1965,
GEO,1966,
GEO,1967,
GEO,1968,
GEO,1969,
GEO,1970,
GEO,1971,
GEO,1972,
GEO,1973,
GEO,1974,
GEO,1975,
GEO,1976,
GEO,1977,
GEO,1978,
GEO,1979,
GEO,1980,
GEO,1981,
GEO,1982,
GEO,1983,
GEO,1984,
GEO,1985,
GEO,1986,
GEO,1987,
GEO,1988,
GEO,1989,
GEO,1990,62027887438
GEO,1991,48940095711
GEO,1992,26966102947
GEO,1993,19064989883
GEO,1994,17082568369
GEO,1995,17526130080
GEO,1996,19489502932
GEO,1997,21539955384
GEO,1998,22208019189
GEO,1999,22844788762
GEO,2000,23265219955
GEO,2001,24383648565
GEO,2002,25718415556
GEO,2003,28562108737
GEO,2004,30216621133
GEO,2005,33114739064
GEO,2006,36234637851
GEO,2007,40791350035
GEO,2008,41779159245
GEO,2009,40253905630
GEO,2010,42768329074
GEO,2011,46161712229
GEO,2012,49198613273
GEO,2013,51723921667
GEO,2014,53839683819
GEO,2015,55643864277
GEO,2016,57563697329
GEO,2017,60533928054
GEO,2018,64203516815
GEO,2019,67658127813
GEO,2020,63402112373
GEO,2021,70150781358
GEO,2022,77838277278
GEO,2023,83934727816
GEO,2024,91848574231
DEU,1960,
DEU,1961,
DEU,1962,
DEU,1963,
DEU,1964,
DEU,1965,
DEU,1966,
DEU,1967,
DEU,1968,
DEU,1969,
DEU,1970,
DEU,1971,
DEU,1972,
DEU,1973,
DEU,1974,
DEU,1975,
DEU,1976,
DEU,1977,
DEU,1978,
DEU,1979,
DEU,1980,
DEU,1981,
DEU,1982,
DEU,1983,
DEU,1984,
DEU,1985,
DEU,1986,
DEU,1987,
DEU,1988,
DEU,1989,
DEU,1990,3.36586E+12
DEU,1991,3.53779E+12
DEU,1992,3.60905E+12
DEU,1993,3.57393E+12
DEU,1994,3.66676E+12
DEU,1995,3.72196E+12
DEU,1996,3.7606E+12
DEU,1997,3.83035E+12
DEU,1998,3.91064E+12
DEU,1999,3.99394E+12
DEU,2000,4.10886E+12
DEU,2001,4.1761E+12
DEU,2002,4.16657E+12
DEU,2003,4.14449E+12
DEU,2004,4.19266E+12
DEU,2005,4.2298E+12
DEU,2006,4.39289E+12
DEU,2007,4.51985E+12
DEU,2008,4.561E+12
DEU,2009,4.30808E+12
DEU,2010,4.48673E+12
DEU,2011,4.65534E+12
DEU,2012,4.67742E+12
DEU,2013,4.69548E+12
DEU,2014,4.79735E+12
DEU,2015,4.87664E+12
DEU,2016,4.98854E+12
DEU,2017,5.12403E+12
DEU,2018,5.18124E+12
DEU,2019,5.23242E+12
DEU,2020,5.01815E+12
DEU,2021,5.20231E+12
DEU,2022,5.27357E+12
DEU,2023,5.25952E+12
DEU,2024,5.24698E+12
GHA,1960,
GHA,1961,
GHA,1962,
GHA,1963,
GHA,1964,
GHA,1965,
GHA,1966,
GHA,1967,
GHA,1968,
GHA,1969,
GHA,1970,
GHA,1971,
GHA,1972,
GHA,1973,
GHA,1974,
GHA,1975,
GHA,1976,
GHA,1977,
GHA,1978,
GHA,1979,
GHA,1980,
GHA,1981,
GHA,1982,
GHA,1983,
GHA,1984,
GHA,1985,
GHA,1986,
GHA,1987,
GHA,1988,
GHA,1989,
GHA,1990,42884426695
GHA,1991,45149507665
GHA,1992,46901046280
GHA,1993,49175747285
GHA,1994,50798546817
GHA,1995,52887595893
GHA,1996,55321726951
GHA,1997,57643224356
GHA,1998,60352681161
GHA,1999,63008197216
GHA,2000,65339500565
GHA,2001,67953080671
GHA,2002,71010969001
GHA,2003,74703539484
GHA,2004,78886937688
GHA,2005,83541270024
GHA,2006,88887838296
GHA,2007,92751631832
GHA,2008,1.01238E+11
GHA,2009,1.06143E+11
GHA,2010,1.14528E+11
GHA,2011,1.30616E+11
GHA,2012,1.42753E+11
GHA,2013,1.53192E+11
GHA,2014,1.57568E+11
GHA,2015,1.60909E+11
GHA,2016,1.66338E+11
GHA,2017,1.79859E+11
GHA,2018,1.9101E+11
GHA,2019,2.03441E+11
GHA,2020,2.04486E+11
GHA,2021,2.14867E+11
GHA,2022,2.23043E+11
GHA,2023,2.30046E+11
GHA,2024,2.43124E+11
GIB,1960,
GIB,1961,
GIB,1962,
GIB,1963,
GIB,1964,
GIB,1965,
GIB,1966,
GIB,1967,
GIB,1968,
GIB,1969,
GIB,1970,
GIB,1971,
GIB,1972,
GIB,1973,
GIB,1974,
GIB,1975,
GIB,1976,
GIB,1977,
GIB,1978,
GIB,1979,
GIB,1980,
GIB,1981,
GIB,1982,
GIB,1983,
GIB,1984,
GIB,1985,
GIB,1986,
GIB,1987,
GIB,1988,
GIB,1989,
GIB,1990,
GIB,1991,
GIB,1992,
GIB,1993,
GIB,1994,
GIB,1995,
GIB,1996,
GIB,1997,
GIB,1998,
GIB,1999,
GIB,2000,
GIB,2001,
GIB,2002,
GIB,2003,
GIB,2004,
GIB,2005,
GIB,2006,
GIB,2007,
GIB,2008,
GIB,2009,
GIB,2010,
GIB,2011,
GIB,2012,
GIB,2013,
GIB,2014,
GIB,2015,
GIB,2016,
GIB,2017,
GIB,2018,
GIB,2019,
GIB,2020,
GIB,2021,
GIB,2022,
GIB,2023,
GIB,2024,
GRC,1960,
GRC,1961,
GRC,1962,
GRC,1963,
GRC,1964,
GRC,1965,
GRC,1966,
GRC,1967,
GRC,1968,
GRC,1969,
GRC,1970,
GRC,1971,
GRC,1972,
GRC,1973,
GRC,1974,
GRC,1975,
GRC,1976,
GRC,1977,
GRC,1978,
GRC,1979,
GRC,1980,
GRC,1981,
GRC,1982,
GRC,1983,
GRC,1984,
GRC,1985,
GRC,1986,
GRC,1987,
GRC,1988,
GRC,1989,
GRC,1990,2.7446E+11
GRC,1991,2.82968E+11
GRC,1992,2.84949E+11
GRC,1993,2.8039E+11
GRC,1994,2.85998E+11
GRC,1995,2.92003E+11
GRC,1996,2.9604E+11
GRC,1997,3.06706E+11
GRC,1998,3.17247E+11
GRC,1999,3.25682E+11
GRC,2000,3.39158E+11
GRC,2001,3.5493E+11
GRC,2002,3.71552E+11
GRC,2003,3.9309E+11
GRC,2004,4.1423E+11
GRC,2005,4.19133E+11
GRC,2006,4.46139E+11
GRC,2007,4.61785E+11
GRC,2008,4.6205E+11
GRC,2009,4.43017E+11
GRC,2010,4.17793E+11
GRC,2011,3.76528E+11
GRC,2012,3.45159E+11
GRC,2013,3.37317E+11
GRC,2014,3.39989E+11
GRC,2015,3.39213E+11
GRC,2016,3.39105E+11
GRC,2017,3.441E+11
GRC,2018,3.51205E+11
GRC,2019,3.59202E+11
GRC,2020,3.26169E+11
GRC,2021,3.54398E+11
GRC,2022,3.74753E+11
GRC,2023,3.83493E+11
GRC,2024,3.92205E+11
GRL,1960,
GRL,1961,
GRL,1962,
GRL,1963,
GRL,1964,
GRL,1965,
GRL,1966,
GRL,1967,
GRL,1968,
GRL,1969,
GRL,1970,
GRL,1971,
GRL,1972,
GRL,1973,
GRL,1974,
GRL,1975,
GRL,1976,
GRL,1977,
GRL,1978,
GRL,1979,
GRL,1980,
GRL,1981,
GRL,1982,
GRL,1983,
GRL,1984,
GRL,1985,
GRL,1986,
GRL,1987,
GRL,1988,
GRL,1989,
GRL,1990,2120448808
GRL,1991,2118042849
GRL,1992,2009774852
GRL,1993,1908724727
GRL,1994,2021804638
GRL,1995,2097191213
GRL,1996,2129270633
GRL,1997,2160548051
GRL,1998,2328162974
GRL,1999,2360242370
GRL,2000,2527857268
GRL,2001,2559936664
GRL,2002,2535075140
GRL,2003,2647380127
GRL,2004,2830223629
GRL,2005,2971380800
GRL,2006,3136461651
GRL,2007,3210244966
GRL,2008,3408192931
GRL,2009,3437706257
GRL,2010,3497378824
GRL,2011,3480013660
GRL,2012,3528531779
GRL,2013,3482721532
GRL,2014,3647876912
GRL,2015,3555610504
GRL,2016,3722082556
GRL,2017,3724045143
GRL,2018,3747248380
GRL,2019,3853377109
GRL,2020,3863040984
GRL,2021,3926166709
GRL,2022,4004868912
GRL,2023,4039549554
GRL,2024,
GRD,1960,
GRD,1961,
GRD,1962,
GRD,1963,
GRD,1964,
GRD,1965,
GRD,1966,
GRD,1967,
GRD,1968,
GRD,1969,
GRD,1970,
GRD,1971,
GRD,1972,
GRD,1973,
GRD,1974,
GRD,1975,
GRD,1976,
GRD,1977,
GRD,1978,
GRD,1979,
GRD,1980,
GRD,1981,
GRD,1982,
GRD,1983,
GRD,1984,
GRD,1985,
GRD,1986,
GRD,1987,
GRD,1988,
GRD,1989,
GRD,1990,888554041.3
GRD,1991,900865364.3
GRD,1992,893197660
GRD,1993,875701565.1
GRD,1994,890532061.9
GRD,1995,909495720.8
GRD,1996,949861275.6
GRD,1997,997501516.7
GRD,1998,1114742887
GRD,1999,1191641892
GRD,2000,1249888777
GRD,2001,1224592278
GRD,2002,1266685476
GRD,2003,1386564253
GRD,2004,1377586939
GRD,2005,1560477975
GRD,2006,1498131758
GRD,2007,1589869121
GRD,2008,1604933809
GRD,2009,1498795020
GRD,2010,1491133987
GRD,2011,1502537785
GRD,2012,1485185905
GRD,2013,1520104082
GRD,2014,1631712008
GRD,2015,1736879488
GRD,2016,1801831902
GRD,2017,1881809376
GRD,2018,1963883370
GRD,2019,1977169272
GRD,2020,1705177564
GRD,2021,1785107390
GRD,2022,1915790471
GRD,2023,2005444902
GRD,2024,2079507172
GUM,1960,
GUM,1961,
GUM,1962,
GUM,1963,
GUM,1964,
GUM,1965,
GUM,1966,
GUM,1967,
GUM,1968,
GUM,1969,
GUM,1970,
GUM,1971,
GUM,1972,
GUM,1973,
GUM,1974,
GUM,1975,
GUM,1976,
GUM,1977,
GUM,1978,
GUM,1979,
GUM,1980,
GUM,1981,
GUM,1982,
GUM,1983,
GUM,1984,
GUM,1985,
GUM,1986,
GUM,1987,
GUM,1988,
GUM,1989,
GUM,1990,
GUM,1991,
GUM,1992,
GUM,1993,
GUM,1994,
GUM,1995,
GUM,1996,
GUM,1997,
GUM,1998,
GUM,1999,
GUM,2000,
GUM,2001,
GUM,2002,
GUM,2003,
GUM,2004,
GUM,2005,
GUM,2006,
GUM,2007,
GUM,2008,
GUM,2009,
GUM,2010,
GUM,2011,
GUM,2012,
GUM,2013,
GUM,2014,
GUM,2015,
GUM,2016,
GUM,2017,
GUM,2018,
GUM,2019,
GUM,2020,
GUM,2021,
GUM,2022,
GUM,2023,
GUM,2024,
GTM,1960,
GTM,1961,
GTM,1962,
GTM,1963,
GTM,1964,
GTM,1965,
GTM,1966,
GTM,1967,
GTM,1968,
GTM,1969,
GTM,1970,
GTM,1971,
GTM,1972,
GTM,1973,
GTM,1974,
GTM,1975,
GTM,1976,
GTM,1977,
GTM,1978,
GTM,1979,
GTM,1980,
GTM,1981,
GTM,1982,
GTM,1983,
GTM,1984,
GTM,1985,
GTM,1986,
GTM,1987,
GTM,1988,
GTM,1989,
GTM,1990,68540699951
GTM,1991,71048089250
GTM,1992,74485636552
GTM,1993,77410785780
GTM,1994,80533336769
GTM,1995,84518567194
GTM,1996,87018440375
GTM,1997,90816003383
GTM,1998,95350925762
GTM,1999,99019135174
GTM,2000,1.02593E+11
GTM,2001,1.04986E+11
GTM,2002,1.09016E+11
GTM,2003,1.11808E+11
GTM,2004,1.15316E+11
GTM,2005,1.19094E+11
GTM,2006,1.25467E+11
GTM,2007,1.33419E+11
GTM,2008,1.37813E+11
GTM,2009,1.3847E+11
GTM,2010,1.42464E+11
GTM,2011,1.48396E+11
GTM,2012,1.5281E+11
GTM,2013,1.58456E+11
GTM,2014,1.65498E+11
GTM,2015,1.72271E+11
GTM,2016,1.76884E+11
GTM,2017,1.82331E+11
GTM,2018,1.88543E+11
GTM,2019,1.96119E+11
GTM,2020,1.92617E+11
GTM,2021,2.08107E+11
GTM,2022,2.16815E+11
GTM,2023,2.24475E+11
GTM,2024,2.32673E+11
GIN,1960,
GIN,1961,
GIN,1962,
GIN,1963,
GIN,1964,
GIN,1965,
GIN,1966,
GIN,1967,
GIN,1968,
GIN,1969,
GIN,1970,
GIN,1971,
GIN,1972,
GIN,1973,
GIN,1974,
GIN,1975,
GIN,1976,
GIN,1977,
GIN,1978,
GIN,1979,
GIN,1980,
GIN,1981,
GIN,1982,
GIN,1983,
GIN,1984,
GIN,1985,
GIN,1986,
GIN,1987,
GIN,1988,
GIN,1989,
GIN,1990,13549165645
GIN,1991,13903262657
GIN,1992,14358031052
GIN,1993,15082270891
GIN,1994,15681051993
GIN,1995,16403583624
GIN,1996,17135441824
GIN,1997,18023332470
GIN,1998,18680124557
GIN,1999,19392211658
GIN,2000,19877610461
GIN,2001,20604802321
GIN,2002,21668959893
GIN,2003,21939518799
GIN,2004,22452929276
GIN,2005,23125904765
GIN,2006,23401011018
GIN,2007,24996368184
GIN,2008,26029472120
GIN,2009,25737254321
GIN,2010,26976081069
GIN,2011,28490008891
GIN,2012,30175274473
GIN,2013,31365896381
GIN,2014,32525353401
GIN,2015,33769744335
GIN,2016,37423842475
GIN,2017,41278500249
GIN,2018,43903190355
GIN,2019,46369195006
GIN,2020,48550675963
GIN,2021,51260936278
GIN,2022,53297229730
GIN,2023,56250816533
GIN,2024,59439407532
GNB,1960,
GNB,1961,
GNB,1962,
GNB,1963,
GNB,1964,
GNB,1965,
GNB,1966,
GNB,1967,
GNB,1968,
GNB,1969,
GNB,1970,
GNB,1971,
GNB,1972,
GNB,1973,
GNB,1974,
GNB,1975,
GNB,1976,
GNB,1977,
GNB,1978,
GNB,1979,
GNB,1980,
GNB,1981,
GNB,1982,
GNB,1983,
GNB,1984,
GNB,1985,
GNB,1986,
GNB,1987,
GNB,1988,
GNB,1989,
GNB,1990,1893034391
GNB,1991,1989579145
GNB,1992,2011464515
GNB,1993,2053705270
GNB,1994,2119423839
GNB,1995,2212678488
GNB,1996,2469349193
GNB,1997,2629856890
GNB,1998,2039566390
GNB,1999,2382519913
GNB,2000,2408734259
GNB,2001,2524015598
GNB,2002,2616241513
GNB,2003,2608760866
GNB,2004,2639332714
GNB,2005,2812466899
GNB,2006,2887461467
GNB,2007,2961375470
GNB,2008,3095365129
GNB,2009,3171138152
GNB,2010,3348891961
GNB,2011,3619651271
GNB,2012,3557651366
GNB,2013,3673491052
GNB,2014,3708922819
GNB,2015,3936431459
GNB,2016,4150285116
GNB,2017,4343841109
GNB,2018,4507232677
GNB,2019,4758093769
GNB,2020,4859351472
GNB,2021,5113853514
GNB,2022,5399469253
GNB,2023,5640485327
GNB,2024,5911989296
GUY,1960,
GUY,1961,
GUY,1962,
GUY,1963,
GUY,1964,
GUY,1965,
GUY,1966,
GUY,1967,
GUY,1968,
GUY,1969,
GUY,1970,
GUY,1971,
GUY,1972,
GUY,1973,
GUY,1974,
GUY,1975,
GUY,1976,
GUY,1977,
GUY,1978,
GUY,1979,
GUY,1980,
GUY,1981,
GUY,1982,
GUY,1983,
GUY,1984,
GUY,1985,
GUY,1986,
GUY,1987,
GUY,1988,
GUY,1989,
GUY,1990,3805285435
GUY,1991,4035804534
GUY,1992,4348897640
GUY,1993,4704424610
GUY,1994,5105826025
GUY,1995,5362722933
GUY,1996,5789355297
GUY,1997,6147175989
GUY,1998,6043958480
GUY,1999,6222868826
GUY,2000,6138001098
GUY,2001,6277918163
GUY,2002,6349023557
GUY,2003,6308883418
GUY,2004,6407513480
GUY,2005,6282505609
GUY,2006,6604773604
GUY,2007,7079738477
GUY,2008,7204003710
GUY,2009,7464176914
GUY,2010,7773077517
GUY,2011,8176986179
GUY,2012,8608431004
GUY,2013,8922930074
GUY,2014,9073414795
GUY,2015,9135785864
GUY,2016,9483626916
GUY,2017,9837792161
GUY,2018,10274679941
GUY,2019,10824667122
GUY,2020,15531194686
GUY,2021,18646751961
GUY,2022,30456604136
GUY,2023,40749416890
GUY,2024,58423257845
HTI,1960,
HTI,1961,
HTI,1962,
HTI,1963,
HTI,1964,
HTI,1965,
HTI,1966,
HTI,1967,
HTI,1968,
HTI,1969,
HTI,1970,
HTI,1971,
HTI,1972,
HTI,1973,
HTI,1974,
HTI,1975,
HTI,1976,
HTI,1977,
HTI,1978,
HTI,1979,
HTI,1980,
HTI,1981,
HTI,1982,
HTI,1983,
HTI,1984,
HTI,1985,
HTI,1986,
HTI,1987,
HTI,1988,
HTI,1989,
HTI,1990,27050130484
HTI,1991,27558820285
HTI,1992,26095465414
HTI,1993,24679448220
HTI,1994,21730098851
HTI,1995,23880880473
HTI,1996,24869733602
HTI,1997,25542388751
HTI,1998,26099682890
HTI,1999,26807049026
HTI,2000,27040286239
HTI,2001,26947606230
HTI,2002,27231046578
HTI,2003,28178899328
HTI,2004,27807541798
HTI,2005,28661837694
HTI,2006,29168794121
HTI,2007,30541632150
HTI,2008,31353438600
HTI,2009,33200274947
HTI,2010,31323957579
HTI,2011,32920919826
HTI,2012,33086322561
HTI,2013,34517234584
HTI,2014,35514358967
HTI,2015,36011559996
HTI,2016,36664258025
HTI,2017,37584630388
HTI,2018,38211470971
HTI,2019,37553050262
HTI,2020,36311732132
HTI,2021,35658760080
HTI,2022,35058985452
HTI,2023,34405526560
HTI,2024,32970942041
HPC,1960,
HPC,1961,
HPC,1962,
HPC,1963,
HPC,1964,
HPC,1965,
HPC,1966,
HPC,1967,
HPC,1968,
HPC,1969,
HPC,1970,
HPC,1971,
HPC,1972,
HPC,1973,
HPC,1974,
HPC,1975,
HPC,1976,
HPC,1977,
HPC,1978,
HPC,1979,
HPC,1980,
HPC,1981,
HPC,1982,
HPC,1983,
HPC,1984,
HPC,1985,
HPC,1986,
HPC,1987,
HPC,1988,
HPC,1989,
HPC,1990,7.86859E+11
HPC,1991,7.91817E+11
HPC,1992,7.84331E+11
HPC,1993,7.8847E+11
HPC,1994,7.8796E+11
HPC,1995,8.26449E+11
HPC,1996,8.68693E+11
HPC,1997,9.16849E+11
HPC,1998,9.49528E+11
HPC,1999,9.79822E+11
HPC,2000,1.00937E+12
HPC,2001,1.0454E+12
HPC,2002,1.08906E+12
HPC,2003,1.13466E+12
HPC,2004,1.20003E+12
HPC,2005,1.26962E+12
HPC,2006,1.34469E+12
HPC,2007,1.41891E+12
HPC,2008,1.49971E+12
HPC,2009,1.5571E+12
HPC,2010,1.6565E+12
HPC,2011,1.73082E+12
HPC,2012,1.79958E+12
HPC,2013,1.90131E+12
HPC,2014,2.00815E+12
HPC,2015,2.10337E+12
HPC,2016,2.19898E+12
HPC,2017,2.3091E+12
HPC,2018,2.4062E+12
HPC,2019,2.51334E+12
HPC,2020,2.51702E+12
HPC,2021,2.61032E+12
HPC,2022,2.73049E+12
HPC,2023,2.81803E+12
HPC,2024,2.96048E+12
HIC,1960,
HIC,1961,
HIC,1962,
HIC,1963,
HIC,1964,
HIC,1965,
HIC,1966,
HIC,1967,
HIC,1968,
HIC,1969,
HIC,1970,
HIC,1971,
HIC,1972,
HIC,1973,
HIC,1974,
HIC,1975,
HIC,1976,
HIC,1977,
HIC,1978,
HIC,1979,
HIC,1980,
HIC,1981,
HIC,1982,
HIC,1983,
HIC,1984,
HIC,1985,
HIC,1986,
HIC,1987,
HIC,1988,
HIC,1989,
HIC,1990,4.13425E+13
HIC,1991,4.15077E+13
HIC,1992,4.16702E+13
HIC,1993,4.18654E+13
HIC,1994,4.2747E+13
HIC,1995,4.38239E+13
HIC,1996,4.4982E+13
HIC,1997,4.64907E+13
HIC,1998,4.75677E+13
HIC,1999,4.92637E+13
HIC,2000,5.14874E+13
HIC,2001,5.24082E+13
HIC,2002,5.3356E+13
HIC,2003,5.47232E+13
HIC,2004,5.68073E+13
HIC,2005,5.86275E+13
HIC,2006,6.07673E+13
HIC,2007,6.27726E+13
HIC,2008,6.3456E+13
HIC,2009,6.11835E+13
HIC,2010,6.312E+13
HIC,2011,6.46103E+13
HIC,2012,6.56003E+13
HIC,2013,6.66232E+13
HIC,2014,6.80283E+13
HIC,2015,6.94916E+13
HIC,2016,7.07333E+13
HIC,2017,7.25004E+13
HIC,2018,7.42703E+13
HIC,2019,7.57135E+13
HIC,2020,7.27388E+13
HIC,2021,7.70364E+13
HIC,2022,7.93325E+13
HIC,2023,8.07918E+13
HIC,2024,8.24511E+13
HND,1960,
HND,1961,
HND,1962,
HND,1963,
HND,1964,
HND,1965,
HND,1966,
HND,1967,
HND,1968,
HND,1969,
HND,1970,
HND,1971,
HND,1972,
HND,1973,
HND,1974,
HND,1975,
HND,1976,
HND,1977,
HND,1978,
HND,1979,
HND,1980,
HND,1981,
HND,1982,
HND,1983,
HND,1984,
HND,1985,
HND,1986,
HND,1987,
HND,1988,
HND,1989,
HND,1990,22048820695
HND,1991,21316952332
HND,1992,22611677482
HND,1993,24080468333
HND,1994,24131495688
HND,1995,25625067450
HND,1996,26104455137
HND,1997,27304759668
HND,1998,28285064169
HND,1999,28076984787
HND,2000,30124158655
HND,2001,30944497717
HND,2002,32106258710
HND,2003,33566142511
HND,2004,35658086204
HND,2005,37815614091
HND,2006,40299057569
HND,2007,42792895096
HND,2008,44603719292
HND,2009,43519122819
HND,2010,45142882368
HND,2011,46874423691
HND,2012,48809722279
HND,2013,50172274844
HND,2014,51706583429
HND,2015,53692157583
HND,2016,55782378350
HND,2017,58483870910
HND,2018,60732572688
HND,2019,62287104478
HND,2020,56703014341
HND,2021,63827909343
HND,2022,66472658302
HND,2023,68849619261
HND,2024,71296514098
HKG,1960,
HKG,1961,
HKG,1962,
HKG,1963,
HKG,1964,
HKG,1965,
HKG,1966,
HKG,1967,
HKG,1968,
HKG,1969,
HKG,1970,
HKG,1971,
HKG,1972,
HKG,1973,
HKG,1974,
HKG,1975,
HKG,1976,
HKG,1977,
HKG,1978,
HKG,1979,
HKG,1980,
HKG,1981,
HKG,1982,
HKG,1983,
HKG,1984,
HKG,1985,
HKG,1986,
HKG,1987,
HKG,1988,
HKG,1989,
HKG,1990,1.80256E+11
HKG,1991,1.90534E+11
HKG,1992,2.02414E+11
HKG,1993,2.14965E+11
HKG,1994,2.27941E+11
HKG,1995,2.33351E+11
HKG,1996,2.43289E+11
HKG,1997,2.55696E+11
HKG,1998,2.40654E+11
HKG,1999,2.46686E+11
HKG,2000,2.65591E+11
HKG,2001,2.67081E+11
HKG,2002,2.71505E+11
HKG,2003,2.79803E+11
HKG,2004,3.04146E+11
HKG,2005,3.26617E+11
HKG,2006,3.49587E+11
HKG,2007,3.72187E+11
HKG,2008,3.80107E+11
HKG,2009,3.7076E+11
HKG,2010,3.95852E+11
HKG,2011,4.14911E+11
HKG,2012,4.21965E+11
HKG,2013,4.35053E+11
HKG,2014,4.47071E+11
HKG,2015,4.57746E+11
HKG,2016,4.67704E+11
HKG,2017,4.85458E+11
HKG,2018,4.99279E+11
HKG,2019,4.90929E+11
HKG,2020,4.58799E+11
HKG,2021,4.88412E+11
HKG,2022,4.7042E+11
HKG,2023,4.85541E+11
HKG,2024,4.9788E+11
HUN,1960,
HUN,1961,
HUN,1962,
HUN,1963,
HUN,1964,
HUN,1965,
HUN,1966,
HUN,1967,
HUN,1968,
HUN,1969,
HUN,1970,
HUN,1971,
HUN,1972,
HUN,1973,
HUN,1974,
HUN,1975,
HUN,1976,
HUN,1977,
HUN,1978,
HUN,1979,
HUN,1980,
HUN,1981,
HUN,1982,
HUN,1983,
HUN,1984,
HUN,1985,
HUN,1986,
HUN,1987,
HUN,1988,
HUN,1989,
HUN,1990,2.20935E+11
HUN,1991,1.94661E+11
HUN,1992,1.88696E+11
HUN,1993,1.87609E+11
HUN,1994,1.93138E+11
HUN,1995,1.96015E+11
HUN,1996,1.96214E+11
HUN,1997,2.02057E+11
HUN,1998,2.09832E+11
HUN,1999,2.16308E+11
HUN,2000,2.25845E+11
HUN,2001,2.35019E+11
HUN,2002,2.46136E+11
HUN,2003,2.55831E+11
HUN,2004,2.68528E+11
HUN,2005,2.80075E+11
HUN,2006,2.91093E+11
HUN,2007,2.92061E+11
HUN,2008,2.94962E+11
HUN,2009,2.75081E+11
HUN,2010,2.78019E+11
HUN,2011,2.83348E+11
HUN,2012,2.79552E+11
HUN,2013,2.85233E+11
HUN,2014,2.97596E+11
HUN,2015,3.08488E+11
HUN,2016,3.16011E+11
HUN,2017,3.29044E+11
HUN,2018,3.4749E+11
HUN,2019,3.65133E+11
HUN,2020,3.49291E+11
HUN,2021,3.7452E+11
HUN,2022,3.90513E+11
HUN,2023,3.87223E+11
HUN,2024,3.89207E+11
IBD,1960,
IBD,1961,
IBD,1962,
IBD,1963,
IBD,1964,
IBD,1965,
IBD,1966,
IBD,1967,
IBD,1968,
IBD,1969,
IBD,1970,
IBD,1971,
IBD,1972,
IBD,1973,
IBD,1974,
IBD,1975,
IBD,1976,
IBD,1977,
IBD,1978,
IBD,1979,
IBD,1980,
IBD,1981,
IBD,1982,
IBD,1983,
IBD,1984,
IBD,1985,
IBD,1986,
IBD,1987,
IBD,1988,
IBD,1989,
IBD,1990,2.15062E+13
IBD,1991,2.14751E+13
IBD,1992,2.14196E+13
IBD,1993,2.18442E+13
IBD,1994,2.22237E+13
IBD,1995,2.29769E+13
IBD,1996,2.408E+13
IBD,1997,2.52138E+13
IBD,1998,2.57073E+13
IBD,1999,2.67163E+13
IBD,2000,2.82898E+13
IBD,2001,2.93336E+13
IBD,2002,3.06407E+13
IBD,2003,3.24448E+13
IBD,2004,3.48984E+13
IBD,2005,3.72953E+13
IBD,2006,4.02654E+13
IBD,2007,4.36718E+13
IBD,2008,4.60574E+13
IBD,2009,4.69735E+13
IBD,2010,5.04185E+13
IBD,2011,5.34081E+13
IBD,2012,5.61245E+13
IBD,2013,5.88624E+13
IBD,2014,6.15141E+13
IBD,2015,6.40132E+13
IBD,2016,6.68858E+13
IBD,2017,7.0245E+13
IBD,2018,7.3633E+13
IBD,2019,7.64572E+13
IBD,2020,7.49875E+13
IBD,2021,8.05091E+13
IBD,2022,8.35536E+13
IBD,2023,8.77192E+13
IBD,2024,9.15701E+13
ISL,1960,
ISL,1961,
ISL,1962,
ISL,1963,
ISL,1964,
ISL,1965,
ISL,1966,
ISL,1967,
ISL,1968,
ISL,1969,
ISL,1970,
ISL,1971,
ISL,1972,
ISL,1973,
ISL,1974,
ISL,1975,
ISL,1976,
ISL,1977,
ISL,1978,
ISL,1979,
ISL,1980,
ISL,1981,
ISL,1982,
ISL,1983,
ISL,1984,
ISL,1985,
ISL,1986,
ISL,1987,
ISL,1988,
ISL,1989,
ISL,1990,10222792389
ISL,1991,10199941837
ISL,1992,9855806596
ISL,1993,9985257637
ISL,1994,10345611400
ISL,1995,10357672697
ISL,1996,10830720405
ISL,1997,11455827611
ISL,1998,12299365197
ISL,1999,12795635966
ISL,2000,13433503890
ISL,2001,13972657239
ISL,2002,14050836924
ISL,2003,14351902574
ISL,2004,15471695342
ISL,2005,16419249894
ISL,2006,17456452764
ISL,2007,18932371424
ISL,2008,19350681492
ISL,2009,17867682121
ISL,2010,17361530903
ISL,2011,17681986420
ISL,2012,17870058499
ISL,2013,18683585815
ISL,2014,18998818084
ISL,2015,19841731757
ISL,2016,21092492447
ISL,2017,21977311704
ISL,2018,23051820494
ISL,2019,23480855893
ISL,2020,21851178110
ISL,2021,22951036649
ISL,2022,25011803540
ISL,2023,26424085477
ISL,2024,26560661830
IBT,1960,
IBT,1961,
IBT,1962,
IBT,1963,
IBT,1964,
IBT,1965,
IBT,1966,
IBT,1967,
IBT,1968,
IBT,1969,
IBT,1970,
IBT,1971,
IBT,1972,
IBT,1973,
IBT,1974,
IBT,1975,
IBT,1976,
IBT,1977,
IBT,1978,
IBT,1979,
IBT,1980,
IBT,1981,
IBT,1982,
IBT,1983,
IBT,1984,
IBT,1985,
IBT,1986,
IBT,1987,
IBT,1988,
IBT,1989,
IBT,1990,2.38248E+13
IBT,1991,2.38397E+13
IBT,1992,2.38369E+13
IBT,1993,2.42896E+13
IBT,1994,2.46966E+13
IBT,1995,2.55452E+13
IBT,1996,2.67757E+13
IBT,1997,2.80133E+13
IBT,1998,2.86058E+13
IBT,1999,2.97022E+13
IBT,2000,3.13957E+13
IBT,2001,3.25637E+13
IBT,2002,3.40367E+13
IBT,2003,3.60162E+13
IBT,2004,3.87118E+13
IBT,2005,4.13528E+13
IBT,2006,4.45786E+13
IBT,2007,4.82487E+13
IBT,2008,5.08689E+13
IBT,2009,5.20271E+13
IBT,2010,5.57757E+13
IBT,2011,5.90292E+13
IBT,2012,6.19441E+13
IBT,2013,6.49577E+13
IBT,2014,6.79391E+13
IBT,2015,7.07284E+13
IBT,2016,7.38718E+13
IBT,2017,7.75451E+13
IBT,2018,8.12791E+13
IBT,2019,8.44311E+13
IBT,2020,8.29074E+13
IBT,2021,8.87735E+13
IBT,2022,9.21833E+13
IBT,2023,9.66097E+13
IBT,2024,1.00839E+14
IDB,1960,
IDB,1961,
IDB,1962,
IDB,1963,
IDB,1964,
IDB,1965,
IDB,1966,
IDB,1967,
IDB,1968,
IDB,1969,
IDB,1970,
IDB,1971,
IDB,1972,
IDB,1973,
IDB,1974,
IDB,1975,
IDB,1976,
IDB,1977,
IDB,1978,
IDB,1979,
IDB,1980,
IDB,1981,
IDB,1982,
IDB,1983,
IDB,1984,
IDB,1985,
IDB,1986,
IDB,1987,
IDB,1988,
IDB,1989,
IDB,1990,1.12398E+12
IDB,1991,1.14752E+12
IDB,1992,1.18187E+12
IDB,1993,1.17961E+12
IDB,1994,1.19359E+12
IDB,1995,1.22613E+12
IDB,1996,1.28444E+12
IDB,1997,1.31509E+12
IDB,1998,1.35271E+12
IDB,1999,1.3825E+12
IDB,2000,1.4319E+12
IDB,2001,1.48765E+12
IDB,2002,1.57205E+12
IDB,2003,1.64229E+12
IDB,2004,1.76269E+12
IDB,2005,1.86912E+12
IDB,2006,1.97659E+12
IDB,2007,2.08009E+12
IDB,2008,2.1613E+12
IDB,2009,2.2814E+12
IDB,2010,2.40654E+12
IDB,2011,2.50316E+12
IDB,2012,2.6142E+12
IDB,2013,2.75812E+12
IDB,2014,2.91149E+12
IDB,2015,3.02614E+12
IDB,2016,3.11026E+12
IDB,2017,3.20316E+12
IDB,2018,3.33667E+12
IDB,2019,3.43916E+12
IDB,2020,3.39433E+12
IDB,2021,3.58041E+12
IDB,2022,3.73837E+12
IDB,2023,3.83365E+12
IDB,2024,3.9814E+12
IDX,1960,
IDX,1961,
IDX,1962,
IDX,1963,
IDX,1964,
IDX,1965,
IDX,1966,
IDX,1967,
IDX,1968,
IDX,1969,
IDX,1970,
IDX,1971,
IDX,1972,
IDX,1973,
IDX,1974,
IDX,1975,
IDX,1976,
IDX,1977,
IDX,1978,
IDX,1979,
IDX,1980,
IDX,1981,
IDX,1982,
IDX,1983,
IDX,1984,
IDX,1985,
IDX,1986,
IDX,1987,
IDX,1988,
IDX,1989,
IDX,1990,1.20258E+12
IDX,1991,1.22615E+12
IDX,1992,1.24503E+12
IDX,1993,1.27633E+12
IDX,1994,1.28973E+12
IDX,1995,1.3542E+12
IDX,1996,1.42408E+12
IDX,1997,1.49872E+12
IDX,1998,1.56226E+12
IDX,1999,1.62055E+12
IDX,2000,1.69114E+12
IDX,2001,1.76051E+12
IDX,2002,1.84269E+12
IDX,2003,1.94905E+12
IDX,2004,2.07138E+12
IDX,2005,2.21045E+12
IDX,2006,2.35984E+12
IDX,2007,2.5213E+12
IDX,2008,2.67705E+12
IDX,2009,2.80119E+12
IDX,2010,2.98136E+12
IDX,2011,3.15071E+12
IDX,2012,3.23745E+12
IDX,2013,3.36964E+12
IDX,2014,3.54804E+12
IDX,2015,3.72623E+12
IDX,2016,3.91591E+12
IDX,2017,4.14068E+12
IDX,2018,4.35619E+12
IDX,2019,4.58563E+12
IDX,2020,4.57799E+12
IDX,2021,4.73487E+12
IDX,2022,4.94489E+12
IDX,2023,5.11136E+12
IDX,2024,5.34561E+12
IDA,1960,
IDA,1961,
IDA,1962,
IDA,1963,
IDA,1964,
IDA,1965,
IDA,1966,
IDA,1967,
IDA,1968,
IDA,1969,
IDA,1970,
IDA,1971,
IDA,1972,
IDA,1973,
IDA,1974,
IDA,1975,
IDA,1976,
IDA,1977,
IDA,1978,
IDA,1979,
IDA,1980,
IDA,1981,
IDA,1982,
IDA,1983,
IDA,1984,
IDA,1985,
IDA,1986,
IDA,1987,
IDA,1988,
IDA,1989,
IDA,1990,2.32564E+12
IDA,1991,2.3728E+12
IDA,1992,2.42662E+12
IDA,1993,2.45448E+12
IDA,1994,2.48191E+12
IDA,1995,2.57784E+12
IDA,1996,2.70571E+12
IDA,1997,2.80951E+12
IDA,1998,2.90982E+12
IDA,1999,2.99694E+12
IDA,2000,3.11627E+12
IDA,2001,3.24102E+12
IDA,2002,3.40765E+12
IDA,2003,3.58332E+12
IDA,2004,3.826E+12
IDA,2005,4.07065E+12
IDA,2006,4.32641E+12
IDA,2007,4.58987E+12
IDA,2008,4.82489E+12
IDA,2009,5.06897E+12
IDA,2010,5.37291E+12
IDA,2011,5.6371E+12
IDA,2012,5.83539E+12
IDA,2013,6.11169E+12
IDA,2014,6.44278E+12
IDA,2015,6.73407E+12
IDA,2016,7.00537E+12
IDA,2017,7.31995E+12
IDA,2018,7.66699E+12
IDA,2019,7.99591E+12
IDA,2020,7.94263E+12
IDA,2021,8.28612E+12
IDA,2022,8.65279E+12
IDA,2023,8.91284E+12
IDA,2024,9.29208E+12
IND,1960,
IND,1961,
IND,1962,
IND,1963,
IND,1964,
IND,1965,
IND,1966,
IND,1967,
IND,1968,
IND,1969,
IND,1970,
IND,1971,
IND,1972,
IND,1973,
IND,1974,
IND,1975,
IND,1976,
IND,1977,
IND,1978,
IND,1979,
IND,1980,
IND,1981,
IND,1982,
IND,1983,
IND,1984,
IND,1985,
IND,1986,
IND,1987,
IND,1988,
IND,1989,
IND,1990,1.90566E+12
IND,1991,1.9258E+12
IND,1992,2.03138E+12
IND,1993,2.12789E+12
IND,1994,2.26958E+12
IND,1995,2.44149E+12
IND,1996,2.62581E+12
IND,1997,2.73215E+12
IND,1998,2.90112E+12
IND,1999,3.15775E+12
IND,2000,3.27903E+12
IND,2001,3.43721E+12
IND,2002,3.56796E+12
IND,2003,3.84842E+12
IND,2004,4.15333E+12
IND,2005,4.48241E+12
IND,2006,4.84373E+12
IND,2007,5.2148E+12
IND,2008,5.37576E+12
IND,2009,5.7984E+12
IND,2010,6.29112E+12
IND,2011,6.62086E+12
IND,2012,6.98212E+12
IND,2013,7.42801E+12
IND,2014,7.97844E+12
IND,2015,8.61642E+12
IND,2016,9.32781E+12
IND,2017,9.96168E+12
IND,2018,1.06046E+13
IND,2019,1.10151E+13
IND,2020,1.03787E+13
IND,2021,1.13844E+13
IND,2022,1.22506E+13
IND,2023,1.33766E+13
IND,2024,1.42439E+13
IDN,1960,
IDN,1961,
IDN,1962,
IDN,1963,
IDN,1964,
IDN,1965,
IDN,1966,
IDN,1967,
IDN,1968,
IDN,1969,
IDN,1970,
IDN,1971,
IDN,1972,
IDN,1973,
IDN,1974,
IDN,1975,
IDN,1976,
IDN,1977,
IDN,1978,
IDN,1979,
IDN,1980,
IDN,1981,
IDN,1982,
IDN,1983,
IDN,1984,
IDN,1985,
IDN,1986,
IDN,1987,
IDN,1988,
IDN,1989,
IDN,1990,8.94211E+11
IDN,1991,9.56018E+11
IDN,1992,1.01814E+12
IDN,1993,1.08428E+12
IDN,1994,1.16603E+12
IDN,1995,1.26188E+12
IDN,1996,1.36054E+12
IDN,1997,1.42448E+12
IDN,1998,1.23749E+12
IDN,1999,1.24728E+12
IDN,2000,1.30865E+12
IDN,2001,1.35633E+12
IDN,2002,1.41736E+12
IDN,2003,1.48511E+12
IDN,2004,1.55983E+12
IDN,2005,1.64862E+12
IDN,2006,1.73931E+12
IDN,2007,1.84967E+12
IDN,2008,1.9609E+12
IDN,2009,2.05167E+12
IDN,2010,2.17936E+12
IDN,2011,2.31383E+12
IDN,2012,2.45335E+12
IDN,2013,2.58969E+12
IDN,2014,2.71935E+12
IDN,2015,2.85195E+12
IDN,2016,2.99549E+12
IDN,2017,3.14736E+12
IDN,2018,3.31021E+12
IDN,2019,3.47636E+12
IDN,2020,3.40456E+12
IDN,2021,3.53062E+12
IDN,2022,3.718E+12
IDN,2023,3.90572E+12
IDN,2024,4.10219E+12
IRN,1960,
IRN,1961,
IRN,1962,
IRN,1963,
IRN,1964,
IRN,1965,
IRN,1966,
IRN,1967,
IRN,1968,
IRN,1969,
IRN,1970,
IRN,1971,
IRN,1972,
IRN,1973,
IRN,1974,
IRN,1975,
IRN,1976,
IRN,1977,
IRN,1978,
IRN,1979,
IRN,1980,
IRN,1981,
IRN,1982,
IRN,1983,
IRN,1984,
IRN,1985,
IRN,1986,
IRN,1987,
IRN,1988,
IRN,1989,
IRN,1990,5.2814E+11
IRN,1991,5.953E+11
IRN,1992,6.14932E+11
IRN,1993,6.05887E+11
IRN,1994,5.95597E+11
IRN,1995,6.09898E+11
IRN,1996,6.48629E+11
IRN,1997,6.57388E+11
IRN,1998,6.71062E+11
IRN,1999,6.84501E+11
IRN,2000,7.24514E+11
IRN,2001,7.41846E+11
IRN,2002,8.01778E+11
IRN,2003,8.71046E+11
IRN,2004,9.08821E+11
IRN,2005,9.3781E+11
IRN,2006,9.84699E+11
IRN,2007,1.06501E+12
IRN,2008,1.06768E+12
IRN,2009,1.07844E+12
IRN,2010,1.14096E+12
IRN,2011,1.17115E+12
IRN,2012,1.12726E+12
IRN,2013,1.11011E+12
IRN,2014,1.16544E+12
IRN,2015,1.14884E+12
IRN,2016,1.25011E+12
IRN,2017,1.28459E+12
IRN,2018,1.26098E+12
IRN,2019,1.22226E+12
IRN,2020,1.26297E+12
IRN,2021,1.32258E+12
IRN,2022,1.37253E+12
IRN,2023,1.44177E+12
IRN,2024,1.4856E+12
IRQ,1960,
IRQ,1961,
IRQ,1962,
IRQ,1963,
IRQ,1964,
IRQ,1965,
IRQ,1966,
IRQ,1967,
IRQ,1968,
IRQ,1969,
IRQ,1970,
IRQ,1971,
IRQ,1972,
IRQ,1973,
IRQ,1974,
IRQ,1975,
IRQ,1976,
IRQ,1977,
IRQ,1978,
IRQ,1979,
IRQ,1980,
IRQ,1981,
IRQ,1982,
IRQ,1983,
IRQ,1984,
IRQ,1985,
IRQ,1986,
IRQ,1987,
IRQ,1988,
IRQ,1989,
IRQ,1990,1.88736E+11
IRQ,1991,67856016583
IRQ,1992,89971792817
IRQ,1993,1.17224E+11
IRQ,1994,1.21743E+11
IRQ,1995,1.24324E+11
IRQ,1996,1.38025E+11
IRQ,1997,1.67339E+11
IRQ,1998,2.25909E+11
IRQ,1999,2.65624E+11
IRQ,2000,3.10238E+11
IRQ,2001,3.15719E+11
IRQ,2002,2.89818E+11
IRQ,2003,1.8358E+11
IRQ,2004,2.81586E+11
IRQ,2005,2.86303E+11
IRQ,2006,3.02445E+11
IRQ,2007,3.08157E+11
IRQ,2008,3.33513E+11
IRQ,2009,3.44783E+11
IRQ,2010,3.66858E+11
IRQ,2011,3.94543E+11
IRQ,2012,4.49528E+11
IRQ,2013,4.8382E+11
IRQ,2014,4.94772E+11
IRQ,2015,5.07669E+11
IRQ,2016,5.77663E+11
IRQ,2017,5.67151E+11
IRQ,2018,5.82089E+11
IRQ,2019,6.14185E+11
IRQ,2020,5.40256E+11
IRQ,2021,5.48372E+11
IRQ,2022,5.92017E+11
IRQ,2023,5.95082E+11
IRQ,2024,5.85887E+11
IRL,1960,
IRL,1961,
IRL,1962,
IRL,1963,
IRL,1964,
IRL,1965,
IRL,1966,
IRL,1967,
IRL,1968,
IRL,1969,
IRL,1970,
IRL,1971,
IRL,1972,
IRL,1973,
IRL,1974,
IRL,1975,
IRL,1976,
IRL,1977,
IRL,1978,
IRL,1979,
IRL,1980,
IRL,1981,
IRL,1982,
IRL,1983,
IRL,1984,
IRL,1985,
IRL,1986,
IRL,1987,
IRL,1988,
IRL,1989,
IRL,1990,1.03992E+11
IRL,1991,1.05999E+11
IRL,1992,1.09543E+11
IRL,1993,1.12492E+11
IRL,1994,1.18967E+11
IRL,1995,1.30429E+11
IRL,1996,1.40054E+11
IRL,1997,1.55491E+11
IRL,1998,1.69121E+11
IRL,1999,1.86929E+11
IRL,2000,2.04507E+11
IRL,2001,2.15358E+11
IRL,2002,2.28063E+11
IRL,2003,2.34936E+11
IRL,2004,2.50884E+11
IRL,2005,2.65284E+11
IRL,2006,2.78516E+11
IRL,2007,2.93306E+11
IRL,2008,2.80154E+11
IRL,2009,2.65878E+11
IRL,2010,2.70352E+11
IRL,2011,2.7481E+11
IRL,2012,2.73714E+11
IRL,2013,2.79714E+11
IRL,2014,3.05828E+11
IRL,2015,3.81109E+11
IRL,2016,3.85769E+11
IRL,2017,4.24537E+11
IRL,2018,4.56566E+11
IRL,2019,4.79579E+11
IRL,2020,5.13907E+11
IRL,2021,5.97446E+11
IRL,2022,6.48943E+11
IRL,2023,6.13056E+11
IRL,2024,6.20544E+11
IMN,1960,
IMN,1961,
IMN,1962,
IMN,1963,
IMN,1964,
IMN,1965,
IMN,1966,
IMN,1967,
IMN,1968,
IMN,1969,
IMN,1970,
IMN,1971,
IMN,1972,
IMN,1973,
IMN,1974,
IMN,1975,
IMN,1976,
IMN,1977,
IMN,1978,
IMN,1979,
IMN,1980,
IMN,1981,
IMN,1982,
IMN,1983,
IMN,1984,
IMN,1985,
IMN,1986,
IMN,1987,
IMN,1988,
IMN,1989,
IMN,1990,
IMN,1991,
IMN,1992,
IMN,1993,
IMN,1994,
IMN,1995,
IMN,1996,
IMN,1997,
IMN,1998,
IMN,1999,
IMN,2000,
IMN,2001,
IMN,2002,
IMN,2003,
IMN,2004,
IMN,2005,
IMN,2006,
IMN,2007,
IMN,2008,
IMN,2009,
IMN,2010,
IMN,2011,
IMN,2012,
IMN,2013,
IMN,2014,
IMN,2015,
IMN,2016,
IMN,2017,
IMN,2018,
IMN,2019,
IMN,2020,
IMN,2021,
IMN,2022,
IMN,2023,
IMN,2024,
ISR,1960,
ISR,1961,
ISR,1962,
ISR,1963,
ISR,1964,
ISR,1965,
ISR,1966,
ISR,1967,
ISR,1968,
ISR,1969,
ISR,1970,
ISR,1971,
ISR,1972,
ISR,1973,
ISR,1974,
ISR,1975,
ISR,1976,
ISR,1977,
ISR,1978,
ISR,1979,
ISR,1980,
ISR,1981,
ISR,1982,
ISR,1983,
ISR,1984,
ISR,1985,
ISR,1986,
ISR,1987,
ISR,1988,
ISR,1989,
ISR,1990,1.18062E+11
ISR,1991,1.27184E+11
ISR,1992,1.37053E+11
ISR,1993,1.42695E+11
ISR,1994,1.53294E+11
ISR,1995,1.63416E+11
ISR,1996,1.72958E+11
ISR,1997,1.79206E+11
ISR,1998,1.86575E+11
ISR,1999,1.92727E+11
ISR,2000,2.09267E+11
ISR,2001,2.09848E+11
ISR,2002,2.09567E+11
ISR,2003,2.12604E+11
ISR,2004,2.22485E+11
ISR,2005,2.32248E+11
ISR,2006,2.45257E+11
ISR,2007,2.60766E+11
ISR,2008,2.69168E+11
ISR,2009,2.725E+11
ISR,2010,2.87581E+11
ISR,2011,3.03452E+11
ISR,2012,3.10878E+11
ISR,2013,3.23579E+11
ISR,2014,3.35797E+11
ISR,2015,3.43311E+11
ISR,2016,3.58622E+11
ISR,2017,3.74211E+11
ISR,2018,3.89194E+11
ISR,2019,4.03635E+11
ISR,2020,3.95475E+11
ISR,2021,4.32603E+11
ISR,2022,4.59698E+11
ISR,2023,4.68095E+11
ISR,2024,4.72177E+11
ITA,1960,
ITA,1961,
ITA,1962,
ITA,1963,
ITA,1964,
ITA,1965,
ITA,1966,
ITA,1967,
ITA,1968,
ITA,1969,
ITA,1970,
ITA,1971,
ITA,1972,
ITA,1973,
ITA,1974,
ITA,1975,
ITA,1976,
ITA,1977,
ITA,1978,
ITA,1979,
ITA,1980,
ITA,1981,
ITA,1982,
ITA,1983,
ITA,1984,
ITA,1985,
ITA,1986,
ITA,1987,
ITA,1988,
ITA,1989,
ITA,1990,2.41946E+12
ITA,1991,2.45668E+12
ITA,1992,2.47718E+12
ITA,1993,2.45605E+12
ITA,1994,2.50888E+12
ITA,1995,2.58131E+12
ITA,1996,2.61604E+12
ITA,1997,2.66642E+12
ITA,1998,2.71453E+12
ITA,1999,2.76008E+12
ITA,2000,2.86723E+12
ITA,2001,2.92476E+12
ITA,2002,2.93265E+12
ITA,2003,2.93461E+12
ITA,2004,2.97786E+12
ITA,2005,3.00057E+12
ITA,2006,3.05456E+12
ITA,2007,3.09923E+12
ITA,2008,3.06752E+12
ITA,2009,2.90478E+12
ITA,2010,2.9492E+12
ITA,2011,2.96971E+12
ITA,2012,2.8769E+12
ITA,2013,2.8246E+12
ITA,2014,2.82456E+12
ITA,2015,2.84957E+12
ITA,2016,2.8848E+12
ITA,2017,2.93106E+12
ITA,2018,2.95529E+12
ITA,2019,2.96798E+12
ITA,2020,2.70477E+12
ITA,2021,2.94633E+12
ITA,2022,3.08838E+12
ITA,2023,3.11047E+12
ITA,2024,3.13305E+12
JAM,1960,
JAM,1961,
JAM,1962,
JAM,1963,
JAM,1964,
JAM,1965,
JAM,1966,
JAM,1967,
JAM,1968,
JAM,1969,
JAM,1970,
JAM,1971,
JAM,1972,
JAM,1973,
JAM,1974,
JAM,1975,
JAM,1976,
JAM,1977,
JAM,1978,
JAM,1979,
JAM,1980,
JAM,1981,
JAM,1982,
JAM,1983,
JAM,1984,
JAM,1985,
JAM,1986,
JAM,1987,
JAM,1988,
JAM,1989,
JAM,1990,20805277769
JAM,1991,21811886781
JAM,1992,22238427498
JAM,1993,24332643025
JAM,1994,24669258327
JAM,1995,25248975300
JAM,1996,25220259336
JAM,1997,24932632398
JAM,1998,24350566745
JAM,1999,24605681270
JAM,2000,24821892265
JAM,2001,25155729232
JAM,2002,25658162334
JAM,2003,26598872054
JAM,2004,26950967999
JAM,2005,27191855195
JAM,2006,27980181162
JAM,2007,28380844496
JAM,2008,28150466764
JAM,2009,26927244009
JAM,2010,26534874424
JAM,2011,26994027594
JAM,2012,26828382512
JAM,2013,26967269296
JAM,2014,27153295548
JAM,2015,27403509671
JAM,2016,27780369056
JAM,2017,28057373523
JAM,2018,28587636470
JAM,2019,28842721564
JAM,2020,25981430581
JAM,2021,27176946494
JAM,2022,28595996150
JAM,2023,29340825497
JAM,2024,29129921615
JPN,1960,
JPN,1961,
JPN,1962,
JPN,1963,
JPN,1964,
JPN,1965,
JPN,1966,
JPN,1967,
JPN,1968,
JPN,1969,
JPN,1970,
JPN,1971,
JPN,1972,
JPN,1973,
JPN,1974,
JPN,1975,
JPN,1976,
JPN,1977,
JPN,1978,
JPN,1979,
JPN,1980,
JPN,1981,
JPN,1982,
JPN,1983,
JPN,1984,
JPN,1985,
JPN,1986,
JPN,1987,
JPN,1988,
JPN,1989,
JPN,1990,4.35537E+12
JPN,1991,4.50882E+12
JPN,1992,4.54943E+12
JPN,1993,4.52854E+12
JPN,1994,4.5776E+12
JPN,1995,4.69803E+12
JPN,1996,4.84527E+12
JPN,1997,4.89281E+12
JPN,1998,4.83065E+12
JPN,1999,4.81452E+12
JPN,2000,4.94763E+12
JPN,2001,4.96673E+12
JPN,2002,4.96881E+12
JPN,2003,5.04509E+12
JPN,2004,5.15538E+12
JPN,2005,5.24838E+12
JPN,2006,5.32041E+12
JPN,2007,5.39936E+12
JPN,2008,5.33326E+12
JPN,2009,5.02962E+12
JPN,2010,5.23573E+12
JPN,2011,5.23698E+12
JPN,2012,5.30897E+12
JPN,2013,5.41542E+12
JPN,2014,5.43146E+12
JPN,2015,5.51623E+12
JPN,2016,5.55781E+12
JPN,2017,5.65092E+12
JPN,2018,5.68728E+12
JPN,2019,5.66441E+12
JPN,2020,5.42827E+12
JPN,2021,5.57465E+12
JPN,2022,5.62716E+12
JPN,2023,5.71017E+12
JPN,2024,5.71495E+12
JOR,1960,
JOR,1961,
JOR,1962,
JOR,1963,
JOR,1964,
JOR,1965,
JOR,1966,
JOR,1967,
JOR,1968,
JOR,1969,
JOR,1970,
JOR,1971,
JOR,1972,
JOR,1973,
JOR,1974,
JOR,1975,
JOR,1976,
JOR,1977,
JOR,1978,
JOR,1979,
JOR,1980,
JOR,1981,
JOR,1982,
JOR,1983,
JOR,1984,
JOR,1985,
JOR,1986,
JOR,1987,
JOR,1988,
JOR,1989,
JOR,1990,27489630061
JOR,1991,27931809302
JOR,1992,31939961386
JOR,1993,33373104190
JOR,1994,35032240288
JOR,1995,37204545523
JOR,1996,37981012120
JOR,1997,39237604556
JOR,1998,40419508965
JOR,1999,41789540668
JOR,2000,43563804178
JOR,2001,45859598177
JOR,2002,48512029251
JOR,2003,50530938633
JOR,2004,54860032404
JOR,2005,59329256957
JOR,2006,64130759056
JOR,2007,69374198907
JOR,2008,74383284112
JOR,2009,78120084648
JOR,2010,79928435101
JOR,2011,82116220150
JOR,2012,84111117114
JOR,2013,86306373008
JOR,2014,89227048075
JOR,2015,91454627021
JOR,2016,93278397679
JOR,2017,95585730403
JOR,2018,97420088352
JOR,2019,99126148666
JOR,2020,98033033195
JOR,2021,1.01617E+11
JOR,2022,1.04307E+11
JOR,2023,1.07315E+11
JOR,2024,1.09986E+11
KAZ,1960,
KAZ,1961,
KAZ,1962,
KAZ,1963,
KAZ,1964,
KAZ,1965,
KAZ,1966,
KAZ,1967,
KAZ,1968,
KAZ,1969,
KAZ,1970,
KAZ,1971,
KAZ,1972,
KAZ,1973,
KAZ,1974,
KAZ,1975,
KAZ,1976,
KAZ,1977,
KAZ,1978,
KAZ,1979,
KAZ,1980,
KAZ,1981,
KAZ,1982,
KAZ,1983,
KAZ,1984,
KAZ,1985,
KAZ,1986,
KAZ,1987,
KAZ,1988,
KAZ,1989,
KAZ,1990,2.88835E+11
KAZ,1991,2.57063E+11
KAZ,1992,2.43439E+11
KAZ,1993,2.21042E+11
KAZ,1994,1.93191E+11
KAZ,1995,1.77349E+11
KAZ,1996,1.78236E+11
KAZ,1997,1.81266E+11
KAZ,1998,1.77822E+11
KAZ,1999,1.82623E+11
KAZ,2000,2.0052E+11
KAZ,2001,2.2759E+11
KAZ,2002,2.49894E+11
KAZ,2003,2.73134E+11
KAZ,2004,2.99355E+11
KAZ,2005,3.28393E+11
KAZ,2006,3.63531E+11
KAZ,2007,3.95885E+11
KAZ,2008,4.08949E+11
KAZ,2009,4.13857E+11
KAZ,2010,4.44068E+11
KAZ,2011,4.76929E+11
KAZ,2012,4.99822E+11
KAZ,2013,5.29811E+11
KAZ,2014,5.52063E+11
KAZ,2015,5.58688E+11
KAZ,2016,5.64834E+11
KAZ,2017,5.87992E+11
KAZ,2018,6.12099E+11
KAZ,2019,6.39644E+11
KAZ,2020,6.23653E+11
KAZ,2021,6.5047E+11
KAZ,2022,6.71285E+11
KAZ,2023,7.0552E+11
KAZ,2024,7.39385E+11
KEN,1960,
KEN,1961,
KEN,1962,
KEN,1963,
KEN,1964,
KEN,1965,
KEN,1966,
KEN,1967,
KEN,1968,
KEN,1969,
KEN,1970,
KEN,1971,
KEN,1972,
KEN,1973,
KEN,1974,
KEN,1975,
KEN,1976,
KEN,1977,
KEN,1978,
KEN,1979,
KEN,1980,
KEN,1981,
KEN,1982,
KEN,1983,
KEN,1984,
KEN,1985,
KEN,1986,
KEN,1987,
KEN,1988,
KEN,1989,
KEN,1990,95633729813
KEN,1991,97009274498
KEN,1992,96233691209
KEN,1993,96573585966
KEN,1994,99116160385
KEN,1995,1.03483E+11
KEN,1996,1.07775E+11
KEN,1997,1.08287E+11
KEN,1998,1.11849E+11
KEN,1999,1.14428E+11
KEN,2000,1.15114E+11
KEN,2001,1.19465E+11
KEN,2002,1.20119E+11
KEN,2003,1.23641E+11
KEN,2004,1.29952E+11
KEN,2005,1.37628E+11
KEN,2006,1.46536E+11
KEN,2007,1.56575E+11
KEN,2008,1.56938E+11
KEN,2009,1.62128E+11
KEN,2010,1.75193E+11
KEN,2011,1.84165E+11
KEN,2012,1.92579E+11
KEN,2013,1.99893E+11
KEN,2014,2.09928E+11
KEN,2015,2.20356E+11
KEN,2016,2.29641E+11
KEN,2017,2.38455E+11
KEN,2018,2.51923E+11
KEN,2019,2.64806E+11
KEN,2020,2.64084E+11
KEN,2021,2.84129E+11
KEN,2022,2.97938E+11
KEN,2023,3.14491E+11
KEN,2024,3.28632E+11
KIR,1960,
KIR,1961,
KIR,1962,
KIR,1963,
KIR,1964,
KIR,1965,
KIR,1966,
KIR,1967,
KIR,1968,
KIR,1969,
KIR,1970,
KIR,1971,
KIR,1972,
KIR,1973,
KIR,1974,
KIR,1975,
KIR,1976,
KIR,1977,
KIR,1978,
KIR,1979,
KIR,1980,
KIR,1981,
KIR,1982,
KIR,1983,
KIR,1984,
KIR,1985,
KIR,1986,
KIR,1987,
KIR,1988,
KIR,1989,
KIR,1990,165694553.1
KIR,1991,156334991.5
KIR,1992,193791656.7
KIR,1993,193590123.6
KIR,1994,197549538.3
KIR,1995,202986513.1
KIR,1996,202880865.2
KIR,1997,205269043
KIR,1998,214387656.3
KIR,1999,205996026.3
KIR,2000,219885648.9
KIR,2001,212972160
KIR,2002,216054197.2
KIR,2003,212650334.8
KIR,2004,211355363.2
KIR,2005,214086983.9
KIR,2006,226454648.8
KIR,2007,233373019
KIR,2008,226407461.7
KIR,2009,227622819.7
KIR,2010,230413366.1
KIR,2011,237933429.8
KIR,2012,251742276.5
KIR,2013,271204275.3
KIR,2014,274631382.5
KIR,2015,305569489.1
KIR,2016,327228360.4
KIR,2017,339496537.2
KIR,2018,351309114.6
KIR,2019,362776854.3
KIR,2020,357451046.4
KIR,2021,387761958.2
KIR,2022,405468433
KIR,2023,416221499.9
KIR,2024,438143467.1
PRK,1960,
PRK,1961,
PRK,1962,
PRK,1963,
PRK,1964,
PRK,1965,
PRK,1966,
PRK,1967,
PRK,1968,
PRK,1969,
PRK,1970,
PRK,1971,
PRK,1972,
PRK,1973,
PRK,1974,
PRK,1975,
PRK,1976,
PRK,1977,
PRK,1978,
PRK,1979,
PRK,1980,
PRK,1981,
PRK,1982,
PRK,1983,
PRK,1984,
PRK,1985,
PRK,1986,
PRK,1987,
PRK,1988,
PRK,1989,
PRK,1990,
PRK,1991,
PRK,1992,
PRK,1993,
PRK,1994,
PRK,1995,
PRK,1996,
PRK,1997,
PRK,1998,
PRK,1999,
PRK,2000,
PRK,2001,
PRK,2002,
PRK,2003,
PRK,2004,
PRK,2005,
PRK,2006,
PRK,2007,
PRK,2008,
PRK,2009,
PRK,2010,
PRK,2011,
PRK,2012,
PRK,2013,
PRK,2014,
PRK,2015,
PRK,2016,
PRK,2017,
PRK,2018,
PRK,2019,
PRK,2020,
PRK,2021,
PRK,2022,
PRK,2023,
PRK,2024,
KOR,1960,
KOR,1961,
KOR,1962,
KOR,1963,
KOR,1964,
KOR,1965,
KOR,1966,
KOR,1967,
KOR,1968,
KOR,1969,
KOR,1970,
KOR,1971,
KOR,1972,
KOR,1973,
KOR,1974,
KOR,1975,
KOR,1976,
KOR,1977,
KOR,1978,
KOR,1979,
KOR,1980,
KOR,1981,
KOR,1982,
KOR,1983,
KOR,1984,
KOR,1985,
KOR,1986,
KOR,1987,
KOR,1988,
KOR,1989,
KOR,1990,5.9331E+11
KOR,1991,6.57258E+11
KOR,1992,6.97999E+11
KOR,1993,7.46003E+11
KOR,1994,8.15148E+11
KOR,1995,8.93521E+11
KOR,1996,9.64026E+11
KOR,1997,1.02351E+12
KOR,1998,9.71011E+11
KOR,1999,1.08236E+12
KOR,2000,1.18043E+12
KOR,2001,1.23771E+12
KOR,2002,1.33332E+12
KOR,2003,1.37528E+12
KOR,2004,1.44676E+12
KOR,2005,1.5091E+12
KOR,2006,1.58854E+12
KOR,2007,1.68067E+12
KOR,2008,1.73131E+12
KOR,2009,1.74503E+12
KOR,2010,1.86378E+12
KOR,2011,1.93247E+12
KOR,2012,1.9789E+12
KOR,2013,2.04153E+12
KOR,2014,2.1069E+12
KOR,2015,2.16609E+12
KOR,2016,2.22992E+12
KOR,2017,2.30038E+12
KOR,2018,2.36726E+12
KOR,2019,2.42038E+12
KOR,2020,2.40321E+12
KOR,2021,2.50666E+12
KOR,2022,2.57215E+12
KOR,2023,2.60705E+12
KOR,2024,
XKX,1960,
XKX,1961,
XKX,1962,
XKX,1963,
XKX,1964,
XKX,1965,
XKX,1966,
XKX,1967,
XKX,1968,
XKX,1969,
XKX,1970,
XKX,1971,
XKX,1972,
XKX,1973,
XKX,1974,
XKX,1975,
XKX,1976,
XKX,1977,
XKX,1978,
XKX,1979,
XKX,1980,
XKX,1981,
XKX,1982,
XKX,1983,
XKX,1984,
XKX,1985,
XKX,1986,
XKX,1987,
XKX,1988,
XKX,1989,
XKX,1990,
XKX,1991,
XKX,1992,
XKX,1993,
XKX,1994,
XKX,1995,
XKX,1996,
XKX,1997,
XKX,1998,
XKX,1999,
XKX,2000,
XKX,2001,
XKX,2002,
XKX,2003,
XKX,2004,
XKX,2005,
XKX,2006,
XKX,2007,
XKX,2008,12783215864
XKX,2009,13426832137
XKX,2010,14090111060
XKX,2011,14980579340
XKX,2012,15237076214
XKX,2013,16050857846
XKX,2014,16588369742
XKX,2015,17569776062
XKX,2016,18548724461
XKX,2017,19443822031
XKX,2018,20106201547
XKX,2019,21062613457
XKX,2020,19937811875
XKX,2021,22080260570
XKX,2022,23024964288
XKX,2023,23961533956
XKX,2024,25018893739
KWT,1960,
KWT,1961,
KWT,1962,
KWT,1963,
KWT,1964,
KWT,1965,
KWT,1966,
KWT,1967,
KWT,1968,
KWT,1969,
KWT,1970,
KWT,1971,
KWT,1972,
KWT,1973,
KWT,1974,
KWT,1975,
KWT,1976,
KWT,1977,
KWT,1978,
KWT,1979,
KWT,1980,
KWT,1981,
KWT,1982,
KWT,1983,
KWT,1984,
KWT,1985,
KWT,1986,
KWT,1987,
KWT,1988,
KWT,1989,
KWT,1990,65594963015
KWT,1991,38695917893
KWT,1992,70739747861
KWT,1993,94784518907
KWT,1994,1.02781E+11
KWT,1995,1.07774E+11
KWT,1996,1.08426E+11
KWT,1997,1.11108E+11
KWT,1998,1.15177E+11
KWT,1999,1.13116E+11
KWT,2000,1.18427E+11
KWT,2001,1.18679E+11
KWT,2002,1.22257E+11
KWT,2003,1.43439E+11
KWT,2004,1.58127E+11
KWT,2005,1.74903E+11
KWT,2006,1.88047E+11
KWT,2007,1.99314E+11
KWT,2008,2.04256E+11
KWT,2009,1.89803E+11
KWT,2010,1.85304E+11
KWT,2011,2.03146E+11
KWT,2012,2.16606E+11
KWT,2013,2.19096E+11
KWT,2014,2.20193E+11
KWT,2015,2.21498E+11
KWT,2016,2.2798E+11
KWT,2017,2.17237E+11
KWT,2018,2.23196E+11
KWT,2019,2.28249E+11
KWT,2020,2.17253E+11
KWT,2021,2.20886E+11
KWT,2022,2.35815E+11
KWT,2023,2.31884E+11
KWT,2024,2.25947E+11
KGZ,1960,
KGZ,1961,
KGZ,1962,
KGZ,1963,
KGZ,1964,
KGZ,1965,
KGZ,1966,
KGZ,1967,
KGZ,1968,
KGZ,1969,
KGZ,1970,
KGZ,1971,
KGZ,1972,
KGZ,1973,
KGZ,1974,
KGZ,1975,
KGZ,1976,
KGZ,1977,
KGZ,1978,
KGZ,1979,
KGZ,1980,
KGZ,1981,
KGZ,1982,
KGZ,1983,
KGZ,1984,
KGZ,1985,
KGZ,1986,
KGZ,1987,
KGZ,1988,
KGZ,1989,
KGZ,1990,26767574230
KGZ,1991,24641178145
KGZ,1992,21231371882
KGZ,1993,17949144416
KGZ,1994,14344030250
KGZ,1995,13566035593
KGZ,1996,14527121709
KGZ,1997,15967522710
KGZ,1998,16306327241
KGZ,1999,16902452224
KGZ,2000,17822509598
KGZ,2001,18770956085
KGZ,2002,18767704089
KGZ,2003,20087128713
KGZ,2004,21498613569
KGZ,2005,21460880191
KGZ,2006,22126789572
KGZ,2007,24017053497
KGZ,2008,26034874118
KGZ,2009,26786317277
KGZ,2010,26660001953
KGZ,2011,28247944797
KGZ,2012,28223044177
KGZ,2013,31303721942
KGZ,2014,32563395806
KGZ,2015,33825496187
KGZ,2016,35292120966
KGZ,2017,36964945345
KGZ,2018,38354054773
KGZ,2019,40118581257
KGZ,2020,37250512879
KGZ,2021,39301901464
KGZ,2022,42826301522
KGZ,2023,46686361488
KGZ,2024,50906871855
LAO,1960,
LAO,1961,
LAO,1962,
LAO,1963,
LAO,1964,
LAO,1965,
LAO,1966,
LAO,1967,
LAO,1968,
LAO,1969,
LAO,1970,
LAO,1971,
LAO,1972,
LAO,1973,
LAO,1974,
LAO,1975,
LAO,1976,
LAO,1977,
LAO,1978,
LAO,1979,
LAO,1980,
LAO,1981,
LAO,1982,
LAO,1983,
LAO,1984,
LAO,1985,
LAO,1986,
LAO,1987,
LAO,1988,
LAO,1989,
LAO,1990,8647627883
LAO,1991,9019178718
LAO,1992,9520632227
LAO,1993,10083544992
LAO,1994,10906263296
LAO,1995,11673110406
LAO,1996,12481861284
LAO,1997,13339626184
LAO,1998,13868890272
LAO,1999,14882203552
LAO,2000,15745190142
LAO,2001,16650761036
LAO,2002,17636276903
LAO,2003,18706270229
LAO,2004,19895557925
LAO,2005,21309648307
LAO,2006,23146383623
LAO,2007,24904774760
LAO,2008,26853549169
LAO,2009,28868041983
LAO,2010,31329592648
LAO,2011,33848069787
LAO,2012,36564749186
LAO,2013,39499545733
LAO,2014,42506236713
LAO,2015,45596468110
LAO,2016,48798633404
LAO,2017,52162094276
LAO,2018,55421161066
LAO,2019,58445901222
LAO,2020,58739902708
LAO,2021,60225053628
LAO,2022,61855602706
LAO,2023,64172516512
LAO,2024,66905147347
LTE,1960,
LTE,1961,
LTE,1962,
LTE,1963,
LTE,1964,
LTE,1965,
LTE,1966,
LTE,1967,
LTE,1968,
LTE,1969,
LTE,1970,
LTE,1971,
LTE,1972,
LTE,1973,
LTE,1974,
LTE,1975,
LTE,1976,
LTE,1977,
LTE,1978,
LTE,1979,
LTE,1980,
LTE,1981,
LTE,1982,
LTE,1983,
LTE,1984,
LTE,1985,
LTE,1986,
LTE,1987,
LTE,1988,
LTE,1989,
LTE,1990,1.22363E+13
LTE,1991,1.21391E+13
LTE,1992,1.18815E+13
LTE,1993,1.21413E+13
LTE,1994,1.23878E+13
LTE,1995,1.29399E+13
LTE,1996,1.34751E+13
LTE,1997,1.41229E+13
LTE,1998,1.4353E+13
LTE,1999,1.50003E+13
LTE,2000,1.60608E+13
LTE,2001,1.68639E+13
LTE,2002,1.78426E+13
LTE,2003,1.90491E+13
LTE,2004,2.05629E+13
LTE,2005,2.20932E+13
LTE,2006,2.40757E+13
LTE,2007,2.6431E+13
LTE,2008,2.81895E+13
LTE,2009,2.88765E+13
LTE,2010,3.10483E+13
LTE,2011,3.31294E+13
LTE,2012,3.4979E+13
LTE,2013,3.67887E+13
LTE,2014,3.85426E+13
LTE,2015,4.00804E+13
LTE,2016,4.16856E+13
LTE,2017,4.37672E+13
LTE,2018,4.60424E+13
LTE,2019,4.81128E+13
LTE,2020,4.80067E+13
LTE,2021,5.14728E+13
LTE,2022,5.30713E+13
LTE,2023,5.5334E+13
LTE,2024,5.77849E+13
LCN,1960,
LCN,1961,
LCN,1962,
LCN,1963,
LCN,1964,
LCN,1965,
LCN,1966,
LCN,1967,
LCN,1968,
LCN,1969,
LCN,1970,
LCN,1971,
LCN,1972,
LCN,1973,
LCN,1974,
LCN,1975,
LCN,1976,
LCN,1977,
LCN,1978,
LCN,1979,
LCN,1980,
LCN,1981,
LCN,1982,
LCN,1983,
LCN,1984,
LCN,1985,
LCN,1986,
LCN,1987,
LCN,1988,
LCN,1989,
LCN,1990,5.49001E+12
LCN,1991,5.6689E+12
LCN,1992,5.83205E+12
LCN,1993,6.1064E+12
LCN,1994,6.42917E+12
LCN,1995,6.48434E+12
LCN,1996,6.73523E+12
LCN,1997,7.10082E+12
LCN,1998,7.31353E+12
LCN,1999,7.3525E+12
LCN,2000,7.61561E+12
LCN,2001,7.6457E+12
LCN,2002,7.68491E+12
LCN,2003,7.87647E+12
LCN,2004,8.29993E+12
LCN,2005,8.62534E+12
LCN,2006,9.06873E+12
LCN,2007,9.54307E+12
LCN,2008,9.89533E+12
LCN,2009,9.67077E+12
LCN,2010,1.0297E+13
LCN,2011,1.07636E+13
LCN,2012,1.10477E+13
LCN,2013,1.13639E+13
LCN,2014,1.15307E+13
LCN,2015,1.15874E+13
LCN,2016,1.15638E+13
LCN,2017,1.17894E+13
LCN,2018,1.19856E+13
LCN,2019,1.20764E+13
LCN,2020,1.12823E+13
LCN,2021,1.21113E+13
LCN,2022,1.2602E+13
LCN,2023,1.2891E+13
LCN,2024,1.3181E+13
LAC,1960,
LAC,1961,
LAC,1962,
LAC,1963,
LAC,1964,
LAC,1965,
LAC,1966,
LAC,1967,
LAC,1968,
LAC,1969,
LAC,1970,
LAC,1971,
LAC,1972,
LAC,1973,
LAC,1974,
LAC,1975,
LAC,1976,
LAC,1977,
LAC,1978,
LAC,1979,
LAC,1980,
LAC,1981,
LAC,1982,
LAC,1983,
LAC,1984,
LAC,1985,
LAC,1986,
LAC,1987,
LAC,1988,
LAC,1989,
LAC,1990,4.83421E+12
LAC,1991,4.98526E+12
LAC,1992,5.10652E+12
LAC,1993,5.34429E+12
LAC,1994,5.62888E+12
LAC,1995,5.65452E+12
LAC,1996,5.87093E+12
LAC,1997,6.18295E+12
LAC,1998,6.35603E+12
LAC,1999,6.38045E+12
LAC,2000,6.60776E+12
LAC,2001,6.61709E+12
LAC,2002,6.64278E+12
LAC,2003,6.80166E+12
LAC,2004,7.15795E+12
LAC,2005,7.43771E+12
LAC,2006,7.82162E+12
LAC,2007,8.23449E+12
LAC,2008,8.54086E+12
LAC,2009,8.33507E+12
LAC,2010,8.89285E+12
LAC,2011,9.29396E+12
LAC,2012,9.5175E+12
LAC,2013,9.78907E+12
LAC,2014,9.92715E+12
LAC,2015,9.96196E+12
LAC,2016,9.92399E+12
LAC,2017,1.01242E+13
LAC,2018,1.02871E+13
LAC,2019,1.03587E+13
LAC,2020,9.68572E+12
LAC,2021,1.03769E+13
LAC,2022,1.07875E+13
LAC,2023,1.1028E+13
LAC,2024,1.12506E+13
TLA,1960,
TLA,1961,
TLA,1962,
TLA,1963,
TLA,1964,
TLA,1965,
TLA,1966,
TLA,1967,
TLA,1968,
TLA,1969,
TLA,1970,
TLA,1971,
TLA,1972,
TLA,1973,
TLA,1974,
TLA,1975,
TLA,1976,
TLA,1977,
TLA,1978,
TLA,1979,
TLA,1980,
TLA,1981,
TLA,1982,
TLA,1983,
TLA,1984,
TLA,1985,
TLA,1986,
TLA,1987,
TLA,1988,
TLA,1989,
TLA,1990,5.29017E+12
TLA,1991,5.46411E+12
TLA,1992,5.62019E+12
TLA,1993,5.88495E+12
TLA,1994,6.19735E+12
TLA,1995,6.24588E+12
TLA,1996,6.48948E+12
TLA,1997,6.84277E+12
TLA,1998,7.04431E+12
TLA,1999,7.07445E+12
TLA,2000,7.32785E+12
TLA,2001,7.34762E+12
TLA,2002,7.38445E+12
TLA,2003,7.57324E+12
TLA,2004,7.97583E+12
TLA,2005,8.29927E+12
TLA,2006,8.73789E+12
TLA,2007,9.20661E+12
TLA,2008,9.55697E+12
TLA,2009,9.3408E+12
TLA,2010,9.95894E+12
TLA,2011,1.04197E+13
TLA,2012,1.07002E+13
TLA,2013,1.10129E+13
TLA,2014,1.1179E+13
TLA,2015,1.12363E+13
TLA,2016,1.12148E+13
TLA,2017,1.14411E+13
TLA,2018,1.16399E+13
TLA,2019,1.17268E+13
TLA,2020,1.09556E+13
TLA,2021,1.17689E+13
TLA,2022,1.2246E+13
TLA,2023,1.25289E+13
TLA,2024,1.28091E+13
LVA,1960,
LVA,1961,
LVA,1962,
LVA,1963,
LVA,1964,
LVA,1965,
LVA,1966,
LVA,1967,
LVA,1968,
LVA,1969,
LVA,1970,
LVA,1971,
LVA,1972,
LVA,1973,
LVA,1974,
LVA,1975,
LVA,1976,
LVA,1977,
LVA,1978,
LVA,1979,
LVA,1980,
LVA,1981,
LVA,1982,
LVA,1983,
LVA,1984,
LVA,1985,
LVA,1986,
LVA,1987,
LVA,1988,
LVA,1989,
LVA,1990,46628541795
LVA,1991,40755573537
LVA,1992,27665465933
LVA,1993,26286901342
LVA,1994,26862561293
LVA,1995,26608774388
LVA,1996,27220765832
LVA,1997,29717311930
LVA,1998,31663796648
LVA,1999,32556210536
LVA,2000,34457827396
LVA,2001,36684002304
LVA,2002,39496010020
LVA,2003,42825181065
LVA,2004,46561739532
LVA,2005,51970033578
LVA,2006,58635199659
LVA,2007,64741784386
LVA,2008,62547868754
LVA,2009,52515178389
LVA,2010,50592461907
LVA,2011,52128623506
LVA,2012,55936744860
LVA,2013,57109229533
LVA,2014,58305644917
LVA,2015,60511561517
LVA,2016,62055626572
LVA,2017,64164865501
LVA,2018,66930186963
LVA,2019,67382215222
LVA,2020,65044572876
LVA,2021,69560319492
LVA,2022,70817115854
LVA,2023,72838390722
LVA,2024,72516087307
LDC,1960,
LDC,1961,
LDC,1962,
LDC,1963,
LDC,1964,
LDC,1965,
LDC,1966,
LDC,1967,
LDC,1968,
LDC,1969,
LDC,1970,
LDC,1971,
LDC,1972,
LDC,1973,
LDC,1974,
LDC,1975,
LDC,1976,
LDC,1977,
LDC,1978,
LDC,1979,
LDC,1980,
LDC,1981,
LDC,1982,
LDC,1983,
LDC,1984,
LDC,1985,
LDC,1986,
LDC,1987,
LDC,1988,
LDC,1989,
LDC,1990,9.88929E+11
LDC,1991,1.00599E+12
LDC,1992,1.01116E+12
LDC,1993,1.01122E+12
LDC,1994,1.0166E+12
LDC,1995,1.07472E+12
LDC,1996,1.13535E+12
LDC,1997,1.19628E+12
LDC,1998,1.24388E+12
LDC,1999,1.29746E+12
LDC,2000,1.35628E+12
LDC,2001,1.42438E+12
LDC,2002,1.50374E+12
LDC,2003,1.58559E+12
LDC,2004,1.6917E+12
LDC,2005,1.82294E+12
LDC,2006,1.95647E+12
LDC,2007,2.10774E+12
LDC,2008,2.25035E+12
LDC,2009,2.3532E+12
LDC,2010,2.50191E+12
LDC,2011,2.62853E+12
LDC,2012,2.75769E+12
LDC,2013,2.91728E+12
LDC,2014,3.09311E+12
LDC,2015,3.25504E+12
LDC,2016,3.41369E+12
LDC,2017,3.59413E+12
LDC,2018,3.77895E+12
LDC,2019,3.98728E+12
LDC,2020,3.99059E+12
LDC,2021,4.09882E+12
LDC,2022,4.30403E+12
LDC,2023,4.44822E+12
LDC,2024,4.62739E+12
LBN,1960,
LBN,1961,
LBN,1962,
LBN,1963,
LBN,1964,
LBN,1965,
LBN,1966,
LBN,1967,
LBN,1968,
LBN,1969,
LBN,1970,
LBN,1971,
LBN,1972,
LBN,1973,
LBN,1974,
LBN,1975,
LBN,1976,
LBN,1977,
LBN,1978,
LBN,1979,
LBN,1980,
LBN,1981,
LBN,1982,
LBN,1983,
LBN,1984,
LBN,1985,
LBN,1986,
LBN,1987,
LBN,1988,
LBN,1989,
LBN,1990,19218051454
LBN,1991,28720874228
LBN,1992,33442110823
LBN,1993,37042378048
LBN,1994,40044752423
LBN,1995,42627183473
LBN,1996,47438059997
LBN,1997,47938515718
LBN,1998,49695809291
LBN,1999,49434615753
LBN,2000,50097964832
LBN,2001,52021560996
LBN,2002,53802336972
LBN,2003,55538591257
LBN,2004,59248260701
LBN,2005,60839538229
LBN,2006,61782256000
LBN,2007,67534568644
LBN,2008,73659365300
LBN,2009,81196306155
LBN,2010,87671821639
LBN,2011,88432234311
LBN,2012,90700336595
LBN,2013,94172230743
LBN,2014,96511525557
LBN,2015,96957718407
LBN,2016,98464974045
LBN,2017,99354140787
LBN,2018,97481607577
LBN,2019,90740827789
LBN,2020,71322381663
LBN,2021,66328931530
LBN,2022,65916578511
LBN,2023,65415227251
LBN,2024,
LSO,1960,
LSO,1961,
LSO,1962,
LSO,1963,
LSO,1964,
LSO,1965,
LSO,1966,
LSO,1967,
LSO,1968,
LSO,1969,
LSO,1970,
LSO,1971,
LSO,1972,
LSO,1973,
LSO,1974,
LSO,1975,
LSO,1976,
LSO,1977,
LSO,1978,
LSO,1979,
LSO,1980,
LSO,1981,
LSO,1982,
LSO,1983,
LSO,1984,
LSO,1985,
LSO,1986,
LSO,1987,
LSO,1988,
LSO,1989,
LSO,1990,2573660196
LSO,1991,2752956995
LSO,1992,2944462730
LSO,1993,3047806487
LSO,1994,3230061460
LSO,1995,3336360784
LSO,1996,3523098100
LSO,1997,3653579683
LSO,1998,3709759166
LSO,1999,3727418549
LSO,2000,3871876398
LSO,2001,4009776445
LSO,2002,4038800653
LSO,2003,4222960963
LSO,2004,4294429264
LSO,2005,4443279431
LSO,2006,4631234382
LSO,2007,4825186500
LSO,2008,5091701800
LSO,2009,5027864191
LSO,2010,5292816082
LSO,2011,5537154381
LSO,2012,5887882377
LSO,2013,5993424173
LSO,2014,6095944685
LSO,2015,6286386068
LSO,2016,6513255915
LSO,2017,6308858550
LSO,2018,6215447498
LSO,2019,6127312836
LSO,2020,5627571726
LSO,2021,5755132494
LSO,2022,5892552409
LSO,2023,6000187259
LSO,2024,6165926723
LBR,1960,
LBR,1961,
LBR,1962,
LBR,1963,
LBR,1964,
LBR,1965,
LBR,1966,
LBR,1967,
LBR,1968,
LBR,1969,
LBR,1970,
LBR,1971,
LBR,1972,
LBR,1973,
LBR,1974,
LBR,1975,
LBR,1976,
LBR,1977,
LBR,1978,
LBR,1979,
LBR,1980,
LBR,1981,
LBR,1982,
LBR,1983,
LBR,1984,
LBR,1985,
LBR,1986,
LBR,1987,
LBR,1988,
LBR,1989,
LBR,1990,4150264277
LBR,1991,3559880300
LBR,1992,2310872164
LBR,1993,1548852934
LBR,1994,1211786194
LBR,1995,1160088911
LBR,1996,1300705651
LBR,1997,2683093204
LBR,1998,3493605416
LBR,1999,4253165779
LBR,2000,5470248902
LBR,2001,5629995201
LBR,2002,5841852912
LBR,2003,4080818598
LBR,2004,4187729797
LBR,2005,4408892705
LBR,2006,4763540065
LBR,2007,5217756727
LBR,2008,5590601506
LBR,2009,5886933603
LBR,2010,6246026265
LBR,2011,6758248402
LBR,2012,7298490240
LBR,2013,7932531093
LBR,2014,7988169319
LBR,2015,7986686317
LBR,2016,7862496650
LBR,2017,8055533202
LBR,2018,8148782051
LBR,2019,7947727344
LBR,2020,7710687069
LBR,2021,8095196891
LBR,2022,8484422471
LBR,2023,8881812193
LBR,2024,9307509886
LBY,1960,
LBY,1961,
LBY,1962,
LBY,1963,
LBY,1964,
LBY,1965,
LBY,1966,
LBY,1967,
LBY,1968,
LBY,1969,
LBY,1970,
LBY,1971,
LBY,1972,
LBY,1973,
LBY,1974,
LBY,1975,
LBY,1976,
LBY,1977,
LBY,1978,
LBY,1979,
LBY,1980,
LBY,1981,
LBY,1982,
LBY,1983,
LBY,1984,
LBY,1985,
LBY,1986,
LBY,1987,
LBY,1988,
LBY,1989,
LBY,1990,80555801700
LBY,1991,93166918530
LBY,1992,90639976348
LBY,1993,87229019426
LBY,1994,88916714929
LBY,1995,86942402006
LBY,1996,88797859978
LBY,1997,93426600293
LBY,1998,90107858791
LBY,1999,90783360696
LBY,2000,94123526022
LBY,2001,92464279919
LBY,2002,91577642405
LBY,2003,1.03497E+11
LBY,2004,1.08115E+11
LBY,2005,1.20949E+11
LBY,2006,1.28812E+11
LBY,2007,1.36836E+11
LBY,2008,1.36615E+11
LBY,2009,1.30603E+11
LBY,2010,1.37169E+11
LBY,2011,68120248022
LBY,2012,1.27267E+11
LBY,2013,1.04361E+11
LBY,2014,80313610359
LBY,2015,79636842700
LBY,2016,78449504268
LBY,2017,1.03939E+11
LBY,2018,1.12193E+11
LBY,2019,99632092392
LBY,2020,70285163941
LBY,2021,90199384483
LBY,2022,82756464976
LBY,2023,91161061089
LBY,2024,90608777729
LIE,1960,
LIE,1961,
LIE,1962,
LIE,1963,
LIE,1964,
LIE,1965,
LIE,1966,
LIE,1967,
LIE,1968,
LIE,1969,
LIE,1970,
LIE,1971,
LIE,1972,
LIE,1973,
LIE,1974,
LIE,1975,
LIE,1976,
LIE,1977,
LIE,1978,
LIE,1979,
LIE,1980,
LIE,1981,
LIE,1982,
LIE,1983,
LIE,1984,
LIE,1985,
LIE,1986,
LIE,1987,
LIE,1988,
LIE,1989,
LIE,1990,
LIE,1991,
LIE,1992,
LIE,1993,
LIE,1994,
LIE,1995,
LIE,1996,
LIE,1997,
LIE,1998,
LIE,1999,
LIE,2000,
LIE,2001,
LIE,2002,
LIE,2003,
LIE,2004,
LIE,2005,
LIE,2006,
LIE,2007,
LIE,2008,
LIE,2009,
LIE,2010,
LIE,2011,
LIE,2012,
LIE,2013,
LIE,2014,
LIE,2015,
LIE,2016,
LIE,2017,
LIE,2018,
LIE,2019,
LIE,2020,
LIE,2021,
LIE,2022,
LIE,2023,
LIE,2024,
LTU,1960,
LTU,1961,
LTU,1962,
LTU,1963,
LTU,1964,
LTU,1965,
LTU,1966,
LTU,1967,
LTU,1968,
LTU,1969,
LTU,1970,
LTU,1971,
LTU,1972,
LTU,1973,
LTU,1974,
LTU,1975,
LTU,1976,
LTU,1977,
LTU,1978,
LTU,1979,
LTU,1980,
LTU,1981,
LTU,1982,
LTU,1983,
LTU,1984,
LTU,1985,
LTU,1986,
LTU,1987,
LTU,1988,
LTU,1989,
LTU,1990,76124535263
LTU,1991,71803963183
LTU,1992,56539179787
LTU,1993,47364644893
LTU,1994,42738989025
LTU,1995,44145136034
LTU,1996,46364287199
LTU,1997,50212815305
LTU,1998,53960166152
LTU,1999,53368218715
LTU,2000,55192676416
LTU,2001,58771439458
LTU,2002,62720785832
LTU,2003,69339017900
LTU,2004,73847465363
LTU,2005,79556942830
LTU,2006,85440561600
LTU,2007,94905605717
LTU,2008,97372640442
LTU,2009,82923892338
LTU,2010,83278142847
LTU,2011,88544350008
LTU,2012,92425165498
LTU,2013,96165531708
LTU,2014,99793418508
LTU,2015,1.0262E+11
LTU,2016,1.05362E+11
LTU,2017,1.10222E+11
LTU,2018,1.15643E+11
LTU,2019,1.21052E+11
LTU,2020,1.21104E+11
LTU,2021,1.2883E+11
LTU,2022,1.32099E+11
LTU,2023,1.32552E+11
LTU,2024,1.36227E+11
LMY,1960,
LMY,1961,
LMY,1962,
LMY,1963,
LMY,1964,
LMY,1965,
LMY,1966,
LMY,1967,
LMY,1968,
LMY,1969,
LMY,1970,
LMY,1971,
LMY,1972,
LMY,1973,
LMY,1974,
LMY,1975,
LMY,1976,
LMY,1977,
LMY,1978,
LMY,1979,
LMY,1980,
LMY,1981,
LMY,1982,
LMY,1983,
LMY,1984,
LMY,1985,
LMY,1986,
LMY,1987,
LMY,1988,
LMY,1989,
LMY,1990,1.78439E+13
LMY,1991,1.81879E+13
LMY,1992,1.8808E+13
LMY,1993,1.95339E+13
LMY,1994,2.02897E+13
LMY,1995,2.11613E+13
LMY,1996,2.24061E+13
LMY,1997,2.35623E+13
LMY,1998,2.42475E+13
LMY,1999,2.51502E+13
LMY,2000,2.64958E+13
LMY,2001,2.74577E+13
LMY,2002,2.87183E+13
LMY,2003,3.03819E+13
LMY,2004,3.2682E+13
LMY,2005,3.49698E+13
LMY,2006,3.77004E+13
LMY,2007,4.08247E+13
LMY,2008,4.30455E+13
LMY,2009,4.45977E+13
LMY,2010,4.80569E+13
LMY,2011,5.09517E+13
LMY,2012,5.35685E+13
LMY,2013,5.6422E+13
LMY,2014,5.9242E+13
LMY,2015,6.2004E+13
LMY,2016,6.50234E+13
LMY,2017,6.84202E+13
LMY,2018,7.18102E+13
LMY,2019,7.46896E+13
LMY,2020,7.34472E+13
LMY,2021,7.86874E+13
LMY,2022,8.19668E+13
LMY,2023,8.60518E+13
LMY,2024,8.98565E+13
LIC,1960,
LIC,1961,
LIC,1962,
LIC,1963,
LIC,1964,
LIC,1965,
LIC,1966,
LIC,1967,
LIC,1968,
LIC,1969,
LIC,1970,
LIC,1971,
LIC,1972,
LIC,1973,
LIC,1974,
LIC,1975,
LIC,1976,
LIC,1977,
LIC,1978,
LIC,1979,
LIC,1980,
LIC,1981,
LIC,1982,
LIC,1983,
LIC,1984,
LIC,1985,
LIC,1986,
LIC,1987,
LIC,1988,
LIC,1989,
LIC,1990,4.98315E+11
LIC,1991,5.09056E+11
LIC,1992,5.13698E+11
LIC,1993,5.14202E+11
LIC,1994,5.19196E+11
LIC,1995,5.45052E+11
LIC,1996,5.76911E+11
LIC,1997,6.15452E+11
LIC,1998,6.45045E+11
LIC,1999,6.53614E+11
LIC,2000,6.6695E+11
LIC,2001,6.89415E+11
LIC,2002,7.29231E+11
LIC,2003,7.76711E+11
LIC,2004,8.23992E+11
LIC,2005,8.77574E+11
LIC,2006,9.29275E+11
LIC,2007,9.87261E+11
LIC,2008,1.03938E+12
LIC,2009,1.08E+12
LIC,2010,1.1488E+12
LIC,2011,1.18167E+12
LIC,2012,1.11679E+12
LIC,2013,1.10412E+12
LIC,2014,1.13559E+12
LIC,2015,1.16907E+12
LIC,2016,1.19757E+12
LIC,2017,1.23064E+12
LIC,2018,1.26837E+12
LIC,2019,1.31159E+12
LIC,2020,1.30202E+12
LIC,2021,1.31096E+12
LIC,2022,1.35547E+12
LIC,2023,1.34995E+12
LIC,2024,1.39168E+12
LMC,1960,
LMC,1961,
LMC,1962,
LMC,1963,
LMC,1964,
LMC,1965,
LMC,1966,
LMC,1967,
LMC,1968,
LMC,1969,
LMC,1970,
LMC,1971,
LMC,1972,
LMC,1973,
LMC,1974,
LMC,1975,
LMC,1976,
LMC,1977,
LMC,1978,
LMC,1979,
LMC,1980,
LMC,1981,
LMC,1982,
LMC,1983,
LMC,1984,
LMC,1985,
LMC,1986,
LMC,1987,
LMC,1988,
LMC,1989,
LMC,1990,4.96461E+12
LMC,1991,5.06189E+12
LMC,1992,5.26249E+12
LMC,1993,5.40367E+12
LMC,1994,5.63804E+12
LMC,1995,5.95061E+12
LMC,1996,6.33303E+12
LMC,1997,6.59197E+12
LMC,1998,6.90931E+12
LMC,1999,7.31677E+12
LMC,2000,7.63353E+12
LMC,2001,7.97091E+12
LMC,2002,8.31064E+12
LMC,2003,8.81996E+12
LMC,2004,9.44599E+12
LMC,2005,1.00943E+13
LMC,2006,1.08172E+13
LMC,2007,1.15744E+13
LMC,2008,1.20908E+13
LMC,2009,1.28276E+13
LMC,2010,1.37176E+13
LMC,2011,1.43749E+13
LMC,2012,1.51206E+13
LMC,2013,1.59805E+13
LMC,2014,1.69762E+13
LMC,2015,1.8037E+13
LMC,2016,1.91487E+13
LMC,2017,2.02465E+13
LMC,2018,2.14025E+13
LMC,2019,2.23051E+13
LMC,2020,2.1516E+13
LMC,2021,2.30059E+13
LMC,2022,2.44769E+13
LMC,2023,2.60405E+13
LMC,2024,2.7429E+13
LUX,1960,
LUX,1961,
LUX,1962,
LUX,1963,
LUX,1964,
LUX,1965,
LUX,1966,
LUX,1967,
LUX,1968,
LUX,1969,
LUX,1970,
LUX,1971,
LUX,1972,
LUX,1973,
LUX,1974,
LUX,1975,
LUX,1976,
LUX,1977,
LUX,1978,
LUX,1979,
LUX,1980,
LUX,1981,
LUX,1982,
LUX,1983,
LUX,1984,
LUX,1985,
LUX,1986,
LUX,1987,
LUX,1988,
LUX,1989,
LUX,1990,31101901073
LUX,1991,33790408718
LUX,1992,34405276895
LUX,1993,35850521112
LUX,1994,37220341448
LUX,1995,37753411251
LUX,1996,38281232444
LUX,1997,40356010486
LUX,1998,43049577614
LUX,1999,46568958870
LUX,2000,49799973664
LUX,2001,51331001899
LUX,2002,52986641183
LUX,2003,54374561930
LUX,2004,56675633192
LUX,2005,58082818311
LUX,2006,61577496185
LUX,2007,66564452690
LUX,2008,66364642428
LUX,2009,64215122127
LUX,2010,66629876919
LUX,2011,67325691759
LUX,2012,68436499780
LUX,2013,70607161768
LUX,2014,72459248902
LUX,2015,74103917509
LUX,2016,77792951405
LUX,2017,78817630155
LUX,2018,80087615173
LUX,2019,82289479426
LUX,2020,81869760592
LUX,2021,87543117439
LUX,2022,86584473457
LUX,2023,85983895212
LUX,2024,86870919446
MAC,1960,
MAC,1961,
MAC,1962,
MAC,1963,
MAC,1964,
MAC,1965,
MAC,1966,
MAC,1967,
MAC,1968,
MAC,1969,
MAC,1970,
MAC,1971,
MAC,1972,
MAC,1973,
MAC,1974,
MAC,1975,
MAC,1976,
MAC,1977,
MAC,1978,
MAC,1979,
MAC,1980,
MAC,1981,
MAC,1982,
MAC,1983,
MAC,1984,
MAC,1985,
MAC,1986,
MAC,1987,
MAC,1988,
MAC,1989,
MAC,1990,18503630764
MAC,1991,19180755195
MAC,1992,21731643041
MAC,1993,22858640455
MAC,1994,23830921688
MAC,1995,24616270280
MAC,1996,24513254768
MAC,1997,24444770673
MAC,1998,23327418907
MAC,1999,22777231193
MAC,2000,24086145512
MAC,2001,24781789585
MAC,2002,26990064045
MAC,2003,30131844236
MAC,2004,38156251018
MAC,2005,41237456545
MAC,2006,46759396629
MAC,2007,53528518889
MAC,2008,55343829684
MAC,2009,56049119404
MAC,2010,70130220947
MAC,2011,85289898756
MAC,2012,93172514524
MAC,2013,1.03191E+11
MAC,2014,1.01078E+11
MAC,2015,79331396682
MAC,2016,78792590832
MAC,2017,86561580877
MAC,2018,92106091775
MAC,2019,89745030264
MAC,2020,40981075244
MAC,2021,50626336573
MAC,2022,40698843608
MAC,2023,71248151453
MAC,2024,77523802405
MDG,1960,
MDG,1961,
MDG,1962,
MDG,1963,
MDG,1964,
MDG,1965,
MDG,1966,
MDG,1967,
MDG,1968,
MDG,1969,
MDG,1970,
MDG,1971,
MDG,1972,
MDG,1973,
MDG,1974,
MDG,1975,
MDG,1976,
MDG,1977,
MDG,1978,
MDG,1979,
MDG,1980,
MDG,1981,
MDG,1982,
MDG,1983,
MDG,1984,
MDG,1985,
MDG,1986,
MDG,1987,
MDG,1988,
MDG,1989,
MDG,1990,23728781480
MDG,1991,22232361092
MDG,1992,22494899697
MDG,1993,22967275311
MDG,1994,22957605789
MDG,1995,23342970397
MDG,1996,23845825709
MDG,1997,24726569521
MDG,1998,25695127696
MDG,1999,26902600084
MDG,2000,28101611021
MDG,2001,29782153615
MDG,2002,26086792600
MDG,2003,28639357115
MDG,2004,30144929155
MDG,2005,31578575290
MDG,2006,33283347345
MDG,2007,35184014263
MDG,2008,37545787853
MDG,2009,36051950358
MDG,2010,36275198363
MDG,2011,36847775908
MDG,2012,37957317018
MDG,2013,38830478116
MDG,2014,40127106649
MDG,2015,41384007238
MDG,2016,43036531094
MDG,2017,44729290240
MDG,2018,46158103238
MDG,2019,48194244318
MDG,2020,44754297418
MDG,2021,46835678114
MDG,2022,48782214694
MDG,2023,50832553694
MDG,2024,52967520949
MWI,1960,
MWI,1961,
MWI,1962,
MWI,1963,
MWI,1964,
MWI,1965,
MWI,1966,
MWI,1967,
MWI,1968,
MWI,1969,
MWI,1970,
MWI,1971,
MWI,1972,
MWI,1973,
MWI,1974,
MWI,1975,
MWI,1976,
MWI,1977,
MWI,1978,
MWI,1979,
MWI,1980,
MWI,1981,
MWI,1982,
MWI,1983,
MWI,1984,
MWI,1985,
MWI,1986,
MWI,1987,
MWI,1988,
MWI,1989,
MWI,1990,9998939789
MWI,1991,10871870407
MWI,1992,10074638505
MWI,1993,11051056409
MWI,1994,9919408152
MWI,1995,11578807819
MWI,1996,12425992341
MWI,1997,12897238047
MWI,1998,13399618164
MWI,1999,13807271818
MWI,2000,14024885140
MWI,2001,13327152207
MWI,2002,13553713798
MWI,2003,14327039834
MWI,2004,15103636677
MWI,2005,15597333179
MWI,2006,16330407802
MWI,2007,17898126931
MWI,2008,19265496649
MWI,2009,20869948373
MWI,2010,22304562368
MWI,2011,23404772824
MWI,2012,23849463508
MWI,2013,25139802957
MWI,2014,26553984751
MWI,2015,27297496324
MWI,2016,27979933731
MWI,2017,29099131081
MWI,2018,30365980584
MWI,2019,32101950612
MWI,2020,32356710546
MWI,2021,33831623933
MWI,2022,34143252120
MWI,2023,34789398822
MWI,2024,35424948954
MYS,1960,
MYS,1961,
MYS,1962,
MYS,1963,
MYS,1964,
MYS,1965,
MYS,1966,
MYS,1967,
MYS,1968,
MYS,1969,
MYS,1970,
MYS,1971,
MYS,1972,
MYS,1973,
MYS,1974,
MYS,1975,
MYS,1976,
MYS,1977,
MYS,1978,
MYS,1979,
MYS,1980,
MYS,1981,
MYS,1982,
MYS,1983,
MYS,1984,
MYS,1985,
MYS,1986,
MYS,1987,
MYS,1988,
MYS,1989,
MYS,1990,2.14242E+11
MYS,1991,2.34693E+11
MYS,1992,2.55545E+11
MYS,1993,2.80832E+11
MYS,1994,3.06702E+11
MYS,1995,3.36848E+11
MYS,1996,3.70542E+11
MYS,1997,3.97676E+11
MYS,1998,3.68409E+11
MYS,1999,3.9102E+11
MYS,2000,4.2566E+11
MYS,2001,4.27864E+11
MYS,2002,4.5093E+11
MYS,2003,4.77032E+11
MYS,2004,5.09391E+11
MYS,2005,5.36553E+11
MYS,2006,5.66518E+11
MYS,2007,6.02202E+11
MYS,2008,6.31299E+11
MYS,2009,6.21744E+11
MYS,2010,6.67908E+11
MYS,2011,7.03266E+11
MYS,2012,7.41759E+11
MYS,2013,7.76576E+11
MYS,2014,8.23222E+11
MYS,2015,8.65137E+11
MYS,2016,9.03634E+11
MYS,2017,9.56159E+11
MYS,2018,1.00247E+12
MYS,2019,1.04671E+12
MYS,2020,9.8959E+11
MYS,2021,1.0224E+12
MYS,2022,1.113E+12
MYS,2023,1.15257E+12
MYS,2024,1.21152E+12
MDV,1960,
MDV,1961,
MDV,1962,
MDV,1963,
MDV,1964,
MDV,1965,
MDV,1966,
MDV,1967,
MDV,1968,
MDV,1969,
MDV,1970,
MDV,1971,
MDV,1972,
MDV,1973,
MDV,1974,
MDV,1975,
MDV,1976,
MDV,1977,
MDV,1978,
MDV,1979,
MDV,1980,
MDV,1981,
MDV,1982,
MDV,1983,
MDV,1984,
MDV,1985,
MDV,1986,
MDV,1987,
MDV,1988,
MDV,1989,
MDV,1990,2010676976
MDV,1991,2039684934
MDV,1992,2175748753
MDV,1993,2296650084
MDV,1994,2474628666
MDV,1995,2795978614
MDV,1996,3015704708
MDV,1997,3268961801
MDV,1998,3513960131
MDV,1999,3730970215
MDV,2000,3874456249
MDV,2001,3721661864
MDV,2002,3992166629
MDV,2003,4541091523
MDV,2004,4810146318
MDV,2005,4272501363
MDV,2006,5282105061
MDV,2007,5658897699
MDV,2008,6166866082
MDV,2009,5652506359
MDV,2010,6036055364
MDV,2011,6569849450
MDV,2012,6726822083
MDV,2013,7196015385
MDV,2014,7761671586
MDV,2015,8061903547
MDV,2016,8575872716
MDV,2017,9182566718
MDV,2018,9969416783
MDV,2019,10659605470
MDV,2020,7151654162
MDV,2021,9834087309
MDV,2022,11193757025
MDV,2023,11722817856
MDV,2024,12324662897
MLI,1960,
MLI,1961,
MLI,1962,
MLI,1963,
MLI,1964,
MLI,1965,
MLI,1966,
MLI,1967,
MLI,1968,
MLI,1969,
MLI,1970,
MLI,1971,
MLI,1972,
MLI,1973,
MLI,1974,
MLI,1975,
MLI,1976,
MLI,1977,
MLI,1978,
MLI,1979,
MLI,1980,
MLI,1981,
MLI,1982,
MLI,1983,
MLI,1984,
MLI,1985,
MLI,1986,
MLI,1987,
MLI,1988,
MLI,1989,
MLI,1990,14832247220
MLI,1991,16574324883
MLI,1992,16040853305
MLI,1993,16549696149
MLI,1994,17175263749
MLI,1995,17333451775
MLI,1996,18556462935
MLI,1997,19452559047
MLI,1998,20925442166
MLI,1999,22118389833
MLI,2000,22104934117
MLI,2001,25503841718
MLI,2002,26296069658
MLI,2003,28694019293
MLI,2004,29141645610
MLI,2005,31328634211
MLI,2006,33413323337
MLI,2007,34708099026
MLI,2008,36977090310
MLI,2009,38690427431
MLI,2010,41368471214
MLI,2011,43031126024
MLI,2012,42785595330
MLI,2013,43804802101
MLI,2014,47135077376
MLI,2015,49951264433
MLI,2016,52950869375
MLI,2017,55797268614
MLI,2018,58513395954
MLI,2019,61439065235
MLI,2020,60720796477
MLI,2021,62603712699
MLI,2022,64800027977
MLI,2023,67856749650
MLI,2024,71252671858
MLT,1960,
MLT,1961,
MLT,1962,
MLT,1963,
MLT,1964,
MLT,1965,
MLT,1966,
MLT,1967,
MLT,1968,
MLT,1969,
MLT,1970,
MLT,1971,
MLT,1972,
MLT,1973,
MLT,1974,
MLT,1975,
MLT,1976,
MLT,1977,
MLT,1978,
MLT,1979,
MLT,1980,
MLT,1981,
MLT,1982,
MLT,1983,
MLT,1984,
MLT,1985,
MLT,1986,
MLT,1987,
MLT,1988,
MLT,1989,
MLT,1990,6442917832
MLT,1991,6846018540
MLT,1992,7167160626
MLT,1993,7488303113
MLT,1994,7911474917
MLT,1995,8413259627
MLT,1996,8731056683
MLT,1997,9190046667
MLT,1998,9661091788
MLT,1999,10117092997
MLT,2000,12108265311
MLT,2001,12016645382
MLT,2002,12346036068
MLT,2003,12802130902
MLT,2004,12854256026
MLT,2005,13224544887
MLT,2006,13533486486
MLT,2007,14215122721
MLT,2008,14842027576
MLT,2009,14634930450
MLT,2010,15541907605
MLT,2011,15696077683
MLT,2012,16340023444
MLT,2013,17368091271
MLT,2014,18693472786
MLT,2015,20491990041
MLT,2016,21327595873
MLT,2017,24094237062
MLT,2018,25826395024
MLT,2019,26881327339
MLT,2020,25978560290
MLT,2021,29433654077
MLT,2022,30690270525
MLT,2023,32776077404
MLT,2024,34732573880
MHL,1960,
MHL,1961,
MHL,1962,
MHL,1963,
MHL,1964,
MHL,1965,
MHL,1966,
MHL,1967,
MHL,1968,
MHL,1969,
MHL,1970,
MHL,1971,
MHL,1972,
MHL,1973,
MHL,1974,
MHL,1975,
MHL,1976,
MHL,1977,
MHL,1978,
MHL,1979,
MHL,1980,
MHL,1981,
MHL,1982,
MHL,1983,
MHL,1984,
MHL,1985,
MHL,1986,
MHL,1987,
MHL,1988,
MHL,1989,
MHL,1990,174302390.9
MHL,1991,174455427.2
MHL,1992,186913081.9
MHL,1993,198139548.5
MHL,1994,209785591.7
MHL,1995,227015899.8
MHL,1996,203626549
MHL,1997,190501442.3
MHL,1998,189217279.8
MHL,1999,186691755.9
MHL,2000,191273974.5
MHL,2001,204529346
MHL,2002,211965603.8
MHL,2003,208655389.7
MHL,2004,207803334
MHL,2005,211525184.8
MHL,2006,211897369.8
MHL,2007,219713256.4
MHL,2008,203088989.7
MHL,2009,210532691.2
MHL,2010,222194490.3
MHL,2011,221077935
MHL,2012,218224516.1
MHL,2013,226536649.5
MHL,2014,223683230.6
MHL,2015,227901328.1
MHL,2016,233608165.9
MHL,2017,241920299.3
MHL,2018,255194900.3
MHL,2019,281868164.1
MHL,2020,274052277.5
MHL,2021,277401943.2
MHL,2022,274300400.9
MHL,2023,263507033.7
MHL,2024,270808729.3
MRT,1960,
MRT,1961,
MRT,1962,
MRT,1963,
MRT,1964,
MRT,1965,
MRT,1966,
MRT,1967,
MRT,1968,
MRT,1969,
MRT,1970,
MRT,1971,
MRT,1972,
MRT,1973,
MRT,1974,
MRT,1975,
MRT,1976,
MRT,1977,
MRT,1978,
MRT,1979,
MRT,1980,
MRT,1981,
MRT,1982,
MRT,1983,
MRT,1984,
MRT,1985,
MRT,1986,
MRT,1987,
MRT,1988,
MRT,1989,
MRT,1990,10773605994
MRT,1991,10966247471
MRT,1992,11171768737
MRT,1993,11827957926
MRT,1994,11465935813
MRT,1995,12591867823
MRT,1996,13324566781
MRT,1997,12785628489
MRT,1998,13140788290
MRT,1999,13623472876
MRT,2000,13089701687
MRT,2001,12985050329
MRT,2002,13164436717
MRT,2003,14076504381
MRT,2004,14742711251
MRT,2005,16005614255
MRT,2006,18939955319
MRT,2007,18566947530
MRT,2008,18505476224
MRT,2009,18523588628
MRT,2010,19008949158
MRT,2011,19802151410
MRT,2012,20687310190
MRT,2013,21546001790
MRT,2014,22467055292
MRT,2015,23674960402
MRT,2016,23973480164
MRT,2017,25476748186
MRT,2018,26692542851
MRT,2019,27530956928
MRT,2020,27431664499
MRT,2021,27635403695
MRT,2022,29513507140
MRT,2023,31434006298
MRT,2024,33068574626
MUS,1960,
MUS,1961,
MUS,1962,
MUS,1963,
MUS,1964,
MUS,1965,
MUS,1966,
MUS,1967,
MUS,1968,
MUS,1969,
MUS,1970,
MUS,1971,
MUS,1972,
MUS,1973,
MUS,1974,
MUS,1975,
MUS,1976,
MUS,1977,
MUS,1978,
MUS,1979,
MUS,1980,
MUS,1981,
MUS,1982,
MUS,1983,
MUS,1984,
MUS,1985,
MUS,1986,
MUS,1987,
MUS,1988,
MUS,1989,
MUS,1990,9477452905
MUS,1991,9897820236
MUS,1992,10542435434
MUS,1993,11078208640
MUS,1994,11536419176
MUS,1995,12031070440
MUS,1996,12703347879
MUS,1997,13425847921
MUS,1998,14241057375
MUS,1999,14612881748
MUS,2000,15811546006
MUS,2001,16340843948
MUS,2002,16604735286
MUS,2003,17588639824
MUS,2004,18350231421
MUS,2005,18676414679
MUS,2006,19585123966
MUS,2007,20706767181
MUS,2008,21822232972
MUS,2009,22545656798
MUS,2010,23532526014
MUS,2011,24492073720
MUS,2012,25348345607
MUS,2013,26200152959
MUS,2014,27202824906
MUS,2015,28206760639
MUS,2016,29296237816
MUS,2017,30449918917
MUS,2018,31669968173
MUS,2019,32585637210
MUS,2020,27845555062
MUS,2021,28793361693
MUS,2022,31296387845
MUS,2023,32863652680
MUS,2024,34406240719
MEX,1960,
MEX,1961,
MEX,1962,
MEX,1963,
MEX,1964,
MEX,1965,
MEX,1966,
MEX,1967,
MEX,1968,
MEX,1969,
MEX,1970,
MEX,1971,
MEX,1972,
MEX,1973,
MEX,1974,
MEX,1975,
MEX,1976,
MEX,1977,
MEX,1978,
MEX,1979,
MEX,1980,
MEX,1981,
MEX,1982,
MEX,1983,
MEX,1984,
MEX,1985,
MEX,1986,
MEX,1987,
MEX,1988,
MEX,1989,
MEX,1990,1.42199E+12
MEX,1991,1.47853E+12
MEX,1992,1.53129E+12
MEX,1993,1.57519E+12
MEX,1994,1.64441E+12
MEX,1995,1.54722E+12
MEX,1996,1.64343E+12
MEX,1997,1.76174E+12
MEX,1998,1.8707E+12
MEX,1999,1.92224E+12
MEX,2000,2.01891E+12
MEX,2001,2.00981E+12
MEX,2002,2.00506E+12
MEX,2003,2.02883E+12
MEX,2004,2.10116E+12
MEX,2005,2.14557E+12
MEX,2006,2.24866E+12
MEX,2007,2.29539E+12
MEX,2008,2.31704E+12
MEX,2009,2.17118E+12
MEX,2010,2.27911E+12
MEX,2011,2.35761E+12
MEX,2012,2.44138E+12
MEX,2013,2.46218E+12
MEX,2014,2.52383E+12
MEX,2015,2.59203E+12
MEX,2016,2.63797E+12
MEX,2017,2.68735E+12
MEX,2018,2.74034E+12
MEX,2019,2.72958E+12
MEX,2020,2.50155E+12
MEX,2021,2.65286E+12
MEX,2022,2.75131E+12
MEX,2023,2.84197E+12
MEX,2024,2.8833E+12
FSM,1960,
FSM,1961,
FSM,1962,
FSM,1963,
FSM,1964,
FSM,1965,
FSM,1966,
FSM,1967,
FSM,1968,
FSM,1969,
FSM,1970,
FSM,1971,
FSM,1972,
FSM,1973,
FSM,1974,
FSM,1975,
FSM,1976,
FSM,1977,
FSM,1978,
FSM,1979,
FSM,1980,
FSM,1981,
FSM,1982,
FSM,1983,
FSM,1984,
FSM,1985,
FSM,1986,
FSM,1987,
FSM,1988,
FSM,1989,
FSM,1990,316480756.2
FSM,1991,339986861.9
FSM,1992,353613589.8
FSM,1993,382400052.6
FSM,1994,380356043.4
FSM,1995,407035984.3
FSM,1996,394082587.1
FSM,1997,370197488
FSM,1998,380750026.2
FSM,1999,385983200.7
FSM,2000,404641257.2
FSM,2001,413412271
FSM,2002,415673626.5
FSM,2003,422208494.2
FSM,2004,409203826.4
FSM,2005,417559225
FSM,2006,417220771.1
FSM,2007,409559824.7
FSM,2008,399695606.7
FSM,2009,404064676.3
FSM,2010,413194073
FSM,2011,426369074.9
FSM,2012,418409532.8
FSM,2013,403013033.6
FSM,2014,393720456.8
FSM,2015,411917759.6
FSM,2016,413911860.9
FSM,2017,417318542.9
FSM,2018,417318542.9
FSM,2019,434351952.8
FSM,2020,427085443.7
FSM,2021,440323830.7
FSM,2022,427528611.1
FSM,2023,429589930.7
FSM,2024,432679041.1
MEA,1960,
MEA,1961,
MEA,1962,
MEA,1963,
MEA,1964,
MEA,1965,
MEA,1966,
MEA,1967,
MEA,1968,
MEA,1969,
MEA,1970,
MEA,1971,
MEA,1972,
MEA,1973,
MEA,1974,
MEA,1975,
MEA,1976,
MEA,1977,
MEA,1978,
MEA,1979,
MEA,1980,
MEA,1981,
MEA,1982,
MEA,1983,
MEA,1984,
MEA,1985,
MEA,1986,
MEA,1987,
MEA,1988,
MEA,1989,
MEA,1990,3.48586E+12
MEA,1991,3.53888E+12
MEA,1992,3.75379E+12
MEA,1993,3.83945E+12
MEA,1994,3.94105E+12
MEA,1995,4.06228E+12
MEA,1996,4.27478E+12
MEA,1997,4.44129E+12
MEA,1998,4.64591E+12
MEA,1999,4.78624E+12
MEA,2000,5.07583E+12
MEA,2001,5.18653E+12
MEA,2002,5.3074E+12
MEA,2003,5.53479E+12
MEA,2004,5.97638E+12
MEA,2005,6.2876E+12
MEA,2006,6.65037E+12
MEA,2007,7.00187E+12
MEA,2008,7.31257E+12
MEA,2009,7.43885E+12
MEA,2010,7.79118E+12
MEA,2011,8.11474E+12
MEA,2012,8.36519E+12
MEA,2013,8.53697E+12
MEA,2014,8.80733E+12
MEA,2015,9.08444E+12
MEA,2016,9.51699E+12
MEA,2017,9.74089E+12
MEA,2018,1.00114E+13
MEA,2019,1.01869E+13
MEA,2020,9.92108E+12
MEA,2021,1.03832E+13
MEA,2022,1.10364E+13
MEA,2023,1.12818E+13
MEA,2024,1.15255E+13
MNA,1960,
MNA,1961,
MNA,1962,
MNA,1963,
MNA,1964,
MNA,1965,
MNA,1966,
MNA,1967,
MNA,1968,
MNA,1969,
MNA,1970,
MNA,1971,
MNA,1972,
MNA,1973,
MNA,1974,
MNA,1975,
MNA,1976,
MNA,1977,
MNA,1978,
MNA,1979,
MNA,1980,
MNA,1981,
MNA,1982,
MNA,1983,
MNA,1984,
MNA,1985,
MNA,1986,
MNA,1987,
MNA,1988,
MNA,1989,
MNA,1990,2.29393E+12
MNA,1991,2.29908E+12
MNA,1992,2.41986E+12
MNA,1993,2.46254E+12
MNA,1994,2.51937E+12
MNA,1995,2.60161E+12
MNA,1996,2.75885E+12
MNA,1997,2.85578E+12
MNA,1998,3.01859E+12
MNA,1999,3.14925E+12
MNA,2000,3.33138E+12
MNA,2001,3.4268E+12
MNA,2002,3.53839E+12
MNA,2003,3.62931E+12
MNA,2004,3.90975E+12
MNA,2005,4.10006E+12
MNA,2006,4.32754E+12
MNA,2007,4.58301E+12
MNA,2008,4.75371E+12
MNA,2009,4.90488E+12
MNA,2010,5.13631E+12
MNA,2011,5.20721E+12
MNA,2012,5.31625E+12
MNA,2013,5.37463E+12
MNA,2014,5.52493E+12
MNA,2015,5.65295E+12
MNA,2016,5.98213E+12
MNA,2017,6.1745E+12
MNA,2018,6.34935E+12
MNA,2019,6.46553E+12
MNA,2020,6.34529E+12
MNA,2021,6.6064E+12
MNA,2022,6.90477E+12
MNA,2023,7.09891E+12
MNA,2024,7.26305E+12
TMN,1960,
TMN,1961,
TMN,1962,
TMN,1963,
TMN,1964,
TMN,1965,
TMN,1966,
TMN,1967,
TMN,1968,
TMN,1969,
TMN,1970,
TMN,1971,
TMN,1972,
TMN,1973,
TMN,1974,
TMN,1975,
TMN,1976,
TMN,1977,
TMN,1978,
TMN,1979,
TMN,1980,
TMN,1981,
TMN,1982,
TMN,1983,
TMN,1984,
TMN,1985,
TMN,1986,
TMN,1987,
TMN,1988,
TMN,1989,
TMN,1990,2.28562E+12
TMN,1991,2.29075E+12
TMN,1992,2.4111E+12
TMN,1993,2.45362E+12
TMN,1994,2.51024E+12
TMN,1995,2.59182E+12
TMN,1996,2.74897E+12
TMN,1997,2.84438E+12
TMN,1998,3.0055E+12
TMN,1999,3.13505E+12
TMN,2000,3.31849E+12
TMN,2001,3.41519E+12
TMN,2002,3.52832E+12
TMN,2003,3.61776E+12
TMN,2004,3.89557E+12
TMN,2005,4.08424E+12
TMN,2006,4.31192E+12
TMN,2007,4.56682E+12
TMN,2008,4.73628E+12
TMN,2009,4.88591E+12
TMN,2010,5.11624E+12
TMN,2011,5.18514E+12
TMN,2012,5.2928E+12
TMN,2013,5.35003E+12
TMN,2014,5.50041E+12
TMN,2015,5.6275E+12
TMN,2016,5.95439E+12
TMN,2017,6.14639E+12
TMN,2018,6.32091E+12
TMN,2019,6.43671E+12
TMN,2020,6.31984E+12
TMN,2021,6.57912E+12
TMN,2022,6.87639E+12
TMN,2023,7.07191E+12
TMN,2024,7.24387E+12
MIC,1960,
MIC,1961,
MIC,1962,
MIC,1963,
MIC,1964,
MIC,1965,
MIC,1966,
MIC,1967,
MIC,1968,
MIC,1969,
MIC,1970,
MIC,1971,
MIC,1972,
MIC,1973,
MIC,1974,
MIC,1975,
MIC,1976,
MIC,1977,
MIC,1978,
MIC,1979,
MIC,1980,
MIC,1981,
MIC,1982,
MIC,1983,
MIC,1984,
MIC,1985,
MIC,1986,
MIC,1987,
MIC,1988,
MIC,1989,
MIC,1990,1.73974E+13
MIC,1991,1.77319E+13
MIC,1992,1.83463E+13
MIC,1993,1.90691E+13
MIC,1994,1.98184E+13
MIC,1995,2.0667E+13
MIC,1996,2.18829E+13
MIC,1997,2.30055E+13
MIC,1998,2.36655E+13
MIC,1999,2.45584E+13
MIC,2000,2.58889E+13
MIC,2001,2.68302E+13
MIC,2002,2.80552E+13
MIC,2003,2.96762E+13
MIC,2004,3.19323E+13
MIC,2005,3.41709E+13
MIC,2006,3.68529E+13
MIC,2007,3.99224E+13
MIC,2008,4.20954E+13
MIC,2009,4.36108E+13
MIC,2010,4.70057E+13
MIC,2011,4.98668E+13
MIC,2012,5.25301E+13
MIC,2013,5.53871E+13
MIC,2014,5.81747E+13
MIC,2015,6.09029E+13
MIC,2016,6.38918E+13
MIC,2017,6.72535E+13
MIC,2018,7.06046E+13
MIC,2019,7.3442E+13
MIC,2020,7.22103E+13
MIC,2021,7.74307E+13
MIC,2022,8.06659E+13
MIC,2023,8.47456E+13
MIC,2024,8.85049E+13
MDA,1960,
MDA,1961,
MDA,1962,
MDA,1963,
MDA,1964,
MDA,1965,
MDA,1966,
MDA,1967,
MDA,1968,
MDA,1969,
MDA,1970,
MDA,1971,
MDA,1972,
MDA,1973,
MDA,1974,
MDA,1975,
MDA,1976,
MDA,1977,
MDA,1978,
MDA,1979,
MDA,1980,
MDA,1981,
MDA,1982,
MDA,1983,
MDA,1984,
MDA,1985,
MDA,1986,
MDA,1987,
MDA,1988,
MDA,1989,
MDA,1990,47357419840
MDA,1991,39780232537
MDA,1992,28204184901
MDA,1993,27865734702
MDA,1994,19255222616
MDA,1995,18985649681
MDA,1996,17869851604
MDA,1997,18164179596
MDA,1998,16975844078
MDA,1999,16404054450
MDA,2000,16749805344
MDA,2001,17771543536
MDA,2002,19157723871
MDA,2003,20422133639
MDA,2004,21933371474
MDA,2005,23578374367
MDA,2006,24710136298
MDA,2007,25451440443
MDA,2008,27436652834
MDA,2009,25790453592
MDA,2010,27621575825
MDA,2011,29228644999
MDA,2012,29056273754
MDA,2013,31684084103
MDA,2014,33268169764
MDA,2015,33155644963
MDA,2016,34696060990
MDA,2017,36144833894
MDA,2018,37617951105
MDA,2019,38954258881
MDA,2020,35730412861
MDA,2021,40707659297
MDA,2022,38835106970
MDA,2023,39301128253
MDA,2024,39341631765
MCO,1960,
MCO,1961,
MCO,1962,
MCO,1963,
MCO,1964,
MCO,1965,
MCO,1966,
MCO,1967,
MCO,1968,
MCO,1969,
MCO,1970,
MCO,1971,
MCO,1972,
MCO,1973,
MCO,1974,
MCO,1975,
MCO,1976,
MCO,1977,
MCO,1978,
MCO,1979,
MCO,1980,
MCO,1981,
MCO,1982,
MCO,1983,
MCO,1984,
MCO,1985,
MCO,1986,
MCO,1987,
MCO,1988,
MCO,1989,
MCO,1990,
MCO,1991,
MCO,1992,
MCO,1993,
MCO,1994,
MCO,1995,
MCO,1996,
MCO,1997,
MCO,1998,
MCO,1999,
MCO,2000,
MCO,2001,
MCO,2002,
MCO,2003,
MCO,2004,
MCO,2005,
MCO,2006,
MCO,2007,
MCO,2008,
MCO,2009,
MCO,2010,
MCO,2011,
MCO,2012,
MCO,2013,
MCO,2014,
MCO,2015,
MCO,2016,
MCO,2017,
MCO,2018,
MCO,2019,
MCO,2020,
MCO,2021,
MCO,2022,
MCO,2023,
MCO,2024,
MNG,1960,
MNG,1961,
MNG,1962,
MNG,1963,
MNG,1964,
MNG,1965,
MNG,1966,
MNG,1967,
MNG,1968,
MNG,1969,
MNG,1970,
MNG,1971,
MNG,1972,
MNG,1973,
MNG,1974,
MNG,1975,
MNG,1976,
MNG,1977,
MNG,1978,
MNG,1979,
MNG,1980,
MNG,1981,
MNG,1982,
MNG,1983,
MNG,1984,
MNG,1985,
MNG,1986,
MNG,1987,
MNG,1988,
MNG,1989,
MNG,1990,13930857675
MNG,1991,12719772331
MNG,1992,11542370968
MNG,1993,11176617292
MNG,1994,11415169077
MNG,1995,12143048987
MNG,1996,12414457528
MNG,1997,12898213380
MNG,1998,13329005530
MNG,1999,13738255185
MNG,2000,13895704126
MNG,2001,14306004047
MNG,2002,14983104138
MNG,2003,16032615830
MNG,2004,17736146348
MNG,2005,19022667066
MNG,2006,20650291129
MNG,2007,22766536342
MNG,2008,24792841843
MNG,2009,24478320115
MNG,2010,26036404767
MNG,2011,30538301607
MNG,2012,34300565350
MNG,2013,38296209460
MNG,2014,41315951926
MNG,2015,42299203745
MNG,2016,42929370720
MNG,2017,45349246281
MNG,2018,48861491268
MNG,2019,51598831338
MNG,2020,49247084584
MNG,2021,50053145882
MNG,2022,52572175378
MNG,2023,56474141516
MNG,2024,59221044569
MNE,1960,
MNE,1961,
MNE,1962,
MNE,1963,
MNE,1964,
MNE,1965,
MNE,1966,
MNE,1967,
MNE,1968,
MNE,1969,
MNE,1970,
MNE,1971,
MNE,1972,
MNE,1973,
MNE,1974,
MNE,1975,
MNE,1976,
MNE,1977,
MNE,1978,
MNE,1979,
MNE,1980,
MNE,1981,
MNE,1982,
MNE,1983,
MNE,1984,
MNE,1985,
MNE,1986,
MNE,1987,
MNE,1988,
MNE,1989,
MNE,1990,
MNE,1991,
MNE,1992,
MNE,1993,
MNE,1994,
MNE,1995,
MNE,1996,
MNE,1997,8910500863
MNE,1998,9347115926
MNE,1999,8468487205
MNE,2000,8731010313
MNE,2001,8827037344
MNE,2002,8995098551
MNE,2003,9218416195
MNE,2004,9626427971
MNE,2005,10028870853
MNE,2006,10887985854
MNE,2007,11629474036
MNE,2008,12469442173
MNE,2009,11746825905
MNE,2010,12068023017
MNE,2011,12457633229
MNE,2012,12118313365
MNE,2013,12548389872
MNE,2014,12772215324
MNE,2015,13205242136
MNE,2016,13594701744
MNE,2017,14235891131
MNE,2018,14958773854
MNE,2019,15566540607
MNE,2020,13183786774
MNE,2021,14903409289
MNE,2022,15858223081
MNE,2023,16863269295
MNE,2024,17375965936
MAR,1960,
MAR,1961,
MAR,1962,
MAR,1963,
MAR,1964,
MAR,1965,
MAR,1966,
MAR,1967,
MAR,1968,
MAR,1969,
MAR,1970,
MAR,1971,
MAR,1972,
MAR,1973,
MAR,1974,
MAR,1975,
MAR,1976,
MAR,1977,
MAR,1978,
MAR,1979,
MAR,1980,
MAR,1981,
MAR,1982,
MAR,1983,
MAR,1984,
MAR,1985,
MAR,1986,
MAR,1987,
MAR,1988,
MAR,1989,
MAR,1990,1.08501E+11
MAR,1991,1.1633E+11
MAR,1992,1.1389E+11
MAR,1993,1.13046E+11
MAR,1994,1.25016E+11
MAR,1995,1.18258E+11
MAR,1996,1.3289E+11
MAR,1997,1.30816E+11
MAR,1998,1.40285E+11
MAR,1999,1.42666E+11
MAR,2000,1.4635E+11
MAR,2001,1.57651E+11
MAR,2002,1.63531E+11
MAR,2003,1.73623E+11
MAR,2004,1.8156E+11
MAR,2005,1.87356E+11
MAR,2006,2.01952E+11
MAR,2007,2.08902E+11
MAR,2008,2.20777E+11
MAR,2009,2.29047E+11
MAR,2010,2.37062E+11
MAR,2011,2.50159E+11
MAR,2012,2.5782E+11
MAR,2013,2.68448E+11
MAR,2014,2.75747E+11
MAR,2015,2.87727E+11
MAR,2016,2.89227E+11
MAR,2017,3.03856E+11
MAR,2018,3.13171E+11
MAR,2019,3.22225E+11
MAR,2020,2.99095E+11
MAR,2021,3.23485E+11
MAR,2022,3.28425E+11
MAR,2023,3.39603E+11
MAR,2024,3.50594E+11
MOZ,1960,
MOZ,1961,
MOZ,1962,
MOZ,1963,
MOZ,1964,
MOZ,1965,
MOZ,1966,
MOZ,1967,
MOZ,1968,
MOZ,1969,
MOZ,1970,
MOZ,1971,
MOZ,1972,
MOZ,1973,
MOZ,1974,
MOZ,1975,
MOZ,1976,
MOZ,1977,
MOZ,1978,
MOZ,1979,
MOZ,1980,
MOZ,1981,
MOZ,1982,
MOZ,1983,
MOZ,1984,
MOZ,1985,
MOZ,1986,
MOZ,1987,
MOZ,1988,
MOZ,1989,
MOZ,1990,7170866774
MOZ,1991,7524064321
MOZ,1992,6953992509
MOZ,1993,7714789541
MOZ,1994,8211636159
MOZ,1995,8385960474
MOZ,1996,9282915342
MOZ,1997,10379686771
MOZ,1998,11455980625
MOZ,1999,12809732312
MOZ,2000,12907884959
MOZ,2001,14566765289
MOZ,2002,15975153770
MOZ,2003,17128192582
MOZ,2004,18533510246
MOZ,2005,19703349821
MOZ,2006,21656085291
MOZ,2007,23312635904
MOZ,2008,24916085862
MOZ,2009,26393353585
MOZ,2010,28156358172
MOZ,2011,30165049214
MOZ,2012,32576595027
MOZ,2013,34717337920
MOZ,2014,37391464636
MOZ,2015,40155850652
MOZ,2016,42041967039
MOZ,2017,43151121313
MOZ,2018,44654908559
MOZ,2019,45689926258
MOZ,2020,45132727327
MOZ,2021,46205728911
MOZ,2022,48222355191
MOZ,2023,50844136708
MOZ,2024,51785655733
MMR,1960,
MMR,1961,
MMR,1962,
MMR,1963,
MMR,1964,
MMR,1965,
MMR,1966,
MMR,1967,
MMR,1968,
MMR,1969,
MMR,1970,
MMR,1971,
MMR,1972,
MMR,1973,
MMR,1974,
MMR,1975,
MMR,1976,
MMR,1977,
MMR,1978,
MMR,1979,
MMR,1980,
MMR,1981,
MMR,1982,
MMR,1983,
MMR,1984,
MMR,1985,
MMR,1986,
MMR,1987,
MMR,1988,
MMR,1989,
MMR,1990,30871439712
MMR,1991,30670584905
MMR,1992,33633652463
MMR,1993,35664926710
MMR,1994,38331935078
MMR,1995,40995257644
MMR,1996,43636465399
MMR,1997,46102616444
MMR,1998,48807094193
MMR,1999,54149094093
MMR,2000,61592390964
MMR,2001,68579429990
MMR,2002,76826458557
MMR,2003,87462311090
MMR,2004,99326277632
MMR,2005,1.12804E+11
MMR,2006,1.27554E+11
MMR,2007,1.4285E+11
MMR,2008,1.57499E+11
MMR,2009,1.74116E+11
MMR,2010,1.90891E+11
MMR,2011,2.01564E+11
MMR,2012,2.16344E+11
MMR,2013,2.34574E+11
MMR,2014,2.53738E+11
MMR,2015,2.71481E+11
MMR,2016,2.87397E+11
MMR,2017,3.05032E+11
MMR,2018,3.24154E+11
MMR,2019,3.4548E+11
MMR,2020,3.1422E+11
MMR,2021,2.76462E+11
MMR,2022,2.87624E+11
MMR,2023,2.90381E+11
MMR,2024,2.87559E+11
NAM,1960,
NAM,1961,
NAM,1962,
NAM,1963,
NAM,1964,
NAM,1965,
NAM,1966,
NAM,1967,
NAM,1968,
NAM,1969,
NAM,1970,
NAM,1971,
NAM,1972,
NAM,1973,
NAM,1974,
NAM,1975,
NAM,1976,
NAM,1977,
NAM,1978,
NAM,1979,
NAM,1980,
NAM,1981,
NAM,1982,
NAM,1983,
NAM,1984,
NAM,1985,
NAM,1986,
NAM,1987,
NAM,1988,
NAM,1989,
NAM,1990,9970961728
NAM,1991,10785151826
NAM,1992,11560533332
NAM,1993,11377930181
NAM,1994,11574754662
NAM,1995,12026055992
NAM,1996,12409846439
NAM,1997,12933554407
NAM,1998,13359273424
NAM,1999,13809384541
NAM,2000,14291633570
NAM,2001,14459981682
NAM,2002,15152421217
NAM,2003,15794852707
NAM,2004,17732809758
NAM,2005,18181319093
NAM,2006,19467315668
NAM,2007,20513497807
NAM,2008,21057066941
NAM,2009,21119389735
NAM,2010,22394842369
NAM,2011,23535039520
NAM,2012,24726308396
NAM,2013,26114621285
NAM,2014,27705659590
NAM,2015,28887077272
NAM,2016,28896839501
NAM,2017,28599997270
NAM,2018,28903139937
NAM,2019,28660598613
NAM,2020,26338688300
NAM,2021,27287889638
NAM,2022,28761087693
NAM,2023,30038887033
NAM,2024,31153793835
NRU,1960,
NRU,1961,
NRU,1962,
NRU,1963,
NRU,1964,
NRU,1965,
NRU,1966,
NRU,1967,
NRU,1968,
NRU,1969,
NRU,1970,
NRU,1971,
NRU,1972,
NRU,1973,
NRU,1974,
NRU,1975,
NRU,1976,
NRU,1977,
NRU,1978,
NRU,1979,
NRU,1980,
NRU,1981,
NRU,1982,
NRU,1983,
NRU,1984,
NRU,1985,
NRU,1986,
NRU,1987,
NRU,1988,
NRU,1989,
NRU,1990,293916424.8
NRU,1991,238090603.3
NRU,1992,199376363.5
NRU,1993,167242131.3
NRU,1994,160776333.7
NRU,1995,148037234.9
NRU,1996,130480757.6
NRU,1997,118798016.2
NRU,1998,104794135.2
NRU,1999,97911036.34
NRU,2000,91198066.27
NRU,2001,85032083.96
NRU,2002,76553208.73
NRU,2003,76771122.69
NRU,2004,73458581.94
NRU,2005,73197327.32
NRU,2006,79293757.63
NRU,2007,61702195.67
NRU,2008,74277663.15
NRU,2009,70079539.54
NRU,2010,69967428.46
NRU,2011,80038983.3
NRU,2012,100272294.4
NRU,2013,103929967.4
NRU,2014,120998734.8
NRU,2015,124263301.6
NRU,2016,129685208.3
NRU,2017,121889532.2
NRU,2018,120403550.1
NRU,2019,130621882.2
NRU,2020,133210572.1
NRU,2021,142810518.1
NRU,2022,147025596.8
NRU,2023,147975985.4
NRU,2024,150580735.1
NPL,1960,
NPL,1961,
NPL,1962,
NPL,1963,
NPL,1964,
NPL,1965,
NPL,1966,
NPL,1967,
NPL,1968,
NPL,1969,
NPL,1970,
NPL,1971,
NPL,1972,
NPL,1973,
NPL,1974,
NPL,1975,
NPL,1976,
NPL,1977,
NPL,1978,
NPL,1979,
NPL,1980,
NPL,1981,
NPL,1982,
NPL,1983,
NPL,1984,
NPL,1985,
NPL,1986,
NPL,1987,
NPL,1988,
NPL,1989,
NPL,1990,35305600052
NPL,1991,37553913762
NPL,1992,39096030161
NPL,1993,40601168689
NPL,1994,43936961802
NPL,1995,45460894185
NPL,1996,47883179816
NPL,1997,50300616039
NPL,1998,51817878527
NPL,1999,54104380389
NPL,2000,57458851964
NPL,2001,60216814884
NPL,2002,60289161279
NPL,2003,62667591457
NPL,2004,65602066132
NPL,2005,67884480784
NPL,2006,70168532059
NPL,2007,72562373827
NPL,2008,76992044904
NPL,2009,80482154911
NPL,2010,84358509208
NPL,2011,87245096016
NPL,2012,91319565822
NPL,2013,94538720393
NPL,2014,1.00222E+11
NPL,2015,1.04207E+11
NPL,2016,1.04658E+11
NPL,2017,1.14054E+11
NPL,2018,1.22747E+11
NPL,2019,1.30918E+11
NPL,2020,1.27816E+11
NPL,2021,1.34E+11
NPL,2022,1.41546E+11
NPL,2023,1.44352E+11
NPL,2024,1.49643E+11
NLD,1960,
NLD,1961,
NLD,1962,
NLD,1963,
NLD,1964,
NLD,1965,
NLD,1966,
NLD,1967,
NLD,1968,
NLD,1969,
NLD,1970,
NLD,1971,
NLD,1972,
NLD,1973,
NLD,1974,
NLD,1975,
NLD,1976,
NLD,1977,
NLD,1978,
NLD,1979,
NLD,1980,
NLD,1981,
NLD,1982,
NLD,1983,
NLD,1984,
NLD,1985,
NLD,1986,
NLD,1987,
NLD,1988,
NLD,1989,
NLD,1990,6.44833E+11
NLD,1991,6.60562E+11
NLD,1992,6.71831E+11
NLD,1993,6.8028E+11
NLD,1994,7.00424E+11
NLD,1995,7.22249E+11
NLD,1996,7.46954E+11
NLD,1997,7.78689E+11
NLD,1998,8.1488E+11
NLD,1999,8.55977E+11
NLD,2000,8.92097E+11
NLD,2001,9.12826E+11
NLD,2002,9.1507E+11
NLD,2003,9.15965E+11
NLD,2004,9.34434E+11
NLD,2005,9.5344E+11
NLD,2006,9.87166E+11
NLD,2007,1.02552E+12
NLD,2008,1.04723E+12
NLD,2009,1.00885E+12
NLD,2010,1.02216E+12
NLD,2011,1.04028E+12
NLD,2012,1.03011E+12
NLD,2013,1.0298E+12
NLD,2014,1.0464E+12
NLD,2015,1.06859E+12
NLD,2016,1.0945E+12
NLD,2017,1.12494E+12
NLD,2018,1.15035E+12
NLD,2019,1.17681E+12
NLD,2020,1.13129E+12
NLD,2021,1.2023E+12
NLD,2022,1.26251E+12
NLD,2023,1.26345E+12
NLD,2024,1.27582E+12
NCL,1960,
NCL,1961,
NCL,1962,
NCL,1963,
NCL,1964,
NCL,1965,
NCL,1966,
NCL,1967,
NCL,1968,
NCL,1969,
NCL,1970,
NCL,1971,
NCL,1972,
NCL,1973,
NCL,1974,
NCL,1975,
NCL,1976,
NCL,1977,
NCL,1978,
NCL,1979,
NCL,1980,
NCL,1981,
NCL,1982,
NCL,1983,
NCL,1984,
NCL,1985,
NCL,1986,
NCL,1987,
NCL,1988,
NCL,1989,
NCL,1990,
NCL,1991,
NCL,1992,
NCL,1993,
NCL,1994,
NCL,1995,
NCL,1996,
NCL,1997,
NCL,1998,
NCL,1999,
NCL,2000,
NCL,2001,
NCL,2002,
NCL,2003,
NCL,2004,
NCL,2005,
NCL,2006,
NCL,2007,
NCL,2008,
NCL,2009,
NCL,2010,
NCL,2011,
NCL,2012,
NCL,2013,
NCL,2014,
NCL,2015,
NCL,2016,
NCL,2017,
NCL,2018,
NCL,2019,
NCL,2020,
NCL,2021,
NCL,2022,
NCL,2023,
NCL,2024,
NZL,1960,
NZL,1961,
NZL,1962,
NZL,1963,
NZL,1964,
NZL,1965,
NZL,1966,
NZL,1967,
NZL,1968,
NZL,1969,
NZL,1970,
NZL,1971,
NZL,1972,
NZL,1973,
NZL,1974,
NZL,1975,
NZL,1976,
NZL,1977,
NZL,1978,
NZL,1979,
NZL,1980,
NZL,1981,
NZL,1982,
NZL,1983,
NZL,1984,
NZL,1985,
NZL,1986,
NZL,1987,
NZL,1988,
NZL,1989,
NZL,1990,1.0221E+11
NZL,1991,1.01095E+11
NZL,1992,1.02201E+11
NZL,1993,1.08733E+11
NZL,1994,1.14299E+11
NZL,1995,1.19696E+11
NZL,1996,1.2402E+11
NZL,1997,1.26598E+11
NZL,1998,1.27685E+11
NZL,1999,1.34552E+11
NZL,2000,1.38413E+11
NZL,2001,1.43135E+11
NZL,2002,1.49881E+11
NZL,2003,1.56968E+11
NZL,2004,1.63385E+11
NZL,2005,1.68863E+11
NZL,2006,1.73557E+11
NZL,2007,1.78861E+11
NZL,2008,1.77042E+11
NZL,2009,1.76976E+11
NZL,2010,1.79557E+11
NZL,2011,1.83316E+11
NZL,2012,1.87654E+11
NZL,2013,1.92514E+11
NZL,2014,1.9988E+11
NZL,2015,2.07256E+11
NZL,2016,2.15089E+11
NZL,2017,2.22356E+11
NZL,2018,2.30073E+11
NZL,2019,2.35405E+11
NZL,2020,2.34682E+11
NZL,2021,2.45325E+11
NZL,2022,2.53903E+11
NZL,2023,2.57443E+11
NZL,2024,2.57117E+11
NIC,1960,
NIC,1961,
NIC,1962,
NIC,1963,
NIC,1964,
NIC,1965,
NIC,1966,
NIC,1967,
NIC,1968,
NIC,1969,
NIC,1970,
NIC,1971,
NIC,1972,
NIC,1973,
NIC,1974,
NIC,1975,
NIC,1976,
NIC,1977,
NIC,1978,
NIC,1979,
NIC,1980,
NIC,1981,
NIC,1982,
NIC,1983,
NIC,1984,
NIC,1985,
NIC,1986,
NIC,1987,
NIC,1988,
NIC,1989,
NIC,1990,17556045823
NIC,1991,17522815477
NIC,1992,17590514275
NIC,1993,17521394804
NIC,1994,18106210973
NIC,1995,19176633497
NIC,1996,20393250588
NIC,1997,21202179652
NIC,1998,21989137024
NIC,1999,23536286210
NIC,2000,24501648231
NIC,2001,25227103688
NIC,2002,25417300630
NIC,2003,26058002888
NIC,2004,27442248448
NIC,2005,28617434839
NIC,2006,29805901340
NIC,2007,31318953814
NIC,2008,32394984415
NIC,2009,31328326050
NIC,2010,32709936280
NIC,2011,34776120094
NIC,2012,37035224314
NIC,2013,38859984679
NIC,2014,40719613755
NIC,2015,42671006646
NIC,2016,44618147574
NIC,2017,46684506605
NIC,2018,45114340143
NIC,2019,43807436417
NIC,2020,42827664806
NIC,2021,47305035692
NIC,2022,48984506117
NIC,2023,51153414573
NIC,2024,52988712245
NER,1960,
NER,1961,
NER,1962,
NER,1963,
NER,1964,
NER,1965,
NER,1966,
NER,1967,
NER,1968,
NER,1969,
NER,1970,
NER,1971,
NER,1972,
NER,1973,
NER,1974,
NER,1975,
NER,1976,
NER,1977,
NER,1978,
NER,1979,
NER,1980,
NER,1981,
NER,1982,
NER,1983,
NER,1984,
NER,1985,
NER,1986,
NER,1987,
NER,1988,
NER,1989,
NER,1990,11698663467
NER,1991,11647249116
NER,1992,11880281728
NER,1993,11918495304
NER,1994,12139557027
NER,1995,12437855579
NER,1996,12450359418
NER,1997,12640535634
NER,1998,13901127581
NER,1999,13870605915
NER,2000,13702982730
NER,2001,14698934001
NER,2002,15421896744
NER,2003,15756646037
NER,2004,15813968964
NER,2005,16973428427
NER,2006,17980130949
NER,2007,18545196855
NER,2008,19979002843
NER,2009,20371110934
NER,2010,22118578797
NER,2011,22640081123
NER,2012,25028370733
NER,2013,26358661333
NER,2014,28109439639
NER,2015,29344188611
NER,2016,31028807125
NER,2017,32581910869
NER,2018,34931528663
NER,2019,37006409967
NER,2020,38320374766
NER,2021,38850574078
NER,2022,43473792393
NER,2023,44198776164
NER,2024,47921019367
NGA,1960,
NGA,1961,
NGA,1962,
NGA,1963,
NGA,1964,
NGA,1965,
NGA,1966,
NGA,1967,
NGA,1968,
NGA,1969,
NGA,1970,
NGA,1971,
NGA,1972,
NGA,1973,
NGA,1974,
NGA,1975,
NGA,1976,
NGA,1977,
NGA,1978,
NGA,1979,
NGA,1980,
NGA,1981,
NGA,1982,
NGA,1983,
NGA,1984,
NGA,1985,
NGA,1986,
NGA,1987,
NGA,1988,
NGA,1989,
NGA,1990,3.54557E+11
NGA,1991,3.55827E+11
NGA,1992,3.72306E+11
NGA,1993,3.64729E+11
NGA,1994,3.5811E+11
NGA,1995,3.5785E+11
NGA,1996,3.72865E+11
NGA,1997,3.83816E+11
NGA,1998,3.93723E+11
NGA,1999,3.96023E+11
NGA,2000,4.15888E+11
NGA,2001,4.40499E+11
NGA,2002,5.08023E+11
NGA,2003,5.45349E+11
NGA,2004,5.95796E+11
NGA,2005,6.34157E+11
NGA,2006,6.72583E+11
NGA,2007,7.16914E+11
NGA,2008,7.65409E+11
NGA,2009,8.26925E+11
NGA,2010,8.93126E+11
NGA,2011,9.40532E+11
NGA,2012,9.80317E+11
NGA,2013,1.04572E+12
NGA,2014,1.1117E+12
NGA,2015,1.14119E+12
NGA,2016,1.12274E+12
NGA,2017,1.13179E+12
NGA,2018,1.15355E+12
NGA,2019,1.17902E+12
NGA,2020,1.15787E+12
NGA,2021,1.2001E+12
NGA,2022,1.23912E+12
NGA,2023,1.27456E+12
NGA,2024,1.31823E+12
NAC,1960,
NAC,1961,
NAC,1962,
NAC,1963,
NAC,1964,
NAC,1965,
NAC,1966,
NAC,1967,
NAC,1968,
NAC,1969,
NAC,1970,
NAC,1971,
NAC,1972,
NAC,1973,
NAC,1974,
NAC,1975,
NAC,1976,
NAC,1977,
NAC,1978,
NAC,1979,
NAC,1980,
NAC,1981,
NAC,1982,
NAC,1983,
NAC,1984,
NAC,1985,
NAC,1986,
NAC,1987,
NAC,1988,
NAC,1989,
NAC,1990,1.22033E+13
NAC,1991,1.21677E+13
NAC,1992,1.25673E+13
NAC,1993,1.29121E+13
NAC,1994,1.34374E+13
NAC,1995,1.37982E+13
NAC,1996,1.42933E+13
NAC,1997,1.49269E+13
NAC,1998,1.55884E+13
NAC,1999,1.63395E+13
NAC,2000,1.7021E+13
NAC,2001,1.71977E+13
NAC,2002,1.75096E+13
NAC,2003,1.79837E+13
NAC,2004,1.86636E+13
NAC,2005,1.93092E+13
NAC,2006,1.98446E+13
NAC,2007,2.02431E+13
NAC,2008,2.02815E+13
NAC,2009,1.97527E+13
NAC,2010,2.02916E+13
NAC,2011,2.06368E+13
NAC,2012,2.10989E+13
NAC,2013,2.15495E+13
NAC,2014,2.20996E+13
NAC,2015,2.27052E+13
NAC,2016,2.31026E+13
NAC,2017,2.3682E+13
NAC,2018,2.43797E+13
NAC,2019,2.49951E+13
NAC,2020,2.43919E+13
NAC,2021,2.58666E+13
NAC,2022,2.65533E+13
NAC,2023,2.72893E+13
NAC,2024,2.80231E+13
MKD,1960,
MKD,1961,
MKD,1962,
MKD,1963,
MKD,1964,
MKD,1965,
MKD,1966,
MKD,1967,
MKD,1968,
MKD,1969,
MKD,1970,
MKD,1971,
MKD,1972,
MKD,1973,
MKD,1974,
MKD,1975,
MKD,1976,
MKD,1977,
MKD,1978,
MKD,1979,
MKD,1980,
MKD,1981,
MKD,1982,
MKD,1983,
MKD,1984,
MKD,1985,
MKD,1986,
MKD,1987,
MKD,1988,
MKD,1989,
MKD,1990,26630912159
MKD,1991,24987580447
MKD,1992,23347096147
MKD,1993,21603238190
MKD,1994,21223417362
MKD,1995,20986834051
MKD,1996,21235549838
MKD,1997,21541337792
MKD,1998,22269162651
MKD,1999,23235427835
MKD,2000,24292438997
MKD,2001,23547327552
MKD,2002,23899045853
MKD,2003,24430226443
MKD,2004,25572117111
MKD,2005,26780166591
MKD,2006,28155870487
MKD,2007,29978537063
MKD,2008,31618963028
MKD,2009,31505572728
MKD,2010,32563766423
MKD,2011,33325721449
MKD,2012,33173695099
MKD,2013,34144111157
MKD,2014,35383243123
MKD,2015,36747573260
MKD,2016,37794219551
MKD,2017,38203067114
MKD,2018,39303543409
MKD,2019,40840476849
MKD,2020,38925691509
MKD,2021,40681504692
MKD,2022,41803860278
MKD,2023,42670262877
MKD,2024,43846361645
MNP,1960,
MNP,1961,
MNP,1962,
MNP,1963,
MNP,1964,
MNP,1965,
MNP,1966,
MNP,1967,
MNP,1968,
MNP,1969,
MNP,1970,
MNP,1971,
MNP,1972,
MNP,1973,
MNP,1974,
MNP,1975,
MNP,1976,
MNP,1977,
MNP,1978,
MNP,1979,
MNP,1980,
MNP,1981,
MNP,1982,
MNP,1983,
MNP,1984,
MNP,1985,
MNP,1986,
MNP,1987,
MNP,1988,
MNP,1989,
MNP,1990,
MNP,1991,
MNP,1992,
MNP,1993,
MNP,1994,
MNP,1995,
MNP,1996,
MNP,1997,
MNP,1998,
MNP,1999,
MNP,2000,
MNP,2001,
MNP,2002,
MNP,2003,
MNP,2004,
MNP,2005,
MNP,2006,
MNP,2007,
MNP,2008,
MNP,2009,
MNP,2010,
MNP,2011,
MNP,2012,
MNP,2013,
MNP,2014,
MNP,2015,
MNP,2016,
MNP,2017,
MNP,2018,
MNP,2019,
MNP,2020,
MNP,2021,
MNP,2022,
MNP,2023,
MNP,2024,
NOR,1960,
NOR,1961,
NOR,1962,
NOR,1963,
NOR,1964,
NOR,1965,
NOR,1966,
NOR,1967,
NOR,1968,
NOR,1969,
NOR,1970,
NOR,1971,
NOR,1972,
NOR,1973,
NOR,1974,
NOR,1975,
NOR,1976,
NOR,1977,
NOR,1978,
NOR,1979,
NOR,1980,
NOR,1981,
NOR,1982,
NOR,1983,
NOR,1984,
NOR,1985,
NOR,1986,
NOR,1987,
NOR,1988,
NOR,1989,
NOR,1990,2.42217E+11
NOR,1991,2.49688E+11
NOR,1992,2.58613E+11
NOR,1993,2.65971E+11
NOR,1994,2.79417E+11
NOR,1995,2.91029E+11
NOR,1996,3.05661E+11
NOR,1997,3.21814E+11
NOR,1998,3.30402E+11
NOR,1999,3.37248E+11
NOR,2000,3.48442E+11
NOR,2001,3.55644E+11
NOR,2002,3.60544E+11
NOR,2003,3.6395E+11
NOR,2004,3.78561E+11
NOR,2005,3.88726E+11
NOR,2006,3.98295E+11
NOR,2007,4.09901E+11
NOR,2008,4.11877E+11
NOR,2009,4.03885E+11
NOR,2010,4.07063E+11
NOR,2011,4.11564E+11
NOR,2012,4.2275E+11
NOR,2013,4.27046E+11
NOR,2014,4.35793E+11
NOR,2015,4.43887E+11
NOR,2016,4.49057E+11
NOR,2017,4.60121E+11
NOR,2018,4.63935E+11
NOR,2019,4.69148E+11
NOR,2020,4.63152E+11
NOR,2021,4.81255E+11
NOR,2022,4.96877E+11
NOR,2023,4.97236E+11
NOR,2024,5.0768E+11
INX,1960,
INX,1961,
INX,1962,
INX,1963,
INX,1964,
INX,1965,
INX,1966,
INX,1967,
INX,1968,
INX,1969,
INX,1970,
INX,1971,
INX,1972,
INX,1973,
INX,1974,
INX,1975,
INX,1976,
INX,1977,
INX,1978,
INX,1979,
INX,1980,
INX,1981,
INX,1982,
INX,1983,
INX,1984,
INX,1985,
INX,1986,
INX,1987,
INX,1988,
INX,1989,
INX,1990,
INX,1991,
INX,1992,
INX,1993,
INX,1994,
INX,1995,
INX,1996,
INX,1997,
INX,1998,
INX,1999,
INX,2000,
INX,2001,
INX,2002,
INX,2003,
INX,2004,
INX,2005,
INX,2006,
INX,2007,
INX,2008,
INX,2009,
INX,2010,
INX,2011,
INX,2012,
INX,2013,
INX,2014,
INX,2015,
INX,2016,
INX,2017,
INX,2018,
INX,2019,
INX,2020,
INX,2021,
INX,2022,
INX,2023,
INX,2024,
OED,1960,
OED,1961,
OED,1962,
OED,1963,
OED,1964,
OED,1965,
OED,1966,
OED,1967,
OED,1968,
OED,1969,
OED,1970,
OED,1971,
OED,1972,
OED,1973,
OED,1974,
OED,1975,
OED,1976,
OED,1977,
OED,1978,
OED,1979,
OED,1980,
OED,1981,
OED,1982,
OED,1983,
OED,1984,
OED,1985,
OED,1986,
OED,1987,
OED,1988,
OED,1989,
OED,1990,3.66462E+13
OED,1991,3.70874E+13
OED,1992,3.7849E+13
OED,1993,3.83661E+13
OED,1994,3.9577E+13
OED,1995,4.0632E+13
OED,1996,4.19179E+13
OED,1997,4.34657E+13
OED,1998,4.4762E+13
OED,1999,4.62289E+13
OED,2000,4.81501E+13
OED,2001,4.88219E+13
OED,2002,4.95868E+13
OED,2003,5.05943E+13
OED,2004,5.22776E+13
OED,2005,5.37765E+13
OED,2006,5.55109E+13
OED,2007,5.7025E+13
OED,2008,5.72901E+13
OED,2009,5.52975E+13
OED,2010,5.69756E+13
OED,2011,5.81646E+13
OED,2012,5.89232E+13
OED,2013,5.98671E+13
OED,2014,6.11914E+13
OED,2015,6.27655E+13
OED,2016,6.39466E+13
OED,2017,6.56534E+13
OED,2018,6.72036E+13
OED,2019,6.84263E+13
OED,2020,6.56428E+13
OED,2021,6.96611E+13
OED,2022,7.1886E+13
OED,2023,7.3179E+13
OED,2024,7.44715E+13
OMN,1960,
OMN,1961,
OMN,1962,
OMN,1963,
OMN,1964,
OMN,1965,
OMN,1966,
OMN,1967,
OMN,1968,
OMN,1969,
OMN,1970,
OMN,1971,
OMN,1972,
OMN,1973,
OMN,1974,
OMN,1975,
OMN,1976,
OMN,1977,
OMN,1978,
OMN,1979,
OMN,1980,
OMN,1981,
OMN,1982,
OMN,1983,
OMN,1984,
OMN,1985,
OMN,1986,
OMN,1987,
OMN,1988,
OMN,1989,
OMN,1990,62093919316
OMN,1991,65865552351
OMN,1992,71407403693
OMN,1993,75722525017
OMN,1994,78657359080
OMN,1995,82587725352
OMN,1996,85103297840
OMN,1997,90238015959
OMN,1998,90176767724
OMN,1999,90445129903
OMN,2000,96045863748
OMN,2001,1.00477E+11
OMN,2002,99688716081
OMN,2003,97500882043
OMN,2004,99443601850
OMN,2005,1.02208E+11
OMN,2006,1.0698E+11
OMN,2007,1.12309E+11
OMN,2008,1.22361E+11
OMN,2009,1.2968E+11
OMN,2010,1.32886E+11
OMN,2011,1.36732E+11
OMN,2012,1.48851E+11
OMN,2013,1.56633E+11
OMN,2014,1.58657E+11
OMN,2015,1.66617E+11
OMN,2016,1.75025E+11
OMN,2017,1.75557E+11
OMN,2018,1.77816E+11
OMN,2019,1.7581E+11
OMN,2020,1.69868E+11
OMN,2021,1.74254E+11
OMN,2022,1.88169E+11
OMN,2023,1.90403E+11
OMN,2024,1.93591E+11
OSS,1960,
OSS,1961,
OSS,1962,
OSS,1963,
OSS,1964,
OSS,1965,
OSS,1966,
OSS,1967,
OSS,1968,
OSS,1969,
OSS,1970,
OSS,1971,
OSS,1972,
OSS,1973,
OSS,1974,
OSS,1975,
OSS,1976,
OSS,1977,
OSS,1978,
OSS,1979,
OSS,1980,
OSS,1981,
OSS,1982,
OSS,1983,
OSS,1984,
OSS,1985,
OSS,1986,
OSS,1987,
OSS,1988,
OSS,1989,
OSS,1990,1.28273E+11
OSS,1991,1.27871E+11
OSS,1992,1.23551E+11
OSS,1993,1.23959E+11
OSS,1994,1.27149E+11
OSS,1995,1.32665E+11
OSS,1996,1.3683E+11
OSS,1997,1.45918E+11
OSS,1998,1.49663E+11
OSS,1999,1.52527E+11
OSS,2000,1.63888E+11
OSS,2001,1.6901E+11
OSS,2002,1.75256E+11
OSS,2003,1.82999E+11
OSS,2004,1.90398E+11
OSS,2005,1.98334E+11
OSS,2006,2.10788E+11
OSS,2007,2.21305E+11
OSS,2008,2.2315E+11
OSS,2009,2.13339E+11
OSS,2010,2.19791E+11
OSS,2011,2.28148E+11
OSS,2012,2.31663E+11
OSS,2013,2.34018E+11
OSS,2014,2.38923E+11
OSS,2015,2.46707E+11
OSS,2016,2.55966E+11
OSS,2017,2.68292E+11
OSS,2018,2.79208E+11
OSS,2019,2.92042E+11
OSS,2020,2.75683E+11
OSS,2021,2.95674E+11
OSS,2022,3.06829E+11
OSS,2023,3.13958E+11
OSS,2024,3.23357E+11
PSS,1960,
PSS,1961,
PSS,1962,
PSS,1963,
PSS,1964,
PSS,1965,
PSS,1966,
PSS,1967,
PSS,1968,
PSS,1969,
PSS,1970,
PSS,1971,
PSS,1972,
PSS,1973,
PSS,1974,
PSS,1975,
PSS,1976,
PSS,1977,
PSS,1978,
PSS,1979,
PSS,1980,
PSS,1981,
PSS,1982,
PSS,1983,
PSS,1984,
PSS,1985,
PSS,1986,
PSS,1987,
PSS,1988,
PSS,1989,
PSS,1990,9894545025
PSS,1991,9772057007
PSS,1992,10269465128
PSS,1993,10469249784
PSS,1994,10964423238
PSS,1995,11388855038
PSS,1996,11787411376
PSS,1997,11604444952
PSS,1998,11766382208
PSS,1999,12414445018
PSS,2000,12229733243
PSS,2001,12386692920
PSS,2002,12689767946
PSS,2003,12894029893
PSS,2004,13449743460
PSS,2005,13709398458
PSS,2006,14004910323
PSS,2007,13978373100
PSS,2008,14217878363
PSS,2009,14095388911
PSS,2010,14593792805
PSS,2011,15110567824
PSS,2012,15275044290
PSS,2013,15829495722
PSS,2014,16480781899
PSS,2015,17166104027
PSS,2016,17747041126
PSS,2017,18502228504
PSS,2018,19060599619
PSS,2019,19187688477
PSS,2020,16882232728
PSS,2021,16326860656
PSS,2022,18276579432
PSS,2023,19343182321
PSS,2024,20125090328
PAK,1960,
PAK,1961,
PAK,1962,
PAK,1963,
PAK,1964,
PAK,1965,
PAK,1966,
PAK,1967,
PAK,1968,
PAK,1969,
PAK,1970,
PAK,1971,
PAK,1972,
PAK,1973,
PAK,1974,
PAK,1975,
PAK,1976,
PAK,1977,
PAK,1978,
PAK,1979,
PAK,1980,
PAK,1981,
PAK,1982,
PAK,1983,
PAK,1984,
PAK,1985,
PAK,1986,
PAK,1987,
PAK,1988,
PAK,1989,
PAK,1990,3.71666E+11
PAK,1991,3.90479E+11
PAK,1992,4.20568E+11
PAK,1993,4.27961E+11
PAK,1994,4.43956E+11
PAK,1995,4.65987E+11
PAK,1996,4.88572E+11
PAK,1997,4.93528E+11
PAK,1998,5.06114E+11
PAK,1999,5.24639E+11
PAK,2000,5.46989E+11
PAK,2001,5.66961E+11
PAK,2002,5.81673E+11
PAK,2003,6.13091E+11
PAK,2004,6.61103E+11
PAK,2005,7.09209E+11
PAK,2006,7.52128E+11
PAK,2007,7.85558E+11
PAK,2008,8.02216E+11
PAK,2009,8.30073E+11
PAK,2010,8.42538E+11
PAK,2011,8.65119E+11
PAK,2012,8.91312E+11
PAK,2013,9.30234E+11
PAK,2014,9.68526E+11
PAK,2015,1.00938E+12
PAK,2016,1.07573E+12
PAK,2017,1.12342E+12
PAK,2018,1.19253E+12
PAK,2019,1.22231E+12
PAK,2020,1.20674E+12
PAK,2021,1.28534E+12
PAK,2022,1.34676E+12
PAK,2023,1.34622E+12
PAK,2024,1.38977E+12
PLW,1960,
PLW,1961,
PLW,1962,
PLW,1963,
PLW,1964,
PLW,1965,
PLW,1966,
PLW,1967,
PLW,1968,
PLW,1969,
PLW,1970,
PLW,1971,
PLW,1972,
PLW,1973,
PLW,1974,
PLW,1975,
PLW,1976,
PLW,1977,
PLW,1978,
PLW,1979,
PLW,1980,
PLW,1981,
PLW,1982,
PLW,1983,
PLW,1984,
PLW,1985,
PLW,1986,
PLW,1987,
PLW,1988,
PLW,1989,
PLW,1990,272252343
PLW,1991,285606932.8
PLW,1992,267327975.9
PLW,1993,234446530.4
PLW,1994,251561199.2
PLW,1995,278981341.2
PLW,1996,307995521.7
PLW,1997,315079391.6
PLW,1998,321380933.1
PLW,1999,304026335.7
PLW,2000,296109786.4
PLW,2001,315358211.2
PLW,2002,331177045.6
PLW,2003,320502291.9
PLW,2004,333126953.8
PLW,2005,344499792.8
PLW,2006,344073578
PLW,2007,350108735.3
PLW,2008,330873843.1
PLW,2009,306850496.2
PLW,2010,304101435.3
PLW,2011,319666198.9
PLW,2012,323672934.7
PLW,2013,313845490.1
PLW,2014,328815918.2
PLW,2015,355778757.2
PLW,2016,354213368.8
PLW,2017,342665947.6
PLW,2018,343042908.7
PLW,2019,343729046.3
PLW,2020,323107249.2
PLW,2021,278538180.3
PLW,2022,274865857.3
PLW,2023,280025177.3
PLW,2024,
PAN,1960,
PAN,1961,
PAN,1962,
PAN,1963,
PAN,1964,
PAN,1965,
PAN,1966,
PAN,1967,
PAN,1968,
PAN,1969,
PAN,1970,
PAN,1971,
PAN,1972,
PAN,1973,
PAN,1974,
PAN,1975,
PAN,1976,
PAN,1977,
PAN,1978,
PAN,1979,
PAN,1980,
PAN,1981,
PAN,1982,
PAN,1983,
PAN,1984,
PAN,1985,
PAN,1986,
PAN,1987,
PAN,1988,
PAN,1989,
PAN,1990,27836330177
PAN,1991,30458235723
PAN,1992,32956322800
PAN,1993,34754335522
PAN,1994,35744885208
PAN,1995,36371020782
PAN,1996,34274225647
PAN,1997,36916439412
PAN,1998,40012795477
PAN,1999,42098120671
PAN,2000,43870032876
PAN,2001,44286757894
PAN,2002,45397843441
PAN,2003,47711708103
PAN,2004,51612451960
PAN,2005,55883993113
PAN,2006,61392611712
PAN,2007,69467622068
PAN,2008,76551536001
PAN,2009,77785442697
PAN,2010,82509658742
PAN,2011,92335632700
PAN,2012,1.01225E+11
PAN,2013,1.07627E+11
PAN,2014,1.12606E+11
PAN,2015,1.18536E+11
PAN,2016,1.23956E+11
PAN,2017,1.31076E+11
PAN,2018,1.36212E+11
PAN,2019,1.40438E+11
PAN,2020,1.15411E+11
PAN,2021,1.34415E+11
PAN,2022,1.48891E+11
PAN,2023,1.59908E+11
PAN,2024,1.64484E+11
PNG,1960,
PNG,1961,
PNG,1962,
PNG,1963,
PNG,1964,
PNG,1965,
PNG,1966,
PNG,1967,
PNG,1968,
PNG,1969,
PNG,1970,
PNG,1971,
PNG,1972,
PNG,1973,
PNG,1974,
PNG,1975,
PNG,1976,
PNG,1977,
PNG,1978,
PNG,1979,
PNG,1980,
PNG,1981,
PNG,1982,
PNG,1983,
PNG,1984,
PNG,1985,
PNG,1986,
PNG,1987,
PNG,1988,
PNG,1989,
PNG,1990,12329045967
PNG,1991,13506087374
PNG,1992,15376556931
PNG,1993,18175441793
PNG,1994,19255446366
PNG,1995,18617619568
PNG,1996,20057449631
PNG,1997,19274328642
PNG,1998,18547857373
PNG,1999,18892022882
PNG,2000,18420696762
PNG,2001,18398354555
PNG,2002,18369119472
PNG,2003,18766646046
PNG,2004,19277319466
PNG,2005,20500426045
PNG,2006,21609487633
PNG,2007,23298309983
PNG,2008,23229240315
PNG,2009,24808926563
PNG,2010,27321687296
PNG,2011,27624286902
PNG,2012,28910782981
PNG,2013,30016604913
PNG,2014,34081985031
PNG,2015,36324019448
PNG,2016,38318053068
PNG,2017,39672447117
PNG,2018,39561660902
PNG,2019,41334226882
PNG,2020,40024993335
PNG,2021,39820324163
PNG,2022,42093102631
PNG,2023,43697222882
PNG,2024,45486636832
PRY,1960,
PRY,1961,
PRY,1962,
PRY,1963,
PRY,1964,
PRY,1965,
PRY,1966,
PRY,1967,
PRY,1968,
PRY,1969,
PRY,1970,
PRY,1971,
PRY,1972,
PRY,1973,
PRY,1974,
PRY,1975,
PRY,1976,
PRY,1977,
PRY,1978,
PRY,1979,
PRY,1980,
PRY,1981,
PRY,1982,
PRY,1983,
PRY,1984,
PRY,1985,
PRY,1986,
PRY,1987,
PRY,1988,
PRY,1989,
PRY,1990,40206049896
PRY,1991,41610708621
PRY,1992,42316604337
PRY,1993,44405504020
PRY,1994,46766952160
PRY,1995,49957772591
PRY,1996,50744000588
PRY,1997,52896822984
PRY,1998,52932812795
PRY,1999,52209708378
PRY,2000,51001502336
PRY,2001,50576121900
PRY,2002,50565296388
PRY,2003,52750094148
PRY,2004,54890386155
PRY,2005,56061467420
PRY,2006,58756407858
PRY,2007,61941958706
PRY,2008,65965889288
PRY,2009,65793627727
PRY,2010,73093582884
PRY,2011,76226645174
PRY,2012,75686927664
PRY,2013,81963702467
PRY,2014,86308793894
PRY,2015,88861075890
PRY,2016,92653689565
PRY,2017,97110405095
PRY,2018,1.00222E+11
PRY,2019,99819318099
PRY,2020,99001013912
PRY,2021,1.02978E+11
PRY,2022,1.03159E+11
PRY,2023,1.08316E+11
PRY,2024,1.12919E+11
PER,1960,
PER,1961,
PER,1962,
PER,1963,
PER,1964,
PER,1965,
PER,1966,
PER,1967,
PER,1968,
PER,1969,
PER,1970,
PER,1971,
PER,1972,
PER,1973,
PER,1974,
PER,1975,
PER,1976,
PER,1977,
PER,1978,
PER,1979,
PER,1980,
PER,1981,
PER,1982,
PER,1983,
PER,1984,
PER,1985,
PER,1986,
PER,1987,
PER,1988,
PER,1989,
PER,1990,1.39069E+11
PER,1991,1.42155E+11
PER,1992,1.41387E+11
PER,1993,1.48801E+11
PER,1994,1.67116E+11
PER,1995,1.79501E+11
PER,1996,1.84525E+11
PER,1997,1.96477E+11
PER,1998,1.95708E+11
PER,1999,1.98633E+11
PER,2000,2.03985E+11
PER,2001,2.05246E+11
PER,2002,2.16439E+11
PER,2003,2.25453E+11
PER,2004,2.36632E+11
PER,2005,2.51504E+11
PER,2006,2.7044E+11
PER,2007,2.93477E+11
PER,2008,3.20261E+11
PER,2009,3.23771E+11
PER,2010,3.50749E+11
PER,2011,3.72941E+11
PER,2012,3.95839E+11
PER,2013,4.19006E+11
PER,2014,4.28987E+11
PER,2015,4.42939E+11
PER,2016,4.60449E+11
PER,2017,4.72047E+11
PER,2018,4.90785E+11
PER,2019,5.01781E+11
PER,2020,4.4692E+11
PER,2021,5.0664E+11
PER,2022,5.20872E+11
PER,2023,5.18771E+11
PER,2024,5.35911E+11
PHL,1960,
PHL,1961,
PHL,1962,
PHL,1963,
PHL,1964,
PHL,1965,
PHL,1966,
PHL,1967,
PHL,1968,
PHL,1969,
PHL,1970,
PHL,1971,
PHL,1972,
PHL,1973,
PHL,1974,
PHL,1975,
PHL,1976,
PHL,1977,
PHL,1978,
PHL,1979,
PHL,1980,
PHL,1981,
PHL,1982,
PHL,1983,
PHL,1984,
PHL,1985,
PHL,1986,
PHL,1987,
PHL,1988,
PHL,1989,
PHL,1990,2.83126E+11
PHL,1991,2.81891E+11
PHL,1992,2.83068E+11
PHL,1993,2.89244E+11
PHL,1994,3.01895E+11
PHL,1995,3.15858E+11
PHL,1996,3.34369E+11
PHL,1997,3.5171E+11
PHL,1998,3.49902E+11
PHL,1999,3.61612E+11
PHL,2000,3.77459E+11
PHL,2001,3.88969E+11
PHL,2002,4.03424E+11
PHL,2003,4.23946E+11
PHL,2004,4.51796E+11
PHL,2005,4.74126E+11
PHL,2006,4.99332E+11
PHL,2007,5.31885E+11
PHL,2008,5.54993E+11
PHL,2009,5.63031E+11
PHL,2010,6.04327E+11
PHL,2011,6.27643E+11
PHL,2012,6.70931E+11
PHL,2013,7.16223E+11
PHL,2014,7.61688E+11
PHL,2015,8.10043E+11
PHL,2016,8.67956E+11
PHL,2017,9.28114E+11
PHL,2018,9.8697E+11
PHL,2019,1.04736E+12
PHL,2020,9.47668E+11
PHL,2021,1.00182E+12
PHL,2022,1.07777E+12
PHL,2023,1.13725E+12
PHL,2024,1.20199E+12
POL,1960,
POL,1961,
POL,1962,
POL,1963,
POL,1964,
POL,1965,
POL,1966,
POL,1967,
POL,1968,
POL,1969,
POL,1970,
POL,1971,
POL,1972,
POL,1973,
POL,1974,
POL,1975,
POL,1976,
POL,1977,
POL,1978,
POL,1979,
POL,1980,
POL,1981,
POL,1982,
POL,1983,
POL,1984,
POL,1985,
POL,1986,
POL,1987,
POL,1988,
POL,1989,
POL,1990,4.88636E+11
POL,1991,4.54355E+11
POL,1992,4.65782E+11
POL,1993,4.83195E+11
POL,1994,5.08769E+11
POL,1995,5.49113E+11
POL,1996,5.82575E+11
POL,1997,6.19621E+11
POL,1998,6.48257E+11
POL,1999,6.7872E+11
POL,2000,7.10323E+11
POL,2001,7.19087E+11
POL,2002,7.32758E+11
POL,2003,7.58576E+11
POL,2004,7.97193E+11
POL,2005,8.23188E+11
POL,2006,8.74244E+11
POL,2007,9.33346E+11
POL,2008,9.74262E+11
POL,2009,9.9974E+11
POL,2010,1.03142E+12
POL,2011,1.08563E+12
POL,2012,1.10204E+12
POL,2013,1.10958E+12
POL,2014,1.15308E+12
POL,2015,1.20418E+12
POL,2016,1.24068E+12
POL,2017,1.30461E+12
POL,2018,1.38609E+12
POL,2019,1.44958E+12
POL,2020,1.42008E+12
POL,2021,1.51845E+12
POL,2022,1.59825E+12
POL,2023,1.60224E+12
POL,2024,1.64908E+12
PRT,1960,
PRT,1961,
PRT,1962,
PRT,1963,
PRT,1964,
PRT,1965,
PRT,1966,
PRT,1967,
PRT,1968,
PRT,1969,
PRT,1970,
PRT,1971,
PRT,1972,
PRT,1973,
PRT,1974,
PRT,1975,
PRT,1976,
PRT,1977,
PRT,1978,
PRT,1979,
PRT,1980,
PRT,1981,
PRT,1982,
PRT,1983,
PRT,1984,
PRT,1985,
PRT,1986,
PRT,1987,
PRT,1988,
PRT,1989,
PRT,1990,2.71449E+11
PRT,1991,2.83307E+11
PRT,1992,2.86393E+11
PRT,1993,2.80542E+11
PRT,1994,2.83248E+11
PRT,1995,2.95379E+11
PRT,1996,3.0573E+11
PRT,1997,3.19185E+11
PRT,1998,3.34531E+11
PRT,1999,3.476E+11
PRT,2000,3.60865E+11
PRT,2001,3.67879E+11
PRT,2002,3.70715E+11
PRT,2003,3.67265E+11
PRT,2004,3.73835E+11
PRT,2005,3.76758E+11
PRT,2006,3.8288E+11
PRT,2007,3.92477E+11
PRT,2008,3.9373E+11
PRT,2009,3.81438E+11
PRT,2010,3.88066E+11
PRT,2011,3.81416E+11
PRT,2012,3.65965E+11
PRT,2013,3.62364E+11
PRT,2014,3.6505E+11
PRT,2015,3.70854E+11
PRT,2016,3.78286E+11
PRT,2017,3.90825E+11
PRT,2018,4.0234E+11
PRT,2019,4.13387E+11
PRT,2020,3.7947E+11
PRT,2021,4.00564E+11
PRT,2022,4.28547E+11
PRT,2023,4.39745E+11
PRT,2024,4.48226E+11
PST,1960,
PST,1961,
PST,1962,
PST,1963,
PST,1964,
PST,1965,
PST,1966,
PST,1967,
PST,1968,
PST,1969,
PST,1970,
PST,1971,
PST,1972,
PST,1973,
PST,1974,
PST,1975,
PST,1976,
PST,1977,
PST,1978,
PST,1979,
PST,1980,
PST,1981,
PST,1982,
PST,1983,
PST,1984,
PST,1985,
PST,1986,
PST,1987,
PST,1988,
PST,1989,
PST,1990,3.51328E+13
PST,1991,3.54195E+13
PST,1992,3.59456E+13
PST,1993,3.61836E+13
PST,1994,3.71194E+13
PST,1995,3.80506E+13
PST,1996,3.90884E+13
PST,1997,4.03735E+13
PST,1998,4.14552E+13
PST,1999,4.28799E+13
PST,2000,4.46353E+13
PST,2001,4.53849E+13
PST,2002,4.6107E+13
PST,2003,4.70588E+13
PST,2004,4.86149E+13
PST,2005,4.99598E+13
PST,2006,5.14996E+13
PST,2007,5.28912E+13
PST,2008,5.31184E+13
PST,2009,5.11876E+13
PST,2010,5.26844E+13
PST,2011,5.36027E+13
PST,2012,5.41556E+13
PST,2013,5.49075E+13
PST,2014,5.59038E+13
PST,2015,5.70492E+13
PST,2016,5.80796E+13
PST,2017,5.95209E+13
PST,2018,6.08528E+13
PST,2019,6.19671E+13
PST,2020,5.93199E+13
PST,2021,6.27019E+13
PST,2022,6.42381E+13
PST,2023,6.54129E+13
PST,2024,6.65673E+13
PRE,1960,
PRE,1961,
PRE,1962,
PRE,1963,
PRE,1964,
PRE,1965,
PRE,1966,
PRE,1967,
PRE,1968,
PRE,1969,
PRE,1970,
PRE,1971,
PRE,1972,
PRE,1973,
PRE,1974,
PRE,1975,
PRE,1976,
PRE,1977,
PRE,1978,
PRE,1979,
PRE,1980,
PRE,1981,
PRE,1982,
PRE,1983,
PRE,1984,
PRE,1985,
PRE,1986,
PRE,1987,
PRE,1988,
PRE,1989,
PRE,1990,1.32476E+12
PRE,1991,1.20736E+12
PRE,1992,1.23432E+12
PRE,1993,1.23067E+12
PRE,1994,1.23285E+12
PRE,1995,1.27467E+12
PRE,1996,1.34766E+12
PRE,1997,1.4362E+12
PRE,1998,1.54172E+12
PRE,1999,1.61207E+12
PRE,2000,1.70301E+12
PRE,2001,1.7735E+12
PRE,2002,1.86827E+12
PRE,2003,1.8466E+12
PRE,2004,2.07018E+12
PRE,2005,2.19535E+12
PRE,2006,2.33258E+12
PRE,2007,2.47368E+12
PRE,2008,2.63035E+12
PRE,2009,2.75224E+12
PRE,2010,2.9323E+12
PRE,2011,3.06106E+12
PRE,2012,3.22322E+12
PRE,2013,3.40602E+12
PRE,2014,3.58198E+12
PRE,2015,3.69577E+12
PRE,2016,3.80681E+12
PRE,2017,3.87559E+12
PRE,2018,3.9812E+12
PRE,2019,4.11755E+12
PRE,2020,4.00612E+12
PRE,2021,4.12299E+12
PRE,2022,4.30029E+12
PRE,2023,4.39348E+12
PRE,2024,4.53075E+12
PRI,1960,
PRI,1961,
PRI,1962,
PRI,1963,
PRI,1964,
PRI,1965,
PRI,1966,
PRI,1967,
PRI,1968,
PRI,1969,
PRI,1970,
PRI,1971,
PRI,1972,
PRI,1973,
PRI,1974,
PRI,1975,
PRI,1976,
PRI,1977,
PRI,1978,
PRI,1979,
PRI,1980,
PRI,1981,
PRI,1982,
PRI,1983,
PRI,1984,
PRI,1985,
PRI,1986,
PRI,1987,
PRI,1988,
PRI,1989,
PRI,1990,94575186676
PRI,1991,96754568944
PRI,1992,1.0117E+11
PRI,1993,1.05869E+11
PRI,1994,1.10301E+11
PRI,1995,1.15319E+11
PRI,1996,1.17987E+11
PRI,1997,1.23745E+11
PRI,1998,1.30589E+11
PRI,1999,1.37627E+11
PRI,2000,1.4213E+11
PRI,2001,1.51103E+11
PRI,2002,1.52488E+11
PRI,2003,1.5257E+11
PRI,2004,1.65917E+11
PRI,2005,1.62621E+11
PRI,2006,1.60329E+11
PRI,2007,1.58464E+11
PRI,2008,1.55542E+11
PRI,2009,1.52505E+11
PRI,2010,1.51875E+11
PRI,2011,1.51331E+11
PRI,2012,1.51375E+11
PRI,2013,1.5091E+11
PRI,2014,1.49114E+11
PRI,2015,1.47549E+11
PRI,2016,1.45685E+11
PRI,2017,1.41482E+11
PRI,2018,1.35311E+11
PRI,2019,1.37578E+11
PRI,2020,1.31826E+11
PRI,2021,1.32334E+11
PRI,2022,1.36247E+11
PRI,2023,1.36926E+11
PRI,2024,1.41344E+11
QAT,1960,
QAT,1961,
QAT,1962,
QAT,1963,
QAT,1964,
QAT,1965,
QAT,1966,
QAT,1967,
QAT,1968,
QAT,1969,
QAT,1970,
QAT,1971,
QAT,1972,
QAT,1973,
QAT,1974,
QAT,1975,
QAT,1976,
QAT,1977,
QAT,1978,
QAT,1979,
QAT,1980,
QAT,1981,
QAT,1982,
QAT,1983,
QAT,1984,
QAT,1985,
QAT,1986,
QAT,1987,
QAT,1988,
QAT,1989,
QAT,1990,31509683796
QAT,1991,30985919585
QAT,1992,34496787790
QAT,1993,34039658399
QAT,1994,34522581898
QAT,1995,35350860186
QAT,1996,36897075197
QAT,1997,47970640100
QAT,1998,53352299488
QAT,1999,55637946354
QAT,2000,60104630487
QAT,2001,62447621176
QAT,2002,66932704049
QAT,2003,69422572981
QAT,2004,82764838509
QAT,2005,88966207967
QAT,2006,1.12249E+11
QAT,2007,1.32438E+11
QAT,2008,1.55831E+11
QAT,2009,1.74463E+11
QAT,2010,2.08644E+11
QAT,2011,2.36551E+11
QAT,2012,2.47739E+11
QAT,2013,2.61504E+11
QAT,2014,2.75453E+11
QAT,2015,2.88547E+11
QAT,2016,2.97388E+11
QAT,2017,2.92935E+11
QAT,2018,2.96552E+11
QAT,2019,2.98593E+11
QAT,2020,2.8797E+11
QAT,2021,2.92655E+11
QAT,2022,3.04903E+11
QAT,2023,3.08522E+11
QAT,2024,3.17064E+11
ROU,1960,
ROU,1961,
ROU,1962,
ROU,1963,
ROU,1964,
ROU,1965,
ROU,1966,
ROU,1967,
ROU,1968,
ROU,1969,
ROU,1970,
ROU,1971,
ROU,1972,
ROU,1973,
ROU,1974,
ROU,1975,
ROU,1976,
ROU,1977,
ROU,1978,
ROU,1979,
ROU,1980,
ROU,1981,
ROU,1982,
ROU,1983,
ROU,1984,
ROU,1985,
ROU,1986,
ROU,1987,
ROU,1988,
ROU,1989,
ROU,1990,3.78562E+11
ROU,1991,3.29658E+11
ROU,1992,3.00757E+11
ROU,1993,3.05355E+11
ROU,1994,3.17361E+11
ROU,1995,3.37144E+11
ROU,1996,3.50318E+11
ROU,1997,3.33331E+11
ROU,1998,3.26565E+11
ROU,1999,3.25335E+11
ROU,2000,3.33342E+11
ROU,2001,3.50737E+11
ROU,2002,3.70739E+11
ROU,2003,3.79419E+11
ROU,2004,4.18985E+11
ROU,2005,4.38544E+11
ROU,2006,4.73754E+11
ROU,2007,5.08024E+11
ROU,2008,5.55308E+11
ROU,2009,5.24674E+11
ROU,2010,5.04181E+11
ROU,2011,5.26847E+11
ROU,2012,5.36876E+11
ROU,2013,5.38372E+11
ROU,2014,5.60532E+11
ROU,2015,5.78228E+11
ROU,2016,5.94765E+11
ROU,2017,6.43509E+11
ROU,2018,6.82898E+11
ROU,2019,7.09689E+11
ROU,2020,6.83613E+11
ROU,2021,7.21524E+11
ROU,2022,7.50135E+11
ROU,2023,7.6817E+11
ROU,2024,7.7442E+11
RUS,1960,
RUS,1961,
RUS,1962,
RUS,1963,
RUS,1964,
RUS,1965,
RUS,1966,
RUS,1967,
RUS,1968,
RUS,1969,
RUS,1970,
RUS,1971,
RUS,1972,
RUS,1973,
RUS,1974,
RUS,1975,
RUS,1976,
RUS,1977,
RUS,1978,
RUS,1979,
RUS,1980,
RUS,1981,
RUS,1982,
RUS,1983,
RUS,1984,
RUS,1985,
RUS,1986,
RUS,1987,
RUS,1988,
RUS,1989,
RUS,1990,4.38635E+12
RUS,1991,4.16497E+12
RUS,1992,3.55975E+12
RUS,1993,3.25118E+12
RUS,1994,2.84251E+12
RUS,1995,2.72473E+12
RUS,1996,2.62241E+12
RUS,1997,2.65913E+12
RUS,1998,2.51819E+12
RUS,1999,2.67936E+12
RUS,2000,2.94729E+12
RUS,2001,3.09761E+12
RUS,2002,3.24319E+12
RUS,2003,3.47995E+12
RUS,2004,3.7305E+12
RUS,2005,3.96925E+12
RUS,2006,4.29473E+12
RUS,2007,4.65978E+12
RUS,2008,4.90209E+12
RUS,2009,4.51973E+12
RUS,2010,4.72312E+12
RUS,2011,4.92621E+12
RUS,2012,5.12445E+12
RUS,2013,5.2144E+12
RUS,2014,5.25279E+12
RUS,2015,5.14917E+12
RUS,2016,5.15914E+12
RUS,2017,5.25334E+12
RUS,2018,5.40081E+12
RUS,2019,5.51953E+12
RUS,2020,5.37306E+12
RUS,2021,5.68827E+12
RUS,2022,5.60659E+12
RUS,2023,5.83548E+12
RUS,2024,6.089E+12
RWA,1960,
RWA,1961,
RWA,1962,
RWA,1963,
RWA,1964,
RWA,1965,
RWA,1966,
RWA,1967,
RWA,1968,
RWA,1969,
RWA,1970,
RWA,1971,
RWA,1972,
RWA,1973,
RWA,1974,
RWA,1975,
RWA,1976,
RWA,1977,
RWA,1978,
RWA,1979,
RWA,1980,
RWA,1981,
RWA,1982,
RWA,1983,
RWA,1984,
RWA,1985,
RWA,1986,
RWA,1987,
RWA,1988,
RWA,1989,
RWA,1990,8282405774
RWA,1991,8074154648
RWA,1992,8548327566
RWA,1993,7855170023
RWA,1994,3908098919
RWA,1995,5284690742
RWA,1996,5958261346
RWA,1997,6783465795
RWA,1998,7384390610
RWA,1999,7705751043
RWA,2000,8350791444
RWA,2001,9059319383
RWA,2002,10254431466
RWA,2003,10480273783
RWA,2004,11260809714
RWA,2005,12316837095
RWA,2006,13453320986
RWA,2007,14480253093
RWA,2008,16096429954
RWA,2009,17102176347
RWA,2010,18356562228
RWA,2011,19817448801
RWA,2012,21529975256
RWA,2013,22546157486
RWA,2014,23936616479
RWA,2015,26056648035
RWA,2016,27612424111
RWA,2017,28694326087
RWA,2018,31138068964
RWA,2019,34079802279
RWA,2020,32930056262
RWA,2021,36505744034
RWA,2022,39485053448
RWA,2023,42742532065
RWA,2024,46542623256
WSM,1960,
WSM,1961,
WSM,1962,
WSM,1963,
WSM,1964,
WSM,1965,
WSM,1966,
WSM,1967,
WSM,1968,
WSM,1969,
WSM,1970,
WSM,1971,
WSM,1972,
WSM,1973,
WSM,1974,
WSM,1975,
WSM,1976,
WSM,1977,
WSM,1978,
WSM,1979,
WSM,1980,
WSM,1981,
WSM,1982,
WSM,1983,
WSM,1984,
WSM,1985,
WSM,1986,
WSM,1987,
WSM,1988,
WSM,1989,
WSM,1990,674634233.4
WSM,1991,659117562.5
WSM,1992,657799412.1
WSM,1993,684769128.9
WSM,1994,667361609.5
WSM,1995,711898941.9
WSM,1996,763005944.9
WSM,1997,767915315.9
WSM,1998,784770210.3
WSM,1999,801920848.2
WSM,2000,842763035.4
WSM,2001,905044311.4
WSM,2002,956197046.6
WSM,2003,1006040050
WSM,2004,1037099125
WSM,2005,1105954247
WSM,2006,1129534598
WSM,2007,1135023939
WSM,2008,1175386579
WSM,2009,1169019773
WSM,2010,1240618960
WSM,2011,1288371350
WSM,2012,1240287654
WSM,2013,1241618399
WSM,2014,1249812134
WSM,2015,1297934423
WSM,2016,1401559728
WSM,2017,1421269616
WSM,2018,1412604887
WSM,2019,1475492063
WSM,2020,1429627219
WSM,2021,1328426325
WSM,2022,1257936160
WSM,2023,1373775088
WSM,2024,1503216991
SMR,1960,
SMR,1961,
SMR,1962,
SMR,1963,
SMR,1964,
SMR,1965,
SMR,1966,
SMR,1967,
SMR,1968,
SMR,1969,
SMR,1970,
SMR,1971,
SMR,1972,
SMR,1973,
SMR,1974,
SMR,1975,
SMR,1976,
SMR,1977,
SMR,1978,
SMR,1979,
SMR,1980,
SMR,1981,
SMR,1982,
SMR,1983,
SMR,1984,
SMR,1985,
SMR,1986,
SMR,1987,
SMR,1988,
SMR,1989,
SMR,1990,
SMR,1991,
SMR,1992,
SMR,1993,
SMR,1994,
SMR,1995,
SMR,1996,
SMR,1997,1726614183
SMR,1998,1855516617
SMR,1999,2023428998
SMR,2000,2067527199
SMR,2001,2182860956
SMR,2002,2189645295
SMR,2003,2274449528
SMR,2004,2377910692
SMR,2005,2435577570
SMR,2006,2528862227
SMR,2007,2708647200
SMR,2008,2695078523
SMR,2009,2416920639
SMR,2010,2284626036
SMR,2011,2094664554
SMR,2012,1947105189
SMR,2013,1931840427
SMR,2014,1918271749
SMR,2015,1962229053
SMR,2016,2008231666
SMR,2017,2013418235
SMR,2018,2043496797
SMR,2019,2085709007
SMR,2020,1947052932
SMR,2021,2217650250
SMR,2022,2392810057
SMR,2023,
SMR,2024,
STP,1960,
STP,1961,
STP,1962,
STP,1963,
STP,1964,
STP,1965,
STP,1966,
STP,1967,
STP,1968,
STP,1969,
STP,1970,
STP,1971,
STP,1972,
STP,1973,
STP,1974,
STP,1975,
STP,1976,
STP,1977,
STP,1978,
STP,1979,
STP,1980,
STP,1981,
STP,1982,
STP,1983,
STP,1984,
STP,1985,
STP,1986,
STP,1987,
STP,1988,
STP,1989,
STP,1990,477556464.6
STP,1991,483291939.9
STP,1992,486674968.9
STP,1993,492028386.8
STP,1994,502853019.1
STP,1995,512910088
STP,1996,520603744.9
STP,1997,525790628.9
STP,1998,538935331.1
STP,1999,552408748
STP,2000,554885573.5
STP,2001,571889947.4
STP,2002,591106525.7
STP,2003,640118238.3
STP,2004,662765019.5
STP,2005,706604438.6
STP,2006,769252760.8
STP,2007,797264883.6
STP,2008,846924799.6
STP,2009,874893641.4
STP,2010,887566084.1
STP,2011,905312365.3
STP,2012,931955190.1
STP,2013,979668289
STP,2014,1027732877
STP,2015,1043556924
STP,2016,1097580037
STP,2017,1142723281
STP,2018,1192753169
STP,2019,1216778996
STP,2020,1248717735
STP,2021,1272434617
STP,2022,1274581195
STP,2023,1279325859
STP,2024,1290839800
SAU,1960,
SAU,1961,
SAU,1962,
SAU,1963,
SAU,1964,
SAU,1965,
SAU,1966,
SAU,1967,
SAU,1968,
SAU,1969,
SAU,1970,
SAU,1971,
SAU,1972,
SAU,1973,
SAU,1974,
SAU,1975,
SAU,1976,
SAU,1977,
SAU,1978,
SAU,1979,
SAU,1980,
SAU,1981,
SAU,1982,
SAU,1983,
SAU,1984,
SAU,1985,
SAU,1986,
SAU,1987,
SAU,1988,
SAU,1989,
SAU,1990,6.93737E+11
SAU,1991,7.50767E+11
SAU,1992,7.85157E+11
SAU,1993,7.88139E+11
SAU,1994,7.9565E+11
SAU,1995,7.9813E+11
SAU,1996,8.24505E+11
SAU,1997,8.46333E+11
SAU,1998,8.70062E+11
SAU,1999,8.64551E+11
SAU,2000,9.05342E+11
SAU,2001,9.08462E+11
SAU,2002,9.02208E+11
SAU,2003,9.8132E+11
SAU,2004,1.06602E+12
SAU,2005,1.12939E+12
SAU,2006,1.16681E+12
SAU,2007,1.19264E+12
SAU,2008,1.26704E+12
SAU,2009,1.25352E+12
SAU,2010,1.3167E+12
SAU,2011,1.47152E+12
SAU,2012,1.55631E+12
SAU,2013,1.60215E+12
SAU,2014,1.66663E+12
SAU,2015,1.74421E+12
SAU,2016,1.77394E+12
SAU,2017,1.79491E+12
SAU,2018,1.85283E+12
SAU,2019,1.88343E+12
SAU,2020,1.81177E+12
SAU,2021,1.92989E+12
SAU,2022,2.16149E+12
SAU,2023,2.17321E+12
SAU,2024,2.2125E+12
SEN,1960,
SEN,1961,
SEN,1962,
SEN,1963,
SEN,1964,
SEN,1965,
SEN,1966,
SEN,1967,
SEN,1968,
SEN,1969,
SEN,1970,
SEN,1971,
SEN,1972,
SEN,1973,
SEN,1974,
SEN,1975,
SEN,1976,
SEN,1977,
SEN,1978,
SEN,1979,
SEN,1980,
SEN,1981,
SEN,1982,
SEN,1983,
SEN,1984,
SEN,1985,
SEN,1986,
SEN,1987,
SEN,1988,
SEN,1989,
SEN,1990,22569745552
SEN,1991,23170092355
SEN,1992,23475991569
SEN,1993,23795315060
SEN,1994,23784007300
SEN,1995,25084655922
SEN,1996,25591360255
SEN,1997,26370770987
SEN,1998,27926245460
SEN,1999,29680937545
SEN,2000,30834698202
SEN,2001,32163936241
SEN,2002,32186031764
SEN,2003,33986502592
SEN,2004,35564595806
SEN,2005,37097514716
SEN,2006,37962172825
SEN,2007,39035408702
SEN,2008,40480955881
SEN,2009,41595034083
SEN,2010,43005475624
SEN,2011,43579207838
SEN,2012,45323681589
SEN,2013,46417063410
SEN,2014,49306095988
SEN,2015,52445436642
SEN,2016,55778904558
SEN,2017,59910719208
SEN,2018,63630720169
SEN,2019,66566404953
SEN,2020,67459775215
SEN,2021,71874343647
SEN,2022,74641816330
SEN,2023,77819640032
SEN,2024,83182975384
SRB,1960,
SRB,1961,
SRB,1962,
SRB,1963,
SRB,1964,
SRB,1965,
SRB,1966,
SRB,1967,
SRB,1968,
SRB,1969,
SRB,1970,
SRB,1971,
SRB,1972,
SRB,1973,
SRB,1974,
SRB,1975,
SRB,1976,
SRB,1977,
SRB,1978,
SRB,1979,
SRB,1980,
SRB,1981,
SRB,1982,
SRB,1983,
SRB,1984,
SRB,1985,
SRB,1986,
SRB,1987,
SRB,1988,
SRB,1989,
SRB,1990,
SRB,1991,
SRB,1992,
SRB,1993,
SRB,1994,
SRB,1995,72047178243
SRB,1996,76488859342
SRB,1997,83321771776
SRB,1998,87773355879
SRB,1999,78710311683
SRB,2000,83476293672
SRB,2001,89134750174
SRB,2002,94965097143
SRB,2003,99295210717
SRB,2004,1.05935E+11
SRB,2005,1.12189E+11
SRB,2006,1.16565E+11
SRB,2007,1.25694E+11
SRB,2008,1.32181E+11
SRB,2009,1.28027E+11
SRB,2010,1.3009E+11
SRB,2011,1.3016E+11
SRB,2012,1.29583E+11
SRB,2013,1.30168E+11
SRB,2014,1.27819E+11
SRB,2015,1.29475E+11
SRB,2016,1.33328E+11
SRB,2017,1.36479E+11
SRB,2018,1.42824E+11
SRB,2019,1.49608E+11
SRB,2020,1.48187E+11
SRB,2021,1.59967E+11
SRB,2022,1.64175E+11
SRB,2023,1.70492E+11
SRB,2024,1.77104E+11
SYC,1960,
SYC,1961,
SYC,1962,
SYC,1963,
SYC,1964,
SYC,1965,
SYC,1966,
SYC,1967,
SYC,1968,
SYC,1969,
SYC,1970,
SYC,1971,
SYC,1972,
SYC,1973,
SYC,1974,
SYC,1975,
SYC,1976,
SYC,1977,
SYC,1978,
SYC,1979,
SYC,1980,
SYC,1981,
SYC,1982,
SYC,1983,
SYC,1984,
SYC,1985,
SYC,1986,
SYC,1987,
SYC,1988,
SYC,1989,
SYC,1990,1075888256
SYC,1991,1105587358
SYC,1992,1184891625
SYC,1993,1271428654
SYC,1994,1240449420
SYC,1995,1246466055
SYC,1996,1371087057
SYC,1997,1538272501
SYC,1998,1576228467
SYC,1999,1605735544
SYC,2000,1674030662
SYC,2001,1636010699
SYC,2002,1655852775
SYC,2003,1558370594
SYC,2004,1513949958
SYC,2005,1650292684
SYC,2006,1805521335
SYC,2007,1965780609
SYC,2008,1912194486
SYC,2009,1864783995
SYC,2010,1948794977
SYC,2011,2134121157
SYC,2012,2200506805
SYC,2013,2228095328
SYC,2014,2318638256
SYC,2015,2525321875
SYC,2016,2831328442
SYC,2017,3028223614
SYC,2018,3177801893
SYC,2019,3353035171
SYC,2020,2959393508
SYC,2021,2975737695
SYC,2022,3353967909
SYC,2023,3429742537
SYC,2024,3548606461
SLE,1960,
SLE,1961,
SLE,1962,
SLE,1963,
SLE,1964,
SLE,1965,
SLE,1966,
SLE,1967,
SLE,1968,
SLE,1969,
SLE,1970,
SLE,1971,
SLE,1972,
SLE,1973,
SLE,1974,
SLE,1975,
SLE,1976,
SLE,1977,
SLE,1978,
SLE,1979,
SLE,1980,
SLE,1981,
SLE,1982,
SLE,1983,
SLE,1984,
SLE,1985,
SLE,1986,
SLE,1987,
SLE,1988,
SLE,1989,
SLE,1990,11356748561
SLE,1991,11623854903
SLE,1992,9413821861
SLE,1993,9543219544
SLE,1994,9357376294
SLE,1995,8608809358
SLE,1996,8759792402
SLE,1997,8244972329
SLE,1998,8392146128
SLE,1999,8226041498
SLE,2000,8773297815
SLE,2001,8216592097
SLE,2002,10395972080
SLE,2003,11381887755
SLE,2004,12119302729
SLE,2005,12646916561
SLE,2006,13188597972
SLE,2007,13683138486
SLE,2008,14187507139
SLE,2009,14404689958
SLE,2010,15320203934
SLE,2011,16561240828
SLE,2012,18313143811
SLE,2013,20998459387
SLE,2014,19357426610
SLE,2015,18512797700
SLE,2016,19704547302
SLE,2017,20336641766
SLE,2018,20925154977
SLE,2019,22076605442
SLE,2020,21799908521
SLE,2021,23085417016
SLE,2022,24312073257
SLE,2023,25700297964
SLE,2024,26728309890
SGP,1960,
SGP,1961,
SGP,1962,
SGP,1963,
SGP,1964,
SGP,1965,
SGP,1966,
SGP,1967,
SGP,1968,
SGP,1969,
SGP,1970,
SGP,1971,
SGP,1972,
SGP,1973,
SGP,1974,
SGP,1975,
SGP,1976,
SGP,1977,
SGP,1978,
SGP,1979,
SGP,1980,
SGP,1981,
SGP,1982,
SGP,1983,
SGP,1984,
SGP,1985,
SGP,1986,
SGP,1987,
SGP,1988,
SGP,1989,
SGP,1990,1.38851E+11
SGP,1991,1.48138E+11
SGP,1992,1.57974E+11
SGP,1993,1.76077E+11
SGP,1994,1.95614E+11
SGP,1995,2.0965E+11
SGP,1996,2.25314E+11
SGP,1997,2.44052E+11
SGP,1998,2.38705E+11
SGP,1999,2.52355E+11
SGP,2000,2.75163E+11
SGP,2001,2.72217E+11
SGP,2002,2.82897E+11
SGP,2003,2.95764E+11
SGP,2004,3.25162E+11
SGP,2005,3.49115E+11
SGP,2006,3.80559E+11
SGP,2007,4.14891E+11
SGP,2008,4.22622E+11
SGP,2009,4.23163E+11
SGP,2010,4.84605E+11
SGP,2011,5.14723E+11
SGP,2012,5.37554E+11
SGP,2013,5.63451E+11
SGP,2014,5.85626E+11
SGP,2015,6.03059E+11
SGP,2016,6.25659E+11
SGP,2017,6.53669E+11
SGP,2018,6.76234E+11
SGP,2019,6.85079E+11
SGP,2020,6.58945E+11
SGP,2021,7.23237E+11
SGP,2022,7.52948E+11
SGP,2023,7.66662E+11
SGP,2024,8.00304E+11
SXM,1960,
SXM,1961,
SXM,1962,
SXM,1963,
SXM,1964,
SXM,1965,
SXM,1966,
SXM,1967,
SXM,1968,
SXM,1969,
SXM,1970,
SXM,1971,
SXM,1972,
SXM,1973,
SXM,1974,
SXM,1975,
SXM,1976,
SXM,1977,
SXM,1978,
SXM,1979,
SXM,1980,
SXM,1981,
SXM,1982,
SXM,1983,
SXM,1984,
SXM,1985,
SXM,1986,
SXM,1987,
SXM,1988,
SXM,1989,
SXM,1990,
SXM,1991,
SXM,1992,
SXM,1993,
SXM,1994,
SXM,1995,
SXM,1996,
SXM,1997,
SXM,1998,
SXM,1999,
SXM,2000,
SXM,2001,
SXM,2002,
SXM,2003,
SXM,2004,
SXM,2005,
SXM,2006,
SXM,2007,
SXM,2008,
SXM,2009,1707402664
SXM,2010,1762039425
SXM,2011,1843093299
SXM,2012,1868722332
SXM,2013,1893141507
SXM,2014,1923060379
SXM,2015,1925095229
SXM,2016,1943725499
SXM,2017,1797261624
SXM,2018,1674023700
SXM,2019,1857580414
SXM,2020,1610210355
SXM,2021,1683919292
SXM,2022,1848943402
SXM,2023,1919203251
SXM,2024,1986375365
SVK,1960,
SVK,1961,
SVK,1962,
SVK,1963,
SVK,1964,
SVK,1965,
SVK,1966,
SVK,1967,
SVK,1968,
SVK,1969,
SVK,1970,
SVK,1971,
SVK,1972,
SVK,1973,
SVK,1974,
SVK,1975,
SVK,1976,
SVK,1977,
SVK,1978,
SVK,1979,
SVK,1980,
SVK,1981,
SVK,1982,
SVK,1983,
SVK,1984,
SVK,1985,
SVK,1986,
SVK,1987,
SVK,1988,
SVK,1989,
SVK,1990,92847006327
SVK,1991,79315666838
SVK,1992,73984473341
SVK,1993,75391161406
SVK,1994,80069582935
SVK,1995,84748444450
SVK,1996,89934692277
SVK,1997,94868365767
SVK,1998,98498131648
SVK,1999,98031978199
SVK,2000,98805670567
SVK,2001,1.01696E+11
SVK,2002,1.06188E+11
SVK,2003,1.11345E+11
SVK,2004,1.17346E+11
SVK,2005,1.24956E+11
SVK,2006,1.36109E+11
SVK,2007,1.50834E+11
SVK,2008,1.58924E+11
SVK,2009,1.50175E+11
SVK,2010,1.60373E+11
SVK,2011,1.64482E+11
SVK,2012,1.67063E+11
SVK,2013,1.68238E+11
SVK,2014,1.72794E+11
SVK,2015,1.81739E+11
SVK,2016,1.85279E+11
SVK,2017,1.90605E+11
SVK,2018,1.98348E+11
SVK,2019,2.02862E+11
SVK,2020,1.97617E+11
SVK,2021,2.08881E+11
SVK,2022,2.09794E+11
SVK,2023,2.14343E+11
SVK,2024,2.18762E+11
SVN,1960,
SVN,1961,
SVN,1962,
SVN,1963,
SVN,1964,
SVN,1965,
SVN,1966,
SVN,1967,
SVN,1968,
SVN,1969,
SVN,1970,
SVN,1971,
SVN,1972,
SVN,1973,
SVN,1974,
SVN,1975,
SVN,1976,
SVN,1977,
SVN,1978,
SVN,1979,
SVN,1980,
SVN,1981,
SVN,1982,
SVN,1983,
SVN,1984,
SVN,1985,
SVN,1986,
SVN,1987,
SVN,1988,
SVN,1989,
SVN,1990,50656201416
SVN,1991,46147744817
SVN,1992,43626371509
SVN,1993,44866852182
SVN,1994,47257127336
SVN,1995,49198052390
SVN,1996,50631495578
SVN,1997,53249821487
SVN,1998,54881303340
SVN,1999,57772454244
SVN,2000,59793288141
SVN,2001,61484651791
SVN,2002,63502936957
SVN,2003,65531875588
SVN,2004,68510969164
SVN,2005,71151469412
SVN,2006,75355654131
SVN,2007,80735468570
SVN,2008,83458061255
SVN,2009,77123105224
SVN,2010,77980819962
SVN,2011,78491935989
SVN,2012,76203473909
SVN,2013,75575727661
SVN,2014,77663759014
SVN,2015,79522490584
SVN,2016,81935532861
SVN,2017,86175206839
SVN,2018,89948891080
SVN,2019,93101827575
SVN,2020,89298617034
SVN,2021,96790459871
SVN,2022,99403065465
SVN,2023,1.01503E+11
SVN,2024,1.03118E+11
SST,1960,
SST,1961,
SST,1962,
SST,1963,
SST,1964,
SST,1965,
SST,1966,
SST,1967,
SST,1968,
SST,1969,
SST,1970,
SST,1971,
SST,1972,
SST,1973,
SST,1974,
SST,1975,
SST,1976,
SST,1977,
SST,1978,
SST,1979,
SST,1980,
SST,1981,
SST,1982,
SST,1983,
SST,1984,
SST,1985,
SST,1986,
SST,1987,
SST,1988,
SST,1989,
SST,1990,1.85384E+11
SST,1991,1.85471E+11
SST,1992,1.83763E+11
SST,1993,1.84471E+11
SST,1994,1.89953E+11
SST,1995,1.97371E+11
SST,1996,2.04654E+11
SST,1997,2.16293E+11
SST,1998,2.23117E+11
SST,1999,2.29752E+11
SST,2000,2.43887E+11
SST,2001,2.50868E+11
SST,2002,2.60482E+11
SST,2003,2.73846E+11
SST,2004,2.861E+11
SST,2005,2.97951E+11
SST,2006,3.18049E+11
SST,2007,3.32511E+11
SST,2008,3.36813E+11
SST,2009,3.24026E+11
SST,2010,3.33235E+11
SST,2011,3.43234E+11
SST,2012,3.5157E+11
SST,2013,3.56679E+11
SST,2014,3.65053E+11
SST,2015,3.73161E+11
SST,2016,3.7916E+11
SST,2017,3.9101E+11
SST,2018,4.03883E+11
SST,2019,4.18048E+11
SST,2020,3.91458E+11
SST,2021,4.16574E+11
SST,2022,4.46122E+11
SST,2023,4.66688E+11
SST,2024,4.97695E+11
SLB,1960,
SLB,1961,
SLB,1962,
SLB,1963,
SLB,1964,
SLB,1965,
SLB,1966,
SLB,1967,
SLB,1968,
SLB,1969,
SLB,1970,
SLB,1971,
SLB,1972,
SLB,1973,
SLB,1974,
SLB,1975,
SLB,1976,
SLB,1977,
SLB,1978,
SLB,1979,
SLB,1980,
SLB,1981,
SLB,1982,
SLB,1983,
SLB,1984,
SLB,1985,
SLB,1986,
SLB,1987,
SLB,1988,
SLB,1989,
SLB,1990,779674239.4
SLB,1991,826454705.9
SLB,1992,931414439.1
SLB,1993,968671012.4
SLB,1994,1047133376
SLB,1995,1152774635
SLB,1996,1171333242
SLB,1997,1160626352
SLB,1998,1175615984
SLB,1999,1169905656
SLB,2000,1002878230
SLB,2001,923083159.4
SLB,2002,897236989
SLB,2003,955767946.5
SLB,2004,1029202465
SLB,2005,1104929555
SLB,2006,1150654638
SLB,2007,1192534697
SLB,2008,1266781544
SLB,2009,1303065561
SLB,2010,1429572224
SLB,2011,1535788720
SLB,2012,1573661291
SLB,2013,1656085581
SLB,2014,1675780040
SLB,2015,1703868563
SLB,2016,1798513887
SLB,2017,1853824449
SLB,2018,1904730383
SLB,2019,1938035862
SLB,2020,1872508010
SLB,2021,1920525664
SLB,2022,1966665937
SLB,2023,2018907701
SLB,2024,2070174671
SOM,1960,
SOM,1961,
SOM,1962,
SOM,1963,
SOM,1964,
SOM,1965,
SOM,1966,
SOM,1967,
SOM,1968,
SOM,1969,
SOM,1970,
SOM,1971,
SOM,1972,
SOM,1973,
SOM,1974,
SOM,1975,
SOM,1976,
SOM,1977,
SOM,1978,
SOM,1979,
SOM,1980,
SOM,1981,
SOM,1982,
SOM,1983,
SOM,1984,
SOM,1985,
SOM,1986,
SOM,1987,
SOM,1988,
SOM,1989,
SOM,1990,
SOM,1991,5702889587
SOM,1992,5218809871
SOM,1993,5427071511
SOM,1994,4458502628
SOM,1995,4636423475
SOM,1996,5009470805
SOM,1997,5068607200
SOM,1998,5402450671
SOM,1999,5797817975
SOM,2000,6210061057
SOM,2001,6651615917
SOM,2002,7159151991
SOM,2003,7705414423
SOM,2004,8253293608
SOM,2005,8840128724
SOM,2006,9413532247
SOM,2007,10043707224
SOM,2008,10716068332
SOM,2009,11433439659
SOM,2010,12198834347
SOM,2011,13015467249
SOM,2012,13886768431
SOM,2013,15408660852
SOM,2014,16792051333
SOM,2015,18548867333
SOM,2016,19853756519
SOM,2017,22779365499
SOM,2018,23247325438
SOM,2019,23903902758
SOM,2020,23245952366
SOM,2021,24049850384
SOM,2022,24705717292
SOM,2023,25747405283
SOM,2024,26770174821
ZAF,1960,
ZAF,1961,
ZAF,1962,
ZAF,1963,
ZAF,1964,
ZAF,1965,
ZAF,1966,
ZAF,1967,
ZAF,1968,
ZAF,1969,
ZAF,1970,
ZAF,1971,
ZAF,1972,
ZAF,1973,
ZAF,1974,
ZAF,1975,
ZAF,1976,
ZAF,1977,
ZAF,1978,
ZAF,1979,
ZAF,1980,
ZAF,1981,
ZAF,1982,
ZAF,1983,
ZAF,1984,
ZAF,1985,
ZAF,1986,
ZAF,1987,
ZAF,1988,
ZAF,1989,
ZAF,1990,4.41053E+11
ZAF,1991,4.36562E+11
ZAF,1992,4.27233E+11
ZAF,1993,4.32503E+11
ZAF,1994,4.46343E+11
ZAF,1995,4.6018E+11
ZAF,1996,4.79967E+11
ZAF,1997,4.92447E+11
ZAF,1998,4.94909E+11
ZAF,1999,5.06787E+11
ZAF,2000,5.28072E+11
ZAF,2001,5.4233E+11
ZAF,2002,5.62398E+11
ZAF,2003,5.78983E+11
ZAF,2004,6.05353E+11
ZAF,2005,6.37298E+11
ZAF,2006,6.73011E+11
ZAF,2007,7.09088E+11
ZAF,2008,7.31715E+11
ZAF,2009,7.20461E+11
ZAF,2010,7.42361E+11
ZAF,2011,7.65883E+11
ZAF,2012,7.84235E+11
ZAF,2013,8.03727E+11
ZAF,2014,8.15091E+11
ZAF,2015,8.25865E+11
ZAF,2016,8.31353E+11
ZAF,2017,8.4098E+11
ZAF,2018,8.54072E+11
ZAF,2019,8.56292E+11
ZAF,2020,8.03468E+11
ZAF,2021,8.4328E+11
ZAF,2022,8.59399E+11
ZAF,2023,8.65402E+11
ZAF,2024,8.7042E+11
SAS,1960,
SAS,1961,
SAS,1962,
SAS,1963,
SAS,1964,
SAS,1965,
SAS,1966,
SAS,1967,
SAS,1968,
SAS,1969,
SAS,1970,
SAS,1971,
SAS,1972,
SAS,1973,
SAS,1974,
SAS,1975,
SAS,1976,
SAS,1977,
SAS,1978,
SAS,1979,
SAS,1980,
SAS,1981,
SAS,1982,
SAS,1983,
SAS,1984,
SAS,1985,
SAS,1986,
SAS,1987,
SAS,1988,
SAS,1989,
SAS,1990,2.25064E+12
SAS,1991,2.28453E+12
SAS,1992,2.40833E+12
SAS,1993,2.524E+12
SAS,1994,2.68446E+12
SAS,1995,2.87748E+12
SAS,1996,3.0813E+12
SAS,1997,3.21043E+12
SAS,1998,3.40266E+12
SAS,1999,3.6823E+12
SAS,2000,3.83256E+12
SAS,2001,4.01019E+12
SAS,2002,4.16118E+12
SAS,2003,4.47127E+12
SAS,2004,4.80877E+12
SAS,2005,5.17744E+12
SAS,2006,5.58506E+12
SAS,2007,6.00591E+12
SAS,2008,6.21449E+12
SAS,2009,6.67561E+12
SAS,2010,7.22172E+12
SAS,2011,7.61386E+12
SAS,2012,8.04259E+12
SAS,2013,8.54495E+12
SAS,2014,9.16395E+12
SAS,2015,9.87053E+12
SAS,2016,1.06585E+13
SAS,2017,1.13817E+13
SAS,2018,1.2113E+13
SAS,2019,1.26147E+13
SAS,2020,1.19947E+13
SAS,2021,1.31034E+13
SAS,2022,1.40444E+13
SAS,2023,1.52445E+13
SAS,2024,1.61925E+13
TSA,1960,
TSA,1961,
TSA,1962,
TSA,1963,
TSA,1964,
TSA,1965,
TSA,1966,
TSA,1967,
TSA,1968,
TSA,1969,
TSA,1970,
TSA,1971,
TSA,1972,
TSA,1973,
TSA,1974,
TSA,1975,
TSA,1976,
TSA,1977,
TSA,1978,
TSA,1979,
TSA,1980,
TSA,1981,
TSA,1982,
TSA,1983,
TSA,1984,
TSA,1985,
TSA,1986,
TSA,1987,
TSA,1988,
TSA,1989,
TSA,1990,2.25064E+12
TSA,1991,2.28453E+12
TSA,1992,2.40833E+12
TSA,1993,2.524E+12
TSA,1994,2.68446E+12
TSA,1995,2.87748E+12
TSA,1996,3.0813E+12
TSA,1997,3.21043E+12
TSA,1998,3.40266E+12
TSA,1999,3.6823E+12
TSA,2000,3.83256E+12
TSA,2001,4.01019E+12
TSA,2002,4.16118E+12
TSA,2003,4.47127E+12
TSA,2004,4.80877E+12
TSA,2005,5.17744E+12
TSA,2006,5.58506E+12
TSA,2007,6.00591E+12
TSA,2008,6.21449E+12
TSA,2009,6.67561E+12
TSA,2010,7.22172E+12
TSA,2011,7.61386E+12
TSA,2012,8.04259E+12
TSA,2013,8.54495E+12
TSA,2014,9.16395E+12
TSA,2015,9.87053E+12
TSA,2016,1.06585E+13
TSA,2017,1.13817E+13
TSA,2018,1.2113E+13
TSA,2019,1.26147E+13
TSA,2020,1.19947E+13
TSA,2021,1.31034E+13
TSA,2022,1.40444E+13
TSA,2023,1.52445E+13
TSA,2024,1.61925E+13
SSD,1960,
SSD,1961,
SSD,1962,
SSD,1963,
SSD,1964,
SSD,1965,
SSD,1966,
SSD,1967,
SSD,1968,
SSD,1969,
SSD,1970,
SSD,1971,
SSD,1972,
SSD,1973,
SSD,1974,
SSD,1975,
SSD,1976,
SSD,1977,
SSD,1978,
SSD,1979,
SSD,1980,
SSD,1981,
SSD,1982,
SSD,1983,
SSD,1984,
SSD,1985,
SSD,1986,
SSD,1987,
SSD,1988,
SSD,1989,
SSD,1990,
SSD,1991,
SSD,1992,
SSD,1993,
SSD,1994,
SSD,1995,
SSD,1996,
SSD,1997,
SSD,1998,
SSD,1999,
SSD,2000,
SSD,2001,
SSD,2002,
SSD,2003,
SSD,2004,
SSD,2005,
SSD,2006,
SSD,2007,
SSD,2008,
SSD,2009,
SSD,2010,
SSD,2011,
SSD,2012,
SSD,2013,
SSD,2014,
SSD,2015,
SSD,2016,
SSD,2017,
SSD,2018,
SSD,2019,
SSD,2020,
SSD,2021,
SSD,2022,
SSD,2023,
SSD,2024,
ESP,1960,
ESP,1961,
ESP,1962,
ESP,1963,
ESP,1964,
ESP,1965,
ESP,1966,
ESP,1967,
ESP,1968,
ESP,1969,
ESP,1970,
ESP,1971,
ESP,1972,
ESP,1973,
ESP,1974,
ESP,1975,
ESP,1976,
ESP,1977,
ESP,1978,
ESP,1979,
ESP,1980,
ESP,1981,
ESP,1982,
ESP,1983,
ESP,1984,
ESP,1985,
ESP,1986,
ESP,1987,
ESP,1988,
ESP,1989,
ESP,1990,1.23494E+12
ESP,1991,1.26638E+12
ESP,1992,1.27815E+12
ESP,1993,1.26497E+12
ESP,1994,1.29511E+12
ESP,1995,1.33082E+12
ESP,1996,1.36552E+12
ESP,1997,1.41451E+12
ESP,1998,1.47536E+12
ESP,1999,1.54041E+12
ESP,2000,1.62052E+12
ESP,2001,1.68403E+12
ESP,2002,1.73043E+12
ESP,2003,1.78129E+12
ESP,2004,1.83677E+12
ESP,2005,1.902E+12
ESP,2006,1.97891E+12
ESP,2007,2.04883E+12
ESP,2008,2.06455E+12
ESP,2009,1.98676E+12
ESP,2010,1.98863E+12
ESP,2011,1.9759E+12
ESP,2012,1.91929E+12
ESP,2013,1.89189E+12
ESP,2014,1.92066E+12
ESP,2015,1.99865E+12
ESP,2016,2.05692E+12
ESP,2017,2.11649E+12
ESP,2018,2.16719E+12
ESP,2019,2.20969E+12
ESP,2020,1.96795E+12
ESP,2021,2.09947E+12
ESP,2022,2.2292E+12
ESP,2023,2.28885E+12
ESP,2024,2.36095E+12
LKA,1960,
LKA,1961,
LKA,1962,
LKA,1963,
LKA,1964,
LKA,1965,
LKA,1966,
LKA,1967,
LKA,1968,
LKA,1969,
LKA,1970,
LKA,1971,
LKA,1972,
LKA,1973,
LKA,1974,
LKA,1975,
LKA,1976,
LKA,1977,
LKA,1978,
LKA,1979,
LKA,1980,
LKA,1981,
LKA,1982,
LKA,1983,
LKA,1984,
LKA,1985,
LKA,1986,
LKA,1987,
LKA,1988,
LKA,1989,
LKA,1990,74593031180
LKA,1991,78024301099
LKA,1992,81457363522
LKA,1993,87077973128
LKA,1994,91954268850
LKA,1995,97011832013
LKA,1996,1.00698E+11
LKA,1997,1.07148E+11
LKA,1998,1.12183E+11
LKA,1999,1.17007E+11
LKA,2000,1.24028E+11
LKA,2001,1.22111E+11
LKA,2002,1.26952E+11
LKA,2003,1.34493E+11
LKA,2004,1.41817E+11
LKA,2005,1.50669E+11
LKA,2006,1.62222E+11
LKA,2007,1.73248E+11
LKA,2008,1.83557E+11
LKA,2009,1.90053E+11
LKA,2010,2.05287E+11
LKA,2011,2.23084E+11
LKA,2012,2.42341E+11
LKA,2013,2.52161E+11
LKA,2014,2.68243E+11
LKA,2015,2.79525E+11
LKA,2016,2.93652E+11
LKA,2017,3.12624E+11
LKA,2018,3.19845E+11
LKA,2019,3.1914E+11
LKA,2020,3.04382E+11
LKA,2021,3.17188E+11
LKA,2022,2.93878E+11
LKA,2023,2.87031E+11
LKA,2024,3.01407E+11
KNA,1960,
KNA,1961,
KNA,1962,
KNA,1963,
KNA,1964,
KNA,1965,
KNA,1966,
KNA,1967,
KNA,1968,
KNA,1969,
KNA,1970,
KNA,1971,
KNA,1972,
KNA,1973,
KNA,1974,
KNA,1975,
KNA,1976,
KNA,1977,
KNA,1978,
KNA,1979,
KNA,1980,
KNA,1981,
KNA,1982,
KNA,1983,
KNA,1984,
KNA,1985,
KNA,1986,
KNA,1987,
KNA,1988,
KNA,1989,
KNA,1990,579230492.4
KNA,1991,568429644.3
KNA,1992,592695757.1
KNA,1993,633010622.7
KNA,1994,666571067.4
KNA,1995,702453538.9
KNA,1996,743496761.4
KNA,1997,794232733.4
KNA,1998,790366839.1
KNA,1999,815815753.6
KNA,2000,897746566.8
KNA,2001,944909232.2
KNA,2002,957832898.2
KNA,2003,920157548.2
KNA,2004,956930233.7
KNA,2005,1050066538
KNA,2006,1083147636
KNA,2007,1089653046
KNA,2008,1212969472
KNA,2009,1171671013
KNA,2010,1171036035
KNA,2011,1189967090
KNA,2012,1181189455
KNA,2013,1248839493
KNA,2014,1343463637
KNA,2015,1352789095
KNA,2016,1405990275
KNA,2017,1409096686
KNA,2018,1437328298
KNA,2019,1479560547
KNA,2020,1253159832
KNA,2021,1257766534
KNA,2022,1387849831
KNA,2023,1447923712
KNA,2024,1464812876
LCA,1960,
LCA,1961,
LCA,1962,
LCA,1963,
LCA,1964,
LCA,1965,
LCA,1966,
LCA,1967,
LCA,1968,
LCA,1969,
LCA,1970,
LCA,1971,
LCA,1972,
LCA,1973,
LCA,1974,
LCA,1975,
LCA,1976,
LCA,1977,
LCA,1978,
LCA,1979,
LCA,1980,
LCA,1981,
LCA,1982,
LCA,1983,
LCA,1984,
LCA,1985,
LCA,1986,
LCA,1987,
LCA,1988,
LCA,1989,
LCA,1990,2374193749
LCA,1991,2383113073
LCA,1992,2572643852
LCA,1993,2587647504
LCA,1994,2629012606
LCA,1995,2674973685
LCA,1996,2753152144
LCA,1997,2734041685
LCA,1998,2905916428
LCA,1999,2983521934
LCA,2000,2984976358
LCA,2001,2883246455
LCA,2002,2895253749
LCA,2003,3018725073
LCA,2004,3238108166
LCA,2005,3224822056
LCA,2006,3424608079
LCA,2007,3482539385
LCA,2008,3654901471
LCA,2009,3551507980
LCA,2010,3563228615
LCA,2011,3717407479
LCA,2012,3713364570
LCA,2013,3645826785
LCA,2014,3694246654
LCA,2015,3698011750
LCA,2016,3824774865
LCA,2017,3954045607
LCA,2018,4068190166
LCA,2019,4039699719
LCA,2020,3055569354
LCA,2021,3409978231
LCA,2022,4105219705
LCA,2023,4195940248
LCA,2024,4359235763
MAF,1960,
MAF,1961,
MAF,1962,
MAF,1963,
MAF,1964,
MAF,1965,
MAF,1966,
MAF,1967,
MAF,1968,
MAF,1969,
MAF,1970,
MAF,1971,
MAF,1972,
MAF,1973,
MAF,1974,
MAF,1975,
MAF,1976,
MAF,1977,
MAF,1978,
MAF,1979,
MAF,1980,
MAF,1981,
MAF,1982,
MAF,1983,
MAF,1984,
MAF,1985,
MAF,1986,
MAF,1987,
MAF,1988,
MAF,1989,
MAF,1990,
MAF,1991,
MAF,1992,
MAF,1993,
MAF,1994,
MAF,1995,
MAF,1996,
MAF,1997,
MAF,1998,
MAF,1999,
MAF,2000,
MAF,2001,
MAF,2002,
MAF,2003,
MAF,2004,
MAF,2005,
MAF,2006,
MAF,2007,
MAF,2008,
MAF,2009,
MAF,2010,
MAF,2011,
MAF,2012,
MAF,2013,
MAF,2014,
MAF,2015,
MAF,2016,
MAF,2017,
MAF,2018,
MAF,2019,
MAF,2020,
MAF,2021,
MAF,2022,
MAF,2023,
MAF,2024,
VCT,1960,
VCT,1961,
VCT,1962,
VCT,1963,
VCT,1964,
VCT,1965,
VCT,1966,
VCT,1967,
VCT,1968,
VCT,1969,
VCT,1970,
VCT,1971,
VCT,1972,
VCT,1973,
VCT,1974,
VCT,1975,
VCT,1976,
VCT,1977,
VCT,1978,
VCT,1979,
VCT,1980,
VCT,1981,
VCT,1982,
VCT,1983,
VCT,1984,
VCT,1985,
VCT,1986,
VCT,1987,
VCT,1988,
VCT,1989,
VCT,1990,834942552.4
VCT,1991,844423953
VCT,1992,898280811.3
VCT,1993,936464310.2
VCT,1994,924780762.7
VCT,1995,996605250.1
VCT,1996,1009440649
VCT,1997,1044823066
VCT,1998,1087558367
VCT,1999,1117034577
VCT,2000,1135343131
VCT,2001,1155191551
VCT,2002,1216903352
VCT,2003,1298330452
VCT,2004,1351752840
VCT,2005,1385391984
VCT,2006,1482326840
VCT,2007,1531584095
VCT,2008,1537781509
VCT,2009,1516587903
VCT,2010,1448789327
VCT,2011,1440005656
VCT,2012,1456840937
VCT,2013,1492715415
VCT,2014,1511378154
VCT,2015,1553442245
VCT,2016,1617846899
VCT,2017,1641286760
VCT,2018,1693407651
VCT,2019,1704726870
VCT,2020,1631953369
VCT,2021,1666116701
VCT,2022,1717946810
VCT,2023,1809450922
VCT,2024,1882947831
SSF,1960,
SSF,1961,
SSF,1962,
SSF,1963,
SSF,1964,
SSF,1965,
SSF,1966,
SSF,1967,
SSF,1968,
SSF,1969,
SSF,1970,
SSF,1971,
SSF,1972,
SSF,1973,
SSF,1974,
SSF,1975,
SSF,1976,
SSF,1977,
SSF,1978,
SSF,1979,
SSF,1980,
SSF,1981,
SSF,1982,
SSF,1983,
SSF,1984,
SSF,1985,
SSF,1986,
SSF,1987,
SSF,1988,
SSF,1989,
SSF,1990,1.75037E+12
SSF,1991,1.75856E+12
SSF,1992,1.74963E+12
SSF,1993,1.73241E+12
SSF,1994,1.74902E+12
SSF,1995,1.81118E+12
SSF,1996,1.90543E+12
SSF,1997,1.98609E+12
SSF,1998,2.03871E+12
SSF,1999,2.08603E+12
SSF,2000,2.15728E+12
SSF,2001,2.24933E+12
SSF,2002,2.3855E+12
SSF,2003,2.48322E+12
SSF,2004,2.64859E+12
SSF,2005,2.81152E+12
SSF,2006,2.98407E+12
SSF,2007,3.1685E+12
SSF,2008,3.33651E+12
SSF,2009,3.43735E+12
SSF,2010,3.64369E+12
SSF,2011,3.81133E+12
SSF,2012,3.96311E+12
SSF,2013,4.16235E+12
SSF,2014,4.36643E+12
SSF,2015,4.50455E+12
SSF,2016,4.58045E+12
SSF,2017,4.70837E+12
SSF,2018,4.84755E+12
SSF,2019,4.9868E+12
SSF,2020,4.89666E+12
SSF,2021,5.11049E+12
SSF,2022,5.30737E+12
SSF,2023,5.44453E+12
SSF,2024,5.6416E+12
SSA,1960,
SSA,1961,
SSA,1962,
SSA,1963,
SSA,1964,
SSA,1965,
SSA,1966,
SSA,1967,
SSA,1968,
SSA,1969,
SSA,1970,
SSA,1971,
SSA,1972,
SSA,1973,
SSA,1974,
SSA,1975,
SSA,1976,
SSA,1977,
SSA,1978,
SSA,1979,
SSA,1980,
SSA,1981,
SSA,1982,
SSA,1983,
SSA,1984,
SSA,1985,
SSA,1986,
SSA,1987,
SSA,1988,
SSA,1989,
SSA,1990,1.70782E+12
SSA,1991,1.719E+12
SSA,1992,1.71336E+12
SSA,1993,1.69137E+12
SSA,1994,1.70673E+12
SSA,1995,1.76636E+12
SSA,1996,1.85503E+12
SSA,1997,1.93399E+12
SSA,1998,1.98836E+12
SSA,1999,2.03311E+12
SSA,2000,2.10116E+12
SSA,2001,2.18871E+12
SSA,2002,2.32399E+12
SSA,2003,2.42315E+12
SSA,2004,2.58057E+12
SSA,2005,2.73546E+12
SSA,2006,2.89975E+12
SSA,2007,3.07452E+12
SSA,2008,3.23261E+12
SSA,2009,3.32446E+12
SSA,2010,3.51672E+12
SSA,2011,3.67013E+12
SSA,2012,3.80976E+12
SSA,2013,3.99292E+12
SSA,2014,4.1797E+12
SSA,2015,4.29835E+12
SSA,2016,4.35462E+12
SSA,2017,4.46092E+12
SSA,2018,4.58324E+12
SSA,2019,4.7004E+12
SSA,2020,4.59338E+12
SSA,2021,4.79024E+12
SSA,2022,4.96983E+12
SSA,2023,5.08481E+12
SSA,2024,5.25564E+12
TSS,1960,
TSS,1961,
TSS,1962,
TSS,1963,
TSS,1964,
TSS,1965,
TSS,1966,
TSS,1967,
TSS,1968,
TSS,1969,
TSS,1970,
TSS,1971,
TSS,1972,
TSS,1973,
TSS,1974,
TSS,1975,
TSS,1976,
TSS,1977,
TSS,1978,
TSS,1979,
TSS,1980,
TSS,1981,
TSS,1982,
TSS,1983,
TSS,1984,
TSS,1985,
TSS,1986,
TSS,1987,
TSS,1988,
TSS,1989,
TSS,1990,1.75037E+12
TSS,1991,1.75856E+12
TSS,1992,1.74963E+12
TSS,1993,1.73241E+12
TSS,1994,1.74902E+12
TSS,1995,1.81118E+12
TSS,1996,1.90543E+12
TSS,1997,1.98609E+12
TSS,1998,2.03871E+12
TSS,1999,2.08603E+12
TSS,2000,2.15728E+12
TSS,2001,2.24933E+12
TSS,2002,2.3855E+12
TSS,2003,2.48322E+12
TSS,2004,2.64859E+12
TSS,2005,2.81152E+12
TSS,2006,2.98407E+12
TSS,2007,3.1685E+12
TSS,2008,3.33651E+12
TSS,2009,3.43735E+12
TSS,2010,3.64369E+12
TSS,2011,3.81133E+12
TSS,2012,3.96311E+12
TSS,2013,4.16235E+12
TSS,2014,4.36643E+12
TSS,2015,4.50455E+12
TSS,2016,4.58045E+12
TSS,2017,4.70837E+12
TSS,2018,4.84755E+12
TSS,2019,4.9868E+12
TSS,2020,4.89666E+12
TSS,2021,5.11049E+12
TSS,2022,5.30737E+12
TSS,2023,5.44453E+12
TSS,2024,5.6416E+12
SDN,1960,
SDN,1961,
SDN,1962,
SDN,1963,
SDN,1964,
SDN,1965,
SDN,1966,
SDN,1967,
SDN,1968,
SDN,1969,
SDN,1970,
SDN,1971,
SDN,1972,
SDN,1973,
SDN,1974,
SDN,1975,
SDN,1976,
SDN,1977,
SDN,1978,
SDN,1979,
SDN,1980,
SDN,1981,
SDN,1982,
SDN,1983,
SDN,1984,
SDN,1985,
SDN,1986,
SDN,1987,
SDN,1988,
SDN,1989,
SDN,1990,65832468680
SDN,1991,70777086386
SDN,1992,75432705021
SDN,1993,78879036120
SDN,1994,79672740052
SDN,1995,84450787779
SDN,1996,89449534427
SDN,1997,1.0583E+11
SDN,1998,1.1039E+11
SDN,1999,1.13816E+11
SDN,2000,1.21039E+11
SDN,2001,1.28907E+11
SDN,2002,1.3665E+11
SDN,2003,1.45243E+11
SDN,2004,1.5271E+11
SDN,2005,1.61328E+11
SDN,2006,1.71866E+11
SDN,2007,1.81722E+11
SDN,2008,1.88713E+11
SDN,2009,1.8349E+11
SDN,2010,1.90569E+11
SDN,2011,1.84445E+11
SDN,2012,1.53081E+11
SDN,2013,1.56074E+11
SDN,2014,1.63349E+11
SDN,2015,1.66469E+11
SDN,2016,1.72242E+11
SDN,2017,1.73464E+11
SDN,2018,1.68813E+11
SDN,2019,1.65136E+11
SDN,2020,1.59142E+11
SDN,2021,1.56168E+11
SDN,2022,1.54672E+11
SDN,2023,1.09147E+11
SDN,2024,94419727847
SUR,1960,
SUR,1961,
SUR,1962,
SUR,1963,
SUR,1964,
SUR,1965,
SUR,1966,
SUR,1967,
SUR,1968,
SUR,1969,
SUR,1970,
SUR,1971,
SUR,1972,
SUR,1973,
SUR,1974,
SUR,1975,
SUR,1976,
SUR,1977,
SUR,1978,
SUR,1979,
SUR,1980,
SUR,1981,
SUR,1982,
SUR,1983,
SUR,1984,
SUR,1985,
SUR,1986,
SUR,1987,
SUR,1988,
SUR,1989,
SUR,1990,7069161062
SUR,1991,7260028349
SUR,1992,7289068463
SUR,1993,6800701011
SUR,1994,7031924770
SUR,1995,7031924770
SUR,1996,7102244104
SUR,1997,7507071853
SUR,1998,7679734630
SUR,1999,7572218309
SUR,2000,7731234808
SUR,2001,8055946702
SUR,2002,8281513265
SUR,2003,8803248554
SUR,2004,9551524698
SUR,2005,9981343329
SUR,2006,10559616805
SUR,2007,11099370328
SUR,2008,11559262394
SUR,2009,11907623767
SUR,2010,12523108019
SUR,2011,13255630651
SUR,2012,13612253477
SUR,2013,14011560990
SUR,2014,14047360953
SUR,2015,13567918528
SUR,2016,12901508432
SUR,2017,13103550934
SUR,2018,13751950156
SUR,2019,13912516520
SUR,2020,11689965333
SUR,2021,11405269573
SUR,2022,11679705720
SUR,2023,11976319643
SUR,2024,12316397542
SWE,1960,
SWE,1961,
SWE,1962,
SWE,1963,
SWE,1964,
SWE,1965,
SWE,1966,
SWE,1967,
SWE,1968,
SWE,1969,
SWE,1970,
SWE,1971,
SWE,1972,
SWE,1973,
SWE,1974,
SWE,1975,
SWE,1976,
SWE,1977,
SWE,1978,
SWE,1979,
SWE,1980,
SWE,1981,
SWE,1982,
SWE,1983,
SWE,1984,
SWE,1985,
SWE,1986,
SWE,1987,
SWE,1988,
SWE,1989,
SWE,1990,3.44111E+11
SWE,1991,3.40168E+11
SWE,1992,3.36227E+11
SWE,1993,3.29282E+11
SWE,1994,3.42504E+11
SWE,1995,3.56527E+11
SWE,1996,3.62606E+11
SWE,1997,3.73719E+11
SWE,1998,3.89586E+11
SWE,1999,4.05953E+11
SWE,2000,4.24753E+11
SWE,2001,4.30533E+11
SWE,2002,4.40339E+11
SWE,2003,4.48622E+11
SWE,2004,4.67372E+11
SWE,2005,4.80426E+11
SWE,2006,5.02891E+11
SWE,2007,5.19109E+11
SWE,2008,5.14317E+11
SWE,2009,4.9243E+11
SWE,2010,5.20748E+11
SWE,2011,5.37224E+11
SWE,2012,5.34997E+11
SWE,2013,5.41084E+11
SWE,2014,5.53506E+11
SWE,2015,5.77917E+11
SWE,2016,5.91496E+11
SWE,2017,6.02292E+11
SWE,2018,6.13753E+11
SWE,2019,6.29402E+11
SWE,2020,6.1678E+11
SWE,2021,6.53402E+11
SWE,2022,6.62937E+11
SWE,2023,6.6218E+11
SWE,2024,6.68628E+11
CHE,1960,
CHE,1961,
CHE,1962,
CHE,1963,
CHE,1964,
CHE,1965,
CHE,1966,
CHE,1967,
CHE,1968,
CHE,1969,
CHE,1970,
CHE,1971,
CHE,1972,
CHE,1973,
CHE,1974,
CHE,1975,
CHE,1976,
CHE,1977,
CHE,1978,
CHE,1979,
CHE,1980,
CHE,1981,
CHE,1982,
CHE,1983,
CHE,1984,
CHE,1985,
CHE,1986,
CHE,1987,
CHE,1988,
CHE,1989,
CHE,1990,4.29865E+11
CHE,1991,4.25929E+11
CHE,1992,4.25742E+11
CHE,1993,4.25206E+11
CHE,1994,4.30605E+11
CHE,1995,4.32676E+11
CHE,1996,4.34715E+11
CHE,1997,4.44545E+11
CHE,1998,4.58015E+11
CHE,1999,4.6563E+11
CHE,2000,4.84063E+11
CHE,2001,4.9169E+11
CHE,2002,4.9133E+11
CHE,2003,4.91171E+11
CHE,2004,5.04441E+11
CHE,2005,5.18312E+11
CHE,2006,5.39426E+11
CHE,2007,5.60552E+11
CHE,2008,5.76292E+11
CHE,2009,5.63053E+11
CHE,2010,5.81315E+11
CHE,2011,5.91854E+11
CHE,2012,5.98834E+11
CHE,2013,6.09566E+11
CHE,2014,6.2389E+11
CHE,2015,6.34151E+11
CHE,2016,6.47269E+11
CHE,2017,6.5609E+11
CHE,2018,6.74857E+11
CHE,2019,6.82564E+11
CHE,2020,6.67945E+11
CHE,2021,7.05081E+11
CHE,2022,7.26544E+11
CHE,2023,7.31508E+11
CHE,2024,7.41035E+11
SYR,1960,
SYR,1961,
SYR,1962,
SYR,1963,
SYR,1964,
SYR,1965,
SYR,1966,
SYR,1967,
SYR,1968,
SYR,1969,
SYR,1970,
SYR,1971,
SYR,1972,
SYR,1973,
SYR,1974,
SYR,1975,
SYR,1976,
SYR,1977,
SYR,1978,
SYR,1979,
SYR,1980,
SYR,1981,
SYR,1982,
SYR,1983,
SYR,1984,
SYR,1985,
SYR,1986,
SYR,1987,
SYR,1988,
SYR,1989,
SYR,1990,73316725296
SYR,1991,78937528716
SYR,1992,89177928602
SYR,1993,94663169864
SYR,1994,1.01491E+11
SYR,1995,1.08623E+11
SYR,1996,1.19295E+11
SYR,1997,1.25289E+11
SYR,1998,1.3379E+11
SYR,1999,1.29036E+11
SYR,2000,1.29907E+11
SYR,2001,1.31268E+11
SYR,2002,1.36459E+11
SYR,2003,1.46291E+11
SYR,2004,1.56389E+11
SYR,2005,1.66109E+11
SYR,2006,1.74491E+11
SYR,2007,1.84392E+11
SYR,2008,1.92647E+11
SYR,2009,2.04036E+11
SYR,2010,2.1463E+11
SYR,2011,2.20747E+11
SYR,2012,1.62604E+11
SYR,2013,1.19839E+11
SYR,2014,1.07483E+11
SYR,2015,1.02991E+11
SYR,2016,96393597836
SYR,2017,95696400508
SYR,2018,97029619867
SYR,2019,98214065503
SYR,2020,97529361721
SYR,2021,99337766654
SYR,2022,1.00066E+11
SYR,2023,98857637916
SYR,2024,
TJK,1960,
TJK,1961,
TJK,1962,
TJK,1963,
TJK,1964,
TJK,1965,
TJK,1966,
TJK,1967,
TJK,1968,
TJK,1969,
TJK,1970,
TJK,1971,
TJK,1972,
TJK,1973,
TJK,1974,
TJK,1975,
TJK,1976,
TJK,1977,
TJK,1978,
TJK,1979,
TJK,1980,
TJK,1981,
TJK,1982,
TJK,1983,
TJK,1984,
TJK,1985,
TJK,1986,
TJK,1987,
TJK,1988,
TJK,1989,
TJK,1990,22529307638
TJK,1991,20929727000
TJK,1992,14860105949
TJK,1993,12423048596
TJK,1994,9776939492
TJK,1995,8563003180
TJK,1996,7132981783
TJK,1997,7252863963
TJK,1998,7638199027
TJK,1999,7920778074
TJK,2000,8580129343
TJK,2001,9402177480
TJK,2002,10417613001
TJK,2003,11563550335
TJK,2004,12754595897
TJK,2005,13609153633
TJK,2006,14561794824
TJK,2007,15697614838
TJK,2008,16937726138
TJK,2009,17598297652
TJK,2010,18742186839
TJK,2011,20129108777
TJK,2012,21638791827
TJK,2013,23240062368
TJK,2014,24797146707
TJK,2015,26289762181
TJK,2016,28103755772
TJK,2017,30099122549
TJK,2018,32386655529
TJK,2019,34783268091
TJK,2020,36313732275
TJK,2021,39727222945
TJK,2022,42905400916
TJK,2023,46466548855
TJK,2024,50369738871
TZA,1960,
TZA,1961,
TZA,1962,
TZA,1963,
TZA,1964,
TZA,1965,
TZA,1966,
TZA,1967,
TZA,1968,
TZA,1969,
TZA,1970,
TZA,1971,
TZA,1972,
TZA,1973,
TZA,1974,
TZA,1975,
TZA,1976,
TZA,1977,
TZA,1978,
TZA,1979,
TZA,1980,
TZA,1981,
TZA,1982,
TZA,1983,
TZA,1984,
TZA,1985,
TZA,1986,
TZA,1987,
TZA,1988,
TZA,1989,
TZA,1990,45548129428
TZA,1991,46491881301
TZA,1992,46763543653
TZA,1993,47327418841
TZA,1994,48069352690
TZA,1995,49785386217
TZA,1996,52047816781
TZA,1997,53882647114
TZA,1998,55880891332
TZA,1999,58598861751
TZA,2000,61247990090
TZA,2001,64966238148
TZA,2002,69574420094
TZA,2003,74216974922
TZA,2004,79786079166
TZA,2005,85751141169
TZA,2006,91352595553
TZA,2007,97535828142
TZA,2008,1.03082E+11
TZA,2009,1.08514E+11
TZA,2010,1.1539E+11
TZA,2011,1.24242E+11
TZA,2012,1.29834E+11
TZA,2013,1.38638E+11
TZA,2014,1.47972E+11
TZA,2015,1.57088E+11
TZA,2016,1.67876E+11
TZA,2017,1.79228E+11
TZA,2018,1.89028E+11
TZA,2019,1.99992E+11
TZA,2020,2.03976E+11
TZA,2021,2.1279E+11
TZA,2022,2.22506E+11
TZA,2023,2.33786E+11
TZA,2024,2.46706E+11
THA,1960,
THA,1961,
THA,1962,
THA,1963,
THA,1964,
THA,1965,
THA,1966,
THA,1967,
THA,1968,
THA,1969,
THA,1970,
THA,1971,
THA,1972,
THA,1973,
THA,1974,
THA,1975,
THA,1976,
THA,1977,
THA,1978,
THA,1979,
THA,1980,
THA,1981,
THA,1982,
THA,1983,
THA,1984,
THA,1985,
THA,1986,
THA,1987,
THA,1988,
THA,1989,
THA,1990,4.7633E+11
THA,1991,5.17096E+11
THA,1992,5.58895E+11
THA,1993,6.05014E+11
THA,1994,6.53398E+11
THA,1995,7.06456E+11
THA,1996,7.46384E+11
THA,1997,7.25832E+11
THA,1998,6.70422E+11
THA,1999,7.01075E+11
THA,2000,7.3231E+11
THA,2001,7.57532E+11
THA,2002,8.04113E+11
THA,2003,8.61923E+11
THA,2004,9.16132E+11
THA,2005,9.54497E+11
THA,2006,1.00191E+12
THA,2007,1.05637E+12
THA,2008,1.0746E+12
THA,2009,1.06718E+12
THA,2010,1.14736E+12
THA,2011,1.157E+12
THA,2012,1.2408E+12
THA,2013,1.27414E+12
THA,2014,1.28669E+12
THA,2015,1.32701E+12
THA,2016,1.3726E+12
THA,2017,1.42994E+12
THA,2018,1.49033E+12
THA,2019,1.52184E+12
THA,2020,1.42977E+12
THA,2021,1.45196E+12
THA,2022,1.48943E+12
THA,2023,1.51948E+12
THA,2024,1.55786E+12
TLS,1960,
TLS,1961,
TLS,1962,
TLS,1963,
TLS,1964,
TLS,1965,
TLS,1966,
TLS,1967,
TLS,1968,
TLS,1969,
TLS,1970,
TLS,1971,
TLS,1972,
TLS,1973,
TLS,1974,
TLS,1975,
TLS,1976,
TLS,1977,
TLS,1978,
TLS,1979,
TLS,1980,
TLS,1981,
TLS,1982,
TLS,1983,
TLS,1984,
TLS,1985,
TLS,1986,
TLS,1987,
TLS,1988,
TLS,1989,
TLS,1990,1630800788
TLS,1991,1805529359
TLS,1992,1994379057
TLS,1993,2197900763
TLS,1994,2354453681
TLS,1995,2511760963
TLS,1996,2712254370
TLS,1997,2820744383
TLS,1998,2764329603
TLS,1999,1784307552
TLS,2000,2820599404
TLS,2001,3281806356
TLS,2002,3061805485
TLS,2003,2994988802
TLS,2004,3006968876
TLS,2005,3096714257
TLS,2006,2969250628
TLS,2007,3274055739
TLS,2008,3647128000
TLS,2009,4017200416
TLS,2010,4392065946
TLS,2011,4653768939
TLS,2012,4879971050
TLS,2013,5031463253
TLS,2014,5256495369
TLS,2015,5386858578
TLS,2016,5548999284
TLS,2017,5372407086
TLS,2018,5372413251
TLS,2019,6630203372
TLS,2020,8749343574
TLS,2021,9214418303
TLS,2022,7321630759
TLS,2023,5994600489
TLS,2024,5863371397
TGO,1960,
TGO,1961,
TGO,1962,
TGO,1963,
TGO,1964,
TGO,1965,
TGO,1966,
TGO,1967,
TGO,1968,
TGO,1969,
TGO,1970,
TGO,1971,
TGO,1972,
TGO,1973,
TGO,1974,
TGO,1975,
TGO,1976,
TGO,1977,
TGO,1978,
TGO,1979,
TGO,1980,
TGO,1981,
TGO,1982,
TGO,1983,
TGO,1984,
TGO,1985,
TGO,1986,
TGO,1987,
TGO,1988,
TGO,1989,
TGO,1990,8682094115
TGO,1991,8621322278
TGO,1992,8278134439
TGO,1993,7028481546
TGO,1994,8081517773
TGO,1995,8715580106
TGO,1996,9485707209
TGO,1997,10849503150
TGO,1998,10599977969
TGO,1999,10863043075
TGO,2000,10777933348
TGO,2001,10866683027
TGO,2002,11282509973
TGO,2003,12040713985
TGO,2004,11922875691
TGO,2005,11366518616
TGO,2006,11667746374
TGO,2007,11530636308
TGO,2008,11995971887
TGO,2009,12650211080
TGO,2010,13390799053
TGO,2011,14170579058
TGO,2012,15063707496
TGO,2013,15941057865
TGO,2014,16839055947
TGO,2015,17759820796
TGO,2016,18508378703
TGO,2017,19250219186
TGO,2018,20173278798
TGO,2019,21166394368
TGO,2020,21588061756
TGO,2021,22881375789
TGO,2022,24199238356
TGO,2023,25749906712
TGO,2024,27114653136
TON,1960,
TON,1961,
TON,1962,
TON,1963,
TON,1964,
TON,1965,
TON,1966,
TON,1967,
TON,1968,
TON,1969,
TON,1970,
TON,1971,
TON,1972,
TON,1973,
TON,1974,
TON,1975,
TON,1976,
TON,1977,
TON,1978,
TON,1979,
TON,1980,
TON,1981,
TON,1982,
TON,1983,
TON,1984,
TON,1985,
TON,1986,
TON,1987,
TON,1988,
TON,1989,
TON,1990,447435576.1
TON,1991,476138360.5
TON,1992,477338102.5
TON,1993,495181278.2
TON,1994,519705236.2
TON,1995,552073311
TON,1996,552586287.4
TON,1997,549267797.7
TON,1998,561860182.1
TON,1999,574796802.7
TON,2000,596375234.8
TON,2001,605276023.4
TON,2002,632085051.9
TON,2003,632412506.3
TON,2004,619966960.8
TON,2005,615889743.8
TON,2006,602551644.8
TON,2007,587702917.7
TON,2008,616281978
TON,2009,584671777.2
TON,2010,589491793.3
TON,2011,629009539.7
TON,2012,634794924.3
TON,2013,637295524.5
TON,2014,649981132.2
TON,2015,657220258.2
TON,2016,700588243.5
TON,2017,723023319.2
TON,2018,727994440.8
TON,2019,726477057.3
TON,2020,739433019.3
TON,2021,742114235.1
TON,2022,724972402.2
TON,2023,740081956.8
TON,2024,
TTO,1960,
TTO,1961,
TTO,1962,
TTO,1963,
TTO,1964,
TTO,1965,
TTO,1966,
TTO,1967,
TTO,1968,
TTO,1969,
TTO,1970,
TTO,1971,
TTO,1972,
TTO,1973,
TTO,1974,
TTO,1975,
TTO,1976,
TTO,1977,
TTO,1978,
TTO,1979,
TTO,1980,
TTO,1981,
TTO,1982,
TTO,1983,
TTO,1984,
TTO,1985,
TTO,1986,
TTO,1987,
TTO,1988,
TTO,1989,
TTO,1990,14882188254
TTO,1991,15345382651
TTO,1992,16894188979
TTO,1993,16781147465
TTO,1994,17379761303
TTO,1995,18041915113
TTO,1996,19329111481
TTO,1997,20783212439
TTO,1998,22471757834
TTO,1999,24275075421
TTO,2000,25950385667
TTO,2001,27032133717
TTO,2002,29177595692
TTO,2003,33391129234
TTO,2004,36045741208
TTO,2005,38283798888
TTO,2006,43340345481
TTO,2007,45400836391
TTO,2008,46940713392
TTO,2009,44879204353
TTO,2010,46370641162
TTO,2011,46234147135
TTO,2012,49336497089
TTO,2013,50986608765
TTO,2014,52870750137
TTO,2015,52572127177
TTO,2016,48679974311
TTO,2017,46334286469
TTO,2018,45877650454
TTO,2019,46094107349
TTO,2020,41990443713
TTO,2021,41607493862
TTO,2022,42057779455
TTO,2023,42657991661
TTO,2024,43362105898
TUN,1960,
TUN,1961,
TUN,1962,
TUN,1963,
TUN,1964,
TUN,1965,
TUN,1966,
TUN,1967,
TUN,1968,
TUN,1969,
TUN,1970,
TUN,1971,
TUN,1972,
TUN,1973,
TUN,1974,
TUN,1975,
TUN,1976,
TUN,1977,
TUN,1978,
TUN,1979,
TUN,1980,
TUN,1981,
TUN,1982,
TUN,1983,
TUN,1984,
TUN,1985,
TUN,1986,
TUN,1987,
TUN,1988,
TUN,1989,
TUN,1990,56128641746
TUN,1991,58320209991
TUN,1992,62872527464
TUN,1993,64249328216
TUN,1994,66291436139
TUN,1995,67850391856
TUN,1996,72699035795
TUN,1997,76654549258
TUN,1998,80321520824
TUN,1999,85184695317
TUN,2000,89196871394
TUN,2001,92583026946
TUN,2002,93807490387
TUN,2003,98218693376
TUN,2004,1.04343E+11
TUN,2005,1.07981E+11
TUN,2006,1.13644E+11
TUN,2007,1.21269E+11
TUN,2008,1.26408E+11
TUN,2009,1.30255E+11
TUN,2010,1.34125E+11
TUN,2011,1.3138E+11
TUN,2012,1.3692E+11
TUN,2013,1.40247E+11
TUN,2014,1.44581E+11
TUN,2015,1.4598E+11
TUN,2016,1.47612E+11
TUN,2017,1.50915E+11
TUN,2018,1.54876E+11
TUN,2019,1.57336E+11
TUN,2020,1.43157E+11
TUN,2021,1.49937E+11
TUN,2022,1.53945E+11
TUN,2023,1.54006E+11
TUN,2024,1.56086E+11
TUR,1960,
TUR,1961,
TUR,1962,
TUR,1963,
TUR,1964,
TUR,1965,
TUR,1966,
TUR,1967,
TUR,1968,
TUR,1969,
TUR,1970,
TUR,1971,
TUR,1972,
TUR,1973,
TUR,1974,
TUR,1975,
TUR,1976,
TUR,1977,
TUR,1978,
TUR,1979,
TUR,1980,
TUR,1981,
TUR,1982,
TUR,1983,
TUR,1984,
TUR,1985,
TUR,1986,
TUR,1987,
TUR,1988,
TUR,1989,
TUR,1990,6.72762E+11
TUR,1991,6.77607E+11
TUR,1992,7.11729E+11
TUR,1993,7.66185E+11
TUR,1994,7.30419E+11
TUR,1995,7.87963E+11
TUR,1996,8.46112E+11
TUR,1997,9.10228E+11
TUR,1998,9.32111E+11
TUR,1999,9.01695E+11
TUR,2000,9.64211E+11
TUR,2001,9.08769E+11
TUR,2002,9.67364E+11
TUR,2003,1.02312E+12
TUR,2004,1.12334E+12
TUR,2005,1.22435E+12
TUR,2006,1.30942E+12
TUR,2007,1.37546E+12
TUR,2008,1.38667E+12
TUR,2009,1.31979E+12
TUR,2010,1.43101E+12
TUR,2011,1.59129E+12
TUR,2012,1.66748E+12
TUR,2013,1.80898E+12
TUR,2014,1.89834E+12
TUR,2015,2.01385E+12
TUR,2016,2.08077E+12
TUR,2017,2.23687E+12
TUR,2018,2.30427E+12
TUR,2019,2.32313E+12
TUR,2020,2.36634E+12
TUR,2021,2.63703E+12
TUR,2022,2.78295E+12
TUR,2023,2.92519E+12
TUR,2024,3.01833E+12
TKM,1960,
TKM,1961,
TKM,1962,
TKM,1963,
TKM,1964,
TKM,1965,
TKM,1966,
TKM,1967,
TKM,1968,
TKM,1969,
TKM,1970,
TKM,1971,
TKM,1972,
TKM,1973,
TKM,1974,
TKM,1975,
TKM,1976,
TKM,1977,
TKM,1978,
TKM,1979,
TKM,1980,
TKM,1981,
TKM,1982,
TKM,1983,
TKM,1984,
TKM,1985,
TKM,1986,
TKM,1987,
TKM,1988,
TKM,1989,
TKM,1990,29804326740
TKM,1991,28431759045
TKM,1992,24176665797
TKM,1993,24539315826
TKM,1994,20294048428
TKM,1995,18832868634
TKM,1996,20094669356
TKM,1997,17803877003
TKM,1998,19067952332
TKM,1999,22214164371
TKM,2000,23429071267
TKM,2001,24446793975
TKM,2002,24509666221
TKM,2003,25310845190
TKM,2004,26576490576
TKM,2005,30040479625
TKM,2006,33336914076
TKM,2007,37023743238
TKM,2008,42466233494
TKM,2009,45056673786
TKM,2010,49201887769
TKM,2011,56434565236
TKM,2012,62698801955
TKM,2013,69094079818
TKM,2014,76210770019
TKM,2015,81164470001
TKM,2016,86196667114
TKM,2017,91799450517
TKM,2018,97491016395
TKM,2019,1.03633E+11
TKM,2020,1.09747E+11
TKM,2021,1.16552E+11
TKM,2022,1.23778E+11
TKM,2023,1.31576E+11
TKM,2024,1.34555E+11
TCA,1960,
TCA,1961,
TCA,1962,
TCA,1963,
TCA,1964,
TCA,1965,
TCA,1966,
TCA,1967,
TCA,1968,
TCA,1969,
TCA,1970,
TCA,1971,
TCA,1972,
TCA,1973,
TCA,1974,
TCA,1975,
TCA,1976,
TCA,1977,
TCA,1978,
TCA,1979,
TCA,1980,
TCA,1981,
TCA,1982,
TCA,1983,
TCA,1984,
TCA,1985,
TCA,1986,
TCA,1987,
TCA,1988,
TCA,1989,
TCA,1990,
TCA,1991,
TCA,1992,
TCA,1993,
TCA,1994,
TCA,1995,
TCA,1996,
TCA,1997,
TCA,1998,
TCA,1999,
TCA,2000,
TCA,2001,
TCA,2002,
TCA,2003,
TCA,2004,
TCA,2005,
TCA,2006,
TCA,2007,574756617.2
TCA,2008,622299870.3
TCA,2009,500638710.1
TCA,2010,505569625.2
TCA,2011,528929464.3
TCA,2012,514825265.9
TCA,2013,520338429.3
TCA,2014,565666649.1
TCA,2015,629670865.3
TCA,2016,675329472.7
TCA,2017,658512265.5
TCA,2018,1258660845
TCA,2019,1321363621
TCA,2020,874516799.3
TCA,2021,1133630689
TCA,2022,1293326643
TCA,2023,1470915240
TCA,2024,1553828161
TUV,1960,
TUV,1961,
TUV,1962,
TUV,1963,
TUV,1964,
TUV,1965,
TUV,1966,
TUV,1967,
TUV,1968,
TUV,1969,
TUV,1970,
TUV,1971,
TUV,1972,
TUV,1973,
TUV,1974,
TUV,1975,
TUV,1976,
TUV,1977,
TUV,1978,
TUV,1979,
TUV,1980,
TUV,1981,
TUV,1982,
TUV,1983,
TUV,1984,
TUV,1985,
TUV,1986,
TUV,1987,
TUV,1988,
TUV,1989,
TUV,1990,26255744.28
TUV,1991,27203362.23
TUV,1992,27962006.57
TUV,1993,29111475.38
TUV,1994,32105118.09
TUV,1995,30498432.86
TUV,1996,28680308.28
TUV,1997,31549286.36
TUV,1998,36439793.65
TUV,1999,35869922.35
TUV,2000,35521808.63
TUV,2001,35521808.63
TUV,2002,38904838.02
TUV,2003,37213323.32
TUV,2004,36367565.97
TUV,2005,34676051.28
TUV,2006,35521808.63
TUV,2007,38059080.67
TUV,2008,40596352.71
TUV,2009,38059080.67
TUV,2010,37213323.32
TUV,2011,39750595.37
TUV,2012,38904838.02
TUV,2013,40596352.71
TUV,2014,40596352.71
TUV,2015,44825139.46
TUV,2016,47362411.5
TUV,2017,48522029.4
TUV,2018,49195167.67
TUV,2019,55994972.18
TUV,2020,53601225.16
TUV,2021,54568264.11
TUV,2022,54937860.07
TUV,2023,57054510.99
TUV,2024,
UGA,1960,
UGA,1961,
UGA,1962,
UGA,1963,
UGA,1964,
UGA,1965,
UGA,1966,
UGA,1967,
UGA,1968,
UGA,1969,
UGA,1970,
UGA,1971,
UGA,1972,
UGA,1973,
UGA,1974,
UGA,1975,
UGA,1976,
UGA,1977,
UGA,1978,
UGA,1979,
UGA,1980,
UGA,1981,
UGA,1982,
UGA,1983,
UGA,1984,
UGA,1985,
UGA,1986,
UGA,1987,
UGA,1988,
UGA,1989,
UGA,1990,18976161859
UGA,1991,20030116010
UGA,1992,20714816862
UGA,1993,22439593109
UGA,1994,23876542913
UGA,1995,26627895167
UGA,1996,29043608326
UGA,1997,30524832892
UGA,1998,32022156984
UGA,1999,34601204977
UGA,2000,35688342776
UGA,2001,37538305526
UGA,2002,40816407789
UGA,2003,43458559446
UGA,2004,46416884995
UGA,2005,49356264462
UGA,2006,54679211423
UGA,2007,59279059602
UGA,2008,64441525833
UGA,2009,68824527392
UGA,2010,72704586957
UGA,2011,79532751292
UGA,2012,82584785315
UGA,2013,85547023791
UGA,2014,89915317734
UGA,2015,94579998410
UGA,2016,99101868411
UGA,2017,1.02205E+11
UGA,2018,1.08648E+11
UGA,2019,1.15644E+11
UGA,2020,1.19057E+11
UGA,2021,1.23267E+11
UGA,2022,1.28923E+11
UGA,2023,1.35803E+11
UGA,2024,1.44137E+11
UKR,1960,
UKR,1961,
UKR,1962,
UKR,1963,
UKR,1964,
UKR,1965,
UKR,1966,
UKR,1967,
UKR,1968,
UKR,1969,
UKR,1970,
UKR,1971,
UKR,1972,
UKR,1973,
UKR,1974,
UKR,1975,
UKR,1976,
UKR,1977,
UKR,1978,
UKR,1979,
UKR,1980,
UKR,1981,
UKR,1982,
UKR,1983,
UKR,1984,
UKR,1985,
UKR,1986,
UKR,1987,
UKR,1988,
UKR,1989,
UKR,1990,1.18766E+12
UKR,1991,1.08433E+12
UKR,1992,9.76981E+11
UKR,1993,8.3825E+11
UKR,1994,6.46291E+11
UKR,1995,5.67443E+11
UKR,1996,5.10699E+11
UKR,1997,4.95378E+11
UKR,1998,4.85966E+11
UKR,1999,4.84994E+11
UKR,2000,5.13608E+11
UKR,2001,5.58806E+11
UKR,2002,5.88644E+11
UKR,2003,6.44663E+11
UKR,2004,7.20703E+11
UKR,2005,7.42838E+11
UKR,2006,7.99081E+11
UKR,2007,8.64732E+11
UKR,2008,8.84133E+11
UKR,2009,7.50306E+11
UKR,2010,7.81009E+11
UKR,2011,8.23537E+11
UKR,2012,8.24791E+11
UKR,2013,8.25166E+11
UKR,2014,7.41998E+11
UKR,2015,6.69483E+11
UKR,2016,6.85825E+11
UKR,2017,7.0201E+11
UKR,2018,7.26499E+11
UKR,2019,7.49743E+11
UKR,2020,7.21607E+11
UKR,2021,7.46471E+11
UKR,2022,5.31796E+11
UKR,2023,5.6123E+11
UKR,2024,5.77583E+11
ARE,1960,
ARE,1961,
ARE,1962,
ARE,1963,
ARE,1964,
ARE,1965,
ARE,1966,
ARE,1967,
ARE,1968,
ARE,1969,
ARE,1970,
ARE,1971,
ARE,1972,
ARE,1973,
ARE,1974,
ARE,1975,
ARE,1976,
ARE,1977,
ARE,1978,
ARE,1979,
ARE,1980,
ARE,1981,
ARE,1982,
ARE,1983,
ARE,1984,
ARE,1985,
ARE,1986,
ARE,1987,
ARE,1988,
ARE,1989,
ARE,1990,2.05116E+11
ARE,1991,2.0688E+11
ARE,1992,2.138E+11
ARE,1993,2.16497E+11
ARE,1994,2.31427E+11
ARE,1995,2.46904E+11
ARE,1996,2.61221E+11
ARE,1997,2.82616E+11
ARE,1998,2.83441E+11
ARE,1999,2.91667E+11
ARE,2000,3.23321E+11
ARE,2001,3.27844E+11
ARE,2002,3.35822E+11
ARE,2003,3.65376E+11
ARE,2004,4.0033E+11
ARE,2005,4.19766E+11
ARE,2006,4.6106E+11
ARE,2007,4.75742E+11
ARE,2008,4.90927E+11
ARE,2009,4.65188E+11
ARE,2010,4.72644E+11
ARE,2011,5.02025E+11
ARE,2012,5.11184E+11
ARE,2013,5.37027E+11
ARE,2014,5.59398E+11
ARE,2015,5.97363E+11
ARE,2016,6.30585E+11
ARE,2017,6.35221E+11
ARE,2018,6.43567E+11
ARE,2019,6.507E+11
ARE,2020,6.18444E+11
ARE,2021,6.45376E+11
ARE,2022,6.93842E+11
ARE,2023,7.1895E+11
ARE,2024,7.45994E+11
GBR,1960,
GBR,1961,
GBR,1962,
GBR,1963,
GBR,1964,
GBR,1965,
GBR,1966,
GBR,1967,
GBR,1968,
GBR,1969,
GBR,1970,
GBR,1971,
GBR,1972,
GBR,1973,
GBR,1974,
GBR,1975,
GBR,1976,
GBR,1977,
GBR,1978,
GBR,1979,
GBR,1980,
GBR,1981,
GBR,1982,
GBR,1983,
GBR,1984,
GBR,1985,
GBR,1986,
GBR,1987,
GBR,1988,
GBR,1989,
GBR,1990,1.96405E+12
GBR,1991,1.94238E+12
GBR,1992,1.95017E+12
GBR,1993,1.99873E+12
GBR,1994,2.0756E+12
GBR,1995,2.12815E+12
GBR,1996,2.18309E+12
GBR,1997,2.2906E+12
GBR,1998,2.36855E+12
GBR,1999,2.44098E+12
GBR,2000,2.54696E+12
GBR,2001,2.61249E+12
GBR,2002,2.6594E+12
GBR,2003,2.74323E+12
GBR,2004,2.81066E+12
GBR,2005,2.88747E+12
GBR,2006,2.95621E+12
GBR,2007,3.03381E+12
GBR,2008,3.02626E+12
GBR,2009,2.88643E+12
GBR,2010,2.95089E+12
GBR,2011,2.98448E+12
GBR,2012,3.02952E+12
GBR,2013,3.08405E+12
GBR,2014,3.18257E+12
GBR,2015,3.25332E+12
GBR,2016,3.31584E+12
GBR,2017,3.40392E+12
GBR,2018,3.45175E+12
GBR,2019,3.50783E+12
GBR,2020,3.14663E+12
GBR,2021,3.41648E+12
GBR,2022,3.58181E+12
GBR,2023,3.59603E+12
GBR,2024,3.63561E+12
USA,1960,
USA,1961,
USA,1962,
USA,1963,
USA,1964,
USA,1965,
USA,1966,
USA,1967,
USA,1968,
USA,1969,
USA,1970,
USA,1971,
USA,1972,
USA,1973,
USA,1974,
USA,1975,
USA,1976,
USA,1977,
USA,1978,
USA,1979,
USA,1980,
USA,1981,
USA,1982,
USA,1983,
USA,1984,
USA,1985,
USA,1986,
USA,1987,
USA,1988,
USA,1989,
USA,1990,1.10779E+13
USA,1991,1.10659E+13
USA,1992,1.14557E+13
USA,1993,1.17709E+13
USA,1994,1.22452E+13
USA,1995,1.25739E+13
USA,1996,1.30483E+13
USA,1997,1.36286E+13
USA,1998,1.42395E+13
USA,1999,1.49214E+13
USA,2000,1.55298E+13
USA,2001,1.56782E+13
USA,2002,1.59448E+13
USA,2003,1.63906E+13
USA,2004,1.70213E+13
USA,2005,1.76142E+13
USA,2006,1.81047E+13
USA,2007,1.84675E+13
USA,2008,1.84884E+13
USA,2009,1.80121E+13
USA,2010,1.84975E+13
USA,2011,1.87869E+13
USA,2012,1.9217E+13
USA,2013,1.9624E+13
USA,2014,2.01192E+13
USA,2015,2.07119E+13
USA,2016,2.10887E+13
USA,2017,2.1607E+13
USA,2018,2.22479E+13
USA,2019,2.28228E+13
USA,2020,2.23291E+13
USA,2021,2.36812E+13
USA,2022,2.42761E+13
USA,2023,2.49771E+13
USA,2024,2.56755E+13
UMC,1960,
UMC,1961,
UMC,1962,
UMC,1963,
UMC,1964,
UMC,1965,
UMC,1966,
UMC,1967,
UMC,1968,
UMC,1969,
UMC,1970,
UMC,1971,
UMC,1972,
UMC,1973,
UMC,1974,
UMC,1975,
UMC,1976,
UMC,1977,
UMC,1978,
UMC,1979,
UMC,1980,
UMC,1981,
UMC,1982,
UMC,1983,
UMC,1984,
UMC,1985,
UMC,1986,
UMC,1987,
UMC,1988,
UMC,1989,
UMC,1990,1.2427E+13
UMC,1991,1.2664E+13
UMC,1992,1.30774E+13
UMC,1993,1.36594E+13
UMC,1994,1.41739E+13
UMC,1995,1.4709E+13
UMC,1996,1.55418E+13
UMC,1997,1.64053E+13
UMC,1998,1.67472E+13
UMC,1999,1.72317E+13
UMC,2000,1.82453E+13
UMC,2001,1.88486E+13
UMC,2002,1.97335E+13
UMC,2003,2.08444E+13
UMC,2004,2.24737E+13
UMC,2005,2.40633E+13
UMC,2006,2.60216E+13
UMC,2007,2.83333E+13
UMC,2008,2.99896E+13
UMC,2009,3.07666E+13
UMC,2010,3.32705E+13
UMC,2011,3.54739E+13
UMC,2012,3.73907E+13
UMC,2013,3.93866E+13
UMC,2014,4.11767E+13
UMC,2015,4.28419E+13
UMC,2016,4.4717E+13
UMC,2017,4.69792E+13
UMC,2018,4.91724E+13
UMC,2019,5.11057E+13
UMC,2020,5.06654E+13
UMC,2021,5.4394E+13
UMC,2022,5.61549E+13
UMC,2023,5.86679E+13
UMC,2024,6.10368E+13
URY,1960,
URY,1961,
URY,1962,
URY,1963,
URY,1964,
URY,1965,
URY,1966,
URY,1967,
URY,1968,
URY,1969,
URY,1970,
URY,1971,
URY,1972,
URY,1973,
URY,1974,
URY,1975,
URY,1976,
URY,1977,
URY,1978,
URY,1979,
URY,1980,
URY,1981,
URY,1982,
URY,1983,
URY,1984,
URY,1985,
URY,1986,
URY,1987,
URY,1988,
URY,1989,
URY,1990,43650530879
URY,1991,45195239578
URY,1992,48779939964
URY,1993,50076289359
URY,1994,53722515571
URY,1995,52944828990
URY,1996,55898069189
URY,1997,60676059059
URY,1998,63417943483
URY,1999,62453390859
URY,2000,61248083736
URY,2001,58893627799
URY,2002,54339968248
URY,2003,54777559273
URY,2004,57518716177
URY,2005,61809688404
URY,2006,64343006296
URY,2007,68552011031
URY,2008,73471402513
URY,2009,76589157213
URY,2010,82565722898
URY,2011,86827875347
URY,2012,89900000756
URY,2013,94069148019
URY,2014,97115851334
URY,2015,97475899863
URY,2016,99123045893
URY,2017,1.00848E+11
URY,2018,1.01014E+11
URY,2019,1.01952E+11
URY,2020,94451153282
URY,2021,99971136650
URY,2022,1.04456E+11
URY,2023,1.05231E+11
URY,2024,1.08502E+11
UZB,1960,
UZB,1961,
UZB,1962,
UZB,1963,
UZB,1964,
UZB,1965,
UZB,1966,
UZB,1967,
UZB,1968,
UZB,1969,
UZB,1970,
UZB,1971,
UZB,1972,
UZB,1973,
UZB,1974,
UZB,1975,
UZB,1976,
UZB,1977,
UZB,1978,
UZB,1979,
UZB,1980,
UZB,1981,
UZB,1982,
UZB,1983,
UZB,1984,
UZB,1985,
UZB,1986,
UZB,1987,
UZB,1988,
UZB,1989,
UZB,1990,86251276067
UZB,1991,85826919784
UZB,1992,76214304770
UZB,1993,74461375757
UZB,1994,70589384223
UZB,1995,69954079761
UZB,1996,71143299119
UZB,1997,74842750671
UZB,1998,78060988951
UZB,1999,81417611477
UZB,2000,84539976877
UZB,2001,88060084771
UZB,2002,91559141842
UZB,2003,95434499149
UZB,2004,1.02543E+11
UZB,2005,1.0967E+11
UZB,2006,1.17842E+11
UZB,2007,1.29005E+11
UZB,2008,1.40653E+11
UZB,2009,1.51977E+11
UZB,2010,1.63523E+11
UZB,2011,1.75829E+11
UZB,2012,1.88317E+11
UZB,2013,2.02058E+11
UZB,2014,2.15947E+11
UZB,2015,2.31535E+11
UZB,2016,2.4527E+11
UZB,2017,2.56051E+11
UZB,2018,2.70285E+11
UZB,2019,2.8861E+11
UZB,2020,2.93122E+11
UZB,2021,3.16674E+11
UZB,2022,3.35678E+11
UZB,2023,3.56797E+11
UZB,2024,3.79989E+11
VUT,1960,
VUT,1961,
VUT,1962,
VUT,1963,
VUT,1964,
VUT,1965,
VUT,1966,
VUT,1967,
VUT,1968,
VUT,1969,
VUT,1970,
VUT,1971,
VUT,1972,
VUT,1973,
VUT,1974,
VUT,1975,
VUT,1976,
VUT,1977,
VUT,1978,
VUT,1979,
VUT,1980,
VUT,1981,
VUT,1982,
VUT,1983,
VUT,1984,
VUT,1985,
VUT,1986,
VUT,1987,
VUT,1988,
VUT,1989,
VUT,1990,459244127.4
VUT,1991,473699472.3
VUT,1992,485946563.5
VUT,1993,489520447.7
VUT,1994,533976081.2
VUT,1995,539336907.6
VUT,1996,551889086.5
VUT,1997,578969250.1
VUT,1998,585782875
VUT,1999,587758680.9
VUT,2000,622582260.5
VUT,2001,601429514.6
VUT,2002,570165291.4
VUT,2003,594615889.8
VUT,2004,618325561
VUT,2005,651129750.6
VUT,2006,706219869
VUT,2007,726529991.7
VUT,2008,767222877.1
VUT,2009,790525764.8
VUT,2010,800477434.3
VUT,2011,825610848
VUT,2012,833949911.3
VUT,2013,837814355.3
VUT,2014,859388412.7
VUT,2015,893471065
VUT,2016,924488312.6
VUT,2017,965282893.9
VUT,2018,993278320.6
VUT,2019,1025472335
VUT,2020,974275716.5
VUT,2021,959152084.3
VUT,2022,1008895904
VUT,2023,999162154.4
VUT,2024,1038801498
VEN,1960,
VEN,1961,
VEN,1962,
VEN,1963,
VEN,1964,
VEN,1965,
VEN,1966,
VEN,1967,
VEN,1968,
VEN,1969,
VEN,1970,
VEN,1971,
VEN,1972,
VEN,1973,
VEN,1974,
VEN,1975,
VEN,1976,
VEN,1977,
VEN,1978,
VEN,1979,
VEN,1980,
VEN,1981,
VEN,1982,
VEN,1983,
VEN,1984,
VEN,1985,
VEN,1986,
VEN,1987,
VEN,1988,
VEN,1989,
VEN,1990,
VEN,1991,
VEN,1992,
VEN,1993,
VEN,1994,
VEN,1995,
VEN,1996,
VEN,1997,
VEN,1998,
VEN,1999,
VEN,2000,
VEN,2001,
VEN,2002,
VEN,2003,
VEN,2004,
VEN,2005,
VEN,2006,
VEN,2007,
VEN,2008,
VEN,2009,
VEN,2010,
VEN,2011,
VEN,2012,
VEN,2013,
VEN,2014,
VEN,2015,
VEN,2016,
VEN,2017,
VEN,2018,
VEN,2019,
VEN,2020,
VEN,2021,
VEN,2022,
VEN,2023,
VEN,2024,
VNM,1960,
VNM,1961,
VNM,1962,
VNM,1963,
VNM,1964,
VNM,1965,
VNM,1966,
VNM,1967,
VNM,1968,
VNM,1969,
VNM,1970,
VNM,1971,
VNM,1972,
VNM,1973,
VNM,1974,
VNM,1975,
VNM,1976,
VNM,1977,
VNM,1978,
VNM,1979,
VNM,1980,
VNM,1981,
VNM,1982,
VNM,1983,
VNM,1984,
VNM,1985,
VNM,1986,
VNM,1987,
VNM,1988,
VNM,1989,
VNM,1990,1.61663E+11
VNM,1991,1.71299E+11
VNM,1992,1.8611E+11
VNM,1993,2.01134E+11
VNM,1994,2.18912E+11
VNM,1995,2.39798E+11
VNM,1996,2.62195E+11
VNM,1997,2.83569E+11
VNM,1998,2.99915E+11
VNM,1999,3.14232E+11
VNM,2000,3.3556E+11
VNM,2001,3.56341E+11
VNM,2002,3.78865E+11
VNM,2003,4.05003E+11
VNM,2004,4.35525E+11
VNM,2005,4.68396E+11
VNM,2006,5.0108E+11
VNM,2007,5.36804E+11
VNM,2008,5.67197E+11
VNM,2009,5.97814E+11
VNM,2010,6.36213E+11
VNM,2011,6.77014E+11
VNM,2012,7.14281E+11
VNM,2013,7.53949E+11
VNM,2014,8.02369E+11
VNM,2015,8.58432E+11
VNM,2016,9.15861E+11
VNM,2017,9.79423E+11
VNM,2018,1.05254E+12
VNM,2019,1.13E+12
VNM,2020,1.16238E+12
VNM,2021,1.19206E+12
VNM,2022,1.29383E+12
VNM,2023,1.35936E+12
VNM,2024,1.45576E+12
VIR,1960,
VIR,1961,
VIR,1962,
VIR,1963,
VIR,1964,
VIR,1965,
VIR,1966,
VIR,1967,
VIR,1968,
VIR,1969,
VIR,1970,
VIR,1971,
VIR,1972,
VIR,1973,
VIR,1974,
VIR,1975,
VIR,1976,
VIR,1977,
VIR,1978,
VIR,1979,
VIR,1980,
VIR,1981,
VIR,1982,
VIR,1983,
VIR,1984,
VIR,1985,
VIR,1986,
VIR,1987,
VIR,1988,
VIR,1989,
VIR,1990,
VIR,1991,
VIR,1992,
VIR,1993,
VIR,1994,
VIR,1995,
VIR,1996,
VIR,1997,
VIR,1998,
VIR,1999,
VIR,2000,
VIR,2001,
VIR,2002,5891955134
VIR,2003,5868618226
VIR,2004,6061454781
VIR,2005,6272715211
VIR,2006,6492573450
VIR,2007,6752964212
VIR,2008,6835257519
VIR,2009,6384486718
VIR,2010,6422562726
VIR,2011,5895639909
VIR,2012,5022348247
VIR,2013,4706685861
VIR,2014,4623164295
VIR,2015,4603512162
VIR,2016,4677207661
VIR,2017,4642816428
VIR,2018,4730022769
VIR,2019,4867587700
VIR,2020,4788979168
VIR,2021,4964620107
VIR,2022,4899522416
VIR,2023,
VIR,2024,
PSE,1960,
PSE,1961,
PSE,1962,
PSE,1963,
PSE,1964,
PSE,1965,
PSE,1966,
PSE,1967,
PSE,1968,
PSE,1969,
PSE,1970,
PSE,1971,
PSE,1972,
PSE,1973,
PSE,1974,
PSE,1975,
PSE,1976,
PSE,1977,
PSE,1978,
PSE,1979,
PSE,1980,
PSE,1981,
PSE,1982,
PSE,1983,
PSE,1984,
PSE,1985,
PSE,1986,
PSE,1987,
PSE,1988,
PSE,1989,
PSE,1990,
PSE,1991,
PSE,1992,
PSE,1993,
PSE,1994,9386367657
PSE,1995,10054476156
PSE,1996,10176591543
PSE,1997,11669257282
PSE,1998,13341941144
PSE,1999,14446732782
PSE,2000,13210732058
PSE,2001,11980670077
PSE,2002,10484478210
PSE,2003,11953945737
PSE,2004,14574786911
PSE,2005,16220375261
PSE,2006,16058730122
PSE,2007,16667080027
PSE,2008,17905307779
PSE,2009,19443998770
PSE,2010,20567348977
PSE,2011,22541980764
PSE,2012,23916242829
PSE,2013,25039964208
PSE,2014,25000434455
PSE,2015,25930775540
PSE,2016,28229439949
PSE,2017,28630119463
PSE,2018,28981433182
PSE,2019,29376359539
PSE,2020,26051406242
PSE,2021,27878126230
PSE,2022,29016323293
PSE,2023,27694396393
PSE,2024,20339449745
WLD,1960,
WLD,1961,
WLD,1962,
WLD,1963,
WLD,1964,
WLD,1965,
WLD,1966,
WLD,1967,
WLD,1968,
WLD,1969,
WLD,1970,
WLD,1971,
WLD,1972,
WLD,1973,
WLD,1974,
WLD,1975,
WLD,1976,
WLD,1977,
WLD,1978,
WLD,1979,
WLD,1980,
WLD,1981,
WLD,1982,
WLD,1983,
WLD,1984,
WLD,1985,
WLD,1986,
WLD,1987,
WLD,1988,
WLD,1989,
WLD,1990,5.94507E+13
WLD,1991,5.99567E+13
WLD,1992,6.0735E+13
WLD,1993,6.16597E+13
WLD,1994,6.33018E+13
WLD,1995,6.52574E+13
WLD,1996,6.76713E+13
WLD,1997,7.03454E+13
WLD,1998,7.21113E+13
WLD,1999,7.47214E+13
WLD,2000,7.83053E+13
WLD,2001,8.01975E+13
WLD,2002,8.24118E+13
WLD,2003,8.54487E+13
WLD,2004,8.9852E+13
WLD,2005,9.39776E+13
WLD,2006,9.88677E+13
WLD,2007,1.04018E+14
WLD,2008,1.06936E+14
WLD,2009,1.06213E+14
WLD,2010,1.11634E+14
WLD,2011,1.16041E+14
WLD,2012,1.19666E+14
WLD,2013,1.23565E+14
WLD,2014,1.27815E+14
WLD,2015,1.32068E+14
WLD,2016,1.36355E+14
WLD,2017,1.41551E+14
WLD,2018,1.46737E+14
WLD,2019,1.5109E+14
WLD,2020,1.46875E+14
WLD,2021,1.56453E+14
WLD,2022,1.62058E+14
WLD,2023,1.67633E+14
WLD,2024,1.73163E+14
YEM,1960,
YEM,1961,
YEM,1962,
YEM,1963,
YEM,1964,
YEM,1965,
YEM,1966,
YEM,1967,
YEM,1968,
YEM,1969,
YEM,1970,
YEM,1971,
YEM,1972,
YEM,1973,
YEM,1974,
YEM,1975,
YEM,1976,
YEM,1977,
YEM,1978,
YEM,1979,
YEM,1980,
YEM,1981,
YEM,1982,
YEM,1983,
YEM,1984,
YEM,1985,
YEM,1986,
YEM,1987,
YEM,1988,
YEM,1989,
YEM,1990,
YEM,1991,
YEM,1992,
YEM,1993,
YEM,1994,
YEM,1995,
YEM,1996,
YEM,1997,
YEM,1998,
YEM,1999,
YEM,2000,
YEM,2001,
YEM,2002,
YEM,2003,
YEM,2004,
YEM,2005,
YEM,2006,
YEM,2007,
YEM,2008,
YEM,2009,
YEM,2010,
YEM,2011,
YEM,2012,
YEM,2013,
YEM,2014,
YEM,2015,
YEM,2016,
YEM,2017,
YEM,2018,
YEM,2019,
YEM,2020,
YEM,2021,
YEM,2022,
YEM,2023,
YEM,2024,
ZMB,1960,
ZMB,1961,
ZMB,1962,
ZMB,1963,
ZMB,1964,
ZMB,1965,
ZMB,1966,
ZMB,1967,
ZMB,1968,
ZMB,1969,
ZMB,1970,
ZMB,1971,
ZMB,1972,
ZMB,1973,
ZMB,1974,
ZMB,1975,
ZMB,1976,
ZMB,1977,
ZMB,1978,
ZMB,1979,
ZMB,1980,
ZMB,1981,
ZMB,1982,
ZMB,1983,
ZMB,1984,
ZMB,1985,
ZMB,1986,
ZMB,1987,
ZMB,1988,
ZMB,1989,
ZMB,1990,18882326323
ZMB,1991,18875503499
ZMB,1992,18548783224
ZMB,1993,19809594852
ZMB,1994,18100929747
ZMB,1995,18625434758
ZMB,1996,19783666077
ZMB,1997,20538216585
ZMB,1998,20458991206
ZMB,1999,21410373117
ZMB,2000,22244804501
ZMB,2001,23427531454
ZMB,2002,24483179367
ZMB,2003,26183529804
ZMB,2004,28024859075
ZMB,2005,30052625500
ZMB,2006,32427893192
ZMB,2007,35136412296
ZMB,2008,37867880381
ZMB,2009,41359430886
ZMB,2010,45618717444
ZMB,2011,48159338866
ZMB,2012,51818187350
ZMB,2013,54438911322
ZMB,2014,56993883582
ZMB,2015,58658318774
ZMB,2016,60860997488
ZMB,2017,63006872741
ZMB,2018,65548881176
ZMB,2019,66493641150
ZMB,2020,64641756629
ZMB,2021,68672119765
ZMB,2022,72250777479
ZMB,2023,76129157927
ZMB,2024,79207172681
ZWE,1960,
ZWE,1961,
ZWE,1962,
ZWE,1963,
ZWE,1964,
ZWE,1965,
ZWE,1966,
ZWE,1967,
ZWE,1968,
ZWE,1969,
ZWE,1970,
ZWE,1971,
ZWE,1972,
ZWE,1973,
ZWE,1974,
ZWE,1975,
ZWE,1976,
ZWE,1977,
ZWE,1978,
ZWE,1979,
ZWE,1980,
ZWE,1981,
ZWE,1982,
ZWE,1983,
ZWE,1984,
ZWE,1985,
ZWE,1986,
ZWE,1987,
ZWE,1988,
ZWE,1989,
ZWE,1990,40683908251
ZWE,1991,42934453516
ZWE,1992,39063667773
ZWE,1993,39474406086
ZWE,1994,43119945973
ZWE,1995,43188086564
ZWE,1996,47662673252
ZWE,1997,48940316097
ZWE,1998,50352347870
ZWE,1999,49940555778
ZWE,2000,48412779415
ZWE,2001,49109737241
ZWE,2002,44741905606
ZWE,2003,37137985314
ZWE,2004,34981182696
ZWE,2005,32983378070
ZWE,2006,31841660026
ZWE,2007,30678380115
ZWE,2008,25257833598
ZWE,2009,28610073121
ZWE,2010,34239221638
ZWE,2011,39099107904
ZWE,2012,45615141964
ZWE,2013,46522648617
ZWE,2014,47628485324
ZWE,2015,48476202606
ZWE,2016,48842582864
ZWE,2017,51154991589
ZWE,2018,53717816451
ZWE,2019,50316162717
ZWE,2020,46382982069
ZWE,2021,50310711159
ZWE,2022,53399374351
ZWE,2023,56249176341
ZWE,2024,57390744456
