ISO,Year,GDP per capita growth (annual %)
AFG,1960,
AFG,1961,
AFG,1962,
AFG,1963,
AFG,1964,
AFG,1965,
AFG,1966,
AFG,1967,
AFG,1968,
AFG,1969,
AFG,1970,
AFG,1971,
AFG,1972,
AFG,1973,
AFG,1974,
AFG,1975,
AFG,1976,
AFG,1977,
AFG,1978,
AFG,1979,
AFG,1980,
AFG,1981,
AFG,1982,
AFG,1983,
AFG,1984,
AFG,1985,
AFG,1986,
AFG,1987,
AFG,1988,
AFG,1989,
AFG,1990,
AFG,1991,
AFG,1992,
AFG,1993,
AFG,1994,
AFG,1995,
AFG,1996,
AFG,1997,
AFG,1998,
AFG,1999,
AFG,2000,
AFG,2001,-10.11948411
AFG,2002,22.02019027
AFG,2003,2.345671636
AFG,2004,-2.148212285
AFG,2005,7.383377282
AFG,2006,1.132485055
AFG,2007,11.69230329
AFG,2008,1.677279156
AFG,2009,17.04389632
AFG,2010,11.05503055
AFG,2011,-3.213295006
AFG,2012,8.279368993
AFG,2013,2.052068261
AFG,2014,-0.939984756
AFG,2015,-1.665057447
AFG,2016,-0.300121027
AFG,2017,-0.195569548
AFG,2018,-1.713742693
AFG,2019,0.856294729
AFG,2020,-5.382514642
AFG,2021,-22.58448187
AFG,2022,-7.576668912
AFG,2023,0.106092801
AFG,2024,
AFE,1960,
AFE,1961,-2.132939568
AFE,1962,5.008777477
AFE,1963,2.794385539
AFE,1964,1.829574928
AFE,1965,2.245804973
AFE,1966,1.917421739
AFE,1967,2.418486018
AFE,1968,1.185891947
AFE,1969,2.09868221
AFE,1970,-1.744356728
AFE,1971,2.47783294
AFE,1972,-0.109085829
AFE,1973,1.595522195
AFE,1974,2.384204428
AFE,1975,-1.515703301
AFE,1976,-0.561446154
AFE,1977,-1.700556382
AFE,1978,-1.481102974
AFE,1979,-0.240395345
AFE,1980,2.348425665
AFE,1981,0.846006708
AFE,1982,-2.859268697
AFE,1983,-3.045975957
AFE,1984,0.276256217
AFE,1985,-3.09035236
AFE,1986,-0.744035845
AFE,1987,0.88547125
AFE,1988,1.288819066
AFE,1989,-0.164985161
AFE,1990,-2.65495567
AFE,1991,-2.806080281
AFE,1992,-4.913861835
AFE,1993,-3.314556702
AFE,1994,-0.742939093
AFE,1995,1.61005564
AFE,1996,2.701419997
AFE,1997,1.213707699
AFE,1998,-0.849750123
AFE,1999,-0.008093812
AFE,2000,0.567873189
AFE,2001,0.8604843
AFE,2002,1.161069267
AFE,2003,0.291535064
AFE,2004,2.802862429
AFE,2005,3.377371362
AFE,2006,3.76971707
AFE,2007,3.814874102
AFE,2008,1.56197572
AFE,2009,-1.831565959
AFE,2010,2.369984905
AFE,2011,1.302500423
AFE,2012,-0.936576677
AFE,2013,1.489854297
AFE,2014,1.239381741
AFE,2015,0.262663002
AFE,2016,-0.467420825
AFE,2017,0.018464181
AFE,2018,-0.104064111
AFE,2019,-0.543714732
AFE,2020,-5.447021132
AFE,2021,1.829597322
AFE,2022,0.90533014
AFE,2023,-0.645083898
AFE,2024,0.256613278
AFW,1960,
AFW,1961,-0.251141817
AFW,1962,1.538395941
AFW,1963,4.74144564
AFW,1964,3.087620198
AFW,1965,1.823720215
AFW,1966,-3.703506822
AFW,1967,-11.00581813
AFW,1968,-0.751911406
AFW,1969,12.46264926
AFW,1970,14.61059851
AFW,1971,7.815939198
AFW,1972,0.655532879
AFW,1973,1.363580482
AFW,1974,7.153789726
AFW,1975,-4.663005513
AFW,1976,5.525853002
AFW,1977,1.748342578
AFW,1978,-4.620383965
AFW,1979,2.070522227
AFW,1980,-0.939980943
AFW,1981,-9.319757996
AFW,1982,-5.991379078
AFW,1983,-8.779394917
AFW,1984,-2.072619936
AFW,1985,2.552219325
AFW,1986,-1.401310522
AFW,1987,-1.309580785
AFW,1988,1.842088783
AFW,1989,-1.053577057
AFW,1990,2.921001312
AFW,1991,-1.568985088
AFW,1992,-0.431975611
AFW,1993,-3.991016351
AFW,1994,-2.895473852
AFW,1995,-0.876447124
AFW,1996,1.820973396
AFW,1997,1.60252624
AFW,1998,0.800823074
AFW,1999,-1.207679956
AFW,2000,1.024380932
AFW,2001,2.300519549
AFW,2002,6.920866409
AFW,2003,2.667399728
AFW,2004,5.079982243
AFW,2005,2.946940217
AFW,2006,2.419436237
AFW,2007,2.566700158
AFW,2008,3.314737356
AFW,2009,3.203099985
AFW,2010,4.090238082
AFW,2011,2.025590773
AFW,2012,2.256631897
AFW,2013,3.171412641
AFW,2014,2.865220929
AFW,2015,0.186777383
AFW,2016,-2.448450744
AFW,2017,-0.355460041
AFW,2018,0.330192195
AFW,2019,0.792526324
AFW,2020,-3.321744629
AFW,2021,1.599745709
AFW,2022,1.578046199
AFW,2023,0.920848216
AFW,2024,1.707193462
ALB,1960,
ALB,1961,
ALB,1962,
ALB,1963,
ALB,1964,
ALB,1965,
ALB,1966,
ALB,1967,
ALB,1968,
ALB,1969,
ALB,1970,
ALB,1971,
ALB,1972,
ALB,1973,
ALB,1974,
ALB,1975,
ALB,1976,
ALB,1977,
ALB,1978,
ALB,1979,
ALB,1980,
ALB,1981,3.648648547
ALB,1982,0.795840071
ALB,1983,-1.016802172
ALB,1984,-3.307497202
ALB,1985,-0.290595348
ALB,1986,3.614655544
ALB,1987,-2.749496379
ALB,1988,-3.262522334
ALB,1989,6.923617285
ALB,1990,-11.1879053
ALB,1991,-27.56682083
ALB,1992,-6.622551207
ALB,1993,10.22994934
ALB,1994,8.969761659
ALB,1995,14.02449594
ALB,1996,8.005513844
ALB,1997,-11.15766053
ALB,1998,8.993806823
ALB,1999,12.96392688
ALB,2000,8.149967935
ALB,2001,9.890193571
ALB,2002,4.942622963
ALB,2003,5.728105981
ALB,2004,5.707123084
ALB,2005,5.67025028
ALB,2006,6.689981397
ALB,2007,7.307982629
ALB,2008,7.730561614
ALB,2009,3.385115395
ALB,2010,3.485648086
ALB,2011,2.739532557
ALB,2012,1.151044013
ALB,2013,1.89373834
ALB,2014,2.452131572
ALB,2015,2.525830935
ALB,2016,4.075198423
ALB,2017,3.378211536
ALB,2018,3.927525709
ALB,2019,2.498299447
ALB,2020,-2.756980235
ALB,2021,9.98433058
ALB,2022,6.108947895
ALB,2023,5.137123553
ALB,2024,5.162521915
DZA,1960,
DZA,1961,-15.1207305
DZA,1962,-20.85489569
DZA,1963,32.2809169
DZA,1964,4.121494781
DZA,1965,4.608011492
DZA,1966,-6.499365124
DZA,1967,7.021413668
DZA,1968,8.302379603
DZA,1969,5.992429921
DZA,1970,6.432002329
DZA,1971,-13.3141205
DZA,1972,24.52577977
DZA,1973,1.39498097
DZA,1974,4.92107056
DZA,1975,1.393255326
DZA,1976,3.561128727
DZA,1977,1.504856631
DZA,1978,6.151924884
DZA,1979,4.321533844
DZA,1980,-2.299757868
DZA,1981,-0.287791268
DZA,1982,2.910988912
DZA,1983,1.88412407
DZA,1984,2.056225855
DZA,1985,0.229398497
DZA,1986,-2.852962704
DZA,1987,-3.657040952
DZA,1988,-3.734412505
DZA,1989,1.679982859
DZA,1990,-1.66808065
DZA,1991,-3.527129476
DZA,1992,-0.649140042
DZA,1993,-4.427459048
DZA,1994,-3.068508375
DZA,1995,1.674745172
DZA,1996,2.081849895
DZA,1997,-0.767068614
DZA,1998,3.43950504
DZA,1999,1.776942418
DZA,2000,2.35726435
DZA,2001,1.595178144
DZA,2002,4.007050315
DZA,2003,5.093332127
DZA,2004,3.050861482
DZA,2005,3.868902142
DZA,2006,1.326188949
DZA,2007,1.393468337
DZA,2008,0.652527944
DZA,2009,-0.720420575
DZA,2010,2.779219082
DZA,2011,1.003992371
DZA,2012,0.379563284
DZA,2013,0.54874363
DZA,2014,2.00005201
DZA,2015,1.099620619
DZA,2016,1.785940647
DZA,2017,-0.541667024
DZA,2018,-0.54601958
DZA,2019,-0.939992962
DZA,2020,-6.612475097
DZA,2021,2.132636327
DZA,2022,1.968251881
DZA,2023,2.551203019
DZA,2024,1.865519889
ASM,1960,
ASM,1961,
ASM,1962,
ASM,1963,
ASM,1964,
ASM,1965,
ASM,1966,
ASM,1967,
ASM,1968,
ASM,1969,
ASM,1970,
ASM,1971,
ASM,1972,
ASM,1973,
ASM,1974,
ASM,1975,
ASM,1976,
ASM,1977,
ASM,1978,
ASM,1979,
ASM,1980,
ASM,1981,
ASM,1982,
ASM,1983,
ASM,1984,
ASM,1985,
ASM,1986,
ASM,1987,
ASM,1988,
ASM,1989,
ASM,1990,
ASM,1991,
ASM,1992,
ASM,1993,
ASM,1994,
ASM,1995,
ASM,1996,
ASM,1997,
ASM,1998,
ASM,1999,
ASM,2000,
ASM,2001,
ASM,2002,
ASM,2003,1.126789855
ASM,2004,0.680220537
ASM,2005,-0.05459527
ASM,2006,-3.684976855
ASM,2007,2.32559828
ASM,2008,-2.160411774
ASM,2009,-3.648909859
ASM,2010,0.844681592
ASM,2011,0.606612624
ASM,2012,-3.622022585
ASM,2013,-1.628013554
ASM,2014,2.790612438
ASM,2015,4.296623367
ASM,2016,-0.488137584
ASM,2017,-5.799364048
ASM,2018,4.038507121
ASM,2019,0.897584681
ASM,2020,5.351787426
ASM,2021,0.29788482
ASM,2022,3.593276063
ASM,2023,
ASM,2024,
AND,1960,
AND,1961,
AND,1962,
AND,1963,
AND,1964,
AND,1965,
AND,1966,
AND,1967,
AND,1968,
AND,1969,
AND,1970,
AND,1971,-2.500589058
AND,1972,1.012623632
AND,1973,0.905266181
AND,1974,-0.876786145
AND,1975,-5.405687749
AND,1976,-2.532406651
AND,1977,-2.654393978
AND,1978,-3.614024247
AND,1979,-4.539719708
AND,1980,-2.007360979
AND,1981,-3.859135363
AND,1982,-2.919468733
AND,1983,-2.748259222
AND,1984,-2.327825921
AND,1985,-1.302134885
AND,1986,-1.056613698
AND,1987,1.29670923
AND,1988,1.344907037
AND,1989,2.333716428
AND,1990,-0.119515605
AND,1991,-4.819169045
AND,1992,-4.994090166
AND,1993,-5.83663169
AND,1994,0.259838841
AND,1995,3.882959291
AND,1996,4.531978271
AND,1997,7.860678957
AND,1998,2.118367938
AND,1999,3.579454848
AND,2000,3.567765711
AND,2001,7.845168134
AND,2002,3.518284734
AND,2003,4.032707486
AND,2004,1.095400014
AND,2005,1.183027687
AND,2006,1.958830028
AND,2007,-1.289611512
AND,2008,-7.389298788
AND,2009,-5.746485459
AND,2010,1.889880843
AND,2011,3.749517536
AND,2012,-3.800754298
AND,2013,-1.443945404
AND,2014,4.529893817
AND,2015,3.630797937
AND,2016,3.699620468
AND,2017,-1.806057033
AND,2018,-0.302119304
AND,2019,0.265352821
AND,2020,-12.22383849
AND,2021,6.927044852
AND,2022,7.721238001
AND,2023,1.123259079
AND,2024,2.006784451
AGO,1960,
AGO,1961,
AGO,1962,
AGO,1963,
AGO,1964,
AGO,1965,
AGO,1966,
AGO,1967,
AGO,1968,
AGO,1969,
AGO,1970,
AGO,1971,
AGO,1972,
AGO,1973,
AGO,1974,
AGO,1975,
AGO,1976,
AGO,1977,
AGO,1978,
AGO,1979,
AGO,1980,
AGO,1981,-7.819537671
AGO,1982,-3.611216996
AGO,1983,0.398925562
AGO,1984,2.143506851
AGO,1985,-0.238221364
AGO,1986,-0.756799921
AGO,1987,0.529253267
AGO,1988,2.577679019
AGO,1989,-3.316708774
AGO,1990,-6.670526973
AGO,1991,-2.344652711
AGO,1992,-8.871345191
AGO,1993,-26.37419588
AGO,1994,-1.893068011
AGO,1995,11.22244903
AGO,1996,9.768938152
AGO,1997,3.692910151
AGO,1998,1.245331726
AGO,1999,-1.130798779
AGO,2000,-0.302928309
AGO,2001,0.769184668
AGO,2002,9.857802363
AGO,2003,-0.545677505
AGO,2004,7.032772669
AGO,2005,10.91124363
AGO,2006,7.514314915
AGO,2007,9.821943828
AGO,2008,7.048035489
AGO,2009,-2.902289336
AGO,2010,0.454324006
AGO,2011,-0.473683326
AGO,2012,4.407587059
AGO,2013,0.990675719
AGO,2014,0.981943968
AGO,2015,-2.630701832
AGO,2016,-6.002648683
AGO,2017,-3.620757682
AGO,2018,-4.665969917
AGO,2019,-4.010017337
AGO,2020,-8.672076174
AGO,2021,-1.969590687
AGO,2022,-0.143628268
AGO,2023,-1.988293313
AGO,2024,1.292930656
ATG,1960,
ATG,1961,
ATG,1962,
ATG,1963,
ATG,1964,
ATG,1965,
ATG,1966,
ATG,1967,
ATG,1968,
ATG,1969,
ATG,1970,
ATG,1971,
ATG,1972,
ATG,1973,
ATG,1974,
ATG,1975,
ATG,1976,
ATG,1977,
ATG,1978,4.096628155
ATG,1979,7.682602259
ATG,1980,7.761278355
ATG,1981,3.570424396
ATG,1982,-0.268580069
ATG,1983,5.122047064
ATG,1984,10.25352261
ATG,1985,8.128809182
ATG,1986,12.04007092
ATG,1987,7.176390219
ATG,1988,5.747276017
ATG,1989,5.747606411
ATG,1990,3.434862982
ATG,1991,1.659415325
ATG,1992,-0.4388383
ATG,1993,3.380941829
ATG,1994,4.671924904
ATG,1995,-6.247651182
ATG,1996,4.425739623
ATG,1997,3.33223171
ATG,1998,2.765723601
ATG,1999,1.942351959
ATG,2000,4.437084458
ATG,2001,-5.999921113
ATG,2002,-0.235736725
ATG,2003,4.916227666
ATG,2004,4.645194678
ATG,2005,5.280706903
ATG,2006,11.31964083
ATG,2007,7.843446933
ATG,2008,-1.470768949
ATG,2009,-13.28176806
ATG,2010,-9.07945361
ATG,2011,-3.108000747
ATG,2012,2.273781331
ATG,2013,-1.508467911
ATG,2014,1.391205732
ATG,2015,0.691094825
ATG,2016,3.47228425
ATG,2017,2.146187576
ATG,2018,6.174489769
ATG,2019,2.677613194
ATG,2020,-19.29454628
ATG,2021,7.583674814
ATG,2022,8.530771197
ATG,2023,1.904886418
ATG,2024,3.820191439
ARB,1960,
ARB,1961,
ARB,1962,
ARB,1963,
ARB,1964,
ARB,1965,
ARB,1966,
ARB,1967,3.801321148
ARB,1968,7.643215521
ARB,1969,4.387700513
ARB,1970,19.45526609
ARB,1971,4.47043157
ARB,1972,10.74875601
ARB,1973,10.04284838
ARB,1974,7.296689033
ARB,1975,-3.060190774
ARB,1976,10.73285916
ARB,1977,3.32473193
ARB,1978,-0.395516113
ARB,1979,6.83646659
ARB,1980,2.679833685
ARB,1981,-2.326241678
ARB,1982,-8.859361994
ARB,1983,-6.744196073
ARB,1984,-1.882507807
ARB,1985,-3.847808567
ARB,1986,-3.772177992
ARB,1987,-2.694599894
ARB,1988,0.450816902
ARB,1989,1.078540767
ARB,1990,4.368706514
ARB,1991,-2.961746501
ARB,1992,3.868231592
ARB,1993,0.426411075
ARB,1994,0.56213748
ARB,1995,0.239123823
ARB,1996,2.291927022
ARB,1997,2.94280835
ARB,1998,2.256936931
ARB,1999,0.345002164
ARB,2000,3.80851584
ARB,2001,-0.350194374
ARB,2002,-1.172914196
ARB,2003,1.886783928
ARB,2004,6.566776598
ARB,2005,3.094647061
ARB,2006,3.742829198
ARB,2007,2.000825484
ARB,2008,2.915831496
ARB,2009,-1.814772992
ARB,2010,2.76677366
ARB,2011,1.418897813
ARB,2012,2.622699606
ARB,2013,0.053582125
ARB,2014,0.211863763
ARB,2015,0.786178975
ARB,2016,1.177005715
ARB,2017,-0.413328595
ARB,2018,0.8343046
ARB,2019,-0.169697469
ARB,2020,-6.739136927
ARB,2021,2.835410187
ARB,2022,4.565307903
ARB,2023,-0.75981275
ARB,2024,-0.610337907
ARG,1960,
ARG,1961,3.697198142
ARG,1962,-2.481211956
ARG,1963,-6.851643196
ARG,1964,8.371062335
ARG,1965,8.853455746
ARG,1966,-2.169542718
ARG,1967,1.629722992
ARG,1968,3.230850808
ARG,1969,8.00868539
ARG,1970,1.450585236
ARG,1971,4.007823332
ARG,1972,0.032008915
ARG,1973,1.162903576
ARG,1974,3.812252247
ARG,1975,-1.623206186
ARG,1976,-3.539953348
ARG,1977,5.254065547
ARG,1978,-6.020787796
ARG,1979,8.476652165
ARG,1980,-0.085639703
ARG,1981,-6.696558857
ARG,1982,-2.315359754
ARG,1983,2.690838016
ARG,1984,-0.033820922
ARG,1985,-6.668386606
ARG,1986,4.515050971
ARG,1987,1.13014295
ARG,1988,-2.611124783
ARG,1989,-8.56786939
ARG,1990,-3.911192293
ARG,1991,7.575135073
ARG,1992,6.453323571
ARG,1993,6.752114948
ARG,1994,4.427311622
ARG,1995,-4.109935987
ARG,1996,4.208050173
ARG,1997,6.805821143
ARG,1998,2.63654067
ARG,1999,-4.493066552
ARG,2000,-1.906841392
ARG,2001,-5.452639033
ARG,2002,-11.84231382
ARG,2003,7.71839038
ARG,2004,7.92951713
ARG,2005,7.738981076
ARG,2006,6.941851601
ARG,2007,7.932610113
ARG,2008,3.008568926
ARG,2009,-6.910312115
ARG,2010,8.968196729
ARG,2011,4.881272528
ARG,2012,-2.038325309
ARG,2013,1.393512661
ARG,2014,-3.51326421
ARG,2015,1.660912538
ARG,2016,-3.024500956
ARG,2017,1.916396081
ARG,2018,-3.415536839
ARG,2019,-2.695067235
ARG,2020,-10.33610969
ARG,2021,10.14855999
ARG,2022,5.048195323
ARG,2023,-1.892949797
ARG,2024,-2.058402754
ARM,1960,
ARM,1961,
ARM,1962,
ARM,1963,
ARM,1964,
ARM,1965,
ARM,1966,
ARM,1967,
ARM,1968,
ARM,1969,
ARM,1970,
ARM,1971,
ARM,1972,
ARM,1973,
ARM,1974,
ARM,1975,
ARM,1976,
ARM,1977,
ARM,1978,
ARM,1979,
ARM,1980,
ARM,1981,
ARM,1982,
ARM,1983,
ARM,1984,
ARM,1985,
ARM,1986,
ARM,1987,
ARM,1988,
ARM,1989,
ARM,1990,
ARM,1991,-13.21114999
ARM,1992,-41.11376353
ARM,1993,-5.669733605
ARM,1994,8.179314214
ARM,1995,8.743158122
ARM,1996,6.796794519
ARM,1997,4.353752932
ARM,1998,8.56710544
ARM,1999,4.640952317
ARM,2000,4.130758874
ARM,2001,9.917354754
ARM,2002,13.62452653
ARM,2003,14.61970149
ARM,2004,11.11449019
ARM,2005,14.56970188
ARM,2006,13.8986537
ARM,2007,14.42082449
ARM,2008,7.602947751
ARM,2009,-13.50884214
ARM,2010,2.911586968
ARM,2011,5.284375308
ARM,2012,7.334704541
ARM,2013,3.371783587
ARM,2014,3.881876701
ARM,2015,3.515995473
ARM,2016,0.611877151
ARM,2017,7.965446065
ARM,2018,5.568501179
ARM,2019,7.836084387
ARM,2020,-7.168664527
ARM,2021,5.771427608
ARM,2022,12.33833356
ARM,2023,8.479020342
ARM,2024,3.484216252
ABW,1960,
ABW,1961,
ABW,1962,
ABW,1963,
ABW,1964,
ABW,1965,
ABW,1966,
ABW,1967,
ABW,1968,
ABW,1969,
ABW,1970,
ABW,1971,
ABW,1972,
ABW,1973,
ABW,1974,
ABW,1975,
ABW,1976,
ABW,1977,
ABW,1978,
ABW,1979,
ABW,1980,
ABW,1981,
ABW,1982,
ABW,1983,
ABW,1984,
ABW,1985,
ABW,1986,
ABW,1987,17.59320595
ABW,1988,18.30468737
ABW,1989,10.06693198
ABW,1990,0.134479696
ABW,1991,2.813434652
ABW,1992,1.111855606
ABW,1993,0.49219478
ABW,1994,2.75152351
ABW,1995,-0.292643138
ABW,1996,-2.733864298
ABW,1997,2.978396644
ABW,1998,-0.487159558
ABW,1999,-0.125965726
ABW,2000,6.519223766
ABW,2001,3.212405688
ABW,2002,-1.628099152
ABW,2003,-0.033839442
ABW,2004,5.026911516
ABW,2005,-2.930823494
ABW,2006,-0.6732577
ABW,2007,2.322677579
ABW,2008,1.061772352
ABW,2009,-12.27493628
ABW,2010,-2.95695265
ABW,2011,2.610525059
ABW,2012,-2.484647977
ABW,2013,4.855279431
ABW,2014,-2.62961536
ABW,2015,-1.63575345
ABW,2016,0.951537825
ABW,2017,7.040657465
ABW,2018,2.234428765
ABW,2019,-2.496550426
ABW,2020,-25.79322942
ABW,2021,25.15496385
ABW,2022,8.912308079
ABW,2023,4.21613214
ABW,2024,
AUS,1960,
AUS,1961,0.46335133
AUS,1962,-1.148080552
AUS,1963,4.198557186
AUS,1964,4.901300074
AUS,1965,3.923448178
AUS,1966,0.067986874
AUS,1967,4.971449833
AUS,1968,3.255944736
AUS,1969,4.828076137
AUS,1970,5.084796088
AUS,1971,0.543808091
AUS,1972,2.017874158
AUS,1973,1.062663505
AUS,1974,1.505003941
AUS,1975,0.095786724
AUS,1976,1.564966117
AUS,1977,2.434497124
AUS,1978,-0.272989275
AUS,1979,2.93205952
AUS,1980,1.787333896
AUS,1981,1.738544701
AUS,1982,1.54942788
AUS,1983,-3.553298335
AUS,1984,3.345558506
AUS,1985,3.885343444
AUS,1986,2.473278414
AUS,1987,1.011353374
AUS,1988,4.0415423
AUS,1989,2.129709089
AUS,1990,2.055705422
AUS,1991,-1.643951636
AUS,1992,-0.689832364
AUS,1993,3.125295413
AUS,1994,2.983767962
AUS,1995,2.735332296
AUS,1996,2.610752936
AUS,1997,2.794925756
AUS,1998,3.625181818
AUS,1999,3.884968555
AUS,2000,2.738929566
AUS,2001,0.723509654
AUS,2002,2.803479629
AUS,2003,1.911812545
AUS,2004,3.115856922
AUS,2005,1.906093171
AUS,2006,1.378027255
AUS,2007,1.896638707
AUS,2008,1.531150067
AUS,2009,-0.185790579
AUS,2010,0.642043486
AUS,2011,0.993946507
AUS,2012,2.118255292
AUS,2013,0.851364693
AUS,2014,1.076363256
AUS,2015,0.729964315
AUS,2016,1.166815387
AUS,2017,0.609016554
AUS,2018,1.350866131
AUS,2019,0.673067166
AUS,2020,-1.343977433
AUS,2021,1.967399837
AUS,2022,2.924100641
AUS,2023,0.964385754
AUS,2024,-0.627097846
AUT,1960,
AUT,1961,4.960717183
AUT,1962,2.021469667
AUT,1963,3.471466159
AUT,1964,5.419336014
AUT,1965,2.810012786
AUT,1966,4.904479004
AUT,1967,2.241009758
AUT,1968,3.931241829
AUT,1969,5.909495926
AUT,1970,6.749434568
AUT,1971,4.646942587
AUT,1972,5.59238102
AUT,1973,4.310906445
AUT,1974,3.765373157
AUT,1975,-0.099030431
AUT,1976,4.76336935
AUT,1977,5.039648225
AUT,1978,-0.129830445
AUT,1979,5.536447972
AUT,1980,1.731377693
AUT,1981,-0.398620558
AUT,1982,1.938121352
AUT,1983,3.139627887
AUT,1984,0.057573487
AUT,1985,2.450566024
AUT,1986,2.236401938
AUT,1987,1.29304521
AUT,1988,3.149746427
AUT,1989,3.420101754
AUT,1990,3.553548082
AUT,1991,2.413986168
AUT,1992,0.976092051
AUT,1993,-0.2987538
AUT,1994,2.008761305
AUT,1995,2.510913051
AUT,1996,2.077848702
AUT,1997,2.030152416
AUT,1998,3.379381263
AUT,1999,3.560238147
AUT,2000,2.941684642
AUT,2001,0.929888061
AUT,2002,0.986311684
AUT,2003,0.650068296
AUT,2004,1.930896889
AUT,2005,1.625659096
AUT,2006,2.759623701
AUT,2007,3.439385492
AUT,2008,1.136211312
AUT,2009,-3.838493076
AUT,2010,1.564533379
AUT,2011,2.581103319
AUT,2012,0.170488694
AUT,2013,-0.836906795
AUT,2014,-0.028580547
AUT,2015,0.174259723
AUT,2016,1.018877232
AUT,2017,1.564306897
AUT,2018,1.986262964
AUT,2019,1.303503176
AUT,2020,-6.706393611
AUT,2021,4.339758399
AUT,2022,4.275933279
AUT,2023,-1.930145664
AUT,2024,-1.676594419
AZE,1960,
AZE,1961,
AZE,1962,
AZE,1963,
AZE,1964,
AZE,1965,
AZE,1966,
AZE,1967,
AZE,1968,
AZE,1969,
AZE,1970,
AZE,1971,
AZE,1972,
AZE,1973,
AZE,1974,
AZE,1975,
AZE,1976,
AZE,1977,
AZE,1978,
AZE,1979,
AZE,1980,
AZE,1981,
AZE,1982,
AZE,1983,
AZE,1984,
AZE,1985,
AZE,1986,
AZE,1987,
AZE,1988,
AZE,1989,
AZE,1990,
AZE,1991,-2.012383104
AZE,1992,-23.76120216
AZE,1993,-24.25686416
AZE,1994,-20.77555855
AZE,1995,-12.81342944
AZE,1996,0.28021389
AZE,1997,4.784282352
AZE,1998,8.960886763
AZE,1999,6.461584076
AZE,2000,10.19102927
AZE,2001,9.051821865
AZE,2002,8.625351139
AZE,2003,9.37646097
AZE,2004,8.301538012
AZE,2005,26.66009473
AZE,2006,32.99706632
AZE,2007,24.04867893
AZE,2008,8.293390791
AZE,2009,7.122238739
AZE,2010,3.549455657
AZE,2011,-2.847182953
AZE,2012,0.853886052
AZE,2013,4.483203027
AZE,2014,1.522431572
AZE,2015,-0.147024804
AZE,2016,-4.141174903
AZE,2017,-0.824348483
AZE,2018,0.62488441
AZE,2019,1.615829574
AZE,2020,-4.852351546
AZE,2021,5.151489356
AZE,2022,4.673318014
AZE,2023,1.232679755
AZE,2024,3.57269253
BHS,1960,
BHS,1961,5.34190503
BHS,1962,5.039960225
BHS,1963,5.129045928
BHS,1964,5.472593468
BHS,1965,5.630973667
BHS,1966,4.197024666
BHS,1967,4.604745807
BHS,1968,3.43569724
BHS,1969,4.149218202
BHS,1970,-9.220520204
BHS,1971,-1.501779658
BHS,1972,-6.055908012
BHS,1973,5.030403287
BHS,1974,-18.59920723
BHS,1975,-16.64762567
BHS,1976,2.922120333
BHS,1977,6.835927989
BHS,1978,11.83021661
BHS,1979,23.66934654
BHS,1980,4.527743963
BHS,1981,-10.79470812
BHS,1982,4.925120698
BHS,1983,1.868021145
BHS,1984,12.26036706
BHS,1985,3.052309063
BHS,1986,0.064914408
BHS,1987,1.254972311
BHS,1988,0.576822781
BHS,1989,4.86574712
BHS,1990,-3.296191759
BHS,1991,-5.815327371
BHS,1992,-5.573309075
BHS,1993,-1.555541082
BHS,1994,1.350387443
BHS,1995,2.664156846
BHS,1996,2.587699944
BHS,1997,-0.222584467
BHS,1998,3.234543574
BHS,1999,5.72071862
BHS,2000,2.790905518
BHS,2001,1.373534
BHS,2002,1.534862932
BHS,2003,-2.442848949
BHS,2004,-0.353931311
BHS,2005,2.159759355
BHS,2006,1.197964733
BHS,2007,0.022316157
BHS,2008,-3.629017836
BHS,2009,-5.414140447
BHS,2010,0.248837038
BHS,2011,-0.537416355
BHS,2012,3.479012149
BHS,2013,-3.756330969
BHS,2014,0.956170654
BHS,2015,0.197887425
BHS,2016,-1.846292092
BHS,2017,2.727954146
BHS,2018,1.816539861
BHS,2019,-1.33099312
BHS,2020,-20.32936973
BHS,2021,17.43560221
BHS,2022,10.55252448
BHS,2023,2.55809108
BHS,2024,2.903713039
BHR,1960,
BHR,1961,
BHR,1962,
BHR,1963,
BHR,1964,
BHR,1965,
BHR,1966,
BHR,1967,
BHR,1968,
BHR,1969,
BHR,1970,
BHR,1971,-1.001589811
BHR,1972,5.851353498
BHR,1973,8.031073462
BHR,1974,2.941323468
BHR,1975,-13.40687758
BHR,1976,24.07213355
BHR,1977,7.61285509
BHR,1978,-0.957468007
BHR,1979,-1.173423458
BHR,1980,-1.85494661
BHR,1981,-9.003912419
BHR,1982,-10.77134826
BHR,1983,2.733042904
BHR,1984,1.349610014
BHR,1985,-8.123037603
BHR,1986,-2.428239076
BHR,1987,6.447243146
BHR,1988,3.193126764
BHR,1989,-3.147028853
BHR,1990,0.893819936
BHR,1991,13.82693921
BHR,1992,3.920583935
BHR,1993,9.939399205
BHR,1994,-2.841207905
BHR,1995,1.231132748
BHR,1996,1.404160777
BHR,1997,0.411529525
BHR,1998,2.065271537
BHR,1999,1.587982296
BHR,2000,2.559646914
BHR,2001,-1.187353568
BHR,2002,-3.812875133
BHR,2003,-1.206571929
BHR,2004,-0.710582646
BHR,2005,-1.04880317
BHR,2006,-1.470380325
BHR,2007,0.075646933
BHR,2008,0.063714463
BHR,2009,-3.979197726
BHR,2010,0.077166959
BHR,2011,4.787472097
BHR,2012,2.605781234
BHR,2013,1.576686846
BHR,2014,-0.560855463
BHR,2015,-1.663292787
BHR,2016,-0.079109875
BHR,2017,-0.457057166
BHR,2018,1.918495729
BHR,2019,3.382740869
BHR,2020,-5.173074009
BHR,2021,2.119198225
BHR,2022,4.764512125
BHR,2023,0.42885938
BHR,2024,2.264333518
BGD,1960,
BGD,1961,3.110419719
BGD,1962,2.434773841
BGD,1963,-3.315593024
BGD,1964,7.760333196
BGD,1965,-1.318225165
BGD,1966,-0.372470692
BGD,1967,-4.72039173
BGD,1968,6.313411169
BGD,1969,-1.615764764
BGD,1970,2.92079667
BGD,1971,-7.117480256
BGD,1972,-15.61251724
BGD,1973,0.40936438
BGD,1974,6.532698863
BGD,1975,-6.570574215
BGD,1976,3.01376174
BGD,1977,0.149792974
BGD,1978,4.492528204
BGD,1979,2.307157782
BGD,1980,-1.564968965
BGD,1981,4.518544665
BGD,1982,-0.629252595
BGD,1983,1.134446241
BGD,1984,2.14633009
BGD,1985,0.828029751
BGD,1986,1.755949338
BGD,1987,1.474959677
BGD,1988,0.260566561
BGD,1989,0.752490666
BGD,1990,3.540805414
BGD,1991,1.526796288
BGD,1992,3.4738382
BGD,1993,2.779078567
BGD,1994,1.981565712
BGD,1995,3.185893833
BGD,1996,2.629544607
BGD,1997,2.57102378
BGD,1998,3.209952444
BGD,1999,2.700692492
BGD,2000,3.38671359
BGD,2001,3.340278822
BGD,2002,2.242860585
BGD,2003,3.226324776
BGD,2004,3.81635685
BGD,2005,5.201313687
BGD,2006,5.440428815
BGD,2007,5.913202756
BGD,2008,4.960571702
BGD,2009,4.070764216
BGD,2010,4.650462974
BGD,2011,5.501503282
BGD,2012,5.505480202
BGD,2013,5.023418397
BGD,2014,5.099054602
BGD,2015,5.604495397
BGD,2016,6.1618156
BGD,2017,5.68710307
BGD,2018,6.441974947
BGD,2019,6.972643998
BGD,2020,2.586478166
BGD,2021,6.07069417
BGD,2022,6.008474629
BGD,2023,4.490704094
BGD,2024,2.96499838
BRB,1960,
BRB,1961,6.654892409
BRB,1962,8.098228702
BRB,1963,-6.010627008
BRB,1964,3.95420561
BRB,1965,10.30448432
BRB,1966,2.908558697
BRB,1967,9.698090224
BRB,1968,6.298462034
BRB,1969,7.128751654
BRB,1970,9.534432508
BRB,1971,4.004053935
BRB,1972,1.075032108
BRB,1973,1.071885757
BRB,1974,-4.823839032
BRB,1975,-2.055444613
BRB,1976,4.2493935
BRB,1977,3.566418018
BRB,1978,4.9082084
BRB,1979,8.014096811
BRB,1980,4.267249337
BRB,1981,-2.189848631
BRB,1982,-5.210927714
BRB,1983,0.146322174
BRB,1984,3.223231639
BRB,1985,0.742566225
BRB,1986,4.777326285
BRB,1987,2.32739078
BRB,1988,3.31103086
BRB,1989,3.461122239
BRB,1990,-3.484463733
BRB,1991,-4.192979721
BRB,1992,-6.016460946
BRB,1993,0.499601554
BRB,1994,1.77956019
BRB,1995,1.850877928
BRB,1996,3.879351748
BRB,1997,4.69699252
BRB,1998,3.7110732
BRB,1999,0.303697654
BRB,2000,4.62813476
BRB,2001,-2.500145821
BRB,2002,0.129980081
BRB,2003,1.549609072
BRB,2004,0.834158698
BRB,2005,3.410738133
BRB,2006,5.561411366
BRB,2007,1.59529283
BRB,2008,0.107256161
BRB,2009,-5.505489283
BRB,2010,-2.615599863
BRB,2011,-1.05353551
BRB,2012,-0.60091944
BRB,2013,-1.269562702
BRB,2014,-0.163173017
BRB,2015,-1.07426729
BRB,2016,1.570578631
BRB,2017,-0.076334649
BRB,2018,-1.364175224
BRB,2019,0.475051849
BRB,2020,-15.20242331
BRB,2021,-0.413697039
BRB,2022,17.76149167
BRB,2023,4.08718373
BRB,2024,3.75186089
BLR,1960,
BLR,1961,
BLR,1962,
BLR,1963,
BLR,1964,
BLR,1965,
BLR,1966,
BLR,1967,
BLR,1968,
BLR,1969,
BLR,1970,
BLR,1971,
BLR,1972,
BLR,1973,
BLR,1974,
BLR,1975,
BLR,1976,
BLR,1977,
BLR,1978,
BLR,1979,
BLR,1980,
BLR,1981,
BLR,1982,
BLR,1983,
BLR,1984,
BLR,1985,
BLR,1986,
BLR,1987,
BLR,1988,
BLR,1989,
BLR,1990,
BLR,1991,-1.245567153
BLR,1992,-9.798383573
BLR,1993,-7.803770146
BLR,1994,-11.59557508
BLR,1995,-10.10885271
BLR,1996,3.146685992
BLR,1997,11.86395221
BLR,1998,8.889364576
BLR,1999,3.866378692
BLR,2000,6.299636275
BLR,2001,5.263892177
BLR,2002,5.716082481
BLR,2003,7.794917852
BLR,2004,12.21261835
BLR,2005,10.14976717
BLR,2006,10.67558671
BLR,2007,9.099460044
BLR,2008,10.58130507
BLR,2009,0.4467057
BLR,2010,7.985732826
BLR,2011,5.79755018
BLR,2012,1.867269773
BLR,2013,1.037490027
BLR,2014,1.594062008
BLR,2015,-3.957251254
BLR,2016,-2.611913805
BLR,2017,2.644807522
BLR,2018,3.369991519
BLR,2019,1.651367504
BLR,2020,-0.251224717
BLR,2021,3.290817516
BLR,2022,-3.888540083
BLR,2023,4.691207974
BLR,2024,4.51757015
BEL,1960,
BEL,1961,4.630257134
BEL,1962,4.794034518
BEL,1963,3.574353541
BEL,1964,5.949139356
BEL,1965,2.624444661
BEL,1966,2.461462453
BEL,1967,3.291575742
BEL,1968,3.785044364
BEL,1969,6.328283647
BEL,1970,6.247845513
BEL,1971,3.796488656
BEL,1972,4.884088168
BEL,1973,6.047488542
BEL,1974,4.23677803
BEL,1975,-2.248829962
BEL,1976,5.464140149
BEL,1977,0.501978435
BEL,1978,2.745990116
BEL,1979,2.249127606
BEL,1980,4.329008291
BEL,1981,-0.276653762
BEL,1982,0.622329065
BEL,1983,0.319812571
BEL,1984,2.467921209
BEL,1985,1.621519047
BEL,1986,1.786469858
BEL,1987,2.219478239
BEL,1988,4.390794858
BEL,1989,3.093999118
BEL,1990,2.830267877
BEL,1991,1.455371862
BEL,1992,1.119565668
BEL,1993,-1.347999478
BEL,1994,2.909318699
BEL,1995,2.170550243
BEL,1996,1.123650269
BEL,1997,3.542803056
BEL,1998,1.744347977
BEL,1999,3.305681097
BEL,2000,3.465478232
BEL,2001,0.752467698
BEL,2002,1.251994282
BEL,2003,0.615852527
BEL,2004,3.123931284
BEL,2005,1.760456465
BEL,2006,1.878174189
BEL,2007,2.91838152
BEL,2008,-0.343476137
BEL,2009,-2.692534717
BEL,2010,1.776183416
BEL,2011,0.613616928
BEL,2012,-0.403775116
BEL,2013,-0.166173061
BEL,2014,1.314774623
BEL,2015,0.887876358
BEL,2016,0.682454833
BEL,2017,1.084311513
BEL,2018,1.415289375
BEL,2019,1.89071932
BEL,2020,-5.20244011
BEL,2021,5.771345643
BEL,2022,3.420168308
BEL,2023,0.281207552
BEL,2024,0.258325283
BLZ,1960,
BLZ,1961,2.299993079
BLZ,1962,2.26056118
BLZ,1963,2.125808997
BLZ,1964,2.003957924
BLZ,1965,1.851041395
BLZ,1966,1.633720272
BLZ,1967,1.739480489
BLZ,1968,4.146573713
BLZ,1969,2.143913602
BLZ,1970,2.467367879
BLZ,1971,2.207948236
BLZ,1972,8.564268933
BLZ,1973,3.877992404
BLZ,1974,12.01850708
BLZ,1975,1.843329417
BLZ,1976,-2.070908779
BLZ,1977,4.311598747
BLZ,1978,5.722136529
BLZ,1979,5.266933438
BLZ,1980,9.493481895
BLZ,1981,-1.397991874
BLZ,1982,-2.570200694
BLZ,1983,-4.494565163
BLZ,1984,-0.411300256
BLZ,1985,-1.307283939
BLZ,1986,2.202531429
BLZ,1987,8.281554271
BLZ,1988,7.380629877
BLZ,1989,10.53302979
BLZ,1990,9.03038784
BLZ,1991,9.411672271
BLZ,1992,10.40361822
BLZ,1993,4.003825686
BLZ,1994,-2.126400794
BLZ,1995,-1.758429668
BLZ,1996,-1.857191197
BLZ,1997,0.814424851
BLZ,1998,0.325381307
BLZ,1999,5.722213316
BLZ,2000,8.632715541
BLZ,2001,1.789774665
BLZ,2002,2.255905949
BLZ,2003,6.43585885
BLZ,2004,1.730993286
BLZ,2005,-0.719541027
BLZ,2006,1.553754319
BLZ,2007,0.483371873
BLZ,2008,-4.35067134
BLZ,2009,-3.019040323
BLZ,2010,-1.295373281
BLZ,2011,-2.394190992
BLZ,2012,1.530338261
BLZ,2013,2.248911758
BLZ,2014,1.855554613
BLZ,2015,0.736857598
BLZ,2016,-2.24225455
BLZ,2017,-4.04836188
BLZ,2018,-0.757266963
BLZ,2019,2.753464635
BLZ,2020,-15.00068035
BLZ,2021,16.39580579
BLZ,2022,7.64170339
BLZ,2023,-0.911086213
BLZ,2024,6.604734215
BEN,1960,
BEN,1961,1.451144084
BEN,1962,-5.111051704
BEN,1963,2.825280758
BEN,1964,4.6354801
BEN,1965,3.234781725
BEN,1966,1.500861687
BEN,1967,-0.98609372
BEN,1968,1.674365521
BEN,1969,0.682677458
BEN,1970,-0.128531728
BEN,1971,-3.687325252
BEN,1972,4.011657805
BEN,1973,1.307260501
BEN,1974,0.907300354
BEN,1975,-7.180182238
BEN,1976,-1.594456395
BEN,1977,2.346730073
BEN,1978,-1.334720734
BEN,1979,3.739556785
BEN,1980,3.878492157
BEN,1981,6.875964567
BEN,1982,-0.674353711
BEN,1983,-7.08354719
BEN,1984,4.820793288
BEN,1985,4.399750497
BEN,1986,-0.831611572
BEN,1987,-4.424573155
BEN,1988,0.306527533
BEN,1989,-5.781173642
BEN,1990,5.678424808
BEN,1991,1.059894065
BEN,1992,-0.174577694
BEN,1993,1.243124435
BEN,1994,-1.72472268
BEN,1995,3.826683556
BEN,1996,1.629860214
BEN,1997,2.658915884
BEN,1998,0.804830625
BEN,1999,2.132400379
BEN,2000,2.6504315
BEN,2001,2.164524391
BEN,2002,1.509640257
BEN,2003,0.336976511
BEN,2004,1.280779944
BEN,2005,-1.510433395
BEN,2006,0.750089698
BEN,2007,2.900175704
BEN,2008,1.776470696
BEN,2009,-0.703743156
BEN,2010,-0.888244805
BEN,2011,-0.057123017
BEN,2012,1.74647753
BEN,2013,4.076668027
BEN,2014,3.260772171
BEN,2015,-1.184320438
BEN,2016,0.36116614
BEN,2017,2.6704172
BEN,2018,3.737015543
BEN,2019,3.982113266
BEN,2020,1.120202648
BEN,2021,4.413354351
BEN,2022,3.58043408
BEN,2023,3.703325128
BEN,2024,4.840178691
BMU,1960,
BMU,1961,2.458860437
BMU,1962,1.8345761
BMU,1963,-1.384302388
BMU,1964,8.548317161
BMU,1965,2.440142448
BMU,1966,11.83526072
BMU,1967,11.03305692
BMU,1968,0.302356941
BMU,1969,1.617932055
BMU,1970,4.643896683
BMU,1971,2.487810579
BMU,1972,1.43476924
BMU,1973,1.209585804
BMU,1974,0.668046203
BMU,1975,3.625537104
BMU,1976,8.772713553
BMU,1977,5.675004011
BMU,1978,1.245819396
BMU,1979,1.983823027
BMU,1980,7.630187383
BMU,1981,1.766632529
BMU,1982,-5.964594591
BMU,1983,1.282647804
BMU,1984,-0.232564086
BMU,1985,-2.670355319
BMU,1986,6.013944308
BMU,1987,3.056673772
BMU,1988,3.259731105
BMU,1989,-0.312179175
BMU,1990,-0.727990781
BMU,1991,-4.241437275
BMU,1992,-0.783533834
BMU,1993,2.292256869
BMU,1994,-0.042793868
BMU,1995,3.816873068
BMU,1996,2.108168799
BMU,1997,3.967293989
BMU,1998,3.108400628
BMU,1999,2.56233775
BMU,2000,8.560550259
BMU,2001,6.673039057
BMU,2002,-1.913785699
BMU,2003,3.006253556
BMU,2004,2.044833778
BMU,2005,1.42128117
BMU,2006,5.337260155
BMU,2007,3.056475297
BMU,2008,-2.315543075
BMU,2009,-6.020136318
BMU,2010,-2.747672946
BMU,2011,-3.754826881
BMU,2012,-5.175857524
BMU,2013,-0.16677148
BMU,2014,-3.632855408
BMU,2015,0.878744269
BMU,2016,-0.63372064
BMU,2017,3.401191878
BMU,2018,-0.827444989
BMU,2019,-0.124745932
BMU,2020,-7.225547894
BMU,2021,4.177012512
BMU,2022,6.310136679
BMU,2023,4.999919489
BMU,2024,2.203310107
BTN,1960,
BTN,1961,
BTN,1962,
BTN,1963,
BTN,1964,
BTN,1965,
BTN,1966,
BTN,1967,
BTN,1968,
BTN,1969,
BTN,1970,
BTN,1971,-0.759182926
BTN,1972,-2.222390386
BTN,1973,-1.930241314
BTN,1974,1.638593074
BTN,1975,-6.546261513
BTN,1976,5.299031631
BTN,1977,4.278527585
BTN,1978,3.530276937
BTN,1979,1.302018084
BTN,1980,1.567272567
BTN,1981,11.41235424
BTN,1982,0.163366515
BTN,1983,6.967470379
BTN,1984,1.305282644
BTN,1985,0.834782226
BTN,1986,8.007457453
BTN,1987,25.178805
BTN,1988,1.677128074
BTN,1989,4.248618374
BTN,1990,7.442063156
BTN,1991,-2.150867414
BTN,1992,8.585607793
BTN,1993,6.233890874
BTN,1994,4.984815834
BTN,1995,8.345745823
BTN,1996,5.412245113
BTN,1997,3.504183149
BTN,1998,3.916779513
BTN,1999,5.547664743
BTN,2000,0.881596585
BTN,2001,4.880426958
BTN,2002,8.03559524
BTN,2003,5.546187247
BTN,2004,3.075106682
BTN,2005,5.105979517
BTN,2006,4.233833836
BTN,2007,14.763141
BTN,2008,3.355236093
BTN,2009,6.482664061
BTN,2010,10.71242084
BTN,2011,7.304769409
BTN,2012,4.006257826
BTN,2013,0.614996701
BTN,2014,4.745065436
BTN,2015,5.583706035
BTN,2016,7.424640568
BTN,2017,1.211372391
BTN,2018,2.762961028
BTN,2019,5.054791532
BTN,2020,-10.82261124
BTN,2021,3.689353192
BTN,2022,4.476615996
BTN,2023,4.152909811
BTN,2024,
BOL,1960,
BOL,1961,0.024994746
BOL,1962,3.423215511
BOL,1963,4.590046498
BOL,1964,1.78384207
BOL,1965,2.697641764
BOL,1966,4.880108753
BOL,1967,4.013276708
BOL,1968,6.146364268
BOL,1969,2.162936904
BOL,1970,2.897656675
BOL,1971,2.728298212
BOL,1972,5.569386166
BOL,1973,3.387110143
BOL,1974,0.638403547
BOL,1975,4.907603384
BOL,1976,2.247090158
BOL,1977,2.577383783
BOL,1978,-0.264150198
BOL,1979,-2.120223426
BOL,1980,-3.564803369
BOL,1981,-1.924837477
BOL,1982,-6.013474417
BOL,1983,-6.085977744
BOL,1984,-2.310571539
BOL,1985,-3.734705176
BOL,1986,-4.600383641
BOL,1987,0.324802543
BOL,1988,0.751404532
BOL,1989,1.615876343
BOL,1990,2.458349784
BOL,1991,3.095534118
BOL,1992,-0.406134714
BOL,1993,2.221397474
BOL,1994,2.660871687
BOL,1995,2.719495973
BOL,1996,2.448117814
BOL,1997,3.076060508
BOL,1998,3.1912197
BOL,1999,-1.311180574
BOL,2000,0.762647491
BOL,2001,-0.017100458
BOL,2002,0.785766491
BOL,2003,1.005158394
BOL,2004,2.435011684
BOL,2005,2.676006596
BOL,2006,3.025736246
BOL,2007,2.79100342
BOL,2008,4.371629809
BOL,2009,1.650077111
BOL,2010,2.428457131
BOL,2011,3.510649717
BOL,2012,3.454063612
BOL,2013,5.128470927
BOL,2014,3.844184168
BOL,2015,3.278651558
BOL,2016,2.722207157
BOL,2017,2.683728435
BOL,2018,2.740368225
BOL,2019,0.789012055
BOL,2020,-9.857106795
BOL,2021,5.035259646
BOL,2022,2.40643659
BOL,2023,1.675972067
BOL,2024,0.003115706
BIH,1960,
BIH,1961,
BIH,1962,
BIH,1963,
BIH,1964,
BIH,1965,
BIH,1966,
BIH,1967,
BIH,1968,
BIH,1969,
BIH,1970,
BIH,1971,
BIH,1972,
BIH,1973,
BIH,1974,
BIH,1975,
BIH,1976,
BIH,1977,
BIH,1978,
BIH,1979,
BIH,1980,
BIH,1981,
BIH,1982,
BIH,1983,
BIH,1984,
BIH,1985,
BIH,1986,
BIH,1987,
BIH,1988,
BIH,1989,
BIH,1990,
BIH,1991,-9.54507316
BIH,1992,-1.493699177
BIH,1993,6.089470199
BIH,1994,16.47376421
BIH,1995,16.27567174
BIH,1996,47.84541898
BIH,1997,31.77901262
BIH,1998,14.58798516
BIH,1999,8.43574268
BIH,2000,4.667607
BIH,2001,1.941344232
BIH,2002,4.812674722
BIH,2003,4.102761911
BIH,2004,7.289052143
BIH,2005,5.025655699
BIH,2006,6.275860373
BIH,2007,7.171905452
BIH,2008,7.203568124
BIH,2009,-1.31069381
BIH,2010,2.673722489
BIH,2011,2.839423788
BIH,2012,1.115320952
BIH,2013,4.02941225
BIH,2014,2.459975948
BIH,2015,5.687058388
BIH,2016,4.595967206
BIH,2017,4.57869011
BIH,2018,5.105248784
BIH,2019,4.162604854
BIH,2020,-1.657508895
BIH,2021,9.19171639
BIH,2022,5.531108829
BIH,2023,2.626169553
BIH,2024,3.154340378
BWA,1960,
BWA,1961,3.971044226
BWA,1962,4.248932682
BWA,1963,3.473026665
BWA,1964,4.32310983
BWA,1965,4.267615644
BWA,1966,5.754758708
BWA,1967,5.36533774
BWA,1968,9.99279382
BWA,1969,14.51549598
BWA,1970,16.47190753
BWA,1971,23.69496704
BWA,1972,21.91049372
BWA,1973,15.72505381
BWA,1974,3.553518253
BWA,1975,3.187575208
BWA,1976,5.085453593
BWA,1977,6.259118615
BWA,1978,7.646416964
BWA,1979,5.618852741
BWA,1980,7.717235397
BWA,1981,5.409370658
BWA,1982,7.800910598
BWA,1983,9.159207714
BWA,1984,4.786872271
BWA,1985,3.469752495
BWA,1986,4.565606848
BWA,1987,8.288303374
BWA,1988,15.93949343
BWA,1989,9.962246371
BWA,1990,3.876200609
BWA,1991,4.570731782
BWA,1992,0.062532147
BWA,1993,-0.960421541
BWA,1994,0.795369762
BWA,1995,4.258811946
BWA,1996,3.274997255
BWA,1997,5.86002743
BWA,1998,-1.757109772
BWA,1999,7.323082453
BWA,2000,-0.163772715
BWA,2001,-1.791143
BWA,2002,4.093208374
BWA,2003,2.800973794
BWA,2004,0.920692082
BWA,2005,2.696606331
BWA,2006,6.361425592
BWA,2007,3.761895523
BWA,2008,1.199231316
BWA,2009,-15.89971491
BWA,2010,7.821147002
BWA,2011,4.755573266
BWA,2012,-1.831759021
BWA,2013,9.438710744
BWA,2014,4.170990129
BWA,2015,-6.199954095
BWA,2016,5.693194554
BWA,2017,2.645912606
BWA,2018,2.720714349
BWA,2019,1.576390917
BWA,2020,-10.03323829
BWA,2021,10.25964719
BWA,2022,3.823630843
BWA,2023,1.52893818
BWA,2024,-4.563454906
BRA,1960,
BRA,1961,5.372339416
BRA,1962,3.465910762
BRA,1963,-2.321401908
BRA,1964,0.450644645
BRA,1965,-0.445326275
BRA,1966,3.824038278
BRA,1967,1.482357868
BRA,1968,7.022831242
BRA,1969,6.787928484
BRA,1970,7.70310528
BRA,1971,8.650323901
BRA,1972,9.249307736
BRA,1973,11.24263033
BRA,1974,5.592672803
BRA,1975,2.694421531
BRA,1976,7.662315195
BRA,1977,2.459657173
BRA,1978,2.494907463
BRA,1979,4.252577515
BRA,1980,6.653382115
BRA,1981,-6.45394522
BRA,1982,-1.442071146
BRA,1983,-5.074170995
BRA,1984,3.120693961
BRA,1985,5.576472452
BRA,1986,5.298203983
BRA,1987,1.498671699
BRA,1988,-1.951016507
BRA,1989,1.275262785
BRA,1990,-6.043271763
BRA,1991,-0.686503406
BRA,1992,-2.188501404
BRA,1993,3.238677951
BRA,1994,4.210940303
BRA,1995,2.632056303
BRA,1996,0.672968776
BRA,1997,1.86924435
BRA,1998,-1.14360391
BRA,1999,-0.984800298
BRA,2000,2.962220451
BRA,2001,0.077000517
BRA,2002,1.782043084
BRA,2003,-0.045832831
BRA,2004,4.571693673
BRA,2005,2.077308338
BRA,2006,2.86752084
BRA,2007,5.001470158
BRA,2008,4.092216267
BRA,2009,-1.016323621
BRA,2010,6.627829949
BRA,2011,3.131698544
BRA,2012,1.097332938
BRA,2013,2.173330805
BRA,2014,-0.303163572
BRA,2015,-4.306397559
BRA,2016,-4.010127194
BRA,2017,0.587668929
BRA,2018,1.090408604
BRA,2019,0.562970838
BRA,2020,-3.835505467
BRA,2021,4.317931617
BRA,2022,2.646315324
BRA,2023,2.833700129
BRA,2024,2.977479093
VGB,1960,
VGB,1961,
VGB,1962,
VGB,1963,
VGB,1964,
VGB,1965,
VGB,1966,
VGB,1967,
VGB,1968,
VGB,1969,
VGB,1970,
VGB,1971,
VGB,1972,
VGB,1973,
VGB,1974,
VGB,1975,
VGB,1976,
VGB,1977,
VGB,1978,
VGB,1979,
VGB,1980,
VGB,1981,
VGB,1982,
VGB,1983,
VGB,1984,
VGB,1985,
VGB,1986,
VGB,1987,
VGB,1988,
VGB,1989,
VGB,1990,
VGB,1991,
VGB,1992,
VGB,1993,
VGB,1994,
VGB,1995,
VGB,1996,
VGB,1997,
VGB,1998,
VGB,1999,
VGB,2000,
VGB,2001,
VGB,2002,
VGB,2003,
VGB,2004,
VGB,2005,
VGB,2006,
VGB,2007,
VGB,2008,
VGB,2009,
VGB,2010,
VGB,2011,
VGB,2012,
VGB,2013,
VGB,2014,
VGB,2015,
VGB,2016,
VGB,2017,
VGB,2018,
VGB,2019,
VGB,2020,
VGB,2021,
VGB,2022,
VGB,2023,
VGB,2024,
BRN,1960,
BRN,1961,
BRN,1962,
BRN,1963,
BRN,1964,
BRN,1965,
BRN,1966,
BRN,1967,
BRN,1968,
BRN,1969,
BRN,1970,
BRN,1971,
BRN,1972,
BRN,1973,
BRN,1974,
BRN,1975,-4.048254769
BRN,1976,16.78336063
BRN,1977,6.251750912
BRN,1978,3.587966826
BRN,1979,20.52185858
BRN,1980,-12.46798732
BRN,1981,-24.75641342
BRN,1982,-0.892989076
BRN,1983,-2.825312887
BRN,1984,-5.568272689
BRN,1985,-6.126239335
BRN,1986,-8.571241153
BRN,1987,-1.131393359
BRN,1988,-4.418511929
BRN,1989,-5.530349005
BRN,1990,-0.263026647
BRN,1991,0.048238528
BRN,1992,-5.721048553
BRN,1993,-3.192332183
BRN,1994,-1.538384849
BRN,1995,-1.125177116
BRN,1996,-2.400642573
BRN,1997,3.883352054
BRN,1998,-8.761956332
BRN,1999,1.96732668
BRN,2000,1.251592456
BRN,2001,-0.64060557
BRN,2002,1.896876858
BRN,2003,1.629718103
BRN,2004,-1.675105363
BRN,2005,-1.676952942
BRN,2006,2.457846999
BRN,2007,-5.375031958
BRN,2008,-5.660952755
BRN,2009,-3.724626985
BRN,2010,0.808737711
BRN,2011,1.911295621
BRN,2012,-0.621623584
BRN,2013,-3.468418672
BRN,2014,-3.805754623
BRN,2015,-1.680970268
BRN,2016,-3.698643046
BRN,2017,0.109331525
BRN,2018,-1.098959078
BRN,2019,2.726164868
BRN,2020,0.065735388
BRN,2021,-2.531238302
BRN,2022,-2.416609684
BRN,2023,0.339025329
BRN,2024,3.350954174
BGR,1960,
BGR,1961,
BGR,1962,
BGR,1963,
BGR,1964,
BGR,1965,
BGR,1966,
BGR,1967,
BGR,1968,
BGR,1969,
BGR,1970,
BGR,1971,
BGR,1972,
BGR,1973,
BGR,1974,
BGR,1975,
BGR,1976,
BGR,1977,
BGR,1978,
BGR,1979,
BGR,1980,
BGR,1981,4.551144229
BGR,1982,2.032294164
BGR,1983,3.172520882
BGR,1984,3.154807366
BGR,1985,2.684953395
BGR,1986,4.235241268
BGR,1987,5.898612494
BGR,1988,10.82009085
BGR,1989,-2.151690705
BGR,1990,-7.463207654
BGR,1991,-7.534068857
BGR,1992,-6.271263889
BGR,1993,-0.691213573
BGR,1994,2.164358852
BGR,1995,3.321186835
BGR,1996,5.749369438
BGR,1997,-13.59092238
BGR,1998,4.484023771
BGR,1999,-7.881073177
BGR,2000,5.105055789
BGR,2001,5.911160323
BGR,2002,8.195216445
BGR,2003,6.074061736
BGR,2004,7.317404312
BGR,2005,7.865501921
BGR,2006,7.616849232
BGR,2007,7.441488627
BGR,2008,6.877126917
BGR,2009,-2.722414675
BGR,2010,2.2260788
BGR,2011,2.746910336
BGR,2012,1.334066095
BGR,2013,1.483660637
BGR,2014,2.182964912
BGR,2015,4.72028573
BGR,2016,4.372882161
BGR,2017,4.115239259
BGR,2018,3.965578923
BGR,2019,5.264447923
BGR,2020,-2.240167074
BGR,2021,8.499367455
BGR,2022,4.717940257
BGR,2023,2.179218452
BGR,2024,2.846404277
BFA,1960,
BFA,1961,2.550232653
BFA,1962,4.587498788
BFA,1963,-2.730146958
BFA,1964,0.721438385
BFA,1965,2.117328006
BFA,1966,-1.095808129
BFA,1967,7.016896507
BFA,1968,1.315164942
BFA,1969,0.276666589
BFA,1970,-1.616231522
BFA,1971,-0.322395573
BFA,1972,0.56318249
BFA,1973,-1.329507387
BFA,1974,6.255875354
BFA,1975,0.943213343
BFA,1976,6.235397484
BFA,1977,-1.94188225
BFA,1978,2.032698189
BFA,1979,1.014438225
BFA,1980,-1.872463415
BFA,1981,1.446488859
BFA,1982,6.578035335
BFA,1983,-2.457063553
BFA,1984,-4.573172595
BFA,1985,5.428949255
BFA,1986,4.952235074
BFA,1987,-2.929012654
BFA,1988,2.990682684
BFA,1989,-0.526129444
BFA,1990,-3.187661934
BFA,1991,6.338472499
BFA,1992,-2.209726904
BFA,1993,0.920491455
BFA,1994,-1.207760725
BFA,1995,3.040325358
BFA,1996,8.209981105
BFA,1997,3.611022435
BFA,1998,4.382315503
BFA,1999,4.293848162
BFA,2000,-1.107106602
BFA,2001,3.409757708
BFA,2002,1.17736897
BFA,2003,4.492946881
BFA,2004,1.24360967
BFA,2005,5.295740309
BFA,2006,2.988892119
BFA,2007,1.001312767
BFA,2008,2.736636763
BFA,2009,-0.000227774
BFA,2010,5.319349159
BFA,2011,3.516336236
BFA,2012,3.288783465
BFA,2013,2.665082759
BFA,2014,1.270476556
BFA,2015,0.888259828
BFA,2016,2.903509091
BFA,2017,3.216405217
BFA,2018,3.767726783
BFA,2019,3.243918662
BFA,2020,-0.443420002
BFA,2021,4.431005409
BFA,2022,-0.819552931
BFA,2023,0.64957799
BFA,2024,2.653443724
BDI,1960,
BDI,1961,-15.90196524
BDI,1962,6.331874888
BDI,1963,1.964997138
BDI,1964,3.288670218
BDI,1965,1.13032095
BDI,1966,2.123023174
BDI,1967,10.96864413
BDI,1968,-2.648490147
BDI,1969,-3.576144753
BDI,1970,18.71930938
BDI,1971,0.279710021
BDI,1972,-6.399798922
BDI,1973,7.041069108
BDI,1974,-3.18211194
BDI,1975,-1.769311584
BDI,1976,5.551346427
BDI,1977,8.644480418
BDI,1978,-3.761265919
BDI,1979,-0.830806953
BDI,1980,-3.159807598
BDI,1981,7.684913821
BDI,1982,-3.492200293
BDI,1983,0.973082537
BDI,1984,-2.242127427
BDI,1985,9.394384222
BDI,1986,1.330433641
BDI,1987,3.123289546
BDI,1988,2.730074844
BDI,1989,-0.620899444
BDI,1990,1.363044013
BDI,1991,2.846685159
BDI,1992,-1.654735446
BDI,1993,-3.241248646
BDI,1994,-4.452932936
BDI,1995,-13.26998523
BDI,1996,-8.063500471
BDI,1997,-1.582477439
BDI,1998,2.768029824
BDI,1999,-3.353820296
BDI,2000,-2.895427919
BDI,2001,-0.469619803
BDI,2002,1.542047071
BDI,2003,-4.295388278
BDI,2004,0.997721141
BDI,2005,-2.778948028
BDI,2006,1.684736425
BDI,2007,-0.304003263
BDI,2008,0.623635409
BDI,2009,-1.31554958
BDI,2010,0.316683988
BDI,2011,0.376420688
BDI,2012,0.785222154
BDI,2013,1.22233332
BDI,2014,0.761607166
BDI,2015,-6.055503773
BDI,2016,-2.296878917
BDI,2017,-1.834691663
BDI,2018,-1.411807623
BDI,2019,-1.476334832
BDI,2020,-2.548980787
BDI,2021,0.329205803
BDI,2022,-0.869930825
BDI,2023,-0.096964332
BDI,2024,0.84939104
CPV,1960,
CPV,1961,
CPV,1962,
CPV,1963,
CPV,1964,
CPV,1965,
CPV,1966,
CPV,1967,
CPV,1968,
CPV,1969,
CPV,1970,
CPV,1971,
CPV,1972,
CPV,1973,
CPV,1974,
CPV,1975,
CPV,1976,
CPV,1977,
CPV,1978,
CPV,1979,
CPV,1980,
CPV,1981,6.948074943
CPV,1982,1.31753289
CPV,1983,7.921665197
CPV,1984,2.31335741
CPV,1985,7.122070088
CPV,1986,1.426982654
CPV,1987,2.852306624
CPV,1988,4.526240667
CPV,1989,4.124850248
CPV,1990,-1.35290151
CPV,1991,-1.010551365
CPV,1992,8.447989795
CPV,1993,6.396030487
CPV,1994,16.78201035
CPV,1995,12.06018386
CPV,1996,9.390286197
CPV,1997,9.265502337
CPV,1998,10.72994073
CPV,1999,9.545038899
CPV,2000,12.57103826
CPV,2001,0.682276166
CPV,2002,3.729072616
CPV,2003,2.781690963
CPV,2004,8.820787356
CPV,2005,5.646341529
CPV,2006,6.748620618
CPV,2007,13.90290286
CPV,2008,5.936286693
CPV,2009,-2.434955323
CPV,2010,1.108679411
CPV,2011,3.58680088
CPV,2012,0.983345736
CPV,2013,0.57909231
CPV,2014,0.676815489
CPV,2015,0.92263125
CPV,2016,4.248162326
CPV,2017,4.482210931
CPV,2018,3.601523496
CPV,2019,6.804495317
CPV,2020,-20.89375234
CPV,2021,6.62540766
CPV,2022,15.15450811
CPV,2023,4.868557899
CPV,2024,6.751542021
KHM,1960,
KHM,1961,
KHM,1962,
KHM,1963,
KHM,1964,
KHM,1965,
KHM,1966,
KHM,1967,
KHM,1968,
KHM,1969,
KHM,1970,
KHM,1971,
KHM,1972,
KHM,1973,
KHM,1974,
KHM,1975,
KHM,1976,7.275968294
KHM,1977,-7.655506105
KHM,1978,8.766853818
KHM,1979,-10.72422518
KHM,1980,-7.683233479
KHM,1981,-1.560910977
KHM,1982,-2.794792614
KHM,1983,0.73184233
KHM,1984,1.181635872
KHM,1985,1.22955641
KHM,1986,-0.194040775
KHM,1987,16.48571432
KHM,1988,7.80089547
KHM,1989,-0.345557696
KHM,1990,-2.970448162
KHM,1991,3.22292482
KHM,1992,1.395211275
KHM,1993,-1.982198501
KHM,1994,-39.20297033
KHM,1995,1.354120637
KHM,1996,-1.776935283
KHM,1997,-2.911991734
KHM,1998,0.452139873
KHM,1999,10.79820549
KHM,2000,8.258328773
KHM,2001,5.725666444
KHM,2002,4.638623567
KHM,2003,8.62974314
KHM,2004,7.856390011
KHM,2005,11.66378614
KHM,2006,9.317924013
KHM,2007,8.781439166
KHM,2008,5.857285554
KHM,2009,2.446745048
KHM,2010,3.454351171
KHM,2011,5.669930844
KHM,2012,6.047569827
KHM,2013,6.256914983
KHM,2014,6.411092519
KHM,2015,5.652931676
KHM,2016,6.343006276
KHM,2017,6.591964956
KHM,2018,7.431770302
KHM,2019,6.582723649
KHM,2020,-4.963681994
KHM,2021,1.578620516
KHM,2022,3.7400092
KHM,2023,3.668477754
KHM,2024,4.724058695
CMR,1960,
CMR,1961,-0.365494073
CMR,1962,1.124046704
CMR,1963,1.499050602
CMR,1964,1.289311908
CMR,1965,-0.235078965
CMR,1966,2.238360869
CMR,1967,-12.99901493
CMR,1968,3.767550108
CMR,1969,2.270387258
CMR,1970,0.433470229
CMR,1971,0.752051371
CMR,1972,-0.078416503
CMR,1973,2.497853767
CMR,1974,7.702932373
CMR,1975,8.184072131
CMR,1976,-7.993248471
CMR,1977,10.84346962
CMR,1978,18.72265714
CMR,1979,3.104612791
CMR,1980,-5.10455591
CMR,1981,13.04342276
CMR,1982,4.988058692
CMR,1983,4.701533971
CMR,1984,4.529044869
CMR,1985,4.889900229
CMR,1986,3.602456723
CMR,1987,-5.075499882
CMR,1988,-10.53431545
CMR,1989,-4.654742472
CMR,1990,-8.832387508
CMR,1991,-6.573505025
CMR,1992,-5.837375884
CMR,1993,-10.51660436
CMR,1994,-0.943945009
CMR,1995,0.107723326
CMR,1996,1.447546691
CMR,1997,1.792140147
CMR,1998,1.988754487
CMR,1999,1.775113123
CMR,2000,1.134427922
CMR,2001,1.61992408
CMR,2002,1.712959815
CMR,2003,2.61581879
CMR,2004,4.147820576
CMR,2005,-0.550411135
CMR,2006,0.995178502
CMR,2007,1.440565001
CMR,2008,-0.054684354
CMR,2009,-0.318334275
CMR,2010,0.000136421
CMR,2011,0.496174365
CMR,2012,1.723811615
CMR,2013,2.087147191
CMR,2014,2.568734064
CMR,2015,2.401233687
CMR,2016,1.457117227
CMR,2017,0.647004976
CMR,2018,1.115149469
CMR,2019,0.636415291
CMR,2020,-2.434760311
CMR,2021,0.631351992
CMR,2022,1.045029975
CMR,2023,0.555787082
CMR,2024,0.997232288
CAN,1960,
CAN,1961,1.121346226
CAN,1962,5.448265632
CAN,1963,3.354068029
CAN,1964,4.663616232
CAN,1965,4.409995477
CAN,1966,4.789364634
CAN,1967,1.227491493
CAN,1968,3.327655696
CAN,1969,3.648017849
CAN,1970,1.490090907
CAN,1971,0.996932007
CAN,1972,4.301830889
CAN,1973,5.431703721
CAN,1974,1.924903928
CAN,1975,0.07418618
CAN,1976,4.5051043
CAN,1977,2.330265155
CAN,1978,2.708452172
CAN,1979,2.703695749
CAN,1980,0.867987094
CAN,1981,2.147380471
CAN,1982,-4.311284366
CAN,1983,1.553432711
CAN,1984,4.903554176
CAN,1985,3.784974254
CAN,1986,1.111381028
CAN,1987,2.709173964
CAN,1988,3.065761229
CAN,1989,0.517573812
CAN,1990,-1.296441312
CAN,1991,-3.300299931
CAN,1992,-0.296709576
CAN,1993,1.535745755
CAN,1994,3.355814432
CAN,1995,1.625281261
CAN,1996,0.631530882
CAN,1997,3.248974856
CAN,1998,3.034237692
CAN,1999,4.289836655
CAN,2000,4.163948495
CAN,2001,0.774519407
CAN,2002,1.887964846
CAN,2003,0.895018581
CAN,2004,2.135815602
CAN,2005,2.237576616
CAN,2006,1.602901477
CAN,2007,1.064144878
CAN,2008,-0.093342792
CAN,2009,-4.020088097
CAN,2010,1.951447447
CAN,2011,2.136077171
CAN,2012,0.658841957
CAN,2013,1.253590103
CAN,2014,1.848409523
CAN,2015,-0.112369165
CAN,2016,-0.098296362
CAN,2017,1.809464472
CAN,2018,1.280926597
CAN,2019,0.429657601
CAN,2020,-6.062406423
CAN,2021,5.365287813
CAN,2022,2.326415945
CAN,2023,-1.377920786
CAN,2024,-1.435279636
CSS,1960,
CSS,1961,7.358157669
CSS,1962,3.101507278
CSS,1963,0.114304924
CSS,1964,5.958989998
CSS,1965,4.947387386
CSS,1966,4.917385059
CSS,1967,4.639221855
CSS,1968,4.23868942
CSS,1969,4.069667566
CSS,1970,0.415826322
CSS,1971,0.88862824
CSS,1972,-0.150562716
CSS,1973,1.545647112
CSS,1974,-3.716014055
CSS,1975,-2.517585784
CSS,1976,4.517402294
CSS,1977,5.92916297
CSS,1978,7.181312818
CSS,1979,6.660524652
CSS,1980,4.409616918
CSS,1981,-0.365709805
CSS,1982,-0.157569808
CSS,1983,-4.361926241
CSS,1984,1.147466539
CSS,1985,0.273454056
CSS,1986,0.457287952
CSS,1987,-0.626530418
CSS,1988,1.000416201
CSS,1989,2.499420411
CSS,1990,-0.832678646
CSS,1991,-0.607894054
CSS,1992,1.390359577
CSS,1993,-0.31270398
CSS,1994,2.570394065
CSS,1995,2.227161926
CSS,1996,4.018476782
CSS,1997,3.733750517
CSS,1998,4.077780264
CSS,1999,4.286389315
CSS,2000,3.875627446
CSS,2001,1.375488396
CSS,2002,3.208595465
CSS,2003,5.311237664
CSS,2004,3.94382061
CSS,2005,5.203478157
CSS,2006,7.235155793
CSS,2007,3.211541751
CSS,2008,1.067400524
CSS,2009,-3.883736247
CSS,2010,1.249276179
CSS,2011,0.187680416
CSS,2012,3.729158526
CSS,2013,0.773774608
CSS,2014,1.871044868
CSS,2015,-0.770911745
CSS,2016,-3.631551226
CSS,2017,-1.351394221
CSS,2018,0.277508967
CSS,2019,0.113349961
CSS,2020,-9.442779322
CSS,2021,6.00683695
CSS,2022,14.55415214
CSS,2023,8.46304533
CSS,2024,12.86598368
CYM,1960,
CYM,1961,
CYM,1962,
CYM,1963,
CYM,1964,
CYM,1965,
CYM,1966,
CYM,1967,
CYM,1968,
CYM,1969,
CYM,1970,
CYM,1971,
CYM,1972,
CYM,1973,
CYM,1974,
CYM,1975,
CYM,1976,
CYM,1977,
CYM,1978,
CYM,1979,
CYM,1980,
CYM,1981,
CYM,1982,
CYM,1983,
CYM,1984,
CYM,1985,
CYM,1986,
CYM,1987,
CYM,1988,
CYM,1989,
CYM,1990,
CYM,1991,
CYM,1992,
CYM,1993,
CYM,1994,
CYM,1995,
CYM,1996,
CYM,1997,
CYM,1998,
CYM,1999,
CYM,2000,
CYM,2001,
CYM,2002,
CYM,2003,
CYM,2004,
CYM,2005,
CYM,2006,
CYM,2007,0.141681726
CYM,2008,-3.209286103
CYM,2009,-9.787750915
CYM,2010,-5.378866453
CYM,2011,-1.572760208
CYM,2012,-1.480998287
CYM,2013,-1.343519612
CYM,2014,0.086458426
CYM,2015,0.360803237
CYM,2016,0.85449284
CYM,2017,0.889645894
CYM,2018,2.044071292
CYM,2019,1.776418229
CYM,2020,-6.832628429
CYM,2021,2.774150907
CYM,2022,2.978027288
CYM,2023,2.292143288
CYM,2024,
CAF,1960,
CAF,1961,3.003183764
CAF,1962,-5.540014944
CAF,1963,-2.631564353
CAF,1964,0.053792796
CAF,1965,-1.109750976
CAF,1966,-1.466042803
CAF,1967,2.414722086
CAF,1968,-0.854278962
CAF,1969,4.668623881
CAF,1970,0.08912499
CAF,1971,-0.945104881
CAF,1972,-1.938738489
CAF,1973,-0.044425483
CAF,1974,4.30863077
CAF,1975,-1.529332688
CAF,1976,3.877000946
CAF,1977,2.740406968
CAF,1978,0.152767707
CAF,1979,-3.504672537
CAF,1980,-5.520997647
CAF,1981,-2.651493651
CAF,1982,6.471115642
CAF,1983,-9.213614816
CAF,1984,8.151421869
CAF,1985,2.635707269
CAF,1986,2.267614158
CAF,1987,-6.181832208
CAF,1988,0.030839094
CAF,1989,-0.587024014
CAF,1990,-5.143842846
CAF,1991,-3.616018604
CAF,1992,-9.349902202
CAF,1993,-2.810544914
CAF,1994,1.676435992
CAF,1995,4.315230834
CAF,1996,-6.456357747
CAF,1997,2.445534632
CAF,1998,1.897801366
CAF,1999,0.804779829
CAF,2000,-5.134014627
CAF,2001,2.170718265
CAF,2002,1.376905662
CAF,2003,-7.634166428
CAF,2004,3.726251828
CAF,2005,-1.350125405
CAF,2006,2.646526517
CAF,2007,2.610653881
CAF,2008,-0.099646317
CAF,2009,9.305022202
CAF,2010,5.470380966
CAF,2011,2.550653269
CAF,2012,4.009636894
CAF,2013,-36.8245466
CAF,2014,0.497506544
CAF,2015,4.198780788
CAF,2016,2.875987689
CAF,2017,2.786113103
CAF,2018,1.978031976
CAF,2019,1.722901598
CAF,2020,-0.744488615
CAF,2021,-0.705468756
CAF,2022,0.730965732
CAF,2023,-0.362884525
CAF,2024,-1.856057153
CEB,1960,
CEB,1961,
CEB,1962,
CEB,1963,
CEB,1964,
CEB,1965,
CEB,1966,
CEB,1967,
CEB,1968,
CEB,1969,
CEB,1970,
CEB,1971,
CEB,1972,
CEB,1973,
CEB,1974,
CEB,1975,
CEB,1976,
CEB,1977,
CEB,1978,
CEB,1979,
CEB,1980,
CEB,1981,
CEB,1982,
CEB,1983,
CEB,1984,
CEB,1985,
CEB,1986,
CEB,1987,
CEB,1988,
CEB,1989,
CEB,1990,
CEB,1991,-10.65134373
CEB,1992,-4.626265922
CEB,1993,0.272239185
CEB,1994,3.707598555
CEB,1995,5.861488745
CEB,1996,4.712942408
CEB,1997,2.426091767
CEB,1998,2.806246706
CEB,1999,2.066914792
CEB,2000,4.533721113
CEB,2001,3.759141102
CEB,2002,4.220352229
CEB,2003,4.324183167
CEB,2004,6.165244103
CEB,2005,5.19655154
CEB,2006,6.912798641
CEB,2007,6.736157989
CEB,2008,4.335198079
CEB,2009,-3.437130587
CEB,2010,1.90713006
CEB,2011,3.847234189
CEB,2012,1.074497631
CEB,2013,1.017570785
CEB,2014,3.551553524
CEB,2015,4.312163771
CEB,2016,3.132787483
CEB,2017,5.425846882
CEB,2018,5.335142934
CEB,2019,4.241094706
CEB,2020,-2.695889029
CEB,2021,7.620015786
CEB,2022,4.175828642
CEB,2023,0.658680359
CEB,2024,2.091504041
TCD,1960,
TCD,1961,-0.625977319
TCD,1962,3.248300712
TCD,1963,-3.582308945
TCD,1964,-4.473230734
TCD,1965,-1.383731448
TCD,1966,-3.710022425
TCD,1967,-1.174581835
TCD,1968,-2.3967312
TCD,1969,4.747789938
TCD,1970,-0.236514146
TCD,1971,-4.288471071
TCD,1972,-1.08306584
TCD,1973,-10.51067386
TCD,1974,2.582607518
TCD,1975,6.685316382
TCD,1976,0.944475622
TCD,1977,0.337757708
TCD,1978,-2.267823371
TCD,1979,-23.08044891
TCD,1980,-6.257174866
TCD,1981,0.91985963
TCD,1982,0.510585366
TCD,1983,10.08783415
TCD,1984,0.713603679
TCD,1985,20.57099074
TCD,1986,-6.909312301
TCD,1987,-5.749544251
TCD,1988,11.63760833
TCD,1989,1.388616916
TCD,1990,-6.793049266
TCD,1991,4.637689802
TCD,1992,3.514683242
TCD,1993,-17.67419072
TCD,1994,7.631589841
TCD,1995,-3.127821887
TCD,1996,-2.213983781
TCD,1997,2.068538544
TCD,1998,3.334714167
TCD,1999,-4.111486259
TCD,2000,-4.249502157
TCD,2001,7.954457069
TCD,2002,4.777308788
TCD,2003,10.2279881
TCD,2004,27.80731482
TCD,2005,12.69680388
TCD,2006,-4.036784825
TCD,2007,0.822607256
TCD,2008,-0.437230511
TCD,2009,-4.801397673
TCD,2010,9.923591816
TCD,2011,0.927026742
TCD,2012,5.288533799
TCD,2013,-0.797612798
TCD,2014,-1.516382608
TCD,2015,0.073922634
TCD,2016,-7.092257518
TCD,2017,-4.827377973
TCD,2018,2.247689721
TCD,2019,2.049286083
TCD,2020,-3.527966683
TCD,2021,-3.101573735
TCD,2022,9.060809281
TCD,2023,-0.537599858
TCD,2024,-1.350074347
CHI,1960,
CHI,1961,
CHI,1962,
CHI,1963,
CHI,1964,
CHI,1965,
CHI,1966,
CHI,1967,
CHI,1968,
CHI,1969,
CHI,1970,
CHI,1971,
CHI,1972,
CHI,1973,
CHI,1974,
CHI,1975,
CHI,1976,
CHI,1977,
CHI,1978,
CHI,1979,
CHI,1980,
CHI,1981,
CHI,1982,
CHI,1983,
CHI,1984,
CHI,1985,
CHI,1986,
CHI,1987,
CHI,1988,
CHI,1989,
CHI,1990,
CHI,1991,
CHI,1992,
CHI,1993,
CHI,1994,
CHI,1995,
CHI,1996,
CHI,1997,
CHI,1998,
CHI,1999,
CHI,2000,
CHI,2001,
CHI,2002,
CHI,2003,
CHI,2004,
CHI,2005,
CHI,2006,
CHI,2007,
CHI,2008,
CHI,2009,
CHI,2010,-4.281175019
CHI,2011,0.438026517
CHI,2012,-6.375650594
CHI,2013,-0.13346876
CHI,2014,1.829758277
CHI,2015,-0.072685538
CHI,2016,0.9480766
CHI,2017,1.536350496
CHI,2018,0.736021076
CHI,2019,1.150233294
CHI,2020,-9.223410358
CHI,2021,9.603182035
CHI,2022,5.043351293
CHI,2023,3.420605233
CHI,2024,
CHL,1960,
CHL,1961,3.346400062
CHL,1962,1.823843413
CHL,1963,3.576813332
CHL,1964,0.463701102
CHL,1965,-1.232605016
CHL,1966,9.414433424
CHL,1967,1.735312985
CHL,1968,1.769129249
CHL,1969,2.322658595
CHL,1970,-0.010484914
CHL,1971,7.771941976
CHL,1972,-2.322262173
CHL,1973,-6.559339637
CHL,1974,-0.344988907
CHL,1975,-13.63625494
CHL,1976,2.01125751
CHL,1977,9.459887192
CHL,1978,6.410429542
CHL,1979,6.838093015
CHL,1980,6.585954533
CHL,1981,5.163674431
CHL,1982,-12.78280946
CHL,1983,-6.325881858
CHL,1984,2.436910151
CHL,1985,1.985646603
CHL,1986,3.784238394
CHL,1987,5.059448801
CHL,1988,5.622600773
CHL,1989,8.558042383
CHL,1990,1.885816116
CHL,1991,5.979140256
CHL,1992,9.718440449
CHL,1993,5.038662653
CHL,1994,3.506258035
CHL,1995,7.667629189
CHL,1996,5.612431246
CHL,1997,5.964963676
CHL,1998,2.835462953
CHL,1999,-1.520358047
CHL,2000,3.723618732
CHL,2001,1.968751819
CHL,2002,2.069918858
CHL,2003,3.633015302
CHL,2004,5.602919855
CHL,2005,4.791828391
CHL,2006,5.019521358
CHL,2007,4.143862129
CHL,2008,2.757556993
CHL,2009,-2.110610427
CHL,2010,4.79363748
CHL,2011,5.181040333
CHL,2012,5.141584313
CHL,2013,2.327892561
CHL,2014,0.783002086
CHL,2015,1.113704459
CHL,2016,0.529833517
CHL,2017,-0.235110167
CHL,2018,2.149881955
CHL,2019,-0.962096016
CHL,2020,-6.98113062
CHL,2021,10.82455052
CHL,2022,1.648778132
CHL,2023,-0.019613226
CHL,2024,2.094154515
CHN,1960,
CHN,1961,-26.52764361
CHN,1962,-6.351504864
CHN,1963,7.622254461
CHN,1964,15.46899542
CHN,1965,14.19788901
CHN,1966,7.608403928
CHN,1967,-8.161497585
CHN,1968,-6.571451614
CHN,1969,13.77934034
CHN,1970,16.05039929
CHN,1971,4.159176201
CHN,1972,1.290105971
CHN,1973,5.327293014
CHN,1974,0.218005667
CHN,1975,6.816440506
CHN,1976,-3.081321985
CHN,1977,6.114001676
CHN,1978,9.846156848
CHN,1979,6.165663709
CHN,1980,6.490112655
CHN,1981,3.774903665
CHN,1982,7.464964009
CHN,1983,9.138919676
CHN,1984,13.7305061
CHN,1985,11.90129368
CHN,1986,7.326756578
CHN,1987,9.85242317
CHN,1988,9.446171357
CHN,1989,2.620859175
CHN,1990,2.427626395
CHN,1991,7.879667556
CHN,1992,12.90737635
CHN,1993,12.626827
CHN,1994,11.80188817
CHN,1995,9.832960544
CHN,1996,8.829513659
CHN,1997,8.174846274
CHN,1998,6.890190161
CHN,1999,6.8081876
CHN,2000,7.734180165
CHN,2001,7.528727371
CHN,2002,8.513909502
CHN,2003,9.434441278
CHN,2004,9.479239432
CHN,2005,10.80464855
CHN,2006,12.04728189
CHN,2007,13.55536635
CHN,2008,9.109747066
CHN,2009,8.859902054
CHN,2010,10.06342432
CHN,2011,8.864807476
CHN,2012,7.127012723
CHN,2013,7.063224657
CHN,2014,6.786669879
CHN,2015,6.358550264
CHN,2016,6.165427182
CHN,2017,6.246266187
CHN,2018,6.258612325
CHN,2019,5.692900601
CHN,2020,2.096866673
CHN,2021,8.473227172
CHN,2022,3.147699821
CHN,2023,5.524314947
CHN,2024,5.106624828
COL,1960,
COL,1961,1.896464674
COL,1962,2.212350008
COL,1963,0.179781806
COL,1964,3.015246527
COL,1965,0.568603228
COL,1966,2.234048695
COL,1967,1.249768758
COL,1968,3.08645829
COL,1969,3.35663362
COL,1970,3.554921721
COL,1971,3.439262649
COL,1972,5.199581345
COL,1973,4.305004677
COL,1974,3.392681075
COL,1975,0.082694662
COL,1976,2.471434443
COL,1977,1.875442341
COL,1978,6.049063596
COL,1979,3.044484643
COL,1980,1.7393243
COL,1981,-0.05391628
COL,1982,-1.359665383
COL,1983,-0.784433798
COL,1984,0.989006834
COL,1985,0.902605417
COL,1986,3.661340327
COL,1987,3.225742436
COL,1988,1.954654466
COL,1989,1.312523121
COL,1990,2.148175876
COL,1991,-0.027131591
COL,1992,2.004133144
COL,1993,3.301958502
COL,1994,3.748406759
COL,1995,3.212513452
COL,1996,0.213941192
COL,1997,1.595789065
COL,1998,-1.2158753
COL,1999,-5.854880765
COL,2000,1.252702232
COL,2001,0.092072578
COL,2002,0.939608607
COL,2003,2.362829396
COL,2004,3.797158677
COL,2005,3.371110778
COL,2006,5.311743944
COL,2007,5.394467862
COL,2008,2.047990518
COL,2009,-0.031705102
COL,2010,3.314349367
COL,2011,5.808235034
COL,2012,2.875696275
COL,2013,4.141293878
COL,2014,3.570306654
COL,2015,2.069232271
COL,2016,1.081149257
COL,2017,-0.101221554
COL,2018,0.695264947
COL,2019,1.36014068
COL,2020,-8.509494776
COL,2021,9.592978284
COL,2022,6.187799537
COL,2023,-0.410230298
COL,2024,0.656437667
COM,1960,
COM,1961,
COM,1962,
COM,1963,
COM,1964,
COM,1965,
COM,1966,
COM,1967,
COM,1968,
COM,1969,
COM,1970,
COM,1971,
COM,1972,
COM,1973,
COM,1974,
COM,1975,
COM,1976,
COM,1977,
COM,1978,
COM,1979,
COM,1980,
COM,1981,0.976353617
COM,1982,3.476935954
COM,1983,1.940214107
COM,1984,1.242033476
COM,1985,-0.542040345
COM,1986,-0.929858108
COM,1987,-1.116130038
COM,1988,-0.051684507
COM,1989,-5.732291925
COM,1990,2.374582237
COM,1991,-7.671677453
COM,1992,6.300920291
COM,1993,1.142661517
COM,1994,-6.938862667
COM,1995,1.826860427
COM,1996,-2.976885725
COM,1997,2.253898673
COM,1998,-0.446707933
COM,1999,0.124064469
COM,2000,8.740015471
COM,2001,0.249670771
COM,2002,0.182415694
COM,2003,0.155146642
COM,2004,0.005542099
COM,2005,0.760068972
COM,2006,0.59725149
COM,2007,-1.189074217
COM,2008,1.919374307
COM,2009,4.390190646
COM,2010,2.738280864
COM,2011,3.792757407
COM,2012,4.19356651
COM,2013,6.648876649
COM,2014,1.659937488
COM,2015,-0.138354877
COM,2016,0.693560202
COM,2017,3.512927332
COM,2018,2.047302278
COM,2019,1.654156146
COM,2020,1.984627776
COM,2021,0.715538092
COM,2022,0.844578877
COM,2023,1.101386277
COM,2024,1.451231024
COD,1960,
COD,1961,-13.11406462
COD,1962,18.08430236
COD,1963,2.461361361
COD,1964,-5.016419446
COD,1965,-1.740731566
COD,1966,3.773666307
COD,1967,-3.832656189
COD,1968,1.317731862
COD,1969,6.210181758
COD,1970,-3.053763459
COD,1971,3.146198445
COD,1972,-2.467218945
COD,1973,5.281190262
COD,1974,0.410907264
COD,1975,-7.467274382
COD,1976,-7.725695632
COD,1977,-1.755329617
COD,1978,-8.237376718
COD,1979,-3.038625574
COD,1980,-0.958869855
COD,1981,-0.58749877
COD,1982,-3.400141997
COD,1983,-1.752837083
COD,1984,2.072070867
COD,1985,-2.809014136
COD,1986,1.470460364
COD,1987,-0.511748732
COD,1988,-2.696747981
COD,1989,-4.337990991
COD,1990,-9.617485977
COD,1991,-11.4194978
COD,1992,-13.47298978
COD,1993,-16.50711396
COD,1994,-8.34247343
COD,1995,-3.394811215
COD,1996,-2.907651664
COD,1997,-7.121636697
COD,1998,-4.260881134
COD,1999,-7.431658833
COD,2000,-9.849659134
COD,2001,-5.152141467
COD,2002,-0.150938086
COD,2003,2.538250029
COD,2004,3.641201688
COD,2005,2.924531505
COD,2006,2.123634382
COD,2007,3.092933438
COD,2008,3.070145046
COD,2009,-0.275530333
COD,2010,3.74773144
COD,2011,3.42587695
COD,2012,3.570712873
COD,2013,4.853776617
COD,2014,5.820712178
COD,2015,3.443193633
COD,2016,-1.163125357
COD,2017,0.002329541
COD,2018,2.337633681
COD,2019,1.127913721
COD,2020,-1.48924363
COD,2021,2.816564591
COD,2022,5.469359924
COD,2023,5.125907589
COD,2024,3.272361748
COG,1960,
COG,1961,5.587275556
COG,1962,2.481843757
COG,1963,-6.555024059
COG,1964,1.028503146
COG,1965,0.838471637
COG,1966,-1.467897268
COG,1967,-0.771226212
COG,1968,4.53871777
COG,1969,4.403152999
COG,1970,3.203721432
COG,1971,4.507745816
COG,1972,5.298013043
COG,1973,4.899456843
COG,1974,4.570410786
COG,1975,4.769797645
COG,1976,-1.516575228
COG,1977,-11.10449421
COG,1978,3.894310006
COG,1979,7.33056432
COG,1980,15.03423603
COG,1981,15.05477877
COG,1982,20.96643786
COG,1983,3.688872872
COG,1984,4.343522518
COG,1985,-4.054298781
COG,1986,-9.553474376
COG,1987,-2.69547987
COG,1988,-1.139593831
COG,1989,-0.322827327
COG,1990,-1.84268985
COG,1991,-0.475490065
COG,1992,-0.248600825
COG,1993,-3.866550329
COG,1994,-8.251412083
COG,1995,1.098995748
COG,1996,1.437715184
COG,1997,-2.726553284
COG,1998,1.481553605
COG,1999,-5.177963219
COG,2000,3.531791653
COG,2001,-0.041524211
COG,2002,2.140086357
COG,2003,-1.965648239
COG,2004,-0.000136349
COG,2005,3.941593182
COG,2006,4.017991197
COG,2007,-9.969451338
COG,2008,2.866984152
COG,2009,7.264282805
COG,2010,5.470469704
COG,2011,-1.062959103
COG,2012,6.915172731
COG,2013,-3.096943237
COG,2014,4.100279278
COG,2015,-1.982145875
COG,2016,-10.87005086
COG,2017,-7.86139426
COG,2018,-4.658139749
COG,2019,-1.279884403
COG,2020,-8.48578579
COG,2021,-1.374653895
COG,2022,-0.927744025
COG,2023,-0.528875413
COG,2024,0.148774114
CRI,1960,
CRI,1961,-1.848922934
CRI,1962,1.641672064
CRI,1963,3.135609528
CRI,1964,0.121033546
CRI,1965,4.626846989
CRI,1966,3.579715723
CRI,1967,2.435516813
CRI,1968,5.34280448
CRI,1969,2.570735094
CRI,1970,4.599300038
CRI,1971,3.974673425
CRI,1972,5.403672378
CRI,1973,4.995260201
CRI,1974,2.890291626
CRI,1975,-0.48941343
CRI,1976,2.812778188
CRI,1977,6.076891948
CRI,1978,3.476207277
CRI,1979,2.14344166
CRI,1980,-1.951375583
CRI,1981,-4.887652629
CRI,1982,-9.788830506
CRI,1983,0.074678122
CRI,1984,5.090573235
CRI,1985,-2.007721245
CRI,1986,2.714599438
CRI,1987,2.030774508
CRI,1988,0.804476561
CRI,1989,3.037228799
CRI,1990,0.969665371
CRI,1991,-0.304259138
CRI,1992,6.471889098
CRI,1993,4.451878525
CRI,1994,1.984493681
CRI,1995,1.677539883
CRI,1996,-0.997395703
CRI,1997,3.119777621
CRI,1998,4.857248572
CRI,1999,2.075980887
CRI,2000,1.87355739
CRI,2001,1.652931767
CRI,2002,1.722959919
CRI,2003,2.727286944
CRI,2004,2.900675182
CRI,2005,2.484278972
CRI,2006,5.834025475
CRI,2007,6.759794981
CRI,2008,3.327341149
CRI,2009,-2.189366862
CRI,2010,4.061343259
CRI,2011,3.183092788
CRI,2012,3.665968605
CRI,2013,1.360034895
CRI,2014,2.434994988
CRI,2015,2.5566433
CRI,2016,3.156070578
CRI,2017,3.178719703
CRI,2018,1.691934104
CRI,2019,1.562556413
CRI,2020,-4.934442272
CRI,2021,7.388232264
CRI,2022,4.103454958
CRI,2023,4.62275387
CRI,2024,3.82533391
CIV,1960,
CIV,1961,5.994615481
CIV,1962,-2.528157679
CIV,1963,10.17136036
CIV,1964,13.15807748
CIV,1965,-6.783083268
CIV,1966,7.345242412
CIV,1967,0.627023698
CIV,1968,8.256614775
CIV,1969,5.273446949
CIV,1970,5.901221996
CIV,1971,4.821405898
CIV,1972,-0.328982187
CIV,1973,1.22493764
CIV,1974,-0.331583693
CIV,1975,3.4245336
CIV,1976,8.410257642
CIV,1977,3.445249626
CIV,1978,6.807784974
CIV,1979,-1.481689848
CIV,1980,-14.40694196
CIV,1981,-0.562326376
CIV,1982,-3.751221867
CIV,1983,-7.68099413
CIV,1984,-6.510046278
CIV,1985,0.442451456
CIV,1986,-0.700892855
CIV,1987,-4.11920013
CIV,1988,-2.664156908
CIV,1989,-0.95726163
CIV,1990,-4.90939996
CIV,1991,-3.856104741
CIV,1992,-4.147324949
CIV,1993,-4.084534298
CIV,1994,-3.078440962
CIV,1995,3.027185247
CIV,1996,3.636037524
CIV,1997,5.515900838
CIV,1998,0.404815447
CIV,1999,-2.076808836
CIV,2000,-2.987892093
CIV,2001,-4.737069576
CIV,2002,-5.211739304
CIV,2003,-7.071018377
CIV,2004,0.712925867
CIV,2005,-1.386648404
CIV,2006,0.421959618
CIV,2007,-1.224158705
CIV,2008,2.426000244
CIV,2009,1.326185181
CIV,2010,4.519307455
CIV,2011,-7.4042497
CIV,2012,5.395835952
CIV,2013,8.573224303
CIV,2014,6.751698251
CIV,2015,4.142329475
CIV,2016,4.108583592
CIV,2017,4.421612285
CIV,2018,2.053348748
CIV,2019,3.962447375
CIV,2020,-1.816210617
CIV,2021,4.447091986
CIV,2022,3.756020846
CIV,2023,3.81819303
CIV,2024,3.40005196
HRV,1960,
HRV,1961,
HRV,1962,
HRV,1963,
HRV,1964,
HRV,1965,
HRV,1966,
HRV,1967,
HRV,1968,
HRV,1969,
HRV,1970,
HRV,1971,
HRV,1972,
HRV,1973,
HRV,1974,
HRV,1975,
HRV,1976,
HRV,1977,
HRV,1978,
HRV,1979,
HRV,1980,
HRV,1981,
HRV,1982,
HRV,1983,
HRV,1984,
HRV,1985,
HRV,1986,
HRV,1987,
HRV,1988,
HRV,1989,
HRV,1990,
HRV,1991,-19.60190001
HRV,1992,-9.529110838
HRV,1993,-8.518295234
HRV,1994,4.697052598
HRV,1995,7.497786224
HRV,1996,7.574334087
HRV,1997,6.687181292
HRV,1998,2.314511577
HRV,1999,-0.419403115
HRV,2000,3.965765929
HRV,2001,7.155929966
HRV,2002,5.741059062
HRV,2003,5.538321714
HRV,2004,4.141420906
HRV,2005,4.192859775
HRV,2006,5.056750368
HRV,2007,5.071844693
HRV,2008,1.980704128
HRV,2009,-6.716033776
HRV,2010,-1.110032234
HRV,2011,0.247771415
HRV,2012,-1.789055057
HRV,2013,0.498388391
HRV,2014,0.207889837
HRV,2015,3.552342243
HRV,2016,4.591202433
HRV,2017,4.95383381
HRV,2018,4.262511704
HRV,2019,4.128600627
HRV,2020,-7.487474621
HRV,2021,13.65450803
HRV,2022,7.937400538
HRV,2023,3.1942825
HRV,2024,3.637351122
CUB,1960,
CUB,1961,
CUB,1962,
CUB,1963,
CUB,1964,
CUB,1965,
CUB,1966,
CUB,1967,
CUB,1968,
CUB,1969,
CUB,1970,
CUB,1971,6.713039352
CUB,1972,3.162973172
CUB,1973,1.96559204
CUB,1974,-0.295887688
CUB,1975,8.257564845
CUB,1976,4.41990474
CUB,1977,7.83970876
CUB,1978,5.898601148
CUB,1979,0.556254941
CUB,1980,-5.251606773
CUB,1981,19.14728141
CUB,1982,8.222039023
CUB,1983,4.584882776
CUB,1984,7.04820773
CUB,1985,0.757183026
CUB,1986,-0.754948781
CUB,1987,-3.262393137
CUB,1988,2.738891871
CUB,1989,-0.282037912
CUB,1990,-3.848224658
CUB,1991,-11.40798781
CUB,1992,-12.13937053
CUB,1993,-15.31183669
CUB,1994,0.300685046
CUB,1995,2.088264312
CUB,1996,7.478225038
CUB,1997,2.447690006
CUB,1998,-0.174678072
CUB,1999,5.828937117
CUB,2000,5.563154079
CUB,2001,2.860747197
CUB,2002,1.122781327
CUB,2003,3.49676185
CUB,2004,5.494101958
CUB,2005,10.96668512
CUB,2006,11.90692375
CUB,2007,7.179252426
CUB,2008,4.075427545
CUB,2009,1.424745097
CUB,2010,2.365972366
CUB,2011,2.764442102
CUB,2012,3.00028175
CUB,2013,2.793146233
CUB,2014,1.158528832
CUB,2015,4.537537855
CUB,2016,0.597183645
CUB,2017,1.970754703
CUB,2018,2.436568386
CUB,2019,0.053218664
CUB,2020,-10.73800174
CUB,2021,1.746990472
CUB,2022,2.348789668
CUB,2023,-1.574383591
CUB,2024,
CUW,1960,
CUW,1961,
CUW,1962,
CUW,1963,
CUW,1964,
CUW,1965,
CUW,1966,
CUW,1967,
CUW,1968,
CUW,1969,
CUW,1970,
CUW,1971,
CUW,1972,
CUW,1973,
CUW,1974,
CUW,1975,
CUW,1976,
CUW,1977,
CUW,1978,
CUW,1979,
CUW,1980,
CUW,1981,
CUW,1982,
CUW,1983,
CUW,1984,
CUW,1985,
CUW,1986,
CUW,1987,
CUW,1988,
CUW,1989,
CUW,1990,
CUW,1991,
CUW,1992,
CUW,1993,
CUW,1994,
CUW,1995,
CUW,1996,
CUW,1997,
CUW,1998,
CUW,1999,
CUW,2000,
CUW,2001,3.007946013
CUW,2002,0.274293371
CUW,2003,-1.758681697
CUW,2004,-1.505340183
CUW,2005,-1.858439975
CUW,2006,-0.940961791
CUW,2007,0.466173824
CUW,2008,0.910342295
CUW,2009,-1.176896518
CUW,2010,-1.176268627
CUW,2011,-0.909566648
CUW,2012,-1.17256195
CUW,2013,-1.755807825
CUW,2014,-1.967466527
CUW,2015,-0.858779915
CUW,2016,-2.111162107
CUW,2017,-1.59116273
CUW,2018,-1.588630519
CUW,2019,-2.041096052
CUW,2020,-17.12567014
CUW,2021,5.946443256
CUW,2022,9.63038739
CUW,2023,0.320174531
CUW,2024,
CYP,1960,
CYP,1961,
CYP,1962,
CYP,1963,
CYP,1964,
CYP,1965,
CYP,1966,
CYP,1967,
CYP,1968,
CYP,1969,
CYP,1970,
CYP,1971,
CYP,1972,
CYP,1973,
CYP,1974,
CYP,1975,
CYP,1976,21.24487058
CYP,1977,16.34797571
CYP,1978,7.378353879
CYP,1979,9.054348309
CYP,1980,4.610636027
CYP,1981,0.828828672
CYP,1982,4.774509671
CYP,1983,4.715044352
CYP,1984,7.35775195
CYP,1985,3.615237826
CYP,1986,2.521405376
CYP,1987,5.907272585
CYP,1988,7.500786297
CYP,1989,6.419513089
CYP,1990,5.139970012
CYP,1991,-1.834743087
CYP,1992,6.527837798
CYP,1993,-1.702631221
CYP,1994,3.732202877
CYP,1995,6.41553957
CYP,1996,-0.352429769
CYP,1997,1.196261991
CYP,1998,4.817776796
CYP,1999,3.829598196
CYP,2000,4.844160506
CYP,2001,2.838119513
CYP,2002,2.541086671
CYP,2003,1.38363255
CYP,2004,3.630737857
CYP,2005,3.35375226
CYP,2006,2.981250844
CYP,2007,2.884263899
CYP,2008,1.076740411
CYP,2009,-4.610482557
CYP,2010,-0.357614019
CYP,2011,-2.112937577
CYP,2012,-4.907385497
CYP,2013,-6.370080376
CYP,2014,-0.688973313
CYP,2015,4.009420119
CYP,2016,6.08587845
CYP,2017,4.771721613
CYP,2018,4.983193427
CYP,2019,4.448955603
CYP,2020,-4.311453246
CYP,2021,10.35516642
CYP,2022,5.754606163
CYP,2023,1.167756018
CYP,2024,2.034048295
CZE,1960,
CZE,1961,
CZE,1962,
CZE,1963,
CZE,1964,
CZE,1965,
CZE,1966,
CZE,1967,
CZE,1968,
CZE,1969,
CZE,1970,
CZE,1971,
CZE,1972,
CZE,1973,
CZE,1974,
CZE,1975,
CZE,1976,
CZE,1977,
CZE,1978,
CZE,1979,
CZE,1980,
CZE,1981,
CZE,1982,
CZE,1983,
CZE,1984,
CZE,1985,
CZE,1986,
CZE,1987,
CZE,1988,
CZE,1989,
CZE,1990,
CZE,1991,-11.40250603
CZE,1992,-0.60821363
CZE,1993,-0.042053108
CZE,1994,2.872143537
CZE,1995,6.286554619
CZE,1996,4.289887594
CZE,1997,-0.488660018
CZE,1998,-0.298733211
CZE,1999,1.481997834
CZE,2000,4.302739523
CZE,2001,3.30462713
CZE,2002,1.709469589
CZE,2003,3.330406374
CZE,2004,4.704468201
CZE,2005,6.227986282
CZE,2006,6.334832682
CZE,2007,4.875046702
CZE,2008,1.764708729
CZE,2009,-5.339173999
CZE,2010,2.415829489
CZE,2011,1.562186191
CZE,2012,-0.909418388
CZE,2013,-0.074962995
CZE,2014,2.137627553
CZE,2015,4.752624064
CZE,2016,2.384054255
CZE,2017,4.894550195
CZE,2018,2.486987701
CZE,2019,3.158748029
CZE,2020,-5.534919698
CZE,2021,5.931069689
CZE,2022,1.244094732
CZE,2023,-1.820884038
CZE,2024,0.95198948
DNK,1960,
DNK,1961,5.638743553
DNK,1962,4.847446966
DNK,1963,-0.152610055
DNK,1964,8.400119265
DNK,1965,3.743684868
DNK,1966,1.919198017
DNK,1967,5.054685535
DNK,1968,5.210487956
DNK,1969,6.210158428
DNK,1970,1.09350098
DNK,1971,2.463328729
DNK,1972,3.20557958
DNK,1973,4.08838515
DNK,1974,-1.42430005
DNK,1975,-1.693694785
DNK,1976,5.727321235
DNK,1977,1.668295313
DNK,1978,2.09938386
DNK,1979,3.798026805
DNK,1980,-0.872046504
DNK,1981,-0.712787651
DNK,1982,3.968481475
DNK,1983,2.725317316
DNK,1984,4.3940089
DNK,1985,4.11088238
DNK,1986,4.593442065
DNK,1987,0.335785646
DNK,1988,0.224236933
DNK,1989,0.636785442
DNK,1990,1.49524829
DNK,1991,1.195218962
DNK,1992,1.686008144
DNK,1993,-0.411249993
DNK,1994,4.939707944
DNK,1995,2.50262819
DNK,1996,2.315081165
DNK,1997,2.740638967
DNK,1998,1.955365921
DNK,1999,2.627163762
DNK,2000,3.377907202
DNK,2001,0.588959729
DNK,2002,0.136096483
DNK,2003,0.168251993
DNK,2004,2.511087448
DNK,2005,2.078014853
DNK,2006,3.475859873
DNK,2007,0.540321532
DNK,2008,-1.00055941
DNK,2009,-5.48158281
DNK,2010,1.132669383
DNK,2011,0.894526404
DNK,2012,-0.380977125
DNK,2013,0.97084591
DNK,2014,0.765766155
DNK,2015,1.385666322
DNK,2016,2.271801518
DNK,2017,2.395590651
DNK,2018,1.356196002
DNK,2019,1.347792453
DNK,2020,-2.066138377
DNK,2021,6.91766402
DNK,2022,0.743682018
DNK,2023,1.738313259
DNK,2024,3.155127057
DJI,1960,
DJI,1961,
DJI,1962,
DJI,1963,
DJI,1964,
DJI,1965,
DJI,1966,
DJI,1967,
DJI,1968,
DJI,1969,
DJI,1970,
DJI,1971,
DJI,1972,
DJI,1973,
DJI,1974,
DJI,1975,
DJI,1976,
DJI,1977,
DJI,1978,
DJI,1979,
DJI,1980,
DJI,1981,
DJI,1982,
DJI,1983,
DJI,1984,
DJI,1985,
DJI,1986,
DJI,1987,
DJI,1988,
DJI,1989,
DJI,1990,
DJI,1991,
DJI,1992,
DJI,1993,
DJI,1994,
DJI,1995,
DJI,1996,
DJI,1997,
DJI,1998,
DJI,1999,
DJI,2000,
DJI,2001,
DJI,2002,
DJI,2003,
DJI,2004,
DJI,2005,
DJI,2006,
DJI,2007,
DJI,2008,
DJI,2009,
DJI,2010,
DJI,2011,
DJI,2012,
DJI,2013,
DJI,2014,5.28018026
DJI,2015,5.458368313
DJI,2016,5.333315297
DJI,2017,3.73971531
DJI,2018,3.108615401
DJI,2019,3.913784409
DJI,2020,-0.306867603
DJI,2021,2.911698993
DJI,2022,3.700803899
DJI,2023,5.896169285
DJI,2024,4.523430347
DMA,1960,
DMA,1961,
DMA,1962,
DMA,1963,
DMA,1964,
DMA,1965,
DMA,1966,
DMA,1967,
DMA,1968,
DMA,1969,
DMA,1970,
DMA,1971,
DMA,1972,
DMA,1973,
DMA,1974,
DMA,1975,
DMA,1976,
DMA,1977,
DMA,1978,10.05240643
DMA,1979,-18.6222491
DMA,1980,13.19080479
DMA,1981,10.97662573
DMA,1982,4.554577234
DMA,1983,3.014076358
DMA,1984,4.643476611
DMA,1985,1.861992082
DMA,1986,7.580187883
DMA,1987,6.880837227
DMA,1988,8.450317479
DMA,1989,0.456206304
DMA,1990,6.21436795
DMA,1991,1.831863796
DMA,1992,1.986739928
DMA,1993,2.002506484
DMA,1994,-0.028870663
DMA,1995,3.042727562
DMA,1996,3.191843063
DMA,1997,2.349304013
DMA,1998,4.036950202
DMA,1999,0.724195697
DMA,2000,2.876485595
DMA,2001,0.262504887
DMA,2002,-3.199405747
DMA,2003,5.551755221
DMA,2004,3.918904013
DMA,2005,0.790489439
DMA,2006,4.291527701
DMA,2007,5.29519444
DMA,2008,7.110421755
DMA,2009,-1.150107905
DMA,2010,-0.098357311
DMA,2011,-0.238324807
DMA,2012,-0.251285852
DMA,2013,-0.851878257
DMA,2014,1.378365033
DMA,2015,-3.424159288
DMA,2016,2.619035144
DMA,2017,-6.046090042
DMA,2018,3.450331076
DMA,2019,4.398314737
DMA,2020,-15.32343686
DMA,2021,5.961605599
DMA,2022,11.0179611
DMA,2023,4.1446789
DMA,2024,2.522885519
DOM,1960,
DOM,1961,-5.351001299
DOM,1962,13.45829799
DOM,1963,3.286968122
DOM,1964,3.581686152
DOM,1965,-15.0185757
DOM,1966,10.19748662
DOM,1967,0.332269289
DOM,1968,-2.61266921
DOM,1969,7.78417731
DOM,1970,14.94119747
DOM,1971,7.809572175
DOM,1972,7.364916641
DOM,1973,9.818685739
DOM,1974,3.155238204
DOM,1975,2.429822538
DOM,1976,3.975081456
DOM,1977,2.31471836
DOM,1978,-0.415491865
DOM,1979,1.954286163
DOM,1980,5.342621796
DOM,1981,1.802505557
DOM,1982,-0.648782134
DOM,1983,2.242824968
DOM,1984,-1.029940615
DOM,1985,-4.274242702
DOM,1986,1.303784503
DOM,1987,7.799256366
DOM,1988,0.021884775
DOM,1989,2.215391321
DOM,1990,-7.422538424
DOM,1991,-1.111941032
DOM,1992,9.03255738
DOM,1993,5.287127634
DOM,1994,0.644106083
DOM,1995,3.737961158
DOM,1996,4.051426229
DOM,1997,7.018621584
DOM,1998,4.955955903
DOM,1999,4.252340984
DOM,2000,2.96955696
DOM,2001,0.870183147
DOM,2002,2.929020941
DOM,2003,-2.759645685
DOM,2004,1.185383834
DOM,2005,8.006607143
DOM,2006,7.813763189
DOM,2007,6.11794398
DOM,2008,2.000882707
DOM,2009,-0.2689266
DOM,2010,7.02231183
DOM,2011,1.890382524
DOM,2012,1.502100746
DOM,2013,3.664234009
DOM,2014,5.847606957
DOM,2015,5.76452491
DOM,2016,5.540409787
DOM,2017,2.809319218
DOM,2018,5.953142055
DOM,2019,3.815726823
DOM,2020,-8.884672217
DOM,2021,12.83190804
DOM,2022,4.232891968
DOM,2023,1.285648258
DOM,2024,4.067342605
EAR,1960,
EAR,1961,2.131580482
EAR,1962,1.38462182
EAR,1963,2.646758795
EAR,1964,5.596316237
EAR,1965,3.537742538
EAR,1966,1.82469322
EAR,1967,3.077681895
EAR,1968,4.595247984
EAR,1969,4.139595944
EAR,1970,5.773473795
EAR,1971,2.951256256
EAR,1972,4.283360332
EAR,1973,4.441191148
EAR,1974,4.290474972
EAR,1975,0.374605932
EAR,1976,4.388040619
EAR,1977,1.463108934
EAR,1978,-0.264398423
EAR,1979,1.620150638
EAR,1980,0.826037876
EAR,1981,1.061489204
EAR,1982,-2.133993016
EAR,1983,-1.993161984
EAR,1984,-0.484330833
EAR,1985,-1.446466681
EAR,1986,-1.042300032
EAR,1987,0.39475117
EAR,1988,0.686312975
EAR,1989,-0.0381274
EAR,1990,2.496401791
EAR,1991,1.890644195
EAR,1992,1.818311037
EAR,1993,1.418366342
EAR,1994,1.402024268
EAR,1995,0.45494108
EAR,1996,3.60424085
EAR,1997,2.817410102
EAR,1998,0.46126916
EAR,1999,0.400429704
EAR,2000,2.42766265
EAR,2001,-0.715054607
EAR,2002,0.135473917
EAR,2003,3.378327271
EAR,2004,4.374309545
EAR,2005,4.129668101
EAR,2006,4.324131954
EAR,2007,4.002505468
EAR,2008,1.816549497
EAR,2009,-0.849023375
EAR,2010,4.868949756
EAR,2011,3.362821425
EAR,2012,2.661990642
EAR,2013,2.568634703
EAR,2014,2.707307855
EAR,2015,2.989455932
EAR,2016,3.024512913
EAR,2017,3.337605836
EAR,2018,2.582037587
EAR,2019,1.14300022
EAR,2020,-5.372724644
EAR,2021,6.379585698
EAR,2022,4.781148745
EAR,2023,3.39061731
EAR,2024,2.396518727
EAS,1960,
EAS,1961,3.588720078
EAS,1962,3.995875551
EAS,1963,5.196570158
EAS,1964,7.865536747
EAS,1965,4.515138544
EAS,1966,5.876510741
EAS,1967,4.776264415
EAS,1968,6.652742612
EAS,1969,8.662050499
EAS,1970,1.283493094
EAS,1971,2.564805089
EAS,1972,4.67577888
EAS,1973,5.303209106
EAS,1974,-1.049088844
EAS,1975,1.667585176
EAS,1976,2.460735508
EAS,1977,3.597281677
EAS,1978,4.206527867
EAS,1979,4.325036931
EAS,1980,2.229070188
EAS,1981,3.069641091
EAS,1982,2.474466313
EAS,1983,2.755424013
EAS,1984,4.58154987
EAS,1985,4.119513325
EAS,1986,3.298364877
EAS,1987,4.56314846
EAS,1988,5.885474997
EAS,1989,3.516073086
EAS,1990,3.500717881
EAS,1991,3.379090918
EAS,1992,2.878728188
EAS,1993,2.898721829
EAS,1994,3.932419349
EAS,1995,4.402859624
EAS,1996,4.372132817
EAS,1997,2.878512799
EAS,1998,-0.626775624
EAS,1999,2.731320459
EAS,2000,4.449091052
EAS,2001,2.392481428
EAS,2002,3.561079998
EAS,2003,4.175175093
EAS,2004,5.101411388
EAS,2005,5.173050184
EAS,2006,5.687159118
EAS,2007,6.674424609
EAS,2008,3.650315721
EAS,2009,1.892031967
EAS,2010,6.866517587
EAS,2011,4.691825935
EAS,2012,4.351328514
EAS,2013,4.438266853
EAS,2014,4.008684431
EAS,2015,3.97108642
EAS,2016,3.913296529
EAS,2017,4.311342336
EAS,2018,4.154921945
EAS,2019,3.506054708
EAS,2020,-0.461919731
EAS,2021,6.084279265
EAS,2022,2.795549326
EAS,2023,3.982849745
EAS,2024,3.724979872
EAP,1960,
EAP,1961,-13.39333319
EAP,1962,-1.978671946
EAP,1963,3.793635578
EAP,1964,8.162045718
EAP,1965,8.149180719
EAP,1966,5.127175283
EAP,1967,-3.957768541
EAP,1968,-0.885988362
EAP,1969,8.451044247
EAP,1970,10.459652
EAP,1971,3.958707077
EAP,1972,2.349407215
EAP,1973,5.783954037
EAP,1974,1.723800595
EAP,1975,4.72045703
EAP,1976,1.001897043
EAP,1977,5.77891048
EAP,1978,7.487743897
EAP,1979,5.345351185
EAP,1980,5.835969908
EAP,1981,3.945390781
EAP,1982,4.650826127
EAP,1983,5.876032582
EAP,1984,8.281028371
EAP,1985,6.210745375
EAP,1986,5.369981642
EAP,1987,7.293949326
EAP,1988,7.886956389
EAP,1989,3.937425985
EAP,1990,3.469848807
EAP,1991,6.448643689
EAP,1992,9.674053979
EAP,1993,9.800796859
EAP,1994,9.466412073
EAP,1995,8.504969649
EAP,1996,7.723921807
EAP,1997,6.061737911
EAP,1998,1.787518045
EAP,1999,5.305425089
EAP,2000,6.658107383
EAP,2001,5.97563938
EAP,2002,7.197854459
EAP,2003,8.104902538
EAP,2004,8.26460246
EAP,2005,9.169699028
EAP,2006,10.19123639
EAP,2007,11.56673485
EAP,2008,7.803868561
EAP,2009,7.204867178
EAP,2010,9.085818426
EAP,2011,7.73841651
EAP,2012,6.643057794
EAP,2013,6.401042595
EAP,2014,6.155751451
EAP,2015,5.848668179
EAP,2016,5.716439816
EAP,2017,5.861677762
EAP,2018,5.854548574
EAP,2019,5.304752203
EAP,2020,0.887897595
EAP,2021,7.381366627
EAP,2022,3.302392945
EAP,2023,5.059420698
EAP,2024,4.786388941
TEA,1960,
TEA,1961,-13.36657896
TEA,1962,-1.966401237
TEA,1963,3.792357726
TEA,1964,8.163469744
TEA,1965,8.150381219
TEA,1966,5.125669493
TEA,1967,-3.954421286
TEA,1968,-0.882320479
TEA,1969,8.451931259
TEA,1970,10.45977665
TEA,1971,3.953114592
TEA,1972,2.348166822
TEA,1973,5.778567218
TEA,1974,1.719663333
TEA,1975,4.714870445
TEA,1976,0.996542107
TEA,1977,5.770225944
TEA,1978,7.477451456
TEA,1979,5.337232921
TEA,1980,5.828884946
TEA,1981,3.939980811
TEA,1982,4.643733218
TEA,1983,5.869068228
TEA,1984,8.275153486
TEA,1985,6.206085039
TEA,1986,5.365006941
TEA,1987,7.287490788
TEA,1988,7.880512069
TEA,1989,3.933315094
TEA,1990,3.466863859
TEA,1991,6.444467486
TEA,1992,9.670526852
TEA,1993,9.798148927
TEA,1994,9.466813945
TEA,1995,8.502987841
TEA,1996,7.719221661
TEA,1997,6.056405189
TEA,1998,1.782715055
TEA,1999,5.300269591
TEA,2000,6.653150587
TEA,2001,5.971017968
TEA,2002,7.192500525
TEA,2003,8.100755587
TEA,2004,8.262320871
TEA,2005,9.166152751
TEA,2006,10.18684941
TEA,2007,11.56178707
TEA,2008,7.799231212
TEA,2009,7.200233031
TEA,2010,9.081220979
TEA,2011,7.733685313
TEA,2012,6.637289474
TEA,2013,6.395496105
TEA,2014,6.151273139
TEA,2015,5.844952302
TEA,2016,5.712717241
TEA,2017,5.857508016
TEA,2018,5.851690295
TEA,2019,5.302828558
TEA,2020,0.886859027
TEA,2021,7.381764193
TEA,2022,3.304030603
TEA,2023,5.061371381
TEA,2024,4.788190455
ECU,1960,
ECU,1961,2.198412214
ECU,1962,1.962443344
ECU,1963,-0.801582912
ECU,1964,4.31632846
ECU,1965,0.275625276
ECU,1966,-3.254054072
ECU,1967,1.548657886
ECU,1968,-1.088674276
ECU,1969,1.593993298
ECU,1970,3.744086195
ECU,1971,3.196649867
ECU,1972,1.977919397
ECU,1973,10.67899815
ECU,1974,8.049343646
ECU,1975,7.859212668
ECU,1976,4.424167121
ECU,1977,-1.174705031
ECU,1978,2.846298229
ECU,1979,0.958252304
ECU,1980,0.95262702
ECU,1981,2.829487621
ECU,1982,-2.006915493
ECU,1983,-2.919859704
ECU,1984,-0.025123421
ECU,1985,1.296518132
ECU,1986,0.919413935
ECU,1987,-2.638489681
ECU,1988,3.44155915
ECU,1989,-1.272792275
ECU,1990,1.385095286
ECU,1991,2.062664351
ECU,1992,-0.013416493
ECU,1993,-0.07594158
ECU,1994,2.260371679
ECU,1995,0.326536599
ECU,1996,-0.166942955
ECU,1997,2.418600873
ECU,1998,1.411645553
ECU,1999,-6.416927561
ECU,2000,-0.648225388
ECU,2001,2.418207639
ECU,2002,3.109353937
ECU,2003,1.085416927
ECU,2004,4.976625491
ECU,2005,3.591033747
ECU,2006,2.563601111
ECU,2007,0.176823126
ECU,2008,4.763183263
ECU,2009,-0.618743696
ECU,2010,2.299025938
ECU,2011,6.715249311
ECU,2012,4.112337995
ECU,2013,5.617805735
ECU,2014,2.744123065
ECU,2015,-1.30274985
ECU,2016,-2.125508822
ECU,2017,4.361954674
ECU,2018,-0.67455896
ECU,2019,-1.512531548
ECU,2020,-10.31083392
ECU,2021,8.577895442
ECU,2022,5.02829597
ECU,2023,1.102305913
ECU,2024,-2.840963263
EGY,1960,
EGY,1961,2.477234551
EGY,1962,1.17722365
EGY,1963,7.650444433
EGY,1964,8.643032605
EGY,1965,2.275699812
EGY,1966,2.446320892
EGY,1967,-1.667621407
EGY,1968,-3.99804502
EGY,1969,2.747150737
EGY,1970,3.120880495
EGY,1971,1.680441967
EGY,1972,0.710927875
EGY,1973,1.153044275
EGY,1974,-0.761728937
EGY,1975,6.40124367
EGY,1976,10.66021691
EGY,1977,6.452936273
EGY,1978,5.994919835
EGY,1979,1.966394781
EGY,1980,7.178382462
EGY,1981,4.50284338
EGY,1982,6.922195896
EGY,1983,2.062096053
EGY,1984,6.49013274
EGY,1985,2.689522147
EGY,1986,1.792516627
EGY,1987,0.99264787
EGY,1988,2.569571495
EGY,1989,2.103224766
EGY,1990,2.616303255
EGY,1991,-1.624516194
EGY,1992,2.006077204
EGY,1993,0.5537639
EGY,1994,1.757532835
EGY,1995,2.463571015
EGY,1996,2.834345438
EGY,1997,3.328464501
EGY,1998,3.293891086
EGY,1999,3.714036709
EGY,2000,4.096090577
EGY,2001,1.359552116
EGY,2002,0.258696268
EGY,2003,1.053582468
EGY,2004,1.965246839
EGY,2005,2.380324618
EGY,2006,4.777512979
EGY,2007,5.085467278
EGY,2008,5.173810699
EGY,2009,2.715525921
EGY,2010,3.149778512
EGY,2011,-0.354646268
EGY,2012,-0.042967018
EGY,2013,-0.143233881
EGY,2014,0.599558564
EGY,2015,2.20415858
EGY,2016,2.244973756
EGY,2017,2.120154772
EGY,2018,3.351667532
EGY,2019,3.715840886
EGY,2020,1.881119759
EGY,2021,1.762204843
EGY,2022,5.01555865
EGY,2023,2.023158424
EGY,2024,0.639636335
SLV,1960,
SLV,1961,
SLV,1962,
SLV,1963,
SLV,1964,
SLV,1965,
SLV,1966,4.181853485
SLV,1967,2.502126183
SLV,1968,0.401605989
SLV,1969,0.715996768
SLV,1970,0.386271474
SLV,1971,1.405835635
SLV,1972,3.653936756
SLV,1973,2.43221587
SLV,1974,2.941489567
SLV,1975,0.656013864
SLV,1976,2.80718499
SLV,1977,4.522298067
SLV,1978,3.097047205
SLV,1979,-6.025362728
SLV,1980,-16.94894763
SLV,1981,-6.344284867
SLV,1982,-7.359970198
SLV,1983,-0.292072197
SLV,1984,-0.579001392
SLV,1985,-1.373485729
SLV,1986,-1.773251018
SLV,1987,0.501824075
SLV,1988,-0.149099217
SLV,1989,-1.001232391
SLV,1990,2.876949436
SLV,1991,-0.267045669
SLV,1992,5.287342725
SLV,1993,4.428308509
SLV,1994,3.699543292
SLV,1995,3.861583818
SLV,1996,0.062055472
SLV,1997,2.444592868
SLV,1998,2.020333959
SLV,1999,1.589906309
SLV,2000,0.626535379
SLV,2001,0.46220479
SLV,2002,1.257831269
SLV,2003,1.362756612
SLV,2004,0.787383831
SLV,2005,2.665322592
SLV,2006,4.393649087
SLV,2007,1.720416076
SLV,2008,1.824471867
SLV,2009,-2.415991532
SLV,2010,1.818016136
SLV,2011,3.400791706
SLV,2012,2.486379215
SLV,2013,1.769083037
SLV,2014,1.331326807
SLV,2015,2.05686594
SLV,2016,2.255892674
SLV,2017,2.038089506
SLV,2018,2.309139463
SLV,2019,2.396133219
SLV,2020,-8.075625886
SLV,2021,11.52715941
SLV,2022,2.552374867
SLV,2023,3.058269878
SLV,2024,2.139548111
GNQ,1960,
GNQ,1961,
GNQ,1962,
GNQ,1963,
GNQ,1964,
GNQ,1965,
GNQ,1966,
GNQ,1967,
GNQ,1968,
GNQ,1969,
GNQ,1970,
GNQ,1971,
GNQ,1972,
GNQ,1973,
GNQ,1974,
GNQ,1975,
GNQ,1976,
GNQ,1977,
GNQ,1978,
GNQ,1979,
GNQ,1980,
GNQ,1981,0.674385038
GNQ,1982,-3.813396498
GNQ,1983,-1.479252507
GNQ,1984,-4.934160673
GNQ,1985,6.858533107
GNQ,1986,-6.959338153
GNQ,1987,0.038511224
GNQ,1988,-1.344232839
GNQ,1989,-4.938856964
GNQ,1990,-5.376483093
GNQ,1991,-4.630318175
GNQ,1992,29.85088629
GNQ,1993,6.99994948
GNQ,1994,12.40300837
GNQ,1995,13.14148652
GNQ,1996,60.34109227
GNQ,1997,140.4905779
GNQ,1998,19.0314989
GNQ,1999,20.81610794
GNQ,2000,12.15163396
GNQ,2001,53.23568808
GNQ,2002,12.25859742
GNQ,2003,7.247865427
GNQ,2004,30.01629767
GNQ,2005,10.90120344
GNQ,2006,3.031055582
GNQ,2007,10.19689757
GNQ,2008,12.53267335
GNQ,2009,-3.220460295
GNQ,2010,-13.01517184
GNQ,2011,1.999057628
GNQ,2012,3.988003868
GNQ,2013,-7.888560394
GNQ,2014,-3.430585953
GNQ,2015,-12.49171427
GNQ,2016,-12.0971099
GNQ,2017,-8.94053555
GNQ,2018,-9.370419052
GNQ,2019,-8.52391282
GNQ,2020,-7.358746574
GNQ,2021,-1.5665204
GNQ,2022,0.661786259
GNQ,2023,-7.349844197
GNQ,2024,-1.490351685
ERI,1960,
ERI,1961,
ERI,1962,
ERI,1963,
ERI,1964,
ERI,1965,
ERI,1966,
ERI,1967,
ERI,1968,
ERI,1969,
ERI,1970,
ERI,1971,
ERI,1972,
ERI,1973,
ERI,1974,
ERI,1975,
ERI,1976,
ERI,1977,
ERI,1978,
ERI,1979,
ERI,1980,
ERI,1981,
ERI,1982,
ERI,1983,
ERI,1984,
ERI,1985,
ERI,1986,
ERI,1987,
ERI,1988,
ERI,1989,
ERI,1990,
ERI,1991,
ERI,1992,
ERI,1993,9.954669941
ERI,1994,17.55363561
ERI,1995,-2.79691786
ERI,1996,3.961504729
ERI,1997,6.721813646
ERI,1998,0.452407593
ERI,1999,-1.449176033
ERI,2000,-4.618371338
ERI,2001,5.695711544
ERI,2002,-0.476857823
ERI,2003,-6.594920166
ERI,2004,-2.623890351
ERI,2005,0.148823405
ERI,2006,-2.518213455
ERI,2007,-0.041769605
ERI,2008,-12.12484316
ERI,2009,1.302578156
ERI,2010,0.205918878
ERI,2011,6.747982979
ERI,2012,
ERI,2013,
ERI,2014,
ERI,2015,
ERI,2016,
ERI,2017,
ERI,2018,
ERI,2019,
ERI,2020,
ERI,2021,
ERI,2022,
ERI,2023,
ERI,2024,
EST,1960,
EST,1961,
EST,1962,
EST,1963,
EST,1964,
EST,1965,
EST,1966,
EST,1967,
EST,1968,
EST,1969,
EST,1970,
EST,1971,
EST,1972,
EST,1973,
EST,1974,
EST,1975,
EST,1976,
EST,1977,
EST,1978,
EST,1979,
EST,1980,
EST,1981,
EST,1982,
EST,1983,
EST,1984,
EST,1985,
EST,1986,
EST,1987,
EST,1988,
EST,1989,
EST,1990,
EST,1991,-7.536694459
EST,1992,-19.71743315
EST,1993,-3.282449713
EST,1994,0.483692726
EST,1995,6.409660007
EST,1996,6.502782208
EST,1997,14.34721605
EST,1998,5.346902251
EST,1999,-0.717824691
EST,2000,9.556422589
EST,2001,6.557319678
EST,2002,7.612500411
EST,2003,8.273723957
EST,2004,7.441089885
EST,2005,10.15160233
EST,2006,10.41170436
EST,2007,8.062766014
EST,2008,-4.870579153
EST,2009,-14.46549815
EST,2010,2.683661651
EST,2011,7.93414725
EST,2012,4.04377186
EST,2013,2.119282
EST,2014,3.594115908
EST,2015,1.77141702
EST,2016,3.063010903
EST,2017,5.506857314
EST,2018,3.339409364
EST,2019,3.341963617
EST,2020,-3.075480078
EST,2021,7.040926485
EST,2022,-1.268031117
EST,2023,-4.540800666
EST,2024,-0.384590772
SWZ,1960,
SWZ,1961,
SWZ,1962,
SWZ,1963,
SWZ,1964,
SWZ,1965,
SWZ,1966,
SWZ,1967,
SWZ,1968,
SWZ,1969,
SWZ,1970,
SWZ,1971,10.74005667
SWZ,1972,2.57133708
SWZ,1973,6.003260709
SWZ,1974,2.751280923
SWZ,1975,10.61351705
SWZ,1976,-5.047830869
SWZ,1977,-2.171655569
SWZ,1978,-1.956659455
SWZ,1979,-0.242964669
SWZ,1980,8.784267443
SWZ,1981,10.8937108
SWZ,1982,-2.134629471
SWZ,1983,-2.069658558
SWZ,1984,2.758194089
SWZ,1985,0.057366697
SWZ,1986,7.904277116
SWZ,1987,10.24341003
SWZ,1988,1.774700592
SWZ,1989,7.789538333
SWZ,1990,16.21461123
SWZ,1991,-2.246556867
SWZ,1992,-0.628243224
SWZ,1993,0.144296675
SWZ,1994,2.411867419
SWZ,1995,4.909798516
SWZ,1996,1.806002944
SWZ,1997,1.382709576
SWZ,1998,1.29408466
SWZ,1999,1.839349851
SWZ,2000,0.721284048
SWZ,2001,0.126963846
SWZ,2002,3.554765441
SWZ,2003,3.173298548
SWZ,2004,3.000234979
SWZ,2005,5.422818962
SWZ,2006,5.463005611
SWZ,2007,3.835116622
SWZ,2008,0.143515394
SWZ,2009,0.916041532
SWZ,2010,3.187136064
SWZ,2011,1.68167589
SWZ,2012,4.8311333
SWZ,2013,3.298060452
SWZ,2014,0.87270147
SWZ,2015,1.465265694
SWZ,2016,4.066280074
SWZ,2017,0.695732345
SWZ,2018,-0.664046641
SWZ,2019,5.09910496
SWZ,2020,-3.909807004
SWZ,2021,2.246479994
SWZ,2022,0.097209459
SWZ,2023,2.470230272
SWZ,2024,1.623565462
ETH,1960,
ETH,1961,
ETH,1962,1.730032498
ETH,1963,1.859329144
ETH,1964,1.385976927
ETH,1965,2.969703359
ETH,1966,4.496695299
ETH,1967,1.350057244
ETH,1968,1.304529088
ETH,1969,-1.362624126
ETH,1970,0.669468375
ETH,1971,3.654823536
ETH,1972,1.479066967
ETH,1973,2.349694
ETH,1974,0.636585362
ETH,1975,-1.198523415
ETH,1976,-2.348154894
ETH,1977,0.765606088
ETH,1978,1.012211302
ETH,1979,-2.556754107
ETH,1980,5.837271678
ETH,1981,1.793008426
ETH,1982,-2.926023467
ETH,1983,5.253798111
ETH,1984,-5.343314795
ETH,1985,-13.61186958
ETH,1986,6.466920861
ETH,1987,10.04511873
ETH,1988,-3.345181998
ETH,1989,-4.115696911
ETH,1990,-1.006468893
ETH,1991,-11.07379301
ETH,1992,-12.43548152
ETH,1993,9.234798534
ETH,1994,-0.34043745
ETH,1995,2.57532696
ETH,1996,8.776856914
ETH,1997,-0.119280617
ETH,1998,-6.442885647
ETH,1999,1.927172415
ETH,2000,2.868066187
ETH,2001,5.065304322
ETH,2002,-1.528858941
ETH,2003,-5.072886523
ETH,2004,10.22181511
ETH,2005,8.550898627
ETH,2006,7.626536948
ETH,2007,8.237707078
ETH,2008,7.627867427
ETH,2009,5.756385597
ETH,2010,9.404344878
ETH,2011,8.061416761
ETH,2012,5.643743768
ETH,2013,7.616614545
ETH,2014,7.338618592
ETH,2015,7.468076766
ETH,2016,6.509914561
ETH,2017,6.6186207
ETH,2018,3.974075459
ETH,2019,5.48664148
ETH,2020,3.223115995
ETH,2021,2.855657631
ETH,2022,2.595399676
ETH,2023,3.854750252
ETH,2024,4.579667789
EMU,1960,
EMU,1961,4.814250787
EMU,1962,4.860967576
EMU,1963,3.988215297
EMU,1964,4.920778895
EMU,1965,4.142369739
EMU,1966,3.563206828
EMU,1967,2.736648578
EMU,1968,4.961564244
EMU,1969,6.406064168
EMU,1970,5.009876278
EMU,1971,3.169068023
EMU,1972,4.184117349
EMU,1973,5.529181956
EMU,1974,2.716821554
EMU,1975,-1.285032432
EMU,1976,4.587387929
EMU,1977,2.691295223
EMU,1978,2.676353272
EMU,1979,3.471992407
EMU,1980,1.731584435
EMU,1981,0.143079321
EMU,1982,0.436769784
EMU,1983,1.185055018
EMU,1984,2.23838307
EMU,1985,2.116627613
EMU,1986,2.270782405
EMU,1987,2.253482276
EMU,1988,3.968944275
EMU,1989,3.660638847
EMU,1990,3.114881776
EMU,1991,1.936997377
EMU,1992,0.69859835
EMU,1993,-1.089254789
EMU,1994,2.20548207
EMU,1995,2.220083005
EMU,1996,1.503281154
EMU,1997,2.529715725
EMU,1998,2.787804038
EMU,1999,2.754834765
EMU,2000,3.580484437
EMU,2001,1.850343211
EMU,2002,0.452670268
EMU,2003,0.199200386
EMU,2004,1.741154107
EMU,2005,1.23619215
EMU,2006,2.828259696
EMU,2007,2.466863055
EMU,2008,-0.085757607
EMU,2009,-4.808144949
EMU,2010,1.862006969
EMU,2011,1.968234042
EMU,2012,-1.130848033
EMU,2013,-0.327215157
EMU,2014,1.277385057
EMU,2015,1.857711669
EMU,2016,1.540643226
EMU,2017,2.395995
EMU,2018,1.460240837
EMU,2019,1.442203282
EMU,2020,-6.178944371
EMU,2021,6.290734463
EMU,2022,3.099617018
EMU,2023,-0.037637744
EMU,2024,0.623989347
ECS,1960,
ECS,1961,3.985959147
ECS,1962,3.510834649
ECS,1963,3.678857313
ECS,1964,4.641357686
ECS,1965,3.331029605
ECS,1966,2.822345658
ECS,1967,2.499974423
ECS,1968,4.46583677
ECS,1969,5.028133757
ECS,1970,4.19293814
ECS,1971,2.929766301
ECS,1972,3.796881363
ECS,1973,5.076955702
ECS,1974,1.456574267
ECS,1975,-1.545054499
ECS,1976,3.6653855
ECS,1977,2.165725879
ECS,1978,2.389279241
ECS,1979,3.028177581
ECS,1980,0.788401176
ECS,1981,-0.131334519
ECS,1982,0.361610753
ECS,1983,1.362971018
ECS,1984,2.051244566
ECS,1985,2.13842997
ECS,1986,2.108893051
ECS,1987,2.442603145
ECS,1988,3.55344322
ECS,1989,2.870322761
ECS,1990,1.755854486
ECS,1991,-0.276857008
ECS,1992,-1.10577506
ECS,1993,-1.09052587
ECS,1994,1.004460166
ECS,1995,1.972114747
ECS,1996,1.623027589
ECS,1997,2.949569055
ECS,1998,2.494104702
ECS,1999,2.794293775
ECS,2000,4.250362885
ECS,2001,2.106261946
ECS,2002,1.382899418
ECS,2003,1.545804407
ECS,2004,2.89508987
ECS,2005,2.418362134
ECS,2006,3.6018692
ECS,2007,3.352046094
ECS,2008,0.591063122
ECS,2009,-4.811942029
ECS,2010,2.251309553
ECS,2011,2.145123543
ECS,2012,-0.085511364
ECS,2013,0.486995737
ECS,2014,1.527247058
ECS,2015,1.648020631
ECS,2016,1.425085165
ECS,2017,2.47694734
ECS,2018,1.717775898
ECS,2019,1.495579202
ECS,2020,-5.587582718
ECS,2021,6.682238151
ECS,2022,3.261146148
ECS,2023,1.006168432
ECS,2024,1.206913336
ECA,1960,
ECA,1961,
ECA,1962,
ECA,1963,
ECA,1964,
ECA,1965,
ECA,1966,
ECA,1967,
ECA,1968,
ECA,1969,
ECA,1970,
ECA,1971,
ECA,1972,
ECA,1973,
ECA,1974,
ECA,1975,
ECA,1976,
ECA,1977,
ECA,1978,
ECA,1979,
ECA,1980,
ECA,1981,
ECA,1982,
ECA,1983,
ECA,1984,
ECA,1985,
ECA,1986,
ECA,1987,
ECA,1988,1.869725587
ECA,1989,-0.103438145
ECA,1990,1.527008525
ECA,1991,-5.579974291
ECA,1992,-5.568935366
ECA,1993,-2.682291831
ECA,1994,-10.39866174
ECA,1995,0.562966288
ECA,1996,3.508643787
ECA,1997,5.269130942
ECA,1998,2.14444668
ECA,1999,-1.47921994
ECA,2000,6.336012545
ECA,2001,-0.533742278
ECA,2002,5.937989215
ECA,2003,6.117356862
ECA,2004,9.035721093
ECA,2005,8.007852942
ECA,2006,7.673055238
ECA,2007,6.865155578
ECA,2008,2.361407167
ECA,2009,-4.188834494
ECA,2010,6.197093149
ECA,2011,7.55037316
ECA,2012,3.189719638
ECA,2013,5.574993279
ECA,2014,2.436774611
ECA,2015,2.656241871
ECA,2016,1.858314492
ECA,2017,4.900465382
ECA,2018,2.605626616
ECA,2019,1.400459914
ECA,2020,-0.424214115
ECA,2021,8.383631122
ECA,2022,3.660424503
ECA,2023,5.829835479
ECA,2024,3.15851843
TEC,1960,
TEC,1961,
TEC,1962,
TEC,1963,
TEC,1964,
TEC,1965,
TEC,1966,
TEC,1967,
TEC,1968,
TEC,1969,
TEC,1970,
TEC,1971,
TEC,1972,
TEC,1973,
TEC,1974,
TEC,1975,
TEC,1976,
TEC,1977,
TEC,1978,
TEC,1979,
TEC,1980,
TEC,1981,
TEC,1982,
TEC,1983,
TEC,1984,
TEC,1985,
TEC,1986,
TEC,1987,
TEC,1988,
TEC,1989,
TEC,1990,-2.090751138
TEC,1991,-6.365527105
TEC,1992,-9.904949095
TEC,1993,-4.939894718
TEC,1994,-8.623200586
TEC,1995,-0.199047653
TEC,1996,0.899147305
TEC,1997,2.881741109
TEC,1998,-0.623404824
TEC,1999,2.459846283
TEC,2000,7.425511826
TEC,2001,2.670707622
TEC,2002,5.064324298
TEC,2003,6.157334537
TEC,2004,7.790959138
TEC,2005,6.564975919
TEC,2006,7.751131179
TEC,2007,7.624095444
TEC,2008,4.220812547
TEC,2009,-5.028477481
TEC,2010,4.276124579
TEC,2011,5.443879547
TEC,2012,2.954326595
TEC,2013,2.830313619
TEC,2014,1.811412718
TEC,2015,0.980686099
TEC,2016,1.349083449
TEC,2017,3.807407457
TEC,2018,3.28800009
TEC,2019,2.250541632
TEC,2020,-1.659912608
TEC,2021,7.416881933
TEC,2022,2.424419094
TEC,2023,4.370277511
TEC,2024,3.4427181
EUU,1960,
EUU,1961,4.854724925
EUU,1962,4.816260191
EUU,1963,3.901937423
EUU,1964,5.043014157
EUU,1965,4.374913249
EUU,1966,3.467630206
EUU,1967,2.785099081
EUU,1968,4.831800284
EUU,1969,6.296671674
EUU,1970,4.934011395
EUU,1971,3.083515723
EUU,1972,4.067921167
EUU,1973,5.39767304
EUU,1974,2.578477162
EUU,1975,-1.181492131
EUU,1976,4.336633427
EUU,1977,2.449410401
EUU,1978,2.574435951
EUU,1979,3.429054554
EUU,1980,1.598211933
EUU,1981,0.131748009
EUU,1982,0.50960433
EUU,1983,1.179160039
EUU,1984,2.296619145
EUU,1985,2.078140701
EUU,1986,2.301545939
EUU,1987,2.246077651
EUU,1988,3.791880964
EUU,1989,3.534017907
EUU,1990,2.947728682
EUU,1991,1.167246405
EUU,1992,0.608793196
EUU,1993,-0.918285947
EUU,1994,2.445825715
EUU,1995,2.530741003
EUU,1996,1.750388636
EUU,1997,2.530518679
EUU,1998,2.844038841
EUU,1999,2.834555551
EUU,2000,3.809737936
EUU,2001,2.025870626
EUU,2002,0.859833017
EUU,2003,0.56636092
EUU,2004,2.20315112
EUU,2005,1.610350987
EUU,2006,3.215674268
EUU,2007,2.781994786
EUU,2008,0.286208661
EUU,2009,-4.554488241
EUU,2010,2.022781932
EUU,2011,2.116940241
EUU,2012,-0.908994195
EUU,2013,-0.116089307
EUU,2014,1.5157611
EUU,2015,2.169242191
EUU,2016,1.743580939
EUU,2017,2.645393366
EUU,2018,1.823370823
EUU,2019,1.744814138
EUU,2020,-5.56508756
EUU,2021,6.51053649
EUU,2022,3.150937905
EUU,2023,0.070476063
EUU,2024,0.85494516
FRO,1960,
FRO,1961,
FRO,1962,
FRO,1963,
FRO,1964,
FRO,1965,
FRO,1966,
FRO,1967,
FRO,1968,
FRO,1969,
FRO,1970,
FRO,1971,
FRO,1972,
FRO,1973,
FRO,1974,
FRO,1975,
FRO,1976,
FRO,1977,
FRO,1978,
FRO,1979,
FRO,1980,
FRO,1981,
FRO,1982,
FRO,1983,
FRO,1984,
FRO,1985,
FRO,1986,
FRO,1987,
FRO,1988,
FRO,1989,
FRO,1990,
FRO,1991,
FRO,1992,
FRO,1993,
FRO,1994,
FRO,1995,
FRO,1996,
FRO,1997,
FRO,1998,
FRO,1999,
FRO,2000,
FRO,2001,
FRO,2002,
FRO,2003,
FRO,2004,
FRO,2005,
FRO,2006,
FRO,2007,
FRO,2008,
FRO,2009,-5.03061978
FRO,2010,-0.105466831
FRO,2011,3.80958188
FRO,2012,7.640273568
FRO,2013,5.95487802
FRO,2014,5.035911585
FRO,2015,-0.018524822
FRO,2016,0.232465867
FRO,2017,2.035038749
FRO,2018,1.119361202
FRO,2019,2.929852887
FRO,2020,-3.085619797
FRO,2021,4.043687319
FRO,2022,2.361597138
FRO,2023,1.525146256
FRO,2024,
FJI,1960,
FJI,1961,0.412843179
FJI,1962,0.446440451
FJI,1963,3.069443851
FJI,1964,1.66270756
FJI,1965,-5.634443517
FJI,1966,-2.85968587
FJI,1967,10.53753338
FJI,1968,5.56132958
FJI,1969,0.469807914
FJI,1970,10.49804184
FJI,1971,4.926896271
FJI,1972,5.654216286
FJI,1973,9.871880023
FJI,1974,1.106488862
FJI,1975,-0.93906121
FJI,1976,1.046861217
FJI,1977,3.730145548
FJI,1978,-0.514056395
FJI,1979,9.580421475
FJI,1980,-3.919850812
FJI,1981,3.823888319
FJI,1982,-8.204434864
FJI,1983,-6.246279586
FJI,1984,5.803890161
FJI,1985,-6.85988399
FJI,1986,5.484307095
FJI,1987,-8.012796095
FJI,1988,-0.129653528
FJI,1989,6.369743381
FJI,1990,4.842992887
FJI,1991,-3.491227009
FJI,1992,5.331284668
FJI,1993,1.480969575
FJI,1994,4.517881994
FJI,1995,1.989902095
FJI,1996,4.142481601
FJI,1997,-3.205529217
FJI,1998,0.053366543
FJI,1999,7.548278426
FJI,2000,-2.761542905
FJI,2001,0.957064444
FJI,2002,2.183332708
FJI,2003,0.039650228
FJI,2004,4.326924359
FJI,2005,-0.214469574
FJI,2006,0.93893276
FJI,2007,-1.67524974
FJI,2008,0.410201584
FJI,2009,-1.803433361
FJI,2010,2.595062332
FJI,2011,2.416035255
FJI,2012,1.19750022
FJI,2013,4.570320823
FJI,2014,5.461610241
FJI,2015,4.388232658
FJI,2016,2.380116253
FJI,2017,5.400034926
FJI,2018,3.991072632
FJI,2019,-0.334080464
FJI,2020,-17.04447036
FJI,2021,-5.062410641
FJI,2022,19.43950686
FJI,2023,6.974770196
FJI,2024,3.310403901
FIN,1960,
FIN,1961,6.847965181
FIN,1962,2.284048567
FIN,1963,2.557472364
FIN,1964,4.654852826
FIN,1965,4.952389127
FIN,1966,1.989846976
FIN,1967,1.617028866
FIN,1968,1.845006207
FIN,1969,9.656904148
FIN,1970,7.878214458
FIN,1971,2.227824483
FIN,1972,7.096152838
FIN,1973,6.377979319
FIN,1974,2.697458172
FIN,1975,1.35402497
FIN,1976,0.042351873
FIN,1977,-0.040505847
FIN,1978,2.624625887
FIN,1979,6.848494327
FIN,1980,5.061714302
FIN,1981,0.858289196
FIN,1982,2.510750176
FIN,1983,2.491186337
FIN,1984,2.676420288
FIN,1985,3.109120287
FIN,1986,2.421897398
FIN,1987,3.267722349
FIN,1988,4.925661656
FIN,1989,4.705240792
FIN,1990,0.246189468
FIN,1991,-6.393248776
FIN,1992,-3.853152952
FIN,1993,-1.258736409
FIN,1994,3.517200008
FIN,1995,3.837309259
FIN,1996,3.323161494
FIN,1997,6.081768031
FIN,1998,5.174688913
FIN,1999,4.147257217
FIN,2000,5.534413799
FIN,2001,2.406829022
FIN,2002,1.441154092
FIN,2003,1.768835203
FIN,2004,3.703837503
FIN,2005,2.42615654
FIN,2006,3.621134972
FIN,2007,4.865721372
FIN,2008,0.316320526
FIN,2009,-8.514604664
FIN,2010,2.697376651
FIN,2011,1.916853383
FIN,2012,-1.99029083
FIN,2013,-1.434901576
FIN,2014,-0.888801632
FIN,2015,0.136127694
FIN,2016,2.277543731
FIN,2017,3.061231693
FIN,2018,1.058843157
FIN,2019,1.238120975
FIN,2020,-2.630998553
FIN,2021,2.4637305
FIN,2022,0.489394589
FIN,2023,-1.440138245
FIN,2024,-1.098312364
FCS,1960,
FCS,1961,-2.278289935
FCS,1962,5.557852916
FCS,1963,4.12398787
FCS,1964,2.879877948
FCS,1965,3.978577933
FCS,1966,-1.333818936
FCS,1967,-7.818668611
FCS,1968,3.829165128
FCS,1969,10.51994333
FCS,1970,9.696689826
FCS,1971,5.199556299
FCS,1972,1.441637423
FCS,1973,1.513259577
FCS,1974,8.38248433
FCS,1975,-2.414039281
FCS,1976,6.485738854
FCS,1977,2.561955115
FCS,1978,-2.591409733
FCS,1979,3.665940601
FCS,1980,2.907810904
FCS,1981,-8.535756046
FCS,1982,-3.004016266
FCS,1983,-6.830496394
FCS,1984,-3.447007626
FCS,1985,1.857615698
FCS,1986,-2.39279325
FCS,1987,-0.831673109
FCS,1988,1.335782962
FCS,1989,-1.256370654
FCS,1990,2.364116655
FCS,1991,-8.086707356
FCS,1992,-2.290283466
FCS,1993,-4.546600784
FCS,1994,-6.077084189
FCS,1995,-2.928488694
FCS,1996,1.083792793
FCS,1997,2.280323491
FCS,1998,2.555789621
FCS,1999,0.698407008
FCS,2000,3.047323849
FCS,2001,1.774989068
FCS,2002,2.261210754
FCS,2003,-1.381414922
FCS,2004,8.647805045
FCS,2005,3.337849192
FCS,2006,3.281670495
FCS,2007,3.520987629
FCS,2008,2.548368371
FCS,2009,0.488536449
FCS,2010,4.426169073
FCS,2011,-2.354581357
FCS,2012,3.050981331
FCS,2013,1.02017472
FCS,2014,-0.007888534
FCS,2015,-1.396498549
FCS,2016,-0.081852861
FCS,2017,0.323253906
FCS,2018,0.52324052
FCS,2019,0.086223849
FCS,2020,-7.11051082
FCS,2021,0.223556596
FCS,2022,-0.663208703
FCS,2023,-0.029363886
FCS,2024,-0.670309092
FRA,1960,
FRA,1961,3.725257225
FRA,1962,5.803779677
FRA,1963,5.138222823
FRA,1964,5.297171293
FRA,1965,3.80721123
FRA,1966,4.302799208
FRA,1967,4.046078094
FRA,1968,3.653097654
FRA,1969,6.23390917
FRA,1970,5.238214749
FRA,1971,4.342721732
FRA,1972,3.623891432
FRA,1973,5.751778022
FRA,1974,4.000455763
FRA,1975,-1.593584727
FRA,1976,3.944145636
FRA,1977,3.089669219
FRA,1978,3.425061771
FRA,1979,3.231677573
FRA,1980,1.134990205
FRA,1981,0.589285106
FRA,1982,2.069072548
FRA,1983,0.717848547
FRA,1984,1.114328102
FRA,1985,1.062652353
FRA,1986,1.867515398
FRA,1987,1.997300052
FRA,1988,4.210032859
FRA,1989,3.783751695
FRA,1990,2.268451183
FRA,1991,0.729685951
FRA,1992,1.011742832
FRA,1993,-0.791444096
FRA,1994,2.000928884
FRA,1995,1.932917618
FRA,1996,1.035285029
FRA,1997,2.161935896
FRA,1998,3.069970187
FRA,1999,2.867285695
FRA,2000,3.428690297
FRA,2001,1.159327128
FRA,2002,0.335619014
FRA,2003,0.257866805
FRA,2004,2.117365434
FRA,2005,1.125353714
FRA,2006,2.001311302
FRA,2007,1.898567453
FRA,2008,-0.178410661
FRA,2009,-3.322124446
FRA,2010,1.498724662
FRA,2011,1.944335054
FRA,2012,-0.299598729
FRA,2013,0.26214455
FRA,2014,0.519383765
FRA,2015,0.70803059
FRA,2016,0.594243752
FRA,2017,1.787795494
FRA,2018,1.282166037
FRA,2019,1.688708441
FRA,2020,-7.740567513
FRA,2021,6.501552198
FRA,2022,2.235989289
FRA,2023,0.607649203
FRA,2024,0.827702874
PYF,1960,
PYF,1961,
PYF,1962,
PYF,1963,
PYF,1964,
PYF,1965,
PYF,1966,5.932484016
PYF,1967,-7.922747809
PYF,1968,11.04152815
PYF,1969,-6.007191695
PYF,1970,-1.848795613
PYF,1971,8.265671372
PYF,1972,-7.776619637
PYF,1973,4.368038671
PYF,1974,14.31192717
PYF,1975,-7.800777377
PYF,1976,5.015811217
PYF,1977,-0.932887381
PYF,1978,6.51841216
PYF,1979,0.670375299
PYF,1980,-2.663138862
PYF,1981,-0.55399895
PYF,1982,-1.438183905
PYF,1983,-0.624012304
PYF,1984,-0.376948766
PYF,1985,-3.638406003
PYF,1986,10.68508064
PYF,1987,-1.271898901
PYF,1988,-5.941585471
PYF,1989,-0.119196508
PYF,1990,-1.900958537
PYF,1991,1.67566155
PYF,1992,-3.23438697
PYF,1993,-2.976207647
PYF,1994,-3.248291726
PYF,1995,-1.9047641
PYF,1996,-2.153515268
PYF,1997,-1.70605642
PYF,1998,0.086531793
PYF,1999,0.29539116
PYF,2000,1.637900193
PYF,2001,-1.876704984
PYF,2002,-0.650790591
PYF,2003,0.559535345
PYF,2004,-0.615266205
PYF,2005,-1.179367188
PYF,2006,-0.534705153
PYF,2007,0.477742673
PYF,2008,-0.716512348
PYF,2009,-4.623022432
PYF,2010,-2.862212447
PYF,2011,-3.371569435
PYF,2012,-1.419845322
PYF,2013,-0.201995117
PYF,2014,-0.010253638
PYF,2015,1.261471204
PYF,2016,1.821427961
PYF,2017,3.954160214
PYF,2018,1.970257964
PYF,2019,2.987463451
PYF,2020,-7.109201959
PYF,2021,1.88179648
PYF,2022,4.248041248
PYF,2023,2.725803471
PYF,2024,
GAB,1960,
GAB,1961,13.44925199
GAB,1962,6.141959858
GAB,1963,4.734369387
GAB,1964,3.155948021
GAB,1965,6.816135929
GAB,1966,2.970908715
GAB,1967,2.516746338
GAB,1968,0.869934044
GAB,1969,6.041054451
GAB,1970,6.386636793
GAB,1971,7.992832686
GAB,1972,9.075662589
GAB,1973,7.917071869
GAB,1974,36.53751698
GAB,1975,16.579152
GAB,1976,32.53686673
GAB,1977,-14.64237976
GAB,1978,-25.89243401
GAB,1979,-2.023076767
GAB,1980,-0.052581559
GAB,1981,2.360390148
GAB,1982,-5.663584823
GAB,1983,2.780014738
GAB,1984,4.607261799
GAB,1985,-4.980607104
GAB,1986,-3.504423243
GAB,1987,-19.41293515
GAB,1988,9.749626876
GAB,1989,5.583368863
GAB,1990,2.348284803
GAB,1991,3.269310105
GAB,1992,-5.662450016
GAB,1993,1.214851571
GAB,1994,1.030218071
GAB,1995,2.310933566
GAB,1996,1.034276624
GAB,1997,3.104929932
GAB,1998,0.890580321
GAB,1999,-11.22429689
GAB,2000,-4.38717482
GAB,2001,-0.517762469
GAB,2002,-2.885012358
GAB,2003,-0.505326252
GAB,2004,-2.091088445
GAB,2005,-0.262443846
GAB,2006,-5.696083429
GAB,2007,2.745244866
GAB,2008,-6.372985013
GAB,2009,-3.146830491
GAB,2010,3.458350737
GAB,2011,3.359376003
GAB,2012,1.552307854
GAB,2013,1.984806095
GAB,2014,0.869784891
GAB,2015,0.693296575
GAB,2016,-0.79183198
GAB,2017,-2.163617741
GAB,2018,-1.688047436
GAB,2019,1.382575991
GAB,2020,-4.155280833
GAB,2021,-0.845244789
GAB,2022,0.747533659
GAB,2023,0.217772009
GAB,2024,1.17843756
GMB,1960,
GMB,1961,
GMB,1962,
GMB,1963,
GMB,1964,
GMB,1965,
GMB,1966,
GMB,1967,-2.714353348
GMB,1968,6.549280861
GMB,1969,-0.413907463
GMB,1970,3.183552147
GMB,1971,-2.897406849
GMB,1972,-2.642971964
GMB,1973,6.075716851
GMB,1974,2.806415095
GMB,1975,9.108424356
GMB,1976,4.117650684
GMB,1977,0.21947324
GMB,1978,2.916598387
GMB,1979,-4.572226506
GMB,1980,2.677891817
GMB,1981,-0.202478175
GMB,1982,-4.215356834
GMB,1983,6.867832117
GMB,1984,-0.365477668
GMB,1985,-4.651358504
GMB,1986,-0.00087885
GMB,1987,-1.62495398
GMB,1988,0.26947437
GMB,1989,1.582125335
GMB,1990,-0.696506329
GMB,1991,-1.135786115
GMB,1992,-0.738385254
GMB,1993,-0.696495507
GMB,1994,-3.017113933
GMB,1995,-2.077391367
GMB,1996,-0.690360719
GMB,1997,1.963574159
GMB,1998,0.63639654
GMB,1999,3.484664974
GMB,2000,2.650214562
GMB,2001,2.97441795
GMB,2002,-5.812879006
GMB,2003,4.030268925
GMB,2004,4.164563977
GMB,2005,-5.03011453
GMB,2006,-3.352217018
GMB,2007,0.096337244
GMB,2008,3.21187607
GMB,2009,3.612386872
GMB,2010,2.873509505
GMB,2011,-10.77726091
GMB,2012,2.186458971
GMB,2013,-0.096616308
GMB,2014,-4.172586098
GMB,2015,1.251372481
GMB,2016,-0.701007891
GMB,2017,2.208075467
GMB,2018,4.667874305
GMB,2019,3.74848296
GMB,2020,-1.763187113
GMB,2021,2.793045884
GMB,2022,3.073814015
GMB,2023,2.413403442
GMB,2024,3.365758653
GEO,1960,
GEO,1961,3.223694086
GEO,1962,3.528061032
GEO,1963,2.678212302
GEO,1964,3.95314302
GEO,1965,9.11237538
GEO,1966,6.313020043
GEO,1967,5.215962104
GEO,1968,3.512400365
GEO,1969,3.800716196
GEO,1970,10.97504429
GEO,1971,1.410434749
GEO,1972,1.802055589
GEO,1973,5.548862477
GEO,1974,7.868985777
GEO,1975,6.590866408
GEO,1976,5.337210738
GEO,1977,6.168159176
GEO,1978,6.804188823
GEO,1979,6.582968337
GEO,1980,3.698676129
GEO,1981,4.406613673
GEO,1982,1.142470598
GEO,1983,3.388973025
GEO,1984,4.531567719
GEO,1985,4.025229349
GEO,1986,-8.987637796
GEO,1987,0.448766892
GEO,1988,4.515476912
GEO,1989,-7.4372318
GEO,1990,-14.76571662
GEO,1991,-21.65294645
GEO,1992,-45.32488376
GEO,1993,-29.84145333
GEO,1994,-9.008201647
GEO,1995,6.525214338
GEO,1996,15.31283525
GEO,1997,14.12324474
GEO,1998,5.684291063
GEO,1999,5.005584538
GEO,2000,3.840180243
GEO,2001,6.445785293
GEO,2002,6.424652844
GEO,2003,11.80961069
GEO,2004,6.449849939
GEO,2005,10.28957852
GEO,2006,10.04529667
GEO,2007,13.16435095
GEO,2008,2.733234671
GEO,2009,-2.791181048
GEO,2010,7.024283669
GEO,2011,8.803628873
GEO,2012,7.366752155
GEO,2013,5.449782655
GEO,2014,4.041627523
GEO,2015,3.188392949
GEO,2016,3.388353283
GEO,2017,5.145826776
GEO,2018,6.103447451
GEO,2019,5.561671659
GEO,2020,-6.354787152
GEO,2021,11.06507801
GEO,2022,10.84220881
GEO,2023,7.745685517
GEO,2024,10.66864454
DEU,1960,
DEU,1961,3.498576338
DEU,1962,3.707412953
DEU,1963,1.788485819
DEU,1964,5.784319143
DEU,1965,4.35005058
DEU,1966,1.957721564
DEU,1967,-0.784914891
DEU,1968,5.199889094
DEU,1969,6.569663106
DEU,1970,4.75408787
DEU,1971,2.943650237
DEU,1972,3.802475983
DEU,1973,4.448017195
DEU,1974,0.850760292
DEU,1975,-0.49643425
DEU,1976,5.400212155
DEU,1977,3.581437065
DEU,1978,3.098181653
DEU,1979,4.104331311
DEU,1980,1.198693929
DEU,1981,0.376242549
DEU,1982,-0.300057827
DEU,1983,1.839034163
DEU,1984,3.178987242
DEU,1985,2.556883534
DEU,1986,2.240535053
DEU,1987,1.246499668
DEU,1988,3.302863712
DEU,1989,3.096180023
DEU,1990,4.351639068
DEU,1991,4.34522004
DEU,1992,1.241463898
DEU,1993,-1.622161374
DEU,1994,2.242334868
DEU,1995,1.207514851
DEU,1996,0.746098645
DEU,1997,1.705899108
DEU,1998,2.080701486
DEU,1999,2.064126653
DEU,2000,2.73801196
DEU,2001,1.46570629
DEU,2002,-0.395913755
DEU,2003,-0.584983686
DEU,2004,1.184332713
DEU,2005,0.942994667
DEU,2006,3.972948912
DEU,2007,3.02778239
DEU,2008,1.102459658
DEU,2009,-5.30552819
DEU,2010,4.306441058
DEU,2011,5.699283115
DEU,2012,0.285850077
DEU,2013,0.112643841
DEU,2014,1.744463942
DEU,2015,0.776507672
DEU,2016,1.472292617
DEU,2017,2.332865961
DEU,2018,0.813017363
DEU,2019,0.760402195
DEU,2020,-4.173453235
DEU,2021,3.626128709
DEU,2022,0.641609114
DEU,2023,-0.389988691
DEU,2024,0.228526174
GHA,1960,
GHA,1961,0.520685688
GHA,1962,1.630247159
GHA,1963,1.942107836
GHA,1964,-0.194917693
GHA,1965,-1.034079593
GHA,1966,-6.533876773
GHA,1967,0.615684861
GHA,1968,-2.04471137
GHA,1969,3.387803661
GHA,1970,6.829372391
GHA,1971,2.344423872
GHA,1972,-5.193760487
GHA,1973,-0.04300272
GHA,1974,3.797699031
GHA,1975,-14.93070656
GHA,1976,-6.26728026
GHA,1977,-0.696657028
GHA,1978,5.230090892
GHA,1979,-5.446952129
GHA,1980,-2.424238825
GHA,1981,-6.176507948
GHA,1982,-9.589268901
GHA,1983,-7.391096171
GHA,1984,5.87864947
GHA,1985,2.85582117
GHA,1986,2.909236903
GHA,1987,2.419514454
GHA,1988,3.120643535
GHA,1989,2.493215689
GHA,1990,0.725670862
GHA,1991,2.662047116
GHA,1992,1.329045779
GHA,1993,2.292420637
GHA,1994,0.846121792
GHA,1995,1.684027146
GHA,1996,2.187619536
GHA,1997,1.74682049
GHA,1998,2.184415211
GHA,1999,1.88223264
GHA,2000,1.127061176
GHA,2001,1.266924337
GHA,2002,1.665263905
GHA,2003,2.397606595
GHA,2004,2.839829959
GHA,2005,3.158610995
GHA,2006,3.669508041
GHA,2007,1.691717775
GHA,2008,6.414669925
GHA,2009,2.260688935
GHA,2010,5.306175082
GHA,2011,11.33704178
GHA,2012,6.679747406
GHA,2013,4.757963385
GHA,2014,0.452244094
GHA,2015,-0.20832582
GHA,2016,1.047044067
GHA,2017,5.780945858
GHA,2018,4.018953383
GHA,2019,4.390631335
GHA,2020,-1.468308017
GHA,2021,3.0380027
GHA,2022,1.830512477
GHA,2023,1.190223042
GHA,2024,3.721742988
GIB,1960,
GIB,1961,
GIB,1962,
GIB,1963,
GIB,1964,
GIB,1965,
GIB,1966,
GIB,1967,
GIB,1968,
GIB,1969,
GIB,1970,
GIB,1971,
GIB,1972,
GIB,1973,
GIB,1974,
GIB,1975,
GIB,1976,
GIB,1977,
GIB,1978,
GIB,1979,
GIB,1980,
GIB,1981,
GIB,1982,
GIB,1983,
GIB,1984,
GIB,1985,
GIB,1986,
GIB,1987,
GIB,1988,
GIB,1989,
GIB,1990,
GIB,1991,
GIB,1992,
GIB,1993,
GIB,1994,
GIB,1995,
GIB,1996,
GIB,1997,
GIB,1998,
GIB,1999,
GIB,2000,
GIB,2001,
GIB,2002,
GIB,2003,
GIB,2004,
GIB,2005,
GIB,2006,
GIB,2007,
GIB,2008,
GIB,2009,
GIB,2010,
GIB,2011,
GIB,2012,
GIB,2013,
GIB,2014,
GIB,2015,
GIB,2016,
GIB,2017,
GIB,2018,
GIB,2019,
GIB,2020,
GIB,2021,
GIB,2022,
GIB,2023,
GIB,2024,
GRC,1960,
GRC,1961,12.30979242
GRC,1962,-0.231360587
GRC,1963,11.43081132
GRC,1964,9.01366254
GRC,1965,10.2510619
GRC,1966,5.711672028
GRC,1967,4.812396821
GRC,1968,6.50858572
GRC,1969,11.15673556
GRC,1970,8.682287825
GRC,1971,7.374326688
GRC,1972,9.446392004
GRC,1973,7.602608733
GRC,1974,-6.782085978
GRC,1975,5.373056164
GRC,1976,5.205082903
GRC,1977,1.610301476
GRC,1978,5.865272709
GRC,1979,2.002456988
GRC,1980,-0.306898947
GRC,1981,-2.432461069
GRC,1982,-1.740252338
GRC,1983,-1.652402526
GRC,1984,1.503672168
GRC,1985,2.112294853
GRC,1986,0.185737959
GRC,1987,-2.585123274
GRC,1988,3.909777327
GRC,1989,3.259729565
GRC,1990,-1.052232898
GRC,1991,1.869834177
GRC,1992,-0.066299027
GRC,1993,-2.177150508
GRC,1994,1.4905588
GRC,1995,1.623824959
GRC,1996,0.936690833
GRC,1997,3.093102605
GRC,1998,2.865261593
GRC,1999,2.265872468
GRC,2000,3.712729718
GRC,2001,4.107765145
GRC,2002,4.300106458
GRC,2003,5.544646866
GRC,2004,5.117469495
GRC,2005,0.887221298
GRC,2006,6.124193827
GRC,2007,3.24351377
GRC,2008,-0.207784152
GRC,2009,-4.37113631
GRC,2010,-5.815205242
GRC,2011,-9.743341609
GRC,2012,-7.834089434
GRC,2013,-1.560896297
GRC,2014,1.465856551
GRC,2015,0.431225576
GRC,2016,0.384851865
GRC,2017,1.674020149
GRC,2018,2.271951322
GRC,2019,2.38497558
GRC,2020,-9.001164553
GRC,2021,9.984684958
GRC,2022,7.084329926
GRC,2023,2.639880388
GRC,2024,2.436955089
GRL,1960,
GRL,1961,
GRL,1962,
GRL,1963,
GRL,1964,
GRL,1965,
GRL,1966,
GRL,1967,
GRL,1968,
GRL,1969,
GRL,1970,
GRL,1971,11.14456574
GRL,1972,3.759157594
GRL,1973,5.280208854
GRL,1974,4.638514053
GRL,1975,0.443324336
GRL,1976,5.746010903
GRL,1977,9.48317956
GRL,1978,6.447679456
GRL,1979,4.014947485
GRL,1980,7.377089855
GRL,1981,-0.913783637
GRL,1982,-5.3476253
GRL,1983,2.265770788
GRL,1984,-6.259164458
GRL,1985,2.682173817
GRL,1986,6.496776999
GRL,1987,4.345640619
GRL,1988,4.254659476
GRL,1989,5.695173011
GRL,1990,-12.19586644
GRL,1991,0.066511145
GRL,1992,-4.768523541
GRL,1993,-4.855881783
GRL,1994,5.35180564
GRL,1995,3.170996427
GRL,1996,1.348010103
GRL,1997,1.28773187
GRL,1998,7.565899781
GRL,1999,1.377884445
GRL,2000,6.939567234
GRL,2001,0.920568579
GRL,2002,-1.349129881
GRL,2003,4.142983165
GRL,2004,6.630382132
GRL,2005,4.919264192
GRL,2006,5.853165816
GRL,2007,2.750590865
GRL,2008,6.593978749
GRL,2009,0.874906571
GRL,2010,1.356119765
GRL,2011,-1.119181355
GRL,2012,1.536976945
GRL,2013,-0.726861643
GRL,2014,5.091927333
GRL,2015,-2.214918882
GRL,2016,4.547808581
GRL,2017,0.077664774
GRL,2018,0.890684741
GRL,2019,2.462731594
GRL,2020,-0.001762479
GRL,2021,1.121017116
GRL,2022,1.990153725
GRL,2023,0.504111002
GRL,2024,
GRD,1960,
GRD,1961,
GRD,1962,
GRD,1963,
GRD,1964,
GRD,1965,
GRD,1966,
GRD,1967,
GRD,1968,
GRD,1969,
GRD,1970,
GRD,1971,
GRD,1972,
GRD,1973,
GRD,1974,
GRD,1975,
GRD,1976,
GRD,1977,
GRD,1978,6.120209914
GRD,1979,6.503389361
GRD,1980,0.466833199
GRD,1981,2.058850586
GRD,1982,3.759099089
GRD,1983,3.015896243
GRD,1984,2.971985244
GRD,1985,5.303765106
GRD,1986,6.442285838
GRD,1987,8.27409897
GRD,1988,2.147732899
GRD,1989,2.916617831
GRD,1990,3.142692415
GRD,1991,0.544631078
GRD,1992,-1.640615702
GRD,1993,-2.705744962
GRD,1994,0.948143797
GRD,1995,1.410717423
GRD,1996,3.724231256
GRD,1997,4.308363217
GRD,1998,10.99870379
GRD,1999,6.179209602
GRD,2000,4.181221838
GRD,2001,-2.510210333
GRD,2002,3.039428951
GRD,2003,8.981416698
GRD,2004,-1.046412742
GRD,2005,12.85192134
GRD,2006,-4.344879916
GRD,2007,5.751852754
GRD,2008,0.607094088
GRD,2009,-6.913786905
GRD,2010,-0.807153746
GRD,2011,0.321541247
GRD,2012,-1.764869045
GRD,2013,1.708962955
GRD,2014,6.735495934
GRD,2015,5.940268306
GRD,2016,3.330520483
GRD,2017,4.160022955
GRD,2018,4.133216552
GRD,2019,0.424779227
GRD,2020,-14.02348962
GRD,2021,4.376164624
GRD,2022,7.114200995
GRD,2023,4.529556403
GRD,2024,3.581587099
GUM,1960,
GUM,1961,
GUM,1962,
GUM,1963,
GUM,1964,
GUM,1965,
GUM,1966,
GUM,1967,
GUM,1968,
GUM,1969,
GUM,1970,
GUM,1971,
GUM,1972,
GUM,1973,
GUM,1974,
GUM,1975,
GUM,1976,
GUM,1977,
GUM,1978,
GUM,1979,
GUM,1980,
GUM,1981,
GUM,1982,
GUM,1983,
GUM,1984,
GUM,1985,
GUM,1986,
GUM,1987,
GUM,1988,
GUM,1989,
GUM,1990,
GUM,1991,
GUM,1992,
GUM,1993,
GUM,1994,
GUM,1995,
GUM,1996,
GUM,1997,
GUM,1998,
GUM,1999,
GUM,2000,
GUM,2001,
GUM,2002,
GUM,2003,0.371012547
GUM,2004,6.056268464
GUM,2005,3.292354462
GUM,2006,-3.929567651
GUM,2007,0.456380842
GUM,2008,1.77225504
GUM,2009,0.148561195
GUM,2010,2.048926652
GUM,2011,0.065035676
GUM,2012,2.264027064
GUM,2013,1.914050543
GUM,2014,2.088307504
GUM,2015,1.180921237
GUM,2016,0.591903023
GUM,2017,1.348607122
GUM,2018,-0.333833095
GUM,2019,3.075478686
GUM,2020,-10.71199466
GUM,2021,1.078305018
GUM,2022,4.177265865
GUM,2023,
GUM,2024,
GTM,1960,
GTM,1961,1.245304652
GTM,1962,0.514884617
GTM,1963,6.377864297
GTM,1964,1.637941582
GTM,1965,1.392682617
GTM,1966,2.548040357
GTM,1967,1.228487444
GTM,1968,5.806825765
GTM,1969,1.968207479
GTM,1970,2.968020627
GTM,1971,2.888300487
GTM,1972,4.604260429
GTM,1973,4.058198265
GTM,1974,3.715012565
GTM,1975,-0.504202379
GTM,1976,5.095050374
GTM,1977,5.46642394
GTM,1978,2.436089614
GTM,1979,2.125688751
GTM,1980,1.167336567
GTM,1981,-1.848613506
GTM,1982,-5.723147509
GTM,1983,-4.927820228
GTM,1984,-2.282716079
GTM,1985,-3.382396203
GTM,1986,-2.600678716
GTM,1987,0.727554412
GTM,1988,1.023397746
GTM,1989,1.059063915
GTM,1990,0.255295714
GTM,1991,0.88796872
GTM,1992,2.089387482
GTM,1993,1.19079546
GTM,1994,1.299650963
GTM,1995,2.208283182
GTM,1996,0.326032378
GTM,1997,1.728226613
GTM,1998,2.341238621
GTM,1999,1.266832521
GTM,2000,1.176419989
GTM,2001,0.008564248
GTM,2002,1.48647617
GTM,2003,0.276550484
GTM,2004,0.870516167
GTM,2005,1.064722556
GTM,2006,3.146006198
GTM,2007,4.121076026
GTM,2008,1.194812594
GTM,2009,-1.505249539
GTM,2010,0.865525448
GTM,2011,2.107588602
GTM,2012,0.944366953
GTM,2013,1.688694724
GTM,2014,2.483284492
GTM,2015,2.202044943
GTM,2016,0.803225141
GTM,2017,1.222021181
GTM,2018,1.698363049
GTM,2019,2.448136415
GTM,2020,-3.220077328
GTM,2021,6.560160413
GTM,2022,2.72968988
GTM,2023,1.951093092
GTM,2024,2.066533354
GIN,1960,
GIN,1961,
GIN,1962,
GIN,1963,
GIN,1964,
GIN,1965,
GIN,1966,
GIN,1967,
GIN,1968,
GIN,1969,
GIN,1970,
GIN,1971,3.486860774
GIN,1972,0.558272825
GIN,1973,-0.123846957
GIN,1974,3.54558722
GIN,1975,1.255117983
GIN,1976,6.253360708
GIN,1977,-4.844827074
GIN,1978,5.11641711
GIN,1979,-2.829979326
GIN,1980,0.809803806
GIN,1981,-1.265591407
GIN,1982,-0.224948721
GIN,1983,-0.819462074
GIN,1984,-0.825607745
GIN,1985,2.561754734
GIN,1986,0.598439369
GIN,1987,0.681986046
GIN,1988,3.56332434
GIN,1989,1.339109042
GIN,1990,0.780380008
GIN,1991,-1.413054264
GIN,1992,0.026911659
GIN,1993,1.893325813
GIN,1994,0.899451721
GIN,1995,1.725039475
GIN,1996,1.547069936
GIN,1997,3.04206464
GIN,1998,1.712557662
GIN,1999,1.511807928
GIN,2000,0.512194742
GIN,2001,2.309470745
GIN,2002,3.538704716
GIN,2003,-0.996648465
GIN,2004,0.172593566
GIN,2005,0.957366357
GIN,2006,-0.903894697
GIN,2007,4.373078215
GIN,2008,1.644173882
GIN,2009,-3.507583027
GIN,2010,2.267130393
GIN,2011,3.028260488
GIN,2012,3.34759059
GIN,2013,1.435321962
GIN,2014,1.156309675
GIN,2015,1.230534126
GIN,2016,8.012162454
GIN,2017,7.515899921
GIN,2018,3.687008739
GIN,2019,2.946402444
GIN,2020,2.066949976
GIN,2021,2.969210094
GIN,2022,1.42306328
GIN,2023,2.975025025
GIN,2024,3.166839784
GNB,1960,
GNB,1961,
GNB,1962,
GNB,1963,
GNB,1964,
GNB,1965,
GNB,1966,
GNB,1967,
GNB,1968,
GNB,1969,
GNB,1970,
GNB,1971,-4.20896064
GNB,1972,6.302508145
GNB,1973,0.054461662
GNB,1974,1.059374386
GNB,1975,1.611750837
GNB,1976,-1.591029953
GNB,1977,-13.12664119
GNB,1978,5.995061972
GNB,1979,-1.510669259
GNB,1980,-16.90896153
GNB,1981,16.32592969
GNB,1982,2.561521961
GNB,1983,-4.920311624
GNB,1984,7.38932319
GNB,1985,2.521313581
GNB,1986,-2.363198322
GNB,1987,1.264012773
GNB,1988,2.912407147
GNB,1989,4.357715656
GNB,1990,4.369567981
GNB,1991,2.88417399
GNB,1992,-1.832953711
GNB,1993,-1.21630082
GNB,1994,0.054379427
GNB,1995,1.797525072
GNB,1996,9.298192364
GNB,1997,4.488867862
GNB,1998,-23.87785234
GNB,1999,14.62072056
GNB,2000,-0.908641385
GNB,2001,2.581705484
GNB,2002,1.400140437
GNB,2003,-2.516331369
GNB,2004,-1.133850312
GNB,2005,4.089957831
GNB,2006,0.22059108
GNB,2007,0.037650317
GNB,2008,1.9208276
GNB,2009,-0.124226604
GNB,2010,2.91052834
GNB,2011,5.2802733
GNB,2012,-4.292389185
GNB,2013,0.543365079
GNB,2014,-1.653583366
GNB,2015,3.440719781
GNB,2016,2.817656989
GNB,2017,2.144543054
GNB,2018,1.32710524
GNB,2019,3.12319463
GNB,2020,-0.182995607
GNB,2021,2.907244466
GNB,2022,3.243892448
GNB,2023,2.144320264
GNB,2024,2.52743179
GUY,1960,
GUY,1961,2.277004462
GUY,1962,-1.084211361
GUY,1963,-14.16357844
GUY,1964,8.991276688
GUY,1965,8.215077889
GUY,1966,3.040177203
GUY,1967,2.161391771
GUY,1968,-1.044346661
GUY,1969,4.814421545
GUY,1970,2.403589306
GUY,1971,1.672203446
GUY,1972,-4.51746287
GUY,1973,0.063153328
GUY,1974,6.547239786
GUY,1975,7.415354597
GUY,1976,0.610970511
GUY,1977,-3.460147434
GUY,1978,-2.568020258
GUY,1979,-2.533753985
GUY,1980,1.16831243
GUY,1981,1.223488756
GUY,1982,-13.21908184
GUY,1983,-6.693760142
GUY,1984,-4.810359819
GUY,1985,2.749283486
GUY,1986,-0.464646324
GUY,1987,1.424677701
GUY,1988,-3.128495811
GUY,1989,-4.312307166
GUY,1990,-2.424925137
GUY,1991,6.346175967
GUY,1992,7.463312599
GUY,1993,7.736351006
GUY,1994,8.122171635
GUY,1995,4.676073462
GUY,1996,7.652031669
GUY,1997,5.941209052
GUY,1998,-1.851774395
GUY,1999,2.839344334
GUY,2000,-1.408812522
GUY,2001,2.327017176
GUY,2002,1.241884081
GUY,2003,-0.560476506
GUY,2004,1.654336019
GUY,2005,-1.757156772
GUY,2006,5.399440248
GUY,2007,7.489359083
GUY,2008,2.059300099
GUY,2009,3.957571743
GUY,2010,4.53289276
GUY,2011,5.633727478
GUY,2012,5.257286626
GUY,2013,3.137481334
GUY,2014,1.11916441
GUY,2015,0.083371193
GUY,2016,3.159363224
GUY,2017,3.068871824
GUY,2018,1.396045628
GUY,2019,3.251561782
GUY,2020,43.5123463
GUY,2021,18.88204386
GUY,2022,62.11107131
GUY,2023,33.03144243
GUY,2024,42.55534035
HTI,1960,
HTI,1961,-4.675856084
HTI,1962,5.931669984
HTI,1963,-3.614830725
HTI,1964,-3.383158006
HTI,1965,0.28546231
HTI,1966,-2.397114842
HTI,1967,-3.912307358
HTI,1968,1.279217459
HTI,1969,1.894997616
HTI,1970,-1.211765704
HTI,1971,4.493811285
HTI,1972,-0.923847858
HTI,1973,2.772509758
HTI,1974,3.769672061
HTI,1975,-0.806656542
HTI,1976,6.368021203
HTI,1977,1.729297196
HTI,1978,4.181950716
HTI,1979,5.509629703
HTI,1980,5.330215469
HTI,1981,-4.706675933
HTI,1982,-5.417998452
HTI,1983,-1.044481589
HTI,1984,-1.651381449
HTI,1985,-1.372930432
HTI,1986,-2.470817297
HTI,1987,-2.7792925
HTI,1988,-1.825807181
HTI,1989,-4.888272222
HTI,1990,-1.021291988
HTI,1991,-0.173086384
HTI,1992,-7.18236675
HTI,1993,-7.26639618
HTI,1994,-13.63085775
HTI,1995,7.822924051
HTI,1996,2.181455002
HTI,1997,0.785892869
HTI,1998,0.293961772
HTI,1999,0.830848511
HTI,2000,-0.974737114
HTI,2001,-2.143183913
HTI,2002,-0.729374656
HTI,2003,1.682003464
HTI,2004,-2.98301063
HTI,2005,1.35443141
HTI,2006,0.054058344
HTI,2007,2.955697227
HTI,2008,0.961802641
HTI,2009,4.154892821
HTI,2010,-6.745903855
HTI,2011,3.915144942
HTI,2012,-1.043242222
HTI,2013,2.767509668
HTI,2014,1.392311879
HTI,2015,-0.045439505
HTI,2016,0.398402974
HTI,2017,1.123944279
HTI,2018,0.32667856
HTI,2019,-2.986837119
HTI,2020,-4.498164422
HTI,2021,-2.926958043
HTI,2022,-2.784680848
HTI,2023,-2.992128438
HTI,2024,-5.269848333
HPC,1960,
HPC,1961,-2.502852751
HPC,1962,4.628926389
HPC,1963,0.836427504
HPC,1964,0.835290889
HPC,1965,1.317210143
HPC,1966,1.21506667
HPC,1967,-0.2550137
HPC,1968,1.756133515
HPC,1969,1.774453082
HPC,1970,-2.58350015
HPC,1971,1.736113036
HPC,1972,-0.547627345
HPC,1973,0.421289035
HPC,1974,2.315979413
HPC,1975,-0.695783182
HPC,1976,1.069258486
HPC,1977,0.870102749
HPC,1978,-0.321070719
HPC,1979,-2.257212608
HPC,1980,-1.760718124
HPC,1981,0.622189338
HPC,1982,-1.905491686
HPC,1983,-2.357222033
HPC,1984,-1.494512751
HPC,1985,-1.172845104
HPC,1986,0.351509751
HPC,1987,0.494933246
HPC,1988,-1.473850116
HPC,1989,-1.280907412
HPC,1990,-3.682946583
HPC,1991,-2.129457815
HPC,1992,-4.068994843
HPC,1993,-2.741864255
HPC,1994,-3.067558753
HPC,1995,1.924148231
HPC,1996,2.129546304
HPC,1997,2.628823767
HPC,1998,0.63094627
HPC,1999,0.205850594
HPC,2000,0.116639998
HPC,2001,0.871220904
HPC,2002,0.956991914
HPC,2003,0.979117351
HPC,2004,2.849473038
HPC,2005,2.702762351
HPC,2006,2.852108489
HPC,2007,2.569246099
HPC,2008,2.743496077
HPC,2009,0.707448318
HPC,2010,3.280369454
HPC,2011,1.712655767
HPC,2012,1.13173489
HPC,2013,2.767269382
HPC,2014,2.632959763
HPC,2015,1.978431934
HPC,2016,1.488715498
HPC,2017,1.99548037
HPC,2018,1.293254444
HPC,2019,1.601344399
HPC,2020,-2.491232895
HPC,2021,1.466656335
HPC,2022,2.293501392
HPC,2023,0.841678816
HPC,2024,2.548577508
HIC,1960,
HIC,1961,3.299464072
HIC,1962,4.328765117
HIC,1963,3.774755323
HIC,1964,5.084061785
HIC,1965,4.353668629
HIC,1966,4.497311124
HIC,1967,2.925934856
HIC,1968,4.952675132
HIC,1969,4.631161478
HIC,1970,2.07128483
HIC,1971,2.804817174
HIC,1972,4.505305909
HIC,1973,5.354112713
HIC,1974,0.275379478
HIC,1975,-0.998637943
HIC,1976,4.122635588
HIC,1977,3.067121313
HIC,1978,3.435398131
HIC,1979,3.257191945
HIC,1980,0.496636403
HIC,1981,1.153279044
HIC,1982,-0.904050268
HIC,1983,2.16345937
HIC,1984,3.997080229
HIC,1985,2.864569857
HIC,1986,2.448980622
HIC,1987,2.853317302
HIC,1988,3.945504765
HIC,1989,3.15444982
HIC,1990,1.987484151
HIC,1991,0.133642632
HIC,1992,0.786668914
HIC,1993,0.418908819
HIC,1994,2.269402302
HIC,1995,2.123767806
HIC,1996,2.310116375
HIC,1997,2.924354925
HIC,1998,2.162262783
HIC,1999,3.039905063
HIC,2000,3.73556178
HIC,2001,1.080800592
HIC,2002,1.120645706
HIC,2003,1.761184806
HIC,2004,2.960934354
HIC,2005,2.440611349
HIC,2006,2.631811008
HIC,2007,2.179462822
HIC,2008,-0.021421945
HIC,2009,-3.944994367
HIC,2010,2.578668517
HIC,2011,1.596371036
HIC,2012,0.863881211
HIC,2013,1.031091919
HIC,2014,1.599618563
HIC,2015,1.705476853
HIC,2016,1.213541581
HIC,2017,2.024053745
HIC,2018,2.015011487
HIC,2019,1.570780075
HIC,2020,-4.130503376
HIC,2021,5.968885662
HIC,2022,2.510510335
HIC,2023,1.081617835
HIC,2024,1.272342471
HND,1960,
HND,1961,-0.986082277
HND,1962,2.816798015
HND,1963,0.682149339
HND,1964,2.451239786
HND,1965,5.950099678
HND,1966,2.376648368
HND,1967,2.952321629
HND,1968,3.539297838
HND,1969,-2.255789434
HND,1970,0.596860465
HND,1971,0.916884808
HND,1972,2.597178438
HND,1973,4.667741678
HND,1974,-4.043663194
HND,1975,-0.856509722
HND,1976,7.105532138
HND,1977,6.999673724
HND,1978,2.737525853
HND,1979,2.410411134
HND,1980,-2.42879697
HND,1981,-4.168704164
HND,1982,-4.967602367
HND,1983,-2.049741934
HND,1984,3.246833354
HND,1985,2.609125633
HND,1986,2.35812522
HND,1987,3.655801683
HND,1988,-1.080205887
HND,1989,-0.118605442
HND,1990,-0.069833287
HND,1991,-6.023307693
HND,1992,3.102841212
HND,1993,3.514485566
HND,1994,-2.58997451
HND,1995,3.221828826
HND,1996,-0.96445927
HND,1997,1.712418621
HND,1998,0.882235237
HND,1999,-3.310630174
HND,2000,4.399151519
HND,2001,-0.016196053
HND,2002,1.049911662
HND,2003,1.898504218
HND,2004,3.615702692
HND,2005,3.507079755
HND,2006,4.083213351
HND,2007,3.776278786
HND,2008,1.918834963
HND,2009,-4.543991317
HND,2010,1.549121631
HND,2011,1.711641948
HND,2012,2.04382617
HND,2013,0.777167217
HND,2014,1.081275113
HND,2015,1.88202222
HND,2016,1.960510683
HND,2017,2.921072783
HND,2018,1.961968725
HND,2019,0.719361516
HND,2020,-10.54841749
HND,2021,10.70299037
HND,2022,2.411845511
HND,2023,1.814897327
HND,2024,1.824018399
HKG,1960,
HKG,1961,
HKG,1962,9.55045007
HKG,1963,11.84854608
HKG,1964,6.033750341
HKG,1965,11.66913592
HKG,1966,0.897185089
HKG,1967,-0.931899495
HKG,1968,1.225090991
HKG,1969,9.579739859
HKG,1970,6.583426327
HKG,1971,5.003909471
HKG,1972,8.511613216
HKG,1973,9.156154441
HKG,1974,-0.77105607
HKG,1975,-1.395449957
HKG,1976,14.71390038
HKG,1977,10.12415425
HKG,1978,6.317039412
HKG,1979,5.623188741
HKG,1980,7.207167423
HKG,1981,6.724975243
HKG,1982,1.363809385
HKG,1983,4.378943478
HKG,1984,8.89804845
HKG,1985,-0.319516943
HKG,1986,9.681132193
HKG,1987,12.26255587
HKG,1988,7.603325199
HKG,1989,1.222905591
HKG,1990,3.497486734
HKG,1991,4.829111258
HKG,1992,5.346685961
HKG,1993,4.392415706
HKG,1994,3.674713212
HKG,1995,0.36650786
HKG,1996,-0.267954071
HKG,1997,4.228393153
HKG,1998,-6.665090553
HKG,1999,1.532287453
HKG,2000,6.718425613
HKG,2001,-0.17749038
HKG,2002,1.207517958
HKG,2003,3.259931992
HKG,2004,7.855573003
HKG,2005,6.92005138
HKG,2006,6.347388725
HKG,2007,5.55357919
HKG,2008,1.518775988
HKG,2009,-2.668972458
HKG,2010,5.986387092
HKG,2011,4.11212205
HKG,2012,0.58373976
HKG,2013,2.687898765
HKG,2014,2.043185682
HKG,2015,1.519959412
HKG,2016,1.544552418
HKG,2017,3.001483377
HKG,2018,2.027206171
HKG,2019,-2.396634506
HKG,2020,-6.208739179
HKG,2021,7.429489879
HKG,2022,-2.805300449
HKG,2023,0.612247418
HKG,2024,2.704737945
HUN,1960,
HUN,1961,4.235947777
HUN,1962,5.753389389
HUN,1963,5.41581974
HUN,1964,4.370086162
HUN,1965,42.01607467
HUN,1966,7.075879195
HUN,1967,7.100676262
HUN,1968,4.498936418
HUN,1969,6.454618063
HUN,1970,4.303122981
HUN,1971,5.89651544
HUN,1972,5.784184193
HUN,1973,6.556040406
HUN,1974,5.428394355
HUN,1975,5.577289936
HUN,1976,3.031575545
HUN,1977,7.101270197
HUN,1978,4.040519945
HUN,1979,2.514540096
HUN,1980,0.134797307
HUN,1981,2.859773123
HUN,1982,2.901733414
HUN,1983,0.874406548
HUN,1984,2.863669883
HUN,1985,-0.071515494
HUN,1986,1.708294076
HUN,1987,4.225972869
HUN,1988,0.088027208
HUN,1989,1.839423099
HUN,1990,-2.494499228
HUN,1991,-11.8870466
HUN,1992,-3.026235553
HUN,1993,-0.462665222
HUN,1994,3.088168306
HUN,1995,1.630917597
HUN,1996,0.273327489
HUN,1997,3.185546317
HUN,1998,4.090022567
HUN,1999,3.378474268
HUN,2000,4.680946506
HUN,2001,4.300996768
HUN,2002,5.028710608
HUN,2003,4.236919635
HUN,2004,5.19581259
HUN,2005,4.507920786
HUN,2006,4.095899965
HUN,2007,0.487904818
HUN,2008,1.170428844
HUN,2009,-6.595586428
HUN,2010,1.296636608
HUN,2011,2.205910345
HUN,2012,-0.828646516
HUN,2013,2.524393053
HUN,2014,4.755551698
HUN,2015,4.033108739
HUN,2016,2.837490398
HUN,2017,4.477435682
HUN,2018,5.821463618
HUN,2019,5.208764134
HUN,2020,-4.09730738
HUN,2021,7.662531754
HUN,2022,4.551055711
HUN,2023,-0.709301494
HUN,2024,0.826299203
IBD,1960,
IBD,1961,-0.017942839
IBD,1962,1.269470497
IBD,1963,2.296761098
IBD,1964,5.745538544
IBD,1965,3.83492273
IBD,1966,3.189052936
IBD,1967,1.764618348
IBD,1968,3.93720885
IBD,1969,5.448437974
IBD,1970,5.243490341
IBD,1971,3.692398529
IBD,1972,4.33492341
IBD,1973,4.76207283
IBD,1974,3.562930236
IBD,1975,2.604823466
IBD,1976,4.240207302
IBD,1977,2.725968677
IBD,1978,2.197617706
IBD,1979,2.916916913
IBD,1980,3.156997377
IBD,1981,0.303788209
IBD,1982,0.921581592
IBD,1983,-0.200264006
IBD,1984,2.996516194
IBD,1985,2.540739331
IBD,1986,1.930419541
IBD,1987,2.919508824
IBD,1988,2.12899877
IBD,1989,1.341705079
IBD,1990,0.195113764
IBD,1991,-0.498054464
IBD,1992,0.020620774
IBD,1993,2.192367672
IBD,1994,2.154911705
IBD,1995,2.585706026
IBD,1996,4.034422076
IBD,1997,3.957388045
IBD,1998,1.340990841
IBD,1999,2.448969561
IBD,2000,4.635871921
IBD,2001,2.41279941
IBD,2002,3.439710481
IBD,2003,4.820339265
IBD,2004,6.469608856
IBD,2005,6.071837446
IBD,2006,7.175404632
IBD,2007,7.864385457
IBD,2008,4.864894886
IBD,2009,1.773915736
IBD,2010,6.725779643
IBD,2011,5.266555287
IBD,2012,4.320349043
IBD,2013,4.09221777
IBD,2014,3.741103324
IBD,2015,3.354792752
IBD,2016,3.553463386
IBD,2017,4.25277704
IBD,2018,4.059238312
IBD,2019,3.220403187
IBD,2020,-1.922026549
IBD,2021,7.033458976
IBD,2022,3.251772111
IBD,2023,4.311844643
IBD,2024,3.74477157
ISL,1960,
ISL,1961,-2.002607273
ISL,1962,6.325793668
ISL,1963,8.335609137
ISL,1964,7.945725399
ISL,1965,5.453292484
ISL,1966,6.924524232
ISL,1967,-2.840624577
ISL,1968,-6.781987034
ISL,1969,1.442588685
ISL,1970,6.896247757
ISL,1971,12.15019817
ISL,1972,4.63445618
ISL,1973,5.206311621
ISL,1974,4.285800476
ISL,1975,-0.632820601
ISL,1976,4.9125474
ISL,1977,8.01518329
ISL,1978,5.192434689
ISL,1979,3.839546381
ISL,1980,4.634067438
ISL,1981,3.082534258
ISL,1982,0.798242276
ISL,1983,-3.438184622
ISL,1984,3.02744365
ISL,1985,2.482432906
ISL,1986,5.494860523
ISL,1987,7.363170084
ISL,1988,-1.642347832
ISL,1989,-0.975500396
ISL,1990,0.385665597
ISL,1991,-1.373406668
ISL,1992,-4.580531413
ISL,1993,0.288501966
ISL,1994,2.714620503
ISL,1995,-0.425046314
ISL,1996,4.004073394
ISL,1997,4.908673873
ISL,1998,6.219816179
ISL,1999,2.784474947
ISL,2000,3.557391035
ISL,2001,2.640000199
ISL,2002,-0.33407749
ISL,2003,1.437796185
ISL,2004,6.860105632
ISL,2005,4.457828939
ISL,2006,3.850348629
ISL,2007,5.745281295
ISL,2008,0.326400094
ISL,2009,-7.978362365
ISL,2010,-2.692847715
ISL,2011,1.535147192
ISL,2012,0.527304422
ISL,2013,3.568175752
ISL,2014,0.562209406
ISL,2015,3.354145353
ISL,2016,4.838299232
ISL,2017,1.779410096
ISL,2018,2.117373247
ISL,2019,-0.35423339
ISL,2020,-8.438697985
ISL,2021,3.325612346
ISL,2022,6.273631939
ISL,2023,2.599130427
ISL,2024,-2.280695998
IBT,1960,
IBT,1961,-0.241059785
IBT,1962,1.574367017
IBT,1963,2.279625468
IBT,1964,5.172395523
IBT,1965,3.509861602
IBT,1966,2.554866953
IBT,1967,0.785212239
IBT,1968,3.546182202
IBT,1969,5.518556447
IBT,1970,5.252639716
IBT,1971,3.691358579
IBT,1972,3.610676535
IBT,1973,4.27875917
IBT,1974,3.651143745
IBT,1975,1.815465575
IBT,1976,4.012297348
IBT,1977,2.510303265
IBT,1978,1.682432973
IBT,1979,2.570815737
IBT,1980,2.788076016
IBT,1981,-0.168771935
IBT,1982,0.411830404
IBT,1983,-0.661190453
IBT,1984,2.459736505
IBT,1985,2.333164785
IBT,1986,1.667360174
IBT,1987,2.619419027
IBT,1988,2.036068458
IBT,1989,1.068675305
IBT,1990,0.186687354
IBT,1991,-0.619558677
IBT,1992,-0.157434362
IBT,1993,1.680723702
IBT,1994,1.661209232
IBT,1995,2.282109915
IBT,1996,3.707113599
IBT,1997,3.552353289
IBT,1998,1.14497172
IBT,1999,2.11180044
IBT,2000,4.190094022
IBT,2001,2.16394818
IBT,2002,3.208948936
IBT,2003,4.421516488
IBT,2004,6.081635659
IBT,2005,5.672872501
IBT,2006,6.656004895
IBT,2007,7.261352246
IBT,2008,4.452767512
IBT,2009,1.625369759
IBT,2010,6.252405386
IBT,2011,4.767782602
IBT,2012,3.86452254
IBT,2013,3.837213706
IBT,2014,3.515146335
IBT,2015,2.993615188
IBT,2016,3.145160863
IBT,2017,3.829355913
IBT,2018,3.65724589
IBT,2019,2.834086589
IBT,2020,-2.290593033
IBT,2021,6.328687052
IBT,2022,2.834651946
IBT,2023,3.71193053
IBT,2024,3.288872189
IDB,1960,
IDB,1961,-0.744879323
IDB,1962,1.519906123
IDB,1963,5.449382814
IDB,1964,3.111535681
IDB,1965,2.456819687
IDB,1966,-2.051329355
IDB,1967,-9.296824374
IDB,1968,0.357116166
IDB,1969,11.995293
IDB,1970,14.00183122
IDB,1971,7.483302146
IDB,1972,1.22485585
IDB,1973,2.706351851
IDB,1974,5.110555845
IDB,1975,-4.151033103
IDB,1976,3.69194671
IDB,1977,2.293815884
IDB,1978,-2.554037106
IDB,1979,2.289557317
IDB,1980,0.470806969
IDB,1981,-6.871455776
IDB,1982,-4.182071496
IDB,1983,-5.884467418
IDB,1984,-1.604573025
IDB,1985,2.778787473
IDB,1986,-0.188071536
IDB,1987,0.362626532
IDB,1988,2.891884599
IDB,1989,0.076556025
IDB,1990,2.804842019
IDB,1991,-1.079031646
IDB,1992,0.032419318
IDB,1993,-2.899913502
IDB,1994,-1.761067455
IDB,1995,-0.43484682
IDB,1996,1.957150474
IDB,1997,-0.243554603
IDB,1998,0.108644929
IDB,1999,-0.562123187
IDB,2000,0.867876443
IDB,2001,1.263101613
IDB,2002,3.763615392
IDB,2003,1.973566861
IDB,2004,4.713275592
IDB,2005,3.364132765
IDB,2006,3.125185905
IDB,2007,2.71520664
IDB,2008,1.478215352
IDB,2009,3.183370507
IDB,2010,3.27296438
IDB,2011,1.685381303
IDB,2012,2.153063999
IDB,2013,3.447670717
IDB,2014,3.570192601
IDB,2015,1.756165805
IDB,2016,0.289531182
IDB,2017,0.757644992
IDB,2018,1.807101863
IDB,2019,0.996577942
IDB,2020,-3.373306644
IDB,2021,3.163884764
IDB,2022,2.332265108
IDB,2023,0.80406892
IDB,2024,1.943372846
IDX,1960,
IDX,1961,
IDX,1962,4.751369018
IDX,1963,-0.517117964
IDX,1964,1.402689241
IDX,1965,1.199339012
IDX,1966,0.164244755
IDX,1967,-0.737844949
IDX,1968,2.009771916
IDX,1969,1.341133919
IDX,1970,-2.202708164
IDX,1971,-0.193876628
IDX,1972,-2.911463533
IDX,1973,-0.189087758
IDX,1974,3.540864352
IDX,1975,-1.831253615
IDX,1976,1.464536516
IDX,1977,-0.025328944
IDX,1978,-0.314677222
IDX,1979,-1.628026074
IDX,1980,0.30766852
IDX,1981,0.964733539
IDX,1982,-1.618359251
IDX,1983,-1.129218209
IDX,1984,-0.640856203
IDX,1985,-0.366917764
IDX,1986,0.471074286
IDX,1987,1.24236403
IDX,1988,0.612346138
IDX,1989,-1.243035687
IDX,1990,-1.187442953
IDX,1991,-0.487239323
IDX,1992,-1.38572321
IDX,1993,-0.469416845
IDX,1994,-1.615290009
IDX,1995,2.326894393
IDX,1996,2.243118898
IDX,1997,2.615935571
IDX,1998,1.637592725
IDX,1999,1.373741841
IDX,2000,1.93950142
IDX,2001,1.719361268
IDX,2002,2.031421529
IDX,2003,2.906857565
IDX,2004,3.627350736
IDX,2005,4.06286822
IDX,2006,3.976668452
IDX,2007,4.002056181
IDX,2008,3.573527495
IDX,2009,1.943528563
IDX,2010,4.098490632
IDX,2011,1.937086924
IDX,2012,0.103975433
IDX,2013,2.692969721
IDX,2014,2.906806381
IDX,2015,0.862138895
IDX,2016,2.000432705
IDX,2017,2.867475612
IDX,2018,2.490432167
IDX,2019,2.563020695
IDX,2020,-2.599152683
IDX,2021,1.359642716
IDX,2022,2.120082019
IDX,2023,0.989229064
IDX,2024,2.257236882
IDA,1960,
IDA,1961,-1.287175509
IDA,1962,3.276844921
IDA,1963,2.209030003
IDA,1964,2.2236846
IDA,1965,1.814264685
IDA,1966,-0.870361198
IDA,1967,-4.752131526
IDA,1968,1.284423928
IDA,1969,6.060860714
IDA,1970,5.396102961
IDA,1971,3.730481909
IDA,1972,-0.682823625
IDA,1973,1.402263637
IDA,1974,4.451039744
IDA,1975,-2.997790667
IDA,1976,2.776031431
IDA,1977,1.371212003
IDA,1978,-1.419898257
IDA,1979,0.634906695
IDA,1980,0.677770592
IDA,1981,-3.103371972
IDA,1982,-2.836627792
IDA,1983,-3.566167964
IDA,1984,-1.074933336
IDA,1985,1.345241014
IDA,1986,0.235034076
IDA,1987,0.891611221
IDA,1988,1.947942717
IDA,1989,-0.418019697
IDA,1990,1.121779033
IDA,1991,-0.690359016
IDA,1992,-0.575097344
IDA,1993,-1.784175684
IDA,1994,-1.680736148
IDA,1995,0.870763187
IDA,1996,2.122774877
IDA,1997,1.135537366
IDA,1998,0.87295008
IDA,1999,0.396375151
IDA,2000,1.429868883
IDA,2001,1.538881001
IDA,2002,2.931529569
IDA,2003,2.44028375
IDA,2004,4.218240526
IDA,2005,3.73382642
IDA,2006,3.562843548
IDA,2007,3.390237087
IDA,2008,2.563611223
IDA,2009,2.612793827
IDA,2010,3.734402465
IDA,2011,1.841577836
IDA,2012,1.137973896
IDA,2013,3.086229002
IDA,2014,3.239418543
IDA,2015,1.299992399
IDA,2016,1.08962209
IDA,2017,1.76170769
IDA,2018,2.109247451
IDA,2019,1.736877841
IDA,2020,-3.022595681
IDA,2021,2.207444996
IDA,2022,2.191002123
IDA,2023,0.851336436
IDA,2024,2.052492906
IND,1960,
IND,1961,1.266648794
IND,1962,0.518501926
IND,1963,3.536491053
IND,1964,4.96611887
IND,1965,-4.803103499
IND,1966,-2.171043686
IND,1967,5.535822687
IND,1968,1.190385212
IND,1969,4.311912695
IND,1970,2.848642618
IND,1971,-0.584836098
IND,1972,-2.712391582
IND,1973,0.996957418
IND,1974,-1.115460977
IND,1975,6.602321028
IND,1976,-0.700735578
IND,1977,4.754296788
IND,1978,3.306071277
IND,1979,-7.416424712
IND,1980,4.22047071
IND,1981,3.544378327
IND,1982,1.088606803
IND,1983,4.806751121
IND,1984,1.413519168
IND,1985,2.833253528
IND,1986,2.385743231
IND,1987,1.620950763
IND,1988,7.188122379
IND,1989,3.606024081
IND,1990,3.223516343
IND,1991,-1.110281053
IND,1992,3.25939544
IND,1993,2.574089517
IND,1994,4.500575215
IND,1995,5.430702803
IND,1996,5.422261411
IND,1997,2.02374489
IND,1998,4.148494857
IND,1999,6.795041925
IND,2000,1.907630058
IND,2001,2.881346583
IND,2002,1.940705485
IND,2003,6.005799643
IND,2004,6.099965225
IND,2005,6.177028925
IND,2006,6.383677209
IND,2007,6.051600137
IND,2008,1.614134517
IND,2009,6.313409858
IND,2010,6.930797804
IND,2011,3.760741531
IND,2012,4.017267358
IND,2013,4.977699973
IND,2014,6.063980742
IND,2015,6.715667346
IND,2016,6.973946909
IND,2017,5.561185035
IND,2018,5.292119719
IND,2019,2.7967576
IND,2020,-6.690471028
IND,2021,8.790934477
IND,2022,6.762386017
IND,2023,8.230531433
IND,2024,5.539973172
IDN,1960,
IDN,1961,2.834618625
IDN,1962,-0.976961857
IDN,1963,-4.960280197
IDN,1964,0.615174818
IDN,1965,-1.442710705
IDN,1966,0.387144885
IDN,1967,-1.221181789
IDN,1968,7.95242809
IDN,1969,3.909940594
IDN,1970,4.634754012
IDN,1971,4.163441956
IDN,1972,4.225630675
IDN,1973,5.300888799
IDN,1974,4.899720823
IDN,1975,2.358675369
IDN,1976,4.253569422
IDN,1977,6.123512025
IDN,1978,4.19507348
IDN,1979,4.754994242
IDN,1980,7.286558574
IDN,1981,5.425481849
IDN,1982,-0.090754299
IDN,1983,1.844009612
IDN,1984,4.616680911
IDN,1985,0.296454822
IDN,1986,3.76041936
IDN,1987,2.908522581
IDN,1988,3.780439443
IDN,1989,5.460986481
IDN,1990,5.313848999
IDN,1991,5.036145805
IDN,1992,4.667568634
IDN,1993,4.699612179
IDN,1994,5.742097171
IDN,1995,6.435418904
IDN,1996,6.058596364
IDN,1997,3.010907697
IDN,1998,-14.48915056
IDN,1999,-0.712606708
IDN,2000,3.427863627
IDN,2001,2.214813439
IDN,2002,3.092309299
IDN,2003,3.402445952
IDN,2004,3.704367451
IDN,2005,4.344355842
IDN,2006,4.112018902
IDN,2007,4.949583923
IDN,2008,4.647217583
IDN,2009,3.311600213
IDN,2010,4.893262469
IDN,2011,4.822942765
IDN,2012,4.675403742
IDN,2013,4.256039232
IDN,2014,3.779685952
IDN,2015,3.705834289
IDN,2016,3.910542755
IDN,2017,4.001098652
IDN,2018,4.159300139
IDN,2019,4.041304182
IDN,2020,-2.89423404
IDN,2021,2.974761922
IDN,2022,4.524475766
IDN,2023,4.16753001
IDN,2024,4.179001756
IRN,1960,
IRN,1961,7.1214986
IRN,1962,4.681718277
IRN,1963,3.805654062
IRN,1964,5.149580087
IRN,1965,13.41708119
IRN,1966,8.08216098
IRN,1967,7.913927843
IRN,1968,11.03111075
IRN,1969,12.10065097
IRN,1970,7.610183118
IRN,1971,10.35452967
IRN,1972,11.1956008
IRN,1973,4.341720243
IRN,1974,2.71498848
IRN,1975,-3.29408123
IRN,1976,14.74935314
IRN,1977,-5.738842817
IRN,1978,-15.64240312
IRN,1979,-14.99366548
IRN,1980,-24.38870508
IRN,1981,-10.51867777
IRN,1982,16.82009818
IRN,1983,6.845458931
IRN,1984,-10.56806962
IRN,1985,-1.806424122
IRN,1986,-13.0531631
IRN,1987,-3.68691263
IRN,1988,-9.064989706
IRN,1989,3.077160654
IRN,1990,10.33539541
IRN,1991,9.696879075
IRN,1992,1.275322963
IRN,1993,-1.821715932
IRN,1994,-1.885324404
IRN,1995,1.273467963
IRN,1996,5.207665424
IRN,1997,0.142695058
IRN,1998,0.687371259
IRN,1999,0.56016899
IRN,2000,4.294516564
IRN,2001,0.823553038
IRN,2002,7.190009759
IRN,2003,7.441801271
IRN,2004,2.128378856
IRN,2005,0.931246308
IRN,2006,2.761831077
IRN,2007,6.401710063
IRN,2008,-0.959303457
IRN,2009,-0.239219317
IRN,2010,4.481946239
IRN,2011,1.384959505
IRN,2012,-4.94408604
IRN,2013,-2.80061993
IRN,2014,3.584121378
IRN,2015,-2.757982281
IRN,2016,7.266364932
IRN,2017,1.290698109
IRN,2018,-3.081867017
IRN,2019,-4.110179395
IRN,2020,2.538974658
IRN,2021,3.85313179
IRN,2022,2.53772563
IRN,2023,3.787648033
IRN,2024,1.960815034
IRQ,1960,
IRQ,1961,4.752459853
IRQ,1962,1.508902564
IRQ,1963,-0.946584362
IRQ,1964,11.03778491
IRQ,1965,7.08296837
IRQ,1966,1.462540562
IRQ,1967,-11.90671605
IRQ,1968,15.48477978
IRQ,1969,-0.251028898
IRQ,1970,0.976487995
IRQ,1971,1.796496913
IRQ,1972,0.230885931
IRQ,1973,0.881619184
IRQ,1974,12.24673442
IRQ,1975,8.827801859
IRQ,1976,13.40263873
IRQ,1977,-1.433572418
IRQ,1978,13.18079171
IRQ,1979,17.04220218
IRQ,1980,20.88383496
IRQ,1981,-3.665740528
IRQ,1982,0.56416478
IRQ,1983,-15.61817759
IRQ,1984,-4.510535916
IRQ,1985,-0.957028055
IRQ,1986,2.103916659
IRQ,1987,6.348509852
IRQ,1988,-2.311900681
IRQ,1989,-5.661136786
IRQ,1990,55.87294231
IRQ,1991,-64.42358205
IRQ,1992,28.72626166
IRQ,1993,24.1804989
IRQ,1994,-0.985588929
IRQ,1995,-1.244053125
IRQ,1996,7.53308315
IRQ,1997,17.54626971
IRQ,1998,30.8254376
IRQ,1999,13.83870115
IRQ,2000,13.03016114
IRQ,2001,-1.358475511
IRQ,2002,-11.05826962
IRQ,2003,-38.53821829
IRQ,2004,49.07385258
IRQ,2005,-1.293947596
IRQ,2006,4.866525151
IRQ,2007,2.69566337
IRQ,2008,6.06351403
IRQ,2009,-0.359808708
IRQ,2010,3.019246513
IRQ,2011,3.814419425
IRQ,2012,8.880553944
IRQ,2013,2.664647321
IRQ,2014,-1.284254526
IRQ,2015,-0.153622232
IRQ,2016,11.09841556
IRQ,2017,-3.985466873
IRQ,2018,0.267762551
IRQ,2019,3.140439433
IRQ,2020,-13.96753227
IRQ,2021,-0.747456309
IRQ,2022,5.510978021
IRQ,2023,-1.720152371
IRQ,2024,-3.615119008
IRL,1960,
IRL,1961,5.172332516
IRL,1962,2.792449231
IRL,1963,4.135109417
IRL,1964,3.282699837
IRL,1965,1.552612206
IRL,1966,0.491448025
IRL,1967,5.2882022
IRL,1968,7.757572724
IRL,1969,5.246573119
IRL,1970,1.806543662
IRL,1971,2.266446914
IRL,1972,4.91885682
IRL,1973,3.055225931
IRL,1974,2.547203718
IRL,1975,3.932443529
IRL,1976,-0.123898817
IRL,1977,6.7557133
IRL,1978,5.676694378
IRL,1979,1.708911665
IRL,1980,1.899873991
IRL,1981,2.122297604
IRL,1982,1.321022582
IRL,1983,-0.949007615
IRL,1984,3.709679446
IRL,1985,2.920735298
IRL,1986,-0.473563551
IRL,1987,4.652239583
IRL,1988,5.66837853
IRL,1989,6.234040663
IRL,1990,8.375006025
IRL,1991,1.345298628
IRL,1992,2.640608576
IRL,1993,2.180590624
IRL,1994,5.339770058
IRL,1995,9.073771307
IRL,1996,6.533311482
IRL,1997,9.91398289
IRL,1998,7.637508368
IRL,1999,9.290878509
IRL,2000,7.95480645
IRL,2001,3.642470237
IRL,2002,4.129756641
IRL,2003,1.349386379
IRL,2004,4.853456567
IRL,2005,3.460941566
IRL,2006,2.195190657
IRL,2007,2.309229598
IRL,2008,-6.411644913
IRL,2009,-6.054810584
IRL,2010,1.130424374
IRL,2011,1.206476785
IRL,2012,-0.820120764
IRL,2013,1.655491211
IRL,2014,8.53969999
IRL,2015,23.44369048
IRL,2016,-0.068806532
IRL,2017,8.574160175
IRL,2018,5.994704954
IRL,2019,3.385004229
IRL,2020,5.812170419
IRL,2021,14.64419034
IRL,2022,6.488906436
IRL,2023,-7.216712186
IRL,2024,-0.145596405
IMN,1960,
IMN,1961,
IMN,1962,
IMN,1963,
IMN,1964,
IMN,1965,
IMN,1966,
IMN,1967,
IMN,1968,
IMN,1969,
IMN,1970,
IMN,1971,
IMN,1972,
IMN,1973,
IMN,1974,
IMN,1975,
IMN,1976,
IMN,1977,
IMN,1978,
IMN,1979,
IMN,1980,
IMN,1981,
IMN,1982,
IMN,1983,
IMN,1984,
IMN,1985,0.616951121
IMN,1986,18.56427501
IMN,1987,8.385202881
IMN,1988,10.01305191
IMN,1989,5.095719276
IMN,1990,2.484693886
IMN,1991,0.306693885
IMN,1992,0.019140247
IMN,1993,1.99256059
IMN,1994,3.421314147
IMN,1995,3.796823967
IMN,1996,6.901752244
IMN,1997,7.316021228
IMN,1998,12.03709582
IMN,1999,12.28767856
IMN,2000,4.090552533
IMN,2001,4.274001343
IMN,2002,5.10192251
IMN,2003,4.948813898
IMN,2004,4.207978504
IMN,2005,4.935770759
IMN,2006,6.656451262
IMN,2007,6.369983098
IMN,2008,3.772085253
IMN,2009,0.979767327
IMN,2010,2.248548034
IMN,2011,1.384725986
IMN,2012,7.363691677
IMN,2013,4.381976646
IMN,2014,5.467210883
IMN,2015,-0.02956162
IMN,2016,7.115039082
IMN,2017,2.661870315
IMN,2018,1.974344667
IMN,2019,0.073371345
IMN,2020,-8.952853097
IMN,2021,3.785982839
IMN,2022,-4.195010004
IMN,2023,
IMN,2024,
ISR,1960,
ISR,1961,7.591418236
ISR,1962,4.967778509
ISR,1963,6.694112309
ISR,1964,3.750531919
ISR,1965,5.255528703
ISR,1966,-2.588107768
ISR,1967,-1.357404527
ISR,1968,13.83665997
ISR,1969,10.64465177
ISR,1970,3.807398897
ISR,1971,7.516613003
ISR,1972,9.332203079
ISR,1973,1.400041622
ISR,1974,3.354710429
ISR,1975,0.912011697
ISR,1976,-1.892372082
ISR,1977,-1.201851038
ISR,1978,3.352446932
ISR,1979,3.514749157
ISR,1980,-0.741543967
ISR,1981,3.262951396
ISR,1982,0.183173165
ISR,1983,1.495867771
ISR,1984,-0.377291912
ISR,1985,2.218198665
ISR,1986,2.590574891
ISR,1987,5.42312178
ISR,1988,1.218789128
ISR,1989,-1.117081585
ISR,1990,4.045079391
ISR,1991,1.43538016
ISR,1992,4.099279431
ISR,1993,1.38569527
ISR,1994,4.681958517
ISR,1995,3.796066773
ISR,1996,3.10605874
ISR,1997,1.055770055
ISR,1998,1.758067608
ISR,1999,0.700091057
ISR,2000,5.750564115
ISR,2001,-2.05810142
ISR,2002,-2.125311065
ISR,2003,-0.366188461
ISR,2004,2.814369148
ISR,2005,2.563664943
ISR,2006,3.751199391
ISR,2007,4.451610758
ISR,2008,1.404467421
ISR,2009,-1.153370111
ISR,2010,3.623991033
ISR,2011,3.586635609
ISR,2012,0.573190077
ISR,2013,2.161424719
ISR,2014,1.802803078
ISR,2015,0.231915658
ISR,2016,2.431947714
ISR,2017,2.343414522
ISR,2018,2.01931484
ISR,2019,1.749458447
ISR,2020,-3.734490844
ISR,2021,7.563950483
ISR,2022,4.194145643
ISR,2023,-1.187230213
ISR,2024,-0.396212603
ITA,1960,
ITA,1961,7.486418839
ITA,1962,5.48747777
ITA,1963,4.842052489
ITA,1964,1.95553271
ITA,1965,2.402046147
ITA,1966,5.164163281
ITA,1967,6.405677604
ITA,1968,5.873594596
ITA,1969,5.499179506
ITA,1970,4.755009601
ITA,1971,1.344280407
ITA,1972,3.103489737
ITA,1973,6.401805971
ITA,1974,4.812013816
ITA,1975,-2.673183899
ITA,1976,6.59231969
ITA,1977,2.125827487
ITA,1978,2.872936378
ITA,1979,5.653224091
ITA,1980,3.217170076
ITA,1981,0.723232421
ITA,1982,0.33922499
ITA,1983,1.132491095
ITA,1984,3.202783048
ITA,1985,2.768381463
ITA,1986,2.854366892
ITA,1987,3.181430296
ITA,1988,4.144042067
ITA,1989,3.310861985
ITA,1990,1.900439802
ITA,1991,1.468175645
ITA,1992,0.765807563
ITA,1993,-0.91340169
ITA,1994,2.130215508
ITA,1995,2.885202311
ITA,1996,1.317106197
ITA,1997,1.871809698
ITA,1998,1.775084289
ITA,1999,1.660889921
ITA,2000,3.835047147
ITA,2001,1.943999833
ITA,2002,0.071737431
ITA,2003,-0.472767257
ITA,2004,0.721242548
ITA,2005,0.176020374
ITA,2006,1.393014898
ITA,2007,0.846872548
ITA,2008,-1.783601971
ITA,2009,-5.85255776
ITA,2010,1.08110878
ITA,2011,0.347491108
ITA,2012,-3.389841897
ITA,2013,-2.013970316
ITA,2014,-0.016463491
ITA,2015,1.038265118
ITA,2016,1.428844532
ITA,2017,1.794997299
ITA,2018,0.58122767
ITA,2019,1.134644119
ITA,2020,-8.423239939
ITA,2021,9.494161085
ITA,2022,5.033445487
ITA,2023,0.749844869
ITA,2024,0.738517575
JAM,1960,
JAM,1961,
JAM,1962,
JAM,1963,
JAM,1964,
JAM,1965,
JAM,1966,
JAM,1967,0.607398064
JAM,1968,4.538932878
JAM,1969,4.358969402
JAM,1970,10.6879745
JAM,1971,1.083948823
JAM,1972,16.30924461
JAM,1973,-6.915694372
JAM,1974,-5.657327687
JAM,1975,-1.643084116
JAM,1976,-7.907424531
JAM,1977,-3.77724967
JAM,1978,-1.207299728
JAM,1979,-2.210730674
JAM,1980,-6.864225577
JAM,1981,1.30983951
JAM,1982,0.676546301
JAM,1983,0.498067368
JAM,1984,-2.834933973
JAM,1985,-4.049252819
JAM,1986,0.936567842
JAM,1987,7.031552169
JAM,1988,3.26671312
JAM,1989,6.440987888
JAM,1990,3.414130687
JAM,1991,3.92158553
JAM,1992,0.953437711
JAM,1993,8.290961001
JAM,1994,0.346954538
JAM,1995,1.329343975
JAM,1996,-1.075692212
JAM,1997,-2.047825754
JAM,1998,-3.166429383
JAM,1999,0.265019147
JAM,2000,0.181209197
JAM,2001,0.704785921
JAM,2002,1.372731494
JAM,2003,3.039978039
JAM,2004,0.732138404
JAM,2005,0.336548931
JAM,2006,2.369499067
JAM,2007,0.952340641
JAM,2008,-1.242422799
JAM,2009,-4.742320256
JAM,2010,-1.872067428
JAM,2011,1.290876501
JAM,2012,-1.041519031
JAM,2013,0.111200804
JAM,2014,0.327176682
JAM,2015,0.605132261
JAM,2016,1.108933685
JAM,2017,0.78732843
JAM,2018,1.733372669
JAM,2019,0.778865726
JAM,2020,-10.15796889
JAM,2021,4.345494593
JAM,2022,5.167336668
JAM,2023,2.581466873
JAM,2024,-0.697441265
JPN,1960,
JPN,1961,11.04407304
JPN,1962,7.901714421
JPN,1963,7.379857063
JPN,1964,10.52079209
JPN,1965,4.686450016
JPN,1966,9.632359631
JPN,1967,9.938834499
JPN,1968,11.61742815
JPN,1969,11.14865732
JPN,1970,-0.7505531
JPN,1971,2.426652356
JPN,1972,6.905499723
JPN,1973,6.523023596
JPN,1974,-2.5298392
JPN,1975,1.787835642
JPN,1976,2.866778098
JPN,1977,3.384680715
JPN,1978,4.318280115
JPN,1979,4.594768307
JPN,1980,2.010415857
JPN,1981,3.503886294
JPN,1982,2.565815419
JPN,1983,2.911865414
JPN,1984,3.736156479
JPN,1985,4.503630615
JPN,1986,2.745615247
JPN,1987,4.145630588
JPN,1988,6.218728553
JPN,1989,4.50717016
JPN,1990,4.493661204
JPN,1991,3.117494633
JPN,1992,0.526745036
JPN,1993,-0.781376228
JPN,1994,0.801559685
JPN,1995,2.390519558
JPN,1996,2.900141234
JPN,1997,0.740905953
JPN,1998,-1.538244076
JPN,1999,-0.51574059
JPN,2000,2.592891086
JPN,2001,0.14451169
JPN,2002,-0.190392014
JPN,2003,1.318091963
JPN,2004,2.151723329
JPN,2005,1.7943398
JPN,2006,1.308127183
JPN,2007,1.367422326
JPN,2008,-1.272109949
JPN,2009,-5.68145234
JPN,2010,4.079223049
JPN,2011,0.209251803
JPN,2012,1.536786659
JPN,2013,2.152371066
JPN,2014,0.429381123
JPN,2015,1.668465117
JPN,2016,0.805362825
JPN,2017,1.758611802
JPN,2018,0.771168472
JPN,2019,-0.262170829
JPN,2020,-3.886419116
JPN,2021,3.170017388
JPN,2022,1.391027549
JPN,2023,1.970801611
JPN,2024,0.520666035
JOR,1960,
JOR,1961,
JOR,1962,
JOR,1963,
JOR,1964,
JOR,1965,
JOR,1966,
JOR,1967,
JOR,1968,
JOR,1969,
JOR,1970,
JOR,1971,
JOR,1972,
JOR,1973,
JOR,1974,
JOR,1975,
JOR,1976,
JOR,1977,5.035781715
JOR,1978,11.12441388
JOR,1979,16.86078333
JOR,1980,7.188497049
JOR,1981,12.57670875
JOR,1982,2.553826624
JOR,1983,-6.473455294
JOR,1984,-0.319725177
JOR,1985,-7.052767247
JOR,1986,0.752136656
JOR,1987,-2.30153427
JOR,1988,-3.158226866
JOR,1989,-14.90244006
JOR,1990,-7.772774786
JOR,1991,-6.001852915
JOR,1992,8.461654341
JOR,1993,-0.807674227
JOR,1994,0.060832147
JOR,1995,1.939292871
JOR,1996,-1.24666808
JOR,1997,0.569931792
JOR,1998,0.658442074
JOR,1999,1.191806385
JOR,2000,2.107346778
JOR,2001,3.126823614
JOR,2002,3.576764715
JOR,2003,1.880237385
JOR,2004,5.978885737
JOR,2005,5.500570374
JOR,2006,1.403201796
JOR,2007,1.840524365
JOR,2008,4.725600862
JOR,2009,2.790121729
JOR,2010,0.137449408
JOR,2011,0.218599819
JOR,2012,0.988823292
JOR,2013,-2.585922386
JOR,2014,-6.0221725
JOR,2015,-5.589801748
JOR,2016,-2.711262161
JOR,2017,0.192083988
JOR,2018,-0.302781678
JOR,2019,-0.24704929
JOR,2020,-2.862539829
JOR,2021,1.771730558
JOR,2022,0.91564668
JOR,2023,1.238634265
JOR,2024,1.48055685
KAZ,1960,
KAZ,1961,
KAZ,1962,
KAZ,1963,
KAZ,1964,
KAZ,1965,
KAZ,1966,
KAZ,1967,
KAZ,1968,
KAZ,1969,
KAZ,1970,
KAZ,1971,
KAZ,1972,
KAZ,1973,
KAZ,1974,
KAZ,1975,
KAZ,1976,
KAZ,1977,
KAZ,1978,
KAZ,1979,
KAZ,1980,
KAZ,1981,
KAZ,1982,
KAZ,1983,
KAZ,1984,
KAZ,1985,
KAZ,1986,
KAZ,1987,
KAZ,1988,
KAZ,1989,
KAZ,1990,
KAZ,1991,-11.64152154
KAZ,1992,-5.595175571
KAZ,1993,-8.894408849
KAZ,1994,-11.41689455
KAZ,1995,-6.481288001
KAZ,1996,2.425444843
KAZ,1997,4.063069629
KAZ,1998,0.579278352
KAZ,1999,3.975195415
KAZ,2000,9.4796264
KAZ,2001,12.95750009
KAZ,2002,9.231057778
KAZ,2003,8.670445249
KAZ,2004,8.889308178
KAZ,2005,8.889635659
KAZ,2006,9.76786674
KAZ,2007,7.871783714
KAZ,2008,2.235269249
KAZ,2009,0.022847985
KAZ,2010,5.91730119
KAZ,2011,5.957645735
KAZ,2012,3.346010334
KAZ,2013,4.488196791
KAZ,2014,2.680637883
KAZ,2015,-0.299093533
KAZ,2016,-0.438395201
KAZ,2017,2.490769457
KAZ,2018,2.556066908
KAZ,2019,2.994055381
KAZ,2020,-3.864060945
KAZ,2021,2.918641701
KAZ,2022,1.701002979
KAZ,2023,3.572387328
KAZ,2024,3.464249277
KEN,1960,
KEN,1961,-11.15136044
KEN,1962,5.348567185
KEN,1963,4.634675891
KEN,1964,0.922365578
KEN,1965,-1.973170832
KEN,1966,10.24537837
KEN,1967,-0.658711109
KEN,1968,3.796701712
KEN,1969,3.805816644
KEN,1970,-8.254067592
KEN,1971,17.82006563
KEN,1972,13.081004
KEN,1973,2.302880239
KEN,1974,0.600157427
KEN,1975,-2.414863098
KEN,1976,-1.109898174
KEN,1977,5.879410243
KEN,1978,3.295031676
KEN,1979,3.950201452
KEN,1980,1.915064139
KEN,1981,0.128998106
KEN,1982,-2.060713125
KEN,1983,-2.325186756
KEN,1984,-1.918937173
KEN,1985,0.569650556
KEN,1986,3.408459452
KEN,1987,2.265861132
KEN,1988,2.522596964
KEN,1989,1.0826542
KEN,1990,0.668332503
KEN,1991,-1.795559755
KEN,1992,-3.793704371
KEN,1993,-2.582334536
KEN,1994,-0.304212273
KEN,1995,1.483737424
KEN,1996,1.319006267
KEN,1997,-2.23366308
KEN,1998,0.478811112
KEN,1999,-0.60325755
KEN,2000,-2.386106933
KEN,2001,0.575576747
KEN,2002,-2.56736281
KEN,2003,-0.194798007
KEN,2004,1.891135133
KEN,2005,2.702441032
KEN,2006,3.277154575
KEN,2007,3.669786662
KEN,2008,-2.758864564
KEN,2009,0.232598395
KEN,2010,4.968112999
KEN,2011,2.26952219
KEN,2012,1.876707539
KEN,2013,1.263311291
KEN,2014,2.592183533
KEN,2015,2.655893528
KEN,2016,1.937947956
KEN,2017,1.604751834
KEN,2018,3.524047815
KEN,2019,3.070047694
KEN,2020,-2.210321712
KEN,2021,5.565136516
KEN,2022,2.862812765
KEN,2023,3.483358455
KEN,2024,2.470855181
KIR,1960,
KIR,1961,
KIR,1962,
KIR,1963,
KIR,1964,
KIR,1965,
KIR,1966,
KIR,1967,
KIR,1968,
KIR,1969,
KIR,1970,
KIR,1971,-4.192548454
KIR,1972,9.968062267
KIR,1973,18.83057641
KIR,1974,44.36522432
KIR,1975,5.745159359
KIR,1976,-26.37467544
KIR,1977,-3.989027592
KIR,1978,1.739919196
KIR,1979,-12.0375605
KIR,1980,-2.658265096
KIR,1981,4.460004431
KIR,1982,-2.677183904
KIR,1983,-11.23315892
KIR,1984,12.06897992
KIR,1985,-14.8945308
KIR,1986,-4.705634203
KIR,1987,-1.138884326
KIR,1988,19.15092236
KIR,1989,-9.472394311
KIR,1990,-8.521382014
KIR,1991,-7.516757747
KIR,1992,21.92520397
KIR,1993,-1.624462537
KIR,1994,0.540484031
KIR,1995,1.217894726
KIR,1996,-1.73230175
KIR,1997,-0.655302414
KIR,1998,2.60111876
KIR,1999,-5.534299317
KIR,2000,4.951434417
KIR,2001,-4.990432488
KIR,2002,-0.673840917
KIR,2003,-3.572698459
KIR,2004,-2.584685679
KIR,2005,-0.72236278
KIR,2006,3.680792001
KIR,2007,0.984244993
KIR,2008,-4.989786665
KIR,2009,-1.583152581
KIR,2010,-0.85715861
KIR,2011,1.450380047
KIR,2012,4.261137294
KIR,2013,6.260289474
KIR,2014,-0.042897246
KIR,2015,9.847060763
KIR,2016,5.584908325
KIR,2017,2.199027078
KIR,2018,1.946115891
KIR,2019,1.733501852
KIR,2020,-3.169924846
KIR,2021,6.554807059
KIR,2022,2.88966133
KIR,2023,1.055649339
KIR,2024,3.711192253
PRK,1960,
PRK,1961,
PRK,1962,
PRK,1963,
PRK,1964,
PRK,1965,
PRK,1966,
PRK,1967,
PRK,1968,
PRK,1969,
PRK,1970,
PRK,1971,
PRK,1972,
PRK,1973,
PRK,1974,
PRK,1975,
PRK,1976,
PRK,1977,
PRK,1978,
PRK,1979,
PRK,1980,
PRK,1981,
PRK,1982,
PRK,1983,
PRK,1984,
PRK,1985,
PRK,1986,
PRK,1987,
PRK,1988,
PRK,1989,
PRK,1990,
PRK,1991,
PRK,1992,
PRK,1993,
PRK,1994,
PRK,1995,
PRK,1996,
PRK,1997,
PRK,1998,
PRK,1999,
PRK,2000,
PRK,2001,
PRK,2002,
PRK,2003,
PRK,2004,
PRK,2005,
PRK,2006,
PRK,2007,
PRK,2008,
PRK,2009,
PRK,2010,
PRK,2011,
PRK,2012,
PRK,2013,
PRK,2014,
PRK,2015,
PRK,2016,
PRK,2017,
PRK,2018,
PRK,2019,
PRK,2020,
PRK,2021,
PRK,2022,
PRK,2023,
PRK,2024,
KOR,1960,
KOR,1961,3.809554762
KOR,1962,0.966642374
KOR,1963,6.026425874
KOR,1964,6.647769518
KOR,1965,4.624622445
KOR,1966,9.213101876
KOR,1967,6.562089374
KOR,1968,10.57015527
KOR,1969,11.99747123
KOR,1970,7.675052529
KOR,1971,8.387642879
KOR,1972,5.221768934
KOR,1973,12.88444212
KOR,1974,7.652190868
KOR,1975,6.041235059
KOR,1976,11.42815463
KOR,1977,10.59820153
KOR,1978,9.28013073
KOR,1979,7.035259338
KOR,1980,-3.166620522
KOR,1981,5.585902668
KOR,1982,6.676618915
KOR,1983,11.71702141
KOR,1984,9.19579576
KOR,1985,6.78232934
KOR,1986,10.22535192
KOR,1987,11.61866563
KOR,1988,10.89649519
KOR,1989,6.019063097
KOR,1990,8.80042947
KOR,1991,9.686998929
KOR,1992,5.100781696
KOR,1993,5.797285517
KOR,1994,8.174764151
KOR,1995,8.517153045
KOR,1996,6.867624488
KOR,1997,5.179629766
KOR,1998,-5.811819627
KOR,1999,10.67745058
KOR,2000,8.15268966
KOR,2001,4.051006403
KOR,2002,7.10433311
KOR,2003,2.614039827
KOR,2004,4.781286153
KOR,2005,4.087645147
KOR,2006,4.712927655
KOR,2007,5.266361146
KOR,2008,2.23375226
KOR,2009,0.27526898
KOR,2010,6.274019889
KOR,2011,2.891411994
KOR,2012,1.865599496
KOR,2013,2.696150961
KOR,2014,2.556219509
KOR,2015,2.268429401
KOR,2016,2.539144729
KOR,2017,2.870196962
KOR,2018,2.462246216
KOR,2019,1.8889146
KOR,2020,-0.846212238
KOR,2021,4.439121293
KOR,2022,2.805237629
KOR,2023,1.278235243
KOR,2024,
XKX,1960,
XKX,1961,
XKX,1962,
XKX,1963,
XKX,1964,
XKX,1965,
XKX,1966,
XKX,1967,
XKX,1968,
XKX,1969,
XKX,1970,
XKX,1971,
XKX,1972,
XKX,1973,
XKX,1974,
XKX,1975,
XKX,1976,
XKX,1977,
XKX,1978,
XKX,1979,
XKX,1980,
XKX,1981,
XKX,1982,
XKX,1983,
XKX,1984,
XKX,1985,
XKX,1986,
XKX,1987,
XKX,1988,
XKX,1989,
XKX,1990,
XKX,1991,
XKX,1992,
XKX,1993,
XKX,1994,
XKX,1995,
XKX,1996,
XKX,1997,
XKX,1998,
XKX,1999,
XKX,2000,
XKX,2001,
XKX,2002,
XKX,2003,
XKX,2004,
XKX,2005,
XKX,2006,
XKX,2007,
XKX,2008,
XKX,2009,5.396367017
XKX,2010,5.288314827
XKX,2011,6.12959203
XKX,2012,0.857974395
XKX,2013,4.703870841
XKX,2014,3.652730273
XKX,2015,7.36815112
XKX,2016,6.207616502
XKX,2017,4.038388799
XKX,2018,3.057529313
XKX,2019,5.236696763
XKX,2020,-5.406901843
XKX,2021,10.99814005
XKX,2022,5.339097617
XKX,2023,9.351075229
XKX,2024,15.03254942
KWT,1960,
KWT,1961,
KWT,1962,
KWT,1963,
KWT,1964,
KWT,1965,
KWT,1966,
KWT,1967,
KWT,1968,
KWT,1969,
KWT,1970,
KWT,1971,0.118996333
KWT,1972,-2.339465749
KWT,1973,-12.04616502
KWT,1974,-18.07703365
KWT,1975,-17.55582653
KWT,1976,-0.072851753
KWT,1977,-9.909464311
KWT,1978,0.763158115
KWT,1979,7.24255314
KWT,1980,-23.76308834
KWT,1981,-22.95149558
KWT,1982,-15.94559627
KWT,1983,2.875689964
KWT,1984,0.825844854
KWT,1985,-7.982026825
KWT,1986,4.259283041
KWT,1987,3.906999652
KWT,1988,-13.49565182
KWT,1989,21.1942465
KWT,1990,-2.906442674
KWT,1991,-26.45310886
KWT,1992,51.10350916
KWT,1993,31.01041044
KWT,1994,8.943698404
KWT,1995,3.788701298
KWT,1996,-2.228452379
KWT,1997,-0.819070756
KWT,1998,0.479689868
KWT,1999,-4.669543695
KWT,2000,1.765964341
KWT,2001,-2.452141526
KWT,2002,0.421240898
KWT,2003,14.55079769
KWT,2004,7.816137758
KWT,2005,6.679356705
KWT,2006,1.697635238
KWT,2007,-0.058584644
KWT,2008,-3.067958578
KWT,2009,-11.86481647
KWT,2010,-7.275882606
KWT,2011,2.999364819
KWT,2012,0.098328846
KWT,2013,-3.773716522
KWT,2014,-3.831572382
KWT,2015,-3.832701102
KWT,2016,-1.431520503
KWT,2017,-8.168791288
KWT,2018,-1.265701023
KWT,2019,-0.471027647
KWT,2020,-3.908227572
KWT,2021,2.591286118
KWT,2022,1.437112771
KWT,2023,-7.011464056
KWT,2024,-4.919597587
KGZ,1960,
KGZ,1961,
KGZ,1962,
KGZ,1963,
KGZ,1964,
KGZ,1965,
KGZ,1966,
KGZ,1967,
KGZ,1968,
KGZ,1969,
KGZ,1970,
KGZ,1971,
KGZ,1972,
KGZ,1973,
KGZ,1974,
KGZ,1975,
KGZ,1976,
KGZ,1977,
KGZ,1978,
KGZ,1979,
KGZ,1980,
KGZ,1981,
KGZ,1982,
KGZ,1983,
KGZ,1984,
KGZ,1985,
KGZ,1986,
KGZ,1987,1.353404764
KGZ,1988,11.2196199
KGZ,1989,0.663560153
KGZ,1990,3.687161541
KGZ,1991,-9.437030564
KGZ,1992,-14.82562858
KGZ,1993,-15.48510158
KGZ,1994,-20.05492795
KGZ,1995,-6.365030811
KGZ,1996,5.511610458
KGZ,1997,8.324176625
KGZ,1998,0.567335559
KGZ,1999,2.126635753
KGZ,2000,4.196106043
KGZ,2001,4.326756774
KGZ,2002,-0.931486114
KGZ,2003,5.91391848
KGZ,2004,5.739378358
KGZ,2005,-1.295588258
KGZ,2006,2.001744444
KGZ,2007,7.51249331
KGZ,2008,7.375549303
KGZ,2009,1.532572503
KGZ,2010,-1.880933717
KGZ,2011,4.437053453
KGZ,2012,-1.952881163
KGZ,2013,8.51417445
KGZ,2014,1.757186229
KGZ,2015,1.568076077
KGZ,2016,2.049851499
KGZ,2017,2.558378342
KGZ,2018,1.545868202
KGZ,2019,2.281200888
KGZ,2020,-9.031577141
KGZ,2021,3.587769933
KGZ,2022,7.030428696
KGZ,2023,7.101193766
KGZ,2024,7.155579862
LAO,1960,
LAO,1961,
LAO,1962,
LAO,1963,
LAO,1964,
LAO,1965,
LAO,1966,
LAO,1967,
LAO,1968,
LAO,1969,
LAO,1970,
LAO,1971,
LAO,1972,
LAO,1973,
LAO,1974,
LAO,1975,
LAO,1976,
LAO,1977,
LAO,1978,
LAO,1979,
LAO,1980,
LAO,1981,
LAO,1982,
LAO,1983,
LAO,1984,
LAO,1985,2.20041868
LAO,1986,1.975016378
LAO,1987,-4.187959039
LAO,1988,-4.776921631
LAO,1989,10.965351
LAO,1990,3.710756484
LAO,1991,1.400253404
LAO,1992,2.676923881
LAO,1993,3.077391718
LAO,1994,5.366668892
LAO,1995,4.42161503
LAO,1996,4.464343809
LAO,1997,4.6663448
LAO,1998,2.060806471
LAO,1999,5.44751578
LAO,2000,4.037265325
LAO,2001,4.022496614
LAO,2002,4.230976003
LAO,2003,4.446458589
LAO,2004,4.818315673
LAO,2005,5.503616235
LAO,2006,6.912946279
LAO,2007,5.943924494
LAO,2008,6.198788417
LAO,2009,5.905638513
LAO,2010,6.941165933
LAO,2011,6.485365579
LAO,2012,6.495135271
LAO,2013,6.51642199
LAO,2014,6.138425346
LAO,2015,5.717029013
LAO,2016,5.362889123
LAO,2017,5.227110672
LAO,2018,4.60986172
LAO,2019,3.860912781
LAO,2020,-0.986715601
LAO,2021,1.0610906
LAO,2022,1.269700523
LAO,2023,2.311160876
LAO,2024,2.851663853
LTE,1960,
LTE,1961,-3.893886837
LTE,1962,1.651085054
LTE,1963,1.778520903
LTE,1964,4.852464271
LTE,1965,4.327952292
LTE,1966,5.156707625
LTE,1967,-0.515312075
LTE,1968,2.813528255
LTE,1969,7.427940912
LTE,1970,8.271717692
LTE,1971,6.005085266
LTE,1972,5.569238628
LTE,1973,7.603286374
LTE,1974,2.973597478
LTE,1975,2.558766843
LTE,1976,4.908008469
LTE,1977,4.757911082
LTE,1978,5.096189576
LTE,1979,6.219625906
LTE,1980,5.808770033
LTE,1981,-1.264273595
LTE,1982,0.40217331
LTE,1983,0.247684189
LTE,1984,6.312981729
LTE,1985,5.708225963
LTE,1986,4.207145842
LTE,1987,4.800835233
LTE,1988,3.527702857
LTE,1989,3.192766729
LTE,1990,-1.098201185
LTE,1991,-0.757586069
LTE,1992,-0.376390768
LTE,1993,3.186669912
LTE,1994,3.350642332
LTE,1995,4.606950359
LTE,1996,4.074884152
LTE,1997,4.629741896
LTE,1998,1.920139962
LTE,1999,3.762713061
LTE,2000,6.196419114
LTE,2001,4.427300742
LTE,2002,5.335530542
LTE,2003,6.187662229
LTE,2004,7.517404304
LTE,2005,7.121908565
LTE,2006,8.598067538
LTE,2007,9.491905362
LTE,2008,6.263126298
LTE,2009,3.101621482
LTE,2010,7.427349111
LTE,2011,6.494004306
LTE,2012,5.052198319
LTE,2013,4.897486419
LTE,2014,4.522159438
LTE,2015,4.003085925
LTE,2016,3.768996559
LTE,2017,4.608060091
LTE,2018,4.865075681
LTE,2019,4.268719936
LTE,2020,-0.01228573
LTE,2021,7.401364874
LTE,2022,3.139471477
LTE,2023,4.240855225
LTE,2024,4.351925989
LCN,1960,
LCN,1961,3.258719849
LCN,1962,1.46520571
LCN,1963,-0.702233381
LCN,1964,4.375042112
LCN,1965,2.866303088
LCN,1966,2.210050559
LCN,1967,1.667362946
LCN,1968,4.410427392
LCN,1969,4.186656565
LCN,1970,3.920231584
LCN,1971,4.302948743
LCN,1972,4.615235824
LCN,1973,5.435074955
LCN,1974,3.721780072
LCN,1975,1.224888471
LCN,1976,3.035017865
LCN,1977,2.514716591
LCN,1978,2.185782745
LCN,1979,5.003273722
LCN,1980,4.301282173
LCN,1981,-0.95188602
LCN,1982,-2.292700515
LCN,1983,-4.339324262
LCN,1984,1.72161106
LCN,1985,1.012592878
LCN,1986,1.409908679
LCN,1987,1.280703884
LCN,1988,-1.335667451
LCN,1989,-0.208743825
LCN,1990,-2.230632641
LCN,1991,1.071604588
LCN,1992,0.756157639
LCN,1993,2.584189657
LCN,1994,3.447630062
LCN,1995,-0.833950164
LCN,1996,2.236983394
LCN,1997,3.729597804
LCN,1998,1.381848263
LCN,1999,-0.84168545
LCN,2000,2.117241161
LCN,2001,-0.935129251
LCN,2002,-0.872249794
LCN,2003,1.14562041
LCN,2004,4.130013556
LCN,2005,2.690564756
LCN,2006,3.896656105
LCN,2007,3.970039263
LCN,2008,2.462413554
LCN,2009,-3.367855987
LCN,2010,5.236520858
LCN,2011,3.289772963
LCN,2012,1.486231388
LCN,2013,1.694988562
LCN,2014,0.313288435
LCN,2015,-0.573256715
LCN,2016,-1.273080512
LCN,2017,0.965070698
LCN,2018,0.732309442
LCN,2019,-0.131553066
LCN,2020,-7.273830649
LCN,2021,6.465734383
LCN,2022,3.352863458
LCN,2023,1.551335243
LCN,2024,1.559751485
LAC,1960,
LAC,1961,3.282979027
LAC,1962,1.462726177
LAC,1963,-1.075734433
LAC,1964,4.704239009
LAC,1965,2.996260228
LAC,1966,1.837501566
LAC,1967,1.708707459
LAC,1968,4.677738573
LAC,1969,4.207496203
LAC,1970,4.152937544
LAC,1971,4.359704586
LAC,1972,5.108600016
LAC,1973,6.091863193
LAC,1974,4.123044411
LAC,1975,1.816542317
LAC,1976,3.072622404
LAC,1977,2.327820527
LAC,1978,1.909966611
LAC,1979,4.958056055
LAC,1980,4.30792176
LAC,1981,-1.127214434
LAC,1982,-1.838106134
LAC,1983,-4.202750708
LAC,1984,1.695015697
LAC,1985,1.033428523
LAC,1986,1.272327382
LAC,1987,1.120677559
LAC,1988,-1.608086865
LAC,1989,-0.562582049
LAC,1990,-2.359009447
LAC,1991,0.937678578
LAC,1992,0.267073433
LAC,1993,2.520942206
LAC,1994,3.49737671
LAC,1995,-1.280388717
LAC,1996,2.216592569
LAC,1997,3.618598499
LAC,1998,1.143968175
LAC,1999,-1.036962542
LAC,2000,2.112189623
LAC,2001,-1.245896175
LAC,2002,-1.000549861
LAC,2003,1.074440946
LAC,2004,3.977784284
LAC,2005,2.731102385
LAC,2006,3.987418127
LAC,2007,4.078699935
LAC,2008,2.54010702
LAC,2009,-3.517142682
LAC,2010,5.527761617
LAC,2011,3.305768734
LAC,2012,1.255697994
LAC,2013,1.700960889
LAC,2014,0.241170191
LAC,2015,-0.732052044
LAC,2016,-1.499905256
LAC,2017,0.976208415
LAC,2018,0.523270635
LAC,2019,-0.382705834
LAC,2020,-7.296498642
LAC,2021,6.173822315
LAC,2022,3.184173389
LAC,2023,1.453934956
LAC,2024,1.279145632
TLA,1960,
TLA,1961,3.18693691
TLA,1962,1.322563634
TLA,1963,-0.912003839
TLA,1964,4.336766555
TLA,1965,2.726051517
TLA,1966,2.090709687
TLA,1967,1.554633488
TLA,1968,4.413099442
TLA,1969,4.071745558
TLA,1970,3.892943202
TLA,1971,4.274313142
TLA,1972,4.67300256
TLA,1973,5.53701319
TLA,1974,3.950870616
TLA,1975,1.235791577
TLA,1976,2.965738873
TLA,1977,2.349116266
TLA,1978,2.002854547
TLA,1979,5.004020471
TLA,1980,4.516924094
TLA,1981,-1.288941524
TLA,1982,-2.509803407
TLA,1983,-4.568228841
TLA,1984,1.497793195
TLA,1985,1.001258059
TLA,1986,1.418405607
TLA,1987,1.3078453
TLA,1988,-1.59369281
TLA,1989,-0.31446515
TLA,1990,-2.131283564
TLA,1991,1.377664035
TLA,1992,0.953162462
TLA,1993,2.866996917
TLA,1994,3.502642516
TLA,1995,-1.006204201
TLA,1996,2.198269694
TLA,1997,3.754884346
TLA,1998,1.305600326
TLA,1999,-1.104043436
TLA,2000,2.055256397
TLA,2001,-1.193114248
TLA,2002,-0.93820396
TLA,2003,1.193099482
TLA,2004,4.010773567
TLA,2005,2.754827866
TLA,2006,3.971400364
TLA,2007,4.101587982
TLA,2008,2.594210657
TLA,2009,-3.446073223
TLA,2010,5.491683707
TLA,2011,3.428008729
TLA,2012,1.52329136
TLA,2013,1.754317094
TLA,2014,0.339134757
TLA,2015,-0.648379551
TLA,2016,-1.307481875
TLA,2017,1.026813183
TLA,2018,0.775304939
TLA,2019,-0.157612437
TLA,2020,-7.209038764
TLA,2021,6.634973749
TLA,2022,3.35208962
TLA,2023,1.612152634
TLA,2024,1.516263891
LVA,1960,
LVA,1961,
LVA,1962,
LVA,1963,
LVA,1964,
LVA,1965,
LVA,1966,
LVA,1967,
LVA,1968,
LVA,1969,
LVA,1970,
LVA,1971,
LVA,1972,
LVA,1973,
LVA,1974,
LVA,1975,
LVA,1976,
LVA,1977,
LVA,1978,
LVA,1979,
LVA,1980,
LVA,1981,
LVA,1982,
LVA,1983,
LVA,1984,
LVA,1985,
LVA,1986,
LVA,1987,
LVA,1988,
LVA,1989,
LVA,1990,
LVA,1991,-12.18071717
LVA,1992,-31.17751898
LVA,1993,-3.090712934
LVA,1994,3.914791352
LVA,1995,0.477696353
LVA,1996,3.458756261
LVA,1997,10.2650978
LVA,1998,7.559434383
LVA,1999,3.658721772
LVA,2000,6.866198613
LVA,2001,7.844419566
LVA,2002,8.923681512
LVA,2003,9.48207219
LVA,2004,9.918172996
LVA,2005,12.82794095
LVA,2006,13.86469226
LVA,2007,11.3194013
LVA,2008,-2.368036506
LVA,2009,-14.6423128
LVA,2010,-1.635143791
LVA,2011,4.929579991
LVA,2012,8.644499586
LVA,2013,3.195451704
LVA,2014,3.060973817
LVA,2015,4.636452127
LVA,2016,3.4931864
LVA,2017,4.319358697
LVA,2018,5.125604221
LVA,2019,1.377746126
LVA,2020,-2.789963807
LVA,2021,7.848195793
LVA,2022,2.083419787
LVA,2023,2.960389673
LVA,2024,0.359553536
LDC,1960,
LDC,1961,
LDC,1962,4.873743187
LDC,1963,-0.457478831
LDC,1964,1.09180131
LDC,1965,1.133145963
LDC,1966,0.726134436
LDC,1967,-1.496392161
LDC,1968,2.425452306
LDC,1969,0.650035114
LDC,1970,-3.093979693
LDC,1971,-0.621791782
LDC,1972,-3.777736291
LDC,1973,-0.392653982
LDC,1974,2.931780258
LDC,1975,-1.978008967
LDC,1976,1.395854629
LDC,1977,-0.440223929
LDC,1978,-0.880263573
LDC,1979,-0.834063257
LDC,1980,-0.310967072
LDC,1981,0.204909771
LDC,1982,-1.419057975
LDC,1983,-0.991226399
LDC,1984,-0.353323479
LDC,1985,-0.940801708
LDC,1986,0.757973122
LDC,1987,1.599421739
LDC,1988,0.209619281
LDC,1989,-0.752418158
LDC,1990,-2.418844681
LDC,1991,-0.640363131
LDC,1992,-2.226887893
LDC,1993,-3.037780007
LDC,1994,-2.066373242
LDC,1995,2.971490783
LDC,1996,2.851046899
LDC,1997,2.680715231
LDC,1998,1.423172616
LDC,1999,1.499597026
LDC,2000,1.864748541
LDC,2001,2.412565766
LDC,2002,2.755938526
LDC,2003,2.50477427
LDC,2004,3.956667796
LDC,2005,4.95921397
LDC,2006,4.325016634
LDC,2007,4.792308364
LDC,2008,4.012281301
LDC,2009,1.802965963
LDC,2010,3.831846867
LDC,2011,0.923169903
LDC,2012,0.782465318
LDC,2013,3.273171588
LDC,2014,3.011445015
LDC,2015,0.435551679
LDC,2016,1.320674527
LDC,2017,2.103228383
LDC,2018,2.201182734
LDC,2019,2.628119457
LDC,2020,-2.462038311
LDC,2021,0.453845544
LDC,2022,2.426637181
LDC,2023,0.722846606
LDC,2024,1.506987813
LBN,1960,
LBN,1961,
LBN,1962,
LBN,1963,
LBN,1964,
LBN,1965,
LBN,1966,
LBN,1967,
LBN,1968,
LBN,1969,
LBN,1970,
LBN,1971,
LBN,1972,
LBN,1973,
LBN,1974,
LBN,1975,
LBN,1976,
LBN,1977,
LBN,1978,
LBN,1979,
LBN,1980,
LBN,1981,
LBN,1982,
LBN,1983,
LBN,1984,
LBN,1985,
LBN,1986,
LBN,1987,
LBN,1988,
LBN,1989,-43.60422295
LBN,1990,24.07336257
LBN,1991,46.44381807
LBN,1992,14.00046694
LBN,1993,8.64130049
LBN,1994,6.183370515
LBN,1995,4.54238397
LBN,1996,9.243624524
LBN,1997,-0.755972338
LBN,1998,1.858922643
LBN,1999,-2.255368346
LBN,2000,-0.391806733
LBN,2001,2.127580247
LBN,2002,1.9961503
LBN,2003,1.812783456
LBN,2004,4.968339613
LBN,2005,1.106879786
LBN,2006,-0.161110391
LBN,2007,7.212424195
LBN,2008,7.270203824
LBN,2009,8.754241974
LBN,2010,6.925624081
LBN,2011,-0.215990102
LBN,2012,-0.172272058
LBN,2013,-5.350045156
LBN,2014,-7.261451454
LBN,2015,-1.485299436
LBN,2016,3.954204587
LBN,2017,3.571858111
LBN,2018,1.00112837
LBN,2019,-3.870371669
LBN,2020,-20.12909838
LBN,2021,-7.25697163
LBN,2022,-1.077821926
LBN,2023,-1.259128421
LBN,2024,
LSO,1960,
LSO,1961,-1.131986292
LSO,1962,11.94037032
LSO,1963,7.37932648
LSO,1964,5.110487941
LSO,1965,-0.794535885
LSO,1966,-3.542871125
LSO,1967,7.015258178
LSO,1968,-3.952981056
LSO,1969,-2.077368367
LSO,1970,-1.438867971
LSO,1971,1.434300704
LSO,1972,-3.65226672
LSO,1973,22.09346666
LSO,1974,7.219950029
LSO,1975,-16.45112673
LSO,1976,7.542684855
LSO,1977,18.3385218
LSO,1978,14.99417146
LSO,1979,-0.038044517
LSO,1980,-5.53495632
LSO,1981,-2.194492721
LSO,1982,1.467761333
LSO,1983,-0.917132308
LSO,1984,2.555766277
LSO,1985,-0.257176958
LSO,1986,2.06110283
LSO,1987,-1.473163552
LSO,1988,6.326625787
LSO,1989,3.674198236
LSO,1990,4.037888677
LSO,1991,5.069066331
LSO,1992,5.192385475
LSO,1993,1.95754937
LSO,1994,4.555195178
LSO,1995,2.034892469
LSO,1996,4.473779521
LSO,1997,2.884043841
LSO,1998,1.033588172
LSO,1999,0.21596148
LSO,2000,3.84034989
LSO,2001,3.719963504
LSO,2002,1.035599997
LSO,2003,5.066495129
LSO,2004,2.4110358
LSO,2005,4.42249766
LSO,2006,4.659487877
LSO,2007,3.750256883
LSO,2008,4.811198389
LSO,2009,-1.968700886
LSO,2010,4.459259514
LSO,2011,3.693985953
LSO,2012,5.270666596
LSO,2013,0.696148189
LSO,2014,0.557309193
LSO,2015,1.922510595
LSO,2016,2.353639813
LSO,2017,-4.336559993
LSO,2018,-2.675939075
LSO,2019,-2.569259861
LSO,2020,-9.237270986
LSO,2021,1.099358865
LSO,2022,1.28745564
LSO,2023,0.709360213
LSO,2024,1.621330937
LBR,1960,
LBR,1961,-0.033469523
LBR,1962,-1.137874898
LBR,1963,-0.256540918
LBR,1964,2.534659069
LBR,1965,2.163220021
LBR,1966,5.000540261
LBR,1967,4.069985478
LBR,1968,2.130346834
LBR,1969,4.581129593
LBR,1970,3.967224943
LBR,1971,2.296223434
LBR,1972,1.535211191
LBR,1973,-4.781562652
LBR,1974,1.998147406
LBR,1975,-6.042374521
LBR,1976,2.480446
LBR,1977,-1.228319316
LBR,1978,1.805440712
LBR,1979,0.261464846
LBR,1980,-6.908922613
LBR,1981,-4.974531052
LBR,1982,-5.209849582
LBR,1983,-4.785316445
LBR,1984,-5.089123099
LBR,1985,-3.818497906
LBR,1986,-4.573582067
LBR,1987,-3.863324207
LBR,1988,-4.832670478
LBR,1989,-28.733877
LBR,1990,-44.55225155
LBR,1991,-2.513260318
LBR,1992,-38.71728365
LBR,1993,-35.5462839
LBR,1994,-21.5731868
LBR,1995,-5.11507834
LBR,1996,8.950523151
LBR,1997,90.83226685
LBR,1998,17.66898431
LBR,1999,15.20239648
LBR,2000,23.94092307
LBR,2001,-0.056774336
LBR,2002,1.099389235
LBR,2003,-30.69935303
LBR,2004,1.405400065
LBR,2005,0.684612867
LBR,2006,2.170246273
LBR,2007,4.213438159
LBR,2008,2.884739435
LBR,2009,2.041801672
LBR,2010,3.071179982
LBR,2011,4.040866351
LBR,2012,4.243455569
LBR,2013,6.324110003
LBR,2014,-1.373707869
LBR,2015,-2.0600232
LBR,2016,-3.545902519
LBR,2017,0.483418311
LBR,2018,-0.802290168
LBR,2019,-4.381608492
LBR,2020,-4.974703942
LBR,2021,2.793685277
LBR,2022,2.585058276
LBR,2023,2.401862065
LBR,2024,2.556475598
LBY,1960,
LBY,1961,5.458926639
LBY,1962,27.11068798
LBY,1963,29.54937643
LBY,1964,39.84074749
LBY,1965,24.57409484
LBY,1966,15.70294915
LBY,1967,8.233936873
LBY,1968,30.12229734
LBY,1969,9.634439739
LBY,1970,1.509015409
LBY,1971,-8.398017195
LBY,1972,5.569003191
LBY,1973,-1.94413702
LBY,1974,16.26425358
LBY,1975,-1.608715084
LBY,1976,16.12191455
LBY,1977,2.797382408
LBY,1978,-2.481901015
LBY,1979,2.848887546
LBY,1980,-4.916836958
LBY,1981,-23.58844766
LBY,1982,-0.044514128
LBY,1983,-2.320020469
LBY,1984,-6.417526162
LBY,1985,4.850536737
LBY,1986,-13.97079836
LBY,1987,-17.02230395
LBY,1988,4.836945116
LBY,1989,4.603553832
LBY,1990,1.332736907
LBY,1991,13.13148092
LBY,1992,-4.723964546
LBY,1993,-5.647915561
LBY,1994,0.05355262
LBY,1995,-3.910352236
LBY,1996,0.484583326
LBY,1997,3.607964746
LBY,1998,-4.979344713
LBY,1999,-0.743502377
LBY,2000,1.979308433
LBY,2001,-3.555695935
LBY,2002,-2.842677837
LBY,2003,10.78387218
LBY,2004,2.325769438
LBY,2005,9.53922389
LBY,2006,4.338302666
LBY,2007,4.069162075
LBY,2008,-2.260341954
LBY,2009,-6.371073644
LBY,2010,2.907367722
LBY,2011,-49.12785652
LBY,2012,91.78137027
LBY,2013,-19.6276938
LBY,2014,-24.51105369
LBY,2015,-2.430052652
LBY,2016,-2.98083262
LBY,2017,30.39506113
LBY,2018,6.203272049
LBY,2019,-12.49891742
LBY,2020,-30.40017174
LBY,2021,26.71874875
LBY,2022,-9.377305226
LBY,2023,8.921611333
LBY,2024,-1.620697545
LIE,1960,
LIE,1961,
LIE,1962,
LIE,1963,
LIE,1964,
LIE,1965,
LIE,1966,
LIE,1967,
LIE,1968,
LIE,1969,
LIE,1970,
LIE,1971,-0.495955811
LIE,1972,-0.774663753
LIE,1973,-1.244533564
LIE,1974,-1.218147038
LIE,1975,-0.014880252
LIE,1976,3.835534752
LIE,1977,3.11284892
LIE,1978,2.305880589
LIE,1979,2.518085181
LIE,1980,5.017366316
LIE,1981,4.157507649
LIE,1982,-3.771579283
LIE,1983,-0.187516371
LIE,1984,3.69754368
LIE,1985,5.89771061
LIE,1986,2.625449783
LIE,1987,7.966311921
LIE,1988,4.155953197
LIE,1989,3.130345914
LIE,1990,0.740886089
LIE,1991,0.17355027
LIE,1992,2.146510105
LIE,1993,2.730139334
LIE,1994,5.529878923
LIE,1995,4.822849646
LIE,1996,6.019964818
LIE,1997,6.541931671
LIE,1998,6.277622866
LIE,1999,8.515971445
LIE,2000,1.879547903
LIE,2001,-2.374881099
LIE,2002,-2.463114463
LIE,2003,-3.045404108
LIE,2004,1.938396554
LIE,2005,3.905066059
LIE,2006,7.764323224
LIE,2007,2.666660526
LIE,2008,1.192574519
LIE,2009,-1.901387488
LIE,2010,
LIE,2011,
LIE,2012,
LIE,2013,
LIE,2014,
LIE,2015,
LIE,2016,
LIE,2017,
LIE,2018,
LIE,2019,
LIE,2020,
LIE,2021,
LIE,2022,
LIE,2023,
LIE,2024,
LTU,1960,
LTU,1961,
LTU,1962,
LTU,1963,
LTU,1964,
LTU,1965,
LTU,1966,
LTU,1967,
LTU,1968,
LTU,1969,
LTU,1970,
LTU,1971,
LTU,1972,
LTU,1973,
LTU,1974,
LTU,1975,
LTU,1976,
LTU,1977,
LTU,1978,
LTU,1979,
LTU,1980,
LTU,1981,
LTU,1982,
LTU,1983,
LTU,1984,
LTU,1985,
LTU,1986,
LTU,1987,
LTU,1988,
LTU,1989,
LTU,1990,
LTU,1991,-5.835988198
LTU,1992,-21.17342213
LTU,1993,-15.82874461
LTU,1994,-9.137646806
LTU,1995,4.088200608
LTU,1996,5.828552841
LTU,1997,9.102660475
LTU,1998,8.244264266
LTU,1999,-0.392806939
LTU,2000,4.148617929
LTU,2001,7.365190179
LTU,2002,7.579997637
LTU,2003,11.45354178
LTU,2004,7.70478467
LTU,2005,9.500108219
LTU,2006,9.123676972
LTU,2007,12.40534514
LTU,2008,3.660124768
LTU,2009,-13.88775681
LTU,2010,2.555336048
LTU,2011,8.752238923
LTU,2012,5.743976084
LTU,2013,5.026825169
LTU,2014,4.620352866
LTU,2015,3.756324203
LTU,2016,3.877440546
LTU,2017,5.88872607
LTU,2018,5.790665482
LTU,2019,4.979383539
LTU,2020,0.068446214
LTU,2021,6.455358377
LTU,2022,1.6952855
LTU,2023,-1.053576873
LTU,2024,2.186539486
LMY,1960,
LMY,1961,-0.408613357
LMY,1962,1.539128892
LMY,1963,2.214597717
LMY,1964,5.248523831
LMY,1965,3.532240922
LMY,1966,2.308584323
LMY,1967,0.682321787
LMY,1968,3.494057174
LMY,1969,5.511488897
LMY,1970,5.282783679
LMY,1971,3.580113557
LMY,1972,3.653480544
LMY,1973,4.374203507
LMY,1974,3.61874994
LMY,1975,1.987837542
LMY,1976,4.002591886
LMY,1977,2.416282161
LMY,1978,1.539785862
LMY,1979,2.416261858
LMY,1980,2.547389943
LMY,1981,-0.188282308
LMY,1982,0.697164376
LMY,1983,-0.555883172
LMY,1984,2.502810143
LMY,1985,2.334074816
LMY,1986,1.517864482
LMY,1987,2.457423775
LMY,1988,1.97187466
LMY,1989,0.976712104
LMY,1990,1.047909033
LMY,1991,0.927159042
LMY,1992,2.361524427
LMY,1993,3.130447539
LMY,1994,3.311881224
LMY,1995,2.815882578
LMY,1996,4.444157291
LMY,1997,3.909802545
LMY,1998,1.652550086
LMY,1999,2.017903331
LMY,2000,3.936805768
LMY,2001,2.068631161
LMY,2002,3.249512781
LMY,2003,4.400788193
LMY,2004,6.131967918
LMY,2005,5.847650498
LMY,2006,6.701919425
LMY,2007,7.349346795
LMY,2008,4.487259101
LMY,2009,2.592175104
LMY,2010,6.68146424
LMY,2011,4.907339067
LMY,2012,4.028183326
LMY,2013,4.190196952
LMY,2014,3.797603048
LMY,2015,3.366080443
LMY,2016,3.416621375
LMY,2017,3.990670273
LMY,2018,3.721024008
LMY,2019,2.903535809
LMY,2020,-2.160188214
LMY,2021,6.329359298
LMY,2022,2.996260912
LMY,2023,3.834796673
LMY,2024,3.308200448
LIC,1960,
LIC,1961,
LIC,1962,
LIC,1963,
LIC,1964,
LIC,1965,
LIC,1966,
LIC,1967,
LIC,1968,
LIC,1969,
LIC,1970,
LIC,1971,
LIC,1972,
LIC,1973,
LIC,1974,
LIC,1975,
LIC,1976,
LIC,1977,
LIC,1978,
LIC,1979,
LIC,1980,
LIC,1981,0.767357216
LIC,1982,-0.849100323
LIC,1983,-1.753669475
LIC,1984,-3.156539579
LIC,1985,-0.54043719
LIC,1986,-0.621760815
LIC,1987,1.556286907
LIC,1988,1.342111638
LIC,1989,-2.475966459
LIC,1990,-5.601670871
LIC,1991,-0.144946627
LIC,1992,-2.04218685
LIC,1993,-3.037098464
LIC,1994,-1.275020012
LIC,1995,1.953123923
LIC,1996,2.125105471
LIC,1997,3.505268789
LIC,1998,1.929987227
LIC,1999,-0.412532517
LIC,2000,0.254331784
LIC,2001,1.274186876
LIC,2002,2.282826248
LIC,2003,2.548301956
LIC,2004,2.791665783
LIC,2005,3.248939737
LIC,2006,2.312740249
LIC,2007,2.485198382
LIC,2008,2.045128217
LIC,2009,0.543544278
LIC,2010,3.528612657
LIC,2011,-2.914997747
LIC,2012,-7.085549858
LIC,2013,-0.153893735
LIC,2014,0.612418778
LIC,2015,-4.475832931
LIC,2016,-1.885266944
LIC,2017,-0.929254021
LIC,2018,-0.070377071
LIC,2019,0.521036796
LIC,2020,-3.808590998
LIC,2021,-1.445605008
LIC,2022,0.937505491
LIC,2023,-2.877617571
LIC,2024,-0.425782081
LMC,1960,
LMC,1961,0.734432919
LMC,1962,1.245483697
LMC,1963,3.506679842
LMC,1964,3.919598265
LMC,1965,-0.38232965
LMC,1966,-0.976899185
LMC,1967,-0.754957183
LMC,1968,1.456425793
LMC,1969,5.368488352
LMC,1970,4.682151853
LMC,1971,2.411755215
LMC,1972,-0.615785113
LMC,1973,2.075480511
LMC,1974,2.322795198
LMC,1975,0.990535867
LMC,1976,2.930771951
LMC,1977,3.119743329
LMC,1978,1.26506686
LMC,1979,-0.947642076
LMC,1980,2.536817485
LMC,1981,-0.615887013
LMC,1982,-0.379214407
LMC,1983,-0.312464146
LMC,1984,0.128911541
LMC,1985,1.384793287
LMC,1986,1.296127864
LMC,1987,1.106955183
LMC,1988,4.138164133
LMC,1989,1.219609546
LMC,1990,2.501743564
LMC,1991,-0.25347875
LMC,1992,1.367839177
LMC,1993,0.062731109
LMC,1994,1.695549665
LMC,1995,2.846939405
LMC,1996,4.077529356
LMC,1997,1.796345179
LMC,1998,2.354626019
LMC,1999,3.222116021
LMC,2000,2.117774648
LMC,2001,2.273220011
LMC,2002,2.524504909
LMC,2003,3.985277918
LMC,2004,5.132616999
LMC,2005,4.798926971
LMC,2006,5.0833177
LMC,2007,5.003602623
LMC,2008,2.779560894
LMC,2009,4.146359279
LMC,2010,5.032548101
LMC,2011,2.999051107
LMC,2012,3.44588452
LMC,2013,3.992662012
LMC,2014,4.440045656
LMC,2015,4.326661669
LMC,2016,4.122405426
LMC,2017,3.922368045
LMC,2018,3.951357866
LMC,2019,2.647295644
LMC,2020,-4.893567933
LMC,2021,5.315316599
LMC,2022,4.833559485
LMC,2023,4.687014228
LMC,2024,3.819072239
LUX,1960,
LUX,1961,2.887846741
LUX,1962,0.124677246
LUX,1963,2.369929233
LUX,1964,6.664577026
LUX,1965,-1.857841595
LUX,1966,0.380680194
LUX,1967,-0.112343962
LUX,1968,3.918643274
LUX,1969,9.43521286
LUX,1970,1.258591295
LUX,1971,1.692794945
LUX,1972,5.312925549
LUX,1973,7.122771739
LUX,1974,2.862297657
LUX,1975,-7.586475317
LUX,1976,2.02809658
LUX,1977,1.393542675
LUX,1978,3.888387085
LUX,1979,2.1061435
LUX,1980,0.482551649
LUX,1981,-0.843674412
LUX,1982,1.048296169
LUX,1983,2.961758187
LUX,1984,6.077850797
LUX,1985,2.5932438
LUX,1986,9.491574153
LUX,1987,3.279465067
LUX,1988,7.67910836
LUX,1989,8.735310257
LUX,1990,4.009812422
LUX,1991,7.198408849
LUX,1992,0.476077518
LUX,1993,2.811217611
LUX,1994,2.416630508
LUX,1995,0.017300128
LUX,1996,0.027252339
LUX,1997,4.106638288
LUX,1998,5.355838095
LUX,1999,6.723967086
LUX,2000,5.510408914
LUX,2001,1.854575186
LUX,2002,2.149610813
LUX,2003,1.379893393
LUX,2004,2.76088619
LUX,2005,0.926765994
LUX,2006,4.339108666
LUX,2007,6.442030996
LUX,2008,-2.066473342
LUX,2009,-5.014263076
LUX,2010,1.883548243
LUX,2011,-1.176798005
LUX,2012,-0.762183314
LUX,2013,0.814651723
LUX,2014,0.232565199
LUX,2015,-0.115476551
LUX,2016,2.739791487
LUX,2017,-1.116113475
LUX,2018,-0.329840314
LUX,2019,0.752174049
LUX,2020,-2.154174483
LUX,2021,5.318430878
LUX,2022,-3.069660269
LUX,2023,-2.679521653
LUX,2024,-0.651008715
MAC,1960,
MAC,1961,
MAC,1962,
MAC,1963,
MAC,1964,
MAC,1965,
MAC,1966,
MAC,1967,
MAC,1968,
MAC,1969,
MAC,1970,
MAC,1971,
MAC,1972,
MAC,1973,
MAC,1974,
MAC,1975,
MAC,1976,
MAC,1977,
MAC,1978,
MAC,1979,
MAC,1980,
MAC,1981,
MAC,1982,
MAC,1983,4.03716911
MAC,1984,3.26486532
MAC,1985,-1.649057543
MAC,1986,4.404724065
MAC,1987,10.27070388
MAC,1988,4.689495572
MAC,1989,2.085095663
MAC,1990,4.803986182
MAC,1991,-1.263413408
MAC,1992,7.418887144
MAC,1993,1.597598572
MAC,1994,0.890437139
MAC,1995,0.140863289
MAC,1996,-1.809891829
MAC,1997,-0.805101565
MAC,1998,-5.700796532
MAC,1999,-3.523663146
MAC,2000,4.960736172
MAC,2001,2.105640699
MAC,2002,7.792949259
MAC,2003,10.3318262
MAC,2004,23.53970694
MAC,2005,3.784176716
MAC,2006,7.617650664
MAC,2007,9.641627832
MAC,2008,-0.394809777
MAC,2009,2.353376284
MAC,2010,24.65678152
MAC,2011,18.82831898
MAC,2012,5.721927575
MAC,2013,6.262152275
MAC,2014,-6.743501724
MAC,2015,-24.10240489
MAC,2016,-2.140455399
MAC,2017,10.55472488
MAC,2018,4.709641836
MAC,2019,-4.462848575
MAC,2020,-55.22886405
MAC,2021,24.06080573
MAC,2022,-18.99214221
MAC,2023,74.6750086
MAC,2024,7.509430559
MDG,1960,
MDG,1961,-0.579906019
MDG,1962,-0.350066309
MDG,1963,-3.458262076
MDG,1964,1.309705313
MDG,1965,-3.005528236
MDG,1966,-0.586251504
MDG,1967,2.739107271
MDG,1968,3.948953926
MDG,1969,0.870595035
MDG,1970,2.321284312
MDG,1971,0.950700359
MDG,1972,-4.140913377
MDG,1973,-5.473229301
MDG,1974,-1.004239935
MDG,1975,-1.745443111
MDG,1976,-5.954799121
MDG,1977,-0.691255504
MDG,1978,-5.57446503
MDG,1979,6.564170983
MDG,1980,-2.056481734
MDG,1981,-12.45359162
MDG,1982,-4.760168131
MDG,1983,-2.025328354
MDG,1984,-1.166805797
MDG,1985,-1.738706567
MDG,1986,-0.923938491
MDG,1987,-1.668148719
MDG,1988,0.476736578
MDG,1989,1.091465439
MDG,1990,0.129377411
MDG,1991,-9.06534605
MDG,1992,-1.818434336
MDG,1993,-0.967365508
MDG,1994,-3.100234351
MDG,1995,-1.486726004
MDG,1996,-1.080186943
MDG,1997,0.372555082
MDG,1998,0.572337046
MDG,1999,1.354572042
MDG,2000,1.194501965
MDG,2001,2.765905244
MDG,2002,-14.98820051
MDG,2003,6.614147364
MDG,2004,2.231916851
MDG,2005,1.731772067
MDG,2006,2.347263378
MDG,2007,2.653099507
MDG,2008,3.625791508
MDG,2009,-6.756948552
MDG,2010,-2.265802527
MDG,2011,-1.26548227
MDG,2012,0.200640942
MDG,2013,-0.444341802
MDG,2014,0.60571012
MDG,2015,0.445748708
MDG,2016,1.310635934
MDG,2017,1.262369943
MDG,2018,0.542519019
MDG,2019,1.730137229
MDG,2020,-9.491825796
MDG,2021,2.051158699
MDG,2022,1.6026818
MDG,2023,1.668875061
MDG,2024,1.693120253
MWI,1960,
MWI,1961,5.107606263
MWI,1962,-1.732379461
MWI,1963,-3.772528975
MWI,1964,0.175055259
MWI,1965,10.87460203
MWI,1966,10.50357555
MWI,1967,4.66157376
MWI,1968,-4.325322867
MWI,1969,3.30320711
MWI,1970,-1.965713365
MWI,1971,13.34479562
MWI,1972,3.549868151
MWI,1973,-0.346083962
MWI,1974,4.31175335
MWI,1975,3.156847718
MWI,1976,1.988310809
MWI,1977,1.71164067
MWI,1978,6.058983053
MWI,1979,0.610497053
MWI,1980,-3.387715223
MWI,1981,-8.937053149
MWI,1982,-1.464675619
MWI,1983,-0.294158569
MWI,1984,1.321349407
MWI,1985,0.623100536
MWI,1986,-3.823965079
MWI,1987,-3.113340928
MWI,1988,-2.245902107
MWI,1989,-3.326574604
MWI,1990,1.599705073
MWI,1991,5.43465732
MWI,1992,-9.992295407
MWI,1993,8.103157877
MWI,1994,-9.188219227
MWI,1995,16.8987564
MWI,1996,5.221492044
MWI,1997,1.730659587
MWI,1998,1.673113249
MWI,1999,0.66457829
MWI,2000,-0.830828162
MWI,2001,-7.246405544
MWI,2002,-0.760072947
MWI,2003,3.092548353
MWI,2004,2.728950463
MWI,2005,0.539880655
MWI,2006,1.854814551
MWI,2007,6.551346557
MWI,2008,4.558556158
MWI,2009,5.172348754
MWI,2010,3.769617523
MWI,2011,1.917989323
MWI,2012,-0.983601162
MWI,2013,2.460763685
MWI,2014,2.703864029
MWI,2015,0.007925183
MWI,2016,-0.256367435
MWI,2017,1.221380494
MWI,2018,1.602997456
MWI,2019,2.951510154
MWI,2020,-1.828352407
MWI,2021,1.880764329
MWI,2022,-1.637493994
MWI,2023,-0.694162804
MWI,2024,-0.763124396
MYS,1960,
MYS,1961,4.853550582
MYS,1962,3.681455493
MYS,1963,4.568810139
MYS,1964,2.658923523
MYS,1965,4.973814652
MYS,1966,5.165852021
MYS,1967,1.427491367
MYS,1968,5.555560285
MYS,1969,2.544409816
MYS,1970,3.579121956
MYS,1971,7.452014528
MYS,1972,6.792445056
MYS,1973,9.057731398
MYS,1974,5.753216264
MYS,1975,-1.580216832
MYS,1976,8.922229345
MYS,1977,5.196001933
MYS,1978,4.123887864
MYS,1979,6.75384889
MYS,1980,4.499932845
MYS,1981,3.623190038
MYS,1982,2.622318799
MYS,1983,2.882207329
MYS,1984,4.307471582
MYS,1985,-4.226035104
MYS,1986,-2.023691508
MYS,1987,1.855115403
MYS,1988,6.535061672
MYS,1989,5.794476153
MYS,1990,5.841093565
MYS,1991,6.503850992
MYS,1992,6.040177428
MYS,1993,7.118988492
MYS,1994,6.469228206
MYS,1995,7.07315866
MYS,1996,7.261940757
MYS,1997,4.686113829
MYS,1998,-9.607037076
MYS,1999,3.635889198
MYS,2000,6.336036106
MYS,2001,-1.869477291
MYS,2002,2.87262555
MYS,2003,3.314667348
MYS,2004,4.343213108
MYS,2005,2.970371272
MYS,2006,3.259406539
MYS,2007,4.013304403
MYS,2008,2.658064788
MYS,2009,-3.456026426
MYS,2010,5.434240704
MYS,2011,3.46597439
MYS,2012,3.692765691
MYS,2013,2.919232599
MYS,2014,4.204477579
MYS,2015,3.285785563
MYS,2016,2.620045576
MYS,2017,3.961865645
MYS,2018,3.074017791
MYS,2019,2.759501224
MYS,2020,-6.709335131
MYS,2021,2.131461998
MYS,2022,7.565683341
MYS,2023,2.28543525
MYS,2024,3.838942142
MDV,1960,
MDV,1961,
MDV,1962,
MDV,1963,
MDV,1964,
MDV,1965,
MDV,1966,
MDV,1967,
MDV,1968,
MDV,1969,
MDV,1970,
MDV,1971,2.04691011
MDV,1972,-0.651581795
MDV,1973,-1.420833901
MDV,1974,2.665357222
MDV,1975,-10.67556517
MDV,1976,-2.379099462
MDV,1977,8.026746055
MDV,1978,11.57890318
MDV,1979,7.76510253
MDV,1980,15.35379893
MDV,1981,8.668188278
MDV,1982,-5.683182574
MDV,1983,13.14428094
MDV,1984,23.4610603
MDV,1985,11.7921659
MDV,1986,5.603340532
MDV,1987,5.088993925
MDV,1988,5.151626831
MDV,1989,5.885899454
MDV,1990,13.2974406
MDV,1991,-1.638194443
MDV,1992,3.656408487
MDV,1993,2.82349331
MDV,1994,5.198607736
MDV,1995,10.42053722
MDV,1996,5.516030067
MDV,1997,6.227609104
MDV,1998,5.517609971
MDV,1999,4.38100509
MDV,2000,2.149408047
MDV,2001,-5.534039128
MDV,2002,5.484724314
MDV,2003,11.8797349
MDV,2004,4.195165195
MDV,2005,-12.63126685
MDV,2006,20.70664312
MDV,2007,3.6243286
MDV,2008,5.186575286
MDV,2009,-11.52650263
MDV,2010,3.080746902
MDV,2011,5.091168595
MDV,2012,-1.089879863
MDV,2013,3.431501874
MDV,2014,4.32797684
MDV,2015,0.341527892
MDV,2016,2.738960115
MDV,2017,3.574726854
MDV,2018,5.16982905
MDV,2019,3.715352668
MDV,2020,-34.83116707
MDV,2021,33.76855875
MDV,2022,12.09906281
MDV,2023,4.350487609
MDV,2024,4.774418537
MLI,1960,
MLI,1961,
MLI,1962,
MLI,1963,
MLI,1964,
MLI,1965,
MLI,1966,
MLI,1967,
MLI,1968,2.138662142
MLI,1969,-1.305879236
MLI,1970,4.466759447
MLI,1971,0.937140811
MLI,1972,4.117171135
MLI,1973,-3.148740093
MLI,1974,-3.263947099
MLI,1975,9.636135505
MLI,1976,11.60400067
MLI,1977,4.398941217
MLI,1978,-3.353506267
MLI,1979,8.216058667
MLI,1980,-6.298257119
MLI,1981,-0.632155796
MLI,1982,-9.351341566
MLI,1983,-0.386858869
MLI,1984,-2.403072977
MLI,1985,17.90143093
MLI,1986,0.807428063
MLI,1987,-1.86333873
MLI,1988,5.531831835
MLI,1989,2.256552195
MLI,1990,-4.402587343
MLI,1991,9.548488558
MLI,1992,-5.150046622
MLI,1993,1.043675952
MLI,1994,1.569970813
MLI,1995,-1.24232575
MLI,1996,4.773049178
MLI,1997,2.473612092
MLI,1998,4.881502387
MLI,1999,2.80275294
MLI,2000,-2.930155699
MLI,2001,11.95850584
MLI,2002,-0.047718336
MLI,2003,5.704769468
MLI,2004,-1.675790093
MLI,2005,4.040702701
MLI,2006,3.212297774
MLI,2007,0.515195639
MLI,2008,3.093204394
MLI,2009,1.279680647
MLI,2010,3.504165211
MLI,2011,0.710472561
MLI,2012,-3.431935966
MLI,2013,-0.564984485
MLI,2014,4.254772069
MLI,2015,2.710182314
MLI,2016,2.70047364
MLI,2017,2.068917712
MLI,2018,1.640975264
MLI,2019,1.87829273
MLI,2020,-4.106766109
MLI,2021,-0.006524311
MLI,2022,0.439682902
MLI,2023,1.648720986
MLI,2024,1.961178244
MLT,1960,
MLT,1961,
MLT,1962,
MLT,1963,
MLT,1964,
MLT,1965,
MLT,1966,
MLT,1967,
MLT,1968,
MLT,1969,
MLT,1970,
MLT,1971,2.437070257
MLT,1972,5.925811178
MLT,1973,4.232295007
MLT,1974,10.11073417
MLT,1975,18.68525676
MLT,1976,16.42315246
MLT,1977,11.74708387
MLT,1978,10.01006096
MLT,1979,9.376492786
MLT,1980,5.933049982
MLT,1981,2.554855453
MLT,1982,0.113836738
MLT,1983,-2.003414924
MLT,1984,0.921302662
MLT,1985,0.798852023
MLT,1986,2.163795699
MLT,1987,3.396064603
MLT,1988,7.527756972
MLT,1989,7.13131154
MLT,1990,5.256597735
MLT,1991,3.431027361
MLT,1992,3.616450272
MLT,1993,3.442436017
MLT,1994,4.667593813
MLT,1995,5.60371151
MLT,1996,3.09824364
MLT,1997,4.46341041
MLT,1998,4.444567093
MLT,1999,4.100969029
MLT,2000,18.91149148
MLT,2001,-1.499303243
MLT,2002,1.978025972
MLT,2003,3.014468683
MLT,2004,-0.264943762
MLT,2005,2.226957612
MLT,2006,1.963952816
MLT,2007,4.670981286
MLT,2008,3.732981366
MLT,2009,-2.135934706
MLT,2010,5.677001031
MLT,2011,0.564965068
MLT,2012,3.170686383
MLT,2013,5.09521146
MLT,2014,5.47816414
MLT,2015,6.971012094
MLT,2016,1.72254313
MLT,2017,9.924499155
MLT,2018,3.468401988
MLT,2019,-0.048219726
MLT,2020,-5.528931893
MLT,2021,12.71814802
MLT,2022,1.724392731
MLT,2023,2.616405418
MLT,2024,1.984174515
MHL,1960,
MHL,1961,
MHL,1962,
MHL,1963,
MHL,1964,
MHL,1965,
MHL,1966,
MHL,1967,
MHL,1968,
MHL,1969,
MHL,1970,
MHL,1971,-1.350581611
MHL,1972,-1.555588354
MHL,1973,30.71375674
MHL,1974,12.06349426
MHL,1975,-3.22228561
MHL,1976,-2.858875391
MHL,1977,-0.818190484
MHL,1978,2.31318925
MHL,1979,-1.055327217
MHL,1980,-10.31947527
MHL,1981,2.304314754
MHL,1982,0.499489676
MHL,1983,10.81614451
MHL,1984,-0.295604517
MHL,1985,-9.973634896
MHL,1986,19.70802056
MHL,1987,5.233282026
MHL,1988,3.986465182
MHL,1989,-4.544821029
MHL,1990,0.276656024
MHL,1991,-1.974666531
MHL,1992,5.246953403
MHL,1993,4.419296172
MHL,1994,4.504074581
MHL,1995,6.971215732
MHL,1996,-11.23900621
MHL,1997,-7.36490439
MHL,1998,-1.589100189
MHL,1999,-2.287923842
MHL,2000,1.436068676
MHL,2001,6.057837656
MHL,2002,3.027175496
MHL,2003,-1.969618743
MHL,2004,-0.700644285
MHL,2005,1.56552229
MHL,2006,0.010251972
MHL,2007,3.602839829
MHL,2008,-7.55746397
MHL,2009,3.687162471
MHL,2010,5.488489704
MHL,2011,-0.239905289
MHL,2012,-0.353868546
MHL,2013,5.320614526
MHL,2014,0.495281427
MHL,2015,3.965217352
MHL,2016,4.848125886
MHL,2017,6.18444128
MHL,2018,8.384961342
MHL,2019,13.6597363
MHL,2020,0.18904949
MHL,2021,4.49871565
MHL,2022,2.06474741
MHL,2023,-0.842141526
MHL,2024,6.271662283
MRT,1960,
MRT,1961,
MRT,1962,-1.940748988
MRT,1963,-4.642995576
MRT,1964,24.14315691
MRT,1965,12.83739869
MRT,1966,-2.682778439
MRT,1967,0.504409038
MRT,1968,6.90611599
MRT,1969,-1.790098893
MRT,1970,8.62046579
MRT,1971,-1.202064068
MRT,1972,-3.677135045
MRT,1973,-7.397111311
MRT,1974,8.875116815
MRT,1975,-7.892862124
MRT,1976,5.409717525
MRT,1977,-4.664153607
MRT,1978,-3.286940982
MRT,1979,1.861201091
MRT,1980,0.475989107
MRT,1981,0.529030035
MRT,1982,-5.111068248
MRT,1983,0.793234478
MRT,1984,-5.974175105
MRT,1985,0.0652218
MRT,1986,2.712768848
MRT,1987,-0.99208355
MRT,1988,-1.176058291
MRT,1989,2.179464154
MRT,1990,-4.228685169
MRT,1991,-1.142373687
MRT,1992,-1.950639346
MRT,1993,1.676677978
MRT,1994,-6.298255333
MRT,1995,6.848085148
MRT,1996,3.746998157
MRT,1997,-6.158469668
MRT,1998,0.146944913
MRT,1999,0.938401961
MRT,2000,-6.555624738
MRT,2001,-3.218403274
MRT,2002,-0.835751866
MRT,2003,4.509219376
MRT,2004,2.300584967
MRT,2005,5.965957148
MRT,2006,15.40394491
MRT,2007,-4.485873229
MRT,2008,-3.155576099
MRT,2009,-2.985687286
MRT,2010,-0.603277392
MRT,2011,0.846509289
MRT,2012,1.115024445
MRT,2013,0.935521309
MRT,2014,1.180702357
MRT,2015,2.255801645
MRT,2016,-1.729796675
MRT,2017,3.14237148
MRT,2018,1.702570472
MRT,2019,0.139308525
MRT,2020,-3.228954106
MRT,2021,-2.124177304
MRT,2022,3.712730841
MRT,2023,3.394023478
MRT,2024,2.209406168
MUS,1960,
MUS,1961,22.77221923
MUS,1962,-2.013536673
MUS,1963,10.96153098
MUS,1964,-9.104781116
MUS,1965,0.919382806
MUS,1966,-5.551620517
MUS,1967,2.372924237
MUS,1968,-8.580168729
MUS,1969,3.125716961
MUS,1970,-2.041604701
MUS,1971,2.629747993
MUS,1972,6.715799953
MUS,1973,10.32867199
MUS,1974,7.173158825
MUS,1975,-0.672886411
MUS,1976,21.77201066
MUS,1977,4.827831442
MUS,1978,2.482728188
MUS,1979,1.730491666
MUS,1980,-11.56492513
MUS,1981,4.324779863
MUS,1982,4.215300289
MUS,1983,-0.535170123
MUS,1984,3.609222391
MUS,1985,6.083876294
MUS,1986,8.906236903
MUS,1987,8.079466409
MUS,1988,6.058719163
MUS,1989,3.668090832
MUS,1990,6.425944037
MUS,1991,3.3141664
MUS,1992,5.120444415
MUS,1993,3.843628001
MUS,1994,2.688328517
MUS,1995,3.394776363
MUS,1996,4.513432614
MUS,1997,4.37241714
MUS,1998,4.962519426
MUS,1999,1.314748667
MUS,2000,7.144715947
MUS,2001,2.534262853
MUS,2002,0.911910217
MUS,2003,5.161670448
MUS,2004,3.677809302
MUS,2005,1.176699087
MUS,2006,4.377586821
MUS,2007,5.246496965
MUS,2008,5.006539055
MUS,2009,3.041100463
MUS,2010,4.129198848
MUS,2011,3.911001241
MUS,2012,3.209499479
MUS,2013,3.110405554
MUS,2014,3.639190074
MUS,2015,3.553356966
MUS,2016,3.791130707
MUS,2017,3.844308006
MUS,2018,3.950035487
MUS,2019,2.858125324
MUS,2020,-14.54849559
MUS,2021,3.377668734
MUS,2022,9.021163173
MUS,2023,5.13122105
MUS,2024,4.8212473
MEX,1960,
MEX,1961,1.770191769
MEX,1962,1.350066506
MEX,1963,4.644003515
MEX,1964,8.294290958
MEX,1965,3.621091873
MEX,1966,2.638070458
MEX,1967,2.411680217
MEX,1968,5.891182196
MEX,1969,0.131429928
MEX,1970,3.187293275
MEX,1971,0.59964863
MEX,1972,4.988543447
MEX,1973,4.6890383
MEX,1974,2.726681364
MEX,1975,2.76437783
MEX,1976,1.553952698
MEX,1977,0.631197757
MEX,1978,6.111974198
MEX,1979,6.907930142
MEX,1980,6.087866124
MEX,1981,7.053825547
MEX,1982,-2.236603975
MEX,1983,-6.662250183
MEX,1984,1.350950568
MEX,1985,-0.16765363
MEX,1986,-5.864544919
MEX,1987,0.037403536
MEX,1988,-0.761612938
MEX,1989,1.646419712
MEX,1990,3.251048911
MEX,1991,1.992701478
MEX,1992,1.625622561
MEX,1993,0.978743804
MEX,1994,2.516516227
MEX,1995,-7.570493728
MEX,1996,4.39127291
MEX,1997,5.410535218
MEX,1998,4.45852675
MEX,1999,1.12511671
MEX,2000,3.421405142
MEX,2001,-1.916296589
MEX,2002,-1.660630535
MEX,2003,-0.219450145
MEX,2004,2.161062313
MEX,2005,0.745413241
MEX,2006,3.395776765
MEX,2007,0.650788706
MEX,2008,-0.519889915
MEX,2009,-7.65517174
MEX,2010,3.470842869
MEX,2011,1.990263283
MEX,2012,2.1573183
MEX,2013,-0.447810747
MEX,2014,1.270914201
MEX,2015,1.609710129
MEX,2016,0.790955212
MEX,2017,0.923425367
MEX,2018,1.0113662
MEX,2019,-1.334621769
MEX,2020,-9.10287153
MEX,2021,5.343066791
MEX,2022,2.932857652
MEX,2023,2.398388167
MEX,2024,0.584780121
FSM,1960,
FSM,1961,
FSM,1962,
FSM,1963,
FSM,1964,
FSM,1965,
FSM,1966,
FSM,1967,
FSM,1968,
FSM,1969,
FSM,1970,
FSM,1971,-0.590187764
FSM,1972,-1.597779532
FSM,1973,30.35496872
FSM,1974,12.23488075
FSM,1975,-2.417625203
FSM,1976,-1.999650111
FSM,1977,-0.040596536
FSM,1978,2.734718647
FSM,1979,-1.010179313
FSM,1980,-10.01743312
FSM,1981,6.441391235
FSM,1982,-5.49319732
FSM,1983,-1.03232865
FSM,1984,-6.702504951
FSM,1985,13.26230659
FSM,1986,4.98453719
FSM,1987,-1.550998897
FSM,1988,0.169399591
FSM,1989,1.532934805
FSM,1990,1.802622528
FSM,1991,5.476473925
FSM,1992,1.971639785
FSM,1993,5.857970775
FSM,1994,-2.366528007
FSM,1995,5.893157516
FSM,1996,-3.602139035
FSM,1997,-6.366255671
FSM,1998,2.567941739
FSM,1999,1.0993985
FSM,2000,4.493327397
FSM,2001,1.875733973
FSM,2002,0.472782028
FSM,2003,1.719563567
FSM,2004,-2.768416216
FSM,2005,2.511722097
FSM,2006,0.535265989
FSM,2007,-1.077711698
FSM,2008,-1.562799859
FSM,2009,2.009854469
FSM,2010,2.65591372
FSM,2011,3.037190376
FSM,2012,-2.041456613
FSM,2013,-3.885555507
FSM,2014,-2.553625405
FSM,2015,4.313934826
FSM,2016,0.15337714
FSM,2017,0.449152479
FSM,2018,-0.38941306
FSM,2019,3.729603773
FSM,2020,-2.234995239
FSM,2021,2.445771809
FSM,2022,-3.33022071
FSM,2023,0.0218016
FSM,2024,0.247352209
MEA,1960,
MEA,1961,3.431168725
MEA,1962,2.702029159
MEA,1963,7.648753234
MEA,1964,6.652997652
MEA,1965,8.820192349
MEA,1966,3.765134601
MEA,1967,4.753505335
MEA,1968,9.1645347
MEA,1969,7.324841117
MEA,1970,14.12523826
MEA,1971,5.961716365
MEA,1972,10.44945695
MEA,1973,8.029990399
MEA,1974,5.613064232
MEA,1975,-2.815126784
MEA,1976,10.43130692
MEA,1977,0.682693198
MEA,1978,-3.264077935
MEA,1979,2.384300889
MEA,1980,-1.692680034
MEA,1981,-2.614760466
MEA,1982,-4.353642723
MEA,1983,-3.525348798
MEA,1984,-3.05397157
MEA,1985,-2.568924752
MEA,1986,-4.590686423
MEA,1987,-2.107718205
MEA,1988,-0.768707834
MEA,1989,0.801474837
MEA,1990,5.012282368
MEA,1991,-0.628002545
MEA,1992,3.237426185
MEA,1993,-0.315128877
MEA,1994,0.44814969
MEA,1995,0.658278887
MEA,1996,2.556072454
MEA,1997,1.64847554
MEA,1998,1.698300775
MEA,1999,0.367873977
MEA,2000,3.913758913
MEA,2001,-0.378560852
MEA,2002,-0.221403658
MEA,2003,2.30476883
MEA,2004,5.408316524
MEA,2005,2.803808356
MEA,2006,3.445398594
MEA,2007,2.735447753
MEA,2008,1.921545116
MEA,2009,-1.253747254
MEA,2010,2.677018332
MEA,2011,1.483581935
MEA,2012,1.702338892
MEA,2013,0.246718568
MEA,2014,1.065347375
MEA,2015,0.72744759
MEA,2016,2.594385471
MEA,2017,0.556937213
MEA,2018,0.998724068
MEA,2019,-0.201809023
MEA,2020,-5.057944408
MEA,2021,3.555231533
MEA,2022,4.369022481
MEA,2023,0.175209759
MEA,2024,0.021515456
MNA,1960,
MNA,1961,1.142543724
MNA,1962,0.01733537
MNA,1963,8.35065539
MNA,1964,7.301415388
MNA,1965,9.281760819
MNA,1966,4.295123801
MNA,1967,4.645435191
MNA,1968,9.351710955
MNA,1969,7.989929476
MNA,1970,5.730717033
MNA,1971,2.729194198
MNA,1972,8.898976547
MNA,1973,2.586642087
MNA,1974,4.426791155
MNA,1975,0.172234113
MNA,1976,11.79896119
MNA,1977,-1.273716959
MNA,1978,-4.721155475
MNA,1979,-3.466622755
MNA,1980,-6.227987483
MNA,1981,-4.447403954
MNA,1982,7.574413278
MNA,1983,1.553610852
MNA,1984,-2.949164684
MNA,1985,1.148636576
MNA,1986,-4.772567476
MNA,1987,-1.995692851
MNA,1988,-1.152033514
MNA,1989,-0.129117373
MNA,1990,6.169599378
MNA,1991,-1.589198799
MNA,1992,2.111213076
MNA,1993,-1.14602048
MNA,1994,-0.258328676
MNA,1995,0.470566953
MNA,1996,3.471205067
MNA,1997,1.07601518
MNA,1998,3.003588308
MNA,1999,1.839615675
MNA,2000,3.422373079
MNA,2001,0.610202427
MNA,2002,0.989162861
MNA,2003,0.56610642
MNA,2004,5.287714047
MNA,2005,2.59262157
MNA,2006,3.026584945
MNA,2007,3.532321366
MNA,2008,1.246081776
MNA,2009,0.582075865
MNA,2010,2.586761369
MNA,2011,-2.445229874
MNA,2012,1.50390701
MNA,2013,-0.792879223
MNA,2014,0.525218085
MNA,2015,-0.604846314
MNA,2016,3.853052976
MNA,2017,1.619959799
MNA,2018,0.762135697
MNA,2019,-0.572332789
MNA,2020,-4.549831761
MNA,2021,2.699503842
MNA,2022,2.427153795
MNA,2023,1.065505268
MNA,2024,0.231804488
TMN,1960,
TMN,1961,1.142543724
TMN,1962,0.01733537
TMN,1963,8.35065539
TMN,1964,7.301415388
TMN,1965,9.281760819
TMN,1966,4.295123801
TMN,1967,4.645435191
TMN,1968,9.351710955
TMN,1969,7.989929476
TMN,1970,5.730717033
TMN,1971,2.729194198
TMN,1972,8.898976547
TMN,1973,2.586642087
TMN,1974,4.426791155
TMN,1975,0.172234113
TMN,1976,11.79896119
TMN,1977,-1.273716959
TMN,1978,-4.721155475
TMN,1979,-3.466622755
TMN,1980,-6.227987483
TMN,1981,-4.447403954
TMN,1982,7.574413278
TMN,1983,1.553610852
TMN,1984,-2.949164684
TMN,1985,1.148636576
TMN,1986,-4.772567476
TMN,1987,-1.995692851
TMN,1988,-1.152033514
TMN,1989,-0.129117373
TMN,1990,6.754080615
TMN,1991,-1.580073207
TMN,1992,2.121140689
TMN,1993,-1.135803645
TMN,1994,-0.247022033
TMN,1995,0.457382112
TMN,1996,3.514626163
TMN,1997,1.02149134
TMN,1998,2.945098446
TMN,1999,1.811508723
TMN,2000,3.533283818
TMN,2001,0.691884236
TMN,2002,1.081995898
TMN,2003,0.513730967
TMN,2004,5.212768904
TMN,2005,2.555661896
TMN,2006,3.069994441
TMN,2007,3.547212158
TMN,2008,1.226192542
TMN,2009,0.549259272
TMN,2010,2.583467788
TMN,2011,-2.508679332
TMN,2012,1.488475232
TMN,2013,-0.816467711
TMN,2014,0.548417697
TMN,2015,-0.620743186
TMN,2016,3.831689231
TMN,2017,1.637516912
TMN,2018,0.777894437
TMN,2019,-0.568460333
TMN,2020,-4.479209905
TMN,2021,2.686848856
TMN,2022,2.433132539
TMN,2023,1.123899697
TMN,2024,0.428600619
MIC,1960,
MIC,1961,-0.221181427
MIC,1962,1.28370049
MIC,1963,2.334722754
MIC,1964,5.519481909
MIC,1965,3.626722476
MIC,1966,2.379041785
MIC,1967,0.724525484
MIC,1968,3.590491039
MIC,1969,5.579914493
MIC,1970,5.444822549
MIC,1971,3.637744284
MIC,1972,3.795474037
MIC,1973,4.545652752
MIC,1974,3.639595503
MIC,1975,2.052261812
MIC,1976,4.101063731
MIC,1977,2.492637561
MIC,1978,1.685633174
MIC,1979,2.566834776
MIC,1980,2.624132543
MIC,1981,-0.219037255
MIC,1982,0.731366328
MIC,1983,-0.507659681
MIC,1984,2.65925927
MIC,1985,2.419816019
MIC,1986,1.582080474
MIC,1987,2.493346565
MIC,1988,1.999544713
MIC,1989,1.065888508
MIC,1990,1.19385303
MIC,1991,0.965126846
MIC,1992,2.493972959
MIC,1993,3.318233662
MIC,1994,3.454551787
MIC,1995,2.883650788
MIC,1996,4.547567211
MIC,1997,3.97340274
MIC,1998,1.70411173
MIC,1999,2.126432025
MIC,2000,4.064789733
MIC,2001,2.143552902
MIC,2002,3.347231515
MIC,2003,4.522660842
MIC,2004,6.279132421
MIC,2005,5.984931057
MIC,2006,6.884182699
MIC,2007,7.540741683
MIC,2008,4.627560095
MIC,2009,2.725736721
MIC,2010,6.8400231
MIC,2011,5.149550531
MIC,2012,4.311801926
MIC,2013,4.341691455
MIC,2014,3.927511019
MIC,2015,3.571477483
MIC,2016,3.59481993
MIC,2017,4.173128126
MIC,2018,3.900460582
MIC,2019,3.076440825
MIC,2020,-1.99846784
MIC,2021,6.582264204
MIC,2022,3.176473288
MIC,2023,4.080781449
MIC,2024,3.517947809
MDA,1960,
MDA,1961,
MDA,1962,
MDA,1963,
MDA,1964,
MDA,1965,
MDA,1966,
MDA,1967,
MDA,1968,
MDA,1969,
MDA,1970,
MDA,1971,
MDA,1972,
MDA,1973,
MDA,1974,
MDA,1975,
MDA,1976,
MDA,1977,
MDA,1978,
MDA,1979,
MDA,1980,
MDA,1981,
MDA,1982,
MDA,1983,
MDA,1984,
MDA,1985,
MDA,1986,
MDA,1987,
MDA,1988,
MDA,1989,
MDA,1990,
MDA,1991,-16.10294483
MDA,1992,-29.08570559
MDA,1993,-1.034036612
MDA,1994,-30.68522912
MDA,1995,-0.947765203
MDA,1996,-5.688417961
MDA,1997,2.023687352
MDA,1998,-6.504429764
MDA,1999,-3.216413267
MDA,2000,2.315585605
MDA,2001,6.337532694
MDA,2002,8.049932249
MDA,2003,6.900611284
MDA,2004,7.666087053
MDA,2005,7.761886245
MDA,2006,5.091668016
MDA,2007,3.238946836
MDA,2008,8.005391955
MDA,2009,-5.881237715
MDA,2010,7.206974611
MDA,2011,5.879385123
MDA,2012,-0.576700868
MDA,2013,9.073075577
MDA,2014,5.06366581
MDA,2015,0.429158888
MDA,2016,5.870175764
MDA,2017,5.990411998
MDA,2018,5.920367182
MDA,2019,5.22280985
MDA,2020,-7.263269768
MDA,2021,15.65579761
MDA,2022,-2.066404261
MDA,2023,4.11813606
MDA,2024,2.973327755
MCO,1960,
MCO,1961,
MCO,1962,
MCO,1963,
MCO,1964,
MCO,1965,
MCO,1966,
MCO,1967,
MCO,1968,
MCO,1969,
MCO,1970,
MCO,1971,3.742295992
MCO,1972,3.444487863
MCO,1973,5.661276289
MCO,1974,3.799779999
MCO,1975,-2.00174538
MCO,1976,2.818943194
MCO,1977,2.063374882
MCO,1978,2.656329765
MCO,1979,2.429254877
MCO,1980,0.823144359
MCO,1981,0.290065073
MCO,1982,1.436348679
MCO,1983,-0.249118009
MCO,1984,0.067254092
MCO,1985,0.381187158
MCO,1986,1.177564697
MCO,1987,1.25598439
MCO,1988,3.421994528
MCO,1989,3.114543875
MCO,1990,1.717032587
MCO,1991,0.13444211
MCO,1992,0.506793651
MCO,1993,-1.706328316
MCO,1994,1.436993655
MCO,1995,1.361184348
MCO,1996,0.386629437
MCO,1997,1.516617448
MCO,1998,2.848892604
MCO,1999,2.844754452
MCO,2000,3.766154736
MCO,2001,2.212928681
MCO,2002,1.104397223
MCO,2003,1.237416135
MCO,2004,2.682991421
MCO,2005,2.202270835
MCO,2006,6.322689524
MCO,2007,15.22830042
MCO,2008,0.750035773
MCO,2009,-12.78347252
MCO,2010,-0.393849531
MCO,2011,4.55377433
MCO,2012,-1.214002298
MCO,2013,7.301905942
MCO,2014,5.166590278
MCO,2015,3.115104909
MCO,2016,1.574239751
MCO,2017,-4.23891094
MCO,2018,4.379239971
MCO,2019,7.247380376
MCO,2020,-13.10457414
MCO,2021,20.71886737
MCO,2022,9.894568218
MCO,2023,4.975971036
MCO,2024,
MNG,1960,
MNG,1961,
MNG,1962,
MNG,1963,
MNG,1964,
MNG,1965,
MNG,1966,
MNG,1967,
MNG,1968,
MNG,1969,
MNG,1970,
MNG,1971,
MNG,1972,
MNG,1973,
MNG,1974,
MNG,1975,
MNG,1976,
MNG,1977,
MNG,1978,
MNG,1979,
MNG,1980,
MNG,1981,
MNG,1982,5.762662585
MNG,1983,3.303869537
MNG,1984,3.375609373
MNG,1985,3.118070651
MNG,1986,6.630804305
MNG,1987,0.807482245
MNG,1988,2.398571316
MNG,1989,1.830810284
MNG,1990,-2.009273575
MNG,1991,-11.50323102
MNG,1992,-9.358938809
MNG,1993,-3.049828248
MNG,1994,1.002430354
MNG,1995,4.676752523
MNG,1996,0.671279563
MNG,1997,2.43497398
MNG,1998,1.914270795
MNG,1999,1.627006954
MNG,2000,-0.18739105
MNG,2001,1.698585023
MNG,2002,3.395455999
MNG,2003,5.652308562
MNG,2004,9.388880568
MNG,2005,6.06987815
MNG,2006,7.255463562
MNG,2007,8.778438288
MNG,2008,7.196699126
MNG,2009,-3.026463743
MNG,2010,4.520040397
MNG,2011,15.28304349
MNG,2012,10.20814609
MNG,2013,9.364878417
MNG,2014,5.551308846
MNG,2015,0.223539088
MNG,2016,-0.547071462
MNG,2017,3.62200701
MNG,2018,5.754270166
MNG,2019,3.679884212
MNG,2020,-6.265423783
MNG,2021,-0.061421283
MNG,2022,3.503077669
MNG,2023,5.959523332
MNG,2024,3.565602887
MNE,1960,
MNE,1961,
MNE,1962,
MNE,1963,
MNE,1964,
MNE,1965,
MNE,1966,
MNE,1967,
MNE,1968,
MNE,1969,
MNE,1970,
MNE,1971,
MNE,1972,
MNE,1973,
MNE,1974,
MNE,1975,
MNE,1976,
MNE,1977,
MNE,1978,
MNE,1979,
MNE,1980,
MNE,1981,
MNE,1982,
MNE,1983,
MNE,1984,
MNE,1985,
MNE,1986,
MNE,1987,
MNE,1988,
MNE,1989,
MNE,1990,
MNE,1991,
MNE,1992,
MNE,1993,
MNE,1994,
MNE,1995,
MNE,1996,
MNE,1997,
MNE,1998,5.220750291
MNE,1999,-9.151670806
MNE,2000,3.27911916
MNE,2001,0.693867402
MNE,2002,1.496373122
MNE,2003,2.074413797
MNE,2004,4.241154432
MNE,2005,4.026604843
MNE,2006,8.43155401
MNE,2007,6.662736076
MNE,2008,7.032626846
MNE,2009,-5.996977486
MNE,2010,2.54625316
MNE,2011,3.075857722
MNE,2012,-2.891757217
MNE,2013,3.35455125
MNE,2014,1.594897183
MNE,2015,3.240257446
MNE,2016,2.833712962
MNE,2017,4.611243949
MNE,2018,5.001399969
MNE,2019,4.010643961
MNE,2020,-15.28486184
MNE,2021,13.32143717
MNE,2022,6.656149238
MNE,2023,6.348271128
MNE,2024,2.990433417
MAR,1960,
MAR,1961,
MAR,1962,
MAR,1963,
MAR,1964,
MAR,1965,
MAR,1966,
MAR,1967,7.083911883
MAR,1968,6.953817862
MAR,1969,5.491123386
MAR,1970,1.921694894
MAR,1971,2.858048911
MAR,1972,-0.103994571
MAR,1973,1.027929736
MAR,1974,3.043166641
MAR,1975,5.013495002
MAR,1976,8.16792588
MAR,1977,3.400827013
MAR,1978,-0.388806819
MAR,1979,2.087186811
MAR,1980,0.906508824
MAR,1981,-4.357022449
MAR,1982,6.09558534
MAR,1983,-1.226753073
MAR,1984,3.781666462
MAR,1985,3.5043764
MAR,1986,6.906631474
MAR,1987,-2.295994506
MAR,1988,9.740376437
MAR,1989,0.950764805
MAR,1990,1.551381446
MAR,1991,5.374165378
MAR,1992,-3.712877262
MAR,1993,-2.308271366
MAR,1994,8.934930148
MAR,1995,-6.850937356
MAR,1996,10.62617699
MAR,1997,-3.058480499
MAR,1998,5.619102081
MAR,1999,0.193527269
MAR,2000,1.119234492
MAR,2001,6.224629017
MAR,2002,2.334860557
MAR,2003,4.797592794
MAR,2004,3.207134712
MAR,2005,1.78494972
MAR,2006,6.31205425
MAR,2007,2.033027044
MAR,2008,4.249780335
MAR,2009,2.343925498
MAR,2010,2.079764887
MAR,2011,4.065610206
MAR,2012,1.663846384
MAR,2013,2.757864878
MAR,2014,1.438524953
MAR,2015,3.106347192
MAR,2016,-0.693616602
MAR,2017,3.783712091
MAR,2018,1.914106633
MAR,2019,1.816420556
MAR,2020,-8.138669504
MAR,2021,7.060629957
MAR,2022,0.496491364
MAR,2023,2.338229245
MAR,2024,2.223554117
MOZ,1960,
MOZ,1961,
MOZ,1962,
MOZ,1963,
MOZ,1964,
MOZ,1965,
MOZ,1966,
MOZ,1967,
MOZ,1968,
MOZ,1969,
MOZ,1970,
MOZ,1971,
MOZ,1972,
MOZ,1973,
MOZ,1974,
MOZ,1975,
MOZ,1976,
MOZ,1977,
MOZ,1978,
MOZ,1979,
MOZ,1980,
MOZ,1981,2.895070091
MOZ,1982,-8.917546546
MOZ,1983,-17.44168773
MOZ,1984,-8.338212496
MOZ,1985,-0.875259465
MOZ,1986,-3.995546078
MOZ,1987,14.23488779
MOZ,1988,8.386091059
MOZ,1989,5.623008734
MOZ,1990,-0.447724917
MOZ,1991,2.901508579
MOZ,1992,-9.350159503
MOZ,1993,7.483208488
MOZ,1994,-0.517089158
MOZ,1995,-3.806416616
MOZ,1996,7.125514663
MOZ,1997,8.796915519
MOZ,1998,7.883878089
MOZ,1999,9.332531138
MOZ,2000,-1.430027457
MOZ,2001,10.36744768
MOZ,2002,7.23540386
MOZ,2003,4.817431122
MOZ,2004,5.762294959
MOZ,2005,3.881241087
MOZ,2006,7.359387898
MOZ,2007,5.118134814
MOZ,2008,4.275022963
MOZ,2009,3.219648615
MOZ,2010,3.861945687
MOZ,2011,4.19033882
MOZ,2012,4.938054791
MOZ,2013,3.535004572
MOZ,2014,4.625141598
MOZ,2015,4.322312866
MOZ,2016,1.673197899
MOZ,2017,-0.383714309
MOZ,2018,0.445674339
MOZ,2019,-0.646283516
MOZ,2020,-4.105273995
MOZ,2021,-0.606316437
MOZ,2022,1.333359974
MOZ,2023,2.368236363
MOZ,2024,-1.079236062
MMR,1960,
MMR,1961,-1.701259406
MMR,1962,1.821560239
MMR,1963,10.86540546
MMR,1964,-7.971034807
MMR,1965,8.221081854
MMR,1966,-6.985885862
MMR,1967,-8.035602663
MMR,1968,9.544620864
MMR,1969,0.978225674
MMR,1970,2.632501728
MMR,1971,1.829950519
MMR,1972,0.197812383
MMR,1973,-3.008592153
MMR,1974,3.307365946
MMR,1975,2.15640117
MMR,1976,4.072357415
MMR,1977,3.934490772
MMR,1978,4.462251151
MMR,1979,3.188770593
MMR,1980,5.889859209
MMR,1981,4.37186577
MMR,1982,3.692322741
MMR,1983,2.373050408
MMR,1984,2.779671849
MMR,1985,0.81909433
MMR,1986,-2.892363754
MMR,1987,-5.665847512
MMR,1988,-12.79771138
MMR,1989,2.072513012
MMR,1990,1.260801813
MMR,1991,-2.069509285
MMR,1992,8.171526315
MMR,1993,4.628818575
MMR,1994,6.065418344
MMR,1995,5.566950244
MMR,1996,5.087303377
MMR,1997,4.312620803
MMR,1998,4.55299761
MMR,1999,9.63242064
MMR,2000,12.48237461
MMR,2001,10.17561236
MMR,2002,10.90722713
MMR,2003,12.78394475
MMR,2004,12.59575389
MMR,2005,12.68413266
MMR,2006,12.25552402
MMR,2007,11.20043782
MMR,2008,9.649811133
MMR,2009,9.937364264
MMR,2010,8.820589435
MMR,2011,4.746580786
MMR,2012,6.433248076
MMR,2013,7.508738815
MMR,2014,7.275686185
MMR,2015,6.139600078
MMR,2016,5.026521189
MMR,2017,5.319574035
MMR,2018,5.501797464
MMR,2019,5.833094747
MMR,2020,-9.693060345
MMR,2021,-12.62710001
MMR,2022,3.322028415
MMR,2023,0.255328678
MMR,2024,-1.637609453
NAM,1960,
NAM,1961,
NAM,1962,
NAM,1963,
NAM,1964,
NAM,1965,
NAM,1966,
NAM,1967,
NAM,1968,
NAM,1969,
NAM,1970,
NAM,1971,
NAM,1972,
NAM,1973,
NAM,1974,
NAM,1975,
NAM,1976,
NAM,1977,
NAM,1978,
NAM,1979,
NAM,1980,
NAM,1981,-0.154344011
NAM,1982,-2.153704676
NAM,1983,-4.397588557
NAM,1984,-2.902072688
NAM,1985,-2.366051783
NAM,1986,1.600301326
NAM,1987,0.290096708
NAM,1988,-2.670945671
NAM,1989,-4.404113073
NAM,1990,-3.941079989
NAM,1991,4.621863139
NAM,1992,3.841752317
NAM,1993,-4.670066503
NAM,1994,-1.382015342
NAM,1995,0.924653082
NAM,1996,0.437241203
NAM,1997,1.557257936
NAM,1998,0.699616557
NAM,1999,0.830796515
NAM,2000,1.086248611
NAM,2001,-0.914261312
NAM,2002,2.963313565
NAM,2003,2.745127953
NAM,2004,10.84640957
NAM,2005,1.251936345
NAM,2006,5.712860996
NAM,2007,3.97963641
NAM,2008,1.222883292
NAM,2009,-1.168738797
NAM,2010,4.409968776
NAM,2011,3.303489085
NAM,2012,2.748093671
NAM,2013,2.902083757
NAM,2014,3.356350179
NAM,2015,1.534458262
NAM,2016,-2.628332104
NAM,2017,-3.697734527
NAM,2018,-1.703426646
NAM,2019,-3.5764916
NAM,2020,-10.73729311
NAM,2021,0.588992664
NAM,2022,2.513088065
NAM,2023,1.854448738
NAM,2024,1.417120367
NRU,1960,
NRU,1961,
NRU,1962,
NRU,1963,
NRU,1964,
NRU,1965,
NRU,1966,
NRU,1967,
NRU,1968,
NRU,1969,
NRU,1970,
NRU,1971,2.107095158
NRU,1972,2.14311457
NRU,1973,2.089108262
NRU,1974,2.051181071
NRU,1975,1.955851892
NRU,1976,-3.876077791
NRU,1977,-4.159919114
NRU,1978,-4.61446454
NRU,1979,-5.029006643
NRU,1980,-5.116415958
NRU,1981,-5.172254153
NRU,1982,-5.246328334
NRU,1983,-4.898569565
NRU,1984,-4.684540613
NRU,1985,-4.794280012
NRU,1986,-4.940060226
NRU,1987,-5.032864603
NRU,1988,-5.138965267
NRU,1989,-5.145419746
NRU,1990,-5.159972389
NRU,1991,-20.86884198
NRU,1992,-17.68924535
NRU,1993,-16.78996189
NRU,1994,-4.198050847
NRU,1995,-8.177120657
NRU,1996,-12.01530267
NRU,1997,-9.078614896
NRU,1998,-11.79662537
NRU,1999,-6.467321636
NRU,2000,-6.682144259
NRU,2001,-6.4113279
NRU,2002,-9.5427609
NRU,2003,0.513958692
NRU,2004,-4.324337954
NRU,2005,-0.246574552
NRU,2006,8.490703342
NRU,2007,-22.07658185
NRU,2008,20.51320752
NRU,2009,-5.717870946
NRU,2010,-0.428390794
NRU,2011,13.77156896
NRU,2012,23.21715968
NRU,2013,1.183926106
NRU,2014,13.98475339
NRU,2015,0.710434686
NRU,2016,2.528693889
NRU,2017,-7.45542338
NRU,2018,-2.535970872
NRU,2019,7.456828848
NRU,2020,1.49131173
NRU,2021,6.602304355
NRU,2022,2.148913509
NRU,2023,0.019224283
NRU,2024,1.146981503
NPL,1960,
NPL,1961,-0.015037989
NPL,1962,-0.053279655
NPL,1963,-0.086815131
NPL,1964,5.40492265
NPL,1965,-3.210521715
NPL,1966,4.832982832
NPL,1967,-3.632574521
NPL,1968,-1.468452245
NPL,1969,2.224509312
NPL,1970,0.355960221
NPL,1971,-3.324383248
NPL,1972,0.902574752
NPL,1973,-2.621706228
NPL,1974,4.03586161
NPL,1975,-0.754394199
NPL,1976,2.138249704
NPL,1977,0.732523782
NPL,1978,2.00998844
NPL,1979,0.00420813
NPL,1980,-4.596154042
NPL,1981,5.828999747
NPL,1982,1.387926123
NPL,1983,-5.251261133
NPL,1984,7.138162333
NPL,1985,3.76149168
NPL,1986,2.280812133
NPL,1987,-0.435088375
NPL,1988,5.453988667
NPL,1989,2.035084103
NPL,1990,2.133569228
NPL,1991,3.650473751
NPL,1992,1.210949587
NPL,1993,1.052828784
NPL,1994,5.538591444
NPL,1995,1.012793281
NPL,1996,3.029115232
NPL,1997,2.887868242
NPL,1998,1.011367515
NPL,1999,2.487320854
NPL,2000,4.377210355
NPL,2001,3.118510504
NPL,2002,-1.390743608
NPL,2003,2.489263454
NPL,2004,3.363247826
NPL,2005,2.327545345
NPL,2006,2.368661192
NPL,2007,2.550455201
NPL,2008,5.312314943
NPL,2009,3.829096106
NPL,2010,4.168864892
NPL,2011,2.960357808
NPL,2012,4.402446307
NPL,2013,3.31847431
NPL,2014,5.695912117
NPL,2015,3.410803
NPL,2016,-0.04051103
NPL,2017,8.760206054
NPL,2018,7.360097315
NPL,2019,5.401921603
NPL,2020,-4.231827769
NPL,2021,3.029719712
NPL,2022,4.776657252
NPL,2023,2.054059069
NPL,2024,3.817667838
NLD,1960,
NLD,1961,-1.014997573
NLD,1962,5.332336874
NLD,1963,2.236631337
NLD,1964,6.836068175
NLD,1965,7.161982015
NLD,1966,1.408870388
NLD,1967,4.093774101
NLD,1968,5.316671613
NLD,1969,5.204136994
NLD,1970,4.833288512
NLD,1971,3.083858425
NLD,1972,2.492243351
NLD,1973,4.575449107
NLD,1974,2.631265243
NLD,1975,-0.885418101
NLD,1976,3.639544547
NLD,1977,1.912636053
NLD,1978,2.066332785
NLD,1979,1.312405546
NLD,1980,0.543127879
NLD,1981,-1.461952927
NLD,1982,-1.692590092
NLD,1983,1.683618654
NLD,1984,2.653403885
NLD,1985,2.102934836
NLD,1986,2.218131491
NLD,1987,1.286514919
NLD,1988,2.775043452
NLD,1989,3.795569466
NLD,1990,3.468277532
NLD,1991,1.635054768
NLD,1992,0.940014972
NLD,1993,0.554249719
NLD,1994,2.342168192
NLD,1995,2.607973326
NLD,1996,2.944498341
NLD,1997,3.713221618
NLD,1998,4.00446948
NLD,1999,4.346586151
NLD,2000,3.477477809
NLD,2001,1.554104164
NLD,2002,-0.392037086
NLD,2003,-0.373331239
NLD,2004,1.662443524
NLD,2005,1.795825919
NLD,2006,3.371213395
NLD,2007,3.659579058
NLD,2008,1.72005565
NLD,2009,-4.159453223
NLD,2010,0.800960653
NLD,2011,1.299750338
NLD,2012,-1.343636057
NLD,2013,-0.324530183
NLD,2014,1.247636248
NLD,2015,1.66898777
NLD,2016,1.880653145
NLD,2017,2.175690915
NLD,2018,1.663357437
NLD,2019,1.632142918
NLD,2020,-4.400525373
NLD,2021,5.72193523
NLD,2022,4.01097881
NLD,2023,-0.911427721
NLD,2024,0.322423407
NCL,1960,
NCL,1961,
NCL,1962,
NCL,1963,
NCL,1964,
NCL,1965,
NCL,1966,-6.51878157
NCL,1967,2.442551615
NCL,1968,11.04782562
NCL,1969,11.95508346
NCL,1970,25.62096004
NCL,1971,2.162881775
NCL,1972,-1.271766457
NCL,1973,-15.19723122
NCL,1974,7.67100959
NCL,1975,1.843189883
NCL,1976,-1.032701899
NCL,1977,0.132420916
NCL,1978,8.45518362
NCL,1979,-14.61488363
NCL,1980,-1.520201266
NCL,1981,-7.997298655
NCL,1982,1.355920958
NCL,1983,-3.265753748
NCL,1984,0.133296625
NCL,1985,2.771094638
NCL,1986,-2.619028841
NCL,1987,3.943972516
NCL,1988,32.32181285
NCL,1989,8.724237839
NCL,1990,1.000842243
NCL,1991,2.132220429
NCL,1992,-2.091433292
NCL,1993,-1.990600549
NCL,1994,0.09536793
NCL,1995,3.420783835
NCL,1996,-1.83068993
NCL,1997,-0.195960723
NCL,1998,-5.229457734
NCL,1999,-1.168371747
NCL,2000,0.008204832
NCL,2001,
NCL,2002,
NCL,2003,
NCL,2004,
NCL,2005,
NCL,2006,
NCL,2007,
NCL,2008,
NCL,2009,
NCL,2010,
NCL,2011,
NCL,2012,
NCL,2013,
NCL,2014,
NCL,2015,
NCL,2016,
NCL,2017,
NCL,2018,3.997541156
NCL,2019,-1.422598254
NCL,2020,-2.595766005
NCL,2021,-2.456294569
NCL,2022,2.811857632
NCL,2023,
NCL,2024,
NZL,1960,
NZL,1961,1.270429331
NZL,1962,0.493468773
NZL,1963,4.015109916
NZL,1964,3.90357237
NZL,1965,4.375769122
NZL,1966,4.362441874
NZL,1967,-6.277610877
NZL,1968,-0.921752584
NZL,1969,9.213061831
NZL,1970,-2.727180543
NZL,1971,2.246683016
NZL,1972,3.276565071
NZL,1973,5.710744097
NZL,1974,3.806057607
NZL,1975,-3.62495242
NZL,1976,0.039743261
NZL,1977,-4.234977899
NZL,1978,0.286422345
NZL,1979,2.59278416
NZL,1980,1.157358125
NZL,1981,4.253763422
NZL,1982,-0.068068504
NZL,1983,2.094083735
NZL,1984,3.889957951
NZL,1985,0.989450984
NZL,1986,2.730952347
NZL,1987,0.104334725
NZL,1988,-0.626814137
NZL,1989,-0.318262384
NZL,1990,-0.767240782
NZL,1991,-5.768682808
NZL,1992,0.046170925
NZL,1993,5.185309114
NZL,1994,3.73120972
NZL,1995,3.199742406
NZL,1996,1.984961364
NZL,1997,0.748379238
NZL,1998,-0.032531602
NZL,1999,4.825437611
NZL,2000,2.267395839
NZL,2001,2.803398575
NZL,2002,2.910130455
NZL,2003,2.681434751
NZL,2004,2.552428625
NZL,2005,2.192866683
NZL,2006,1.53451584
NZL,2007,2.099976331
NZL,2008,-1.853553474
NZL,2009,-1.031840781
NZL,2010,0.336940896
NZL,2011,1.31801414
NZL,2012,1.806648746
NZL,2013,1.804317788
NZL,2014,2.116059879
NZL,2015,1.600544966
NZL,2016,1.47418018
NZL,2017,1.241831776
NZL,2018,1.633676224
NZL,2019,0.702321767
NZL,2020,-2.481207761
NZL,2021,4.10387218
NZL,2022,3.37907842
NZL,2023,-1.078260064
NZL,2024,-1.875675824
NIC,1960,
NIC,1961,4.332080138
NIC,1962,7.616849942
NIC,1963,7.577363531
NIC,1964,8.363543375
NIC,1965,6.222250138
NIC,1966,0.153568912
NIC,1967,3.683799243
NIC,1968,-1.786117992
NIC,1969,2.95511711
NIC,1970,-1.769402118
NIC,1971,0.13266521
NIC,1972,-0.70869482
NIC,1973,3.376273078
NIC,1974,10.73176233
NIC,1975,-3.161399435
NIC,1976,2.060689885
NIC,1977,5.157007592
NIC,1978,-10.46512681
NIC,1979,-28.43525776
NIC,1980,1.78518532
NIC,1981,2.425962931
NIC,1982,-3.5008065
NIC,1983,1.900686239
NIC,1984,-3.981911863
NIC,1985,-6.342986172
NIC,1986,-3.304669533
NIC,1987,-2.957297517
NIC,1988,-14.43686584
NIC,1989,-4.013389356
NIC,1990,-2.35955547
NIC,1991,-2.463988219
NIC,1992,-1.857506432
NIC,1993,-2.555751575
NIC,1994,1.166535276
NIC,1995,3.776415666
NIC,1996,4.387275753
NIC,1997,2.245990601
NIC,1998,2.13843995
NIC,1999,5.51571519
NIC,2000,2.679441626
NIC,2001,1.641571835
NIC,2002,-0.460685992
NIC,2003,1.319553608
NIC,2004,4.074906672
NIC,2005,2.931692579
NIC,2006,2.677774446
NIC,2007,3.578014564
NIC,2008,1.963917911
NIC,2009,-4.660511405
NIC,2010,2.93880924
NIC,2011,4.825798472
NIC,2012,5.012084555
NIC,2013,3.479434471
NIC,2014,3.357912894
NIC,2015,3.379142049
NIC,2016,3.166509511
NIC,2017,3.246915763
NIC,2018,-4.629416757
NIC,2019,-4.148569071
NIC,2020,-3.45179711
NIC,2021,9.133306819
NIC,2022,2.22853832
NIC,2023,3.005110612
NIC,2024,2.201989114
NER,1960,
NER,1961,1.55872572
NER,1962,7.121098676
NER,1963,6.298861488
NER,1964,-2.716850974
NER,1965,3.913083686
NER,1966,-3.152984819
NER,1967,-2.636289921
NER,1968,-2.353047287
NER,1969,-8.035599592
NER,1970,0.295598661
NER,1971,2.892536007
NER,1972,-7.653101969
NER,1973,-19.23786267
NER,1974,5.893708529
NER,1975,-5.390472509
NER,1976,-2.047274917
NER,1977,4.796993436
NER,1978,10.26999022
NER,1979,4.041300641
NER,1980,-5.323135514
NER,1981,-3.115095724
NER,1982,-0.817728941
NER,1983,-6.671090776
NER,1984,-19.24334934
NER,1985,4.563269379
NER,1986,3.201011619
NER,1987,-2.894570883
NER,1988,3.681668545
NER,1989,-2.071522166
NER,1990,-4.30134943
NER,1991,-3.477954886
NER,1992,-1.131037053
NER,1993,-2.799686936
NER,1994,-1.36907814
NER,1995,-0.878404477
NER,1996,-3.191255929
NER,1997,-1.788182587
NER,1998,6.313035776
NER,1999,-3.594201175
NER,2000,-4.575042267
NER,2001,3.569591777
NER,2002,1.277955097
NER,2003,-1.404926333
NER,2004,-3.183337787
NER,2005,3.505895355
NER,2006,2.12703437
NER,2007,-0.585038842
NER,2008,3.816082889
NER,2009,-1.757856435
NER,2010,4.607665896
NER,2011,-1.381362283
NER,2012,6.455376385
NER,2013,1.430453738
NER,2014,2.779498662
NER,2015,0.60432014
NER,2016,1.926206288
NER,2017,1.332855724
NER,2018,3.574788852
NER,2019,2.43270219
NER,2020,0.189464641
NER,2021,-1.86257596
NER,2022,8.319863726
NER,2023,-1.627618809
NER,2024,4.921994414
NGA,1960,
NGA,1961,-1.846335329
NGA,1962,1.939636574
NGA,1963,6.296571442
NGA,1964,2.726852519
NGA,1965,2.634383861
NGA,1966,-6.310854577
NGA,1967,-17.52376964
NGA,1968,-3.354726694
NGA,1969,21.47134119
NGA,1970,22.1849337
NGA,1971,11.60026825
NGA,1972,0.917699404
NGA,1973,2.795940586
NGA,1974,8.282486854
NGA,1975,-7.815860658
NGA,1976,5.955797586
NGA,1977,2.907191623
NGA,1978,-8.607743804
NGA,1979,3.516686537
NGA,1980,1.003165291
NGA,1981,-15.75850513
NGA,1982,-9.550817653
NGA,1983,-13.20480446
NGA,1984,-3.617714269
NGA,1985,2.954465398
NGA,1986,-2.620752819
NGA,1987,0.486537113
NGA,1988,4.50152275
NGA,1989,-0.787791829
NGA,1990,8.796146342
NGA,1991,-2.257519035
NGA,1992,1.92006635
NGA,1993,-4.597233015
NGA,1994,-4.374391936
NGA,1995,-2.672947592
NGA,1996,1.507231646
NGA,1997,0.292131867
NGA,1998,-0.06485321
NGA,1999,-2.032560969
NGA,2000,2.244614111
NGA,2001,3.079267318
NGA,2002,12.21038628
NGA,2003,4.428334675
NGA,2004,6.265273369
NGA,2005,3.531837107
NGA,2006,3.170928103
NGA,2007,3.677206982
NGA,2008,3.832588985
NGA,2009,5.067183214
NGA,2010,5.028537793
NGA,2011,2.397348416
NGA,2012,1.378221466
NGA,2013,3.814492077
NGA,2014,3.537572681
NGA,2015,0.081979578
NGA,2016,-4.018925343
NGA,2017,-1.615855373
NGA,2018,-0.406836852
NGA,2019,-0.010004759
NGA,2020,-3.864201003
NGA,2021,1.497160848
NGA,2022,1.113267394
NGA,2023,0.724295704
NGA,2024,1.29437207
NAC,1960,
NAC,1961,0.892950043
NAC,1962,4.574782406
NAC,1963,2.895507139
NAC,1964,4.326382959
NAC,1965,5.106433234
NAC,1966,5.318407867
NAC,1967,1.592617726
NAC,1968,3.818072189
NAC,1969,2.232680866
NAC,1970,-0.780556475
NAC,1971,1.890349672
NAC,1972,4.145322457
NAC,1973,4.700908107
NAC,1974,-1.171041758
NAC,1975,-1.079384277
NAC,1976,4.3996182
NAC,1977,3.467388011
NAC,1978,4.273339446
NAC,1979,2.091754122
NAC,1980,-1.030301283
NAC,1981,1.587308569
NAC,1982,-2.878079189
NAC,1983,3.448663458
NAC,1984,6.186820118
NAC,1985,3.292230119
NAC,1986,2.392649403
NAC,1987,2.54284482
NAC,1988,3.215317129
NAC,1989,2.498020483
NAC,1990,0.563733239
NAC,1991,-1.5875512
NAC,1992,1.906101732
NAC,1993,1.420806542
NAC,1994,2.809291986
NAC,1995,1.485335963
NAC,1996,2.421045217
NAC,1997,3.205993252
NAC,1998,3.261013283
NAC,1999,3.65254563
NAC,2000,3.027748268
NAC,2001,0.025843924
NAC,2002,0.845649566
NAC,2003,1.834101078
NAC,2004,2.83072343
NAC,2005,2.509622722
NAC,2006,1.78328378
NAC,2007,1.040708153
NAC,2008,-0.774886679
NAC,2009,-3.480139921
NAC,2010,1.831847526
NAC,2011,0.865490612
NAC,2012,1.4017694
NAC,2013,1.333919532
NAC,2014,1.715677467
NAC,2015,1.948423483
NAC,2016,0.926338172
NAC,2017,1.743798364
NAC,2018,2.258479083
NAC,2019,1.905332732
NAC,2020,-2.852844978
NAC,2021,5.836719381
NAC,2022,1.920809225
NAC,2023,1.710799971
NAC,2024,1.485911355
MKD,1960,
MKD,1961,
MKD,1962,
MKD,1963,
MKD,1964,
MKD,1965,
MKD,1966,
MKD,1967,
MKD,1968,
MKD,1969,
MKD,1970,
MKD,1971,
MKD,1972,
MKD,1973,
MKD,1974,
MKD,1975,
MKD,1976,
MKD,1977,
MKD,1978,
MKD,1979,
MKD,1980,
MKD,1981,
MKD,1982,
MKD,1983,
MKD,1984,
MKD,1985,
MKD,1986,
MKD,1987,
MKD,1988,
MKD,1989,
MKD,1990,
MKD,1991,-5.819591554
MKD,1992,-5.486240052
MKD,1993,-6.285741638
MKD,1994,-1.058673573
MKD,1995,-1.405069904
MKD,1996,0.480270788
MKD,1997,2.236720966
MKD,1998,2.830100812
MKD,1999,3.841473894
MKD,2000,4.074050806
MKD,2001,-3.473683221
MKD,2002,2.233456599
MKD,2003,2.092822453
MKD,2004,5.013574068
MKD,2005,5.291020123
MKD,2006,5.719202235
MKD,2007,7.083139312
MKD,2008,6.084024713
MKD,2009,0.287981674
MKD,2010,4.021717498
MKD,2011,2.810014014
MKD,2012,-0.065347234
MKD,2013,3.305596704
MKD,2014,3.907927558
MKD,2015,4.134290505
MKD,2016,3.178225747
MKD,2017,1.489367186
MKD,2018,3.403754111
MKD,2019,4.618695011
MKD,2020,-3.654368238
MKD,2021,5.592130079
MKD,2022,3.061935884
MKD,2023,2.290110281
MKD,2024,4.7995297
MNP,1960,
MNP,1961,
MNP,1962,
MNP,1963,
MNP,1964,
MNP,1965,
MNP,1966,
MNP,1967,
MNP,1968,
MNP,1969,
MNP,1970,
MNP,1971,
MNP,1972,
MNP,1973,
MNP,1974,
MNP,1975,
MNP,1976,
MNP,1977,
MNP,1978,
MNP,1979,
MNP,1980,
MNP,1981,
MNP,1982,
MNP,1983,
MNP,1984,
MNP,1985,
MNP,1986,
MNP,1987,
MNP,1988,
MNP,1989,
MNP,1990,
MNP,1991,
MNP,1992,
MNP,1993,
MNP,1994,
MNP,1995,
MNP,1996,
MNP,1997,
MNP,1998,
MNP,1999,
MNP,2000,
MNP,2001,
MNP,2002,
MNP,2003,2.424546649
MNP,2004,-0.829932545
MNP,2005,-10.48525517
MNP,2006,-4.305448361
MNP,2007,-3.927659416
MNP,2008,-8.282819996
MNP,2009,-14.85421823
MNP,2010,3.709125916
MNP,2011,-6.549776162
MNP,2012,1.519065746
MNP,2013,3.607386532
MNP,2014,5.33556203
MNP,2015,4.716040402
MNP,2016,31.09789085
MNP,2017,25.17759685
MNP,2018,-18.05055987
MNP,2019,-9.703268492
MNP,2020,-28.162778
MNP,2021,6.19656514
MNP,2022,18.92356377
MNP,2023,
MNP,2024,
NOR,1960,
NOR,1961,5.432493155
NOR,1962,1.991245519
NOR,1963,3.003259317
NOR,1964,4.219393699
NOR,1965,4.470367905
NOR,1966,2.961201558
NOR,1967,5.370915608
NOR,1968,1.403879661
NOR,1969,3.656641879
NOR,1970,1.205350007
NOR,1971,4.935121713
NOR,1972,4.528105894
NOR,1973,3.80427246
NOR,1974,3.279496636
NOR,1975,4.37447938
NOR,1976,5.330359575
NOR,1977,3.721396816
NOR,1978,3.473549145
NOR,1979,4.017654271
NOR,1980,4.228894762
NOR,1981,1.249365446
NOR,1982,-0.132144883
NOR,1983,3.629363186
NOR,1984,5.753520562
NOR,1985,5.237775438
NOR,1986,3.67166686
NOR,1987,1.278413977
NOR,1988,-0.790296442
NOR,1989,0.62201856
NOR,1990,1.582092838
NOR,1991,2.594406014
NOR,1992,2.978369524
NOR,1993,2.234836279
NOR,1994,4.458801368
NOR,1995,3.61634551
NOR,1996,4.496892782
NOR,1997,4.715277386
NOR,1998,2.059202895
NOR,1999,1.3754868
NOR,2000,2.650530937
NOR,2001,1.551927559
NOR,2002,0.832308737
NOR,2003,0.354567436
NOR,2004,3.401746161
NOR,2005,1.988138474
NOR,2006,1.639570068
NOR,2007,1.854643337
NOR,2008,-0.76264795
NOR,2009,-3.169256315
NOR,2010,-0.46063124
NOR,2011,-0.197405947
NOR,2012,1.377640883
NOR,2013,-0.197883206
NOR,2014,0.903762656
NOR,2015,0.848799114
NOR,2016,0.277407789
NOR,2017,1.639507126
NOR,2018,0.165560789
NOR,2019,0.443398563
NOR,2020,-1.857696096
NOR,2021,3.354495066
NOR,2022,2.322823544
NOR,2023,-1.06042752
NOR,2024,1.135236994
INX,1960,
INX,1961,
INX,1962,
INX,1963,
INX,1964,
INX,1965,
INX,1966,
INX,1967,
INX,1968,
INX,1969,
INX,1970,
INX,1971,
INX,1972,
INX,1973,
INX,1974,
INX,1975,
INX,1976,
INX,1977,
INX,1978,
INX,1979,
INX,1980,
INX,1981,
INX,1982,
INX,1983,
INX,1984,
INX,1985,
INX,1986,
INX,1987,
INX,1988,
INX,1989,
INX,1990,
INX,1991,
INX,1992,
INX,1993,
INX,1994,
INX,1995,
INX,1996,
INX,1997,
INX,1998,
INX,1999,
INX,2000,
INX,2001,
INX,2002,
INX,2003,
INX,2004,
INX,2005,
INX,2006,
INX,2007,
INX,2008,
INX,2009,
INX,2010,
INX,2011,
INX,2012,
INX,2013,
INX,2014,
INX,2015,
INX,2016,
INX,2017,
INX,2018,
INX,2019,
INX,2020,
INX,2021,
INX,2022,
INX,2023,
INX,2024,
OED,1960,
OED,1961,3.080969692
OED,1962,4.111658041
OED,1963,3.650189017
OED,1964,4.996771394
OED,1965,4.135103599
OED,1966,4.294449594
OED,1967,2.680893735
OED,1968,4.771933392
OED,1969,4.32792191
OED,1970,1.60692417
OED,1971,2.413096991
OED,1972,4.164904964
OED,1973,4.885565732
OED,1974,0.023347807
OED,1975,-0.913949805
OED,1976,3.732431212
OED,1977,2.779146146
OED,1978,3.407515119
OED,1979,2.943352554
OED,1980,0.318557409
OED,1981,1.225752584
OED,1982,-0.697207882
OED,1983,2.019144709
OED,1984,3.904508146
OED,1985,2.889014294
OED,1986,2.205673557
OED,1987,2.716073308
OED,1988,3.690833942
OED,1989,2.906077615
OED,1990,2.024963532
OED,1991,0.188666979
OED,1992,1.133460793
OED,1993,0.504204825
OED,1994,2.377108973
OED,1995,1.862267629
OED,1996,2.313340839
OED,1997,2.845270037
OED,1998,2.265758344
OED,1999,2.682719411
OED,2000,3.364268298
OED,2001,0.66853744
OED,2002,0.786984739
OED,2003,1.301243425
OED,2004,2.526946873
OED,2005,2.11475647
OED,2006,2.302201458
OED,2007,1.865362521
OED,2008,-0.406772361
OED,2009,-4.083475222
OED,2010,2.259083604
OED,2011,1.351449135
OED,2012,0.743176278
OED,2013,1.022880167
OED,2014,1.56284997
OED,2015,1.885086454
OED,2016,1.199890475
OED,2017,1.963444393
OED,2018,1.708437456
OED,2019,1.284256896
OED,2020,-4.265203306
OED,2021,5.765245652
OED,2022,2.509047745
OED,2023,1.135791599
OED,2024,1.169431206
OMN,1960,
OMN,1961,-0.615640334
OMN,1962,17.98331129
OMN,1963,2.502227272
OMN,1964,-1.978920041
OMN,1965,-1.724653232
OMN,1966,2.820688404
OMN,1967,62.28555526
OMN,1968,77.4100104
OMN,1969,22.46109772
OMN,1970,10.9002542
OMN,1971,-1.833254087
OMN,1972,6.772472534
OMN,1973,-16.69972636
OMN,1974,7.646438427
OMN,1975,19.34090333
OMN,1976,15.23781399
OMN,1977,-3.788922208
OMN,1978,-8.506158865
OMN,1979,-1.033926065
OMN,1980,0.514494484
OMN,1981,10.83981495
OMN,1982,5.544727982
OMN,1983,10.36842685
OMN,1984,10.51390149
OMN,1985,7.318559278
OMN,1986,-4.34413097
OMN,1987,-9.074620929
OMN,1988,0.122614609
OMN,1989,5.912426289
OMN,1990,-5.097198268
OMN,1991,1.059963619
OMN,1992,3.560749264
OMN,1993,1.666437984
OMN,1994,0.874063801
OMN,1995,3.080906628
OMN,1996,1.307045705
OMN,1997,4.397841804
OMN,1998,-1.496337274
OMN,1999,-1.056676874
OMN,2000,4.832648807
OMN,2001,3.341352896
OMN,2002,-1.927095994
OMN,2003,-3.297594609
OMN,2004,0.252575658
OMN,2005,0.482138133
OMN,2006,2.380917662
OMN,2007,2.718658527
OMN,2008,6.612418447
OMN,2009,3.68717579
OMN,2010,-0.232906393
OMN,2011,-7.784145208
OMN,2012,-5.572027839
OMN,2013,-2.644160023
OMN,2014,-2.972741653
OMN,2015,0.43845033
OMN,2016,0.118553614
OMN,2017,-2.93490377
OMN,2018,-0.045238236
OMN,2019,-0.985733221
OMN,2020,-1.911048576
OMN,2021,3.08530455
OMN,2022,2.739587647
OMN,2023,-5.206473185
OMN,2024,-2.797298205
OSS,1960,
OSS,1961,
OSS,1962,
OSS,1963,
OSS,1964,
OSS,1965,
OSS,1966,
OSS,1967,
OSS,1968,
OSS,1969,
OSS,1970,
OSS,1971,
OSS,1972,
OSS,1973,
OSS,1974,
OSS,1975,
OSS,1976,14.31442017
OSS,1977,8.052283431
OSS,1978,5.056752838
OSS,1979,12.8052448
OSS,1980,-4.560051722
OSS,1981,-9.322437726
OSS,1982,1.26195169
OSS,1983,-0.675671098
OSS,1984,0.972832395
OSS,1985,0.167655995
OSS,1986,0.099182551
OSS,1987,4.08743732
OSS,1988,1.159212709
OSS,1989,0.87068212
OSS,1990,3.095719435
OSS,1991,-2.491063161
OSS,1992,-3.879924508
OSS,1993,-0.156655239
OSS,1994,1.968502667
OSS,1995,3.674580705
OSS,1996,2.133802974
OSS,1997,5.114532525
OSS,1998,2.108470897
OSS,1999,2.47193204
OSS,2000,7.094265124
OSS,2001,1.38062515
OSS,2002,1.721259474
OSS,2003,2.885456872
OSS,2004,3.439566829
OSS,2005,3.359910988
OSS,2006,5.100860553
OSS,2007,4.133400832
OSS,2008,-0.27046326
OSS,2009,-6.101069489
OSS,2010,1.266494681
OSS,2011,2.335406651
OSS,2012,0.165000587
OSS,2013,-0.116361054
OSS,2014,0.941556925
OSS,2015,2.334474212
OSS,2016,3.016924181
OSS,2017,3.95948009
OSS,2018,3.163439573
OSS,2019,3.092063412
OSS,2020,-6.824588755
OSS,2021,6.67006819
OSS,2022,3.325584324
OSS,2023,1.539344686
OSS,2024,1.927563219
PSS,1960,
PSS,1961,
PSS,1962,
PSS,1963,
PSS,1964,
PSS,1965,
PSS,1966,
PSS,1967,
PSS,1968,
PSS,1969,
PSS,1970,
PSS,1971,4.183504173
PSS,1972,3.389897523
PSS,1973,8.89034595
PSS,1974,1.109586902
PSS,1975,-1.5858812
PSS,1976,-1.099380968
PSS,1977,1.089995215
PSS,1978,-0.108979647
PSS,1979,6.135712499
PSS,1980,-5.510354894
PSS,1981,0.707332255
PSS,1982,-5.377702961
PSS,1983,-3.31640524
PSS,1984,2.994103227
PSS,1985,-3.860833384
PSS,1986,3.06998686
PSS,1987,-3.860377149
PSS,1988,-0.560222019
PSS,1989,2.865924411
PSS,1990,2.092500741
PSS,1991,-1.965555212
PSS,1992,3.310924867
PSS,1993,0.45834619
PSS,1994,3.378510987
PSS,1995,3.088102774
PSS,1996,1.658651248
PSS,1997,-2.711105149
PSS,1998,-0.12244186
PSS,1999,2.730916764
PSS,2000,-2.870382395
PSS,2001,-0.42861258
PSS,2002,0.732660916
PSS,2003,0.630248718
PSS,2004,2.781254482
PSS,2005,1.273186462
PSS,2006,1.210756785
PSS,2007,-0.94656952
PSS,2008,0.937024915
PSS,2009,-1.534930644
PSS,2010,2.514260138
PSS,2011,2.434465673
PSS,2012,-0.320198708
PSS,2013,1.880458285
PSS,2014,2.219734518
PSS,2015,2.663014488
PSS,2016,2.31797525
PSS,2017,2.53895519
PSS,2018,1.473997665
PSS,2019,0.104260546
PSS,2020,-11.08094709
PSS,2021,-3.799712756
PSS,2022,8.116679262
PSS,2023,3.758556741
PSS,2024,2.73152917
PAK,1960,
PAK,1961,3.249714912
PAK,1962,1.803640679
PAK,1963,5.849720779
PAK,1964,4.706405028
PAK,1965,7.439380163
PAK,1966,2.893550831
PAK,1967,2.468317628
PAK,1968,4.221168371
PAK,1969,2.529267803
PAK,1970,8.196492033
PAK,1971,-2.262608152
PAK,1972,-1.937965288
PAK,1973,3.991583064
PAK,1974,0.539790187
PAK,1975,1.142304831
PAK,1976,1.986129335
PAK,1977,0.738518333
PAK,1978,4.642357578
PAK,1979,0.225709313
PAK,1980,5.803954408
PAK,1981,3.504621834
PAK,1982,2.606488136
PAK,1983,3.144761072
PAK,1984,1.822413023
PAK,1985,4.235683986
PAK,1986,1.994705842
PAK,1987,2.88408948
PAK,1988,4.067600709
PAK,1989,1.585062505
PAK,1990,1.024211812
PAK,1991,1.644558144
PAK,1992,4.666481014
PAK,1993,-1.024740926
PAK,1994,0.779593544
PAK,1995,1.972285548
PAK,1996,1.838808287
PAK,1997,-1.802541127
PAK,1998,-0.242732275
PAK,1999,0.876623663
PAK,2000,1.356197969
PAK,2001,0.7932392
PAK,2002,0.110981031
PAK,2003,2.949225643
PAK,2004,5.202455895
PAK,2005,4.7286346
PAK,2006,3.555331168
PAK,2007,1.721483739
PAK,2008,-0.577212099
PAK,2009,0.87615081
PAK,2010,-0.975474718
PAK,2011,0.408754534
PAK,2012,1.082271969
PAK,2013,2.68232501
PAK,2014,2.566004131
PAK,2015,2.766486407
PAK,2016,5.195068599
PAK,2017,2.966236784
PAK,2018,4.442019422
PAK,2019,0.778096107
PAK,2020,-3.038893283
PAK,2021,4.523045652
PAK,2022,2.962502872
PAK,2023,-1.576098987
PAK,2024,1.688057462
PLW,1960,
PLW,1961,
PLW,1962,
PLW,1963,
PLW,1964,
PLW,1965,
PLW,1966,
PLW,1967,
PLW,1968,
PLW,1969,
PLW,1970,
PLW,1971,-3.202974003
PLW,1972,-3.238202194
PLW,1973,-2.655872578
PLW,1974,-0.95966966
PLW,1975,0.278195011
PLW,1976,0.410740824
PLW,1977,2.021273763
PLW,1978,0.191346385
PLW,1979,0.457616297
PLW,1980,0.161696348
PLW,1981,-1.426476151
PLW,1982,-2.66584219
PLW,1983,-0.513231055
PLW,1984,2.025469945
PLW,1985,2.732808589
PLW,1986,2.91036087
PLW,1987,3.156240869
PLW,1988,3.197465506
PLW,1989,3.320015783
PLW,1990,3.266832201
PLW,1991,2.520099084
PLW,1992,-8.595297925
PLW,1993,-14.35165679
PLW,1994,4.753494523
PLW,1995,8.158930445
PLW,1996,7.529667238
PLW,1997,-0.264852835
PLW,1998,-0.290664341
PLW,1999,-7.286903127
PLW,2000,-4.010655986
PLW,2001,5.542855833
PLW,2002,4.203071073
PLW,2003,-3.991229089
PLW,2004,3.094716013
PLW,2005,3.419183321
PLW,2006,1.028326211
PLW,2007,3.288090855
PLW,2008,-4.037284311
PLW,2009,-5.773493474
PLW,2010,0.790317697
PLW,2011,6.967357176
PLW,2012,3.037387541
PLW,2013,-2.39339135
PLW,2014,4.373748235
PLW,2015,7.865089628
PLW,2016,-0.591032718
PLW,2017,-3.34148599
PLW,2018,0.098768864
PLW,2019,0.290092619
PLW,2020,-5.967734094
PLW,2021,-13.75026419
PLW,2022,-1.185066181
PLW,2023,2.060935917
PLW,2024,
PAN,1960,
PAN,1961,7.687844679
PAN,1962,5.036156487
PAN,1963,5.295021274
PAN,1964,1.312400708
PAN,1965,5.926523553
PAN,1966,4.425658003
PAN,1967,5.407257925
PAN,1968,3.922563913
PAN,1969,5.386289916
PAN,1970,3.977230559
PAN,1971,6.586282649
PAN,1972,1.729691617
PAN,1973,2.54592437
PAN,1974,-0.236575306
PAN,1975,-0.870333871
PAN,1976,-0.884165966
PAN,1977,-1.381678663
PAN,1978,7.159000827
PAN,1979,2.041184121
PAN,1980,10.42815462
PAN,1981,6.652426056
PAN,1982,2.89203636
PAN,1983,-6.711225798
PAN,1984,0.337222278
PAN,1985,2.551832837
PAN,1986,1.24877511
PAN,1987,-3.969327064
PAN,1988,-15.25291859
PAN,1989,-0.591338056
PAN,1990,5.820296594
PAN,1991,7.12083869
PAN,1992,5.95973636
PAN,1993,3.287712789
PAN,1994,0.752456348
PAN,1995,-0.302769545
PAN,1996,-7.65193434
PAN,1997,5.5649554
PAN,1998,6.244415086
PAN,1999,3.14763386
PAN,2000,2.182302226
PAN,2001,-0.995989282
PAN,2002,0.549728201
PAN,2003,3.104742454
PAN,2004,6.134421845
PAN,2005,6.254117795
PAN,2006,7.839199994
PAN,2007,11.09685012
PAN,2008,8.209272271
PAN,2009,-0.205009314
PAN,2010,4.197972049
PAN,2011,9.94036229
PAN,2012,7.709865076
PAN,2013,4.487866349
PAN,2014,2.830877079
PAN,2015,3.461073876
PAN,2016,2.779799104
PAN,2017,3.947881507
PAN,2018,2.193990651
PAN,2019,1.475701353
PAN,2020,-18.942166
PAN,2021,15.06954247
PAN,2022,9.376025512
PAN,2023,6.002577513
PAN,2024,1.567392576
PNG,1960,
PNG,1961,3.533650557
PNG,1962,3.946196917
PNG,1963,1.766075047
PNG,1964,6.2409812
PNG,1965,7.926111494
PNG,1966,3.501271942
PNG,1967,1.766117001
PNG,1968,2.034287944
PNG,1969,5.790041175
PNG,1970,8.246018249
PNG,1971,3.777287811
PNG,1972,3.151169171
PNG,1973,4.066717716
PNG,1974,0.297810636
PNG,1975,-3.068377951
PNG,1976,-5.487236219
PNG,1977,-1.325690146
PNG,1978,6.25914526
PNG,1979,-0.279951899
PNG,1980,-4.305450629
PNG,1981,-2.318200831
PNG,1982,-1.715175027
PNG,1983,1.076045917
PNG,1984,-2.448911284
PNG,1985,1.795847972
PNG,1986,2.458974457
PNG,1987,0.570822048
PNG,1988,0.709678426
PNG,1989,-3.60611931
PNG,1990,-5.511313751
PNG,1991,6.132447819
PNG,1992,9.890938499
PNG,1993,13.98471111
PNG,1994,2.174339374
PNG,1995,-6.728163025
PNG,1996,3.949243211
PNG,1997,-7.266697495
PNG,1998,-7.094043567
PNG,1999,-1.627826198
PNG,2000,-5.800698818
PNG,2001,-3.457957151
PNG,2002,-3.454936025
PNG,2003,-1.172314468
PNG,2004,-0.591008801
PNG,2005,2.962669858
PNG,2006,2.101062379
PNG,2007,4.476614136
PNG,2008,-3.345403253
PNG,2009,3.578486867
PNG,2010,6.852310148
PNG,2011,-1.797584717
PNG,2012,1.781564097
PNG,2013,1.057497576
PNG,2014,10.60317509
PNG,2015,3.898978937
PNG,2016,2.917910217
PNG,2017,1.086926272
PNG,2018,-2.56991255
PNG,2019,2.14824965
PNG,2020,-5.206887606
PNG,2021,-2.470245898
PNG,2022,3.73630442
PNG,2023,1.947760074
PNG,2024,2.255864618
PRY,1960,
PRY,1961,4.466541024
PRY,1962,0.905818908
PRY,1963,2.184132496
PRY,1964,1.63823007
PRY,1965,3.567300822
PRY,1966,-0.46308336
PRY,1967,6.585081941
PRY,1968,2.127438947
PRY,1969,2.342520087
PRY,1970,3.209177053
PRY,1971,3.182904459
PRY,1972,4.185314998
PRY,1973,4.737828963
PRY,1974,5.718282097
PRY,1975,4.231319527
PRY,1976,4.907289525
PRY,1977,8.772132744
PRY,1978,9.270003117
PRY,1979,9.052436
PRY,1980,8.811914984
PRY,1981,6.234905974
PRY,1982,-4.105051174
PRY,1983,-5.727417386
PRY,1984,-0.041351936
PRY,1985,1.613273528
PRY,1986,2.035070609
PRY,1987,4.587430503
PRY,1988,2.986287985
PRY,1989,4.015137617
PRY,1990,1.338274857
PRY,1991,0.781250906
PRY,1992,-0.915221182
PRY,1993,2.312262511
PRY,1994,2.757147925
PRY,1995,4.294664442
PRY,1996,-0.760754496
PRY,1997,1.918916576
PRY,1998,-2.088785051
PRY,1999,-3.39883388
PRY,2000,-4.185808704
PRY,2001,-2.493692859
PRY,2002,-1.420732436
PRY,2003,3.04557479
PRY,2004,2.865103535
PRY,2005,1.01015475
PRY,2006,3.720979119
PRY,2007,4.393117569
PRY,2008,5.468280183
PRY,2009,-1.275227078
PRY,2010,9.803147314
PRY,2011,2.911549888
PRY,2012,-2.095165191
PRY,2013,6.746512237
PRY,2014,3.785582172
PRY,2015,1.46452367
PRY,2016,2.765972508
PRY,2017,3.329629423
PRY,2018,1.779644257
PRY,2019,-1.742191127
PRY,2020,-2.151667316
PRY,2021,2.764913475
PRY,2022,-0.954302474
PRY,2023,3.715423418
PRY,2024,2.971019322
PER,1960,
PER,1961,4.262545763
PER,1962,6.87758002
PER,1963,1.344772275
PER,1964,3.509560037
PER,1965,2.630228944
PER,1966,5.195925996
PER,1967,0.953450354
PER,1968,-2.625955907
PER,1969,0.662403103
PER,1970,0.805231903
PER,1971,2.044719651
PER,1972,0.768068341
PER,1973,3.56062807
PER,1974,6.653837407
PER,1975,1.733771888
PER,1976,-1.024079521
PER,1977,-2.098941012
PER,1978,-5.037249524
PER,1979,1.526892199
PER,1980,3.332670606
PER,1981,2.95542958
PER,1982,-2.670868558
PER,1983,-12.60863418
PER,1984,1.075403298
PER,1985,-0.398366079
PER,1986,6.875309071
PER,1987,7.246135243
PER,1988,-11.47304347
PER,1989,-14.25815835
PER,1990,-7.063697951
PER,1991,0.086999667
PER,1992,-2.545468495
PER,1993,3.142448225
PER,1994,10.10884935
PER,1995,5.34941937
PER,1996,0.883745825
PER,1997,4.526364361
PER,1998,-2.187052994
PER,1999,-0.243054508
PER,2000,1.104334982
PER,2001,-0.748837166
PER,2002,4.202936083
PER,2003,3.061176765
PER,2004,3.934328825
PER,2005,5.34332346
PER,2006,6.681138497
PER,2007,7.734062096
PER,2008,8.410906656
PER,2009,0.473893282
PER,2010,7.627743625
PER,2011,5.535956263
PER,2012,5.2551302
PER,2013,4.902714879
PER,2014,1.369388824
PER,2015,2.093619907
PER,2016,2.576230397
PER,2017,1.019431416
PER,2018,2.10184539
PER,2019,0.502286291
PER,2020,-11.98912339
PER,2021,12.27773964
PER,2022,1.82762015
PER,2023,-1.492559809
PER,2024,2.180172788
PHL,1960,
PHL,1961,2.388983244
PHL,1962,1.562600487
PHL,1963,3.69778991
PHL,1964,0.238298958
PHL,1965,2.173356196
PHL,1966,1.359686154
PHL,1967,2.17082932
PHL,1968,2.040654099
PHL,1969,1.769720248
PHL,1970,1.04270982
PHL,1971,2.936261981
PHL,1972,3.049620288
PHL,1973,6.391236972
PHL,1974,1.184271795
PHL,1975,3.081541382
PHL,1976,6.057370043
PHL,1977,2.787623929
PHL,1978,2.405769468
PHL,1979,2.816613627
PHL,1980,2.492864193
PHL,1981,0.762840993
PHL,1982,0.867465797
PHL,1983,-1.029301255
PHL,1984,-9.689387196
PHL,1985,-9.366577782
PHL,1986,0.893781439
PHL,1987,1.647821027
PHL,1988,3.872193083
PHL,1989,3.538720167
PHL,1990,0.476020889
PHL,1991,-2.798713241
PHL,1992,-1.933978396
PHL,1993,-0.245903974
PHL,1994,2.122441036
PHL,1995,2.360639549
PHL,1996,3.449578997
PHL,1997,2.740559804
PHL,1998,-2.984749546
PHL,1999,0.738331283
PHL,2000,1.928279712
PHL,2001,0.800810378
PHL,2002,1.634409567
PHL,2003,3.02447665
PHL,2004,4.518295358
PHL,2005,3.009220967
PHL,2006,3.559722383
PHL,2007,4.687504953
PHL,2008,2.516571286
PHL,2009,-0.36295529
PHL,2010,5.158694303
PHL,2011,1.837605141
PHL,2012,4.84076534
PHL,2013,4.762666338
PHL,2014,4.615140683
PHL,2015,4.787250557
PHL,2016,5.721214859
PHL,2017,5.562230207
PHL,2018,5.034290671
PHL,2019,4.835775467
PHL,2020,-10.54886151
PHL,2021,4.761639163
PHL,2022,6.765954106
PHL,2023,4.667697363
PHL,2024,4.823012407
POL,1960,
POL,1961,
POL,1962,
POL,1963,
POL,1964,
POL,1965,
POL,1966,
POL,1967,
POL,1968,
POL,1969,
POL,1970,
POL,1971,
POL,1972,
POL,1973,
POL,1974,
POL,1975,
POL,1976,
POL,1977,
POL,1978,
POL,1979,
POL,1980,
POL,1981,
POL,1982,
POL,1983,
POL,1984,
POL,1985,
POL,1986,
POL,1987,
POL,1988,
POL,1989,
POL,1990,
POL,1991,-7.344790996
POL,1992,2.201065853
POL,1993,3.47468276
POL,1994,5.070855523
POL,1995,7.783275673
POL,1996,6.013198116
POL,1997,6.289311515
POL,1998,4.584212344
POL,1999,4.707878067
POL,2000,5.755022677
POL,2001,1.261675976
POL,2002,1.948404863
POL,2003,3.593265477
POL,2004,5.152304957
POL,2005,3.306214772
POL,2006,6.269429324
POL,2007,6.818439881
POL,2008,4.369536452
POL,2009,2.545616825
POL,2010,3.464008539
POL,2011,5.198882223
POL,2012,1.512024367
POL,2013,0.745031977
POL,2014,3.998318321
POL,2015,4.501384676
POL,2016,3.075475283
POL,2017,5.139335422
POL,2018,6.246071105
POL,2019,4.606007273
POL,2020,-0.861202002
POL,2021,8.471718
POL,2022,5.712275974
POL,2023,0.616853101
POL,2024,3.296865995
PRT,1960,
PRT,1961,4.688668547
PRT,1962,5.847863243
PRT,1963,5.447292906
PRT,1964,6.251799366
PRT,1965,7.908127608
PRT,1966,4.865748976
PRT,1967,8.228805391
PRT,1968,9.342101838
PRT,1969,3.041293054
PRT,1970,10.08518348
PRT,1971,7.084084085
PRT,1972,8.182480109
PRT,1973,11.16628034
PRT,1974,-0.258164705
PRT,1975,-7.914608343
PRT,1976,3.902713654
PRT,1977,4.487287169
PRT,1978,1.712589641
PRT,1979,4.512542895
PRT,1980,3.46437141
PRT,1981,0.740801365
PRT,1982,1.512894023
PRT,1983,-0.635202524
PRT,1984,-2.256577926
PRT,1985,2.526605671
PRT,1986,4.046278081
PRT,1987,6.410062709
PRT,1988,7.600903359
PRT,1989,6.596070802
PRT,1990,4.177328827
PRT,1991,4.609033961
PRT,1992,1.168103113
PRT,1993,-2.163020715
PRT,1994,0.693517744
PRT,1995,3.922373283
PRT,1996,3.115805207
PRT,1997,3.935797841
PRT,1998,4.279611241
PRT,1999,3.320509591
PRT,2000,3.089053111
PRT,2001,1.227263252
PRT,2002,0.220543237
PRT,2003,-1.301741934
PRT,2004,1.545619941
PRT,2005,0.595038069
PRT,2006,1.441937556
PRT,2007,2.305551833
PRT,2008,0.174699974
PRT,2009,-3.214388808
PRT,2010,1.690927467
PRT,2011,-1.568856543
PRT,2012,-3.661114501
PRT,2013,-0.439198383
PRT,2014,1.28604644
PRT,2015,2.01139554
PRT,2016,2.326430626
PRT,2017,3.567001745
PRT,2018,3.111235591
PRT,2019,2.721302548
PRT,2020,-8.301071216
PRT,2021,4.89913206
PRT,2022,6.242470714
PRT,2023,1.217795319
PRT,2024,0.752522028
PST,1960,
PST,1961,3.271915687
PST,1962,4.334270881
PST,1963,3.780979146
PST,1964,5.139122085
PST,1965,4.376084255
PST,1966,4.47259902
PST,1967,2.876873177
PST,1968,4.918904519
PST,1969,4.622416727
PST,1970,1.747081185
PST,1971,2.578090354
PST,1972,4.326800432
PST,1973,5.169947107
PST,1974,0.084297714
PST,1975,-0.841259745
PST,1976,4.017012538
PST,1977,3.073029339
PST,1978,3.579057177
PST,1979,3.09028309
PST,1980,0.400116151
PST,1981,1.27747192
PST,1982,-0.408628791
PST,1983,2.570490486
PST,1984,4.254323268
PST,1985,3.185727688
PST,1986,2.62746057
PST,1987,2.956323019
PST,1988,4.071994739
PST,1989,3.168893139
PST,1990,2.044799364
PST,1991,0.321756396
PST,1992,1.197818594
PST,1993,0.520212654
PST,1994,2.570948248
PST,1995,2.160050546
PST,1996,2.367450163
PST,1997,2.895247479
PST,1998,2.323681361
PST,1999,3.045054129
PST,2000,3.520663087
PST,2001,1.03901772
PST,2002,1.013911258
PST,2003,1.515037704
PST,2004,2.676373154
PST,2005,2.270664311
PST,2006,2.381821647
PST,2007,1.932795324
PST,2008,-0.259104794
PST,2009,-3.876340827
PST,2010,2.405297975
PST,2011,1.37385388
PST,2012,0.793243035
PST,2013,1.122075665
PST,2014,1.584865229
PST,2015,1.784144005
PST,2016,1.3250383
PST,2017,2.054429357
PST,2018,1.857560942
PST,2019,1.513936087
PST,2020,-4.260692146
PST,2021,5.71856862
PST,2022,2.614340888
PST,2023,1.500743161
PST,2024,1.202812337
PRE,1960,
PRE,1961,-2.559706098
PRE,1962,3.625537033
PRE,1963,3.224888573
PRE,1964,2.102494266
PRE,1965,1.832253645
PRE,1966,-1.375808824
PRE,1967,-8.140638997
PRE,1968,0.954046004
PRE,1969,8.464044902
PRE,1970,5.783663974
PRE,1971,6.476773274
PRE,1972,0.686662326
PRE,1973,1.2329292
PRE,1974,5.344369041
PRE,1975,-3.158971828
PRE,1976,3.938484609
PRE,1977,1.721149758
PRE,1978,-3.171672679
PRE,1979,2.423646633
PRE,1980,1.290969486
PRE,1981,-6.327908591
PRE,1982,-3.703112211
PRE,1983,-7.37449594
PRE,1984,-2.190626226
PRE,1985,0.771710903
PRE,1986,-0.224552892
PRE,1987,1.096287937
PRE,1988,1.08914454
PRE,1989,-1.300011995
PRE,1990,5.515076595
PRE,1991,-10.45944001
PRE,1992,-0.514629164
PRE,1993,-3.540140582
PRE,1994,-3.231093132
PRE,1995,-0.113978301
PRE,1996,2.824228382
PRE,1997,3.535901974
PRE,1998,4.009513685
PRE,1999,1.300365042
PRE,2000,2.619236462
PRE,2001,1.419909309
PRE,2002,2.847310962
PRE,2003,-3.59664922
PRE,2004,8.7914866
PRE,2005,2.948459251
PRE,2006,3.209825226
PRE,2007,3.198954244
PRE,2008,3.370131908
PRE,2009,1.756640333
PRE,2010,3.517586509
PRE,2011,1.321072185
PRE,2012,1.197413232
PRE,2013,2.775647781
PRE,2014,2.236566412
PRE,2015,0.212568569
PRE,2016,-0.406014347
PRE,2017,-1.148728083
PRE,2018,-0.171490932
PRE,2019,0.579379461
PRE,2020,-5.10438218
PRE,2021,0.535952826
PRE,2022,1.694964548
PRE,2023,-0.27811106
PRE,2024,0.514879689
PRI,1960,
PRI,1961,5.180691477
PRI,1962,6.086398521
PRI,1963,6.2994058
PRI,1964,4.98448172
PRI,1965,7.523660437
PRI,1966,6.229836986
PRI,1967,5.392966097
PRI,1968,4.532851624
PRI,1969,8.475261451
PRI,1970,7.047929158
PRI,1971,4.663795477
PRI,1972,5.078763543
PRI,1973,4.071923338
PRI,1974,0.798560594
PRI,1975,-2.469629012
PRI,1976,4.502977117
PRI,1977,4.412682376
PRI,1978,5.540172762
PRI,1979,6.58980534
PRI,1980,3.010752187
PRI,1981,0.007746617
PRI,1982,-2.604948584
PRI,1983,-3.335473117
PRI,1984,4.881749916
PRI,1985,2.095776345
PRI,1986,3.975056526
PRI,1987,4.776533924
PRI,1988,4.911513148
PRI,1989,3.389951212
PRI,1990,-3.701708114
PRI,1991,1.583227815
PRI,1992,3.891316524
PRI,1993,3.766936312
PRI,1994,3.222679345
PRI,1995,3.587663831
PRI,1996,1.172302708
PRI,1997,3.9099388
PRI,1998,4.925886899
PRI,1999,4.863317305
PRI,2000,2.986751501
PRI,2001,6.086049177
PRI,2002,0.786424309
PRI,2003,-0.009183946
PRI,2004,8.726426332
PRI,2005,-1.845460353
PRI,2006,-0.991030023
PRI,2007,-0.582297403
PRI,2008,-1.266583422
PRI,2009,-1.416210921
PRI,2010,0.013091856
PRI,2011,0.477827774
PRI,2012,0.915046582
PRI,2013,0.506273089
PRI,2014,0.088781153
PRI,2015,0.346031007
PRI,2016,0.28908177
PRI,2017,-0.903680355
PRI,2018,-0.86954915
PRI,2019,1.306005302
PRI,2020,-3.564746344
PRI,2021,0.966080975
PRI,2022,4.3183096
PRI,2023,1.01081914
PRI,2024,3.242721329
QAT,1960,
QAT,1961,
QAT,1962,
QAT,1963,
QAT,1964,
QAT,1965,
QAT,1966,
QAT,1967,
QAT,1968,
QAT,1969,
QAT,1970,
QAT,1971,-2.551935035
QAT,1972,-0.41477147
QAT,1973,0.287639462
QAT,1974,-3.332434321
QAT,1975,-2.743661201
QAT,1976,0.074461844
QAT,1977,-13.98457695
QAT,1978,1.424615749
QAT,1979,-1.631776689
QAT,1980,-7.202334873
QAT,1981,-5.162304881
QAT,1982,-12.2503214
QAT,1983,-7.236097765
QAT,1984,-0.808335023
QAT,1985,-6.95130511
QAT,1986,0.795921094
QAT,1987,-3.629914736
QAT,1988,2.232619374
QAT,1989,2.633106933
QAT,1990,0.001027154
QAT,1991,-4.835569294
QAT,1992,7.821291967
QAT,1993,-4.35699357
QAT,1994,-1.609685538
QAT,1995,-0.56050139
QAT,1996,1.474827093
QAT,1997,24.93885431
QAT,1998,5.463651377
QAT,1999,-1.157435519
QAT,2000,2.586597352
QAT,2001,-1.149555604
QAT,2002,2.166689179
QAT,2003,-0.942747091
QAT,2004,14.80215524
QAT,2005,0.710908912
QAT,2006,7.050381966
QAT,2007,-5.030134573
QAT,2008,-0.34073947
QAT,2009,-0.705591683
QAT,2010,19.00584661
QAT,2011,12.82189394
QAT,2012,-1.209077614
QAT,2013,-5.128747192
QAT,2014,-6.185242281
QAT,2015,-3.861374283
QAT,2016,-2.451009489
QAT,2017,-4.156003204
QAT,2018,-0.134704953
QAT,2019,-1.522036842
QAT,2020,-8.924508176
QAT,2021,13.36153814
QAT,2022,-1.790978898
QAT,2023,1.236724265
QAT,2024,-4.488034221
ROU,1960,
ROU,1961,
ROU,1962,
ROU,1963,
ROU,1964,
ROU,1965,
ROU,1966,
ROU,1967,
ROU,1968,
ROU,1969,
ROU,1970,
ROU,1971,
ROU,1972,
ROU,1973,
ROU,1974,
ROU,1975,
ROU,1976,
ROU,1977,
ROU,1978,
ROU,1979,
ROU,1980,
ROU,1981,
ROU,1982,
ROU,1983,
ROU,1984,
ROU,1985,
ROU,1986,
ROU,1987,
ROU,1988,
ROU,1989,
ROU,1990,
ROU,1991,-12.15844134
ROU,1992,-7.939239528
ROU,1993,1.66711861
ROU,1994,4.083147899
ROU,1995,6.448659414
ROU,1996,4.207522544
ROU,1997,-4.57473043
ROU,1998,-1.826823974
ROU,1999,-0.220150555
ROU,2000,2.593928181
ROU,2001,6.696722599
ROU,2002,7.655869434
ROU,2003,3.081963843
ROU,2004,11.05911322
ROU,2005,5.316506112
ROU,2006,8.670675853
ROU,2007,8.829648237
ROU,2008,11.1442089
ROU,2009,-4.726288594
ROU,2010,-3.333352914
ROU,2011,5.010833714
ROU,2012,2.358280667
ROU,2013,0.651822267
ROU,2014,4.506725444
ROU,2015,3.643069411
ROU,2016,3.451695415
ROU,2017,8.822666571
ROU,2018,6.746218334
ROU,2019,4.472191654
ROU,2020,-3.142397913
ROU,2021,6.33606362
ROU,2022,4.3667763
ROU,2023,2.345293688
ROU,2024,0.761555154
RUS,1960,
RUS,1961,
RUS,1962,
RUS,1963,
RUS,1964,
RUS,1965,
RUS,1966,
RUS,1967,
RUS,1968,
RUS,1969,
RUS,1970,
RUS,1971,
RUS,1972,
RUS,1973,
RUS,1974,
RUS,1975,
RUS,1976,
RUS,1977,
RUS,1978,
RUS,1979,
RUS,1980,
RUS,1981,
RUS,1982,
RUS,1983,
RUS,1984,
RUS,1985,
RUS,1986,
RUS,1987,
RUS,1988,
RUS,1989,
RUS,1990,-3.162835973
RUS,1991,-5.31876191
RUS,1992,-14.61391714
RUS,1993,-8.619686184
RUS,1994,-12.53978986
RUS,1995,-4.122772365
RUS,1996,-3.614975495
RUS,1997,1.56770415
RUS,1998,-5.143115362
RUS,1999,6.729502923
RUS,2000,10.46370916
RUS,2001,5.546718339
RUS,2002,5.182750238
RUS,2003,7.787967524
RUS,2004,7.632491182
RUS,2005,6.806607653
RUS,2006,8.554941475
RUS,2007,8.685765482
RUS,2008,5.246210018
RUS,2009,-7.827749977
RUS,2010,4.453096398
RUS,2011,4.176976244
RUS,2012,3.762719155
RUS,2013,1.453147679
RUS,2014,-1.121940417
RUS,2015,-2.276211411
RUS,2016,-0.0904862
RUS,2017,1.613873259
RUS,2018,2.716592717
RUS,2019,2.142026247
RUS,2020,-2.526804317
RUS,2021,6.218577409
RUS,2022,-1.097171763
RUS,2023,4.37751097
RUS,2024,4.556260994
RWA,1960,
RWA,1961,-6.900036078
RWA,1962,8.564592795
RWA,1963,-11.83675467
RWA,1964,-14.45842282
RWA,1965,4.246895891
RWA,1966,4.01842036
RWA,1967,3.736117757
RWA,1968,3.742980905
RWA,1969,7.636243069
RWA,1970,2.821970192
RWA,1971,-1.740045416
RWA,1972,-2.594701257
RWA,1973,0.46919716
RWA,1974,-1.518105539
RWA,1975,-4.949887863
RWA,1976,16.0240041
RWA,1977,-0.974716489
RWA,1978,5.965717174
RWA,1979,8.542184506
RWA,1980,5.619559823
RWA,1981,2.117567712
RWA,1982,-1.474719939
RWA,1983,2.50297769
RWA,1984,-7.412811078
RWA,1985,0.93874158
RWA,1986,2.006074538
RWA,1987,-3.247384804
RWA,1988,1.220852629
RWA,1989,-3.050656966
RWA,1990,-4.921598673
RWA,1991,-4.478593614
RWA,1992,3.718965765
RWA,1993,-11.53819241
RWA,1994,-41.5406116
RWA,1995,61.87353501
RWA,1996,-4.642288541
RWA,1997,-1.512871573
RWA,1998,4.461545845
RWA,1999,3.503655065
RWA,2000,7.499871066
RWA,2001,7.526799287
RWA,2002,11.66824451
RWA,2003,-0.019686845
RWA,2004,4.645118905
RWA,2005,6.506697423
RWA,2006,6.352667291
RWA,2007,4.807909927
RWA,2008,8.277574202
RWA,2009,3.542919168
RWA,2010,4.659797964
RWA,2011,5.342776973
RWA,2012,6.071726785
RWA,2013,2.233014831
RWA,2014,3.631645706
RWA,2015,6.282592219
RWA,2016,3.488788293
RWA,2017,1.509064569
RWA,2018,6.031779965
RWA,2019,6.979296301
RWA,2020,-5.516369026
RWA,2021,8.456009305
RWA,2022,5.817732742
RWA,2023,5.896000904
RWA,2024,6.583267311
WSM,1960,
WSM,1961,
WSM,1962,
WSM,1963,
WSM,1964,
WSM,1965,
WSM,1966,
WSM,1967,
WSM,1968,
WSM,1969,
WSM,1970,
WSM,1971,11.83832842
WSM,1972,0.15701917
WSM,1973,5.843204158
WSM,1974,-12.42201396
WSM,1975,-6.259048338
WSM,1976,6.69949634
WSM,1977,-2.414934394
WSM,1978,5.182068131
WSM,1979,9.882950326
WSM,1980,-7.015135331
WSM,1981,-9.773678102
WSM,1982,-1.439994572
WSM,1983,0.292480478
WSM,1984,1.237763305
WSM,1985,3.886486116
WSM,1986,5.370693211
WSM,1987,0.123502242
WSM,1988,-1.843331041
WSM,1989,3.447996188
WSM,1990,-4.576374054
WSM,1991,-2.488065596
WSM,1992,-0.764226258
WSM,1993,3.225491452
WSM,1994,-3.321610589
WSM,1995,5.810824098
WSM,1996,6.265880046
WSM,1997,-0.193253145
WSM,1998,1.41916707
WSM,1999,1.408876088
WSM,2000,4.277450708
WSM,2001,6.521819544
WSM,2002,4.904547374
WSM,2003,4.668494152
WSM,2004,2.633950603
WSM,2005,6.223432884
WSM,2006,1.73439137
WSM,2007,-0.06980923
WSM,2008,2.818546532
WSM,2009,-1.271854672
WSM,2010,5.294516646
WSM,2011,2.947725999
WSM,2012,-4.606633499
WSM,2013,-0.786395615
WSM,2014,-0.230248575
WSM,2015,2.952269413
WSM,2016,7.072761141
WSM,2017,0.460419454
WSM,2018,-1.647207656
WSM,2019,3.357449603
WSM,2020,-4.09773046
WSM,2021,-7.876431948
WSM,2022,-5.95822542
WSM,2023,8.501973313
WSM,2024,8.74178266
SMR,1960,
SMR,1961,
SMR,1962,
SMR,1963,
SMR,1964,
SMR,1965,
SMR,1966,
SMR,1967,
SMR,1968,
SMR,1969,
SMR,1970,
SMR,1971,
SMR,1972,
SMR,1973,
SMR,1974,
SMR,1975,
SMR,1976,
SMR,1977,
SMR,1978,
SMR,1979,
SMR,1980,
SMR,1981,
SMR,1982,
SMR,1983,
SMR,1984,
SMR,1985,
SMR,1986,
SMR,1987,
SMR,1988,
SMR,1989,
SMR,1990,
SMR,1991,
SMR,1992,
SMR,1993,
SMR,1994,
SMR,1995,
SMR,1996,
SMR,1997,
SMR,1998,6.128725994
SMR,1999,7.672796924
SMR,2000,0.88302578
SMR,2001,4.240283369
SMR,2002,-0.959002843
SMR,2003,2.55977184
SMR,2004,-1.179567927
SMR,2005,1.124023884
SMR,2006,2.632996729
SMR,2007,3.584883324
SMR,2008,-1.918224221
SMR,2009,-14.1287766
SMR,2010,-6.053286508
SMR,2011,-6.487814736
SMR,2012,-9.402513148
SMR,2013,0.501232921
SMR,2014,0.471381911
SMR,2015,1.539019184
SMR,2016,1.713661811
SMR,2017,-1.887691199
SMR,2018,-0.555259041
SMR,2019,1.650508688
SMR,2020,-6.935189321
SMR,2021,15.62028907
SMR,2022,9.487110556
SMR,2023,
SMR,2024,
STP,1960,
STP,1961,
STP,1962,
STP,1963,
STP,1964,
STP,1965,
STP,1966,
STP,1967,
STP,1968,
STP,1969,
STP,1970,
STP,1971,3.111879064
STP,1972,0.131385641
STP,1973,-0.563520035
STP,1974,3.344733037
STP,1975,2.903701906
STP,1976,-0.891295097
STP,1977,20.20167914
STP,1978,0.162338584
STP,1979,13.37208785
STP,1980,-3.382073046
STP,1981,-12.15994812
STP,1982,1.18898449
STP,1983,-5.59794091
STP,1984,-7.80926946
STP,1985,7.022511698
STP,1986,-7.94337716
STP,1987,-5.289566397
STP,1988,-0.635431146
STP,1989,0.522097003
STP,1990,-4.540350358
STP,1991,-0.986502855
STP,1992,-1.196725304
STP,1993,-0.726460944
STP,1994,0.45601367
STP,1995,0.364462927
STP,1996,-0.031814335
STP,1997,-0.428599449
STP,1998,1.168043705
STP,1999,1.283177578
STP,2000,-0.650845923
STP,2001,1.404889541
STP,2002,0.914792646
STP,2003,5.551387914
STP,2004,0.983351605
STP,2005,4.019818214
STP,2006,6.23775372
STP,2007,1.160672449
STP,2008,3.726990306
STP,2009,0.944228915
STP,2010,-0.755150615
STP,2011,-0.114189922
STP,2012,0.883420959
STP,2013,3.101075643
STP,2014,2.976742762
STP,2015,-0.246825905
STP,2016,3.422233863
STP,2017,2.462524591
STP,2018,2.780577149
STP,2019,0.482132361
STP,2020,0.716646434
STP,2021,-0.178526591
STP,2022,-1.754073105
STP,2023,-1.612837194
STP,2024,-1.098413668
SAU,1960,
SAU,1961,7.849483363
SAU,1962,7.884465788
SAU,1963,4.761675589
SAU,1964,4.820880169
SAU,1965,8.047491443
SAU,1966,4.226835239
SAU,1967,4.861210692
SAU,1968,3.545232337
SAU,1969,1.867171118
SAU,1970,46.36602733
SAU,1971,10.23008054
SAU,1972,13.25933074
SAU,1973,16.51040766
SAU,1974,10.26498206
SAU,1975,-10.31416407
SAU,1976,9.192784455
SAU,1977,0.160115793
SAU,1978,-5.390140133
SAU,1979,4.703459702
SAU,1980,-0.225211055
SAU,1981,-2.992853543
SAU,1982,-21.07451587
SAU,1983,-16.25134998
SAU,1984,-9.54915704
SAU,1985,-12.38486385
SAU,1986,-4.574042515
SAU,1987,-8.454290655
SAU,1988,1.076448082
SAU,1989,-4.534276014
SAU,1990,4.157769445
SAU,1991,3.178048102
SAU,1992,-0.125826731
SAU,1993,-3.968576314
SAU,1994,-3.276577892
SAU,1995,-3.75839336
SAU,1996,-0.741787099
SAU,1997,-1.236756317
SAU,1998,-0.96631724
SAU,1999,-4.164962818
SAU,2000,0.150492544
SAU,2001,-4.740970888
SAU,2002,-5.509626786
SAU,2003,3.697831682
SAU,2004,3.755940092
SAU,2005,1.356622904
SAU,2006,-1.015908105
SAU,2007,-1.940860754
SAU,2008,2.042988191
SAU,2009,-4.865016112
SAU,2010,6.087203608
SAU,2011,6.799876432
SAU,2012,1.408833785
SAU,2013,-2.477145912
SAU,2014,1.506566098
SAU,2015,-0.634810334
SAU,2016,-2.034368942
SAU,2017,1.106441667
SAU,2018,5.897077302
SAU,2019,2.09951105
SAU,2020,-8.343449763
SAU,2021,9.177456927
SAU,2022,7.159129057
SAU,2023,-4.014293878
SAU,2024,-2.799464307
SEN,1960,
SEN,1961,0.132125345
SEN,1962,-2.913768235
SEN,1963,-0.970509914
SEN,1964,0.977287296
SEN,1965,-1.543513196
SEN,1966,-0.094891964
SEN,1967,-4.111963318
SEN,1968,3.165472586
SEN,1969,-9.30013111
SEN,1970,5.369252928
SEN,1971,-3.081554185
SEN,1972,3.247397217
SEN,1973,-8.357656426
SEN,1974,1.212053911
SEN,1975,4.595574058
SEN,1976,6.094083025
SEN,1977,-5.026312754
SEN,1978,-6.171284193
SEN,1979,4.472492945
SEN,1980,1.448513885
SEN,1981,2.522785353
SEN,1982,5.207026118
SEN,1983,-8.146961833
SEN,1984,1.139534772
SEN,1985,0.615796763
SEN,1986,0.204711045
SEN,1987,3.204848336
SEN,1988,-3.647845994
SEN,1989,1.027492627
SEN,1990,-3.552915227
SEN,1991,-0.216527599
SEN,1992,-1.474497349
SEN,1993,-1.390917377
SEN,1994,-2.687591598
SEN,1995,2.798250423
SEN,1996,-0.443182027
SEN,1997,0.642689765
SEN,1998,3.452906345
SEN,1999,3.793742205
SEN,2000,1.413357053
SEN,2001,1.811768659
SEN,2002,-2.352866649
SEN,2003,3.08280432
SEN,2004,2.216602372
SEN,2005,1.898549721
SEN,2006,-0.023903098
SEN,2007,0.466183194
SEN,2008,1.305181118
SEN,2009,0.349911484
SEN,2010,0.952269607
SEN,2011,-1.195441883
SEN,2012,1.255746464
SEN,2013,-0.578035528
SEN,2014,2.912079406
SEN,2015,3.15103873
SEN,2016,3.235035724
SEN,2017,4.35023573
SEN,2018,3.27615847
SEN,2019,1.808922903
SEN,2020,-1.291475933
SEN,2021,3.873432598
SEN,2022,1.31913435
SEN,2023,1.79788239
SEN,2024,4.440046372
SRB,1960,
SRB,1961,
SRB,1962,
SRB,1963,
SRB,1964,
SRB,1965,
SRB,1966,
SRB,1967,
SRB,1968,
SRB,1969,
SRB,1970,
SRB,1971,
SRB,1972,
SRB,1973,
SRB,1974,
SRB,1975,
SRB,1976,
SRB,1977,
SRB,1978,
SRB,1979,
SRB,1980,
SRB,1981,
SRB,1982,
SRB,1983,
SRB,1984,
SRB,1985,
SRB,1986,
SRB,1987,
SRB,1988,
SRB,1989,
SRB,1990,
SRB,1991,
SRB,1992,
SRB,1993,
SRB,1994,
SRB,1995,
SRB,1996,6.249632753
SRB,1997,9.272217789
SRB,1998,5.771279216
SRB,1999,-10.0003177
SRB,2000,6.394506548
SRB,2001,6.962279112
SRB,2002,6.589375016
SRB,2003,4.831411407
SRB,2004,6.936089169
SRB,2005,6.222143477
SRB,2006,4.310010295
SRB,2007,8.270173569
SRB,2008,5.609522775
SRB,2009,-2.753437507
SRB,2010,2.02027693
SRB,2011,0.813571318
SRB,2012,0.040200497
SRB,2013,0.941379085
SRB,2014,-1.32558619
SRB,2015,1.815452538
SRB,2016,3.515887747
SRB,2017,2.909615087
SRB,2018,5.222668883
SRB,2019,5.313818892
SRB,2020,-0.288042265
SRB,2021,8.972580823
SRB,2022,5.247053291
SRB,2023,4.494496847
SRB,2024,4.445421353
SYC,1960,
SYC,1961,-7.519198954
SYC,1962,5.570492765
SYC,1963,7.37099843
SYC,1964,3.298818638
SYC,1965,-3.514268906
SYC,1966,11.09230391
SYC,1967,-1.93583965
SYC,1968,4.980825767
SYC,1969,-2.350806837
SYC,1970,6.363348234
SYC,1971,13.53241028
SYC,1972,3.777202936
SYC,1973,7.399933301
SYC,1974,-0.524332931
SYC,1975,0.819491986
SYC,1976,13.94840488
SYC,1977,-8.13668927
SYC,1978,20.44213152
SYC,1979,14.8042349
SYC,1980,-5.963248102
SYC,1981,-5.038637872
SYC,1982,-2.645758635
SYC,1983,-0.495741991
SYC,1984,3.689946196
SYC,1985,9.402858169
SYC,1986,0.135752842
SYC,1987,0.515688007
SYC,1988,4.934241659
SYC,1989,9.628727319
SYC,1990,6.929141275
SYC,1991,1.400771562
SYC,1992,6.682334597
SYC,1993,5.090562685
SYC,1994,-5.00302414
SYC,1995,-0.981459839
SYC,1996,8.395845453
SYC,1997,10.88479574
SYC,1998,0.482967629
SYC,1999,-0.109437697
SYC,2000,3.326714564
SYC,2001,-2.356613335
SYC,2002,-1.834806954
SYC,2003,-4.81617833
SYC,2004,-2.490008253
SYC,2005,8.501897213
SYC,2006,7.153345154
SYC,2007,8.321654207
SYC,2008,-4.87712623
SYC,2009,-2.861424258
SYC,2010,1.627370136
SYC,2011,12.42658766
SYC,2012,2.104128265
SYC,2013,-0.599133305
SYC,2014,2.457612439
SYC,2015,6.51232551
SYC,2016,10.62779004
SYC,2017,5.652986796
SYC,2018,3.94280693
SYC,2019,4.581551136
SYC,2020,-12.49013745
SYC,2021,-0.254097866
SYC,2022,-6.676656925
SYC,2023,2.348899651
SYC,2024,2.117729701
SLE,1960,
SLE,1961,0.224133639
SLE,1962,2.844248737
SLE,1963,-0.008586663
SLE,1964,4.831220882
SLE,1965,5.257859061
SLE,1966,-0.159254658
SLE,1967,-1.827737382
SLE,1968,0.099949177
SLE,1969,6.493351013
SLE,1970,6.581230366
SLE,1971,1.558672013
SLE,1972,-0.934146898
SLE,1973,0.381693942
SLE,1974,1.603669235
SLE,1975,-0.183188015
SLE,1976,-2.229398104
SLE,1977,-1.786513766
SLE,1978,0.447648693
SLE,1979,2.491680475
SLE,1980,2.77392623
SLE,1981,0.821575318
SLE,1982,2.652937001
SLE,1983,-4.168440076
SLE,1984,1.837522074
SLE,1985,-7.384975482
SLE,1986,-1.206132426
SLE,1987,4.39382685
SLE,1988,-9.554998354
SLE,1989,-1.755016781
SLE,1990,-0.658850957
SLE,1991,1.160284417
SLE,1992,-17.45976979
SLE,1993,1.599776326
SLE,1994,-2.322738982
SLE,1995,-8.133465161
SLE,1996,1.26843594
SLE,1997,-7.083147123
SLE,1998,0.788223068
SLE,1999,-2.484549134
SLE,2000,4.107498036
SLE,2001,-11.71609942
SLE,2002,19.43067401
SLE,2003,5.122375536
SLE,2004,2.939370479
SLE,2005,1.584345635
SLE,2006,2.007131065
SLE,2007,1.496131503
SLE,2008,1.129053194
SLE,2009,-1.167297505
SLE,2010,3.500219219
SLE,2011,5.315958374
SLE,2012,7.812995643
SLE,2013,11.8800866
SLE,2014,-9.991268684
SLE,2015,-6.554875876
SLE,2016,3.960563262
SLE,2017,0.774679248
SLE,2018,0.506744299
SLE,2019,3.081711377
SLE,2020,-3.506777889
SLE,2021,3.515279571
SLE,2022,2.99519003
SLE,2023,3.414716416
SLE,2024,1.815668627
SGP,1960,
SGP,1961,4.580373932
SGP,1962,4.616034381
SGP,1963,7.293766759
SGP,1964,-5.555053671
SGP,1965,5.245415269
SGP,1966,7.474577044
SGP,1967,10.05090033
SGP,1968,11.58597603
SGP,1969,12.13398097
SGP,1970,12.18402306
SGP,1971,10.37079951
SGP,1972,11.23603988
SGP,1973,8.555359642
SGP,1974,4.366072197
SGP,1975,2.481255806
SGP,1976,5.998924538
SGP,1977,5.38197486
SGP,1978,6.481254758
SGP,1979,8.180134489
SGP,1980,8.724607403
SGP,1981,5.614279638
SGP,1982,2.503512627
SGP,1983,7.153752205
SGP,1984,6.755184056
SGP,1985,-0.758403193
SGP,1986,1.438615057
SGP,1987,9.14418252
SGP,1988,8.475501124
SGP,1989,6.971857275
SGP,1990,5.631848024
SGP,1991,3.695382282
SGP,1992,3.483718244
SGP,1993,8.675304888
SGP,1994,7.665158475
SGP,1995,3.968567752
SGP,1996,3.190985139
SGP,1997,4.739926747
SGP,1998,-5.457986674
SGP,1999,4.876891842
SGP,2000,7.165988202
SGP,2001,-3.703665952
SGP,2002,2.979229621
SGP,2003,6.101275546
SGP,2004,8.572205292
SGP,2005,4.872093269
SGP,2006,5.648343294
SGP,2007,4.572986271
SGP,2008,-3.415492694
SGP,2009,-2.846771949
SGP,2010,12.50852155
SGP,2011,4.023381649
SGP,2012,1.904462237
SGP,2013,3.133979149
SGP,2014,2.594723155
SGP,2015,1.762324686
SGP,2016,2.410214435
SGP,2017,4.384378349
SGP,2018,2.967196993
SGP,2019,0.155397509
SGP,2020,-3.514233805
SGP,2021,14.43081593
SGP,2022,0.719821623
SGP,2023,-3.007155715
SGP,2024,2.326636567
SXM,1960,
SXM,1961,
SXM,1962,
SXM,1963,
SXM,1964,
SXM,1965,
SXM,1966,
SXM,1967,
SXM,1968,
SXM,1969,
SXM,1970,
SXM,1971,
SXM,1972,
SXM,1973,
SXM,1974,
SXM,1975,
SXM,1976,
SXM,1977,
SXM,1978,
SXM,1979,
SXM,1980,
SXM,1981,
SXM,1982,
SXM,1983,
SXM,1984,
SXM,1985,
SXM,1986,
SXM,1987,
SXM,1988,
SXM,1989,
SXM,1990,
SXM,1991,
SXM,1992,
SXM,1993,
SXM,1994,
SXM,1995,
SXM,1996,
SXM,1997,
SXM,1998,
SXM,1999,
SXM,2000,
SXM,2001,
SXM,2002,
SXM,2003,
SXM,2004,
SXM,2005,
SXM,2006,
SXM,2007,
SXM,2008,
SXM,2009,
SXM,2010,2.274692409
SXM,2011,3.156171109
SXM,2012,-0.798052974
SXM,2013,-1.041288531
SXM,2014,-0.68545419
SXM,2015,-2.028758778
SXM,2016,-1.085966336
SXM,2017,-9.30645195
SXM,2018,-8.536334326
SXM,2019,9.115813226
SXM,2020,-14.63369373
SXM,2021,3.161292457
SXM,2022,8.319984959
SXM,2023,2.318842546
SXM,2024,2.065086505
SVK,1960,
SVK,1961,
SVK,1962,
SVK,1963,
SVK,1964,
SVK,1965,
SVK,1966,
SVK,1967,
SVK,1968,
SVK,1969,
SVK,1970,
SVK,1971,
SVK,1972,
SVK,1973,
SVK,1974,
SVK,1975,
SVK,1976,
SVK,1977,
SVK,1978,
SVK,1979,
SVK,1980,
SVK,1981,
SVK,1982,
SVK,1983,
SVK,1984,
SVK,1985,
SVK,1986,
SVK,1987,
SVK,1988,
SVK,1989,
SVK,1990,
SVK,1991,-14.6399588
SVK,1992,-6.75176665
SVK,1993,1.513092575
SVK,1994,5.787846413
SVK,1995,5.534214893
SVK,1996,5.89518838
SVK,1997,5.291261369
SVK,1998,3.686947843
SVK,1999,-0.574779582
SVK,2000,0.925761789
SVK,2001,3.113698918
SVK,2002,4.455218718
SVK,2003,4.925739495
SVK,2004,5.41095987
SVK,2005,6.474487485
SVK,2006,8.92067972
SVK,2007,10.78629912
SVK,2008,5.273061263
SVK,2009,-5.631175103
SVK,2010,6.691108446
SVK,2011,2.430269586
SVK,2012,1.396463718
SVK,2013,0.59516788
SVK,2014,2.608326499
SVK,2015,5.076972909
SVK,2016,1.8164696
SVK,2017,2.715217096
SVK,2018,3.918085065
SVK,2019,2.137584707
SVK,2020,-2.669028492
SVK,2021,5.924293529
SVK,2022,0.723874225
SVK,2023,2.262509038
SVK,2024,2.149601737
SVN,1960,
SVN,1961,
SVN,1962,
SVN,1963,
SVN,1964,
SVN,1965,
SVN,1966,
SVN,1967,
SVN,1968,
SVN,1969,
SVN,1970,
SVN,1971,
SVN,1972,
SVN,1973,
SVN,1974,
SVN,1975,
SVN,1976,
SVN,1977,
SVN,1978,
SVN,1979,
SVN,1980,
SVN,1981,
SVN,1982,
SVN,1983,
SVN,1984,
SVN,1985,
SVN,1986,
SVN,1987,
SVN,1988,
SVN,1989,
SVN,1990,
SVN,1991,-8.957881756
SVN,1992,-5.324911813
SVN,1993,3.088787914
SVN,1994,5.44941394
SVN,1995,4.084713711
SVN,1996,2.977996078
SVN,1997,5.312840812
SVN,1998,3.288871703
SVN,1999,5.192840027
SVN,2000,3.191941183
SVN,2001,2.66685838
SVN,2002,3.154679906
SVN,2003,3.132826648
SVN,2004,4.479064928
SVN,2005,3.674398812
SVN,2006,5.571349667
SVN,2007,6.541772412
SVN,2008,3.208894122
SVN,2009,-8.422088689
SVN,2010,0.672167911
SVN,2011,0.446560895
SVN,2012,-3.119224817
SVN,2013,-0.958293258
SVN,2014,2.66181374
SVN,2015,2.316344918
SVN,2016,2.959024148
SVN,2017,5.105893848
SVN,2018,4.001306499
SVN,2019,2.787045414
SVN,2020,-4.72524968
SVN,2021,8.098635245
SVN,2022,2.504885485
SVN,2023,1.708804225
SVN,2024,1.310893745
SST,1960,
SST,1961,
SST,1962,
SST,1963,
SST,1964,
SST,1965,
SST,1966,
SST,1967,
SST,1968,
SST,1969,
SST,1970,
SST,1971,
SST,1972,
SST,1973,
SST,1974,
SST,1975,-1.517409325
SST,1976,8.946351006
SST,1977,6.602286518
SST,1978,5.453905178
SST,1979,9.681964273
SST,1980,-1.19608406
SST,1981,-5.141521663
SST,1982,-0.00970407
SST,1983,-2.586820406
SST,1984,1.021627527
SST,1985,-0.24074749
SST,1986,0.286522972
SST,1987,1.437701498
SST,1988,0.824961131
SST,1989,1.481018717
SST,1990,1.314841277
SST,1991,-1.917115736
SST,1992,-1.822082591
SST,1993,-0.207440182
SST,1994,2.21527747
SST,1995,3.134363662
SST,1996,2.692726028
SST,1997,4.123012774
SST,1998,2.557614699
SST,1999,3.021822251
SST,2000,5.444032495
SST,2001,1.251601872
SST,2002,2.115500508
SST,2003,3.522059033
SST,2004,3.535509612
SST,2005,3.695621568
SST,2006,5.566343081
SST,2007,3.558793893
SST,2008,0.185959919
SST,2009,-5.212757833
SST,2010,1.265174721
SST,2011,1.565359649
SST,2012,1.241402917
SST,2013,0.213186566
SST,2014,1.247642516
SST,2015,1.263144557
SST,2016,0.784324487
SST,2017,2.207004417
SST,2018,2.207928062
SST,2019,2.078648363
SST,2020,-7.793946483
SST,2021,5.967188587
SST,2022,6.562857752
SST,2023,3.619594212
SST,2024,5.25067142
SLB,1960,
SLB,1961,
SLB,1962,
SLB,1963,
SLB,1964,
SLB,1965,
SLB,1966,
SLB,1967,
SLB,1968,
SLB,1969,
SLB,1970,
SLB,1971,
SLB,1972,
SLB,1973,
SLB,1974,
SLB,1975,
SLB,1976,
SLB,1977,
SLB,1978,
SLB,1979,
SLB,1980,
SLB,1981,-5.150709628
SLB,1982,-5.000547544
SLB,1983,0.401710873
SLB,1984,-3.164980421
SLB,1985,-6.319005586
SLB,1986,-3.411417679
SLB,1987,4.978176224
SLB,1988,-1.954197625
SLB,1989,1.013483064
SLB,1990,-0.930739362
SLB,1991,2.804225798
SLB,1992,9.350724724
SLB,1993,0.95199203
SLB,1994,4.965267532
SLB,1995,6.924447229
SLB,1996,-1.28334307
SLB,1997,-3.702034469
SLB,1998,-1.511539423
SLB,1999,-3.127655428
SLB,2000,-16.21714201
SLB,2001,-9.730561274
SLB,2002,-4.614979566
SLB,2003,4.584968909
SLB,2004,5.764512437
SLB,2005,5.475723934
SLB,2006,2.33469175
SLB,2007,1.865500221
SLB,2008,4.423349561
SLB,2009,1.007854746
SLB,2010,6.656335755
SLB,2011,3.548680949
SLB,2012,-1.224772515
SLB,2013,1.463159103
SLB,2014,-2.413295032
SLB,2015,-1.90278931
SLB,2016,1.895257343
SLB,2017,-0.426230099
SLB,2018,-0.648776163
SLB,2019,-0.912850987
SLB,2020,-5.503134244
SLB,2021,0.130939473
SLB,2022,-0.019702918
SLB,2023,0.22611601
SLB,2024,0.136946416
SOM,1960,
SOM,1961,-5.743403628
SOM,1962,4.319001964
SOM,1963,0.155585602
SOM,1964,-8.53475903
SOM,1965,-8.38493563
SOM,1966,6.270543543
SOM,1967,3.19834612
SOM,1968,-0.618246886
SOM,1969,-4.248863837
SOM,1970,1.855763398
SOM,1971,-0.502941604
SOM,1972,11.91388743
SOM,1973,-14.45455912
SOM,1974,-1.825870779
SOM,1975,11.84789582
SOM,1976,-4.282221249
SOM,1977,10.64866387
SOM,1978,-1.470296116
SOM,1979,-16.04555741
SOM,1980,-6.558748126
SOM,1981,5.434832614
SOM,1982,2.407709327
SOM,1983,-14.35240064
SOM,1984,-0.428395915
SOM,1985,5.195053991
SOM,1986,-6.095264991
SOM,1987,6.226677235
SOM,1988,3.314367485
SOM,1989,5.566429136
SOM,1990,2.789328217
SOM,1991,7.015720488
SOM,1992,-3.998717651
SOM,1993,1.091111418
SOM,1994,-21.88517154
SOM,1995,0.304750695
SOM,1996,4.192029248
SOM,1997,-2.311591443
SOM,1998,2.261929847
SOM,1999,3.063986197
SOM,2000,2.909451709
SOM,2001,2.920916235
SOM,2002,3.668034471
SOM,2003,3.729896838
SOM,2004,3.236370713
SOM,2005,3.455217909
SOM,2006,3.2722885
SOM,2007,3.423766147
SOM,2008,3.579426215
SOM,2009,4.035137344
SOM,2010,4.079104897
SOM,2011,5.942029317
SOM,2012,5.732565338
SOM,2013,7.437854959
SOM,2014,5.139145934
SOM,2015,6.722192586
SOM,2016,2.993470207
SOM,2017,10.36770438
SOM,2018,-1.484702379
SOM,2019,-0.886143106
SOM,2020,-6.37473582
SOM,2021,-0.257094286
SOM,2022,-0.333977531
SOM,2023,1.056062208
SOM,2024,0.414153603
ZAF,1960,
ZAF,1961,0.971241814
ZAF,1962,3.066159749
ZAF,1963,4.168016376
ZAF,1964,4.692929469
ZAF,1965,2.909441055
ZAF,1966,1.252170122
ZAF,1967,3.903810554
ZAF,1968,0.956697921
ZAF,1969,1.531072215
ZAF,1970,2.105805654
ZAF,1971,1.269222759
ZAF,1972,-1.218408428
ZAF,1973,1.624269414
ZAF,1974,3.160605317
ZAF,1975,-1.082709398
ZAF,1976,-0.479248252
ZAF,1977,-2.759355194
ZAF,1978,0.240191993
ZAF,1979,1.018867015
ZAF,1980,3.425110884
ZAF,1981,1.834440391
ZAF,1982,-3.768408742
ZAF,1983,-5.216239451
ZAF,1984,1.52227888
ZAF,1985,-4.451589073
ZAF,1986,-3.129218179
ZAF,1987,-1.033109518
ZAF,1988,1.073999317
ZAF,1989,-0.57128801
ZAF,1990,-3.052100204
ZAF,1991,-3.254006291
ZAF,1992,-3.879262369
ZAF,1993,-0.762363526
ZAF,1994,1.541959481
ZAF,1995,1.856049543
ZAF,1996,2.955969879
ZAF,1997,1.378195856
ZAF,1998,-0.711121199
ZAF,1999,1.29020714
ZAF,2000,3.251270582
ZAF,2001,1.821084061
ZAF,2002,2.72292924
ZAF,2003,1.928224901
ZAF,2004,3.506541288
ZAF,2005,4.21638585
ZAF,2006,4.530319446
ZAF,2007,4.254696047
ZAF,2008,2.007986584
ZAF,2009,-2.706640751
ZAF,2010,1.828046725
ZAF,2011,1.900920497
ZAF,2012,0.897179684
ZAF,2013,0.80565881
ZAF,2014,-0.257188966
ZAF,2015,-0.694265294
ZAF,2016,-0.277781476
ZAF,2017,0.498695962
ZAF,2018,-0.13748504
ZAF,2019,-1.380361054
ZAF,2020,-7.678733096
ZAF,2021,3.350530901
ZAF,2022,0.480619707
ZAF,2023,-0.630050659
ZAF,2024,-0.669086828
SAS,1960,
SAS,1961,1.508922028
SAS,1962,0.815664086
SAS,1963,2.410222228
SAS,1964,5.22879305
SAS,1965,-4.107853327
SAS,1966,-1.585366312
SAS,1967,3.860625288
SAS,1968,1.924212826
SAS,1969,3.516218974
SAS,1970,2.771565191
SAS,1971,-1.512119061
SAS,1972,-4.244040214
SAS,1973,1.021240968
SAS,1974,-0.06657402
SAS,1975,4.796231898
SAS,1976,-0.184388212
SAS,1977,4.111968781
SAS,1978,3.420702305
SAS,1979,-5.772494555
SAS,1980,3.38675573
SAS,1981,3.696189023
SAS,1982,0.946561323
SAS,1983,4.172165639
SAS,1984,1.692435267
SAS,1985,2.663515673
SAS,1986,2.328799975
SAS,1987,1.516791398
SAS,1988,6.144259717
SAS,1989,3.179442574
SAS,1990,3.323287311
SAS,1991,-0.61911186
SAS,1992,3.216871598
SAS,1993,2.668199617
SAS,1994,4.237755829
SAS,1995,5.07850992
SAS,1996,4.97363938
SAS,1997,2.192863654
SAS,1998,3.959069732
SAS,1999,6.171586014
SAS,2000,2.158410919
SAS,2001,2.667613945
SAS,2002,1.956756176
SAS,2003,5.672662978
SAS,2004,5.793875331
SAS,2005,5.971282611
SAS,2006,6.293080202
SAS,2007,6.002067292
SAS,2008,2.075104711
SAS,2009,5.933981489
SAS,2010,6.727058482
SAS,2011,4.053674353
SAS,2012,4.279301925
SAS,2013,4.952171583
SAS,2014,5.962825507
SAS,2015,6.461739174
SAS,2016,6.737337299
SAS,2017,5.60196772
SAS,2018,5.279340855
SAS,2019,3.041009511
SAS,2020,-5.90537298
SAS,2021,8.330281926
SAS,2022,6.241736558
SAS,2023,7.554168702
SAS,2024,5.287342508
TSA,1960,
TSA,1961,1.508922028
TSA,1962,0.815664086
TSA,1963,2.410222228
TSA,1964,5.22879305
TSA,1965,-4.107853327
TSA,1966,-1.585366312
TSA,1967,3.860625288
TSA,1968,1.924212826
TSA,1969,3.516218974
TSA,1970,2.771565191
TSA,1971,-1.512119061
TSA,1972,-4.244040214
TSA,1973,1.021240968
TSA,1974,-0.06657402
TSA,1975,4.796231898
TSA,1976,-0.184388212
TSA,1977,4.111968781
TSA,1978,3.420702305
TSA,1979,-5.772494555
TSA,1980,3.38675573
TSA,1981,3.696189023
TSA,1982,0.946561323
TSA,1983,4.172165639
TSA,1984,1.692435267
TSA,1985,2.663515673
TSA,1986,2.328799975
TSA,1987,1.516791398
TSA,1988,6.144259717
TSA,1989,3.179442574
TSA,1990,3.323287311
TSA,1991,-0.61911186
TSA,1992,3.216871598
TSA,1993,2.668199617
TSA,1994,4.237755829
TSA,1995,5.07850992
TSA,1996,4.97363938
TSA,1997,2.192863654
TSA,1998,3.959069732
TSA,1999,6.171586014
TSA,2000,2.158410919
TSA,2001,2.667613945
TSA,2002,1.956756176
TSA,2003,5.672662978
TSA,2004,5.793875331
TSA,2005,5.971282611
TSA,2006,6.293080202
TSA,2007,6.002067292
TSA,2008,2.075104711
TSA,2009,5.933981489
TSA,2010,6.727058482
TSA,2011,4.053674353
TSA,2012,4.279301925
TSA,2013,4.952171583
TSA,2014,5.962825507
TSA,2015,6.461739174
TSA,2016,6.737337299
TSA,2017,5.60196772
TSA,2018,5.279340855
TSA,2019,3.041009511
TSA,2020,-5.90537298
TSA,2021,8.330281926
TSA,2022,6.241736558
TSA,2023,7.554168702
TSA,2024,5.287342508
SSD,1960,
SSD,1961,
SSD,1962,
SSD,1963,
SSD,1964,
SSD,1965,
SSD,1966,
SSD,1967,
SSD,1968,
SSD,1969,
SSD,1970,
SSD,1971,
SSD,1972,
SSD,1973,
SSD,1974,
SSD,1975,
SSD,1976,
SSD,1977,
SSD,1978,
SSD,1979,
SSD,1980,
SSD,1981,
SSD,1982,
SSD,1983,
SSD,1984,
SSD,1985,
SSD,1986,
SSD,1987,
SSD,1988,
SSD,1989,
SSD,1990,
SSD,1991,
SSD,1992,
SSD,1993,
SSD,1994,
SSD,1995,
SSD,1996,
SSD,1997,
SSD,1998,
SSD,1999,
SSD,2000,
SSD,2001,
SSD,2002,
SSD,2003,
SSD,2004,
SSD,2005,
SSD,2006,
SSD,2007,
SSD,2008,
SSD,2009,0.201710077
SSD,2010,0.055305221
SSD,2011,-9.665518592
SSD,2012,-48.42872583
SSD,2013,8.975512361
SSD,2014,2.74063966
SSD,2015,-9.769294943
SSD,2016,
SSD,2017,
SSD,2018,
SSD,2019,
SSD,2020,
SSD,2021,
SSD,2022,
SSD,2023,
SSD,2024,
ESP,1960,
ESP,1961,10.80448686
ESP,1962,8.94647029
ESP,1963,8.639492989
ESP,1964,4.267245417
ESP,1965,5.105632144
ESP,1966,6.153434725
ESP,1967,3.064126596
ESP,1968,5.212172291
ESP,1969,7.839083051
ESP,1970,3.093598922
ESP,1971,3.395927031
ESP,1972,6.962193115
ESP,1973,6.604025765
ESP,1974,4.471068199
ESP,1975,-0.539096521
ESP,1976,2.217772421
ESP,1977,1.785657127
ESP,1978,0.490728283
ESP,1979,-0.836528081
ESP,1980,1.391315414
ESP,1981,-0.839887496
ESP,1982,0.640409182
ESP,1983,1.275514678
ESP,1984,1.362897155
ESP,1985,1.951329092
ESP,1986,2.945279391
ESP,1987,5.273762975
ESP,1988,4.871691997
ESP,1989,4.66281524
ESP,1990,3.675767947
ESP,1991,2.285324689
ESP,1992,0.436115156
ESP,1993,-1.543358351
ESP,1994,1.896906947
ESP,1995,2.304957026
ESP,1996,2.180923903
ESP,1997,3.154053677
ESP,1998,3.871218305
ESP,1999,3.986528773
ESP,2000,4.731300329
ESP,2001,3.200316848
ESP,2002,1.314141205
ESP,2003,1.094411583
ESP,2004,1.350586884
ESP,2005,1.816577328
ESP,2006,2.299515013
ESP,2007,1.634639807
ESP,2008,-0.827648477
ESP,2009,-4.616729629
ESP,2010,-0.36566009
ESP,2011,-0.992358605
ESP,2012,-2.928158978
ESP,2013,-1.070170182
ESP,2014,1.833966462
ESP,2015,4.147011936
ESP,2016,2.835771241
ESP,2017,2.646170611
ESP,2018,1.93406292
ESP,2019,1.233037412
ESP,2020,-11.39312905
ESP,2021,6.493367388
ESP,2022,5.418773892
ESP,2023,1.482561028
ESP,2024,2.179654085
LKA,1960,
LKA,1961,
LKA,1962,1.316849355
LKA,1963,0.038545174
LKA,1964,1.386584579
LKA,1965,0.061406553
LKA,1966,2.516846806
LKA,1967,3.899127747
LKA,1968,3.288066571
LKA,1969,5.22632069
LKA,1970,1.537193439
LKA,1971,-0.830304681
LKA,1972,-2.410907383
LKA,1973,4.994180326
LKA,1974,1.935440229
LKA,1975,4.220587882
LKA,1976,1.479238054
LKA,1977,3.210931702
LKA,1978,3.728628534
LKA,1979,4.436819745
LKA,1980,3.932981701
LKA,1981,3.939384373
LKA,1982,2.866494366
LKA,1983,4.117716794
LKA,1984,4.737973013
LKA,1985,4.308419309
LKA,1986,3.114378917
LKA,1987,0.541198281
LKA,1988,1.439935634
LKA,1989,1.22940123
LKA,1990,5.723946125
LKA,1991,3.819735722
LKA,1992,2.75390593
LKA,1993,5.10038392
LKA,1994,4.072654637
LKA,1995,3.768416519
LKA,1996,1.823392883
LKA,1997,4.404302717
LKA,1998,2.740237429
LKA,1999,2.38061253
LKA,2000,4.086274479
LKA,2001,-3.08904716
LKA,2002,2.886539155
LKA,2003,5.166252546
LKA,2004,4.730720982
LKA,2005,5.564253737
LKA,2006,6.949422712
LKA,2007,6.066518271
LKA,2008,5.247329758
LKA,2009,2.905116146
LKA,2010,7.381428648
LKA,2011,7.997268957
LKA,2012,7.809029072
LKA,2013,7.006027386
LKA,2014,5.389868876
LKA,2015,3.251852308
LKA,2016,3.869796499
LKA,2017,5.249829351
LKA,2018,1.28556703
LKA,2019,-0.829146715
LKA,2020,-5.129262346
LKA,2021,3.092781969
LKA,2022,-7.453618881
LKA,2023,-1.691626024
LKA,2024,5.588480901
KNA,1960,
KNA,1961,
KNA,1962,
KNA,1963,
KNA,1964,
KNA,1965,
KNA,1966,
KNA,1967,
KNA,1968,
KNA,1969,
KNA,1970,
KNA,1971,
KNA,1972,
KNA,1973,
KNA,1974,
KNA,1975,
KNA,1976,
KNA,1977,
KNA,1978,4.248921155
KNA,1979,8.057739914
KNA,1980,8.90323754
KNA,1981,1.908398754
KNA,1982,0.940170202
KNA,1983,1.65998004
KNA,1984,9.437111887
KNA,1985,9.169628527
KNA,1986,11.53889568
KNA,1987,7.246112695
KNA,1988,9.986138145
KNA,1989,6.266531831
KNA,1990,5.722868453
KNA,1991,-1.684749266
KNA,1992,3.3547156
KNA,1993,5.437208925
KNA,1994,3.955704163
KNA,1995,4.013754374
KNA,1996,4.482682144
KNA,1997,5.468619864
KNA,1998,-1.775953355
KNA,1999,1.824366332
KNA,2000,8.469309099
KNA,2001,4.073514519
KNA,2002,0.797218806
KNA,2003,-4.257944202
KNA,2004,3.684234124
KNA,2005,9.44452895
KNA,2006,2.858001069
KNA,2007,0.305516416
KNA,2008,11.01042971
KNA,2009,-3.571510894
KNA,2010,0.095150591
KNA,2011,1.52991481
KNA,2012,-1.047877789
KNA,2013,5.646416989
KNA,2014,7.531275112
KNA,2015,0.698412468
KNA,2016,3.959196925
KNA,2017,0.274193507
KNA,2018,2.094662072
KNA,2019,3.061021794
KNA,2020,-15.15370814
KNA,2021,0.597261391
KNA,2022,10.46997026
KNA,2023,4.219226706
KNA,2024,0.982866431
LCA,1960,
LCA,1961,
LCA,1962,
LCA,1963,
LCA,1964,
LCA,1965,
LCA,1966,
LCA,1967,
LCA,1968,
LCA,1969,
LCA,1970,
LCA,1971,
LCA,1972,
LCA,1973,
LCA,1974,
LCA,1975,
LCA,1976,
LCA,1977,
LCA,1978,8.693935795
LCA,1979,2.296708842
LCA,1980,-3.664801976
LCA,1981,4.664263069
LCA,1982,0.493096165
LCA,1983,3.322624185
LCA,1984,5.557826908
LCA,1985,6.533818366
LCA,1986,12.5888677
LCA,1987,2.372991831
LCA,1988,12.40378158
LCA,1989,7.77393613
LCA,1990,8.818554342
LCA,1991,-0.820743643
LCA,1992,6.354555416
LCA,1993,-0.892733394
LCA,1994,0.091539227
LCA,1995,0.156865159
LCA,1996,1.39827512
LCA,1997,-2.082481776
LCA,1998,4.837956689
LCA,1999,1.343830579
LCA,2000,-1.158527539
LCA,2001,-4.385213611
LCA,2002,-0.455758269
LCA,2003,3.410539377
LCA,2004,6.442521131
LCA,2005,-1.139244714
LCA,2006,5.437534544
LCA,2007,1.01330266
LCA,2008,4.296528305
LCA,2009,-3.435829227
LCA,2010,-0.278750188
LCA,2011,3.783449963
LCA,2012,-0.563683331
LCA,2013,-2.261633279
LCA,2014,0.880621539
LCA,2015,-0.337052868
LCA,2016,2.991539674
LCA,2017,2.971798822
LCA,2018,2.494451868
LCA,2019,-1.06027192
LCA,2020,-24.61140921
LCA,2021,11.42874925
LCA,2022,20.21403647
LCA,2023,1.922553759
LCA,2024,3.626448962
MAF,1960,
MAF,1961,
MAF,1962,
MAF,1963,
MAF,1964,
MAF,1965,
MAF,1966,
MAF,1967,
MAF,1968,
MAF,1969,
MAF,1970,
MAF,1971,
MAF,1972,
MAF,1973,
MAF,1974,
MAF,1975,
MAF,1976,
MAF,1977,
MAF,1978,
MAF,1979,
MAF,1980,
MAF,1981,
MAF,1982,
MAF,1983,
MAF,1984,
MAF,1985,
MAF,1986,
MAF,1987,
MAF,1988,
MAF,1989,
MAF,1990,
MAF,1991,
MAF,1992,
MAF,1993,
MAF,1994,
MAF,1995,
MAF,1996,
MAF,1997,
MAF,1998,
MAF,1999,
MAF,2000,
MAF,2001,
MAF,2002,
MAF,2003,
MAF,2004,
MAF,2005,
MAF,2006,
MAF,2007,
MAF,2008,
MAF,2009,
MAF,2010,
MAF,2011,
MAF,2012,
MAF,2013,
MAF,2014,
MAF,2015,1.218924777
MAF,2016,5.54794889
MAF,2017,-7.155852009
MAF,2018,-5.892364166
MAF,2019,11.92337033
MAF,2020,-5.670344711
MAF,2021,11.28972296
MAF,2022,
MAF,2023,
MAF,2024,
VCT,1960,
VCT,1961,2.723283972
VCT,1962,2.070547217
VCT,1963,-7.628108866
VCT,1964,2.253564065
VCT,1965,-0.42207444
VCT,1966,-1.222135315
VCT,1967,-10.56533309
VCT,1968,5.379236296
VCT,1969,1.849095345
VCT,1970,9.700333204
VCT,1971,2.002911146
VCT,1972,24.65025034
VCT,1973,-11.91293576
VCT,1974,-9.612810954
VCT,1975,-8.373521179
VCT,1976,9.493343182
VCT,1977,12.33910845
VCT,1978,8.948601891
VCT,1979,2.679867597
VCT,1980,1.720205847
VCT,1981,3.757661713
VCT,1982,3.593465729
VCT,1983,1.337576148
VCT,1984,5.746016574
VCT,1985,5.377907708
VCT,1986,4.850847309
VCT,1987,-0.219401447
VCT,1988,13.3974089
VCT,1989,0.846053659
VCT,1990,3.646194612
VCT,1991,0.766079149
VCT,1992,6.10658039
VCT,1993,4.041739199
VCT,1994,-1.407665917
VCT,1995,7.643675748
VCT,1996,1.223442465
VCT,1997,3.485024541
VCT,1998,4.054327133
VCT,1999,2.54179354
VCT,2000,1.478801275
VCT,2001,1.787674921
VCT,2002,5.485251176
VCT,2003,6.885593513
VCT,2004,4.397050006
VCT,2005,2.839451911
VCT,2006,7.413397957
VCT,2007,3.770422614
VCT,2008,0.859512862
VCT,2009,-0.914124585
VCT,2010,-3.99351095
VCT,2011,-0.051811853
VCT,2012,1.739453798
VCT,2013,3.031957081
VCT,2014,1.815188136
VCT,2015,3.335707171
VCT,2016,4.744274537
VCT,2017,2.107470818
VCT,2018,3.900316717
VCT,2019,1.401936571
VCT,2020,-3.676188032
VCT,2021,2.773421663
VCT,2022,3.914128696
VCT,2023,6.077931115
VCT,2024,4.793047802
SSF,1960,
SSF,1961,-1.294144888
SSF,1962,3.440175751
SSF,1963,3.640693764
SSF,1964,2.374378002
SSF,1965,2.045601461
SSF,1966,-0.572985181
SSF,1967,-3.306240697
SSF,1968,0.433318314
SSF,1969,6.149231229
SSF,1970,4.984759466
SSF,1971,4.865387907
SSF,1972,0.225065179
SSF,1973,1.467415162
SSF,1974,4.566393607
SSF,1975,-3.017257949
SSF,1976,2.248513652
SSF,1977,-0.05877165
SSF,1978,-3.022593493
SSF,1979,0.84244917
SSF,1980,0.748087822
SSF,1981,-3.731973041
SSF,1982,-4.18718041
SSF,1983,-5.397145844
SSF,1984,-0.645451605
SSF,1985,-0.897101011
SSF,1986,-1.006805284
SSF,1987,0.011631989
SSF,1988,1.507772827
SSF,1989,-0.514768335
SSF,1990,-0.469686901
SSF,1991,-2.305838203
SSF,1992,-3.085178964
SSF,1993,-3.598502625
SSF,1994,-1.639395598
SSF,1995,0.588241053
SSF,1996,2.344552402
SSF,1997,1.370958813
SSF,1998,-0.180474732
SSF,1999,-0.498658447
SSF,2000,0.754168198
SSF,2001,1.449783145
SSF,2002,3.538583548
SSF,2003,1.308932933
SSF,2004,3.793303149
SSF,2005,3.1946949
SSF,2006,3.183578983
SSF,2007,3.275797215
SSF,2008,2.322192641
SSF,2009,0.332193915
SSF,2010,3.132130582
SSF,2011,1.630745922
SSF,2012,0.498780273
SSF,2013,2.256133432
SSF,2014,1.989230562
SSF,2015,0.22757167
SSF,2016,-1.38523306
SSF,2017,-0.154037047
SSF,2018,0.084598167
SSF,2019,0.053948005
SSF,2020,-4.484212007
SSF,2021,1.70511279
SSF,2022,1.201927226
SSF,2023,0.075734468
SSF,2024,0.932461474
SSA,1960,
SSA,1961,-1.286134456
SSA,1962,3.483302658
SSA,1963,3.686068135
SSA,1964,2.404697016
SSA,1965,2.039473256
SSA,1966,-0.687046581
SSA,1967,-3.410649577
SSA,1968,0.419390241
SSA,1969,6.343701856
SSA,1970,5.087238247
SSA,1971,4.889991855
SSA,1972,0.195832285
SSA,1973,1.437365295
SSA,1974,4.634302688
SSA,1975,-3.087262932
SSA,1976,2.312121253
SSA,1977,-0.14001609
SSA,1978,-3.21244297
SSA,1979,0.778536582
SSA,1980,0.470006937
SSA,1981,-3.869939013
SSA,1982,-4.153918038
SSA,1983,-5.626323433
SSA,1984,-0.562148078
SSA,1985,-0.639109915
SSA,1986,-1.139348985
SSA,1987,-0.151348283
SSA,1988,1.696811947
SSA,1989,-0.364153703
SSA,1990,-0.390979177
SSA,1991,-1.995058529
SSA,1992,-2.787612658
SSA,1993,-3.769322291
SSA,1994,-1.592794925
SSA,1995,0.615274152
SSA,1996,2.257540394
SSA,1997,1.445771604
SSA,1998,0.001822172
SSA,1999,-0.509675567
SSA,2000,0.743234797
SSA,2001,1.408300856
SSA,2002,3.694149171
SSA,2003,1.489391012
SSA,2004,3.69448796
SSA,2005,3.094848982
SSA,2006,3.095296081
SSA,2007,3.168517554
SSA,2008,2.204817567
SSA,2009,0.199261132
SSA,2010,2.963865969
SSA,2011,1.442295046
SSA,2012,0.340694381
SSA,2013,2.077481307
SSA,2014,1.797917517
SSA,2015,-0.048420763
SSA,2016,-1.707756644
SSA,2017,-0.447078799
SSA,2018,-0.096235037
SSA,2019,-0.20767175
SSA,2020,-4.862393839
SSA,2021,1.652370541
SSA,2022,1.124141834
SSA,2023,-0.134027235
SSA,2024,0.721303125
TSS,1960,
TSS,1961,-1.294144888
TSS,1962,3.440175751
TSS,1963,3.640693764
TSS,1964,2.374378002
TSS,1965,2.045601461
TSS,1966,-0.572985181
TSS,1967,-3.306240697
TSS,1968,0.433318314
TSS,1969,6.149231229
TSS,1970,4.984759466
TSS,1971,4.865387907
TSS,1972,0.225065179
TSS,1973,1.467415162
TSS,1974,4.566393607
TSS,1975,-3.017257949
TSS,1976,2.248513652
TSS,1977,-0.05877165
TSS,1978,-3.022593493
TSS,1979,0.84244917
TSS,1980,0.748087822
TSS,1981,-3.731973041
TSS,1982,-4.18718041
TSS,1983,-5.397145844
TSS,1984,-0.645451605
TSS,1985,-0.897101011
TSS,1986,-1.006805284
TSS,1987,0.011631989
TSS,1988,1.507772827
TSS,1989,-0.514768335
TSS,1990,-0.469686901
TSS,1991,-2.305838203
TSS,1992,-3.085178964
TSS,1993,-3.598502625
TSS,1994,-1.639395598
TSS,1995,0.588241053
TSS,1996,2.344552402
TSS,1997,1.370958813
TSS,1998,-0.180474732
TSS,1999,-0.498658447
TSS,2000,0.754168198
TSS,2001,1.449783145
TSS,2002,3.538583548
TSS,2003,1.308932933
TSS,2004,3.793303149
TSS,2005,3.1946949
TSS,2006,3.183578983
TSS,2007,3.275797215
TSS,2008,2.322192641
TSS,2009,0.332193915
TSS,2010,3.132130582
TSS,2011,1.630745922
TSS,2012,0.498780273
TSS,2013,2.256133432
TSS,2014,1.989230562
TSS,2015,0.22757167
TSS,2016,-1.38523306
TSS,2017,-0.154037047
TSS,2018,0.084598167
TSS,2019,0.053948005
TSS,2020,-4.484212007
TSS,2021,1.70511279
TSS,2022,1.201927226
TSS,2023,0.075734468
TSS,2024,0.932461474
SDN,1960,
SDN,1961,-2.696324812
SDN,1962,3.946745346
SDN,1963,-5.593092425
SDN,1964,-4.012257928
SDN,1965,3.611394947
SDN,1966,-6.346708931
SDN,1967,-1.467526718
SDN,1968,-0.981796868
SDN,1969,-1.548674975
SDN,1970,2.833195144
SDN,1971,-0.830443352
SDN,1972,-8.001897073
SDN,1973,-3.026672296
SDN,1974,7.405310166
SDN,1975,11.94627268
SDN,1976,12.8461179
SDN,1977,2.783118363
SDN,1978,-9.309871281
SDN,1979,-8.549250975
SDN,1980,-2.318699613
SDN,1981,3.426225772
SDN,1982,2.20442598
SDN,1983,-1.058931724
SDN,1984,-7.06459755
SDN,1985,-7.959232438
SDN,1986,3.451381159
SDN,1987,12.18355577
SDN,1988,-1.555209095
SDN,1989,7.668564257
SDN,1990,-7.122836775
SDN,1991,5.352459704
SDN,1992,4.549636652
SDN,1993,2.490416974
SDN,1994,-1.4691715
SDN,1995,3.221666237
SDN,1996,3.528209889
SDN,1997,15.58996021
SDN,1998,1.804409313
SDN,1999,0.524555771
SDN,2000,3.371329754
SDN,2001,3.515158586
SDN,2002,3.046408525
SDN,2003,3.476626013
SDN,2004,2.385010785
SDN,2005,2.75337218
SDN,2006,3.555877526
SDN,2007,2.693292113
SDN,2008,0.693530744
SDN,2009,-5.810421854
SDN,2010,0.758886049
SDN,2011,5.872001186
SDN,2012,-7.200563692
SDN,2013,-0.372546264
SDN,2014,1.864529241
SDN,2015,-1.148102931
SDN,2016,0.369473162
SDN,2017,-2.719874524
SDN,2018,-6.01716756
SDN,2019,-5.007959438
SDN,2020,-6.185958079
SDN,2021,-4.477007796
SDN,2022,-3.598008466
SDN,2023,-30.36317357
SDN,2024,-14.1897699
SUR,1960,
SUR,1961,1.391198377
SUR,1962,-0.169824094
SUR,1963,0.934934048
SUR,1964,2.362214082
SUR,1965,8.164350001
SUR,1966,15.19168918
SUR,1967,8.323630868
SUR,1968,3.977994226
SUR,1969,0.999634779
SUR,1970,-0.6930013
SUR,1971,0.588938387
SUR,1972,-1.970894765
SUR,1973,-1.392830713
SUR,1974,0.934547183
SUR,1975,3.458580155
SUR,1976,9.607266759
SUR,1977,11.12208473
SUR,1978,7.596138944
SUR,1979,0.426636518
SUR,1980,-8.259423463
SUR,1981,7.076609431
SUR,1982,-4.47883523
SUR,1983,-4.455926933
SUR,1984,-2.784764236
SUR,1985,0.740327469
SUR,1986,-0.576612552
SUR,1987,-7.28260491
SUR,1988,6.375270175
SUR,1989,2.622746803
SUR,1990,-5.445523922
SUR,1991,2.076394579
SUR,1992,-0.219341976
SUR,1993,-7.09224119
SUR,1994,2.659949897
SUR,1995,-1.683170161
SUR,1996,-1.122971252
SUR,1997,3.520968925
SUR,1998,0.211310826
SUR,1999,-3.408254622
SUR,2000,0.016412852
SUR,2001,2.076210129
SUR,2002,0.73158313
SUR,2003,4.229683655
SUR,2004,6.914691683
SUR,2005,3.415384572
SUR,2006,4.648145608
SUR,2007,3.920062199
SUR,2008,2.935932976
SUR,2009,1.815402507
SUR,2010,3.953477033
SUR,2011,4.641822245
SUR,2012,1.52880859
SUR,2013,1.778058903
SUR,2014,-0.851471419
SUR,2015,-4.451603186
SUR,2016,-5.903382464
SUR,2017,0.54714937
SUR,2018,3.932947026
SUR,2019,0.122960023
SUR,2020,-16.87387405
SUR,2021,-3.316299424
SUR,2022,1.540517695
SUR,2023,1.606597344
SUR,2024,1.940756204
SWE,1960,
SWE,1961,5.184618713
SWE,1962,3.685605053
SWE,1963,4.735939836
SWE,1964,6.02605917
SWE,1965,2.848259727
SWE,1966,1.123989592
SWE,1967,2.575374721
SWE,1968,3.057694246
SWE,1969,4.27371525
SWE,1970,5.484382827
SWE,1971,0.252434873
SWE,1972,1.986921307
SWE,1973,3.788932059
SWE,1974,2.899184796
SWE,1975,2.146253267
SWE,1976,0.691238101
SWE,1977,-1.945127185
SWE,1978,1.455733746
SWE,1979,3.61364755
SWE,1980,1.493733134
SWE,1981,0.334436842
SWE,1982,1.190775386
SWE,1983,1.854515027
SWE,1984,4.134865293
SWE,1985,1.991774093
SWE,1986,2.452772636
SWE,1987,3.009547746
SWE,1988,2.088760552
SWE,1989,1.97219126
SWE,1990,-0.020759183
SWE,1991,-1.817515182
SWE,1992,-1.736630351
SWE,1993,-2.632808449
SWE,1994,3.279030718
SWE,1995,3.54949667
SWE,1996,1.543089764
SWE,1997,3.005870807
SWE,1998,4.18787241
SWE,1999,4.119904336
SWE,2000,4.463238903
SWE,2001,1.089008098
SWE,2002,1.945361678
SWE,2003,1.502556728
SWE,2004,3.770598056
SWE,2005,2.382884004
SWE,2006,4.088865868
SWE,2007,2.462275566
SWE,2008,-1.69196628
SWE,2009,-5.067760299
SWE,2010,4.853016846
SWE,2011,2.387802168
SWE,2012,-1.148444743
SWE,2013,0.284348039
SWE,2014,1.285783938
SWE,2015,3.311867865
SWE,2016,1.071808537
SWE,2017,0.462320335
SWE,2018,0.726062663
SWE,2019,1.51533067
SWE,2020,-2.710995801
SWE,2021,5.3031637
SWE,2022,0.771118404
SWE,2023,-0.585225856
SWE,2024,0.657843244
CHE,1960,
CHE,1961,5.990640687
CHE,1962,2.166890964
CHE,1963,2.661028415
CHE,1964,3.529461907
CHE,1965,0.932190616
CHE,1966,1.396156452
CHE,1967,1.786888798
CHE,1968,2.291765958
CHE,1969,4.450762272
CHE,1970,5.611701132
CHE,1971,3.530693853
CHE,1972,2.416617838
CHE,1973,2.291967746
CHE,1974,0.910020548
CHE,1975,-7.242612985
CHE,1976,-0.838489888
CHE,1977,2.781502688
CHE,1978,0.400068624
CHE,1979,2.285905904
CHE,1980,4.187453142
CHE,1981,1.047028312
CHE,1982,-1.884377097
CHE,1983,0.208475013
CHE,1984,2.639204614
CHE,1985,3.21694498
CHE,1986,1.329945974
CHE,1987,0.949403324
CHE,1988,2.521347168
CHE,1989,3.490643171
CHE,1990,2.615466107
CHE,1991,-2.146489869
CHE,1992,-1.139719075
CHE,1993,-1.03142243
CHE,1994,0.465686526
CHE,1995,-0.188350818
CHE,1996,0.028540643
CHE,1997,2.015283221
CHE,1998,2.724284792
CHE,1999,1.179005702
CHE,2000,3.376157482
CHE,2001,0.934949672
CHE,2002,-0.8262806
CHE,2003,-0.771333118
CHE,2004,1.998131976
CHE,2005,2.093586728
CHE,2006,3.422550628
CHE,2007,2.991821978
CHE,2008,1.509950755
CHE,2009,-3.510558756
CHE,2010,2.173637987
CHE,2011,0.687339981
CHE,2012,0.110596623
CHE,2013,0.628360626
CHE,2014,1.108693733
CHE,2015,0.494129646
CHE,2016,0.960131696
CHE,2017,0.42132626
CHE,2018,2.10552472
CHE,2019,0.423089634
CHE,2020,-2.854158236
CHE,2021,4.754645193
CHE,2022,2.192409289
CHE,2023,-0.57412411
CHE,2024,-0.334913231
SYR,1960,
SYR,1961,7.565565645
SYR,1962,20.90884529
SYR,1963,-11.35407247
SYR,1964,5.981871007
SYR,1965,-0.828367586
SYR,1966,-10.51998067
SYR,1967,4.870754002
SYR,1968,0.45790784
SYR,1969,14.99006228
SYR,1970,-4.958800137
SYR,1971,5.364435699
SYR,1972,21.46473716
SYR,1973,-13.44091595
SYR,1974,21.62956396
SYR,1975,12.46715469
SYR,1976,8.478474752
SYR,1977,-5.115320682
SYR,1978,6.236263977
SYR,1979,-2.479832516
SYR,1980,10.72741728
SYR,1981,4.235027686
SYR,1982,-0.564609484
SYR,1983,-1.112421292
SYR,1984,-10.79512987
SYR,1985,5.571120888
SYR,1986,-11.1082566
SYR,1987,-1.764698013
SYR,1988,14.07143718
SYR,1989,-16.4606695
SYR,1990,0.439572643
SYR,1991,4.335380478
SYR,1992,9.556743284
SYR,1993,2.995266013
SYR,1994,4.097451943
SYR,1995,4.037551084
SYR,1996,6.890889336
SYR,1997,2.302845588
SYR,1998,4.06598851
SYR,1999,-5.976181907
SYR,2000,-1.804215225
SYR,2001,-1.402843255
SYR,2002,1.473281818
SYR,2003,4.681741717
SYR,2004,4.293598806
SYR,2005,3.520951684
SYR,2006,0.644012233
SYR,2007,-0.635804298
SYR,2008,0.843363715
SYR,2009,4.271553201
SYR,2010,2.826971068
SYR,2011,1.071210718
SYR,2012,-25.956031
SYR,2013,-22.58277733
SYR,2014,-4.146635743
SYR,2015,0.008465039
SYR,2016,-5.280224533
SYR,2017,-0.882509408
SYR,2018,-0.435918888
SYR,2019,-2.636894526
SYR,2020,-3.980110715
SYR,2021,-0.874333294
SYR,2022,-3.004348297
SYR,2023,-5.948930711
SYR,2024,
TJK,1960,
TJK,1961,
TJK,1962,
TJK,1963,
TJK,1964,
TJK,1965,
TJK,1966,
TJK,1967,
TJK,1968,
TJK,1969,
TJK,1970,
TJK,1971,
TJK,1972,
TJK,1973,
TJK,1974,
TJK,1975,
TJK,1976,
TJK,1977,
TJK,1978,
TJK,1979,
TJK,1980,
TJK,1981,
TJK,1982,
TJK,1983,
TJK,1984,
TJK,1985,
TJK,1986,0.178726964
TJK,1987,-4.539036082
TJK,1988,9.982411596
TJK,1989,-9.202798633
TJK,1990,-3.02147591
TJK,1991,-9.487999076
TJK,1992,-30.35976402
TJK,1993,-17.50385706
TJK,1994,-22.65605186
TJK,1995,-14.23048682
TJK,1996,-18.31943001
TJK,1997,0.466665814
TJK,1998,4.689351887
TJK,1999,3.165499793
TJK,2000,7.008089675
TJK,2001,7.483376811
TJK,2002,8.691575719
TJK,2003,8.884446444
TJK,2004,8.156355511
TJK,2005,4.632585119
TJK,2006,4.985920392
TJK,2007,5.748564578
TJK,2008,5.783786454
TJK,2009,1.793947599
TJK,2010,4.246574671
TJK,2011,5.03035521
TJK,2012,4.960764487
TJK,2013,4.751312028
TJK,2014,4.055432388
TJK,2015,3.341935194
TJK,2016,4.225688617
TJK,2017,4.503051615
TJK,2018,5.040593209
TJK,2019,4.890989718
TJK,2020,2.051166804
TJK,2021,7.011573661
TJK,2022,5.71622455
TJK,2023,6.136281811
TJK,2024,6.34141937
TZA,1960,
TZA,1961,-1.705543798
TZA,1962,5.977402695
TZA,1963,3.192379727
TZA,1964,2.398315713
TZA,1965,1.244885098
TZA,1966,8.276356691
TZA,1967,2.300080879
TZA,1968,2.895385496
TZA,1969,-0.180957707
TZA,1970,-48.24329624
TZA,1971,0.340962028
TZA,1972,3.358272601
TZA,1973,2.43676824
TZA,1974,-1.505673201
TZA,1975,0.273193791
TZA,1976,-0.38428277
TZA,1977,-3.506140207
TZA,1978,-1.457454863
TZA,1979,-0.88876844
TZA,1980,-0.45788368
TZA,1981,-3.95231796
TZA,1982,-3.361813083
TZA,1983,-3.606841905
TZA,1984,1.316930011
TZA,1985,-2.002288112
TZA,1986,2.065383258
TZA,1987,1.436749314
TZA,1988,4.058657662
TZA,1989,1.041904022
TZA,1990,4.29914683
TZA,1991,-0.476012505
TZA,1992,-1.889800121
TZA,1993,-1.913632891
TZA,1994,-2.253896067
TZA,1995,0.36844721
TZA,1996,2.651689807
TZA,1997,1.459027936
TZA,1998,1.020638939
TZA,1999,2.099949475
TZA,2000,1.599426585
TZA,2001,3.250579618
TZA,2002,4.363687275
TZA,2003,3.893442537
TZA,2004,4.631631104
TZA,2005,4.540186498
TZA,2006,3.595549271
TZA,2007,3.834933117
TZA,2008,2.873538987
TZA,2009,2.709365897
TZA,2010,3.67041498
TZA,2011,4.704850043
TZA,2012,1.538920327
TZA,2013,3.627227942
TZA,2014,3.511479463
TZA,2015,2.77038212
TZA,2016,3.304006659
TZA,2017,3.270742717
TZA,2018,2.208610067
TZA,2019,2.71005882
TZA,2020,-0.998987837
TZA,2021,1.254017611
TZA,2022,1.542997924
TZA,2023,2.080992431
TZA,2024,2.553848269
THA,1960,
THA,1961,2.319114694
THA,1962,4.417221373
THA,1963,4.82972345
THA,1964,3.686652177
THA,1965,4.996239413
THA,1966,7.878361825
THA,1967,5.487048635
THA,1968,5.054503201
THA,1969,3.591747836
THA,1970,8.369391695
THA,1971,2.103894504
THA,1972,1.539063017
THA,1973,7.366845341
THA,1974,1.838172
THA,1975,2.439439328
THA,1976,6.830875252
THA,1977,7.414337821
THA,1978,7.915473905
THA,1979,3.181648868
THA,1980,3.027246121
THA,1981,3.801655242
THA,1982,3.314441969
THA,1983,3.559156483
THA,1984,3.763026957
THA,1985,2.734089722
THA,1986,3.663335749
THA,1987,7.633965853
THA,1988,11.3728951
THA,1989,10.3584193
THA,1990,9.360950587
THA,1991,6.8039509
THA,1992,6.379027164
THA,1993,6.593740931
THA,1994,6.416472637
THA,1995,6.58833088
THA,1996,4.202878108
THA,1997,-4.041960986
THA,1998,-8.832168212
THA,1999,3.269056605
THA,2000,3.280234795
THA,2001,2.398731618
THA,2002,5.132750097
THA,2003,6.194936232
THA,2004,5.34116206
THA,2005,3.295375785
THA,2006,4.100117797
THA,2007,4.594989212
THA,2008,0.94728017
THA,2009,-1.421358667
THA,2010,6.794799286
THA,2011,0.21504556
THA,2012,6.580383363
THA,2013,2.08615316
THA,2014,0.450536554
THA,2015,2.659717853
THA,2016,2.969441553
THA,2017,3.737978003
THA,2018,3.907626242
THA,2019,1.905834958
THA,2020,-6.206373264
THA,2021,1.430621756
THA,2022,2.568943164
THA,2023,2.064552319
THA,2024,2.57520763
TLS,1960,
TLS,1961,
TLS,1962,
TLS,1963,
TLS,1964,
TLS,1965,
TLS,1966,
TLS,1967,
TLS,1968,
TLS,1969,
TLS,1970,
TLS,1971,
TLS,1972,
TLS,1973,
TLS,1974,
TLS,1975,
TLS,1976,
TLS,1977,
TLS,1978,
TLS,1979,
TLS,1980,
TLS,1981,
TLS,1982,
TLS,1983,
TLS,1984,
TLS,1985,
TLS,1986,
TLS,1987,
TLS,1988,
TLS,1989,
TLS,1990,
TLS,1991,8.163213681
TLS,1992,7.551955537
TLS,1993,7.237259541
TLS,1994,4.198214719
TLS,1995,3.774689137
TLS,1996,5.061294501
TLS,1997,1.176342643
TLS,1998,-4.63535853
TLS,1999,-27.11364723
TLS,2000,77.08956854
TLS,2001,6.730839567
TLS,2002,-13.80414065
TLS,2003,-6.206340595
TLS,2004,-0.917951799
TLS,2005,0.895481907
TLS,2006,-6.893258913
TLS,2007,7.160937744
TLS,2008,8.423353109
TLS,2009,7.405405459
TLS,2010,6.721192805
TLS,2011,3.522138571
TLS,2012,2.580434513
TLS,2013,0.985677294
TLS,2014,2.421062989
TLS,2015,0.504814158
TLS,2016,1.065902397
TLS,2017,-4.991678385
TLS,2018,-1.900888948
TLS,2019,21.04175768
TLS,2020,29.4633006
TLS,2021,3.436746752
TLS,2022,-21.65318262
TLS,2023,-19.01145113
TLS,2024,-3.331032232
TGO,1960,
TGO,1961,10.21890695
TGO,1962,1.962690882
TGO,1963,3.089372662
TGO,1964,11.85458816
TGO,1965,12.32491191
TGO,1966,5.716620433
TGO,1967,1.410315367
TGO,1968,0.765847716
TGO,1969,6.500260037
TGO,1970,-1.127621498
TGO,1971,-3.158056856
TGO,1972,4.600905575
TGO,1973,1.13399794
TGO,1974,2.202971003
TGO,1975,-0.060648234
TGO,1976,-4.397343535
TGO,1977,4.421656645
TGO,1978,8.387627115
TGO,1979,-7.562246675
TGO,1980,11.39802647
TGO,1981,-6.27213323
TGO,1982,-6.739502362
TGO,1983,-8.579406813
TGO,1984,2.073666605
TGO,1985,2.234858016
TGO,1986,-1.473186301
TGO,1987,-2.500491884
TGO,1988,3.467378026
TGO,1989,1.014143046
TGO,1990,-3.121271042
TGO,1991,-3.518088114
TGO,1992,-6.658244103
TGO,1993,-14.56785182
TGO,1994,14.56073356
TGO,1995,3.251830755
TGO,1996,4.865208856
TGO,1997,10.81487772
TGO,1998,-5.031006683
TGO,1999,-0.374384292
TGO,2000,-3.481377431
TGO,2001,-1.800512896
TGO,2002,1.220213333
TGO,2003,4.050459801
TGO,2004,-3.487717978
TGO,2005,-7.082382407
TGO,2006,-0.18544624
TGO,2007,-4.012520722
TGO,2008,1.087669291
TGO,2009,2.507542462
TGO,2010,3.012871497
TGO,2011,3.009795132
TGO,2012,3.544171901
TGO,2013,3.141329527
TGO,2014,2.989627884
TGO,2015,2.842820838
TGO,2016,1.627602008
TGO,2017,1.441202402
TGO,2018,2.236489697
TGO,2019,2.390191389
TGO,2020,-0.438936507
TGO,2021,3.499886452
TGO,2022,3.300370299
TGO,2023,3.953686708
TGO,2024,2.966099374
TON,1960,
TON,1961,
TON,1962,
TON,1963,
TON,1964,
TON,1965,
TON,1966,
TON,1967,
TON,1968,
TON,1969,
TON,1970,
TON,1971,
TON,1972,
TON,1973,
TON,1974,
TON,1975,
TON,1976,
TON,1977,
TON,1978,
TON,1979,
TON,1980,
TON,1981,
TON,1982,4.665365953
TON,1983,1.963670869
TON,1984,1.746698044
TON,1985,6.564988598
TON,1986,2.091570923
TON,1987,2.602487905
TON,1988,-2.469773722
TON,1989,-0.048402097
TON,1990,-2.335895975
TON,1991,6.207226292
TON,1992,0.124681394
TON,1993,3.654116738
TON,1994,4.886510733
TON,1995,6.165626314
TON,1996,0.043008968
TON,1997,-0.994486484
TON,1998,1.572206247
TON,1999,1.642808908
TON,2000,3.116478163
TON,2001,0.892102644
TON,2002,3.840091333
TON,2003,-0.513275015
TON,2004,-2.53428308
TON,2005,-1.221716621
TON,2006,-2.701550262
TON,2007,-2.896577176
TON,2008,4.574767362
TON,2009,-5.291126648
TON,2010,0.639458309
TON,2011,6.535066538
TON,2012,1.023066196
TON,2013,0.752077132
TON,2014,2.439219913
TON,2015,1.60361126
TON,2016,7.175514087
TON,2017,3.366885518
TON,2018,0.48629922
TON,2019,-0.304760032
TON,2020,1.749694063
TON,2021,0.566202693
TON,2022,-1.893219858
TON,2023,2.518465132
TON,2024,
TTO,1960,
TTO,1961,11.63238668
TTO,1962,0.752266671
TTO,1963,3.648659984
TTO,1964,5.7254924
TTO,1965,-0.983106191
TTO,1966,2.455365054
TTO,1967,0.604197669
TTO,1968,3.848330468
TTO,1969,1.505088958
TTO,1970,2.409508408
TTO,1971,-0.079731092
TTO,1972,4.49462472
TTO,1973,0.37761915
TTO,1974,2.519934536
TTO,1975,0.253836342
TTO,1976,5.123666638
TTO,1977,7.783182157
TTO,1978,8.625300982
TTO,1979,2.265698885
TTO,1980,9.0027373
TTO,1981,3.343801635
TTO,1982,2.642352276
TTO,1983,-11.27474523
TTO,1984,-6.75126186
TTO,1985,-5.280775453
TTO,1986,-4.545970915
TTO,1987,-5.678158087
TTO,1988,-4.912107328
TTO,1989,-1.75092763
TTO,1990,0.649239419
TTO,1991,2.298485727
TTO,1992,9.270273706
TTO,1993,-1.351145483
TTO,1994,2.934124957
TTO,1995,3.262637779
TTO,1996,6.660210283
TTO,1997,7.11872871
TTO,1998,7.762367648
TTO,1999,7.656465692
TTO,2000,6.491014874
TTO,2001,3.713286141
TTO,2002,7.414533701
TTO,2003,13.86840375
TTO,2004,7.414786535
TTO,2005,10.38396535
TTO,2006,12.90714593
TTO,2007,4.332681053
TTO,2008,2.96516094
TTO,2009,-4.502582082
TTO,2010,2.726674098
TTO,2011,-1.068038127
TTO,2012,6.136650252
TTO,2013,2.931168535
TTO,2014,3.326473338
TTO,2015,-0.883382741
TTO,2016,-7.69261764
TTO,2017,-5.010687067
TTO,2018,-1.172015931
TTO,2019,0.118832281
TTO,2020,-9.085425453
TTO,2021,-0.972348852
TTO,2022,1.211960579
TTO,2023,1.300654923
TTO,2024,1.589464393
TUN,1960,
TUN,1961,
TUN,1962,-5.744357871
TUN,1963,-11.90337099
TUN,1964,-6.007935325
TUN,1965,-4.06477765
TUN,1966,1.433441785
TUN,1967,-2.124535678
TUN,1968,7.718910887
TUN,1969,2.135805552
TUN,1970,2.085239986
TUN,1971,7.823076892
TUN,1972,14.79947594
TUN,1973,-3.178716223
TUN,1974,5.271863238
TUN,1975,4.319260738
TUN,1976,5.039492515
TUN,1977,0.741174867
TUN,1978,3.851594318
TUN,1979,4.140709027
TUN,1980,4.983336289
TUN,1981,3.139575128
TUN,1982,-2.659367637
TUN,1983,2.527700117
TUN,1984,3.313939722
TUN,1985,2.941610343
TUN,1986,-3.915876988
TUN,1987,4.103195222
TUN,1988,-2.242562703
TUN,1989,-0.465310453
TUN,1990,5.708363714
TUN,1991,1.73746449
TUN,1992,5.562267754
TUN,1993,0.166338941
TUN,1994,1.341725476
TUN,1995,0.756163866
TUN,1996,5.610852975
TUN,1997,4.021398324
TUN,1998,3.461598264
TUN,1999,4.799283718
TUN,2000,3.541459742
TUN,2001,2.694733173
TUN,2002,0.287760874
TUN,2003,3.661605932
TUN,2004,5.247947469
TUN,2005,2.585340811
TUN,2006,4.319074829
TUN,2007,5.735679385
TUN,2008,3.239830583
TUN,2009,1.998124232
TUN,2010,1.868356354
TUN,2011,-3.126897864
TUN,2012,3.046573125
TUN,2013,1.218996687
TUN,2014,1.874864311
TUN,2015,-0.165531728
TUN,2016,0.008690129
TUN,2017,1.168783738
TUN,2018,1.621700759
TUN,2019,0.650532998
TUN,2020,-9.764029659
TUN,2021,4.088141749
TUN,2022,2.074255953
TUN,2023,-0.625809734
TUN,2024,0.717656173
TUR,1960,
TUR,1961,-1.585984916
TUR,1962,2.759207423
TUR,1963,6.188710699
TUR,1964,2.730123124
TUR,1965,0.273548787
TUR,1966,8.422404355
TUR,1967,2.048103094
TUR,1968,4.11398596
TUR,1969,1.562306662
TUR,1970,0.83657949
TUR,1971,3.090214124
TUR,1972,4.877522395
TUR,1973,0.901130367
TUR,1974,3.281701013
TUR,1975,4.973641958
TUR,1976,8.228602723
TUR,1977,1.295387845
TUR,1978,-0.525036952
TUR,1979,-2.555624161
TUR,1980,-4.377370723
TUR,1981,2.791317869
TUR,1982,1.372769974
TUR,1983,2.532861133
TUR,1984,4.286795121
TUR,1985,1.95228451
TUR,1986,4.757908998
TUR,1987,7.277130212
TUR,1988,0.297547034
TUR,1989,-1.656387392
TUR,1990,7.239620322
TUR,1991,-1.036294239
TUR,1992,3.260174067
TUR,1993,5.810130709
TUR,1994,-6.311169353
TUR,1995,6.126979545
TUR,1996,5.773538493
TUR,1997,6.034109127
TUR,1998,0.987948285
TUR,1999,-4.547472986
TUR,2000,5.570074624
TUR,2001,-6.915473159
TUR,2002,5.171807671
TUR,2003,4.54245413
TUR,2004,8.577987515
TUR,2005,7.833768914
TUR,2006,5.855088766
TUR,2007,4.874674696
TUR,2008,-0.452853692
TUR,2009,-6.127857401
TUR,2010,6.792082326
TUR,2011,9.579863958
TUR,2012,3.461212425
TUR,2013,7.101319543
TUR,2014,3.53349204
TUR,2015,4.678595993
TUR,2016,1.94225846
TUR,2017,6.116958888
TUR,2018,1.628175853
TUR,2019,-0.612629741
TUR,2020,0.876219398
TUR,2021,10.42940607
TUR,2022,4.499458772
TUR,2023,4.684874384
TUR,2024,2.951523652
TKM,1960,
TKM,1961,
TKM,1962,
TKM,1963,
TKM,1964,
TKM,1965,
TKM,1966,
TKM,1967,
TKM,1968,
TKM,1969,
TKM,1970,
TKM,1971,
TKM,1972,
TKM,1973,
TKM,1974,
TKM,1975,
TKM,1976,
TKM,1977,
TKM,1978,
TKM,1979,
TKM,1980,
TKM,1981,
TKM,1982,
TKM,1983,
TKM,1984,
TKM,1985,
TKM,1986,
TKM,1987,
TKM,1988,7.697557686
TKM,1989,-6.950474205
TKM,1990,31.85273725
TKM,1991,-6.963774897
TKM,1992,-16.88010333
TKM,1993,-0.707955773
TKM,1994,-18.99246974
TKM,1995,-8.850498273
TKM,1996,4.882812156
TKM,1997,-12.88958214
TKM,1998,5.308479159
TKM,1999,14.38215012
TKM,2000,3.386070156
TKM,2001,2.274291264
TKM,2002,-1.719936862
TKM,2003,1.264542376
TKM,2004,3.0048865
TKM,2005,10.92730577
TKM,2006,8.928353667
TKM,2007,9.006266459
TKM,2008,12.53298648
TKM,2009,4.026049182
TKM,2010,6.987016347
TKM,2011,12.29716785
TKM,2012,8.706658858
TKM,2013,7.773197361
TKM,2014,7.831900526
TKM,2015,4.092918327
TKM,2016,3.790962007
TKM,2017,4.093747822
TKM,2018,3.831024848
TKM,2019,3.981191127
TKM,2020,3.675797612
TKM,2021,4.071655307
TKM,2022,4.170796844
TKM,2023,4.362431359
TKM,2024,0.489419163
TCA,1960,
TCA,1961,
TCA,1962,
TCA,1963,
TCA,1964,
TCA,1965,
TCA,1966,
TCA,1967,
TCA,1968,
TCA,1969,
TCA,1970,
TCA,1971,
TCA,1972,
TCA,1973,
TCA,1974,
TCA,1975,
TCA,1976,
TCA,1977,
TCA,1978,
TCA,1979,
TCA,1980,
TCA,1981,
TCA,1982,
TCA,1983,
TCA,1984,
TCA,1985,
TCA,1986,
TCA,1987,
TCA,1988,
TCA,1989,
TCA,1990,
TCA,1991,
TCA,1992,
TCA,1993,
TCA,1994,
TCA,1995,
TCA,1996,
TCA,1997,
TCA,1998,
TCA,1999,
TCA,2000,
TCA,2001,
TCA,2002,
TCA,2003,
TCA,2004,
TCA,2005,
TCA,2006,
TCA,2007,
TCA,2008,3.704474875
TCA,2009,-22.81742752
TCA,2010,-2.923533686
TCA,2011,0.865882697
TCA,2012,-6.547532439
TCA,2013,-3.512192741
TCA,2014,4.378352007
TCA,2015,6.586115837
TCA,2016,2.464561493
TCA,2017,-6.394229426
TCA,2018,83.56679979
TCA,2019,1.073407279
TCA,2020,-35.63621015
TCA,2021,27.17391817
TCA,2022,12.58411073
TCA,2023,12.86704939
TCA,2024,4.871817974
TUV,1960,
TUV,1961,
TUV,1962,
TUV,1963,
TUV,1964,
TUV,1965,
TUV,1966,
TUV,1967,
TUV,1968,
TUV,1969,
TUV,1970,
TUV,1971,-1.964554635
TUV,1972,-2.070581518
TUV,1973,-1.740610104
TUV,1974,-4.059307128
TUV,1975,-6.256472617
TUV,1976,-5.288800234
TUV,1977,-7.801460664
TUV,1978,-5.656474774
TUV,1979,-3.54406147
TUV,1980,-3.094510996
TUV,1981,0.419055248
TUV,1982,-17.52146224
TUV,1983,7.224761895
TUV,1984,5.924288661
TUV,1985,-3.591966219
TUV,1986,20.03443264
TUV,1987,10.19172707
TUV,1988,17.24805083
TUV,1989,-3.577852736
TUV,1990,13.59251103
TUV,1991,2.100537064
TUV,1992,1.537763569
TUV,1993,3.106906116
TUV,1994,9.313141828
TUV,1995,-5.751723044
TUV,1996,-6.58547613
TUV,1997,9.324558999
TUV,1998,14.87789245
TUV,1999,-2.030343635
TUV,2000,-1.468542068
TUV,2001,-0.438138953
TUV,2002,9.102695427
TUV,2003,-5.05818777
TUV,2004,-3.477393124
TUV,2005,-5.840625146
TUV,2006,1.257349089
TUV,2007,5.816987962
TUV,2008,5.230113361
TUV,2009,-7.504660166
TUV,2010,-3.631681427
TUV,2011,5.173300725
TUV,2012,-3.506143242
TUV,2013,3.712310739
TUV,2014,0.154770575
TUV,2015,10.62817355
TUV,2016,5.979388562
TUV,2017,3.023363136
TUV,2018,2.500082604
TUV,2019,15.6508251
TUV,2020,-2.599582289
TUV,2021,3.851403702
TUV,2022,2.712619258
TUV,2023,5.714880754
TUV,2024,
UGA,1960,
UGA,1961,
UGA,1962,
UGA,1963,
UGA,1964,
UGA,1965,
UGA,1966,
UGA,1967,
UGA,1968,
UGA,1969,
UGA,1970,
UGA,1971,
UGA,1972,
UGA,1973,
UGA,1974,
UGA,1975,
UGA,1976,
UGA,1977,
UGA,1978,
UGA,1979,
UGA,1980,
UGA,1981,
UGA,1982,
UGA,1983,3.155199651
UGA,1984,-2.976623232
UGA,1985,-5.98381523
UGA,1986,-2.490968897
UGA,1987,0.791137639
UGA,1988,4.873141653
UGA,1989,2.984165912
UGA,1990,3.085376251
UGA,1991,2.147207444
UGA,1992,-0.045235517
UGA,1993,4.648805501
UGA,1994,2.892053482
UGA,1995,8.518090255
UGA,1996,6.165023226
UGA,1997,2.096964135
UGA,1998,1.831322764
UGA,1999,4.609035734
UGA,2000,-0.050611274
UGA,2001,2.014737627
UGA,2002,5.380390553
UGA,2003,3.163140555
UGA,2004,3.65117761
UGA,2005,3.257139546
UGA,2006,7.588577526
UGA,2007,5.270375754
UGA,2008,5.554503856
UGA,2009,3.705921591
UGA,2010,2.573084633
UGA,2011,6.23090994
UGA,2012,0.865151268
UGA,2013,0.656669464
UGA,2014,2.049484593
UGA,2015,2.004299431
UGA,2016,1.357433129
UGA,2017,-0.406390813
UGA,2018,2.753003825
UGA,2019,2.889586902
UGA,2020,-0.423922683
UGA,2021,0.258075577
UGA,2022,1.489270851
UGA,2023,2.427594598
UGA,2024,3.253613878
UKR,1960,
UKR,1961,
UKR,1962,
UKR,1963,
UKR,1964,
UKR,1965,
UKR,1966,
UKR,1967,
UKR,1968,
UKR,1969,
UKR,1970,
UKR,1971,
UKR,1972,
UKR,1973,
UKR,1974,
UKR,1975,
UKR,1976,
UKR,1977,
UKR,1978,
UKR,1979,
UKR,1980,
UKR,1981,
UKR,1982,
UKR,1983,
UKR,1984,
UKR,1985,
UKR,1986,
UKR,1987,
UKR,1988,2.151788684
UKR,1989,3.487032109
UKR,1990,-6.590415636
UKR,1991,-8.904518693
UKR,1992,-10.16296916
UKR,1993,-14.24335461
UKR,1994,-22.49414669
UKR,1995,-11.50247384
UKR,1996,-9.227956038
UKR,1997,-2.161110953
UKR,1998,-1.107180936
UKR,1999,0.605336123
UKR,2000,6.797065494
UKR,2001,9.7965755
UKR,2002,6.269264831
UKR,2003,10.3374845
UKR,2004,12.57739316
UKR,2005,3.924534289
UKR,2006,8.269613045
UKR,2007,8.712272964
UKR,2008,2.775509046
UKR,2009,-14.78072012
UKR,2010,4.467825135
UKR,2011,5.782622065
UKR,2012,0.364275558
UKR,2013,0.226082936
UKR,2014,-5.088468796
UKR,2015,-9.276866638
UKR,2016,2.94151229
UKR,2017,2.860278697
UKR,2018,4.099379754
UKR,2019,3.872846983
UKR,2020,-3.084585764
UKR,2021,4.410508833
UKR,2022,-22.7456813
UKR,2023,15.44802199
UKR,2024,2.531181661
ARE,1960,
ARE,1961,
ARE,1962,
ARE,1963,
ARE,1964,
ARE,1965,
ARE,1966,
ARE,1967,
ARE,1968,
ARE,1969,
ARE,1970,
ARE,1971,16.83943175
ARE,1972,21.0226998
ARE,1973,55.82352932
ARE,1974,2.163481571
ARE,1975,-4.294249188
ARE,1976,2.71277066
ARE,1977,5.307528509
ARE,1978,-13.63623517
ARE,1979,7.301788005
ARE,1980,11.22874221
ARE,1981,-3.34878166
ARE,1982,-12.03886717
ARE,1983,-10.06138799
ARE,1984,-1.613282123
ARE,1985,-8.626008468
ARE,1986,-20.14346691
ARE,1987,-3.635673716
ARE,1988,-8.846061299
ARE,1989,5.555444282
ARE,1990,11.57266451
ARE,1991,-4.588784978
ARE,1992,-1.937999971
ARE,1993,-3.631360916
ARE,1994,2.024915268
ARE,1995,2.022152151
ARE,1996,-0.836570707
ARE,1997,-0.251832471
ARE,1998,-7.064295445
ARE,1999,-4.205392179
ARE,2000,3.631932803
ARE,2001,-4.864577328
ARE,2002,-3.604506378
ARE,2003,2.685563312
ARE,2004,3.715510693
ARE,2005,-0.445687773
ARE,2006,2.287443031
ARE,2007,-8.107649862
ARE,2008,-7.909351662
ARE,2009,-10.95618603
ARE,2010,-0.804617485
ARE,2011,2.707248504
ARE,2012,-2.127987227
ARE,2013,0.937160701
ARE,2014,-0.570027636
ARE,2015,1.18960692
ARE,2016,0.483038735
ARE,2017,-2.411856071
ARE,2018,-0.024508823
ARE,2019,0.047746018
ARE,2020,-4.504667625
ARE,2021,2.457174573
ARE,2022,2.176083438
ARE,2023,-0.421510863
ARE,2024,0.010374174
GBR,1960,
GBR,1961,1.923273934
GBR,1962,0.244341082
GBR,1963,4.077740547
GBR,1964,4.910400213
GBR,1965,1.476280889
GBR,1966,1.009045689
GBR,1967,2.223733112
GBR,1968,4.960532959
GBR,1969,1.516151486
GBR,1970,2.2998747
GBR,1971,3.073314274
GBR,1972,3.968556151
GBR,1973,6.318244968
GBR,1974,-2.545877233
GBR,1975,-1.466335211
GBR,1976,2.93558911
GBR,1977,2.491437797
GBR,1978,4.198675439
GBR,1979,3.655965801
GBR,1980,-2.148387268
GBR,1981,-0.822285283
GBR,1982,2.031455598
GBR,1983,4.186321304
GBR,1984,2.107380205
GBR,1985,3.911319186
GBR,1986,2.911710321
GBR,1987,5.168872186
GBR,1988,5.497880562
GBR,1989,2.310928826
GBR,1990,0.433081124
GBR,1991,-1.408485808
GBR,1992,0.129933054
GBR,1993,2.244410543
GBR,1994,3.581967523
GBR,1995,2.26078359
GBR,1996,2.321125314
GBR,1997,4.654759085
GBR,1998,3.101775198
GBR,1999,2.715292918
GBR,2000,3.969485848
GBR,2001,2.178659007
GBR,2002,1.365632839
GBR,2003,2.673143333
GBR,2004,1.876632368
GBR,2005,2.029702759
GBR,2006,1.630905129
GBR,2007,1.828877911
GBR,2008,-1.03079046
GBR,2009,-5.339273529
GBR,2010,1.43505257
GBR,2011,0.351039955
GBR,2012,0.788536355
GBR,2013,1.120609902
GBR,2014,2.426506392
GBR,2015,1.487878716
GBR,2016,1.115433825
GBR,2017,2.097827902
GBR,2018,0.911082995
GBR,2019,1.10286256
GBR,2020,-10.44878941
GBR,2021,8.186929194
GBR,2022,3.877600166
GBR,2023,-0.904567615
GBR,2024,0.028702272
USA,1960,
USA,1961,0.879102266
USA,1962,4.509853645
USA,1963,2.86616828
USA,1964,4.303809752
USA,1965,5.17532863
USA,1966,5.371360677
USA,1967,1.62998964
USA,1968,3.872191078
USA,1969,2.119628485
USA,1970,-0.975761765
USA,1971,1.994978951
USA,1972,4.134727646
USA,1973,4.642113354
USA,1974,-1.445132895
USA,1975,-1.18474294
USA,1976,4.391358483
USA,1977,3.577179816
USA,1978,4.422887166
USA,1979,2.033731709
USA,1980,-1.209324077
USA,1981,1.536302416
USA,1982,-2.734694903
USA,1983,3.631858034
USA,1984,6.311989224
USA,1985,3.250576261
USA,1986,2.510894961
USA,1987,2.534042346
USA,1988,3.235337926
USA,1989,2.697760215
USA,1990,0.741486719
USA,1991,-1.434247578
USA,1992,2.096668635
USA,1993,1.405723186
USA,1994,2.761108967
USA,1995,1.468929169
USA,1996,2.572464
USA,1997,3.19716561
USA,1998,3.272229839
USA,1999,3.591980374
USA,2000,2.925862547
USA,2001,-0.03873193
USA,2002,0.761236857
USA,2003,1.915882477
USA,2004,2.891110915
USA,2005,2.534110705
USA,2006,1.798198746
USA,2007,1.038343823
USA,2008,-0.828888121
USA,2009,-3.426831941
USA,2010,1.829923699
USA,2011,0.762796403
USA,2012,1.475705969
USA,2013,1.348162527
USA,2014,1.710945439
USA,2015,2.127411382
USA,2016,1.02266589
USA,2017,1.750140952
USA,2018,2.3644425
USA,2019,2.056765899
USA,2020,-2.561807384
USA,2021,5.88834104
USA,2022,1.923861729
USA,2023,2.035599877
USA,2024,1.797350443
UMC,1960,
UMC,1961,-0.142829119
UMC,1962,1.484401379
UMC,1963,1.886465769
UMC,1964,6.139466236
UMC,1965,5.127208098
UMC,1966,3.498833725
UMC,1967,1.197518066
UMC,1968,4.266974398
UMC,1969,5.586706984
UMC,1970,5.639125359
UMC,1971,3.961012129
UMC,1972,5.150189732
UMC,1973,5.307161178
UMC,1974,4.092923708
UMC,1975,2.478759969
UMC,1976,4.591887849
UMC,1977,2.508495496
UMC,1978,1.998261254
UMC,1979,3.783195253
UMC,1980,2.905876183
UMC,1981,0.133271875
UMC,1982,1.253805573
UMC,1983,-0.350660286
UMC,1984,3.616826836
UMC,1985,2.950246562
UMC,1986,1.877863245
UMC,1987,3.088248833
UMC,1988,1.596171045
UMC,1989,1.221879167
UMC,1990,1.06819464
UMC,1991,1.567930623
UMC,1992,3.085508958
UMC,1993,4.544312122
UMC,1994,4.246649695
UMC,1995,3.204000809
UMC,1996,4.992553893
UMC,1997,4.887322226
UMC,1998,1.852680195
UMC,1999,2.158702393
UMC,2000,4.951196643
UMC,2001,2.461019624
UMC,2002,3.928102073
UMC,2003,5.022969315
UMC,2004,6.950136161
UMC,2005,6.650663476
UMC,2006,7.727275221
UMC,2007,8.610433924
UMC,2008,5.463684311
UMC,2009,2.703578683
UMC,2010,7.673750065
UMC,2011,6.043209974
UMC,2012,4.823111891
UMC,2013,4.701838761
UMC,2014,4.086595992
UMC,2015,3.65588427
UMC,2016,3.735028292
UMC,2017,4.501942809
UMC,2018,4.155651464
UMC,2019,3.471774296
UMC,2020,-0.932308951
UMC,2021,7.2691257
UMC,2022,3.162892534
UMC,2023,4.36127094
UMC,2024,3.833231212
URY,1960,
URY,1961,1.209416674
URY,1962,-2.760756162
URY,1963,-0.99275217
URY,1964,1.304832481
URY,1965,-0.009221439
URY,1966,2.055045004
URY,1967,-4.525350928
URY,1968,1.062994169
URY,1969,5.125588681
URY,1970,1.715981526
URY,1971,-0.808127209
URY,1972,-1.850524968
URY,1973,-0.272241256
URY,1974,2.289245236
URY,1975,5.418147011
URY,1976,3.249898213
URY,1977,0.825379274
URY,1978,4.788573318
URY,1979,5.686598779
URY,1980,5.411343554
URY,1981,1.172513965
URY,1982,-10.12927394
URY,1983,-10.67325596
URY,1984,-1.594021324
URY,1985,0.977235887
URY,1986,8.242662447
URY,1987,7.38938187
URY,1988,0.88338973
URY,1989,0.504600329
URY,1990,-0.288978937
URY,1991,2.943544434
URY,1992,7.335226977
URY,1993,2.11624611
URY,1994,6.723808888
URY,1995,-1.960717627
URY,1996,5.022000774
URY,1997,7.974492892
URY,1998,4.004730001
URY,1999,-1.966883896
URY,2000,-2.29597375
URY,2001,-4.080389786
URY,2002,-7.861902406
URY,2003,0.734039112
URY,2004,4.941410165
URY,2005,7.37434772
URY,2006,3.980380827
URY,2007,6.358927544
URY,2008,6.948172257
URY,2009,3.994261466
URY,2010,7.527646178
URY,2011,4.901505614
URY,2012,3.271960829
URY,2013,4.32675422
URY,2014,2.900530202
URY,2015,0.022574556
URY,2016,1.350780377
URY,2017,1.465490735
URY,2018,-0.015101127
URY,2019,0.848968097
URY,2020,-7.405352345
URY,2021,5.915101985
URY,2022,4.664391249
URY,2023,0.826336249
URY,2024,3.153710745
UZB,1960,
UZB,1961,
UZB,1962,
UZB,1963,
UZB,1964,
UZB,1965,
UZB,1966,
UZB,1967,
UZB,1968,
UZB,1969,
UZB,1970,
UZB,1971,
UZB,1972,
UZB,1973,
UZB,1974,
UZB,1975,
UZB,1976,
UZB,1977,
UZB,1978,
UZB,1979,
UZB,1980,
UZB,1981,
UZB,1982,
UZB,1983,
UZB,1984,
UZB,1985,
UZB,1986,
UZB,1987,
UZB,1988,6.163109939
UZB,1989,0.425647011
UZB,1990,-0.82159019
UZB,1991,-2.855717954
UZB,1992,-13.35822154
UZB,1993,-4.534401089
UZB,1994,-7.206021854
UZB,1995,-2.864470692
UZB,1996,-0.191816644
UZB,1997,3.397977063
UZB,1998,2.67523588
UZB,1999,2.846554665
UZB,2000,2.532002822
UZB,2001,2.904964585
UZB,2002,2.705759739
UZB,2003,2.970712202
UZB,2004,6.135922866
UZB,2005,5.620586953
UZB,2006,6.074751462
UZB,2007,7.948870306
UZB,2008,7.368565239
UZB,2009,6.331691024
UZB,2010,5.905900269
UZB,2011,5.892334203
UZB,2012,5.496719098
UZB,2013,5.628259431
UZB,2014,5.10953748
UZB,2015,5.383455909
UZB,2016,4.119844566
UZB,2017,2.641277162
UZB,2018,3.751768451
UZB,2019,4.864861407
UZB,2020,-0.31655616
UZB,2021,5.9609061
UZB,2022,3.891995112
UZB,2023,4.164676153
UZB,2024,4.421798003
VUT,1960,
VUT,1961,
VUT,1962,
VUT,1963,
VUT,1964,
VUT,1965,
VUT,1966,
VUT,1967,
VUT,1968,
VUT,1969,
VUT,1970,
VUT,1971,
VUT,1972,
VUT,1973,
VUT,1974,
VUT,1975,
VUT,1976,
VUT,1977,
VUT,1978,
VUT,1979,
VUT,1980,-13.40683166
VUT,1981,2.092655915
VUT,1982,-0.367503627
VUT,1983,0.548157848
VUT,1984,6.89313734
VUT,1985,-1.514196979
VUT,1986,-2.662382602
VUT,1987,-5.34800638
VUT,1988,-4.18555172
VUT,1989,-1.025512286
VUT,1990,8.927126838
VUT,1991,0.61299794
VUT,1992,0.07035439
VUT,1993,-1.699820073
VUT,1994,6.509287799
VUT,1995,-1.306363758
VUT,1996,0.067777144
VUT,1997,2.675021254
VUT,1998,-0.915191996
VUT,1999,-1.721283583
VUT,2000,3.517801811
VUT,2001,-5.799608774
VUT,2002,-7.537105175
VUT,2003,1.751597447
VUT,2004,1.477573661
VUT,2005,2.782615363
VUT,2006,5.867261011
VUT,2007,0.387169374
VUT,2008,2.985354816
VUT,2009,0.453966271
VUT,2010,-1.085938085
VUT,2011,0.925978796
VUT,2012,-1.185214135
VUT,2013,-1.746960505
VUT,2014,0.30549266
VUT,2015,1.676021065
VUT,2016,1.195138027
VUT,2017,2.005798957
VUT,2018,0.464610871
VUT,2019,0.862982514
VUT,2020,-7.177430786
VUT,2021,-3.808557112
VUT,2022,2.774357049
VUT,2023,-3.24062172
VUT,2024,1.630209766
VEN,1960,
VEN,1961,-0.417607563
VEN,1962,4.80288763
VEN,1963,0.380076593
VEN,1964,7.411991268
VEN,1965,0.724945031
VEN,1966,-1.801553576
VEN,1967,-0.478522034
VEN,1968,3.935592597
VEN,1969,-2.420423231
VEN,1970,4.424975707
VEN,1971,-1.573624884
VEN,1972,-1.715469627
VEN,1973,3.978722923
VEN,1974,-0.887407682
VEN,1975,-0.066557354
VEN,1976,4.636811581
VEN,1977,3.231946097
VEN,1978,-0.562866172
VEN,1979,-2.074031855
VEN,1980,-7.07519951
VEN,1981,-3.088087632
VEN,1982,-4.710754303
VEN,1983,-6.323373446
VEN,1984,-1.221610202
VEN,1985,-2.403667894
VEN,1986,3.764310794
VEN,1987,0.927054412
VEN,1988,3.151825216
VEN,1989,-10.82812395
VEN,1990,3.900677742
VEN,1991,7.147339549
VEN,1992,3.630829513
VEN,1993,-1.958847954
VEN,1994,-4.46506899
VEN,1995,1.756674328
VEN,1996,-2.260158382
VEN,1997,4.211607037
VEN,1998,-1.701734468
VEN,1999,-7.788239688
VEN,2000,1.741802637
VEN,2001,1.518340926
VEN,2002,-10.48874552
VEN,2003,-9.38351089
VEN,2004,16.27420418
VEN,2005,8.485311698
VEN,2006,8.100929101
VEN,2007,7.083191552
VEN,2008,3.760502878
VEN,2009,-4.511403082
VEN,2010,-2.770232515
VEN,2011,2.848177553
VEN,2012,4.308523269
VEN,2013,0.128922904
VEN,2014,-4.980411379
VEN,2015,
VEN,2016,
VEN,2017,
VEN,2018,
VEN,2019,
VEN,2020,
VEN,2021,
VEN,2022,
VEN,2023,
VEN,2024,
VNM,1960,
VNM,1961,
VNM,1962,
VNM,1963,
VNM,1964,
VNM,1965,
VNM,1966,
VNM,1967,
VNM,1968,
VNM,1969,
VNM,1970,
VNM,1971,
VNM,1972,
VNM,1973,
VNM,1974,
VNM,1975,
VNM,1976,
VNM,1977,
VNM,1978,
VNM,1979,
VNM,1980,
VNM,1981,
VNM,1982,
VNM,1983,
VNM,1984,
VNM,1985,1.425069011
VNM,1986,0.598118658
VNM,1987,1.501859836
VNM,1988,3.029446573
VNM,1989,5.181784957
VNM,1990,2.923307849
VNM,1991,3.763394099
VNM,1992,6.467786136
VNM,1993,6.013282932
VNM,1994,6.891203436
VNM,1995,7.722837974
VNM,1996,7.686226211
VNM,1997,6.592399576
VNM,1998,4.257661927
VNM,1999,3.416948167
VNM,2000,5.587929504
VNM,2001,5.082401005
VNM,2002,5.237176923
VNM,2003,5.835561007
VNM,2004,6.498787408
VNM,2005,6.553397114
VNM,2006,5.572397499
VNM,2007,5.252312133
VNM,2008,3.74838604
VNM,2009,3.832374596
VNM,2010,5.212276836
VNM,2011,5.19449778
VNM,2012,4.276305071
VNM,2013,4.314988804
VNM,2014,5.137840994
VNM,2015,5.668964785
VNM,2016,5.354270972
VNM,2017,5.617878651
VNM,2018,6.280958282
VNM,2019,6.324648866
VNM,2020,1.915814348
VNM,2021,1.666516042
VNM,2022,7.725699088
VNM,2023,4.361949576
VNM,2024,6.417285432
VIR,1960,
VIR,1961,
VIR,1962,
VIR,1963,
VIR,1964,
VIR,1965,
VIR,1966,
VIR,1967,
VIR,1968,
VIR,1969,
VIR,1970,
VIR,1971,
VIR,1972,
VIR,1973,
VIR,1974,
VIR,1975,
VIR,1976,
VIR,1977,
VIR,1978,
VIR,1979,
VIR,1980,
VIR,1981,
VIR,1982,
VIR,1983,
VIR,1984,
VIR,1985,
VIR,1986,
VIR,1987,
VIR,1988,
VIR,1989,
VIR,1990,
VIR,1991,
VIR,1992,
VIR,1993,
VIR,1994,
VIR,1995,
VIR,1996,
VIR,1997,
VIR,1998,
VIR,1999,
VIR,2000,
VIR,2001,
VIR,2002,
VIR,2003,-0.392409019
VIR,2004,3.323031122
VIR,2005,3.497713552
VIR,2006,3.585222912
VIR,2007,4.041316111
VIR,2008,1.162598335
VIR,2009,-6.600820338
VIR,2010,0.640017046
VIR,2011,-8.147450692
VIR,2012,-14.73218495
VIR,2013,-6.157647384
VIR,2014,-1.62976238
VIR,2015,-0.267922316
VIR,2016,1.786070569
VIR,2017,-0.517853882
VIR,2018,2.144901825
VIR,2019,3.228630685
VIR,2020,-1.264124946
VIR,2021,4.078869901
VIR,2022,-0.883383819
VIR,2023,
VIR,2024,
PSE,1960,
PSE,1961,
PSE,1962,
PSE,1963,
PSE,1964,
PSE,1965,
PSE,1966,
PSE,1967,
PSE,1968,
PSE,1969,
PSE,1970,
PSE,1971,
PSE,1972,
PSE,1973,
PSE,1974,
PSE,1975,
PSE,1976,
PSE,1977,
PSE,1978,
PSE,1979,
PSE,1980,
PSE,1981,
PSE,1982,
PSE,1983,
PSE,1984,
PSE,1985,
PSE,1986,
PSE,1987,
PSE,1988,
PSE,1989,
PSE,1990,
PSE,1991,
PSE,1992,
PSE,1993,
PSE,1994,
PSE,1995,2.427065971
PSE,1996,-3.217749193
PSE,1997,9.646234186
PSE,1998,11.44957353
PSE,1999,5.548782907
PSE,2000,-10.86259291
PSE,2001,-11.59906908
PSE,2002,-14.69622458
PSE,2003,11.13917267
PSE,2004,18.84844713
PSE,2005,8.482908417
PSE,2006,-3.49430235
PSE,2007,1.169825962
PSE,2008,4.513711439
PSE,2009,5.734576813
PSE,2010,3.065654256
PSE,2011,6.867834875
PSE,2012,3.510367464
PSE,2013,2.214850479
PSE,2014,-2.471026305
PSE,2015,1.372585088
PSE,2016,6.446661461
PSE,2017,-0.577622802
PSE,2018,-1.304814192
PSE,2019,-1.151613665
PSE,2020,-13.49638697
PSE,2021,4.414695345
PSE,2022,1.588564714
PSE,2023,-6.812919487
PSE,2024,-28.2706767
WLD,1960,
WLD,1961,2.649630692
WLD,1962,3.484287753
WLD,1963,2.802885137
WLD,1964,4.356568146
WLD,1965,3.474094658
WLD,1966,3.284718695
WLD,1967,1.71635582
WLD,1968,3.813599562
WLD,1969,3.812122843
WLD,1970,1.612094571
WLD,1971,2.107331066
WLD,1972,3.515571836
WLD,1973,4.321077161
WLD,1974,-0.021160625
WLD,1975,-1.283847112
WLD,1976,3.310653942
WLD,1977,2.201535999
WLD,1978,2.351469304
WLD,1979,2.354318136
WLD,1980,0.104032412
WLD,1981,0.150961004
WLD,1982,-1.449072402
WLD,1983,0.803858488
WLD,1984,2.851889986
WLD,1985,1.898458609
WLD,1986,1.416208289
WLD,1987,1.911162828
WLD,1988,2.710085161
WLD,1989,1.922242965
WLD,1990,0.947929812
WLD,1991,-0.45893453
WLD,1992,0.379584095
WLD,1993,0.243261236
WLD,1994,1.775213214
WLD,1995,1.566891506
WLD,1996,2.058066518
WLD,1997,2.448460078
WLD,1998,1.383303051
WLD,1999,2.158436429
WLD,2000,3.125778169
WLD,2001,0.680241704
WLD,2002,0.99800906
WLD,2003,1.787001269
WLD,2004,3.14900656
WLD,2005,2.724309907
WLD,2006,3.151435771
WLD,2007,3.077571165
WLD,2008,0.788423585
WLD,2009,-2.547656185
WLD,2010,3.262929491
WLD,2011,2.095364779
WLD,2012,1.421483406
WLD,2013,1.628723449
WLD,2014,1.911364204
WLD,2015,1.919884688
WLD,2016,1.623044819
WLD,2017,2.292239787
WLD,2018,2.18571528
WLD,2019,1.642949456
WLD,2020,-3.798581546
WLD,2021,5.535672305
WLD,2022,2.460403308
WLD,2023,1.991415805
WLD,2024,1.889469191
YEM,1960,
YEM,1961,
YEM,1962,
YEM,1963,
YEM,1964,
YEM,1965,
YEM,1966,
YEM,1967,
YEM,1968,
YEM,1969,
YEM,1970,
YEM,1971,
YEM,1972,
YEM,1973,
YEM,1974,
YEM,1975,
YEM,1976,
YEM,1977,
YEM,1978,
YEM,1979,
YEM,1980,
YEM,1981,
YEM,1982,
YEM,1983,
YEM,1984,
YEM,1985,
YEM,1986,
YEM,1987,
YEM,1988,
YEM,1989,
YEM,1990,
YEM,1991,2.298600984
YEM,1992,4.170120142
YEM,1993,0.16354826
YEM,1994,2.854425565
YEM,1995,1.939324875
YEM,1996,1.171230544
YEM,1997,1.929696328
YEM,1998,2.71904692
YEM,1999,0.593963695
YEM,2000,2.96401092
YEM,2001,0.714060019
YEM,2002,0.897556694
YEM,2003,0.743278419
YEM,2004,0.96676706
YEM,2005,2.372031853
YEM,2006,-0.129375631
YEM,2007,0.045109909
YEM,2008,0.37097863
YEM,2009,0.598210144
YEM,2010,4.374497208
YEM,2011,-15.33668753
YEM,2012,-0.670663095
YEM,2013,1.67911232
YEM,2014,-3.204717053
YEM,2015,-30.15075509
YEM,2016,-12.05537438
YEM,2017,-7.888612016
YEM,2018,-2.186490193
YEM,2019,
YEM,2020,
YEM,2021,
YEM,2022,
YEM,2023,
YEM,2024,
ZMB,1960,
ZMB,1961,-1.764633797
ZMB,1962,-5.51106619
ZMB,1963,0.060076425
ZMB,1964,8.728433363
ZMB,1965,13.01197561
ZMB,1966,-8.540854469
ZMB,1967,4.510762112
ZMB,1968,-1.970473929
ZMB,1969,-3.556876177
ZMB,1970,1.775645546
ZMB,1971,-2.803031761
ZMB,1972,6.178661504
ZMB,1973,-3.771094146
ZMB,1974,3.350238937
ZMB,1975,-5.154978004
ZMB,1976,3.045894797
ZMB,1977,-7.41945462
ZMB,1978,-2.443214003
ZMB,1979,-5.888479351
ZMB,1980,-0.002533351
ZMB,1981,2.965931744
ZMB,1982,-5.885519956
ZMB,1983,-5.076221026
ZMB,1984,-3.35758527
ZMB,1985,-1.388708383
ZMB,1986,-2.239057331
ZMB,1987,-0.248588087
ZMB,1988,3.40269789
ZMB,1989,-3.602842779
ZMB,1990,-2.998427022
ZMB,1991,-2.484378623
ZMB,1992,-4.074834158
ZMB,1993,4.281749824
ZMB,1994,-10.78132805
ZMB,1995,0.444103478
ZMB,1996,3.643434313
ZMB,1997,1.195241999
ZMB,1998,-2.963135677
ZMB,1999,1.882473002
ZMB,2000,1.017939766
ZMB,2001,2.179818032
ZMB,2002,1.338194901
ZMB,2003,3.676858876
ZMB,2004,3.684948863
ZMB,2005,3.752643862
ZMB,2006,4.249832177
ZMB,2007,4.596715271
ZMB,2008,3.997731851
ZMB,2009,5.422723095
ZMB,2010,6.545123584
ZMB,2011,2.116508296
ZMB,2012,4.164388005
ZMB,2013,1.746180594
ZMB,2014,1.424322409
ZMB,2015,-0.241301067
ZMB,2016,0.593979724
ZMB,2017,0.398377781
ZMB,2018,0.953733735
ZMB,2019,-1.518949511
ZMB,2020,-5.567735025
ZMB,2021,3.285754611
ZMB,2022,2.343364502
ZMB,2023,2.464640311
ZMB,2024,1.158386808
ZWE,1960,
ZWE,1961,3.042819299
ZWE,1962,-1.705577936
ZWE,1963,2.94681504
ZWE,1964,-4.176660714
ZWE,1965,1.652608994
ZWE,1966,-1.626674563
ZWE,1967,5.010085431
ZWE,1968,-1.195503738
ZWE,1969,8.922125171
ZWE,1970,18.85860116
ZWE,1971,5.69965436
ZWE,1972,5.051351918
ZWE,1973,-0.587268321
ZWE,1974,3.233766856
ZWE,1975,-4.99180317
ZWE,1976,-2.546451266
ZWE,1977,-9.206070375
ZWE,1978,-4.105497231
ZWE,1979,1.681264274
ZWE,1980,8.02232255
ZWE,1981,5.66264548
ZWE,1982,-1.286791812
ZWE,1983,-2.20178844
ZWE,1984,-5.333377435
ZWE,1985,3.308606576
ZWE,1986,-1.262736211
ZWE,1987,-2.140094259
ZWE,1988,4.202829346
ZWE,1989,2.195630424
ZWE,1990,4.112775703
ZWE,1991,2.818284567
ZWE,1992,-11.54790359
ZWE,1993,-0.414846599
ZWE,1994,9.106003062
ZWE,1995,-0.767851592
ZWE,1996,8.543226099
ZWE,1997,0.770841532
ZWE,1998,0.893314962
ZWE,1999,-2.410002221
ZWE,2000,-3.944443069
ZWE,2001,0.763068912
ZWE,2002,-9.766459246
ZWE,2003,-17.97676255
ZWE,2004,-6.824979033
ZWE,2005,-6.59884775
ZWE,2006,-4.63046686
ZWE,2007,-4.914564088
ZWE,2008,-18.65425836
ZWE,2009,11.68935545
ZWE,2010,17.76012417
ZWE,2011,12.18749167
ZWE,2012,14.78715763
ZWE,2013,0.56361457
ZWE,2014,0.982274135
ZWE,2015,0.425141517
ZWE,2016,-0.633234617
ZWE,2017,3.234096474
ZWE,2018,3.459545469
ZWE,2019,-7.785583572
ZWE,2020,-9.33395398
ZWE,2021,6.611933105
ZWE,2022,4.343581555
ZWE,2023,3.584903011
ZWE,2024,0.228943955
