Code,Year,"GDP, PPP (constant 2021 international $)"
AFG,2000,32567375969
AFG,2001,29495629513
AFG,2002,37931379899
AFG,2003,41281584746
AFG,2004,41865355064
AFG,2005,46566715049
AFG,2006,49061481753
AFG,2007,55844878995
AFG,2008,58036781460
AFG,2009,70451155676
AFG,2010,80569661676
AFG,2011,80913174277
AFG,2012,91231454557
AFG,2013,96341095375
AFG,2014,98965950294
AFG,2015,1.00402E+11
AFG,2016,1.02672E+11
AFG,2017,1.05389E+11
AFG,2018,1.06643E+11
AFG,2019,1.10814E+11
AFG,2020,1.08209E+11
AFG,2021,85767546197
AFG,2022,80415503801
AFG,2023,82238478027
ALB,1990,18274942062
ALB,1991,13157566898
ALB,1992,12211917972
ALB,1993,13379305484
ALB,1994,14490171370
ALB,1995,16420600300
ALB,1996,17625269553
ALB,1997,15561073193
ALB,1998,16854202298
ALB,1999,18918964811
ALB,2000,20330860426
ALB,2001,22132933135
ALB,2002,23157332899
ALB,2003,24392374658
ALB,2004,25676940952
ALB,2005,26994379069
ALB,2006,28619165681
ALB,2007,30479437955
ALB,2008,32584671726
ALB,2009,33461444277
ALB,2010,34456304689
ALB,2011,35305141557
ALB,2012,35652590004
ALB,2013,36261261117
ALB,2014,37073595662
ALB,2015,37899485663
ALB,2016,39380952118
ALB,2017,40673898060
ALB,2018,42167207396
ALB,2019,43036938897
ALB,2020,41610799594
ALB,2021,45343111967
ALB,2022,47531686192
ALB,2023,49402826580
ALB,2024,51360027803
DZA,1990,2.97621E+11
DZA,1991,2.9405E+11
DZA,1992,2.99343E+11
DZA,1993,2.93057E+11
DZA,1994,2.90419E+11
DZA,1995,3.01455E+11
DZA,1996,3.13815E+11
DZA,1997,3.17267E+11
DZA,1998,3.33447E+11
DZA,1999,3.44118E+11
DZA,2000,3.57194E+11
DZA,2001,3.6791E+11
DZA,2002,3.87777E+11
DZA,2003,4.12982E+11
DZA,2004,4.31567E+11
DZA,2005,4.54871E+11
DZA,2006,4.68063E+11
DZA,2007,4.82572E+11
DZA,2008,4.94637E+11
DZA,2009,5.00572E+11
DZA,2010,5.246E+11
DZA,2011,5.40338E+11
DZA,2012,5.53306E+11
DZA,2013,5.67692E+11
DZA,2014,5.90967E+11
DZA,2015,6.09878E+11
DZA,2016,6.33664E+11
DZA,2017,6.43169E+11
DZA,2018,6.52173E+11
DZA,2019,6.58042E+11
DZA,2020,6.2514E+11
DZA,2021,6.48896E+11
DZA,2022,6.72256E+11
DZA,2023,6.99818E+11
DZA,2024,7.22912E+11
AND,1990,2631759311
AND,1991,2698763996
AND,1992,2723841290
AND,1993,2695745293
AND,1994,2759989816
AND,1995,2836096580
AND,1996,2967967659
AND,1997,3237093233
AND,1998,3340511674
AND,1999,3477441884
AND,2000,3600138634
AND,2001,3892446768
AND,2002,4069411497
AND,2003,4423214423
AND,2004,4783072832
AND,2005,5041253346
AND,2006,5283671526
AND,2007,5365736885
AND,2008,5067445572
AND,2009,4798726709
AND,2010,4703953872
AND,2011,4703574275
AND,2012,4469597620
AND,2013,4311034330
AND,2014,4419002699
AND,2015,4482377402
AND,2016,4648659173
AND,2017,4664746876
AND,2018,4738858764
AND,2019,4834372720
AND,2020,4293699379
AND,2021,4649508748
AND,2022,5094216232
AND,2023,5225828100
AND,2024,5402033635
AGO,1990,85939173894
AGO,1991,86791139889
AGO,1992,81724029491
AGO,1993,62123814347
AGO,1994,62955878002
AGO,1995,72399259721
AGO,1996,82205283157
AGO,1997,88185123454
AGO,1998,92322016743
AGO,1999,94336012046
AGO,2000,97217622732
AGO,2001,1.01307E+11
AGO,2002,1.15151E+11
AGO,2003,1.18594E+11
AGO,2004,1.3158E+11
AGO,2005,1.51356E+11
AGO,2006,1.68838E+11
AGO,2007,1.92492E+11
AGO,2008,2.13994E+11
AGO,2009,2.15834E+11
AGO,2010,2.25327E+11
AGO,2011,2.33151E+11
AGO,2012,2.53067E+11
AGO,2013,2.65605E+11
AGO,2014,2.78414E+11
AGO,2015,2.81041E+11
AGO,2016,2.7379E+11
AGO,2017,2.73387E+11
AGO,2018,2.69788E+11
AGO,2019,2.67894E+11
AGO,2020,2.52789E+11
AGO,2021,2.55821E+11
AGO,2022,2.6361E+11
AGO,2023,2.66452E+11
AGO,2024,2.78239E+11
ATG,1990,1329089237
ATG,1991,1358021545
ATG,1992,1373754914
ATG,1993,1446287619
ATG,1994,1542847660
ATG,1995,1475582825
ATG,1996,1573044257
ATG,1997,1659109532
ATG,1998,1737606636
ATG,1999,1802032675
ATG,2000,1913822712
ATG,2001,1826779954
ATG,2002,1845545274
ATG,2003,1957692355
ATG,2004,2070594497
ATG,2005,2204638354
ATG,2006,2484807048
ATG,2007,2716271365
ATG,2008,2715890908
ATG,2009,2390992152
ATG,2010,2203526249
ATG,2011,2160364841
ATG,2012,2233237030
ATG,2013,2219815671
ATG,2014,2268613698
ATG,2015,2300864764
ATG,2016,2395668849
ATG,2017,2460656794
ATG,2018,2625816198
ATG,2019,2709112916
ATG,2020,2197936454
ATG,2021,2377570792
ATG,2022,2594115333
ATG,2023,2657083928
ATG,2024,2772069805
ARG,1990,5.57089E+11
ARG,1991,6.07968E+11
ARG,1992,6.56225E+11
ARG,1993,7.10081E+11
ARG,1994,7.51523E+11
ARG,1995,7.3014E+11
ARG,1996,7.70493E+11
ARG,1997,8.32988E+11
ARG,1998,8.65059E+11
ARG,1999,8.35773E+11
ARG,2000,8.29179E+11
ARG,2001,7.92622E+11
ARG,2002,7.0627E+11
ARG,2003,7.68683E+11
ARG,2004,8.38092E+11
ARG,2005,9.12277E+11
ARG,2006,9.85689E+11
ARG,2007,1.07448E+12
ARG,2008,1.11807E+12
ARG,2009,1.0519E+12
ARG,2010,1.15841E+12
ARG,2011,1.22796E+12
ARG,2012,1.21535E+12
ARG,2013,1.24459E+12
ARG,2014,1.21331E+12
ARG,2015,1.24645E+12
ARG,2016,1.22052E+12
ARG,2017,1.25492E+12
ARG,2018,1.22208E+12
ARG,2019,1.19762E+12
ARG,2020,1.07905E+12
ARG,2021,1.19173E+12
ARG,2022,1.25453E+12
ARG,2023,1.23432E+12
ARG,2024,1.2131E+12
ARM,1990,21801542439
ARM,1991,19250762304
ARM,1992,11203943132
ARM,1993,10217996272
ARM,1994,10769768354
ARM,1995,11512882201
ARM,1996,12188158880
ARM,1997,12592937350
ARM,1998,13512221775
ARM,1999,13958125094
ARM,2000,14781654475
ARM,2001,16200693304
ARM,2002,18339184820
ARM,2003,20906670695
ARM,2004,23101871118
ARM,2005,26313031204
ARM,2006,29786351322
ARM,2007,33867081454
ARM,2008,36203910075
ARM,2009,31099158754
ARM,2010,31783340246
ARM,2011,33277157238
ARM,2012,35673112559
ARM,2013,36850325274
ARM,2014,38176936984
ARM,2015,39398598967
ARM,2016,39477396165
ARM,2017,42438200878
ARM,2018,44644987323
ARM,2019,48038006359
ARM,2020,44579269902
ARM,2021,47164867556
ARM,2022,53107640868
ARM,2023,57515575060
ARM,2024,60908993989
ABW,1990,2169949832
ABW,1991,2342740154
ABW,1992,2480548422
ABW,1993,2661819292
ABW,1994,2880192319
ABW,1995,2953554956
ABW,1996,2988577871
ABW,1997,3199179218
ABW,1998,3262906371
ABW,1999,3303302517
ABW,2000,3555110646
ABW,2001,3703785432
ABW,2002,3668786382
ABW,2003,3709528424
ABW,2004,3980091340
ABW,2005,3964842110
ABW,2006,4009542195
ABW,2007,4133418781
ABW,2008,4209298230
ABW,2009,3717747269
ABW,2010,3616124254
ABW,2011,3737960057
ABW,2012,3699055373
ABW,2013,3936959476
ABW,2014,3874496655
ABW,2015,3850334291
ABW,2016,3916545601
ABW,2017,4192604625
ABW,2018,4293104972
ABW,2019,4197263892
ABW,2020,3097084627
ABW,2021,3844492519
ABW,2022,4171963243
ABW,2023,4349844050
AUS,1990,6.17848E+11
AUS,1991,6.15486E+11
AUS,1992,6.18122E+11
AUS,1993,6.43136E+11
AUS,1994,6.68735E+11
AUS,1995,6.94721E+11
AUS,1996,7.21565E+11
AUS,1997,7.49801E+11
AUS,1998,7.84766E+11
AUS,1999,8.24222E+11
AUS,2000,8.56544E+11
AUS,2001,8.7389E+11
AUS,2002,9.08667E+11
AUS,2003,9.36751E+11
AUS,2004,9.76323E+11
AUS,2005,1.00712E+12
AUS,2006,1.03487E+12
AUS,2007,1.07392E+12
AUS,2008,1.11243E+12
AUS,2009,1.13348E+12
AUS,2010,1.15865E+12
AUS,2011,1.18654E+12
AUS,2012,1.23301E+12
AUS,2013,1.26509E+12
AUS,2014,1.29793E+12
AUS,2015,1.32635E+12
AUS,2016,1.36295E+12
AUS,2017,1.39402E+12
AUS,2018,1.43415E+12
AUS,2019,1.46529E+12
AUS,2020,1.46354E+12
AUS,2021,1.49444E+12
AUS,2022,1.55784E+12
AUS,2023,1.61146E+12
AUS,2024,1.63452E+12
AUT,1990,3.32535E+11
AUT,1991,3.43979E+11
AUT,1992,3.51181E+11
AUT,1993,3.53031E+11
AUT,1994,3.61511E+11
AUT,1995,3.71156E+11
AUT,1996,3.7938E+11
AUT,1997,3.87521E+11
AUT,1998,4.01056E+11
AUT,1999,4.16144E+11
AUT,2000,4.29417E+11
AUT,2001,4.35072E+11
AUT,2002,4.4153E+11
AUT,2003,4.46571E+11
AUT,2004,4.58026E+11
AUT,2005,4.68654E+11
AUT,2006,4.83976E+11
AUT,2007,5.02247E+11
AUT,2008,5.09546E+11
AUT,2009,4.91273E+11
AUT,2010,5.0016E+11
AUT,2011,5.14802E+11
AUT,2012,5.18036E+11
AUT,2013,5.16737E+11
AUT,2014,5.20643E+11
AUT,2015,5.27429E+11
AUT,2016,5.38596E+11
AUT,2017,5.50834E+11
AUT,2018,5.64518E+11
AUT,2019,5.74426E+11
AUT,2020,5.38132E+11
AUT,2021,5.63937E+11
AUT,2022,5.93701E+11
AUT,2023,5.88031E+11
AUT,2024,5.81131E+11
AZE,1990,77320440961
AZE,1991,76779197739
AZE,1992,59427098799
AZE,1993,45699439738
AZE,1994,36696649543
AZE,1995,32366445224
AZE,1996,32787208819
AZE,1997,34688866979
AZE,1998,38157753542
AZE,1999,40981427800
AZE,2000,45530365935
AZE,2001,50037872022
AZE,2002,54760904902
AZE,2003,60351062363
AZE,2004,65935829772
AZE,2005,84372501915
AZE,2006,1.13453E+11
AZE,2007,1.42341E+11
AZE,2008,1.57417E+11
AZE,2009,1.72166E+11
AZE,2010,1.80411E+11
AZE,2011,1.77573E+11
AZE,2012,1.81485E+11
AZE,2013,1.9209E+11
AZE,2014,1.97464E+11
AZE,2015,1.99536E+11
AZE,2016,1.93423E+11
AZE,2017,1.9372E+11
AZE,2018,1.96627E+11
AZE,2019,2.01503E+11
AZE,2020,1.93042E+11
AZE,2021,2.03884E+11
AZE,2022,2.13497E+11
AZE,2023,2.16388E+11
AZE,2024,2.25198E+11
BHS,1990,9126074162
BHS,1991,8744441360
BHS,1992,8409915559
BHS,1993,8435801834
BHS,1994,8701438145
BHS,1995,9082452545
BHS,1996,9466052686
BHS,1997,9587952083
BHS,1998,10040196468
BHS,1999,10757478536
BHS,2000,11203743853
BHS,2001,11497955268
BHS,2002,11808969927
BHS,2003,11659596297
BHS,2004,11762477514
BHS,2005,12161941155
BHS,2006,12468007619
BHS,2007,12648307466
BHS,2008,12354405314
BHS,2009,11838556008
BHS,2010,12020711429
BHS,2011,12094418913
BHS,2012,12641101658
BHS,2013,12279151518
BHS,2014,12505985014
BHS,2015,12630638288
BHS,2016,12484594380
BHS,2017,12905479581
BHS,2018,13215020091
BHS,2019,13104139293
BHS,2020,10471575966
BHS,2021,12313201284
BHS,2022,13652564214
BHS,2023,14068800174
BHS,2024,14544115517
BHR,1990,21547623542
BHR,1991,23967421295
BHR,1992,25570841331
BHR,1993,28861810335
BHR,1994,28789655410
BHR,1995,29921086678
BHR,1996,31150845231
BHR,1997,32114340635
BHR,1998,33652618705
BHR,1999,35099680719
BHR,2000,36959988157
BHR,2001,37880642522
BHR,2002,39149095031
BHR,2003,41614094816
BHR,2004,44519158861
BHR,2005,47532659557
BHR,2006,50606596422
BHR,2007,54803887940
BHR,2008,58226396743
BHR,2009,59705280668
BHR,2010,62293086037
BHR,2011,63494195104
BHR,2012,65908897751
BHR,2013,69397206737
BHR,2014,72387433086
BHR,2015,74202817290
BHR,2016,77033649779
BHR,2017,80849769947
BHR,2018,82509283148
BHR,2019,84203097859
BHR,2020,79225547127
BHR,2021,82671890844
BHR,2022,87781147010
BHR,2023,91185401848
BHR,2024,93936691918
BGD,1990,2.31057E+11
BGD,1991,2.3911E+11
BGD,1992,2.52124E+11
BGD,1993,2.64003E+11
BGD,1994,2.74273E+11
BGD,1995,2.8832E+11
BGD,1996,3.0136E+11
BGD,1997,3.14891E+11
BGD,1998,3.31193E+11
BGD,1999,3.4666E+11
BGD,2000,3.6501E+11
BGD,2001,3.83543E+11
BGD,2002,3.98244E+11
BGD,2003,4.17119E+11
BGD,2004,4.38974E+11
BGD,2005,4.67666E+11
BGD,2006,4.98868E+11
BGD,2007,5.34081E+11
BGD,2008,5.66199E+11
BGD,2009,5.94765E+11
BGD,2010,6.27904E+11
BGD,2011,6.68494E+11
BGD,2012,7.12089E+11
BGD,2013,7.54912E+11
BGD,2014,8.00667E+11
BGD,2015,8.53132E+11
BGD,2016,9.1382E+11
BGD,2017,9.74043E+11
BGD,2018,1.04534E+12
BGD,2019,1.12773E+12
BGD,2020,1.16661E+12
BGD,2021,1.24756E+12
BGD,2022,1.33614E+12
BGD,2023,1.4133E+12
BGD,2024,1.47299E+12
BRB,1990,4389884980
BRB,1991,4218683552
BRB,1992,3978534106
BRB,1993,4010086597
BRB,1994,4090720719
BRB,1995,4173107759
BRB,1996,4339050404
BRB,1997,4544725876
BRB,1998,4714174358
BRB,1999,4729950628
BRB,2000,4940300502
BRB,2001,4823439439
BRB,2002,4861419299
BRB,2003,4967178543
BRB,2004,5037295151
BRB,2005,5236543205
BRB,2006,5554429980
BRB,2007,5669916792
BRB,2008,5705833481
BRB,2009,5419556102
BRB,2010,5299366018
BRB,2011,5260604624
BRB,2012,5244122563
BRB,2013,5191136900
BRB,2014,5195414681
BRB,2015,5151456355
BRB,2016,5243766864
BRB,2017,5250502273
BRB,2018,5188857958
BRB,2019,5222719689
BRB,2020,4436472511
BRB,2021,4425161020
BRB,2022,5214293923
BRB,2023,5427757736
BRB,2024,5634012547
BLR,1990,1.25855E+11
BLR,1991,1.24345E+11
BLR,1992,1.12408E+11
BLR,1993,1.03865E+11
BLR,1994,91712578582
BLR,1995,82174470041
BLR,1996,84475358964
BLR,1997,94105554456
BLR,1998,1.0201E+11
BLR,1999,1.05479E+11
BLR,2000,1.11597E+11
BLR,2001,1.1687E+11
BLR,2002,1.22766E+11
BLR,2003,1.31413E+11
BLR,2004,1.46459E+11
BLR,2005,1.60226E+11
BLR,2006,1.76249E+11
BLR,2007,1.91407E+11
BLR,2008,2.1093E+11
BLR,2009,2.11352E+11
BLR,2010,2.27732E+11
BLR,2011,2.40371E+11
BLR,2012,2.44476E+11
BLR,2013,2.46918E+11
BLR,2014,2.50994E+11
BLR,2015,2.41382E+11
BLR,2016,2.35284E+11
BLR,2017,2.41242E+11
BLR,2018,2.48839E+11
BLR,2019,2.52438E+11
BLR,2020,2.5074E+11
BLR,2021,2.56855E+11
BLR,2022,2.4489E+11
BLR,2023,2.54995E+11
BLR,2024,2.6522E+11
BEL,1990,4.15225E+11
BEL,1991,4.22837E+11
BEL,1992,4.29309E+11
BEL,1993,4.2518E+11
BEL,1994,4.389E+11
BEL,1995,4.49367E+11
BEL,1996,4.55305E+11
BEL,1997,4.72577E+11
BEL,1998,4.81849E+11
BEL,1999,4.98919E+11
BEL,2000,5.17463E+11
BEL,2001,5.23153E+11
BEL,2002,5.32082E+11
BEL,2003,5.37605E+11
BEL,2004,5.56804E+11
BEL,2005,5.69732E+11
BEL,2006,5.84273E+11
BEL,2007,6.05756E+11
BEL,2008,6.08463E+11
BEL,2009,5.96863E+11
BEL,2010,6.1304E+11
BEL,2011,6.24879E+11
BEL,2012,6.26228E+11
BEL,2013,6.28141E+11
BEL,2014,6.39231E+11
BEL,2015,6.48654E+11
BEL,2016,6.56396E+11
BEL,2017,6.66074E+11
BEL,2018,6.78583E+11
BEL,2019,6.9516E+11
BEL,2020,6.61841E+11
BEL,2021,7.02925E+11
BEL,2022,7.32865E+11
BEL,2023,7.41672E+11
BEL,2024,7.49229E+11
BLZ,1990,1509229599
BLZ,1991,1687027060
BLZ,1992,1901803195
BLZ,1993,2018535873
BLZ,1994,2018136103
BLZ,1995,2032927573
BLZ,1996,2055414604
BLZ,1997,2142464401
BLZ,1998,2225816330
BLZ,1999,2435595347
BLZ,2000,2733723411
BLZ,2001,2870244677
BLZ,2002,3025155337
BLZ,2003,3317586686
BLZ,2004,3476195214
BLZ,2005,3553350717
BLZ,2006,3713658264
BLZ,2007,3838186447
BLZ,2008,3773623681
BLZ,2009,3758932154
BLZ,2010,3800808004
BLZ,2011,3791513364
BLZ,2012,3933231632
BLZ,2013,4108430592
BLZ,2014,4274035085
BLZ,2015,4396964189
BLZ,2016,4399362806
BLZ,2017,4319608802
BLZ,2018,4367581135
BLZ,2019,4553973639
BLZ,2020,3920838780
BLZ,2021,4616637500
BLZ,2022,5062280489
BLZ,2023,5120446944
BLZ,2024,5537855017
BEN,1990,11656583104
BEN,1991,12149166926
BEN,1992,12508504151
BEN,1993,13238521979
BEN,1994,13505993136
BEN,1995,14322457251
BEN,1996,14941800983
BEN,1997,15798666707
BEN,1998,16424453813
BEN,1999,17301757698
BEN,2000,18315245216
BEN,2001,19292022099
BEN,2002,20187756640
BEN,2003,20882937540
BEN,2004,21807985798
BEN,2005,22181592483
BEN,2006,23056376559
BEN,2007,24436611800
BEN,2008,25633169334
BEN,2009,26227677415
BEN,2010,26782147492
BEN,2011,27575904170
BEN,2012,28902642501
BEN,2013,30981156880
BEN,2014,32950839416
BEN,2015,33536755116
BEN,2016,34656773215
BEN,2017,36622353578
BEN,2018,39075045480
BEN,2019,41757815652
BEN,2020,43364987288
BEN,2021,46467947984
BEN,2022,49373564169
BEN,2023,52510156788
BEN,2024,56423799507
BMU,1990,4590185345
BMU,1991,4427950656
BMU,1992,4425305477
BMU,1993,4558443763
BMU,1994,4585776801
BMU,1995,4787511925
BMU,1996,4912009996
BMU,1997,5137962497
BMU,1998,5338343039
BMU,1999,5518920341
BMU,2000,6033126782
BMU,2001,6468865474
BMU,2002,6373269189
BMU,2003,6590642706
BMU,2004,6743629135
BMU,2005,6856531387
BMU,2006,7236648325
BMU,2007,7478724322
BMU,2008,7339174630
BMU,2009,6926221459
BMU,2010,6752866566
BMU,2011,6500124036
BMU,2012,6155273013
BMU,2013,6138056189
BMU,2014,5910882580
BMU,2015,5956723230
BMU,2016,5917575270
BMU,2017,6131283757
BMU,2018,6104747481
BMU,2019,6123495555
BMU,2020,5705409424
BMU,2021,5968282122
BMU,2022,6354801543
BMU,2023,6667280834
BMU,2024,6807651686
BTN,1990,2010284101
BTN,1991,2002084640
BTN,1992,2094198377
BTN,1993,2135796834
BTN,1994,2241550894
BTN,1995,2400120837
BTN,1996,2533691711
BTN,1997,2669848212
BTN,1998,2827743862
BTN,1999,3053510134
BTN,2000,3155957487
BTN,2001,3387237866
BTN,2002,3740993528
BTN,2003,4032288249
BTN,2004,4240243731
BTN,2005,4534307664
BTN,2006,4790079125
BTN,2007,5561511005
BTN,2008,5813416797
BTN,2009,6259160087
BTN,2010,7005995172
BTN,2011,7600752212
BTN,2012,7993317392
BTN,2013,8132108591
BTN,2014,8610364850
BTN,2015,9183884143
BTN,2016,9962304965
BTN,2017,10170202850
BTN,2018,10526350322
BTN,2019,11132157416
BTN,2020,9994629330
BTN,2021,10436528611
BTN,2022,10980675420
BTN,2023,11516817215
BOL,1990,36538326982
BOL,1991,38462627717
BOL,1992,39095914183
BOL,1993,40765034529
BOL,1994,42667646760
BOL,1995,44663757293
BOL,1996,46611696477
BOL,1997,48920937219
BOL,1998,51381344702
BOL,1999,51600684172
BOL,2000,52894731707
BOL,2001,53785372738
BOL,2002,55122243535
BOL,2003,56616794883
BOL,2004,58979581087
BOL,2005,61587323823
BOL,2006,64541673181
BOL,2007,67487603159
BOL,2008,71637077004
BOL,2009,74041933375
BOL,2010,77097438566
BOL,2011,81109660540
BOL,2012,85264320876
BOL,2013,91058893867
BOL,2014,96031228058
BOL,2015,1.00696E+11
BOL,2016,1.04989E+11
BOL,2017,1.09394E+11
BOL,2018,1.14014E+11
BOL,2019,1.16541E+11
BOL,2020,1.06358E+11
BOL,2021,1.12858E+11
BOL,2022,1.16927E+11
BOL,2023,1.20531E+11
BOL,2024,1.222E+11
BIH,1990,10735205687
BIH,1991,9731675976
BIH,1992,9105256974
BIH,1993,8906639589
BIH,1994,9898123634
BIH,1995,11478685805
BIH,1996,17700053180
BIH,1997,24185552404
BIH,1998,28204314366
BIH,1999,30889807954
BIH,2000,32562279753
BIH,2001,33351365768
BIH,2002,35028087074
BIH,2003,36382671818
BIH,2004,38683972650
BIH,2005,40191555918
BIH,2006,42367528191
BIH,2007,44849047845
BIH,2008,47290554230
BIH,2009,45869730369
BIH,2010,46266810525
BIH,2011,46710745775
BIH,2012,46326859829
BIH,2013,47415474632
BIH,2014,47962578604
BIH,2015,50032044257
BIH,2016,51654210819
BIH,2017,53329925568
BIH,2018,55371128045
BIH,2019,56969882626
BIH,2020,55252186459
BIH,2021,59335302230
BIH,2022,61843293319
BIH,2023,63076692994
BIH,2024,64641024679
BWA,1990,13737121067
BWA,1991,14761732982
BWA,1992,15192343094
BWA,1993,15483444652
BWA,1994,16045171041
BWA,1995,17173212390
BWA,1996,18174376329
BWA,1997,19687555070
BWA,1998,19774901583
BWA,1999,21686588918
BWA,2000,22117652343
BWA,2001,22173073418
BWA,2002,23518874955
BWA,2003,24606833357
BWA,2004,25272650395
BWA,2005,26424235521
BWA,2006,28634324517
BWA,2007,30292983736
BWA,2008,31278133668
BWA,2009,26854081059
BWA,2010,29571639765
BWA,2011,31593869884
BWA,2012,31539889509
BWA,2013,35041734070
BWA,2014,37038112197
BWA,2015,35241272984
BWA,2016,37780203980
BWA,2017,39334624593
BWA,2018,40982231020
BWA,2019,42224719386
BWA,2020,38538973283
BWA,2021,43131382324
BWA,2022,45497577319
BWA,2023,46957170593
BWA,2024,45553212803
BRA,1990,1.88417E+12
BRA,1991,1.90362E+12
BRA,1992,1.89326E+12
BRA,1993,1.9865E+12
BRA,1994,2.10276E+12
BRA,1995,2.19158E+12
BRA,1996,2.23999E+12
BRA,1997,2.31603E+12
BRA,1998,2.32387E+12
BRA,1999,2.33474E+12
BRA,2000,2.43719E+12
BRA,2001,2.47106E+12
BRA,2002,2.54651E+12
BRA,2003,2.57557E+12
BRA,2004,2.72392E+12
BRA,2005,2.81114E+12
BRA,2006,2.92252E+12
BRA,2007,3.09991E+12
BRA,2008,3.25783E+12
BRA,2009,3.25373E+12
BRA,2010,3.49867E+12
BRA,2011,3.63773E+12
BRA,2012,3.70761E+12
BRA,2013,3.81902E+12
BRA,2014,3.83827E+12
BRA,2015,3.70217E+12
BRA,2016,3.58089E+12
BRA,2017,3.62826E+12
BRA,2018,3.69298E+12
BRA,2019,3.73806E+12
BRA,2020,3.61557E+12
BRA,2021,3.78777E+12
BRA,2022,3.90203E+12
BRA,2023,4.02853E+12
BRA,2024,4.16533E+12
BRN,1990,30166243010
BRN,1991,31044278635
BRN,1992,30075505033
BRN,1993,29884931646
BRN,1994,30181609718
BRN,1995,30588244682
BRN,1996,30579889426
BRN,1997,32519860855
BRN,1998,30354961859
BRN,1999,31648302533
BRN,2000,32747978585
BRN,2001,33228083767
BRN,2002,34544394076
BRN,2003,35782267885
BRN,2004,35819674110
BRN,2005,35818268120
BRN,2006,37286248538
BRN,2007,35882934534
BRN,2008,34483245024
BRN,2009,33827975829
BRN,2010,34755323894
BRN,2011,36056704461
BRN,2012,36385950967
BRN,2013,35612828398
BRN,2014,34719698828
BRN,2015,34583464462
BRN,2016,33726514652
BRN,2017,34174647795
BRN,2018,34192545418
BRN,2019,35515401716
BRN,2020,35917994865
BRN,2021,35346624879
BRN,2022,34771064638
BRN,2023,35163158528
BRN,2024,36640142252
BGR,1990,1.30375E+11
BGR,1991,1.19365E+11
BGR,1992,1.10684E+11
BGR,1993,1.09046E+11
BGR,1994,1.11028E+11
BGR,1995,1.14206E+11
BGR,1996,1.2015E+11
BGR,1997,1.03191E+11
BGR,1998,1.07101E+11
BGR,1999,98108519307
BGR,2000,1.02609E+11
BGR,2001,1.06532E+11
BGR,2002,1.12788E+11
BGR,2003,1.18695E+11
BGR,2004,1.26422E+11
BGR,2005,1.35343E+11
BGR,2006,1.4455E+11
BGR,2007,1.54169E+11
BGR,2008,1.63619E+11
BGR,2009,1.58142E+11
BGR,2010,1.60602E+11
BGR,2011,1.63959E+11
BGR,2012,1.65187E+11
BGR,2013,1.6429E+11
BGR,2014,1.6585E+11
BGR,2015,1.71485E+11
BGR,2016,1.76675E+11
BGR,2017,1.81526E+11
BGR,2018,1.86154E+11
BGR,2019,1.93207E+11
BGR,2020,1.86994E+11
BGR,2021,2.01544E+11
BGR,2022,2.09683E+11
BGR,2023,2.1364E+11
BGR,2024,2.19645E+11
BFA,1990,10147246626
BFA,1991,11067600318
BFA,1992,11093355815
BFA,1993,11477339562
BFA,1994,11628267412
BFA,1995,12292982651
BFA,1996,13647023204
BFA,1997,14509083107
BFA,1998,15569366222
BFA,1999,16720757878
BFA,2000,17036525024
BFA,2001,18163219549
BFA,2002,18953857927
BFA,2003,20432731533
BFA,2004,21347801635
BFA,2005,23196921150
BFA,2006,24647462832
BFA,2007,25660813447
BFA,2008,27149138508
BFA,2009,27953282649
BFA,2010,30314295612
BFA,2011,32321878819
BFA,2012,34407503766
BFA,2013,36400587615
BFA,2014,37975584844
BFA,2015,39464694412
BFA,2016,41815991712
BFA,2017,44410042330
BFA,2018,47343134249
BFA,2019,50131268465
BFA,2020,51139294287
BFA,2021,54689652540
BFA,2022,55508487752
BFA,2023,57151639723
BFA,2024,60000707833
BDI,1990,7799958297
BDI,1991,8189709456
BDI,1992,8272425388
BDI,1993,7756226044
BDI,1994,7459162587
BDI,1995,6868396909
BDI,1996,6318925157
BDI,1997,6218454247
BDI,1998,6513830823
BDI,1999,6448041132
BDI,2000,6392790185
BDI,2001,6524213620
BDI,2002,6814314046
BDI,2003,6730925379
BDI,2004,7056275277
BDI,2005,7119781754
BDI,2006,7505233008
BDI,2007,7764309791
BDI,2008,8141788511
BDI,2009,8452214175
BDI,2010,8885319152
BDI,2011,9243628531
BDI,2012,9654665547
BDI,2013,10130079612
BDI,2014,10559660855
BDI,2015,10147834073
BDI,2016,10086946976
BDI,2017,10137381839
BDI,2018,10300587140
BDI,2019,10487292010
BDI,2020,10521601909
BDI,2021,10847771568
BDI,2022,11048346804
BDI,2023,11342844863
BDI,2024,11738623007
KHM,1990,19514316431
KHM,1991,20995706332
KHM,1992,22469088082
KHM,1993,23389954628
KHM,1994,15248229812
KHM,1995,16758333509
KHM,1996,17746657168
KHM,1997,18457698475
KHM,1998,19321820012
KHM,1999,21776730888
KHM,2000,23953005981
KHM,2001,25723063815
KHM,2002,27334632491
KHM,2003,30145638982
KHM,2004,32996721516
KHM,2005,37386385535
KHM,2006,41477712320
KHM,2007,45790754857
KHM,2008,49214239315
KHM,2009,51219610560
KHM,2010,53819988410
KHM,2011,57741666976
KHM,2012,62159052652
KHM,2013,67043200062
KHM,2014,72406871106
KHM,2015,77625259450
KHM,2016,83761925237
KHM,2017,90525733498
KHM,2018,98470474432
KHM,2019,1.06286E+11
KHM,2020,1.02507E+11
KHM,2021,1.05674E+11
KHM,2022,1.11095E+11
KHM,2023,1.16658E+11
KHM,2024,1.23676E+11
CMR,1990,51192848469
CMR,1991,49243117963
CMR,1992,47716579725
CMR,1993,43931668854
CMR,1994,44756182468
CMR,1995,46051427006
CMR,1996,47992527880
CMR,1997,50165300201
CMR,1998,52535878944
CMR,1999,54905932268
CMR,2000,57010156987
CMR,2001,59475425081
CMR,2002,62138155821
CMR,2003,65526644958
CMR,2004,70145528271
CMR,2005,71708560180
CMR,2006,74440357496
CMR,2007,77661830226
CMR,2008,79873388993
CMR,2009,81933524799
CMR,2010,84308797938
CMR,2011,87157770352
CMR,2012,91189670263
CMR,2013,95745076833
CMR,2014,1.01222E+11
CMR,2015,1.06958E+11
CMR,2016,1.11809E+11
CMR,2017,1.15768E+11
CMR,2018,1.20348E+11
CMR,2019,1.2453E+11
CMR,2020,1.24854E+11
CMR,2021,1.29022E+11
CMR,2022,1.33843E+11
CMR,2023,1.38191E+11
CMR,2024,1.43264E+11
CAN,1990,1.1208E+12
CAN,1991,1.09737E+12
CAN,1992,1.10714E+12
CAN,1993,1.13656E+12
CAN,1994,1.18764E+12
CAN,1995,1.2195E+12
CAN,1996,1.24009E+12
CAN,1997,1.29317E+12
CAN,1998,1.34351E+12
CAN,1999,1.41258E+12
CAN,2000,1.48517E+12
CAN,2001,1.51302E+12
CAN,2002,1.5584E+12
CAN,2003,1.58655E+12
CAN,2004,1.63561E+12
CAN,2005,1.68812E+12
CAN,2006,1.73265E+12
CAN,2007,1.76817E+12
CAN,2008,1.78577E+12
CAN,2009,1.73371E+12
CAN,2010,1.7873E+12
CAN,2011,1.84337E+12
CAN,2012,1.87573E+12
CAN,2013,1.91936E+12
CAN,2014,1.97451E+12
CAN,2015,1.98734E+12
CAN,2016,2.00798E+12
CAN,2017,2.0689E+12
CAN,2018,2.12565E+12
CAN,2019,2.16622E+12
CAN,2020,2.05708E+12
CAN,2021,2.17949E+12
CAN,2022,2.27078E+12
CAN,2023,2.3055E+12
CAN,2024,2.34073E+12
CPV,1990,694075763
CPV,1991,703821607
CPV,1992,780803130
CPV,1993,848797899
CPV,1994,1011619758
CPV,1995,1155387478
CPV,1996,1286483805
CPV,1997,1429520555
CPV,1998,1608457729
CPV,1999,1788969285
CPV,2000,2044521201
CPV,2001,2090147852
CPV,2002,2199899241
CPV,2003,2291772738
CPV,2004,2525466468
CPV,2005,2700038276
CPV,2006,2915602594
CPV,2007,3357919567
CPV,2008,3594283904
CPV,2009,3540240729
CPV,2010,3605254387
CPV,2011,3746750463
CPV,2012,3787352067
CPV,2013,3811293311
CPV,2014,3837845328
CPV,2015,3873768577
CPV,2016,4039593563
CPV,2017,4223448183
CPV,2018,4380009912
CPV,2019,4684325394
CPV,2020,3709738572
CPV,2021,3970664151
CPV,2022,4599763302
CPV,2023,4847743178
CPV,2024,5200265315
CYM,2006,4445537886
CYM,2007,4586133589
CYM,2008,4569742692
CYM,2009,4240699172
CYM,2010,4125537250
CYM,2011,4173767346
CYM,2012,4225094403
CYM,2013,4279147346
CYM,2014,4392738510
CYM,2015,4517190161
CYM,2016,4663545963
CYM,2017,4812035408
CYM,2018,5017377829
CYM,2019,5213840048
CYM,2020,4955504368
CYM,2021,5198568359
CYM,2022,5466623675
CYM,2023,5704950753
CAF,1990,4254024013
CAF,1991,4230518701
CAF,1992,3958746871
CAF,1993,3972019587
CAF,1994,4166646537
CAF,1995,4466646986
CAF,1996,4287976954
CAF,1997,4515236990
CAF,1998,4727459557
CAF,1999,4897646915
CAF,2000,4775723303
CAF,2001,4988946886
CAF,2002,5169374255
CAF,2003,4890358043
CAF,2004,5183529346
CAF,2005,5230606705
CAF,2006,5480163419
CAF,2007,5732663859
CAF,2008,5850420282
CAF,2009,6352811108
CAF,2010,6646998256
CAF,2011,6925814264
CAF,2012,7275828382
CAF,2013,4628010583
CAF,2014,4631762535
CAF,2015,4832647682
CAF,2016,5062213759
CAF,2017,5291394260
CAF,2018,5491908660
CAF,2019,5662157829
CAF,2020,5713117249
CAF,2021,5769272621
CAF,2022,5795459458
CAF,2023,5836025842
CAF,2024,5925879191
TCD,1990,10200983128
TCD,1991,11071651030
TCD,1992,11957542915
TCD,1993,10079032408
TCD,1994,11100732598
TCD,1995,11237998631
TCD,1996,11486861080
TCD,1997,12136258403
TCD,1998,12979920105
TCD,1999,12891286692
TCD,2000,12777884489
TCD,2001,14267547469
TCD,2002,15479034861
TCD,2003,17757806829
TCD,2004,23729645721
TCD,2005,27842594571
TCD,2006,27697389241
TCD,2007,28903946267
TCD,2008,29802385611
TCD,2009,29403485339
TCD,2010,33459516466
TCD,2011,34983125795
TCD,2012,38150036315
TCD,2013,39221042080
TCD,2014,40030164715
TCD,2015,41355517703
TCD,2016,39647564444
TCD,2017,39002104605
TCD,2018,41241260597
TCD,2019,43463610455
TCD,2020,43285890201
TCD,2021,43413141699
TCD,2022,49011968064
TCD,2023,51030012222
TCD,2024,52894879067
CHL,1990,1.47173E+11
CHL,1991,1.58588E+11
CHL,1992,1.76828E+11
CHL,1993,1.8865E+11
CHL,1994,1.98228E+11
CHL,1995,2.16575E+11
CHL,1996,2.31984E+11
CHL,1997,2.49131E+11
CHL,1998,2.59547E+11
CHL,1999,2.58837E+11
CHL,2000,2.71705E+11
CHL,2001,2.80275E+11
CHL,2002,2.89252E+11
CHL,2003,3.02914E+11
CHL,2004,3.23131E+11
CHL,2005,3.41992E+11
CHL,2006,3.62683E+11
CHL,2007,3.81427E+11
CHL,2008,3.95881E+11
CHL,2009,3.91455E+11
CHL,2010,4.14361E+11
CHL,2011,4.40151E+11
CHL,2012,4.67244E+11
CHL,2013,4.82702E+11
CHL,2014,4.91356E+11
CHL,2015,5.01929E+11
CHL,2016,5.10728E+11
CHL,2017,5.17662E+11
CHL,2018,5.38317E+11
CHL,2019,5.41732E+11
CHL,2020,5.08451E+11
CHL,2021,5.65982E+11
CHL,2022,5.78173E+11
CHL,2023,5.81187E+11
CHL,2024,5.96556E+11
CHN,1990,1.89227E+12
CHN,1991,2.06942E+12
CHN,1992,2.36534E+12
CHN,1993,2.69481E+12
CHN,1994,3.04709E+12
CHN,1995,3.38327E+12
CHN,1996,3.7208E+12
CHN,1997,4.06637E+12
CHN,1998,4.38846E+12
CHN,1999,4.72799E+12
CHN,2000,5.13396E+12
CHN,2001,5.56073E+12
CHN,2002,6.07473E+12
CHN,2003,6.68938E+12
CHN,2004,7.36711E+12
CHN,2005,8.21125E+12
CHN,2006,9.252E+12
CHN,2007,1.05612E+13
CHN,2008,1.15824E+13
CHN,2009,1.26715E+13
CHN,2010,1.40142E+13
CHN,2011,1.53401E+13
CHN,2012,1.65453E+13
CHN,2013,1.78323E+13
CHN,2014,1.91629E+13
CHN,2015,2.05003E+13
CHN,2016,2.18893E+13
CHN,2017,2.33977E+13
CHN,2018,2.49787E+13
CHN,2019,2.64945E+13
CHN,2020,2.71145E+13
CHN,2021,2.94382E+13
CHN,2022,3.03609E+13
CHN,2023,3.20049E+13
CHN,2024,3.35979E+13
COL,1990,3.24362E+11
COL,1991,3.30855E+11
COL,1992,3.44237E+11
COL,1993,3.62776E+11
COL,1994,3.8387E+11
COL,1995,4.03841E+11
COL,1996,4.12143E+11
COL,1997,4.26281E+11
COL,1998,4.2871E+11
COL,1999,4.10687E+11
COL,2000,4.22699E+11
COL,2001,4.29791E+11
COL,2002,4.40553E+11
COL,2003,4.57815E+11
COL,2004,4.82231E+11
COL,2005,5.05516E+11
COL,2006,5.39471E+11
COL,2007,5.75822E+11
COL,2008,5.94729E+11
COL,2009,6.01506E+11
COL,2010,6.28542E+11
COL,2011,6.72213E+11
COL,2012,6.98514E+11
COL,2013,7.34375E+11
COL,2014,7.67415E+11
COL,2015,7.90099E+11
COL,2016,8.06592E+11
COL,2017,8.17556E+11
COL,2018,8.38521E+11
COL,2019,8.65243E+11
COL,2020,8.03068E+11
COL,2021,8.89809E+11
COL,2022,9.55016E+11
COL,2023,9.6182E+11
COL,2024,9.78592E+11
COM,1990,1058574902
COM,1991,1001458041
COM,1992,1086892244
COM,1993,1119564891
COM,1994,1060487882
COM,1995,1098773683
COM,1996,1084580945
COM,1997,1128291224
COM,1998,1142761737
COM,1999,1164753144
COM,2000,1291104151
COM,2001,1321224411
COM,2002,1351942150
COM,2003,1380385278
COM,2004,1406883979
COM,2005,1446804986
COM,2006,1485101269
COM,2007,1496982708
COM,2008,1556332252
COM,2009,1657290418
COM,2010,1736857895
COM,2011,1839126739
COM,2012,1955187402
COM,2013,2129732252
COM,2014,2212700088
COM,2015,2256778505
COM,2016,2319522105
COM,2017,2449326958
COM,2018,2548759981
COM,2019,2641248625
COM,2020,2747039030
COM,2021,2821917777
COM,2022,2901450568
COM,2023,2990370232
COM,2024,3091707405
COG,1990,20709745611
COG,1991,21205820117
COG,1992,21759705123
COG,1993,21546528945
COG,1994,20362961790
COG,1995,21174491870
COG,1996,22082979539
COG,1997,21945002399
COG,1998,22765208444
COG,1999,22177365378
COG,2000,23857518231
COG,2001,24764724673
COG,2002,25899412178
COG,2003,26110042793
COG,2004,27017792797
COG,2005,29113227688
COG,2006,31438279446
COG,2007,29358953277
COG,2008,31210439248
COG,2009,34842488218
COG,2010,38302788206
COG,2011,39147716827
COG,2012,43041800172
COG,2013,42735155559
COG,2014,45575361950
COG,2015,45764587690
COG,2016,41789821841
COG,2017,39451775871
COG,2018,38542681577
COG,2019,38976083979
COG,2020,36533151792
COG,2021,36903988991
COG,2022,37448454255
COG,2023,38162545447
COG,2024,39147011807
CRI,1990,34193376303
CRI,1991,34968080230
CRI,1992,38185529566
CRI,1993,40895629625
CRI,1994,42743714733
CRI,1995,44519268572
CRI,1996,45120483259
CRI,1997,47591355722
CRI,1998,50996664081
CRI,1999,53146077175
CRI,2000,55202149077
CRI,2001,57129349886
CRI,2002,59081389155
CRI,2003,61632038992
CRI,2004,64359009941
CRI,2005,66918353044
CRI,2006,71821256960
CRI,2007,77721468011
CRI,2008,81404047083
CRI,2009,80693018596
CRI,2010,85018441595
CRI,2011,88761938961
CRI,2012,93095822656
CRI,2013,95418345692
CRI,2014,98798168340
CRI,2015,1.02406E+11
CRI,2016,1.06712E+11
CRI,2017,1.11149E+11
CRI,2018,1.14056E+11
CRI,2019,1.16813E+11
CRI,2020,1.11822E+11
CRI,2021,1.20696E+11
CRI,2022,1.26189E+11
CRI,2023,1.3264E+11
CRI,2024,1.38371E+11
CIV,1990,64063495622
CIV,1991,64089713718
CIV,1992,63932975522
CIV,1993,63809914071
CIV,1994,64327544357
CIV,1995,68911360958
CIV,1996,74237745675
CIV,1997,81400827010
CIV,1998,84871681712
CIV,1999,85862015402
CIV,2000,85633803213
CIV,2001,83789240395
CIV,2002,81501353004
CIV,2003,77649707795
CIV,2004,80122880670
CIV,2005,80920957094
CIV,2006,83199350239
CIV,2007,84115732649
CIV,2008,88138707177
CIV,2009,91314628222
CIV,2010,97567899071
CIV,2011,92328066528
CIV,2012,99363845372
CIV,2013,1.10056E+11
CIV,2014,1.2037E+11
CIV,2015,1.29031E+11
CIV,2016,1.38286E+11
CIV,2017,1.48534E+11
CIV,2018,1.55727E+11
CIV,2019,1.66194E+11
CIV,2020,1.67357E+11
CIV,2021,1.79178E+11
CIV,2022,1.90645E+11
CIV,2023,2.02943E+11
CIV,2024,2.15018E+11
HRV,1990,1.11783E+11
HRV,1991,88209079074
HRV,1992,77876893386
HRV,1993,71626819538
HRV,1994,75831653821
HRV,1995,80956718717
HRV,1996,85902349221
HRV,1997,91200798183
HRV,1998,93254346357
HRV,1999,92462902015
HRV,2000,95186168406
HRV,2001,98147633677
HRV,2002,1.03843E+11
HRV,2003,1.09626E+11
HRV,2004,1.14198E+11
HRV,2005,1.19139E+11
HRV,2006,1.25193E+11
HRV,2007,1.31514E+11
HRV,2008,1.34103E+11
HRV,2009,1.24965E+11
HRV,2010,1.23298E+11
HRV,2011,1.23178E+11
HRV,2012,1.20402E+11
HRV,2013,1.20251E+11
HRV,2014,1.19581E+11
HRV,2015,1.22359E+11
HRV,2016,1.26594E+11
HRV,2017,1.30747E+11
HRV,2018,1.34545E+11
HRV,2019,1.38716E+11
HRV,2020,1.27187E+11
HRV,2021,1.43253E+11
HRV,2022,1.53693E+11
HRV,2023,1.58769E+11
HRV,2024,1.64825E+11
CUW,2000,4592351701
CUW,2001,4560400244
CUW,2002,4578508007
CUW,2003,4591702657
CUW,2004,4601274570
CUW,2005,4632398757
CUW,2006,4708181775
CUW,2007,4824472134
CUW,2008,4930033663
CUW,2009,4903839988
CUW,2010,4907876172
CUW,2011,4932830636
CUW,2012,4915617482
CUW,2013,4884369054
CUW,2014,4853236214
CUW,2015,4875471391
CUW,2016,4823415569
CUW,2017,4761858749
CUW,2018,4661663939
CUW,2019,4512204853
CUW,2020,3680223299
CUW,2021,3834193240
CUW,2022,4137976371
CUW,2023,4311854138
CYP,1990,16044229713
CYP,1991,16162876984
CYP,1992,17682187261
CYP,1993,17805962659
CYP,1994,18856514224
CYP,1995,20433384438
CYP,1996,20688503718
CYP,1997,21234872756
CYP,1998,22532510975
CYP,1999,23658675665
CYP,2000,25069987698
CYP,2001,26060894651
CYP,2002,27031135221
CYP,2003,27740242889
CYP,2004,29134543024
CYP,2005,30548438791
CYP,2006,31988426085
CYP,2007,33619268388
CYP,2008,34845359482
CYP,2009,34143196902
CYP,2010,34922573757
CYP,2011,35068100267
CYP,2012,33859169061
CYP,2013,31628703913
CYP,2014,31066959573
CYP,2015,32129114188
CYP,2016,34241150686
CYP,2017,36210301862
CYP,2018,38481290183
CYP,2019,40742295266
CYP,2020,39430136606
CYP,2021,43920515191
CYP,2022,47084930251
CYP,2023,48386315231
CYP,2024,50054705237
CZE,1990,2.88488E+11
CZE,1991,2.5498E+11
CZE,1992,2.53689E+11
CZE,1993,2.53846E+11
CZE,1994,2.61231E+11
CZE,1995,2.77483E+11
CZE,1996,2.8905E+11
CZE,1997,2.87328E+11
CZE,1998,2.86198E+11
CZE,1999,2.90143E+11
CZE,2000,3.0178E+11
CZE,2001,3.10583E+11
CZE,2002,3.15284E+11
CZE,2003,3.25691E+11
CZE,2004,3.41117E+11
CZE,2005,3.62863E+11
CZE,2006,3.86896E+11
CZE,2007,4.08132E+11
CZE,2008,4.18794E+11
CZE,2009,3.98699E+11
CZE,2010,4.09522E+11
CZE,2011,4.1678E+11
CZE,2012,4.13568E+11
CZE,2013,4.13395E+11
CZE,2014,4.22677E+11
CZE,2015,4.43637E+11
CZE,2016,4.55086E+11
CZE,2017,4.7863E+11
CZE,2018,4.92177E+11
CZE,2019,5.09727E+11
CZE,2020,4.82687E+11
CZE,2021,5.02134E+11
CZE,2022,5.16431E+11
CZE,2023,5.16145E+11
CZE,2024,5.21928E+11
COD,1990,79677843436
COD,1991,72968131207
COD,1992,65306471181
COD,1993,56510309573
COD,1994,54306409306
COD,1995,54686553536
COD,1996,54127015681
COD,1997,51086675988
COD,1998,50256949673
COD,1999,48110907145
COD,2000,44785997321
COD,2001,43845413886
COD,2002,45137873731
COD,2003,47655584123
COD,2004,50866795581
COD,2005,53987550378
COD,2006,56860216902
COD,2007,60419369536
COD,2008,64181015601
COD,2009,66013424678
COD,2010,70705643442
COD,2011,75566423729
COD,2012,80921739816
COD,2013,87785486697
COD,2014,96099025196
COD,2015,1.02745E+11
COD,2016,1.05211E+11
COD,2017,1.09132E+11
COD,2018,1.15485E+11
COD,2019,1.20548E+11
COD,2020,1.2264E+11
COD,2021,1.30244E+11
COD,2022,1.41867E+11
COD,2023,1.54081E+11
COD,2024,1.64367E+11
DNK,1990,2.35563E+11
DNK,1991,2.38998E+11
DNK,1992,2.43833E+11
DNK,1993,2.4364E+11
DNK,1994,2.5654E+11
DNK,1995,2.64334E+11
DNK,1996,2.71989E+11
DNK,1997,2.80607E+11
DNK,1998,2.87134E+11
DNK,1999,2.95654E+11
DNK,2000,3.06665E+11
DNK,2001,3.09578E+11
DNK,2002,3.10991E+11
DNK,2003,3.12363E+11
DNK,2004,3.21035E+11
DNK,2005,3.28611E+11
DNK,2006,3.41152E+11
DNK,2007,3.4452E+11
DNK,2008,3.43083E+11
DNK,2009,3.26016E+11
DNK,2010,3.31176E+11
DNK,2011,3.35518E+11
DNK,2012,3.35499E+11
DNK,2013,3.40172E+11
DNK,2014,3.44519E+11
DNK,2015,3.51769E+11
DNK,2016,3.62579E+11
DNK,2017,3.73661E+11
DNK,2018,3.80612E+11
DNK,2019,3.87125E+11
DNK,2020,3.80234E+11
DNK,2021,4.08303E+11
DNK,2022,4.14592E+11
DNK,2023,4.24937E+11
DNK,2024,4.40558E+11
DJI,2013,4401251430
DJI,2014,4717832886
DJI,2015,5062658614
DJI,2016,5423293675
DJI,2017,5719302007
DJI,2018,5992360893
DJI,2019,6324642147
DJI,2020,6400671630
DJI,2021,6682759257
DJI,2022,7028026489
DJI,2023,7546137626
DJI,2024,7995421831
DMA,1990,787589429
DMA,1991,798204284
DMA,1992,814403208
DMA,1993,832005833
DMA,1994,832292721
DMA,1995,857518370
DMA,1996,884137475
DMA,1997,903461428
DMA,1998,937560112
DMA,1999,940879816
DMA,2000,962898467
DMA,2001,962283707
DMA,2002,932573962
DMA,2003,986709458
DMA,2004,1027143200
DMA,2005,1036544503
DMA,2006,1082160492
DMA,2007,1140141975
DMA,2008,1221335045
DMA,2009,1207463714
DMA,2010,1206188501
DMA,2011,1206704013
DMA,2012,1204804760
DMA,2013,1204859024
DMA,2014,1232995102
DMA,2015,1191401460
DMA,2016,1208643964
DMA,2017,1117459467
DMA,2018,1150581084
DMA,2019,1196007148
DMA,2020,1008157452
DMA,2021,1062394694
DMA,2022,1172849827
DMA,2023,1215684767
DMA,2024,1240639596
DOM,1990,52401790043
DOM,1991,52896535722
DOM,1992,58840764950
DOM,1993,63175384798
DOM,1994,64814017227
DOM,1995,68508408815
DOM,1996,72592327418
DOM,1997,79052719563
DOM,1998,84353880870
DOM,1999,89378428430
DOM,2000,93536067579
DOM,2001,95845819394
DOM,2002,1.00146E+11
DOM,2003,98794618823
DOM,2004,1.01349E+11
DOM,2005,1.10908E+11
DOM,2006,1.2108E+11
DOM,2007,1.30062E+11
DOM,2008,1.34312E+11
DOM,2009,1.3566E+11
DOM,2010,1.47057E+11
DOM,2011,1.51751E+11
DOM,2012,1.55963E+11
DOM,2013,1.6366E+11
DOM,2014,1.75298E+11
DOM,2015,1.87547E+11
DOM,2016,2.0015E+11
DOM,2017,2.08023E+11
DOM,2018,2.22788E+11
DOM,2019,2.33691E+11
DOM,2020,2.15162E+11
DOM,2021,2.45311E+11
DOM,2022,2.5816E+11
DOM,2023,2.6382E+11
DOM,2024,2.76884E+11
,1990,1.04391E+13
,1991,1.10161E+13
,1992,1.16014E+13
,1993,1.22166E+13
,1994,1.29715E+13
,1995,1.38115E+13
,1996,1.46773E+13
,1997,1.53416E+13
,1998,1.53331E+13
,1999,1.59755E+13
,2000,1.69116E+13
,2001,1.75458E+13
,2002,1.84362E+13
,2003,1.94768E+13
,2004,2.07373E+13
,2005,2.21002E+13
,2006,2.36879E+13
,2007,2.56342E+13
,2008,2.69374E+13
,2009,2.78692E+13
,2010,3.01286E+13
,2011,3.19299E+13
,2012,3.37395E+13
,2013,3.56331E+13
,2014,3.7492E+13
,2015,3.93855E+13
,2016,4.13568E+13
,2017,4.35881E+13
,2018,4.58392E+13
,2019,4.7883E+13
,2020,4.78606E+13
,2021,5.09113E+13
,2022,5.25848E+13
,2023,5.48832E+13
,2024,5.7211E+13
TLS,1990,1630800788
TLS,1991,1805529359
TLS,1992,1994379056
TLS,1993,2197900762
TLS,1994,2354453680
TLS,1995,2511760963
TLS,1996,2712254370
TLS,1997,2820744382
TLS,1998,2764329603
TLS,1999,1784307551
TLS,2000,2820599403
TLS,2001,3281806356
TLS,2002,3061805484
TLS,2003,2994988801
TLS,2004,3006968876
TLS,2005,3096714256
TLS,2006,2969250627
TLS,2007,3274055738
TLS,2008,3647128000
TLS,2009,4017200416
TLS,2010,4392065945
TLS,2011,4653768939
TLS,2012,4879971049
TLS,2013,5031463252
TLS,2014,5256495369
TLS,2015,5386858578
TLS,2016,5548999284
TLS,2017,5372407086
TLS,2018,5372413251
TLS,2019,6630203371
TLS,2020,8749343573
TLS,2021,9214418303
TLS,2022,7321630758
TLS,2023,5994600488
TLS,2024,5863371397
ECU,1990,95360865487
ECU,1991,99453126801
ECU,1992,1.01556E+11
ECU,1993,1.0356E+11
ECU,1994,1.0797E+11
ECU,1995,1.10402E+11
ECU,1996,1.12314E+11
ECU,1997,1.17174E+11
ECU,1998,1.21002E+11
ECU,1999,1.15267E+11
ECU,2000,1.16526E+11
ECU,2001,1.21427E+11
ECU,2002,1.27411E+11
ECU,2003,1.31086E+11
ECU,2004,1.40043E+11
ECU,2005,1.47603E+11
ECU,2006,1.54011E+11
ECU,2007,1.56941E+11
ECU,2008,1.67244E+11
ECU,2009,1.69068E+11
ECU,2010,1.7588E+11
ECU,2011,1.90797E+11
ECU,2012,2.01832E+11
ECU,2013,2.16386E+11
ECU,2014,2.25531E+11
ECU,2015,2.25801E+11
ECU,2016,2.24247E+11
ECU,2017,2.37636E+11
ECU,2018,2.40117E+11
ECU,2019,2.40515E+11
ECU,2020,2.18279E+11
ECU,2021,2.38845E+11
ECU,2022,2.52861E+11
ECU,2023,2.57889E+11
ECU,2024,2.52728E+11
EGY,1990,4.6756E+11
EGY,1991,4.72822E+11
EGY,1992,4.9397E+11
EGY,1993,5.08299E+11
EGY,1994,5.28495E+11
EGY,1995,5.5303E+11
EGY,1996,5.80619E+11
EGY,1997,6.12509E+11
EGY,1998,6.46659E+11
EGY,1999,6.85804E+11
EGY,2000,7.2949E+11
EGY,2001,7.55279E+11
EGY,2002,7.73332E+11
EGY,2003,7.98028E+11
EGY,2004,8.30684E+11
EGY,2005,8.6783E+11
EGY,2006,9.27223E+11
EGY,2007,9.92943E+11
EGY,2008,1.064E+12
EGY,2009,1.11373E+12
EGY,2010,1.17105E+12
EGY,2011,1.19172E+12
EGY,2012,1.21825E+12
EGY,2013,1.24487E+12
EGY,2014,1.28117E+12
EGY,2015,1.33719E+12
EGY,2016,1.39531E+12
EGY,2017,1.45365E+12
EGY,2018,1.53114E+12
EGY,2019,1.61615E+12
EGY,2020,1.67353E+12
EGY,2021,1.7286E+12
EGY,2022,1.84248E+12
EGY,2023,1.91176E+12
EGY,2024,1.95763E+12
SLV,1990,32268857747
SLV,1991,32750982739
SLV,1992,35050744732
SLV,1993,37090107666
SLV,1994,38830398412
SLV,1995,40668661082
SLV,1996,40998671772
SLV,1997,42285197819
SLV,1998,43406718523
SLV,1999,44345186421
SLV,2000,44845358873
SLV,2001,45239824775
SLV,2002,45951410325
SLV,2003,46670730500
SLV,2004,47085822070
SLV,2005,48348112958
SLV,2006,50444969942
SLV,2007,51376992319
SLV,2008,52483859774
SLV,2009,51377096737
SLV,2010,52483859774
SLV,2011,54464382833
SLV,2012,56037150872
SLV,2013,57260415160
SLV,2014,58250676689
SLV,2015,59648692981
SLV,2016,61163210524
SLV,2017,62537926514
SLV,2018,64046619110
SLV,2019,65607737256
SLV,2020,60429252054
SLV,2021,67623210509
SLV,2022,69621216142
SLV,2023,72085220073
SLV,2024,73960892033
GNQ,1990,532523229
GNQ,1991,527079569
GNQ,1992,710215053
GNQ,1993,788574593
GNQ,1994,920020795
GNQ,1995,1080898057
GNQ,1996,1800559954
GNQ,1997,4500913077
GNQ,1998,5570981862
GNQ,1999,7000719507
GNQ,2000,8275815154
GNQ,2001,13521016489
GNQ,2002,16152589488
GNQ,2003,18406723783
GNQ,2004,25401044477
GNQ,2005,29655389367
GNQ,2006,31940312684
GNQ,2007,36821467655
GNQ,2008,43375360867
GNQ,2009,43958046505
GNQ,2010,40035153118
GNQ,2011,42647015932
GNQ,2012,46192207712
GNQ,2013,44282992075
GNQ,2014,44466795853
GNQ,2015,40415852453
GNQ,2016,36852622273
GNQ,2017,34763996771
GNQ,2018,32595924793
GNQ,2019,30809073115
GNQ,2020,29332985518
GNQ,2021,29585328380
GNQ,2022,30539013900
GNQ,2023,28984789203
GNQ,2024,29247753194
EST,1990,30379251199
EST,1991,27948958617
EST,1992,22032539654
EST,1993,20767762988
EST,1994,20426668136
EST,1995,21351318403
EST,1996,22406716689
EST,1997,25330797857
EST,1998,26430110816
EST,1999,26317776140
EST,2000,28972618279
EST,2001,30676424339
EST,2002,32803221092
EST,2003,35295052770
EST,2004,37695363814
EST,2005,41285113615
EST,2006,45315602273
EST,2007,48746409722
EST,2008,46248004357
EST,2009,39481818398
EST,2010,40449024326
EST,2011,43525971328
EST,2012,45124253145
EST,2013,45916857853
EST,2014,47442578559
EST,2015,48314645564
EST,2016,49809026832
EST,2017,52615602364
EST,2018,54562220522
EST,2019,56595563204
EST,2020,54963456100
EST,2021,58895787305
EST,2022,58931378334
EST,2023,57149859934
EST,2024,57000695250
SWZ,1990,4817808165
SWZ,1991,4902619728
SWZ,1992,5060788367
SWZ,1993,5217982239
SWZ,1994,5343249880
SWZ,1995,5601096490
SWZ,1996,5816293629
SWZ,1997,5996761893
SWZ,1998,6152919942
SWZ,1999,6334484928
SWZ,2000,6445982862
SWZ,2001,6513972839
SWZ,2002,6799291291
SWZ,2003,7063118328
SWZ,2004,7319079669
SWZ,2005,7758134898
SWZ,2006,8223015293
SWZ,2007,8587736899
SWZ,2008,8658299236
SWZ,2009,8793805848
SWZ,2010,9127421304
SWZ,2011,9332535419
SWZ,2012,9836177897
SWZ,2013,10215973756
SWZ,2014,10362664667
SWZ,2015,10574781174
SWZ,2016,11069241640
SWZ,2017,11230497574
SWZ,2018,11259313459
SWZ,2019,11944237364
SWZ,2020,11602287926
SWZ,2021,12000822909
SWZ,2022,12135183003
SWZ,2023,12553176749
SWZ,2024,12884669067
ETH,1990,41627443416
ETH,1991,38656293093
ETH,1992,35303833748
ETH,1993,39943758005
ETH,1994,41217949739
ETH,1995,43743584313
ETH,1996,49179238117
ETH,1997,50720469629
ETH,1998,48966485220
ETH,1999,51494206591
ETH,2000,54621561746
ETH,2001,59155864904
ETH,2002,60051913997
ETH,2003,58753976115
ETH,2004,66728420120
ETH,2005,74614895914
ETH,2006,82699216237
ETH,2007,92173376557
ETH,2008,1.02118E+11
ETH,2009,1.11106E+11
ETH,2010,1.25051E+11
ETH,2011,1.39029E+11
ETH,2012,1.51053E+11
ETH,2013,1.67037E+11
ETH,2014,1.84171E+11
ETH,2015,2.03311E+11
ETH,2016,2.2249E+11
ETH,2017,2.4377E+11
ETH,2018,2.60385E+11
ETH,2019,2.82164E+11
ETH,2020,2.99262E+11
ETH,2021,3.16145E+11
ETH,2022,3.3297E+11
ETH,2023,3.54926E+11
ETH,2024,3.80895E+11
,1990,2.39243E+13
,1991,2.36227E+13
,1992,2.29283E+13
,1993,2.24444E+13
,1994,2.2214E+13
,1995,2.25307E+13
,1996,2.28279E+13
,1997,2.34731E+13
,1998,2.393E+13
,1999,2.463E+13
,2000,2.58236E+13
,2001,2.64885E+13
,2002,2.70465E+13
,2003,2.7741E+13
,2004,2.88448E+13
,2005,2.97967E+13
,2006,3.11848E+13
,2007,3.2567E+13
,2008,3.31152E+13
,2009,3.15181E+13
,2010,3.24256E+13
,2011,3.33478E+13
,2012,3.35884E+13
,2013,3.39562E+13
,2014,3.453E+13
,2015,3.50908E+13
,2016,3.57183E+13
,2017,3.67933E+13
,2018,3.76836E+13
,2019,3.84565E+13
,2020,3.66074E+13
,2021,3.90548E+13
,2022,4.00262E+13
,2023,4.06879E+13
,2024,4.14927E+13
,1990,1.4057E+13
,1991,1.41658E+13
,1992,1.42489E+13
,1993,1.41672E+13
,1994,1.45504E+13
,1995,1.49681E+13
,1996,1.52743E+13
,1997,1.56668E+13
,1998,1.6126E+13
,1999,1.65929E+13
,2000,1.72455E+13
,2001,1.76332E+13
,2002,1.78535E+13
,2003,1.80517E+13
,2004,1.85546E+13
,2005,1.895E+13
,2006,1.96565E+13
,2007,2.03083E+13
,2008,2.04859E+13
,2009,1.96148E+13
,2010,2.00093E+13
,2011,2.04007E+13
,2012,2.02471E+13
,2013,2.02345E+13
,2014,2.05804E+13
,2015,2.10803E+13
,2016,2.15031E+13
,2017,2.2139E+13
,2018,2.26408E+13
,2019,2.30979E+13
,2020,2.18038E+13
,2021,2.31942E+13
,2022,2.40357E+13
,2023,2.41699E+13
,2024,2.4441E+13
FRO,2008,2598661867
FRO,2009,2480337042
FRO,2010,2470916275
FRO,2011,2559038124
FRO,2012,2740255985
FRO,2013,2900729318
FRO,2014,3058301056
FRO,2015,3087599639
FRO,2016,3130407601
FRO,2017,3240347944
FRO,2018,3329901749
FRO,2019,3481029683
FRO,2020,3424034046
FRO,2021,3612505897
FRO,2022,3740967467
FRO,2023,3834082322
FJI,1990,6284654636
FJI,1991,6114968727
FJI,1992,6487981936
FJI,1993,6626178055
FJI,1994,6964113109
FJI,1995,7138215835
FJI,1996,7480850226
FJI,1997,7316271568
FJI,1998,7411383132
FJI,1999,8063584753
FJI,2000,7926503940
FJI,2001,8085034030
FJI,2002,8343755047
FJI,2003,8427192543
FJI,2004,8873833723
FJI,2005,8935950595
FJI,2006,9101487638
FJI,2007,9024065442
FJI,2008,9117265468
FJI,2009,8990896731
FJI,2010,9256548277
FJI,2011,9506951147
FJI,2012,9641124116
FJI,2013,10097556093
FJI,2014,10663374103
FJI,2015,11143353942
FJI,2016,11415881578
FJI,2017,12027015337
FJI,2018,12485527403
FJI,2019,12412868287
FJI,2020,10297880948
FJI,2021,9795237652
FJI,2022,11733982269
FJI,2023,12616881282
FJI,2024,13099981526
FIN,1990,1.93509E+11
FIN,1991,1.8213E+11
FIN,1992,1.76099E+11
FIN,1993,1.74725E+11
FIN,1994,1.81652E+11
FIN,1995,1.89344E+11
FIN,1996,1.96279E+11
FIN,1997,2.08836E+11
FIN,1998,2.20227E+11
FIN,1999,2.29893E+11
FIN,2000,2.43121E+11
FIN,2001,2.4954E+11
FIN,2002,2.5375E+11
FIN,2003,2.58855E+11
FIN,2004,2.69223E+11
FIN,2005,2.767E+11
FIN,2006,2.87823E+11
FIN,2007,3.03114E+11
FIN,2008,3.05492E+11
FIN,2009,2.8082E+11
FIN,2010,2.89717E+11
FIN,2011,2.96643E+11
FIN,2012,2.92125E+11
FIN,2013,2.89263E+11
FIN,2014,2.8788E+11
FIN,2015,2.89223E+11
FIN,2016,2.96662E+11
FIN,2017,3.06462E+11
FIN,2018,3.10118E+11
FIN,2019,3.14304E+11
FIN,2020,3.06474E+11
FIN,2021,3.14676E+11
FIN,2022,3.17078E+11
FIN,2023,3.14075E+11
FIN,2024,3.13591E+11
FRA,1990,2.25213E+12
FRA,1991,2.27998E+12
FRA,1992,2.31455E+12
FRA,1993,2.30624E+12
FRA,1994,2.36121E+12
FRA,1995,2.41563E+12
FRA,1996,2.44938E+12
FRA,1997,2.51128E+12
FRA,1998,2.59798E+12
FRA,1999,2.6863E+12
FRA,2000,2.79754E+12
FRA,2001,2.85067E+12
FRA,2002,2.88111E+12
FRA,2003,2.909E+12
FRA,2004,2.99243E+12
FRA,2005,3.04895E+12
FRA,2006,3.1317E+12
FRA,2007,3.21095E+12
FRA,2008,3.22315E+12
FRA,2009,3.13211E+12
FRA,2010,3.19477E+12
FRA,2011,3.27264E+12
FRA,2012,3.27866E+12
FRA,2013,3.30429E+12
FRA,2014,3.33726E+12
FRA,2015,3.37286E+12
FRA,2016,3.40187E+12
FRA,2017,3.47275E+12
FRA,2018,3.52991E+12
FRA,2019,3.60147E+12
FRA,2020,3.3335E+12
FRA,2021,3.56292E+12
FRA,2022,3.65452E+12
FRA,2023,3.68874E+12
FRA,2024,3.73176E+12
GAB,1990,23496300368
GAB,1991,24932512547
GAB,1992,24162061595
GAB,1993,25115630646
GAB,1994,26048112439
GAB,1995,27343705897
GAB,1996,28334928640
GAB,1997,29960890946
GAB,1998,31002880875
GAB,1999,28233510468
GAB,2000,27701882953
GAB,2001,28293382817
GAB,2002,28222922909
GAB,2003,28857185126
GAB,2004,29056167842
GAB,2005,29833769975
GAB,2006,28996461844
GAB,2007,30738600595
GAB,2008,29721635312
GAB,2009,29760371852
GAB,2010,31870348681
GAB,2011,34130515199
GAB,2012,35922734804
GAB,2013,37948309693
GAB,2014,39585765763
GAB,2015,41121257791
GAB,2016,41981285134
GAB,2017,42179706332
GAB,2018,42533137085
GAB,2019,44200780065
GAB,2020,43388475339
GAB,2021,44025399637
GAB,2022,45362721558
GAB,2023,46472239669
GAB,2024,48044817322
GMB,1990,2798934224
GMB,1991,2885898208
GMB,1992,2983403727
GMB,1993,3073266872
GMB,1994,3078010335
GMB,1995,3105153715
GMB,1996,3174198225
GMB,1997,3329733910
GMB,1998,3446274554
GMB,1999,3666836092
GMB,2000,3868512085
GMB,2001,4092885796
GMB,2002,3959867001
GMB,2003,4231909849
GMB,2004,4530259494
GMB,2005,4423720051
GMB,2006,4399142704
GMB,2007,4533019593
GMB,2008,4816601016
GMB,2009,5137662361
GMB,2010,5441212706
GMB,2011,4998817942
GMB,2012,5260834446
GMB,2013,5411966056
GMB,2014,5335798993
GMB,2015,5552329654
GMB,2016,5660231389
GMB,2017,5933202344
GMB,2018,6362463027
GMB,2019,6758338859
GMB,2020,6798313574
GMB,2021,7155630814
GMB,2022,7548689490
GMB,2023,7910838543
GMB,2024,8365452098
GEO,1990,62027887438
GEO,1991,48940095710
GEO,1992,26966102946
GEO,1993,19064989882
GEO,1994,17082568368
GEO,1995,17526130080
GEO,1996,19489502932
GEO,1997,21539955383
GEO,1998,22208019188
GEO,1999,22844788762
GEO,2000,23265219954
GEO,2001,24383648564
GEO,2002,25718415555
GEO,2003,28562108736
GEO,2004,30216621133
GEO,2005,33114739064
GEO,2006,36234637851
GEO,2007,40791350035
GEO,2008,41779159245
GEO,2009,40253905629
GEO,2010,42768329074
GEO,2011,46161712229
GEO,2012,49198613272
GEO,2013,51723921667
GEO,2014,53839683818
GEO,2015,55643864277
GEO,2016,57563697329
GEO,2017,60533928053
GEO,2018,64203516814
GEO,2019,67658127813
GEO,2020,63402112372
GEO,2021,70150781357
GEO,2022,77838277278
GEO,2023,83934727816
GEO,2024,91848574230
DEU,1990,3.36586E+12
DEU,1991,3.53779E+12
DEU,1992,3.60905E+12
DEU,1993,3.57393E+12
DEU,1994,3.66676E+12
DEU,1995,3.72196E+12
DEU,1996,3.7606E+12
DEU,1997,3.83035E+12
DEU,1998,3.91064E+12
DEU,1999,3.99394E+12
DEU,2000,4.10886E+12
DEU,2001,4.1761E+12
DEU,2002,4.16657E+12
DEU,2003,4.14449E+12
DEU,2004,4.19266E+12
DEU,2005,4.2298E+12
DEU,2006,4.39289E+12
DEU,2007,4.51985E+12
DEU,2008,4.561E+12
DEU,2009,4.30808E+12
DEU,2010,4.48673E+12
DEU,2011,4.65534E+12
DEU,2012,4.67742E+12
DEU,2013,4.69548E+12
DEU,2014,4.79735E+12
DEU,2015,4.87664E+12
DEU,2016,4.98854E+12
DEU,2017,5.12403E+12
DEU,2018,5.18124E+12
DEU,2019,5.23242E+12
DEU,2020,5.01815E+12
DEU,2021,5.20231E+12
DEU,2022,5.27357E+12
DEU,2023,5.25952E+12
DEU,2024,5.24698E+12
GHA,1990,42884426695
GHA,1991,45149507665
GHA,1992,46901046280
GHA,1993,49175747284
GHA,1994,50798546816
GHA,1995,52887595893
GHA,1996,55321726950
GHA,1997,57643224355
GHA,1998,60352681160
GHA,1999,63008197216
GHA,2000,65339500564
GHA,2001,67953080670
GHA,2002,71010969001
GHA,2003,74703539483
GHA,2004,78886937688
GHA,2005,83541270024
GHA,2006,88887838295
GHA,2007,92751631832
GHA,2008,1.01238E+11
GHA,2009,1.06143E+11
GHA,2010,1.14528E+11
GHA,2011,1.30616E+11
GHA,2012,1.42753E+11
GHA,2013,1.53192E+11
GHA,2014,1.57568E+11
GHA,2015,1.60909E+11
GHA,2016,1.66338E+11
GHA,2017,1.79859E+11
GHA,2018,1.9101E+11
GHA,2019,2.03441E+11
GHA,2020,2.04486E+11
GHA,2021,2.14867E+11
GHA,2022,2.23043E+11
GHA,2023,2.30046E+11
GHA,2024,2.43124E+11
GRC,1990,2.7446E+11
GRC,1991,2.82968E+11
GRC,1992,2.84949E+11
GRC,1993,2.8039E+11
GRC,1994,2.85998E+11
GRC,1995,2.92003E+11
GRC,1996,2.9604E+11
GRC,1997,3.06706E+11
GRC,1998,3.17247E+11
GRC,1999,3.25682E+11
GRC,2000,3.39158E+11
GRC,2001,3.5493E+11
GRC,2002,3.71552E+11
GRC,2003,3.9309E+11
GRC,2004,4.1423E+11
GRC,2005,4.19133E+11
GRC,2006,4.46139E+11
GRC,2007,4.61785E+11
GRC,2008,4.6205E+11
GRC,2009,4.43017E+11
GRC,2010,4.17793E+11
GRC,2011,3.76528E+11
GRC,2012,3.45159E+11
GRC,2013,3.37317E+11
GRC,2014,3.39989E+11
GRC,2015,3.39213E+11
GRC,2016,3.39105E+11
GRC,2017,3.441E+11
GRC,2018,3.51205E+11
GRC,2019,3.59202E+11
GRC,2020,3.26169E+11
GRC,2021,3.54398E+11
GRC,2022,3.74753E+11
GRC,2023,3.83493E+11
GRC,2024,3.92205E+11
GRL,1990,2120448808
GRL,1991,2118042849
GRL,1992,2009774852
GRL,1993,1908724726
GRL,1994,2021804638
GRL,1995,2097191212
GRL,1996,2129270632
GRL,1997,2160548050
GRL,1998,2328162974
GRL,1999,2360242369
GRL,2000,2527857268
GRL,2001,2559936663
GRL,2002,2535075139
GRL,2003,2647380127
GRL,2004,2830223628
GRL,2005,2971380799
GRL,2006,3136461651
GRL,2007,3210244966
GRL,2008,3408192930
GRL,2009,3437706257
GRL,2010,3497378823
GRL,2011,3480013659
GRL,2012,3528531778
GRL,2013,3482721532
GRL,2014,3647876912
GRL,2015,3555610504
GRL,2016,3722082556
GRL,2017,3724045142
GRL,2018,3747248380
GRL,2019,3853377108
GRL,2020,3863040983
GRL,2021,3926166709
GRL,2022,4004868911
GRL,2023,4039549554
GRD,1990,888554041
GRD,1991,900865364
GRD,1992,893197660
GRD,1993,875701565
GRD,1994,890532061
GRD,1995,909495720
GRD,1996,949861275
GRD,1997,997501516
GRD,1998,1114742887
GRD,1999,1191641891
GRD,2000,1249888777
GRD,2001,1224592277
GRD,2002,1266685476
GRD,2003,1386564253
GRD,2004,1377586938
GRD,2005,1560477974
GRD,2006,1498131757
GRD,2007,1589869120
GRD,2008,1604933808
GRD,2009,1498795020
GRD,2010,1491133986
GRD,2011,1502537785
GRD,2012,1485185905
GRD,2013,1520104081
GRD,2014,1631712007
GRD,2015,1736879487
GRD,2016,1801831901
GRD,2017,1881809375
GRD,2018,1963883370
GRD,2019,1977169271
GRD,2020,1705177563
GRD,2021,1785107389
GRD,2022,1915790471
GRD,2023,2005444902
GRD,2024,2079507172
GTM,1990,68540699950
GTM,1991,71048089250
GTM,1992,74485636552
GTM,1993,77410785779
GTM,1994,80533336768
GTM,1995,84518567193
GTM,1996,87018440375
GTM,1997,90816003383
GTM,1998,95350925762
GTM,1999,99019135173
GTM,2000,1.02593E+11
GTM,2001,1.04986E+11
GTM,2002,1.09016E+11
GTM,2003,1.11808E+11
GTM,2004,1.15316E+11
GTM,2005,1.19094E+11
GTM,2006,1.25467E+11
GTM,2007,1.33419E+11
GTM,2008,1.37813E+11
GTM,2009,1.3847E+11
GTM,2010,1.42464E+11
GTM,2011,1.48396E+11
GTM,2012,1.5281E+11
GTM,2013,1.58456E+11
GTM,2014,1.65498E+11
GTM,2015,1.72271E+11
GTM,2016,1.76884E+11
GTM,2017,1.82331E+11
GTM,2018,1.88543E+11
GTM,2019,1.96119E+11
GTM,2020,1.92617E+11
GTM,2021,2.08107E+11
GTM,2022,2.16815E+11
GTM,2023,2.24475E+11
GTM,2024,2.32673E+11
GIN,1990,13549165645
GIN,1991,13903262657
GIN,1992,14358031051
GIN,1993,15082270891
GIN,1994,15681051993
GIN,1995,16403583623
GIN,1996,17135441823
GIN,1997,18023332469
GIN,1998,18680124556
GIN,1999,19392211658
GIN,2000,19877610460
GIN,2001,20604802321
GIN,2002,21668959892
GIN,2003,21939518798
GIN,2004,22452929276
GIN,2005,23125904765
GIN,2006,23401011017
GIN,2007,24996368183
GIN,2008,26029472119
GIN,2009,25737254320
GIN,2010,26976081069
GIN,2011,28490008891
GIN,2012,30175274472
GIN,2013,31365896381
GIN,2014,32525353401
GIN,2015,33769744334
GIN,2016,37423842474
GIN,2017,41278500248
GIN,2018,43903190354
GIN,2019,46369195006
GIN,2020,48550675963
GIN,2021,51260936277
GIN,2022,53297229730
GIN,2023,56250816533
GIN,2024,59439407532
GNB,1990,1893034390
GNB,1991,1989579145
GNB,1992,2011464515
GNB,1993,2053705270
GNB,1994,2119423839
GNB,1995,2212678488
GNB,1996,2469349192
GNB,1997,2629856890
GNB,1998,2039566390
GNB,1999,2382519912
GNB,2000,2408734258
GNB,2001,2524015597
GNB,2002,2616241513
GNB,2003,2608760866
GNB,2004,2639332713
GNB,2005,2812466898
GNB,2006,2887461467
GNB,2007,2961375470
GNB,2008,3095365128
GNB,2009,3171138152
GNB,2010,3348891960
GNB,2011,3619651271
GNB,2012,3557651365
GNB,2013,3673491052
GNB,2014,3708922819
GNB,2015,3936431459
GNB,2016,4150285115
GNB,2017,4343841109
GNB,2018,4507232676
GNB,2019,4758093769
GNB,2020,4859351472
GNB,2021,5113853513
GNB,2022,5399469252
GNB,2023,5640485327
GNB,2024,5911989295
GUY,1990,3805285434
GUY,1991,4035804534
GUY,1992,4348897640
GUY,1993,4704424609
GUY,1994,5105826025
GUY,1995,5362722933
GUY,1996,5789355296
GUY,1997,6147175988
GUY,1998,6043958480
GUY,1999,6222868826
GUY,2000,6138001098
GUY,2001,6277918162
GUY,2002,6349023556
GUY,2003,6308883417
GUY,2004,6407513479
GUY,2005,6282505608
GUY,2006,6604773603
GUY,2007,7079738476
GUY,2008,7204003710
GUY,2009,7464176914
GUY,2010,7773077517
GUY,2011,8176986178
GUY,2012,8608431004
GUY,2013,8922930074
GUY,2014,9073414794
GUY,2015,9135785864
GUY,2016,9483626915
GUY,2017,9837792161
GUY,2018,10274679940
GUY,2019,10824667122
GUY,2020,15531194686
GUY,2021,18646751960
GUY,2022,30456604136
GUY,2023,40749416889
GUY,2024,58423257845
HTI,1990,27050130483
HTI,1991,27558820285
HTI,1992,26095465413
HTI,1993,24679448219
HTI,1994,21730098851
HTI,1995,23880880472
HTI,1996,24869733601
HTI,1997,25542388751
HTI,1998,26099682890
HTI,1999,26807049026
HTI,2000,27040286238
HTI,2001,26947606229
HTI,2002,27231046577
HTI,2003,28178899327
HTI,2004,27807541798
HTI,2005,28661837694
HTI,2006,29168794121
HTI,2007,30541632149
HTI,2008,31353438599
HTI,2009,33200274946
HTI,2010,31323957578
HTI,2011,32920919826
HTI,2012,33086322561
HTI,2013,34517234583
HTI,2014,35514358967
HTI,2015,36011559995
HTI,2016,36664258025
HTI,2017,37584630388
HTI,2018,38211470971
HTI,2019,37553050262
HTI,2020,36311732131
HTI,2021,35658760079
HTI,2022,35058985451
HTI,2023,34405526560
HTI,2024,32970942041
,1990,4.13425E+13
,1991,4.15076E+13
,1992,4.16701E+13
,1993,4.18654E+13
,1994,4.27469E+13
,1995,4.38238E+13
,1996,4.4982E+13
,1997,4.64907E+13
,1998,4.75676E+13
,1999,4.92636E+13
,2000,5.14873E+13
,2001,5.24081E+13
,2002,5.33559E+13
,2003,5.47232E+13
,2004,5.68073E+13
,2005,5.86274E+13
,2006,6.07672E+13
,2007,6.27726E+13
,2008,6.3456E+13
,2009,6.11835E+13
,2010,6.312E+13
,2011,6.46103E+13
,2012,6.56003E+13
,2013,6.66231E+13
,2014,6.80283E+13
,2015,6.94916E+13
,2016,7.07333E+13
,2017,7.25003E+13
,2018,7.42702E+13
,2019,7.57134E+13
,2020,7.27388E+13
,2021,7.70364E+13
,2022,7.93324E+13
,2023,8.07917E+13
,2024,8.2451E+13
HND,1990,22048820694
HND,1991,21316952332
HND,1992,22611677481
HND,1993,24080468333
HND,1994,24131495687
HND,1995,25625067450
HND,1996,26104455137
HND,1997,27304759667
HND,1998,28285064169
HND,1999,28076984787
HND,2000,30124158654
HND,2001,30944497716
HND,2002,32106258710
HND,2003,33566142510
HND,2004,35658086204
HND,2005,37815614090
HND,2006,40299057568
HND,2007,42792895096
HND,2008,44603719292
HND,2009,43519122818
HND,2010,45142882367
HND,2011,46874423691
HND,2012,48809722279
HND,2013,50172274844
HND,2014,51706583428
HND,2015,53692157582
HND,2016,55782378349
HND,2017,58483870910
HND,2018,60732572687
HND,2019,62287104477
HND,2020,56703014340
HND,2021,63827909343
HND,2022,66472658301
HND,2023,68849619261
HND,2024,71296514097
HKG,1990,1.80256E+11
HKG,1991,1.90534E+11
HKG,1992,2.02414E+11
HKG,1993,2.14965E+11
HKG,1994,2.27941E+11
HKG,1995,2.33351E+11
HKG,1996,2.43289E+11
HKG,1997,2.55696E+11
HKG,1998,2.40654E+11
HKG,1999,2.46686E+11
HKG,2000,2.65591E+11
HKG,2001,2.67081E+11
HKG,2002,2.71505E+11
HKG,2003,2.79803E+11
HKG,2004,3.04146E+11
HKG,2005,3.26617E+11
HKG,2006,3.49587E+11
HKG,2007,3.72187E+11
HKG,2008,3.80107E+11
HKG,2009,3.7076E+11
HKG,2010,3.95852E+11
HKG,2011,4.14911E+11
HKG,2012,4.21965E+11
HKG,2013,4.35053E+11
HKG,2014,4.47071E+11
HKG,2015,4.57746E+11
HKG,2016,4.67704E+11
HKG,2017,4.85458E+11
HKG,2018,4.99279E+11
HKG,2019,4.90929E+11
HKG,2020,4.58799E+11
HKG,2021,4.88412E+11
HKG,2022,4.7042E+11
HKG,2023,4.85541E+11
HKG,2024,4.9788E+11
HUN,1990,2.20935E+11
HUN,1991,1.94661E+11
HUN,1992,1.88696E+11
HUN,1993,1.87609E+11
HUN,1994,1.93138E+11
HUN,1995,1.96015E+11
HUN,1996,1.96214E+11
HUN,1997,2.02057E+11
HUN,1998,2.09832E+11
HUN,1999,2.16308E+11
HUN,2000,2.25845E+11
HUN,2001,2.35019E+11
HUN,2002,2.46136E+11
HUN,2003,2.55831E+11
HUN,2004,2.68528E+11
HUN,2005,2.80075E+11
HUN,2006,2.91093E+11
HUN,2007,2.92061E+11
HUN,2008,2.94962E+11
HUN,2009,2.75081E+11
HUN,2010,2.78019E+11
HUN,2011,2.83348E+11
HUN,2012,2.79552E+11
HUN,2013,2.85233E+11
HUN,2014,2.97596E+11
HUN,2015,3.08488E+11
HUN,2016,3.16011E+11
HUN,2017,3.29044E+11
HUN,2018,3.4749E+11
HUN,2019,3.65133E+11
HUN,2020,3.49291E+11
HUN,2021,3.7452E+11
HUN,2022,3.90513E+11
HUN,2023,3.87223E+11
HUN,2024,3.89207E+11
ISL,1990,10222792388
ISL,1991,10199941837
ISL,1992,9855806596
ISL,1993,9985257636
ISL,1994,10345611400
ISL,1995,10357672696
ISL,1996,10830720405
ISL,1997,11455827611
ISL,1998,12299365197
ISL,1999,12795635965
ISL,2000,13433503890
ISL,2001,13972657238
ISL,2002,14050836924
ISL,2003,14351902573
ISL,2004,15471695341
ISL,2005,16419249893
ISL,2006,17456452763
ISL,2007,18932371423
ISL,2008,19350681491
ISL,2009,17867682121
ISL,2010,17361530902
ISL,2011,17681986420
ISL,2012,17870058498
ISL,2013,18683585815
ISL,2014,18998818084
ISL,2015,19841731757
ISL,2016,21092492447
ISL,2017,21977311703
ISL,2018,23051820494
ISL,2019,23480855893
ISL,2020,21851178110
ISL,2021,22951036648
ISL,2022,25011803539
ISL,2023,26424085476
ISL,2024,26560661829
IND,1990,1.90566E+12
IND,1991,1.9258E+12
IND,1992,2.03138E+12
IND,1993,2.12789E+12
IND,1994,2.26958E+12
IND,1995,2.44149E+12
IND,1996,2.62581E+12
IND,1997,2.73215E+12
IND,1998,2.90112E+12
IND,1999,3.15775E+12
IND,2000,3.27903E+12
IND,2001,3.43721E+12
IND,2002,3.56796E+12
IND,2003,3.84842E+12
IND,2004,4.15333E+12
IND,2005,4.48241E+12
IND,2006,4.84373E+12
IND,2007,5.2148E+12
IND,2008,5.37576E+12
IND,2009,5.7984E+12
IND,2010,6.29112E+12
IND,2011,6.62086E+12
IND,2012,6.98212E+12
IND,2013,7.42801E+12
IND,2014,7.97844E+12
IND,2015,8.61642E+12
IND,2016,9.32781E+12
IND,2017,9.96168E+12
IND,2018,1.06046E+13
IND,2019,1.10151E+13
IND,2020,1.03787E+13
IND,2021,1.13844E+13
IND,2022,1.22506E+13
IND,2023,1.33766E+13
IND,2024,1.42439E+13
IDN,1990,8.94211E+11
IDN,1991,9.56018E+11
IDN,1992,1.01814E+12
IDN,1993,1.08428E+12
IDN,1994,1.16603E+12
IDN,1995,1.26188E+12
IDN,1996,1.36054E+12
IDN,1997,1.42448E+12
IDN,1998,1.23749E+12
IDN,1999,1.24728E+12
IDN,2000,1.30865E+12
IDN,2001,1.35633E+12
IDN,2002,1.41736E+12
IDN,2003,1.48511E+12
IDN,2004,1.55983E+12
IDN,2005,1.64862E+12
IDN,2006,1.73931E+12
IDN,2007,1.84967E+12
IDN,2008,1.9609E+12
IDN,2009,2.05167E+12
IDN,2010,2.17936E+12
IDN,2011,2.31383E+12
IDN,2012,2.45335E+12
IDN,2013,2.58969E+12
IDN,2014,2.71935E+12
IDN,2015,2.85195E+12
IDN,2016,2.99549E+12
IDN,2017,3.14736E+12
IDN,2018,3.31021E+12
IDN,2019,3.47636E+12
IDN,2020,3.40456E+12
IDN,2021,3.53062E+12
IDN,2022,3.718E+12
IDN,2023,3.90572E+12
IDN,2024,4.10219E+12
IRN,1990,5.2814E+11
IRN,1991,5.953E+11
IRN,1992,6.14932E+11
IRN,1993,6.05887E+11
IRN,1994,5.95597E+11
IRN,1995,6.09898E+11
IRN,1996,6.48629E+11
IRN,1997,6.57388E+11
IRN,1998,6.71062E+11
IRN,1999,6.84501E+11
IRN,2000,7.24514E+11
IRN,2001,7.41846E+11
IRN,2002,8.01778E+11
IRN,2003,8.71046E+11
IRN,2004,9.08821E+11
IRN,2005,9.3781E+11
IRN,2006,9.84699E+11
IRN,2007,1.06501E+12
IRN,2008,1.06768E+12
IRN,2009,1.07844E+12
IRN,2010,1.14096E+12
IRN,2011,1.17115E+12
IRN,2012,1.12726E+12
IRN,2013,1.11011E+12
IRN,2014,1.16544E+12
IRN,2015,1.14884E+12
IRN,2016,1.25011E+12
IRN,2017,1.28459E+12
IRN,2018,1.26098E+12
IRN,2019,1.22226E+12
IRN,2020,1.26297E+12
IRN,2021,1.32258E+12
IRN,2022,1.37253E+12
IRN,2023,1.44177E+12
IRN,2024,1.4856E+12
IRQ,1990,1.88736E+11
IRQ,1991,67856016582
IRQ,1992,89971792817
IRQ,1993,1.17224E+11
IRQ,1994,1.21743E+11
IRQ,1995,1.24324E+11
IRQ,1996,1.38025E+11
IRQ,1997,1.67339E+11
IRQ,1998,2.25909E+11
IRQ,1999,2.65624E+11
IRQ,2000,3.10238E+11
IRQ,2001,3.15719E+11
IRQ,2002,2.89818E+11
IRQ,2003,1.8358E+11
IRQ,2004,2.81586E+11
IRQ,2005,2.86303E+11
IRQ,2006,3.02445E+11
IRQ,2007,3.08157E+11
IRQ,2008,3.33513E+11
IRQ,2009,3.44783E+11
IRQ,2010,3.66858E+11
IRQ,2011,3.94543E+11
IRQ,2012,4.49528E+11
IRQ,2013,4.8382E+11
IRQ,2014,4.94772E+11
IRQ,2015,5.07669E+11
IRQ,2016,5.77663E+11
IRQ,2017,5.67151E+11
IRQ,2018,5.82089E+11
IRQ,2019,6.14185E+11
IRQ,2020,5.40256E+11
IRQ,2021,5.48372E+11
IRQ,2022,5.92017E+11
IRQ,2023,5.95082E+11
IRQ,2024,5.85887E+11
IRL,1990,1.03992E+11
IRL,1991,1.05999E+11
IRL,1992,1.09543E+11
IRL,1993,1.12492E+11
IRL,1994,1.18967E+11
IRL,1995,1.30429E+11
IRL,1996,1.40054E+11
IRL,1997,1.55491E+11
IRL,1998,1.69121E+11
IRL,1999,1.86929E+11
IRL,2000,2.04507E+11
IRL,2001,2.15358E+11
IRL,2002,2.28063E+11
IRL,2003,2.34936E+11
IRL,2004,2.50884E+11
IRL,2005,2.65284E+11
IRL,2006,2.78516E+11
IRL,2007,2.93306E+11
IRL,2008,2.80154E+11
IRL,2009,2.65878E+11
IRL,2010,2.70352E+11
IRL,2011,2.7481E+11
IRL,2012,2.73714E+11
IRL,2013,2.79714E+11
IRL,2014,3.05828E+11
IRL,2015,3.81109E+11
IRL,2016,3.85769E+11
IRL,2017,4.24537E+11
IRL,2018,4.56566E+11
IRL,2019,4.79579E+11
IRL,2020,5.13907E+11
IRL,2021,5.97446E+11
IRL,2022,6.48943E+11
IRL,2023,6.13056E+11
IRL,2024,6.20544E+11
ISR,1990,1.18062E+11
ISR,1991,1.27184E+11
ISR,1992,1.37053E+11
ISR,1993,1.42695E+11
ISR,1994,1.53294E+11
ISR,1995,1.63416E+11
ISR,1996,1.72958E+11
ISR,1997,1.79206E+11
ISR,1998,1.86575E+11
ISR,1999,1.92727E+11
ISR,2000,2.09267E+11
ISR,2001,2.09848E+11
ISR,2002,2.09567E+11
ISR,2003,2.12604E+11
ISR,2004,2.22485E+11
ISR,2005,2.32248E+11
ISR,2006,2.45257E+11
ISR,2007,2.60766E+11
ISR,2008,2.69168E+11
ISR,2009,2.725E+11
ISR,2010,2.87581E+11
ISR,2011,3.03452E+11
ISR,2012,3.10878E+11
ISR,2013,3.23579E+11
ISR,2014,3.35797E+11
ISR,2015,3.43311E+11
ISR,2016,3.58622E+11
ISR,2017,3.74211E+11
ISR,2018,3.89194E+11
ISR,2019,4.03635E+11
ISR,2020,3.95475E+11
ISR,2021,4.32603E+11
ISR,2022,4.59698E+11
ISR,2023,4.68095E+11
ISR,2024,4.72177E+11
ITA,1990,2.41946E+12
ITA,1991,2.45668E+12
ITA,1992,2.47718E+12
ITA,1993,2.45605E+12
ITA,1994,2.50888E+12
ITA,1995,2.58131E+12
ITA,1996,2.61604E+12
ITA,1997,2.66642E+12
ITA,1998,2.71453E+12
ITA,1999,2.76008E+12
ITA,2000,2.86723E+12
ITA,2001,2.92476E+12
ITA,2002,2.93265E+12
ITA,2003,2.93461E+12
ITA,2004,2.97786E+12
ITA,2005,3.00057E+12
ITA,2006,3.05456E+12
ITA,2007,3.09923E+12
ITA,2008,3.06752E+12
ITA,2009,2.90478E+12
ITA,2010,2.9492E+12
ITA,2011,2.96971E+12
ITA,2012,2.8769E+12
ITA,2013,2.8246E+12
ITA,2014,2.82456E+12
ITA,2015,2.84957E+12
ITA,2016,2.8848E+12
ITA,2017,2.93106E+12
ITA,2018,2.95529E+12
ITA,2019,2.96798E+12
ITA,2020,2.70477E+12
ITA,2021,2.94633E+12
ITA,2022,3.08838E+12
ITA,2023,3.11047E+12
ITA,2024,3.13305E+12
JAM,1990,20805277769
JAM,1991,21811886781
JAM,1992,22238427497
JAM,1993,24332643024
JAM,1994,24669258326
JAM,1995,25248975300
JAM,1996,25220259335
JAM,1997,24932632398
JAM,1998,24350566745
JAM,1999,24605681270
JAM,2000,24821892264
JAM,2001,25155729232
JAM,2002,25658162334
JAM,2003,26598872053
JAM,2004,26950967999
JAM,2005,27191855195
JAM,2006,27980181162
JAM,2007,28380844495
JAM,2008,28150466764
JAM,2009,26927244008
JAM,2010,26534874424
JAM,2011,26994027593
JAM,2012,26828382511
JAM,2013,26967269295
JAM,2014,27153295548
JAM,2015,27403509671
JAM,2016,27780369056
JAM,2017,28057373523
JAM,2018,28587636469
JAM,2019,28842721563
JAM,2020,25981430581
JAM,2021,27176946493
JAM,2022,28595996149
JAM,2023,29340825496
JAM,2024,29129921615
JPN,1990,4.35537E+12
JPN,1991,4.50882E+12
JPN,1992,4.54943E+12
JPN,1993,4.52854E+12
JPN,1994,4.5776E+12
JPN,1995,4.69803E+12
JPN,1996,4.84527E+12
JPN,1997,4.89281E+12
JPN,1998,4.83065E+12
JPN,1999,4.81452E+12
JPN,2000,4.94763E+12
JPN,2001,4.96673E+12
JPN,2002,4.96881E+12
JPN,2003,5.04509E+12
JPN,2004,5.15538E+12
JPN,2005,5.24838E+12
JPN,2006,5.32041E+12
JPN,2007,5.39936E+12
JPN,2008,5.33326E+12
JPN,2009,5.02962E+12
JPN,2010,5.23573E+12
JPN,2011,5.23698E+12
JPN,2012,5.30897E+12
JPN,2013,5.41542E+12
JPN,2014,5.43146E+12
JPN,2015,5.51623E+12
JPN,2016,5.55781E+12
JPN,2017,5.65092E+12
JPN,2018,5.68728E+12
JPN,2019,5.66441E+12
JPN,2020,5.42827E+12
JPN,2021,5.57465E+12
JPN,2022,5.62716E+12
JPN,2023,5.71017E+12
JPN,2024,5.71495E+12
JOR,1990,27489630060
JOR,1991,27931809302
JOR,1992,31939961386
JOR,1993,33373104189
JOR,1994,35032240288
JOR,1995,37204545523
JOR,1996,37981012120
JOR,1997,39237604556
JOR,1998,40419508965
JOR,1999,41789540668
JOR,2000,43563804178
JOR,2001,45859598176
JOR,2002,48512029251
JOR,2003,50530938632
JOR,2004,54860032404
JOR,2005,59329256957
JOR,2006,64130759055
JOR,2007,69374198907
JOR,2008,74383284111
JOR,2009,78120084647
JOR,2010,79928435100
JOR,2011,82116220149
JOR,2012,84111117113
JOR,2013,86306373007
JOR,2014,89227048074
JOR,2015,91454627021
JOR,2016,93278397679
JOR,2017,95585730402
JOR,2018,97420088352
JOR,2019,99126148666
JOR,2020,98033033195
JOR,2021,1.01617E+11
JOR,2022,1.04307E+11
JOR,2023,1.07315E+11
JOR,2024,1.09986E+11
KAZ,1990,2.88835E+11
KAZ,1991,2.57063E+11
KAZ,1992,2.43439E+11
KAZ,1993,2.21042E+11
KAZ,1994,1.93191E+11
KAZ,1995,1.77349E+11
KAZ,1996,1.78236E+11
KAZ,1997,1.81266E+11
KAZ,1998,1.77822E+11
KAZ,1999,1.82623E+11
KAZ,2000,2.0052E+11
KAZ,2001,2.2759E+11
KAZ,2002,2.49894E+11
KAZ,2003,2.73134E+11
KAZ,2004,2.99355E+11
KAZ,2005,3.28393E+11
KAZ,2006,3.63531E+11
KAZ,2007,3.95885E+11
KAZ,2008,4.08949E+11
KAZ,2009,4.13857E+11
KAZ,2010,4.44068E+11
KAZ,2011,4.76929E+11
KAZ,2012,4.99822E+11
KAZ,2013,5.29811E+11
KAZ,2014,5.52063E+11
KAZ,2015,5.58688E+11
KAZ,2016,5.64834E+11
KAZ,2017,5.87992E+11
KAZ,2018,6.12099E+11
KAZ,2019,6.39644E+11
KAZ,2020,6.23653E+11
KAZ,2021,6.5047E+11
KAZ,2022,6.71285E+11
KAZ,2023,7.0552E+11
KAZ,2024,7.39385E+11
KEN,1990,95633729813
KEN,1991,97009274497
KEN,1992,96233691208
KEN,1993,96573585965
KEN,1994,99116160385
KEN,1995,1.03483E+11
KEN,1996,1.07775E+11
KEN,1997,1.08287E+11
KEN,1998,1.11849E+11
KEN,1999,1.14428E+11
KEN,2000,1.15114E+11
KEN,2001,1.19465E+11
KEN,2002,1.20119E+11
KEN,2003,1.23641E+11
KEN,2004,1.29952E+11
KEN,2005,1.37628E+11
KEN,2006,1.46536E+11
KEN,2007,1.56575E+11
KEN,2008,1.56938E+11
KEN,2009,1.62128E+11
KEN,2010,1.75193E+11
KEN,2011,1.84165E+11
KEN,2012,1.92579E+11
KEN,2013,1.99893E+11
KEN,2014,2.09928E+11
KEN,2015,2.20356E+11
KEN,2016,2.29641E+11
KEN,2017,2.38455E+11
KEN,2018,2.51923E+11
KEN,2019,2.64806E+11
KEN,2020,2.64084E+11
KEN,2021,2.84129E+11
KEN,2022,2.97938E+11
KEN,2023,3.14491E+11
KEN,2024,3.28632E+11
KIR,1990,165694553
KIR,1991,156334991
KIR,1992,193791656
KIR,1993,193590123
KIR,1994,197549538
KIR,1995,202986513
KIR,1996,202880865
KIR,1997,205269043
KIR,1998,214387656
KIR,1999,205996026
KIR,2000,219885648
KIR,2001,212972160
KIR,2002,216054197
KIR,2003,212650334
KIR,2004,211355363
KIR,2005,214086983
KIR,2006,226454648
KIR,2007,233373019
KIR,2008,226407461
KIR,2009,227622819
KIR,2010,230413366
KIR,2011,237933429
KIR,2012,251742276
KIR,2013,271204275
KIR,2014,274631382
KIR,2015,305569489
KIR,2016,327228360
KIR,2017,339496537
KIR,2018,351309114
KIR,2019,362776854
KIR,2020,357451046
KIR,2021,387761958
KIR,2022,405468433
KIR,2023,416221499
KIR,2024,438143467
OWID_KOS,2008,12783215864
OWID_KOS,2009,13426832137
OWID_KOS,2010,14090111060
OWID_KOS,2011,14980579340
OWID_KOS,2012,15237076214
OWID_KOS,2013,16050857846
OWID_KOS,2014,16588369741
OWID_KOS,2015,17569776062
OWID_KOS,2016,18548724460
OWID_KOS,2017,19443822031
OWID_KOS,2018,20106201546
OWID_KOS,2019,21062613456
OWID_KOS,2020,19937811875
OWID_KOS,2021,22080260569
OWID_KOS,2022,23024964288
OWID_KOS,2023,23961533955
OWID_KOS,2024,25018893738
KWT,1990,65594963015
KWT,1991,38695917893
KWT,1992,70739747860
KWT,1993,94784518906
KWT,1994,1.02781E+11
KWT,1995,1.07774E+11
KWT,1996,1.08426E+11
KWT,1997,1.11108E+11
KWT,1998,1.15177E+11
KWT,1999,1.13116E+11
KWT,2000,1.18427E+11
KWT,2001,1.18679E+11
KWT,2002,1.22257E+11
KWT,2003,1.43439E+11
KWT,2004,1.58127E+11
KWT,2005,1.74903E+11
KWT,2006,1.88047E+11
KWT,2007,1.99314E+11
KWT,2008,2.04256E+11
KWT,2009,1.89803E+11
KWT,2010,1.85304E+11
KWT,2011,2.03146E+11
KWT,2012,2.16606E+11
KWT,2013,2.19096E+11
KWT,2014,2.20193E+11
KWT,2015,2.21498E+11
KWT,2016,2.2798E+11
KWT,2017,2.17237E+11
KWT,2018,2.23196E+11
KWT,2019,2.28249E+11
KWT,2020,2.17253E+11
KWT,2021,2.20886E+11
KWT,2022,2.35815E+11
KWT,2023,2.31884E+11
KWT,2024,2.25947E+11
KGZ,1990,26767574229
KGZ,1991,24641178145
KGZ,1992,21231371881
KGZ,1993,17949144416
KGZ,1994,14344030249
KGZ,1995,13566035592
KGZ,1996,14527121709
KGZ,1997,15967522710
KGZ,1998,16306327241
KGZ,1999,16902452223
KGZ,2000,17822509597
KGZ,2001,18770956084
KGZ,2002,18767704089
KGZ,2003,20087128712
KGZ,2004,21498613569
KGZ,2005,21460880190
KGZ,2006,22126789572
KGZ,2007,24017053497
KGZ,2008,26034874118
KGZ,2009,26786317277
KGZ,2010,26660001952
KGZ,2011,28247944796
KGZ,2012,28223044176
KGZ,2013,31303721942
KGZ,2014,32563395806
KGZ,2015,33825496186
KGZ,2016,35292120966
KGZ,2017,36964945345
KGZ,2018,38354054772
KGZ,2019,40118581257
KGZ,2020,37250512878
KGZ,2021,39301901464
KGZ,2022,42826301521
KGZ,2023,46686361487
KGZ,2024,50906871854
LAO,1990,8647627883
LAO,1991,9019178718
LAO,1992,9520632227
LAO,1993,10083544991
LAO,1994,10906263296
LAO,1995,11673110406
LAO,1996,12481861284
LAO,1997,13339626184
LAO,1998,13868890271
LAO,1999,14882203552
LAO,2000,15745190141
LAO,2001,16650761035
LAO,2002,17636276902
LAO,2003,18706270228
LAO,2004,19895557925
LAO,2005,21309648307
LAO,2006,23146383622
LAO,2007,24904774760
LAO,2008,26853549168
LAO,2009,28868041983
LAO,2010,31329592647
LAO,2011,33848069786
LAO,2012,36564749186
LAO,2013,39499545733
LAO,2014,42506236713
LAO,2015,45596468110
LAO,2016,48798633403
LAO,2017,52162094276
LAO,2018,55421161065
LAO,2019,58445901221
LAO,2020,58739902707
LAO,2021,60225053628
LAO,2022,61855602705
LAO,2023,64172516512
LAO,2024,66905147346
,1990,5.49001E+12
,1991,5.6689E+12
,1992,5.83205E+12
,1993,6.1064E+12
,1994,6.42917E+12
,1995,6.48434E+12
,1996,6.73523E+12
,1997,7.10082E+12
,1998,7.31353E+12
,1999,7.3525E+12
,2000,7.61561E+12
,2001,7.6457E+12
,2002,7.68491E+12
,2003,7.87647E+12
,2004,8.29993E+12
,2005,8.62534E+12
,2006,9.06873E+12
,2007,9.54307E+12
,2008,9.89533E+12
,2009,9.67077E+12
,2010,1.0297E+13
,2011,1.07636E+13
,2012,1.10477E+13
,2013,1.13639E+13
,2014,1.15307E+13
,2015,1.15874E+13
,2016,1.15638E+13
,2017,1.17894E+13
,2018,1.19856E+13
,2019,1.20764E+13
,2020,1.12823E+13
,2021,1.21113E+13
,2022,1.2602E+13
,2023,1.2891E+13
,2024,1.3181E+13
LVA,1990,46628541794
LVA,1991,40755573537
LVA,1992,27665465932
LVA,1993,26286901341
LVA,1994,26862561292
LVA,1995,26608774388
LVA,1996,27220765831
LVA,1997,29717311929
LVA,1998,31663796647
LVA,1999,32556210536
LVA,2000,34457827396
LVA,2001,36684002304
LVA,2002,39496010020
LVA,2003,42825181065
LVA,2004,46561739531
LVA,2005,51970033577
LVA,2006,58635199659
LVA,2007,64741784386
LVA,2008,62547868753
LVA,2009,52515178389
LVA,2010,50592461906
LVA,2011,52128623506
LVA,2012,55936744860
LVA,2013,57109229533
LVA,2014,58305644917
LVA,2015,60511561516
LVA,2016,62055626572
LVA,2017,64164865501
LVA,2018,66930186963
LVA,2019,67382215222
LVA,2020,65044572876
LVA,2021,69560319491
LVA,2022,70817115853
LVA,2023,72838390722
LVA,2024,72516087306
LBN,1990,19218051453
LBN,1991,28720874228
LBN,1992,33442110823
LBN,1993,37042378047
LBN,1994,40044752422
LBN,1995,42627183473
LBN,1996,47438059997
LBN,1997,47938515718
LBN,1998,49695809290
LBN,1999,49434615753
LBN,2000,50097964832
LBN,2001,52021560996
LBN,2002,53802336972
LBN,2003,55538591257
LBN,2004,59248260701
LBN,2005,60839538228
LBN,2006,61782255999
LBN,2007,67534568644
LBN,2008,73659365299
LBN,2009,81196306155
LBN,2010,87671821639
LBN,2011,88432234310
LBN,2012,90700336595
LBN,2013,94172230742
LBN,2014,96511525556
LBN,2015,96957718406
LBN,2016,98464974044
LBN,2017,99354140787
LBN,2018,97481607576
LBN,2019,90740827788
LBN,2020,71322381662
LBN,2021,66328931529
LBN,2022,65916578510
LBN,2023,65415227251
LSO,1990,2573660195
LSO,1991,2752956994
LSO,1992,2944462730
LSO,1993,3047806486
LSO,1994,3230061460
LSO,1995,3336360784
LSO,1996,3523098100
LSO,1997,3653579682
LSO,1998,3709759166
LSO,1999,3727418549
LSO,2000,3871876398
LSO,2001,4009776444
LSO,2002,4038800653
LSO,2003,4222960962
LSO,2004,4294429263
LSO,2005,4443279430
LSO,2006,4631234382
LSO,2007,4825186499
LSO,2008,5091701799
LSO,2009,5027864191
LSO,2010,5292816081
LSO,2011,5537154381
LSO,2012,5887882377
LSO,2013,5993424173
LSO,2014,6095944684
LSO,2015,6286386067
LSO,2016,6513255914
LSO,2017,6308858549
LSO,2018,6215447498
LSO,2019,6127312836
LSO,2020,5627571725
LSO,2021,5755132494
LSO,2022,5892552408
LSO,2023,6000187259
LSO,2024,6165926723
LBR,1990,4150264277
LBR,1991,3559880300
LBR,1992,2310872163
LBR,1993,1548852933
LBR,1994,1211786194
LBR,1995,1160088911
LBR,1996,1300705650
LBR,1997,2683093203
LBR,1998,3493605416
LBR,1999,4253165779
LBR,2000,5470248902
LBR,2001,5629995200
LBR,2002,5841852911
LBR,2003,4080818597
LBR,2004,4187729797
LBR,2005,4408892704
LBR,2006,4763540064
LBR,2007,5217756726
LBR,2008,5590601506
LBR,2009,5886933603
LBR,2010,6246026265
LBR,2011,6758248402
LBR,2012,7298490239
LBR,2013,7932531092
LBR,2014,7988169318
LBR,2015,7986686317
LBR,2016,7862496650
LBR,2017,8055533202
LBR,2018,8148782050
LBR,2019,7947727343
LBR,2020,7710687069
LBR,2021,8095196890
LBR,2022,8484422471
LBR,2023,8881812193
LBR,2024,9307509886
LBY,1990,80555801699
LBY,1991,93166918529
LBY,1992,90639976347
LBY,1993,87229019426
LBY,1994,88916714929
LBY,1995,86942402005
LBY,1996,88797859977
LBY,1997,93426600292
LBY,1998,90107858790
LBY,1999,90783360696
LBY,2000,94123526021
LBY,2001,92464279918
LBY,2002,91577642404
LBY,2003,1.03497E+11
LBY,2004,1.08115E+11
LBY,2005,1.20949E+11
LBY,2006,1.28812E+11
LBY,2007,1.36836E+11
LBY,2008,1.36615E+11
LBY,2009,1.30603E+11
LBY,2010,1.37169E+11
LBY,2011,68120248021
LBY,2012,1.27267E+11
LBY,2013,1.04361E+11
LBY,2014,80313610359
LBY,2015,79636842700
LBY,2016,78449504267
LBY,2017,1.03939E+11
LBY,2018,1.12193E+11
LBY,2019,99632092392
LBY,2020,70285163941
LBY,2021,90199384483
LBY,2022,82756464976
LBY,2023,91161061089
LBY,2024,90608777729
LTU,1990,76124535262
LTU,1991,71803963182
LTU,1992,56539179786
LTU,1993,47364644892
LTU,1994,42738989025
LTU,1995,44145136034
LTU,1996,46364287199
LTU,1997,50212815304
LTU,1998,53960166151
LTU,1999,53368218715
LTU,2000,55192676416
LTU,2001,58771439457
LTU,2002,62720785832
LTU,2003,69339017900
LTU,2004,73847465363
LTU,2005,79556942829
LTU,2006,85440561599
LTU,2007,94905605716
LTU,2008,97372640442
LTU,2009,82923892337
LTU,2010,83278142846
LTU,2011,88544350007
LTU,2012,92425165498
LTU,2013,96165531707
LTU,2014,99793418507
LTU,2015,1.0262E+11
LTU,2016,1.05362E+11
LTU,2017,1.10222E+11
LTU,2018,1.15643E+11
LTU,2019,1.21052E+11
LTU,2020,1.21104E+11
LTU,2021,1.2883E+11
LTU,2022,1.32099E+11
LTU,2023,1.32552E+11
LTU,2024,1.36227E+11
,1990,4.98315E+11
,1991,5.09056E+11
,1992,5.13698E+11
,1993,5.14202E+11
,1994,5.19196E+11
,1995,5.45052E+11
,1996,5.76911E+11
,1997,6.15452E+11
,1998,6.45045E+11
,1999,6.53614E+11
,2000,6.6695E+11
,2001,6.89415E+11
,2002,7.29231E+11
,2003,7.76711E+11
,2004,8.23992E+11
,2005,8.77574E+11
,2006,9.29275E+11
,2007,9.87261E+11
,2008,1.03938E+12
,2009,1.08E+12
,2010,1.1488E+12
,2011,1.18167E+12
,2012,1.11679E+12
,2013,1.10412E+12
,2014,1.13559E+12
,2015,1.16907E+12
,2016,1.19757E+12
,2017,1.23064E+12
,2018,1.26837E+12
,2019,1.31159E+12
,2020,1.30202E+12
,2021,1.31096E+12
,2022,1.35547E+12
,2023,1.34995E+12
,2024,1.39168E+12
,1990,4.96461E+12
,1991,5.06189E+12
,1992,5.26249E+12
,1993,5.40367E+12
,1994,5.63804E+12
,1995,5.95061E+12
,1996,6.33303E+12
,1997,6.59197E+12
,1998,6.90931E+12
,1999,7.31677E+12
,2000,7.63353E+12
,2001,7.97091E+12
,2002,8.31064E+12
,2003,8.81996E+12
,2004,9.44599E+12
,2005,1.00943E+13
,2006,1.08172E+13
,2007,1.15744E+13
,2008,1.20908E+13
,2009,1.28276E+13
,2010,1.37176E+13
,2011,1.43749E+13
,2012,1.51206E+13
,2013,1.59805E+13
,2014,1.69762E+13
,2015,1.8037E+13
,2016,1.91487E+13
,2017,2.02465E+13
,2018,2.14025E+13
,2019,2.23051E+13
,2020,2.1516E+13
,2021,2.30059E+13
,2022,2.44769E+13
,2023,2.60405E+13
,2024,2.7429E+13
LUX,1990,31101901073
LUX,1991,33790408718
LUX,1992,34405276895
LUX,1993,35850521111
LUX,1994,37220341447
LUX,1995,37753411251
LUX,1996,38281232443
LUX,1997,40356010485
LUX,1998,43049577614
LUX,1999,46568958869
LUX,2000,49799973664
LUX,2001,51331001898
LUX,2002,52986641182
LUX,2003,54374561929
LUX,2004,56675633191
LUX,2005,58082818310
LUX,2006,61577496185
LUX,2007,66564452690
LUX,2008,66364642428
LUX,2009,64215122127
LUX,2010,66629876918
LUX,2011,67325691759
LUX,2012,68436499780
LUX,2013,70607161767
LUX,2014,72459248902
LUX,2015,74103917509
LUX,2016,77792951405
LUX,2017,78817630155
LUX,2018,80087615172
LUX,2019,82289479425
LUX,2020,81869760591
LUX,2021,87543117438
LUX,2022,86584473456
LUX,2023,85983895211
LUX,2024,86870919445
MAC,1990,18503630764
MAC,1991,19180755194
MAC,1992,21731643041
MAC,1993,22858640454
MAC,1994,23830921688
MAC,1995,24616270279
MAC,1996,24513254767
MAC,1997,24444770673
MAC,1998,23327418906
MAC,1999,22777231192
MAC,2000,24086145511
MAC,2001,24781789584
MAC,2002,26990064044
MAC,2003,30131844236
MAC,2004,38156251017
MAC,2005,41237456544
MAC,2006,46759396628
MAC,2007,53528518889
MAC,2008,55343829683
MAC,2009,56049119404
MAC,2010,70130220947
MAC,2011,85289898755
MAC,2012,93172514524
MAC,2013,1.03191E+11
MAC,2014,1.01078E+11
MAC,2015,79331396682
MAC,2016,78792590831
MAC,2017,86561580876
MAC,2018,92106091774
MAC,2019,89745030264
MAC,2020,40981075243
MAC,2021,50626336573
MAC,2022,40698843607
MAC,2023,71248151452
MAC,2024,77523802405
MDG,1990,23728781480
MDG,1991,22232361091
MDG,1992,22494899697
MDG,1993,22967275310
MDG,1994,22957605788
MDG,1995,23342970396
MDG,1996,23845825708
MDG,1997,24726569520
MDG,1998,25695127696
MDG,1999,26902600084
MDG,2000,28101611020
MDG,2001,29782153615
MDG,2002,26086792599
MDG,2003,28639357114
MDG,2004,30144929155
MDG,2005,31578575290
MDG,2006,33283347345
MDG,2007,35184014262
MDG,2008,37545787852
MDG,2009,36051950358
MDG,2010,36275198363
MDG,2011,36847775908
MDG,2012,37957317018
MDG,2013,38830478115
MDG,2014,40127106649
MDG,2015,41384007238
MDG,2016,43036531093
MDG,2017,44729290239
MDG,2018,46158103237
MDG,2019,48194244317
MDG,2020,44754297418
MDG,2021,46835678113
MDG,2022,48782214693
MDG,2023,50832553694
MDG,2024,52967520949
MWI,1990,9998939789
MWI,1991,10871870406
MWI,1992,10074638504
MWI,1993,11051056409
MWI,1994,9919408151
MWI,1995,11578807819
MWI,1996,12425992341
MWI,1997,12897238047
MWI,1998,13399618164
MWI,1999,13807271818
MWI,2000,14024885140
MWI,2001,13327152206
MWI,2002,13553713798
MWI,2003,14327039833
MWI,2004,15103636676
MWI,2005,15597333179
MWI,2006,16330407801
MWI,2007,17898126930
MWI,2008,19265496648
MWI,2009,20869948373
MWI,2010,22304562368
MWI,2011,23404772824
MWI,2012,23849463508
MWI,2013,25139802956
MWI,2014,26553984750
MWI,2015,27297496323
MWI,2016,27979933731
MWI,2017,29099131081
MWI,2018,30365980584
MWI,2019,32101950612
MWI,2020,32356710546
MWI,2021,33831623933
MWI,2022,34143252119
MWI,2023,34789398821
MWI,2024,35424948953
MYS,1990,2.14242E+11
MYS,1991,2.34693E+11
MYS,1992,2.55545E+11
MYS,1993,2.80832E+11
MYS,1994,3.06702E+11
MYS,1995,3.36848E+11
MYS,1996,3.70542E+11
MYS,1997,3.97676E+11
MYS,1998,3.68409E+11
MYS,1999,3.9102E+11
MYS,2000,4.2566E+11
MYS,2001,4.27864E+11
MYS,2002,4.5093E+11
MYS,2003,4.77032E+11
MYS,2004,5.09391E+11
MYS,2005,5.36553E+11
MYS,2006,5.66518E+11
MYS,2007,6.02202E+11
MYS,2008,6.31299E+11
MYS,2009,6.21744E+11
MYS,2010,6.67908E+11
MYS,2011,7.03266E+11
MYS,2012,7.41759E+11
MYS,2013,7.76576E+11
MYS,2014,8.23222E+11
MYS,2015,8.65137E+11
MYS,2016,9.03634E+11
MYS,2017,9.56159E+11
MYS,2018,1.00247E+12
MYS,2019,1.04671E+12
MYS,2020,9.8959E+11
MYS,2021,1.0224E+12
MYS,2022,1.113E+12
MYS,2023,1.15257E+12
MYS,2024,1.21152E+12
MDV,1990,2010676976
MDV,1991,2039684933
MDV,1992,2175748752
MDV,1993,2296650083
MDV,1994,2474628666
MDV,1995,2795978613
MDV,1996,3015704708
MDV,1997,3268961801
MDV,1998,3513960130
MDV,1999,3730970214
MDV,2000,3874456248
MDV,2001,3721661863
MDV,2002,3992166628
MDV,2003,4541091522
MDV,2004,4810146317
MDV,2005,4272501363
MDV,2006,5282105060
MDV,2007,5658897698
MDV,2008,6166866082
MDV,2009,5652506359
MDV,2010,6036055364
MDV,2011,6569849450
MDV,2012,6726822083
MDV,2013,7196015385
MDV,2014,7761671586
MDV,2015,8061903547
MDV,2016,8575872716
MDV,2017,9182566718
MDV,2018,9969416783
MDV,2019,10659605469
MDV,2020,7151654162
MDV,2021,9834087308
MDV,2022,11193757024
MDV,2023,11722817855
MDV,2024,12324662896
MLI,1990,14832247219
MLI,1991,16574324883
MLI,1992,16040853305
MLI,1993,16549696148
MLI,1994,17175263748
MLI,1995,17333451774
MLI,1996,18556462935
MLI,1997,19452559047
MLI,1998,20925442165
MLI,1999,22118389832
MLI,2000,22104934116
MLI,2001,25503841718
MLI,2002,26296069658
MLI,2003,28694019293
MLI,2004,29141645610
MLI,2005,31328634210
MLI,2006,33413323336
MLI,2007,34708099026
MLI,2008,36977090309
MLI,2009,38690427430
MLI,2010,41368471213
MLI,2011,43031126024
MLI,2012,42785595329
MLI,2013,43804802100
MLI,2014,47135077376
MLI,2015,49951264433
MLI,2016,52950869374
MLI,2017,55797268613
MLI,2018,58513395953
MLI,2019,61439065234
MLI,2020,60720796476
MLI,2021,62603712698
MLI,2022,64800027976
MLI,2023,67856749650
MLI,2024,71252671858
MLT,1990,6442547357
MLT,1991,6845624886
MLT,1992,7166748507
MLT,1993,7487872528
MLT,1994,7911019999
MLT,1995,8412775856
MLT,1996,8730554639
MLT,1997,9189518230
MLT,1998,9660536265
MLT,1999,10116511254
MLT,2000,12107569073
MLT,2001,12015954412
MLT,2002,12345326159
MLT,2003,12801394766
MLT,2004,12853516893
MLT,2005,13223784462
MLT,2006,13532708297
MLT,2007,14214305337
MLT,2008,14841174145
MLT,2009,14634088926
MLT,2010,15541013929
MLT,2011,15695175142
MLT,2012,16339083876
MLT,2013,17367092588
MLT,2014,18692397892
MLT,2015,20490811730
MLT,2016,21326369514
MLT,2017,24092851619
MLT,2018,25824909981
MLT,2019,26879781635
MLT,2020,25977066496
MLT,2021,29431961612
MLT,2022,30688505803
MLT,2023,32774192747
MLT,2024,34730576722
MHL,1990,174302390
MHL,1991,174455427
MHL,1992,186913081
MHL,1993,198139548
MHL,1994,209785591
MHL,1995,227015899
MHL,1996,203626549
MHL,1997,190501442
MHL,1998,189217279
MHL,1999,186691755
MHL,2000,191273974
MHL,2001,204529345
MHL,2002,211965603
MHL,2003,208655389
MHL,2004,207803334
MHL,2005,211525184
MHL,2006,211897369
MHL,2007,219713256
MHL,2008,203088989
MHL,2009,210532691
MHL,2010,222194490
MHL,2011,221077935
MHL,2012,218224516
MHL,2013,226536649
MHL,2014,223683230
MHL,2015,227901328
MHL,2016,233608165
MHL,2017,241920299
MHL,2018,255194900
MHL,2019,281868164
MHL,2020,274052277
MHL,2021,277401943
MHL,2022,274300400
MHL,2023,263507033
MHL,2024,270808729
MRT,1990,10773605994
MRT,1991,10966247470
MRT,1992,11171768736
MRT,1993,11827957925
MRT,1994,11465935812
MRT,1995,12591867823
MRT,1996,13324566781
MRT,1997,12785628488
MRT,1998,13140788290
MRT,1999,13623472876
MRT,2000,13089701686
MRT,2001,12985050329
MRT,2002,13164436717
MRT,2003,14076504380
MRT,2004,14742711250
MRT,2005,16005614255
MRT,2006,18939955318
MRT,2007,18566947529
MRT,2008,18505476223
MRT,2009,18523588628
MRT,2010,19008949158
MRT,2011,19802151410
MRT,2012,20687310190
MRT,2013,21546001790
MRT,2014,22467055292
MRT,2015,23674960402
MRT,2016,23973480163
MRT,2017,25476748185
MRT,2018,26692542851
MRT,2019,27530956928
MRT,2020,27431664499
MRT,2021,27635403694
MRT,2022,29513507139
MRT,2023,31434006298
MRT,2024,33068574625
MUS,1990,9477452905
MUS,1991,9897820235
MUS,1992,10542435434
MUS,1993,11078208639
MUS,1994,11536419175
MUS,1995,12031070439
MUS,1996,12703347878
MUS,1997,13425847920
MUS,1998,14241057374
MUS,1999,14612881747
MUS,2000,15811546006
MUS,2001,16340843948
MUS,2002,16604735286
MUS,2003,17588639824
MUS,2004,18350231420
MUS,2005,18676414678
MUS,2006,19585123966
MUS,2007,20706767180
MUS,2008,21822232972
MUS,2009,22545656797
MUS,2010,23532526014
MUS,2011,24492073720
MUS,2012,25348345607
MUS,2013,26200152959
MUS,2014,27202824905
MUS,2015,28206760638
MUS,2016,29296237816
MUS,2017,30449918917
MUS,2018,31669968172
MUS,2019,32585637210
MUS,2020,27845555062
MUS,2021,28793361692
MUS,2022,31296387845
MUS,2023,32863652679
MUS,2024,34406240719
MEX,1990,1.42199E+12
MEX,1991,1.47853E+12
MEX,1992,1.53129E+12
MEX,1993,1.57519E+12
MEX,1994,1.64441E+12
MEX,1995,1.54722E+12
MEX,1996,1.64343E+12
MEX,1997,1.76174E+12
MEX,1998,1.8707E+12
MEX,1999,1.92224E+12
MEX,2000,2.01891E+12
MEX,2001,2.00981E+12
MEX,2002,2.00506E+12
MEX,2003,2.02883E+12
MEX,2004,2.10116E+12
MEX,2005,2.14557E+12
MEX,2006,2.24866E+12
MEX,2007,2.29539E+12
MEX,2008,2.31704E+12
MEX,2009,2.17118E+12
MEX,2010,2.27911E+12
MEX,2011,2.35761E+12
MEX,2012,2.44138E+12
MEX,2013,2.46218E+12
MEX,2014,2.52383E+12
MEX,2015,2.59203E+12
MEX,2016,2.63797E+12
MEX,2017,2.68735E+12
MEX,2018,2.74034E+12
MEX,2019,2.72958E+12
MEX,2020,2.50155E+12
MEX,2021,2.65286E+12
MEX,2022,2.75131E+12
MEX,2023,2.84197E+12
MEX,2024,2.8833E+12
FSM,1990,316480756
FSM,1991,339986861
FSM,1992,353613589
FSM,1993,382400052
FSM,1994,380356043
FSM,1995,407035984
FSM,1996,394082587
FSM,1997,370197488
FSM,1998,380750026
FSM,1999,385983200
FSM,2000,404641257
FSM,2001,413412271
FSM,2002,415673626
FSM,2003,422208494
FSM,2004,409203826
FSM,2005,417559224
FSM,2006,417220771
FSM,2007,409559824
FSM,2008,399695606
FSM,2009,404064676
FSM,2010,413194073
FSM,2011,426369074
FSM,2012,418409532
FSM,2013,403013033
FSM,2014,393720456
FSM,2015,411917759
FSM,2016,413911860
FSM,2017,417318542
FSM,2018,417318542
FSM,2019,434351952
FSM,2020,427085443
FSM,2021,440323830
FSM,2022,427528611
FSM,2023,429589930
FSM,2024,432679041
,1990,3.48585E+12
,1991,3.53888E+12
,1992,3.75379E+12
,1993,3.83945E+12
,1994,3.94105E+12
,1995,4.06228E+12
,1996,4.27478E+12
,1997,4.44129E+12
,1998,4.64591E+12
,1999,4.78624E+12
,2000,5.07583E+12
,2001,5.18653E+12
,2002,5.3074E+12
,2003,5.53479E+12
,2004,5.97638E+12
,2005,6.2876E+12
,2006,6.65037E+12
,2007,7.00187E+12
,2008,7.31257E+12
,2009,7.43885E+12
,2010,7.79118E+12
,2011,8.11474E+12
,2012,8.36519E+12
,2013,8.53697E+12
,2014,8.80733E+12
,2015,9.08444E+12
,2016,9.51699E+12
,2017,9.74089E+12
,2018,1.00114E+13
,2019,1.01869E+13
,2020,9.92108E+12
,2021,1.03832E+13
,2022,1.10364E+13
,2023,1.12818E+13
,2024,1.15255E+13
MDA,1990,47357419839
MDA,1991,39780232536
MDA,1992,28204184901
MDA,1993,27865734701
MDA,1994,19255222615
MDA,1995,18985649681
MDA,1996,17869851603
MDA,1997,18164179596
MDA,1998,16975844077
MDA,1999,16404054449
MDA,2000,16749805343
MDA,2001,17771543536
MDA,2002,19157723871
MDA,2003,20422133638
MDA,2004,21933371473
MDA,2005,23578374366
MDA,2006,24710136298
MDA,2007,25451440442
MDA,2008,27436652834
MDA,2009,25790453592
MDA,2010,27621575824
MDA,2011,29228644998
MDA,2012,29056273754
MDA,2013,31684084103
MDA,2014,33268169763
MDA,2015,33155644962
MDA,2016,34696060989
MDA,2017,36144833893
MDA,2018,37617951104
MDA,2019,38954258880
MDA,2020,35730412861
MDA,2021,40707659297
MDA,2022,38835106969
MDA,2023,39301128253
MDA,2024,39341631765
MNG,1990,13930857674
MNG,1991,12719772331
MNG,1992,11542370967
MNG,1993,11176617291
MNG,1994,11415169077
MNG,1995,12143048987
MNG,1996,12414457527
MNG,1997,12898213380
MNG,1998,13329005529
MNG,1999,13738255184
MNG,2000,13895704125
MNG,2001,14306004046
MNG,2002,14983104137
MNG,2003,16032615830
MNG,2004,17736146348
MNG,2005,19022667065
MNG,2006,20650291128
MNG,2007,22766536341
MNG,2008,24792841843
MNG,2009,24478320115
MNG,2010,26036404766
MNG,2011,30538301606
MNG,2012,34300565349
MNG,2013,38296209459
MNG,2014,41315951926
MNG,2015,42299203744
MNG,2016,42929370719
MNG,2017,45349246281
MNG,2018,48861491267
MNG,2019,51598831338
MNG,2020,49247084583
MNG,2021,50053145881
MNG,2022,52572175378
MNG,2023,56474141515
MNG,2024,59221044568
MNE,1997,8909988500
MNE,1998,9346578457
MNE,1999,8468000258
MNE,2000,8730508271
MNE,2001,8826529780
MNE,2002,8994581323
MNE,2003,9217886126
MNE,2004,9625874441
MNE,2005,10028294182
MNE,2006,10887359783
MNE,2007,11628805329
MNE,2008,12468725167
MNE,2009,11746150450
MNE,2010,12067329093
MNE,2011,12456916902
MNE,2012,12117616549
MNE,2013,12547668326
MNE,2014,12771480908
MNE,2015,13204482821
MNE,2016,13593920034
MNE,2017,14235072552
MNE,2018,14957913709
MNE,2019,15565645515
MNE,2020,13183028693
MNE,2021,14902552328
MNE,2022,15857311217
MNE,2023,16862299640
MNE,2024,17374966800
MAR,1990,1.08501E+11
MAR,1991,1.1633E+11
MAR,1992,1.1389E+11
MAR,1993,1.13046E+11
MAR,1994,1.25016E+11
MAR,1995,1.18258E+11
MAR,1996,1.3289E+11
MAR,1997,1.30816E+11
MAR,1998,1.40285E+11
MAR,1999,1.42666E+11
MAR,2000,1.4635E+11
MAR,2001,1.57651E+11
MAR,2002,1.63531E+11
MAR,2003,1.73623E+11
MAR,2004,1.8156E+11
MAR,2005,1.87356E+11
MAR,2006,2.01952E+11
MAR,2007,2.08902E+11
MAR,2008,2.20777E+11
MAR,2009,2.29047E+11
MAR,2010,2.37062E+11
MAR,2011,2.50159E+11
MAR,2012,2.5782E+11
MAR,2013,2.68448E+11
MAR,2014,2.75747E+11
MAR,2015,2.87727E+11
MAR,2016,2.89227E+11
MAR,2017,3.03856E+11
MAR,2018,3.13171E+11
MAR,2019,3.22225E+11
MAR,2020,2.99095E+11
MAR,2021,3.23485E+11
MAR,2022,3.28425E+11
MAR,2023,3.39603E+11
MAR,2024,3.50594E+11
MOZ,1990,7170866773
MOZ,1991,7524064320
MOZ,1992,6953992508
MOZ,1993,7714789540
MOZ,1994,8211636159
MOZ,1995,8385960474
MOZ,1996,9282915341
MOZ,1997,10379686771
MOZ,1998,11455980625
MOZ,1999,12809732312
MOZ,2000,12907884958
MOZ,2001,14566765289
MOZ,2002,15975153770
MOZ,2003,17128192582
MOZ,2004,18533510246
MOZ,2005,19703349820
MOZ,2006,21656085291
MOZ,2007,23312635904
MOZ,2008,24916085861
MOZ,2009,26393353584
MOZ,2010,28156358172
MOZ,2011,30165049214
MOZ,2012,32576595027
MOZ,2013,34717337919
MOZ,2014,37391464636
MOZ,2015,40155850652
MOZ,2016,42041967039
MOZ,2017,43151121313
MOZ,2018,44654908558
MOZ,2019,45689926257
MOZ,2020,45132727326
MOZ,2021,46205728911
MOZ,2022,48222355190
MOZ,2023,50844136708
MOZ,2024,51785655733
MMR,1990,30871439712
MMR,1991,30670584905
MMR,1992,33633652463
MMR,1993,35664926709
MMR,1994,38331935077
MMR,1995,40995257643
MMR,1996,43636465399
MMR,1997,46102616443
MMR,1998,48807094193
MMR,1999,54149094093
MMR,2000,61592390964
MMR,2001,68579429990
MMR,2002,76826458556
MMR,2003,87462311090
MMR,2004,99326277631
MMR,2005,1.12804E+11
MMR,2006,1.27554E+11
MMR,2007,1.4285E+11
MMR,2008,1.57499E+11
MMR,2009,1.74116E+11
MMR,2010,1.90891E+11
MMR,2011,2.01564E+11
MMR,2012,2.16344E+11
MMR,2013,2.34574E+11
MMR,2014,2.53738E+11
MMR,2015,2.71481E+11
MMR,2016,2.87397E+11
MMR,2017,3.05032E+11
MMR,2018,3.24154E+11
MMR,2019,3.4548E+11
MMR,2020,3.1422E+11
MMR,2021,2.76462E+11
MMR,2022,2.87624E+11
MMR,2023,2.90381E+11
MMR,2024,2.87559E+11
NAM,1990,9970961728
NAM,1991,10785151825
NAM,1992,11560533332
NAM,1993,11377930181
NAM,1994,11574754661
NAM,1995,12026055992
NAM,1996,12409846439
NAM,1997,12933554406
NAM,1998,13359273423
NAM,1999,13809384540
NAM,2000,14291633570
NAM,2001,14459981681
NAM,2002,15152421216
NAM,2003,15794852707
NAM,2004,17732809757
NAM,2005,18181319093
NAM,2006,19467315667
NAM,2007,20513497807
NAM,2008,21057066941
NAM,2009,21119389734
NAM,2010,22394842369
NAM,2011,23535039520
NAM,2012,24726308395
NAM,2013,26114621285
NAM,2014,27705659590
NAM,2015,28887077272
NAM,2016,28896839500
NAM,2017,28599997269
NAM,2018,28903139937
NAM,2019,28660598613
NAM,2020,26338688299
NAM,2021,27287889637
NAM,2022,28761087692
NAM,2023,30038887033
NAM,2024,31153793835
NRU,1990,293916424
NRU,1991,238090603
NRU,1992,199376363
NRU,1993,167242131
NRU,1994,160776333
NRU,1995,148037234
NRU,1996,130480757
NRU,1997,118798016
NRU,1998,104794135
NRU,1999,97911036
NRU,2000,91198066
NRU,2001,85032083
NRU,2002,76553208
NRU,2003,76771122
NRU,2004,73458581
NRU,2005,73197327
NRU,2006,79293757
NRU,2007,61702195
NRU,2008,74277663
NRU,2009,70079539
NRU,2010,69967428
NRU,2011,80038983
NRU,2012,100272294
NRU,2013,103929967
NRU,2014,120998734
NRU,2015,124263301
NRU,2016,129685208
NRU,2017,121889532
NRU,2018,120403550
NRU,2019,130621882
NRU,2020,133210572
NRU,2021,142810518
NRU,2022,147025596
NRU,2023,147975985
NRU,2024,150580735
NPL,1990,35305600051
NPL,1991,37553913761
NPL,1992,39096030161
NPL,1993,40601168688
NPL,1994,43936961801
NPL,1995,45460894184
NPL,1996,47883179815
NPL,1997,50300616038
NPL,1998,51817878527
NPL,1999,54104380389
NPL,2000,57458851963
NPL,2001,60216814884
NPL,2002,60289161279
NPL,2003,62667591457
NPL,2004,65602066132
NPL,2005,67884480784
NPL,2006,70168532058
NPL,2007,72562373827
NPL,2008,76992044903
NPL,2009,80482154910
NPL,2010,84358509208
NPL,2011,87245096016
NPL,2012,91319565822
NPL,2013,94538720393
NPL,2014,1.00222E+11
NPL,2015,1.04207E+11
NPL,2016,1.04658E+11
NPL,2017,1.14054E+11
NPL,2018,1.22747E+11
NPL,2019,1.30918E+11
NPL,2020,1.27816E+11
NPL,2021,1.34E+11
NPL,2022,1.41546E+11
NPL,2023,1.44352E+11
NPL,2024,1.49643E+11
NLD,1990,6.44833E+11
NLD,1991,6.60562E+11
NLD,1992,6.71831E+11
NLD,1993,6.8028E+11
NLD,1994,7.00424E+11
NLD,1995,7.22249E+11
NLD,1996,7.46954E+11
NLD,1997,7.78689E+11
NLD,1998,8.1488E+11
NLD,1999,8.55977E+11
NLD,2000,8.92097E+11
NLD,2001,9.12826E+11
NLD,2002,9.1507E+11
NLD,2003,9.15965E+11
NLD,2004,9.34434E+11
NLD,2005,9.5344E+11
NLD,2006,9.87166E+11
NLD,2007,1.02552E+12
NLD,2008,1.04723E+12
NLD,2009,1.00885E+12
NLD,2010,1.02216E+12
NLD,2011,1.04028E+12
NLD,2012,1.03011E+12
NLD,2013,1.0298E+12
NLD,2014,1.0464E+12
NLD,2015,1.06859E+12
NLD,2016,1.0945E+12
NLD,2017,1.12494E+12
NLD,2018,1.15035E+12
NLD,2019,1.17681E+12
NLD,2020,1.13129E+12
NLD,2021,1.2023E+12
NLD,2022,1.26251E+12
NLD,2023,1.26345E+12
NLD,2024,1.27582E+12
NZL,1990,1.0221E+11
NZL,1991,1.01095E+11
NZL,1992,1.02201E+11
NZL,1993,1.08733E+11
NZL,1994,1.14299E+11
NZL,1995,1.19696E+11
NZL,1996,1.2402E+11
NZL,1997,1.26598E+11
NZL,1998,1.27685E+11
NZL,1999,1.34552E+11
NZL,2000,1.38413E+11
NZL,2001,1.43135E+11
NZL,2002,1.49881E+11
NZL,2003,1.56968E+11
NZL,2004,1.63385E+11
NZL,2005,1.68863E+11
NZL,2006,1.73557E+11
NZL,2007,1.78861E+11
NZL,2008,1.77042E+11
NZL,2009,1.76976E+11
NZL,2010,1.79557E+11
NZL,2011,1.83316E+11
NZL,2012,1.87654E+11
NZL,2013,1.92514E+11
NZL,2014,1.9988E+11
NZL,2015,2.07256E+11
NZL,2016,2.15089E+11
NZL,2017,2.22356E+11
NZL,2018,2.30073E+11
NZL,2019,2.35405E+11
NZL,2020,2.34682E+11
NZL,2021,2.45325E+11
NZL,2022,2.53903E+11
NZL,2023,2.57443E+11
NZL,2024,2.57117E+11
NIC,1990,17556045822
NIC,1991,17522815476
NIC,1992,17590514274
NIC,1993,17521394803
NIC,1994,18106210973
NIC,1995,19176633496
NIC,1996,20393250588
NIC,1997,21202179651
NIC,1998,21989137024
NIC,1999,23536286210
NIC,2000,24501648230
NIC,2001,25227103687
NIC,2002,25417300629
NIC,2003,26058002887
NIC,2004,27442248448
NIC,2005,28617434839
NIC,2006,29805901340
NIC,2007,31318953814
NIC,2008,32394984414
NIC,2009,31328326049
NIC,2010,32709936280
NIC,2011,34776120093
NIC,2012,37035224314
NIC,2013,38859984679
NIC,2014,40719613754
NIC,2015,42671006645
NIC,2016,44618147573
NIC,2017,46684506604
NIC,2018,45114340142
NIC,2019,43807436417
NIC,2020,42827664806
NIC,2021,47305035692
NIC,2022,48984506117
NIC,2023,51153414573
NIC,2024,52988712244
NER,1990,11698663466
NER,1991,11647249115
NER,1992,11880281727
NER,1993,11918495304
NER,1994,12139557027
NER,1995,12437855578
NER,1996,12450359417
NER,1997,12640535633
NER,1998,13901127580
NER,1999,13870605915
NER,2000,13702982730
NER,2001,14698934000
NER,2002,15421896744
NER,2003,15756646036
NER,2004,15813968963
NER,2005,16973428426
NER,2006,17980130949
NER,2007,18545196854
NER,2008,19979002842
NER,2009,20371110933
NER,2010,22118578797
NER,2011,22640081122
NER,2012,25028370732
NER,2013,26358661332
NER,2014,28109439638
NER,2015,29344188610
NER,2016,31028807124
NER,2017,32581910868
NER,2018,34931528663
NER,2019,37006409966
NER,2020,38320374766
NER,2021,38850574077
NER,2022,43473792392
NER,2023,44198776163
NER,2024,47921019367
NGA,1990,3.54557E+11
NGA,1991,3.55827E+11
NGA,1992,3.72306E+11
NGA,1993,3.64729E+11
NGA,1994,3.5811E+11
NGA,1995,3.5785E+11
NGA,1996,3.72865E+11
NGA,1997,3.83816E+11
NGA,1998,3.93723E+11
NGA,1999,3.96023E+11
NGA,2000,4.15888E+11
NGA,2001,4.40499E+11
NGA,2002,5.08023E+11
NGA,2003,5.45349E+11
NGA,2004,5.95796E+11
NGA,2005,6.34157E+11
NGA,2006,6.72583E+11
NGA,2007,7.16914E+11
NGA,2008,7.65409E+11
NGA,2009,8.26925E+11
NGA,2010,8.93126E+11
NGA,2011,9.40532E+11
NGA,2012,9.80317E+11
NGA,2013,1.04572E+12
NGA,2014,1.1117E+12
NGA,2015,1.14119E+12
NGA,2016,1.12274E+12
NGA,2017,1.13179E+12
NGA,2018,1.15355E+12
NGA,2019,1.17902E+12
NGA,2020,1.15787E+12
NGA,2021,1.2001E+12
NGA,2022,1.23912E+12
NGA,2023,1.27456E+12
NGA,2024,1.31823E+12
,1990,1.22033E+13
,1991,1.21677E+13
,1992,1.25673E+13
,1993,1.29121E+13
,1994,1.34374E+13
,1995,1.37982E+13
,1996,1.42933E+13
,1997,1.49269E+13
,1998,1.55884E+13
,1999,1.63395E+13
,2000,1.7021E+13
,2001,1.71977E+13
,2002,1.75096E+13
,2003,1.79837E+13
,2004,1.86636E+13
,2005,1.93092E+13
,2006,1.98446E+13
,2007,2.02431E+13
,2008,2.02815E+13
,2009,1.97527E+13
,2010,2.02916E+13
,2011,2.06368E+13
,2012,2.10989E+13
,2013,2.15495E+13
,2014,2.20996E+13
,2015,2.27052E+13
,2016,2.31026E+13
,2017,2.3682E+13
,2018,2.43797E+13
,2019,2.49951E+13
,2020,2.43919E+13
,2021,2.58666E+13
,2022,2.65533E+13
,2023,2.72893E+13
,2024,2.80231E+13
MKD,1990,26629380855
MKD,1991,24986143636
MKD,1992,23345753665
MKD,1993,21601995982
MKD,1994,21222196994
MKD,1995,20985627287
MKD,1996,21234328772
MKD,1997,21540099143
MKD,1998,22267882152
MKD,1999,23234091774
MKD,2000,24291042157
MKD,2001,23545973557
MKD,2002,23897671634
MKD,2003,24428821680
MKD,2004,25570646688
MKD,2005,26778626704
MKD,2006,28154251496
MKD,2007,29976813267
MKD,2008,31617144905
MKD,2009,31503761126
MKD,2010,32561893973
MKD,2011,33323805186
MKD,2012,33171787578
MKD,2013,34142147836
MKD,2014,35381208551
MKD,2015,36745460238
MKD,2016,37792046345
MKD,2017,38200870400
MKD,2018,39301283415
MKD,2019,40838128481
MKD,2020,38923453242
MKD,2021,40679165465
MKD,2022,41801456514
MKD,2023,42667809294
MKD,2024,43843840435
NOR,1990,2.42217E+11
NOR,1991,2.49688E+11
NOR,1992,2.58613E+11
NOR,1993,2.65971E+11
NOR,1994,2.79417E+11
NOR,1995,2.91029E+11
NOR,1996,3.05661E+11
NOR,1997,3.21814E+11
NOR,1998,3.30402E+11
NOR,1999,3.37248E+11
NOR,2000,3.48442E+11
NOR,2001,3.55644E+11
NOR,2002,3.60544E+11
NOR,2003,3.6395E+11
NOR,2004,3.78561E+11
NOR,2005,3.88726E+11
NOR,2006,3.98295E+11
NOR,2007,4.09901E+11
NOR,2008,4.11877E+11
NOR,2009,4.03885E+11
NOR,2010,4.07063E+11
NOR,2011,4.11564E+11
NOR,2012,4.2275E+11
NOR,2013,4.27046E+11
NOR,2014,4.35793E+11
NOR,2015,4.43887E+11
NOR,2016,4.49057E+11
NOR,2017,4.60121E+11
NOR,2018,4.63935E+11
NOR,2019,4.69148E+11
NOR,2020,4.63152E+11
NOR,2021,4.81255E+11
NOR,2022,4.96877E+11
NOR,2023,4.97236E+11
NOR,2024,5.0768E+11
OMN,1990,62093919315
OMN,1991,65865552351
OMN,1992,71407403692
OMN,1993,75722525016
OMN,1994,78657359079
OMN,1995,82587725352
OMN,1996,85103297839
OMN,1997,90238015958
OMN,1998,90176767724
OMN,1999,90445129903
OMN,2000,96045863748
OMN,2001,1.00477E+11
OMN,2002,99688716081
OMN,2003,97500882042
OMN,2004,99443601849
OMN,2005,1.02208E+11
OMN,2006,1.0698E+11
OMN,2007,1.12309E+11
OMN,2008,1.22361E+11
OMN,2009,1.2968E+11
OMN,2010,1.32886E+11
OMN,2011,1.36732E+11
OMN,2012,1.48851E+11
OMN,2013,1.56633E+11
OMN,2014,1.58657E+11
OMN,2015,1.66617E+11
OMN,2016,1.75025E+11
OMN,2017,1.75557E+11
OMN,2018,1.77816E+11
OMN,2019,1.7581E+11
OMN,2020,1.69868E+11
OMN,2021,1.74254E+11
OMN,2022,1.88169E+11
OMN,2023,1.90403E+11
OMN,2024,1.93591E+11
PAK,1990,3.71666E+11
PAK,1991,3.90479E+11
PAK,1992,4.20568E+11
PAK,1993,4.27961E+11
PAK,1994,4.43956E+11
PAK,1995,4.65987E+11
PAK,1996,4.88572E+11
PAK,1997,4.93528E+11
PAK,1998,5.06114E+11
PAK,1999,5.24639E+11
PAK,2000,5.46989E+11
PAK,2001,5.66961E+11
PAK,2002,5.81673E+11
PAK,2003,6.13091E+11
PAK,2004,6.61103E+11
PAK,2005,7.09209E+11
PAK,2006,7.52128E+11
PAK,2007,7.85558E+11
PAK,2008,8.02216E+11
PAK,2009,8.30073E+11
PAK,2010,8.42538E+11
PAK,2011,8.65119E+11
PAK,2012,8.91312E+11
PAK,2013,9.30234E+11
PAK,2014,9.68526E+11
PAK,2015,1.00938E+12
PAK,2016,1.07573E+12
PAK,2017,1.12342E+12
PAK,2018,1.19253E+12
PAK,2019,1.22231E+12
PAK,2020,1.20674E+12
PAK,2021,1.28534E+12
PAK,2022,1.34676E+12
PAK,2023,1.34622E+12
PAK,2024,1.38977E+12
PLW,1990,272252342
PLW,1991,285606932
PLW,1992,267327975
PLW,1993,234446530
PLW,1994,251561199
PLW,1995,278981341
PLW,1996,307995521
PLW,1997,315079391
PLW,1998,321380933
PLW,1999,304026335
PLW,2000,296109786
PLW,2001,315358211
PLW,2002,331177045
PLW,2003,320502291
PLW,2004,333126953
PLW,2005,344499792
PLW,2006,344073577
PLW,2007,350108735
PLW,2008,330873843
PLW,2009,306850496
PLW,2010,304101435
PLW,2011,319666198
PLW,2012,323672934
PLW,2013,313845490
PLW,2014,328815918
PLW,2015,355778757
PLW,2016,354213368
PLW,2017,342665947
PLW,2018,343042908
PLW,2019,343729046
PLW,2020,323107249
PLW,2021,278538180
PLW,2022,274865857
PLW,2023,280025177
PSE,1994,9386367656
PSE,1995,10054476156
PSE,1996,10176591543
PSE,1997,11669257281
PSE,1998,13341941143
PSE,1999,14446732781
PSE,2000,13210732057
PSE,2001,11980670076
PSE,2002,10484478209
PSE,2003,11953945736
PSE,2004,14574786910
PSE,2005,16220375261
PSE,2006,16058730121
PSE,2007,16667080027
PSE,2008,17905307779
PSE,2009,19443998769
PSE,2010,20567348977
PSE,2011,22541980763
PSE,2012,23916242829
PSE,2013,25039964208
PSE,2014,25000434455
PSE,2015,25930775540
PSE,2016,28229439949
PSE,2017,28630119462
PSE,2018,28981433182
PSE,2019,29376359539
PSE,2020,26051406241
PSE,2021,27878126229
PSE,2022,29016323292
PSE,2023,27694396392
PSE,2024,20339449744
PAN,1990,27836330176
PAN,1991,30458235723
PAN,1992,32956322800
PAN,1993,34754335521
PAN,1994,35744885207
PAN,1995,36371020781
PAN,1996,34274225646
PAN,1997,36916439412
PAN,1998,40012795477
PAN,1999,42098120670
PAN,2000,43870032876
PAN,2001,44286757893
PAN,2002,45397843441
PAN,2003,47711708102
PAN,2004,51612451959
PAN,2005,55883993112
PAN,2006,61392611712
PAN,2007,69467622068
PAN,2008,76551536001
PAN,2009,77785442697
PAN,2010,82509658741
PAN,2011,92335632700
PAN,2012,1.01225E+11
PAN,2013,1.07627E+11
PAN,2014,1.12606E+11
PAN,2015,1.18536E+11
PAN,2016,1.23956E+11
PAN,2017,1.31076E+11
PAN,2018,1.36212E+11
PAN,2019,1.40438E+11
PAN,2020,1.15411E+11
PAN,2021,1.34415E+11
PAN,2022,1.48891E+11
PAN,2023,1.59908E+11
PAN,2024,1.64484E+11
PNG,1990,12329045966
PNG,1991,13506087373
PNG,1992,15376556930
PNG,1993,18175441792
PNG,1994,19255446366
PNG,1995,18617619568
PNG,1996,20057449630
PNG,1997,19274328641
PNG,1998,18547857373
PNG,1999,18892022881
PNG,2000,18420696761
PNG,2001,18398354555
PNG,2002,18369119471
PNG,2003,18766646046
PNG,2004,19277319465
PNG,2005,20500426045
PNG,2006,21609487632
PNG,2007,23298309982
PNG,2008,23229240314
PNG,2009,24808926563
PNG,2010,27321687296
PNG,2011,27624286902
PNG,2012,28910782981
PNG,2013,30016604913
PNG,2014,34081985031
PNG,2015,36324019448
PNG,2016,38318053068
PNG,2017,39672447116
PNG,2018,39561660901
PNG,2019,41334226882
PNG,2020,40024993334
PNG,2021,39820324163
PNG,2022,42093102630
PNG,2023,43697222882
PNG,2024,45486636832
PRY,1990,40206049896
PRY,1991,41610708620
PRY,1992,42316604337
PRY,1993,44405504019
PRY,1994,46766952160
PRY,1995,49957772590
PRY,1996,50744000587
PRY,1997,52896822983
PRY,1998,52932812795
PRY,1999,52209708378
PRY,2000,51001502336
PRY,2001,50576121900
PRY,2002,50565296387
PRY,2003,52750094148
PRY,2004,54890386155
PRY,2005,56061467419
PRY,2006,58756407858
PRY,2007,61941958705
PRY,2008,65965889287
PRY,2009,65793627727
PRY,2010,73093582883
PRY,2011,76226645174
PRY,2012,75686927663
PRY,2013,81963702467
PRY,2014,86308793894
PRY,2015,88861075890
PRY,2016,92653689564
PRY,2017,97110405095
PRY,2018,1.00222E+11
PRY,2019,99819318098
PRY,2020,99001013911
PRY,2021,1.02978E+11
PRY,2022,1.03159E+11
PRY,2023,1.08316E+11
PRY,2024,1.12919E+11
PER,1990,1.39069E+11
PER,1991,1.42155E+11
PER,1992,1.41387E+11
PER,1993,1.48801E+11
PER,1994,1.67116E+11
PER,1995,1.79501E+11
PER,1996,1.84525E+11
PER,1997,1.96477E+11
PER,1998,1.95708E+11
PER,1999,1.98633E+11
PER,2000,2.03985E+11
PER,2001,2.05246E+11
PER,2002,2.16439E+11
PER,2003,2.25453E+11
PER,2004,2.36632E+11
PER,2005,2.51504E+11
PER,2006,2.7044E+11
PER,2007,2.93477E+11
PER,2008,3.20261E+11
PER,2009,3.23771E+11
PER,2010,3.50749E+11
PER,2011,3.72941E+11
PER,2012,3.95839E+11
PER,2013,4.19006E+11
PER,2014,4.28987E+11
PER,2015,4.42939E+11
PER,2016,4.60449E+11
PER,2017,4.72047E+11
PER,2018,4.90785E+11
PER,2019,5.01781E+11
PER,2020,4.4692E+11
PER,2021,5.0664E+11
PER,2022,5.20872E+11
PER,2023,5.18771E+11
PER,2024,5.35911E+11
PHL,1990,2.83126E+11
PHL,1991,2.81891E+11
PHL,1992,2.83068E+11
PHL,1993,2.89244E+11
PHL,1994,3.01895E+11
PHL,1995,3.15858E+11
PHL,1996,3.34369E+11
PHL,1997,3.5171E+11
PHL,1998,3.49902E+11
PHL,1999,3.61612E+11
PHL,2000,3.77459E+11
PHL,2001,3.88969E+11
PHL,2002,4.03424E+11
PHL,2003,4.23946E+11
PHL,2004,4.51796E+11
PHL,2005,4.74126E+11
PHL,2006,4.99332E+11
PHL,2007,5.31885E+11
PHL,2008,5.54993E+11
PHL,2009,5.63031E+11
PHL,2010,6.04327E+11
PHL,2011,6.27643E+11
PHL,2012,6.70931E+11
PHL,2013,7.16223E+11
PHL,2014,7.61688E+11
PHL,2015,8.10043E+11
PHL,2016,8.67956E+11
PHL,2017,9.28114E+11
PHL,2018,9.8697E+11
PHL,2019,1.04736E+12
PHL,2020,9.47668E+11
PHL,2021,1.00182E+12
PHL,2022,1.07777E+12
PHL,2023,1.13725E+12
PHL,2024,1.20199E+12
POL,1990,4.88636E+11
POL,1991,4.54355E+11
POL,1992,4.65782E+11
POL,1993,4.83195E+11
POL,1994,5.08769E+11
POL,1995,5.49113E+11
POL,1996,5.82575E+11
POL,1997,6.19621E+11
POL,1998,6.48257E+11
POL,1999,6.7872E+11
POL,2000,7.10323E+11
POL,2001,7.19087E+11
POL,2002,7.32758E+11
POL,2003,7.58576E+11
POL,2004,7.97193E+11
POL,2005,8.23188E+11
POL,2006,8.74244E+11
POL,2007,9.33346E+11
POL,2008,9.74262E+11
POL,2009,9.9974E+11
POL,2010,1.03142E+12
POL,2011,1.08563E+12
POL,2012,1.10204E+12
POL,2013,1.10958E+12
POL,2014,1.15308E+12
POL,2015,1.20418E+12
POL,2016,1.24068E+12
POL,2017,1.30461E+12
POL,2018,1.38609E+12
POL,2019,1.44958E+12
POL,2020,1.42008E+12
POL,2021,1.51845E+12
POL,2022,1.59825E+12
POL,2023,1.60224E+12
POL,2024,1.64908E+12
PRT,1990,2.71449E+11
PRT,1991,2.83307E+11
PRT,1992,2.86393E+11
PRT,1993,2.80542E+11
PRT,1994,2.83248E+11
PRT,1995,2.95379E+11
PRT,1996,3.0573E+11
PRT,1997,3.19185E+11
PRT,1998,3.34531E+11
PRT,1999,3.476E+11
PRT,2000,3.60865E+11
PRT,2001,3.67879E+11
PRT,2002,3.70715E+11
PRT,2003,3.67265E+11
PRT,2004,3.73835E+11
PRT,2005,3.76758E+11
PRT,2006,3.8288E+11
PRT,2007,3.92477E+11
PRT,2008,3.9373E+11
PRT,2009,3.81438E+11
PRT,2010,3.88066E+11
PRT,2011,3.81416E+11
PRT,2012,3.65965E+11
PRT,2013,3.62364E+11
PRT,2014,3.6505E+11
PRT,2015,3.70854E+11
PRT,2016,3.78286E+11
PRT,2017,3.90825E+11
PRT,2018,4.0234E+11
PRT,2019,4.13387E+11
PRT,2020,3.7947E+11
PRT,2021,4.00564E+11
PRT,2022,4.28547E+11
PRT,2023,4.39745E+11
PRT,2024,4.48226E+11
PRI,1990,94575186676
PRI,1991,96754568943
PRI,1992,1.0117E+11
PRI,1993,1.05869E+11
PRI,1994,1.10301E+11
PRI,1995,1.15319E+11
PRI,1996,1.17987E+11
PRI,1997,1.23745E+11
PRI,1998,1.30589E+11
PRI,1999,1.37627E+11
PRI,2000,1.4213E+11
PRI,2001,1.51103E+11
PRI,2002,1.52488E+11
PRI,2003,1.5257E+11
PRI,2004,1.65917E+11
PRI,2005,1.62621E+11
PRI,2006,1.60329E+11
PRI,2007,1.58464E+11
PRI,2008,1.55542E+11
PRI,2009,1.52505E+11
PRI,2010,1.51875E+11
PRI,2011,1.51331E+11
PRI,2012,1.51375E+11
PRI,2013,1.5091E+11
PRI,2014,1.49114E+11
PRI,2015,1.47549E+11
PRI,2016,1.45685E+11
PRI,2017,1.41482E+11
PRI,2018,1.35311E+11
PRI,2019,1.37578E+11
PRI,2020,1.31826E+11
PRI,2021,1.32334E+11
PRI,2022,1.36247E+11
PRI,2023,1.36926E+11
PRI,2024,1.41344E+11
QAT,1990,31509683796
QAT,1991,30985919584
QAT,1992,34496787789
QAT,1993,34039658398
QAT,1994,34522581897
QAT,1995,35350860186
QAT,1996,36897075196
QAT,1997,47970640099
QAT,1998,53352299487
QAT,1999,55637946354
QAT,2000,60104630486
QAT,2001,62447621175
QAT,2002,66932704049
QAT,2003,69422572980
QAT,2004,82764838508
QAT,2005,88966207967
QAT,2006,1.12249E+11
QAT,2007,1.32438E+11
QAT,2008,1.55831E+11
QAT,2009,1.74463E+11
QAT,2010,2.08644E+11
QAT,2011,2.36551E+11
QAT,2012,2.47739E+11
QAT,2013,2.61504E+11
QAT,2014,2.75453E+11
QAT,2015,2.88547E+11
QAT,2016,2.97388E+11
QAT,2017,2.92935E+11
QAT,2018,2.96552E+11
QAT,2019,2.98593E+11
QAT,2020,2.8797E+11
QAT,2021,2.92655E+11
QAT,2022,3.04903E+11
QAT,2023,3.08522E+11
QAT,2024,3.17064E+11
ROU,1990,3.7854E+11
ROU,1991,3.29639E+11
ROU,1992,3.00739E+11
ROU,1993,3.05337E+11
ROU,1994,3.17343E+11
ROU,1995,3.37124E+11
ROU,1996,3.50298E+11
ROU,1997,3.33312E+11
ROU,1998,3.26546E+11
ROU,1999,3.25316E+11
ROU,2000,3.33323E+11
ROU,2001,3.50717E+11
ROU,2002,3.70718E+11
ROU,2003,3.79397E+11
ROU,2004,4.18961E+11
ROU,2005,4.38519E+11
ROU,2006,4.73726E+11
ROU,2007,5.07995E+11
ROU,2008,5.55276E+11
ROU,2009,5.24643E+11
ROU,2010,5.04152E+11
ROU,2011,5.26816E+11
ROU,2012,5.36845E+11
ROU,2013,5.38341E+11
ROU,2014,5.605E+11
ROU,2015,5.78195E+11
ROU,2016,5.94731E+11
ROU,2017,6.43472E+11
ROU,2018,6.82858E+11
ROU,2019,7.09649E+11
ROU,2020,6.83573E+11
ROU,2021,7.21482E+11
ROU,2022,7.50091E+11
ROU,2023,7.68126E+11
ROU,2024,7.74376E+11
RUS,1990,4.38635E+12
RUS,1991,4.16497E+12
RUS,1992,3.55975E+12
RUS,1993,3.25118E+12
RUS,1994,2.84251E+12
RUS,1995,2.72473E+12
RUS,1996,2.62241E+12
RUS,1997,2.65913E+12
RUS,1998,2.51819E+12
RUS,1999,2.67936E+12
RUS,2000,2.94729E+12
RUS,2001,3.09761E+12
RUS,2002,3.24319E+12
RUS,2003,3.47995E+12
RUS,2004,3.7305E+12
RUS,2005,3.96925E+12
RUS,2006,4.29473E+12
RUS,2007,4.65978E+12
RUS,2008,4.90209E+12
RUS,2009,4.51973E+12
RUS,2010,4.72312E+12
RUS,2011,4.92621E+12
RUS,2012,5.12445E+12
RUS,2013,5.2144E+12
RUS,2014,5.25279E+12
RUS,2015,5.14917E+12
RUS,2016,5.15914E+12
RUS,2017,5.25334E+12
RUS,2018,5.40081E+12
RUS,2019,5.51953E+12
RUS,2020,5.37306E+12
RUS,2021,5.68827E+12
RUS,2022,5.60659E+12
RUS,2023,5.83548E+12
RUS,2024,6.089E+12
RWA,1990,8282405773
RWA,1991,8074154648
RWA,1992,8548327566
RWA,1993,7855170023
RWA,1994,3908098918
RWA,1995,5284690742
RWA,1996,5958261346
RWA,1997,6783465795
RWA,1998,7384390610
RWA,1999,7705751042
RWA,2000,8350791443
RWA,2001,9059319382
RWA,2002,10254431465
RWA,2003,10480273783
RWA,2004,11260809714
RWA,2005,12316837094
RWA,2006,13453320985
RWA,2007,14480253093
RWA,2008,16096429954
RWA,2009,17102176347
RWA,2010,18356562227
RWA,2011,19817448801
RWA,2012,21529975256
RWA,2013,22546157485
RWA,2014,23936616478
RWA,2015,26056648034
RWA,2016,27612424110
RWA,2017,28694326087
RWA,2018,31138068964
RWA,2019,34079802278
RWA,2020,32930056261
RWA,2021,36505744034
RWA,2022,39485053448
RWA,2023,42742532065
RWA,2024,46542623255
KNA,1990,579230492
KNA,1991,568429644
KNA,1992,592695757
KNA,1993,633010622
KNA,1994,666571067
KNA,1995,702453538
KNA,1996,743496761
KNA,1997,794232733
KNA,1998,790366839
KNA,1999,815815753
KNA,2000,897746566
KNA,2001,944909232
KNA,2002,957832898
KNA,2003,920157548
KNA,2004,956930233
KNA,2005,1050066537
KNA,2006,1083147636
KNA,2007,1089653046
KNA,2008,1212969471
KNA,2009,1171671013
KNA,2010,1171036035
KNA,2011,1189967089
KNA,2012,1181189455
KNA,2013,1248839492
KNA,2014,1343463636
KNA,2015,1352789095
KNA,2016,1405990275
KNA,2017,1409096686
KNA,2018,1437328297
KNA,2019,1479560547
KNA,2020,1253159832
KNA,2021,1257766533
KNA,2022,1387849830
KNA,2023,1447923711
KNA,2024,1464812876
LCA,1990,2374193748
LCA,1991,2383113072
LCA,1992,2572643851
LCA,1993,2587647504
LCA,1994,2629012606
LCA,1995,2674973684
LCA,1996,2753152143
LCA,1997,2734041684
LCA,1998,2905916428
LCA,1999,2983521934
LCA,2000,2984976358
LCA,2001,2883246454
LCA,2002,2895253748
LCA,2003,3018725072
LCA,2004,3238108166
LCA,2005,3224822055
LCA,2006,3424608079
LCA,2007,3482539385
LCA,2008,3654901471
LCA,2009,3551507980
LCA,2010,3563228615
LCA,2011,3717407479
LCA,2012,3713364570
LCA,2013,3645826785
LCA,2014,3694246654
LCA,2015,3698011750
LCA,2016,3824774865
LCA,2017,3954045607
LCA,2018,4068190166
LCA,2019,4039699719
LCA,2020,3055569354
LCA,2021,3409978230
LCA,2022,4105219705
LCA,2023,4195940247
LCA,2024,4359235762
VCT,1990,834942552
VCT,1991,844423952
VCT,1992,898280811
VCT,1993,936464310
VCT,1994,924780762
VCT,1995,996605250
VCT,1996,1009440648
VCT,1997,1044823066
VCT,1998,1087558366
VCT,1999,1117034577
VCT,2000,1135343130
VCT,2001,1155191551
VCT,2002,1216903351
VCT,2003,1298330451
VCT,2004,1351752839
VCT,2005,1385391984
VCT,2006,1482326839
VCT,2007,1531584095
VCT,2008,1537781509
VCT,2009,1516587902
VCT,2010,1448789327
VCT,2011,1440005655
VCT,2012,1456840937
VCT,2013,1492715414
VCT,2014,1511378154
VCT,2015,1553442244
VCT,2016,1617846898
VCT,2017,1641286760
VCT,2018,1693407650
VCT,2019,1704726869
VCT,2020,1631953369
VCT,2021,1666116701
VCT,2022,1717946809
VCT,2023,1809450922
VCT,2024,1882947831
WSM,1990,674634233
WSM,1991,659117562
WSM,1992,657799412
WSM,1993,684769128
WSM,1994,667361609
WSM,1995,711898941
WSM,1996,763005944
WSM,1997,767915315
WSM,1998,784770210
WSM,1999,801920848
WSM,2000,842763035
WSM,2001,905044311
WSM,2002,956197046
WSM,2003,1006040050
WSM,2004,1037099124
WSM,2005,1105954247
WSM,2006,1129534598
WSM,2007,1135023939
WSM,2008,1175386578
WSM,2009,1169019772
WSM,2010,1240618959
WSM,2011,1288371350
WSM,2012,1240287654
WSM,2013,1241618399
WSM,2014,1249812134
WSM,2015,1297934423
WSM,2016,1401559728
WSM,2017,1421269615
WSM,2018,1412604886
WSM,2019,1475492063
WSM,2020,1429627218
WSM,2021,1328426324
WSM,2022,1257936159
WSM,2023,1373775088
WSM,2024,1503216991
SMR,1997,1726614182
SMR,1998,1855516616
SMR,1999,2023428998
SMR,2000,2067527199
SMR,2001,2182860956
SMR,2002,2189645294
SMR,2003,2274449527
SMR,2004,2377910691
SMR,2005,2435577570
SMR,2006,2528862226
SMR,2007,2708647200
SMR,2008,2695078523
SMR,2009,2416920639
SMR,2010,2284626035
SMR,2011,2094664553
SMR,2012,1947105188
SMR,2013,1931840426
SMR,2014,1918271749
SMR,2015,1962229053
SMR,2016,2008231666
SMR,2017,2013418234
SMR,2018,2043496796
SMR,2019,2085709006
SMR,2020,1947052932
SMR,2021,2217650250
SMR,2022,2392810056
STP,1990,477556464
STP,1991,483291939
STP,1992,486674968
STP,1993,492028386
STP,1994,502853019
STP,1995,512910088
STP,1996,520603744
STP,1997,525790628
STP,1998,538935331
STP,1999,552408748
STP,2000,554885573
STP,2001,571889947
STP,2002,591106525
STP,2003,640118238
STP,2004,662765019
STP,2005,706604438
STP,2006,769252760
STP,2007,797264883
STP,2008,846924799
STP,2009,874893641
STP,2010,887566084
STP,2011,905312365
STP,2012,931955190
STP,2013,979668288
STP,2014,1027732877
STP,2015,1043556924
STP,2016,1097580036
STP,2017,1142723280
STP,2018,1192753169
STP,2019,1216778995
STP,2020,1248717734
STP,2021,1272434617
STP,2022,1274581195
STP,2023,1279325859
STP,2024,1290839799
SAU,1990,6.93737E+11
SAU,1991,7.50767E+11
SAU,1992,7.85157E+11
SAU,1993,7.88139E+11
SAU,1994,7.9565E+11
SAU,1995,7.9813E+11
SAU,1996,8.24505E+11
SAU,1997,8.46333E+11
SAU,1998,8.70062E+11
SAU,1999,8.64551E+11
SAU,2000,9.05342E+11
SAU,2001,9.08462E+11
SAU,2002,9.02208E+11
SAU,2003,9.8132E+11
SAU,2004,1.06602E+12
SAU,2005,1.12939E+12
SAU,2006,1.16681E+12
SAU,2007,1.19264E+12
SAU,2008,1.26704E+12
SAU,2009,1.25352E+12
SAU,2010,1.3167E+12
SAU,2011,1.47152E+12
SAU,2012,1.55631E+12
SAU,2013,1.60215E+12
SAU,2014,1.66663E+12
SAU,2015,1.74421E+12
SAU,2016,1.77394E+12
SAU,2017,1.79491E+12
SAU,2018,1.85283E+12
SAU,2019,1.88343E+12
SAU,2020,1.81177E+12
SAU,2021,1.92989E+12
SAU,2022,2.16149E+12
SAU,2023,2.17321E+12
SAU,2024,2.2125E+12
SEN,1990,22569745551
SEN,1991,23170092355
SEN,1992,23475991569
SEN,1993,23795315059
SEN,1994,23784007300
SEN,1995,25084655922
SEN,1996,25591360254
SEN,1997,26370770987
SEN,1998,27926245460
SEN,1999,29680937545
SEN,2000,30834698201
SEN,2001,32163936241
SEN,2002,32186031763
SEN,2003,33986502591
SEN,2004,35564595805
SEN,2005,37097514716
SEN,2006,37962172824
SEN,2007,39035408701
SEN,2008,40480955880
SEN,2009,41595034082
SEN,2010,43005475623
SEN,2011,43579207837
SEN,2012,45323681588
SEN,2013,46417063409
SEN,2014,49306095988
SEN,2015,52445436642
SEN,2016,55778904558
SEN,2017,59910719208
SEN,2018,63630720168
SEN,2019,66566404953
SEN,2020,67459775215
SEN,2021,71874343647
SEN,2022,74641816329
SEN,2023,77819640032
SEN,2024,83182975384
SRB,1995,72043035458
SRB,1996,76484461156
SRB,1997,83316980691
SRB,1998,87768308823
SRB,1999,78705785762
SRB,2000,83471493702
SRB,2001,89129624837
SRB,2002,94959636555
SRB,2003,99289501144
SRB,2004,1.05929E+11
SRB,2005,1.12182E+11
SRB,2006,1.16558E+11
SRB,2007,1.25687E+11
SRB,2008,1.32174E+11
SRB,2009,1.2802E+11
SRB,2010,1.30082E+11
SRB,2011,1.30153E+11
SRB,2012,1.29575E+11
SRB,2013,1.3016E+11
SRB,2014,1.27812E+11
SRB,2015,1.29468E+11
SRB,2016,1.3332E+11
SRB,2017,1.36471E+11
SRB,2018,1.42816E+11
SRB,2019,1.496E+11
SRB,2020,1.48179E+11
SRB,2021,1.59957E+11
SRB,2022,1.64166E+11
SRB,2023,1.70482E+11
SRB,2024,1.77093E+11
SYC,1990,1075888256
SYC,1991,1105587358
SYC,1992,1184891625
SYC,1993,1271428653
SYC,1994,1240449419
SYC,1995,1246466054
SYC,1996,1371087057
SYC,1997,1538272501
SYC,1998,1576228466
SYC,1999,1605735544
SYC,2000,1674030661
SYC,2001,1636010698
SYC,2002,1655852774
SYC,2003,1558370594
SYC,2004,1513949957
SYC,2005,1650292683
SYC,2006,1805521335
SYC,2007,1965780608
SYC,2008,1912194485
SYC,2009,1864783995
SYC,2010,1948794976
SYC,2011,2134121157
SYC,2012,2200506804
SYC,2013,2228095328
SYC,2014,2318638255
SYC,2015,2525321875
SYC,2016,2831328441
SYC,2017,3028223613
SYC,2018,3177801892
SYC,2019,3353035170
SYC,2020,2959393508
SYC,2021,2975737695
SYC,2022,3353967909
SYC,2023,3429742537
SYC,2024,3548606461
SLE,1990,11356748561
SLE,1991,11623854902
SLE,1992,9413821860
SLE,1993,9543219543
SLE,1994,9357376293
SLE,1995,8608809357
SLE,1996,8759792402
SLE,1997,8244972329
SLE,1998,8392146127
SLE,1999,8226041498
SLE,2000,8773297814
SLE,2001,8216592097
SLE,2002,10395972079
SLE,2003,11381887755
SLE,2004,12119302729
SLE,2005,12646916560
SLE,2006,13188597971
SLE,2007,13683138485
SLE,2008,14187507138
SLE,2009,14404689957
SLE,2010,15320203933
SLE,2011,16561240828
SLE,2012,18313143810
SLE,2013,20998459387
SLE,2014,19357426610
SLE,2015,18512797700
SLE,2016,19704547301
SLE,2017,20336641765
SLE,2018,20925154977
SLE,2019,22076605441
SLE,2020,21799908521
SLE,2021,23085417016
SLE,2022,24312073257
SLE,2023,25700297964
SLE,2024,26728309889
SGP,1990,1.38851E+11
SGP,1991,1.48138E+11
SGP,1992,1.57974E+11
SGP,1993,1.76077E+11
SGP,1994,1.95614E+11
SGP,1995,2.0965E+11
SGP,1996,2.25314E+11
SGP,1997,2.44052E+11
SGP,1998,2.38705E+11
SGP,1999,2.52355E+11
SGP,2000,2.75163E+11
SGP,2001,2.72217E+11
SGP,2002,2.82897E+11
SGP,2003,2.95764E+11
SGP,2004,3.25162E+11
SGP,2005,3.49115E+11
SGP,2006,3.80559E+11
SGP,2007,4.14891E+11
SGP,2008,4.22622E+11
SGP,2009,4.23163E+11
SGP,2010,4.84605E+11
SGP,2011,5.14723E+11
SGP,2012,5.37554E+11
SGP,2013,5.63451E+11
SGP,2014,5.85626E+11
SGP,2015,6.03059E+11
SGP,2016,6.25659E+11
SGP,2017,6.53669E+11
SGP,2018,6.76234E+11
SGP,2019,6.85079E+11
SGP,2020,6.58945E+11
SGP,2021,7.23237E+11
SGP,2022,7.52948E+11
SGP,2023,7.66662E+11
SGP,2024,8.00304E+11
SXM,2009,1707402664
SXM,2010,1762039424
SXM,2011,1843093298
SXM,2012,1868722332
SXM,2013,1893141506
SXM,2014,1923060378
SXM,2015,1925095229
SXM,2016,1943725499
SXM,2017,1797261623
SXM,2018,1674023699
SXM,2019,1857580414
SXM,2020,1610210354
SXM,2021,1683919292
SXM,2022,1848943401
SXM,2023,1919203250
SXM,2024,1986375364
SVK,1990,92847006327
SVK,1991,79315666837
SVK,1992,73984473341
SVK,1993,75391161405
SVK,1994,80069582935
SVK,1995,84748444449
SVK,1996,89934692277
SVK,1997,94868365767
SVK,1998,98498131648
SVK,1999,98031978198
SVK,2000,98805670567
SVK,2001,1.01696E+11
SVK,2002,1.06188E+11
SVK,2003,1.11345E+11
SVK,2004,1.17346E+11
SVK,2005,1.24956E+11
SVK,2006,1.36109E+11
SVK,2007,1.50834E+11
SVK,2008,1.58924E+11
SVK,2009,1.50175E+11
SVK,2010,1.60373E+11
SVK,2011,1.64482E+11
SVK,2012,1.67063E+11
SVK,2013,1.68238E+11
SVK,2014,1.72794E+11
SVK,2015,1.81739E+11
SVK,2016,1.85279E+11
SVK,2017,1.90605E+11
SVK,2018,1.98348E+11
SVK,2019,2.02862E+11
SVK,2020,1.97617E+11
SVK,2021,2.08881E+11
SVK,2022,2.09794E+11
SVK,2023,2.14343E+11
SVK,2024,2.18762E+11
SVN,1990,50656201416
SVN,1991,46147744817
SVN,1992,43626371509
SVN,1993,44866852182
SVN,1994,47257127335
SVN,1995,49198052389
SVN,1996,50631495577
SVN,1997,53249821486
SVN,1998,54881303340
SVN,1999,57772454244
SVN,2000,59793288141
SVN,2001,61484651790
SVN,2002,63502936957
SVN,2003,65531875588
SVN,2004,68510969163
SVN,2005,71151469411
SVN,2006,75355654130
SVN,2007,80735468570
SVN,2008,83458061254
SVN,2009,77123105224
SVN,2010,77980819961
SVN,2011,78491935988
SVN,2012,76203473908
SVN,2013,75575727661
SVN,2014,77663759014
SVN,2015,79522490584
SVN,2016,81935532860
SVN,2017,86175206839
SVN,2018,89948891080
SVN,2019,93101827574
SVN,2020,89298617034
SVN,2021,96790459870
SVN,2022,99403065465
SVN,2023,1.01503E+11
SVN,2024,1.03118E+11
SLB,1990,779674239
SLB,1991,826454705
SLB,1992,931414439
SLB,1993,968671012
SLB,1994,1047133376
SLB,1995,1152774635
SLB,1996,1171333242
SLB,1997,1160626352
SLB,1998,1175615983
SLB,1999,1169905655
SLB,2000,1002878229
SLB,2001,923083159
SLB,2002,897236988
SLB,2003,955767946
SLB,2004,1029202464
SLB,2005,1104929555
SLB,2006,1150654637
SLB,2007,1192534697
SLB,2008,1266781544
SLB,2009,1303065561
SLB,2010,1429572224
SLB,2011,1535788720
SLB,2012,1573661291
SLB,2013,1656085581
SLB,2014,1675780040
SLB,2015,1703868562
SLB,2016,1798513887
SLB,2017,1853824448
SLB,2018,1904730383
SLB,2019,1938035861
SLB,2020,1872508009
SLB,2021,1920525664
SLB,2022,1966665936
SLB,2023,2018907701
SLB,2024,2070174670
SOM,1991,5702889586
SOM,1992,5218809870
SOM,1993,5427071510
SOM,1994,4458502628
SOM,1995,4636423474
SOM,1996,5009470805
SOM,1997,5068607199
SOM,1998,5402450670
SOM,1999,5797817975
SOM,2000,6210061056
SOM,2001,6651615916
SOM,2002,7159151990
SOM,2003,7705414423
SOM,2004,8253293607
SOM,2005,8840128724
SOM,2006,9413532246
SOM,2007,10043707224
SOM,2008,10716068331
SOM,2009,11433439658
SOM,2010,12198834346
SOM,2011,13015467248
SOM,2012,13886768431
SOM,2013,15408660851
SOM,2014,16792051332
SOM,2015,18548867333
SOM,2016,19853756518
SOM,2017,22779365499
SOM,2018,23247325438
SOM,2019,23903902757
SOM,2020,23245952366
SOM,2021,24049850383
SOM,2022,24705717291
SOM,2023,25747405283
SOM,2024,26770174820
ZAF,1990,4.41053E+11
ZAF,1991,4.36562E+11
ZAF,1992,4.27233E+11
ZAF,1993,4.32503E+11
ZAF,1994,4.46343E+11
ZAF,1995,4.6018E+11
ZAF,1996,4.79967E+11
ZAF,1997,4.92447E+11
ZAF,1998,4.94909E+11
ZAF,1999,5.06787E+11
ZAF,2000,5.28072E+11
ZAF,2001,5.4233E+11
ZAF,2002,5.62398E+11
ZAF,2003,5.78983E+11
ZAF,2004,6.05353E+11
ZAF,2005,6.37298E+11
ZAF,2006,6.73011E+11
ZAF,2007,7.09088E+11
ZAF,2008,7.31715E+11
ZAF,2009,7.20461E+11
ZAF,2010,7.42361E+11
ZAF,2011,7.65883E+11
ZAF,2012,7.84235E+11
ZAF,2013,8.03727E+11
ZAF,2014,8.15091E+11
ZAF,2015,8.25865E+11
ZAF,2016,8.31353E+11
ZAF,2017,8.4098E+11
ZAF,2018,8.54072E+11
ZAF,2019,8.56292E+11
ZAF,2020,8.03468E+11
ZAF,2021,8.4328E+11
ZAF,2022,8.59399E+11
ZAF,2023,8.65402E+11
ZAF,2024,8.7042E+11
,1990,2.25064E+12
,1991,2.28453E+12
,1992,2.40833E+12
,1993,2.524E+12
,1994,2.68446E+12
,1995,2.87748E+12
,1996,3.0813E+12
,1997,3.21043E+12
,1998,3.40266E+12
,1999,3.6823E+12
,2000,3.83256E+12
,2001,4.01019E+12
,2002,4.16118E+12
,2003,4.47127E+12
,2004,4.80877E+12
,2005,5.17744E+12
,2006,5.58506E+12
,2007,6.00591E+12
,2008,6.21449E+12
,2009,6.67561E+12
,2010,7.22172E+12
,2011,7.61386E+12
,2012,8.04259E+12
,2013,8.54495E+12
,2014,9.16395E+12
,2015,9.87053E+12
,2016,1.06585E+13
,2017,1.13817E+13
,2018,1.2113E+13
,2019,1.26147E+13
,2020,1.19947E+13
,2021,1.31034E+13
,2022,1.40444E+13
,2023,1.52445E+13
,2024,1.61925E+13
KOR,1990,5.9331E+11
KOR,1991,6.57258E+11
KOR,1992,6.97999E+11
KOR,1993,7.46003E+11
KOR,1994,8.15148E+11
KOR,1995,8.93521E+11
KOR,1996,9.64026E+11
KOR,1997,1.02351E+12
KOR,1998,9.71011E+11
KOR,1999,1.08236E+12
KOR,2000,1.18043E+12
KOR,2001,1.23771E+12
KOR,2002,1.33332E+12
KOR,2003,1.37528E+12
KOR,2004,1.44676E+12
KOR,2005,1.5091E+12
KOR,2006,1.58854E+12
KOR,2007,1.68067E+12
KOR,2008,1.73131E+12
KOR,2009,1.74503E+12
KOR,2010,1.86378E+12
KOR,2011,1.93247E+12
KOR,2012,1.9789E+12
KOR,2013,2.04153E+12
KOR,2014,2.1069E+12
KOR,2015,2.16609E+12
KOR,2016,2.22992E+12
KOR,2017,2.30038E+12
KOR,2018,2.36726E+12
KOR,2019,2.42038E+12
KOR,2020,2.40321E+12
KOR,2021,2.50666E+12
KOR,2022,2.57215E+12
KOR,2023,2.60705E+12
ESP,1990,1.23494E+12
ESP,1991,1.26638E+12
ESP,1992,1.27815E+12
ESP,1993,1.26497E+12
ESP,1994,1.29511E+12
ESP,1995,1.33082E+12
ESP,1996,1.36552E+12
ESP,1997,1.41451E+12
ESP,1998,1.47536E+12
ESP,1999,1.54041E+12
ESP,2000,1.62052E+12
ESP,2001,1.68403E+12
ESP,2002,1.73043E+12
ESP,2003,1.78129E+12
ESP,2004,1.83677E+12
ESP,2005,1.902E+12
ESP,2006,1.97891E+12
ESP,2007,2.04883E+12
ESP,2008,2.06455E+12
ESP,2009,1.98676E+12
ESP,2010,1.98863E+12
ESP,2011,1.9759E+12
ESP,2012,1.91929E+12
ESP,2013,1.89189E+12
ESP,2014,1.92066E+12
ESP,2015,1.99865E+12
ESP,2016,2.05692E+12
ESP,2017,2.11649E+12
ESP,2018,2.16719E+12
ESP,2019,2.20969E+12
ESP,2020,1.96795E+12
ESP,2021,2.09947E+12
ESP,2022,2.2292E+12
ESP,2023,2.28885E+12
ESP,2024,2.36095E+12
LKA,1990,74593031179
LKA,1991,78024301098
LKA,1992,81457363521
LKA,1993,87077973127
LKA,1994,91954268850
LKA,1995,97011832013
LKA,1996,1.00698E+11
LKA,1997,1.07148E+11
LKA,1998,1.12183E+11
LKA,1999,1.17007E+11
LKA,2000,1.24028E+11
LKA,2001,1.22111E+11
LKA,2002,1.26952E+11
LKA,2003,1.34493E+11
LKA,2004,1.41817E+11
LKA,2005,1.50669E+11
LKA,2006,1.62222E+11
LKA,2007,1.73248E+11
LKA,2008,1.83557E+11
LKA,2009,1.90053E+11
LKA,2010,2.05287E+11
LKA,2011,2.23084E+11
LKA,2012,2.42341E+11
LKA,2013,2.52161E+11
LKA,2014,2.68243E+11
LKA,2015,2.79525E+11
LKA,2016,2.93652E+11
LKA,2017,3.12624E+11
LKA,2018,3.19845E+11
LKA,2019,3.1914E+11
LKA,2020,3.04382E+11
LKA,2021,3.17188E+11
LKA,2022,2.93878E+11
LKA,2023,2.87031E+11
LKA,2024,3.01407E+11
,1990,1.75037E+12
,1991,1.75856E+12
,1992,1.74963E+12
,1993,1.73241E+12
,1994,1.74902E+12
,1995,1.81118E+12
,1996,1.90543E+12
,1997,1.98609E+12
,1998,2.03871E+12
,1999,2.08603E+12
,2000,2.15728E+12
,2001,2.24933E+12
,2002,2.3855E+12
,2003,2.48322E+12
,2004,2.64859E+12
,2005,2.81152E+12
,2006,2.98407E+12
,2007,3.1685E+12
,2008,3.33651E+12
,2009,3.43735E+12
,2010,3.64369E+12
,2011,3.81133E+12
,2012,3.96311E+12
,2013,4.16235E+12
,2014,4.36643E+12
,2015,4.50455E+12
,2016,4.58045E+12
,2017,4.70837E+12
,2018,4.84755E+12
,2019,4.9868E+12
,2020,4.89666E+12
,2021,5.11049E+12
,2022,5.30737E+12
,2023,5.44453E+12
,2024,5.6416E+12
SDN,1990,65832468679
SDN,1991,70777086386
SDN,1992,75432705020
SDN,1993,78879036120
SDN,1994,79672740052
SDN,1995,84450787779
SDN,1996,89449534427
SDN,1997,1.0583E+11
SDN,1998,1.1039E+11
SDN,1999,1.13816E+11
SDN,2000,1.21039E+11
SDN,2001,1.28907E+11
SDN,2002,1.3665E+11
SDN,2003,1.45243E+11
SDN,2004,1.5271E+11
SDN,2005,1.61328E+11
SDN,2006,1.71866E+11
SDN,2007,1.81722E+11
SDN,2008,1.88713E+11
SDN,2009,1.8349E+11
SDN,2010,1.90569E+11
SDN,2011,1.84445E+11
SDN,2012,1.53081E+11
SDN,2013,1.56074E+11
SDN,2014,1.63349E+11
SDN,2015,1.66469E+11
SDN,2016,1.72242E+11
SDN,2017,1.73464E+11
SDN,2018,1.68813E+11
SDN,2019,1.65136E+11
SDN,2020,1.59142E+11
SDN,2021,1.56168E+11
SDN,2022,1.54672E+11
SDN,2023,1.09147E+11
SDN,2024,94419727846
SUR,1990,7069161061
SUR,1991,7260028349
SUR,1992,7289068463
SUR,1993,6800701010
SUR,1994,7031924770
SUR,1995,7031924770
SUR,1996,7102244104
SUR,1997,7507071853
SUR,1998,7679734630
SUR,1999,7572218309
SUR,2000,7731234807
SUR,2001,8055946702
SUR,2002,8281513265
SUR,2003,8803248554
SUR,2004,9551524697
SUR,2005,9981343329
SUR,2006,10559616805
SUR,2007,11099370327
SUR,2008,11559262393
SUR,2009,11907623766
SUR,2010,12523108019
SUR,2011,13255630651
SUR,2012,13612253476
SUR,2013,14011560990
SUR,2014,14047360953
SUR,2015,13567918528
SUR,2016,12901508432
SUR,2017,13103550934
SUR,2018,13751950156
SUR,2019,13912516519
SUR,2020,11689965333
SUR,2021,11405269573
SUR,2022,11679705719
SUR,2023,11976319643
SUR,2024,12316397542
SWE,1990,3.44111E+11
SWE,1991,3.40168E+11
SWE,1992,3.36227E+11
SWE,1993,3.29282E+11
SWE,1994,3.42504E+11
SWE,1995,3.56527E+11
SWE,1996,3.62606E+11
SWE,1997,3.73719E+11
SWE,1998,3.89586E+11
SWE,1999,4.05953E+11
SWE,2000,4.24753E+11
SWE,2001,4.30533E+11
SWE,2002,4.40339E+11
SWE,2003,4.48622E+11
SWE,2004,4.67372E+11
SWE,2005,4.80426E+11
SWE,2006,5.02891E+11
SWE,2007,5.19109E+11
SWE,2008,5.14317E+11
SWE,2009,4.9243E+11
SWE,2010,5.20748E+11
SWE,2011,5.37224E+11
SWE,2012,5.34997E+11
SWE,2013,5.41084E+11
SWE,2014,5.53506E+11
SWE,2015,5.77917E+11
SWE,2016,5.91496E+11
SWE,2017,6.02292E+11
SWE,2018,6.13753E+11
SWE,2019,6.29402E+11
SWE,2020,6.1678E+11
SWE,2021,6.53402E+11
SWE,2022,6.62937E+11
SWE,2023,6.6218E+11
SWE,2024,6.68628E+11
CHE,1990,4.29865E+11
CHE,1991,4.25929E+11
CHE,1992,4.25742E+11
CHE,1993,4.25206E+11
CHE,1994,4.30605E+11
CHE,1995,4.32676E+11
CHE,1996,4.34715E+11
CHE,1997,4.44545E+11
CHE,1998,4.58015E+11
CHE,1999,4.6563E+11
CHE,2000,4.84063E+11
CHE,2001,4.9169E+11
CHE,2002,4.9133E+11
CHE,2003,4.91171E+11
CHE,2004,5.04441E+11
CHE,2005,5.18312E+11
CHE,2006,5.39426E+11
CHE,2007,5.60552E+11
CHE,2008,5.76292E+11
CHE,2009,5.63053E+11
CHE,2010,5.81315E+11
CHE,2011,5.91854E+11
CHE,2012,5.98834E+11
CHE,2013,6.09566E+11
CHE,2014,6.2389E+11
CHE,2015,6.34151E+11
CHE,2016,6.47269E+11
CHE,2017,6.5609E+11
CHE,2018,6.74857E+11
CHE,2019,6.82564E+11
CHE,2020,6.67945E+11
CHE,2021,7.05081E+11
CHE,2022,7.26544E+11
CHE,2023,7.31508E+11
CHE,2024,7.41035E+11
SYR,1990,73316725295
SYR,1991,78937528716
SYR,1992,89177928601
SYR,1993,94663169864
SYR,1994,1.01491E+11
SYR,1995,1.08623E+11
SYR,1996,1.19295E+11
SYR,1997,1.25289E+11
SYR,1998,1.3379E+11
SYR,1999,1.29036E+11
SYR,2000,1.29907E+11
SYR,2001,1.31268E+11
SYR,2002,1.36459E+11
SYR,2003,1.46291E+11
SYR,2004,1.56389E+11
SYR,2005,1.66109E+11
SYR,2006,1.74491E+11
SYR,2007,1.84392E+11
SYR,2008,1.92647E+11
SYR,2009,2.04036E+11
SYR,2010,2.1463E+11
SYR,2011,2.20747E+11
SYR,2012,1.62604E+11
SYR,2013,1.19839E+11
SYR,2014,1.07483E+11
SYR,2015,1.02991E+11
SYR,2016,96393597835
SYR,2017,95696400507
SYR,2018,97029619867
SYR,2019,98214065502
SYR,2020,97529361721
SYR,2021,99337766654
SYR,2022,1.00066E+11
SYR,2023,98857637916
TJK,1990,22529307638
TJK,1991,20929726999
TJK,1992,14860105948
TJK,1993,12423048596
TJK,1994,9776939492
TJK,1995,8563003180
TJK,1996,7132981783
TJK,1997,7252863963
TJK,1998,7638199027
TJK,1999,7920778073
TJK,2000,8580129343
TJK,2001,9402177479
TJK,2002,10417613000
TJK,2003,11563550334
TJK,2004,12754595896
TJK,2005,13609153632
TJK,2006,14561794823
TJK,2007,15697614837
TJK,2008,16937726138
TJK,2009,17598297652
TJK,2010,18742186838
TJK,2011,20129108777
TJK,2012,21638791827
TJK,2013,23240062367
TJK,2014,24797146706
TJK,2015,26289762181
TJK,2016,28103755771
TJK,2017,30099122549
TJK,2018,32386655528
TJK,2019,34783268090
TJK,2020,36313732274
TJK,2021,39727222945
TJK,2022,42905400915
TJK,2023,46466548855
TJK,2024,50369738870
TZA,1990,45548129428
TZA,1991,46491881301
TZA,1992,46763543653
TZA,1993,47327418840
TZA,1994,48069352690
TZA,1995,49785386216
TZA,1996,52047816781
TZA,1997,53882647114
TZA,1998,55880891332
TZA,1999,58598861751
TZA,2000,61247990089
TZA,2001,64966238148
TZA,2002,69574420093
TZA,2003,74216974922
TZA,2004,79786079165
TZA,2005,85751141168
TZA,2006,91352595553
TZA,2007,97535828141
TZA,2008,1.03082E+11
TZA,2009,1.08514E+11
TZA,2010,1.1539E+11
TZA,2011,1.24242E+11
TZA,2012,1.29834E+11
TZA,2013,1.38638E+11
TZA,2014,1.47972E+11
TZA,2015,1.57088E+11
TZA,2016,1.67876E+11
TZA,2017,1.79228E+11
TZA,2018,1.89028E+11
TZA,2019,1.99992E+11
TZA,2020,2.03976E+11
TZA,2021,2.1279E+11
TZA,2022,2.22506E+11
TZA,2023,2.33786E+11
TZA,2024,2.46706E+11
THA,1990,4.7633E+11
THA,1991,5.17096E+11
THA,1992,5.58895E+11
THA,1993,6.05014E+11
THA,1994,6.53398E+11
THA,1995,7.06456E+11
THA,1996,7.46384E+11
THA,1997,7.25832E+11
THA,1998,6.70422E+11
THA,1999,7.01075E+11
THA,2000,7.3231E+11
THA,2001,7.57532E+11
THA,2002,8.04113E+11
THA,2003,8.61923E+11
THA,2004,9.16132E+11
THA,2005,9.54497E+11
THA,2006,1.00191E+12
THA,2007,1.05637E+12
THA,2008,1.0746E+12
THA,2009,1.06718E+12
THA,2010,1.14736E+12
THA,2011,1.157E+12
THA,2012,1.2408E+12
THA,2013,1.27414E+12
THA,2014,1.28669E+12
THA,2015,1.32701E+12
THA,2016,1.3726E+12
THA,2017,1.42994E+12
THA,2018,1.49033E+12
THA,2019,1.52184E+12
THA,2020,1.42977E+12
THA,2021,1.45196E+12
THA,2022,1.48943E+12
THA,2023,1.51948E+12
THA,2024,1.55786E+12
TGO,1990,8682094114
TGO,1991,8621322278
TGO,1992,8278134439
TGO,1993,7028481545
TGO,1994,8081517772
TGO,1995,8715580106
TGO,1996,9485707209
TGO,1997,10849503150
TGO,1998,10599977969
TGO,1999,10863043075
TGO,2000,10777933347
TGO,2001,10866683027
TGO,2002,11282509973
TGO,2003,12040713984
TGO,2004,11922875690
TGO,2005,11366518616
TGO,2006,11667746374
TGO,2007,11530636307
TGO,2008,11995971886
TGO,2009,12650211079
TGO,2010,13390799053
TGO,2011,14170579058
TGO,2012,15063707495
TGO,2013,15941057864
TGO,2014,16839055947
TGO,2015,17759820796
TGO,2016,18508378702
TGO,2017,19250219185
TGO,2018,20173278798
TGO,2019,21166394368
TGO,2020,21588061755
TGO,2021,22881375789
TGO,2022,24199238355
TGO,2023,25749906711
TGO,2024,27114653136
TON,1990,447435576
TON,1991,476138360
TON,1992,477338102
TON,1993,495181278
TON,1994,519705236
TON,1995,552073310
TON,1996,552586287
TON,1997,549267797
TON,1998,561860182
TON,1999,574796802
TON,2000,596375234
TON,2001,605276023
TON,2002,632085051
TON,2003,632412506
TON,2004,619966960
TON,2005,615889743
TON,2006,602551644
TON,2007,587702917
TON,2008,616281978
TON,2009,584671777
TON,2010,589491793
TON,2011,629009539
TON,2012,634794924
TON,2013,637295524
TON,2014,649981132
TON,2015,657220258
TON,2016,700588243
TON,2017,723023319
TON,2018,727994440
TON,2019,726477057
TON,2020,739433019
TON,2021,742114235
TON,2022,724972402
TON,2023,740081956
TTO,1990,14882188253
TTO,1991,15345382651
TTO,1992,16894188978
TTO,1993,16781147465
TTO,1994,17379761303
TTO,1995,18041915113
TTO,1996,19329111481
TTO,1997,20783212438
TTO,1998,22471757833
TTO,1999,24275075421
TTO,2000,25950385667
TTO,2001,27032133716
TTO,2002,29177595692
TTO,2003,33391129234
TTO,2004,36045741208
TTO,2005,38283798887
TTO,2006,43340345481
TTO,2007,45400836390
TTO,2008,46940713392
TTO,2009,44879204353
TTO,2010,46370641162
TTO,2011,46234147135
TTO,2012,49336497089
TTO,2013,50986608765
TTO,2014,52870750137
TTO,2015,52572127177
TTO,2016,48679974310
TTO,2017,46334286468
TTO,2018,45877650453
TTO,2019,46094107348
TTO,2020,41990443713
TTO,2021,41607493861
TTO,2022,42057779455
TTO,2023,42657991660
TTO,2024,43362105898
TUN,1990,56128641746
TUN,1991,58320209991
TUN,1992,62872527463
TUN,1993,64249328216
TUN,1994,66291436138
TUN,1995,67850391855
TUN,1996,72699035794
TUN,1997,76654549258
TUN,1998,80321520823
TUN,1999,85184695317
TUN,2000,89196871393
TUN,2001,92583026945
TUN,2002,93807490386
TUN,2003,98218693376
TUN,2004,1.04343E+11
TUN,2005,1.07981E+11
TUN,2006,1.13644E+11
TUN,2007,1.21269E+11
TUN,2008,1.26408E+11
TUN,2009,1.30255E+11
TUN,2010,1.34125E+11
TUN,2011,1.3138E+11
TUN,2012,1.3692E+11
TUN,2013,1.40247E+11
TUN,2014,1.44581E+11
TUN,2015,1.4598E+11
TUN,2016,1.47612E+11
TUN,2017,1.50915E+11
TUN,2018,1.54876E+11
TUN,2019,1.57336E+11
TUN,2020,1.43157E+11
TUN,2021,1.49937E+11
TUN,2022,1.53945E+11
TUN,2023,1.54006E+11
TUN,2024,1.56086E+11
TUR,1990,6.72762E+11
TUR,1991,6.77607E+11
TUR,1992,7.11729E+11
TUR,1993,7.66185E+11
TUR,1994,7.30419E+11
TUR,1995,7.87963E+11
TUR,1996,8.46112E+11
TUR,1997,9.10228E+11
TUR,1998,9.32111E+11
TUR,1999,9.01695E+11
TUR,2000,9.64211E+11
TUR,2001,9.08769E+11
TUR,2002,9.67364E+11
TUR,2003,1.02312E+12
TUR,2004,1.12334E+12
TUR,2005,1.22435E+12
TUR,2006,1.30942E+12
TUR,2007,1.37546E+12
TUR,2008,1.38667E+12
TUR,2009,1.31979E+12
TUR,2010,1.43101E+12
TUR,2011,1.59129E+12
TUR,2012,1.66748E+12
TUR,2013,1.80898E+12
TUR,2014,1.89834E+12
TUR,2015,2.01385E+12
TUR,2016,2.08077E+12
TUR,2017,2.23687E+12
TUR,2018,2.30427E+12
TUR,2019,2.32313E+12
TUR,2020,2.36634E+12
TUR,2021,2.63703E+12
TUR,2022,2.78295E+12
TUR,2023,2.92519E+12
TUR,2024,3.01833E+12
TKM,1990,29804326740
TKM,1991,28431759044
TKM,1992,24176665797
TKM,1993,24539315826
TKM,1994,20294048427
TKM,1995,18832868633
TKM,1996,20094669355
TKM,1997,17803877003
TKM,1998,19067952331
TKM,1999,22214164370
TKM,2000,23429071266
TKM,2001,24446793974
TKM,2002,24509666221
TKM,2003,25310845190
TKM,2004,26576490575
TKM,2005,30040479624
TKM,2006,33336914076
TKM,2007,37023743238
TKM,2008,42466233494
TKM,2009,45056673786
TKM,2010,49201887769
TKM,2011,56434565235
TKM,2012,62698801955
TKM,2013,69094079818
TKM,2014,76210770019
TKM,2015,81164470001
TKM,2016,86196667114
TKM,2017,91799450517
TKM,2018,97491016395
TKM,2019,1.03633E+11
TKM,2020,1.09747E+11
TKM,2021,1.16552E+11
TKM,2022,1.23778E+11
TKM,2023,1.31576E+11
TKM,2024,1.34555E+11
TCA,2007,574756617
TCA,2008,622299870
TCA,2009,500638710
TCA,2010,505569625
TCA,2011,528929464
TCA,2012,514825265
TCA,2013,520338429
TCA,2014,565666649
TCA,2015,629670865
TCA,2016,675329472
TCA,2017,658512265
TCA,2018,1258660844
TCA,2019,1321363621
TCA,2020,874516799
TCA,2021,1133630688
TCA,2022,1293326643
TCA,2023,1470915240
TCA,2024,1553828160
TUV,1990,26255744
TUV,1991,27203362
TUV,1992,27962006
TUV,1993,29111475
TUV,1994,32105118
TUV,1995,30498432
TUV,1996,28680308
TUV,1997,31549286
TUV,1998,36439793
TUV,1999,35869922
TUV,2000,35521808
TUV,2001,35521808
TUV,2002,38904838
TUV,2003,37213323
TUV,2004,36367565
TUV,2005,34676051
TUV,2006,35521808
TUV,2007,38059080
TUV,2008,40596352
TUV,2009,38059080
TUV,2010,37213323
TUV,2011,39750595
TUV,2012,38904838
TUV,2013,40596352
TUV,2014,40596352
TUV,2015,44825139
TUV,2016,47362411
TUV,2017,48522029
TUV,2018,49195167
TUV,2019,55994972
TUV,2020,53601225
TUV,2021,54568264
TUV,2022,54937860
TUV,2023,57054510
UGA,1990,18976161859
UGA,1991,20030116010
UGA,1992,20714816861
UGA,1993,22439593108
UGA,1994,23876542912
UGA,1995,26627895166
UGA,1996,29043608326
UGA,1997,30524832892
UGA,1998,32022156984
UGA,1999,34601204977
UGA,2000,35688342775
UGA,2001,37538305526
UGA,2002,40816407789
UGA,2003,43458559445
UGA,2004,46416884994
UGA,2005,49356264462
UGA,2006,54679211422
UGA,2007,59279059602
UGA,2008,64441525832
UGA,2009,68824527391
UGA,2010,72704586957
UGA,2011,79532751291
UGA,2012,82584785315
UGA,2013,85547023791
UGA,2014,89915317733
UGA,2015,94579998410
UGA,2016,99101868411
UGA,2017,1.02205E+11
UGA,2018,1.08648E+11
UGA,2019,1.15644E+11
UGA,2020,1.19057E+11
UGA,2021,1.23267E+11
UGA,2022,1.28923E+11
UGA,2023,1.35803E+11
UGA,2024,1.44137E+11
UKR,1990,1.18766E+12
UKR,1991,1.08433E+12
UKR,1992,9.76981E+11
UKR,1993,8.3825E+11
UKR,1994,6.46291E+11
UKR,1995,5.67443E+11
UKR,1996,5.10699E+11
UKR,1997,4.95378E+11
UKR,1998,4.85966E+11
UKR,1999,4.84994E+11
UKR,2000,5.13608E+11
UKR,2001,5.58806E+11
UKR,2002,5.88644E+11
UKR,2003,6.44663E+11
UKR,2004,7.20703E+11
UKR,2005,7.42838E+11
UKR,2006,7.99081E+11
UKR,2007,8.64732E+11
UKR,2008,8.84133E+11
UKR,2009,7.50306E+11
UKR,2010,7.81009E+11
UKR,2011,8.23537E+11
UKR,2012,8.24791E+11
UKR,2013,8.25166E+11
UKR,2014,7.41998E+11
UKR,2015,6.69483E+11
UKR,2016,6.85825E+11
UKR,2017,7.0201E+11
UKR,2018,7.26499E+11
UKR,2019,7.49743E+11
UKR,2020,7.21607E+11
UKR,2021,7.46471E+11
UKR,2022,5.31796E+11
UKR,2023,5.6123E+11
UKR,2024,5.77583E+11
ARE,1990,2.05116E+11
ARE,1991,2.0688E+11
ARE,1992,2.138E+11
ARE,1993,2.16497E+11
ARE,1994,2.31427E+11
ARE,1995,2.46904E+11
ARE,1996,2.61221E+11
ARE,1997,2.82616E+11
ARE,1998,2.83441E+11
ARE,1999,2.91667E+11
ARE,2000,3.23321E+11
ARE,2001,3.27844E+11
ARE,2002,3.35822E+11
ARE,2003,3.65376E+11
ARE,2004,4.0033E+11
ARE,2005,4.19766E+11
ARE,2006,4.6106E+11
ARE,2007,4.75742E+11
ARE,2008,4.90927E+11
ARE,2009,4.65188E+11
ARE,2010,4.72644E+11
ARE,2011,5.02025E+11
ARE,2012,5.11184E+11
ARE,2013,5.37027E+11
ARE,2014,5.59398E+11
ARE,2015,5.97363E+11
ARE,2016,6.30585E+11
ARE,2017,6.35221E+11
ARE,2018,6.43567E+11
ARE,2019,6.507E+11
ARE,2020,6.18444E+11
ARE,2021,6.45376E+11
ARE,2022,6.93842E+11
ARE,2023,7.1895E+11
ARE,2024,7.45994E+11
GBR,1990,1.96405E+12
GBR,1991,1.94238E+12
GBR,1992,1.95017E+12
GBR,1993,1.99873E+12
GBR,1994,2.0756E+12
GBR,1995,2.12815E+12
GBR,1996,2.18309E+12
GBR,1997,2.2906E+12
GBR,1998,2.36855E+12
GBR,1999,2.44098E+12
GBR,2000,2.54696E+12
GBR,2001,2.61249E+12
GBR,2002,2.6594E+12
GBR,2003,2.74323E+12
GBR,2004,2.81066E+12
GBR,2005,2.88747E+12
GBR,2006,2.95621E+12
GBR,2007,3.03381E+12
GBR,2008,3.02626E+12
GBR,2009,2.88643E+12
GBR,2010,2.95089E+12
GBR,2011,2.98448E+12
GBR,2012,3.02952E+12
GBR,2013,3.08405E+12
GBR,2014,3.18257E+12
GBR,2015,3.25332E+12
GBR,2016,3.31584E+12
GBR,2017,3.40392E+12
GBR,2018,3.45175E+12
GBR,2019,3.50783E+12
GBR,2020,3.14663E+12
GBR,2021,3.41648E+12
GBR,2022,3.58181E+12
GBR,2023,3.59603E+12
GBR,2024,3.63561E+12
USA,1990,1.10779E+13
USA,1991,1.10659E+13
USA,1992,1.14557E+13
USA,1993,1.17709E+13
USA,1994,1.22452E+13
USA,1995,1.25739E+13
USA,1996,1.30483E+13
USA,1997,1.36286E+13
USA,1998,1.42395E+13
USA,1999,1.49214E+13
USA,2000,1.55298E+13
USA,2001,1.56782E+13
USA,2002,1.59448E+13
USA,2003,1.63906E+13
USA,2004,1.70213E+13
USA,2005,1.76142E+13
USA,2006,1.81047E+13
USA,2007,1.84675E+13
USA,2008,1.84884E+13
USA,2009,1.80121E+13
USA,2010,1.84975E+13
USA,2011,1.87869E+13
USA,2012,1.9217E+13
USA,2013,1.9624E+13
USA,2014,2.01192E+13
USA,2015,2.07119E+13
USA,2016,2.10887E+13
USA,2017,2.1607E+13
USA,2018,2.22479E+13
USA,2019,2.28228E+13
USA,2020,2.23291E+13
USA,2021,2.36812E+13
USA,2022,2.42761E+13
USA,2023,2.49771E+13
USA,2024,2.56755E+13
VIR,2002,5891955133
VIR,2003,5868618225
VIR,2004,6061454781
VIR,2005,6272715211
VIR,2006,6492573449
VIR,2007,6752964212
VIR,2008,6835257519
VIR,2009,6384486718
VIR,2010,6422562725
VIR,2011,5895639908
VIR,2012,5022348247
VIR,2013,4706685860
VIR,2014,4623164295
VIR,2015,4603512162
VIR,2016,4677207661
VIR,2017,4642816428
VIR,2018,4730022768
VIR,2019,4867587699
VIR,2020,4788979167
VIR,2021,4964620106
VIR,2022,4899522415
,1990,1.24269E+13
,1991,1.2664E+13
,1992,1.30774E+13
,1993,1.36594E+13
,1994,1.41739E+13
,1995,1.4709E+13
,1996,1.55418E+13
,1997,1.64053E+13
,1998,1.67472E+13
,1999,1.72317E+13
,2000,1.82453E+13
,2001,1.88486E+13
,2002,1.97335E+13
,2003,2.08444E+13
,2004,2.24737E+13
,2005,2.40632E+13
,2006,2.60216E+13
,2007,2.83333E+13
,2008,2.99896E+13
,2009,3.07665E+13
,2010,3.32705E+13
,2011,3.54738E+13
,2012,3.73907E+13
,2013,3.93866E+13
,2014,4.11767E+13
,2015,4.28419E+13
,2016,4.4717E+13
,2017,4.69792E+13
,2018,4.91723E+13
,2019,5.11057E+13
,2020,5.06654E+13
,2021,5.4394E+13
,2022,5.61549E+13
,2023,5.86679E+13
,2024,6.10368E+13
URY,1990,43650530878
URY,1991,45195239577
URY,1992,48779939963
URY,1993,50076289359
URY,1994,53722515571
URY,1995,52944828989
URY,1996,55898069188
URY,1997,60676059058
URY,1998,63417943482
URY,1999,62453390858
URY,2000,61248083735
URY,2001,58893627799
URY,2002,54339968248
URY,2003,54777559272
URY,2004,57518716177
URY,2005,61809688403
URY,2006,64343006295
URY,2007,68552011030
URY,2008,73471402512
URY,2009,76589157212
URY,2010,82565722898
URY,2011,86827875346
URY,2012,89900000756
URY,2013,94069148018
URY,2014,97115851334
URY,2015,97475899862
URY,2016,99123045893
URY,2017,1.00848E+11
URY,2018,1.01014E+11
URY,2019,1.01952E+11
URY,2020,94451153281
URY,2021,99971136649
URY,2022,1.04456E+11
URY,2023,1.05231E+11
URY,2024,1.08502E+11
UZB,1990,86251276066
UZB,1991,85826919783
UZB,1992,76214304770
UZB,1993,74461375757
UZB,1994,70589384223
UZB,1995,69954079761
UZB,1996,71143299119
UZB,1997,74842750671
UZB,1998,78060988950
UZB,1999,81417611477
UZB,2000,84539976877
UZB,2001,88060084771
UZB,2002,91559141841
UZB,2003,95434499149
UZB,2004,1.02543E+11
UZB,2005,1.0967E+11
UZB,2006,1.17842E+11
UZB,2007,1.29005E+11
UZB,2008,1.40653E+11
UZB,2009,1.51977E+11
UZB,2010,1.63523E+11
UZB,2011,1.75829E+11
UZB,2012,1.88317E+11
UZB,2013,2.02058E+11
UZB,2014,2.15947E+11
UZB,2015,2.31535E+11
UZB,2016,2.4527E+11
UZB,2017,2.56051E+11
UZB,2018,2.70285E+11
UZB,2019,2.8861E+11
UZB,2020,2.93122E+11
UZB,2021,3.16674E+11
UZB,2022,3.35678E+11
UZB,2023,3.56797E+11
UZB,2024,3.79989E+11
VUT,1990,459244127
VUT,1991,473699472
VUT,1992,485946563
VUT,1993,489520447
VUT,1994,533976081
VUT,1995,539336907
VUT,1996,551889086
VUT,1997,578969250
VUT,1998,585782875
VUT,1999,587758680
VUT,2000,622582260
VUT,2001,601429514
VUT,2002,570165291
VUT,2003,594615889
VUT,2004,618325560
VUT,2005,651129750
VUT,2006,706219868
VUT,2007,726529991
VUT,2008,767222877
VUT,2009,790525764
VUT,2010,800477434
VUT,2011,825610848
VUT,2012,833949911
VUT,2013,837814355
VUT,2014,859388412
VUT,2015,893471065
VUT,2016,924488312
VUT,2017,965282893
VUT,2018,993278320
VUT,2019,1025472334
VUT,2020,974275716
VUT,2021,959152084
VUT,2022,1008895904
VUT,2023,999162154
VUT,2024,1038801497
VNM,1990,1.61663E+11
VNM,1991,1.71299E+11
VNM,1992,1.8611E+11
VNM,1993,2.01134E+11
VNM,1994,2.18912E+11
VNM,1995,2.39798E+11
VNM,1996,2.62195E+11
VNM,1997,2.83569E+11
VNM,1998,2.99915E+11
VNM,1999,3.14232E+11
VNM,2000,3.3556E+11
VNM,2001,3.56341E+11
VNM,2002,3.78865E+11
VNM,2003,4.05003E+11
VNM,2004,4.35525E+11
VNM,2005,4.68396E+11
VNM,2006,5.0108E+11
VNM,2007,5.36804E+11
VNM,2008,5.67197E+11
VNM,2009,5.97814E+11
VNM,2010,6.36213E+11
VNM,2011,6.77014E+11
VNM,2012,7.14281E+11
VNM,2013,7.53949E+11
VNM,2014,8.02369E+11
VNM,2015,8.58432E+11
VNM,2016,9.15861E+11
VNM,2017,9.79423E+11
VNM,2018,1.05254E+12
VNM,2019,1.13E+12
VNM,2020,1.16238E+12
VNM,2021,1.19206E+12
VNM,2022,1.29383E+12
VNM,2023,1.35936E+12
VNM,2024,1.45576E+12
OWID_WRL,1990,5.94506E+13
OWID_WRL,1991,5.99567E+13
OWID_WRL,1992,6.0735E+13
OWID_WRL,1993,6.16597E+13
OWID_WRL,1994,6.33018E+13
OWID_WRL,1995,6.52574E+13
OWID_WRL,1996,6.76713E+13
OWID_WRL,1997,7.03454E+13
OWID_WRL,1998,7.21113E+13
OWID_WRL,1999,7.47213E+13
OWID_WRL,2000,7.83052E+13
OWID_WRL,2001,8.01974E+13
OWID_WRL,2002,8.24118E+13
OWID_WRL,2003,8.54487E+13
OWID_WRL,2004,8.98519E+13
OWID_WRL,2005,9.39776E+13
OWID_WRL,2006,9.88676E+13
OWID_WRL,2007,1.04018E+14
OWID_WRL,2008,1.06936E+14
OWID_WRL,2009,1.06213E+14
OWID_WRL,2010,1.11634E+14
OWID_WRL,2011,1.16041E+14
OWID_WRL,2012,1.19666E+14
OWID_WRL,2013,1.23564E+14
OWID_WRL,2014,1.27815E+14
OWID_WRL,2015,1.32068E+14
OWID_WRL,2016,1.36355E+14
OWID_WRL,2017,1.4155E+14
OWID_WRL,2018,1.46737E+14
OWID_WRL,2019,1.5109E+14
OWID_WRL,2020,1.46875E+14
OWID_WRL,2021,1.56453E+14
OWID_WRL,2022,1.62058E+14
OWID_WRL,2023,1.67633E+14
OWID_WRL,2024,1.73163E+14
ZMB,1990,18882326322
ZMB,1991,18875503499
ZMB,1992,18548783223
ZMB,1993,19809594852
ZMB,1994,18100929747
ZMB,1995,18625434758
ZMB,1996,19783666077
ZMB,1997,20538216584
ZMB,1998,20458991205
ZMB,1999,21410373117
ZMB,2000,22244804500
ZMB,2001,23427531453
ZMB,2002,24483179366
ZMB,2003,26183529803
ZMB,2004,28024859074
ZMB,2005,30052625499
ZMB,2006,32427893191
ZMB,2007,35136412295
ZMB,2008,37867880381
ZMB,2009,41359430886
ZMB,2010,45618717444
ZMB,2011,48159338865
ZMB,2012,51818187350
ZMB,2013,54438911322
ZMB,2014,56993883582
ZMB,2015,58658318773
ZMB,2016,60860997487
ZMB,2017,63006872740
ZMB,2018,65548881175
ZMB,2019,66493641150
ZMB,2020,64641756629
ZMB,2021,68672119764
ZMB,2022,72250777479
ZMB,2023,76129157926
ZMB,2024,79207172680
ZWE,1990,40683908250
ZWE,1991,42934453516
ZWE,1992,39063667773
ZWE,1993,39474406086
ZWE,1994,43119945973
ZWE,1995,43188086564
ZWE,1996,47662673252
ZWE,1997,48940316096
ZWE,1998,50352347869
ZWE,1999,49940555778
ZWE,2000,48412779415
ZWE,2001,49109737241
ZWE,2002,44741905605
ZWE,2003,37137985313
ZWE,2004,34981182695
ZWE,2005,32983378070
ZWE,2006,31841660025
ZWE,2007,30678380115
ZWE,2008,25257833597
ZWE,2009,28610073120
ZWE,2010,34239221638
ZWE,2011,39099107904
ZWE,2012,45615141963
ZWE,2013,46522648617
ZWE,2014,47628485323
ZWE,2015,48476202606
ZWE,2016,48842582863
ZWE,2017,51154991589
ZWE,2018,53717816451
ZWE,2019,50316162716
ZWE,2020,46382982069
ZWE,2021,50310711158
ZWE,2022,53399374351
ZWE,2023,56249176341
ZWE,2024,57390744456
