Code,Year,"GDP per capita, PPP (constant 2021 international $)",World regions according to OWID
AFG,2000,1617.8264,
AFG,2001,1454.1108,
AFG,2002,1774.3087,
AFG,2003,1815.9282,
AFG,2004,1776.9182,
AFG,2005,1908.1147,
AFG,2006,1929.7239,
AFG,2007,2155.353,
AFG,2008,2191.5044,
AFG,2009,2565.022,
AFG,2010,2848.5862,
AFG,2011,2757.0525,
AFG,2012,2985.319,
AFG,2013,3046.5798,
AFG,2014,3017.9426,
AFG,2015,2967.6921,
AFG,2016,2958.7854,
AFG,2017,2952.999,
AFG,2018,2902.392,
AFG,2019,2927.245,
AFG,2020,2769.6858,
AFG,2021,2144.1665,
AFG,2022,1981.7102,
AFG,2023,1983.8126,Asia
ALB,1990,5560.538,
ALB,1991,4027.6746,
ALB,1992,3760.9397,
ALB,1993,4145.682,
ALB,1994,4517.5396,
ALB,1995,5151.102,
ALB,1996,5563.474,
ALB,1997,4942.7207,
ALB,1998,5387.2593,
ALB,1999,6085.6597,
ALB,2000,6581.639,
ALB,2001,7232.5757,
ALB,2002,7590.0547,
ALB,2003,8024.8213,
ALB,2004,8482.808,
ALB,2005,8963.804,
ALB,2006,9563.48,
ALB,2007,10262.378,
ALB,2008,11055.718,
ALB,2009,11429.967,
ALB,2010,11828.375,
ALB,2011,12152.417,
ALB,2012,12292.297,
ALB,2013,12525.081,
ALB,2014,12832.212,
ALB,2015,13156.332,
ALB,2016,13692.479,
ALB,2017,14155.04,
ALB,2018,14710.982,
ALB,2019,15078.507,
ALB,2020,14662.796,
ALB,2021,16126.777,
ALB,2022,17111.953,
ALB,2023,17991.016,Europe
ALB,2024,18919.807,
DZA,1990,11728.546,
DZA,1991,11314.864,
DZA,1992,11241.415,
DZA,1993,10743.706,
DZA,1994,10414.035,
DZA,1995,10588.443,
DZA,1996,10808.879,
DZA,1997,10725.968,
DZA,1998,11094.888,
DZA,1999,11292.037,
DZA,2000,11558.221,
DZA,2001,11742.595,
DZA,2002,12213.126,
DZA,2003,12835.182,
DZA,2004,13226.765,
DZA,2005,13738.496,
DZA,2006,13920.694,
DZA,2007,14114.675,
DZA,2008,14206.776,
DZA,2009,14104.428,
DZA,2010,14496.421,
DZA,2011,14641.964,
DZA,2012,14697.54,
DZA,2013,14778.191,
DZA,2014,15073.763,
DZA,2015,15239.518,
DZA,2016,15511.686,
DZA,2017,15427.664,
DZA,2018,15343.426,
DZA,2019,15199.199,
DZA,2020,14194.155,
DZA,2021,14496.865,
DZA,2022,14782.2,
DZA,2023,15159.324,Africa
DZA,2024,15442.124,
ASM,2023,,Oceania
AND,1990,50036.3,
AND,1991,47624.97,
AND,1992,45246.53,
AND,1993,42605.66,
AND,1994,42716.367,
AND,1995,44375.023,
AND,1996,46386.09,
AND,1997,50032.35,
AND,1998,51092.223,
AND,1999,52921.047,
AND,2000,54809.145,
AND,2001,59109.016,
AND,2002,61188.637,
AND,2003,63656.195,
AND,2004,64353.484,
AND,2005,65114.805,
AND,2006,66390.3,
AND,2007,65534.117,
AND,2008,60691.605,
AND,2009,57203.973,
AND,2010,58285.06,
AND,2011,60470.465,
AND,2012,58172.133,
AND,2013,57332.16,
AND,2014,59929.246,
AND,2015,62105.152,
AND,2016,64402.81,
AND,2017,63239.656,
AND,2018,63048.598,
AND,2019,63215.9,
AND,2020,55488.492,
AND,2021,59332.203,
AND,2022,63913.383,
AND,2023,64631.297,Europe
AND,2024,65928.305,
AGO,1990,7391.7524,
AGO,1991,7218.4414,
AGO,1992,6578.0684,
AGO,1993,4843.156,
AGO,1994,4751.4717,
AGO,1995,5284.703,
AGO,1996,5800.9624,
AGO,1997,6015.187,
AGO,1998,6090.0957,
AGO,1999,6021.229,
AGO,2000,6002.9893,
AGO,2001,6049.163,
AGO,2002,6645.4775,
AGO,2003,6609.215,
AGO,2004,7074.026,
AGO,2005,7845.89,
AGO,2006,8435.455,
AGO,2007,9263.98,
AGO,2008,9916.909,
AGO,2009,9629.092,
AGO,2010,9672.839,
AGO,2011,9627.0205,
AGO,2012,10051.34,
AGO,2013,10150.916,
AGO,2014,10250.593,
AGO,2015,9980.93,
AGO,2016,9381.81,
AGO,2017,9042.117,
AGO,2018,8620.215,
AGO,2019,8274.543,
AGO,2020,7556.968,
AGO,2021,7408.1265,
AGO,2022,7397.4863,
AGO,2023,7250.403,Africa
AGO,2024,7344.1455,
AIA,2023,,North America
ATG,1990,21074.576,
ATG,1991,21424.291,
ATG,1992,21330.273,
ATG,1993,22051.438,
ATG,1994,23081.664,
ATG,1995,21639.602,
ATG,1996,22597.314,
ATG,1997,23350.309,
ATG,1998,23996.115,
ATG,1999,24462.203,
ATG,2000,25547.611,
ATG,2001,24014.775,
ATG,2002,23958.164,
ATG,2003,25136.002,
ATG,2004,26303.617,
ATG,2005,27692.635,
ATG,2006,30827.342,
ATG,2007,33245.27,
ATG,2008,32756.307,
ATG,2009,28405.69,
ATG,2010,25826.61,
ATG,2011,25023.918,
ATG,2012,25592.906,
ATG,2013,25206.846,
ATG,2014,25557.525,
ATG,2015,25734.152,
ATG,2016,26627.715,
ATG,2017,27199.195,
ATG,2018,28878.607,
ATG,2019,29651.863,
ATG,2020,23930.672,
ATG,2021,25745.496,
ATG,2022,27941.785,
ATG,2023,28474.045,North America
ATG,2024,29561.807,
ARG,1990,17007.285,
ARG,1991,18295.61,
ARG,1992,19476.283,
ARG,1993,20791.346,
ARG,1994,21711.844,
ARG,1995,20819.5,
ARG,1996,21695.596,
ARG,1997,23172.158,
ARG,1998,23783.102,
ARG,1999,22714.512,
ARG,2000,22281.38,
ARG,2001,21066.459,
ARG,2002,18571.701,
ARG,2003,20005.139,
ARG,2004,21591.45,
ARG,2005,23262.408,
ARG,2006,24877.25,
ARG,2007,26850.664,
ARG,2008,27658.484,
ARG,2009,25747.197,
ARG,2010,28056.258,
ARG,2011,29425.76,
ARG,2012,28825.967,
ARG,2013,29227.66,
ARG,2014,28200.814,
ARG,2015,28669.207,
ARG,2016,27802.105,
ARG,2017,28334.904,
ARG,2018,27367.115,
ARG,2019,26629.553,
ARG,2020,23877.094,
ARG,2021,26300.273,
ARG,2022,27627.963,
ARG,2023,27104.98,South America
ARG,2024,26547.05,
ARM,1990,6137.6006,
ARM,1991,5326.753,
ARM,1992,3136.7244,
ARM,1993,2958.8804,
ARM,1994,3200.8965,
ARM,1995,3480.7559,
ARM,1996,3717.3357,
ARM,1997,3879.1794,
ARM,1998,4211.5127,
ARM,1999,4406.9673,
ARM,2000,4589.0083,
ARM,2001,5044.1167,
ARM,2002,5731.3535,
ARM,2003,6569.2603,
ARM,2004,7299.4,
ARM,2005,8362.9,
ARM,2006,9525.231,
ARM,2007,10898.849,
ARM,2008,11727.482,
ARM,2009,10143.235,
ARM,2010,10438.564,
ARM,2011,10990.177,
ARM,2012,11796.274,
ARM,2013,12194.019,
ARM,2014,12667.376,
ARM,2015,13112.76,
ARM,2016,13192.994,
ARM,2017,14243.875,
ARM,2018,15037.045,
ARM,2019,16215.36,
ARM,2020,15052.936,
ARM,2021,15921.705,
ARM,2022,17886.178,
ARM,2023,19402.752,Asia
ARM,2024,20078.785,
ABW,1990,34579.22,
ABW,1991,35552.086,
ABW,1992,35947.37,
ABW,1993,36124.305,
ABW,1994,37118.273,
ABW,1995,37009.65,
ABW,1996,35997.855,
ABW,1997,37070.01,
ABW,1998,36889.42,
ABW,1999,36842.957,
ABW,2000,39244.83,
ABW,2001,40505.53,
ABW,2002,39846.062,
ABW,2003,39832.58,
ABW,2004,41834.926,
ABW,2005,40608.82,
ABW,2006,40335.418,
ABW,2007,41272.28,
ABW,2008,41710.496,
ABW,2009,36590.56,
ABW,2010,35508.594,
ABW,2011,36435.555,
ABW,2012,35530.26,
ABW,2013,37255.35,
ABW,2014,36275.68,
ABW,2015,35682.3,
ABW,2016,36021.832,
ABW,2017,38558.004,
ABW,2018,39419.555,
ABW,2019,38435.426,
ABW,2020,28521.69,
ABW,2021,35696.31,
ABW,2022,38877.676,
ABW,2023,40516.81,North America
AUS,1990,36205.273,
AUS,1991,35610.08,
AUS,1992,35364.43,
AUS,1993,36469.67,
AUS,1994,37557.84,
AUS,1995,38585.17,
AUS,1996,39592.535,
AUS,1997,40699.117,
AUS,1998,42174.535,
AUS,1999,43813.004,
AUS,2000,45013.01,
AUS,2001,45338.684,
AUS,2002,46609.746,
AUS,2003,47500.836,
AUS,2004,48980.895,
AUS,2005,49914.516,
AUS,2006,50602.35,
AUS,2007,51562.094,
AUS,2008,52351.586,
AUS,2009,52254.324,
AUS,2010,52589.816,
AUS,2011,53112.53,
AUS,2012,54237.594,
AUS,2013,54699.35,
AUS,2014,55288.117,
AUS,2015,55691.7,
AUS,2016,56341.52,
AUS,2017,56684.65,
AUS,2018,57450.383,
AUS,2019,57837.062,
AUS,2020,57059.742,
AUS,2021,58182.336,
AUS,2022,59883.65,
AUS,2023,60461.156,Oceania
AUS,2024,60082.004,
AUT,1990,43310.914,
AUT,1991,44356.434,
AUT,1992,44789.395,
AUT,1993,44655.582,
AUT,1994,45552.605,
AUT,1995,46696.395,
AUT,1996,47666.676,
AUT,1997,48634.38,
AUT,1998,50277.92,
AUT,1999,52067.934,
AUT,2000,53599.61,
AUT,2001,54098.027,
AUT,2002,54631.6,
AUT,2003,54986.742,
AUT,2004,56048.48,
AUT,2005,56959.637,
AUT,2006,58531.51,
AUT,2007,60544.633,
AUT,2008,61232.55,
AUT,2009,58882.14,
AUT,2010,59803.37,
AUT,2011,61346.96,
AUT,2012,61451.55,
AUT,2013,60937.258,
AUT,2014,60919.84,
AUT,2015,61026,
AUT,2016,61647.78,
AUT,2017,62612.14,
AUT,2018,63855.78,
AUT,2019,64688.145,
AUT,2020,60349.902,
AUT,2021,62968.94,
AUT,2022,65661.45,
AUT,2023,64394.09,Europe
AUT,2024,63314.46,
OWID_AUH,2023,,Europe
AZE,1990,10776.067,
AZE,1991,10559.212,
AZE,1992,8050.2163,
AZE,1993,6097.4863,
AZE,1994,4830.699,
AZE,1995,4211.721,
AZE,1996,4223.523,
AZE,1997,4425.5884,
AZE,1998,4822.16,
AZE,1999,5133.748,
AZE,2000,5656.9297,
AZE,2001,6168.9854,
AZE,2002,6701.0815,
AZE,2003,7329.4062,
AZE,2004,7937.8594,
AZE,2005,10054.101,
AZE,2006,13371.658,
AZE,2007,16587.365,
AZE,2008,17963.021,
AZE,2009,19242.39,
AZE,2010,19925.39,
AZE,2011,19358.078,
AZE,2012,19523.373,
AZE,2013,20398.646,
AZE,2014,20709.201,
AZE,2015,20678.754,
AZE,2016,19822.41,
AZE,2017,19659.004,
AZE,2018,19781.852,
AZE,2019,20101.492,
AZE,2020,19126.098,
AZE,2021,20111.375,
AZE,2022,21051.244,
AZE,2023,21310.738,Asia
AZE,2024,22072.105,
BHS,1990,33072.08,
BHS,1991,31148.826,
BHS,1992,29412.807,
BHS,1993,28955.28,
BHS,1994,29346.287,
BHS,1995,30128.117,
BHS,1996,30907.744,
BHS,1997,30838.947,
BHS,1998,31836.447,
BHS,1999,33657.72,
BHS,2000,34597.074,
BHS,2001,35072.277,
BHS,2002,35610.59,
BHS,2003,34740.676,
BHS,2004,34617.72,
BHS,2005,35365.38,
BHS,2006,35789.043,
BHS,2007,35797.027,
BHS,2008,34497.95,
BHS,2009,32630.182,
BHS,2010,32711.377,
BHS,2011,32535.58,
BHS,2012,33667.496,
BHS,2013,32402.836,
BHS,2014,32712.662,
BHS,2015,32777.395,
BHS,2016,32172.229,
BHS,2017,33049.87,
BHS,2018,33650.24,
BHS,2019,33202.355,
BHS,2020,26452.525,
BHS,2021,31064.682,
BHS,2022,34342.79,
BHS,2023,35221.31,North America
BHS,2024,36244.035,
BHR,1990,41856.543,
BHR,1991,47644.023,
BHR,1992,49511.95,
BHR,1993,54433.137,
BHR,1994,52886.58,
BHR,1995,53537.684,
BHR,1996,54289.438,
BHR,1997,54512.855,
BHR,1998,55638.695,
BHR,1999,56522.227,
BHR,2000,57968.996,
BHR,2001,57280.7,
BHR,2002,55096.656,
BHR,2003,54431.875,
BHR,2004,54045.094,
BHR,2005,53478.266,
BHR,2006,52691.934,
BHR,2007,52731.793,
BHR,2008,52765.39,
BHR,2009,50665.75,
BHR,2010,50704.848,
BHR,2011,53132.33,
BHR,2012,54516.84,
BHR,2013,55376.402,
BHR,2014,55065.82,
BHR,2015,54149.914,
BHR,2016,54107.074,
BHR,2017,53859.773,
BHR,2018,54893.074,
BHR,2019,56749.96,
BHR,2020,53814.246,
BHR,2021,54954.676,
BHR,2022,57572.996,
BHR,2023,57819.906,Asia
BHR,2024,59129.14,
BGD,1990,2069.7822,
BGD,1991,2101.3835,
BGD,1992,2174.3823,
BGD,1993,2234.81,
BGD,1994,2279.0942,
BGD,1995,2351.7039,
BGD,1996,2413.543,
BGD,1997,2475.5957,
BGD,1998,2555.0613,
BGD,1999,2624.0654,
BGD,2000,2712.935,
BGD,2001,2803.5547,
BGD,2002,2866.4346,
BGD,2003,2958.915,
BGD,2004,3071.838,
BGD,2005,3231.6138,
BGD,2006,3407.4272,
BGD,2007,3608.9155,
BGD,2008,3787.9382,
BGD,2009,3942.1362,
BGD,2010,4125.464,
BGD,2011,4352.4263,
BGD,2012,4592.0483,
BGD,2013,4822.726,
BGD,2014,5068.6396,
BGD,2015,5352.7114,
BGD,2016,5682.5356,
BGD,2017,6005.707,
BGD,2018,6392.5933,
BGD,2019,6838.326,
BGD,2020,7015.1978,
BGD,2021,7441.0693,
BGD,2022,7888.164,
BGD,2023,8242.398,Asia
BGD,2024,8486.785,
BRB,1990,16976.762,
BRB,1991,16264.93,
BRB,1992,15286.356,
BRB,1993,15362.728,
BRB,1994,15636.116,
BRB,1995,15925.521,
BRB,1996,16543.328,
BRB,1997,17320.367,
BRB,1998,17963.139,
BRB,1999,18017.693,
BRB,2000,18851.576,
BRB,2001,18380.26,
BRB,2002,18404.15,
BRB,2003,18689.342,
BRB,2004,18845.24,
BRB,2005,19488.002,
BRB,2006,20571.81,
BRB,2007,20899.99,
BRB,2008,20922.408,
BRB,2009,19770.527,
BRB,2010,19253.408,
BRB,2011,19050.566,
BRB,2012,18936.088,
BRB,2013,18695.684,
BRB,2014,18665.178,
BRB,2015,18464.664,
BRB,2016,18754.666,
BRB,2017,18740.35,
BRB,2018,18484.697,
BRB,2019,18572.51,
BRB,2020,15749.038,
BRB,2021,15683.885,
BRB,2022,18469.576,
BRB,2023,19224.463,North America
BRB,2024,19945.736,
BLR,1990,12351.636,
BLR,1991,12197.788,
BLR,1992,11002.602,
BLR,1993,10143.984,
BLR,1994,8967.73,
BLR,1995,8061.196,
BLR,1996,8314.856,
BLR,1997,9301.327,
BLR,1998,10128.156,
BLR,1999,10519.749,
BLR,2000,11182.455,
BLR,2001,11771.087,
BLR,2002,12443.933,
BLR,2003,13413.927,
BLR,2004,15052.118,
BLR,2005,16579.873,
BLR,2006,18349.871,
BLR,2007,20019.611,
BLR,2008,22137.947,
BLR,2009,22236.838,
BLR,2010,24012.613,
BLR,2011,25404.756,
BLR,2012,25879.133,
BLR,2013,26147.625,
BLR,2014,26564.436,
BLR,2015,25513.213,
BLR,2016,24846.83,
BLR,2017,25503.98,
BLR,2018,26363.463,
BLR,2019,26798.82,
BLR,2020,26731.496,
BLR,2021,27611.18,
BLR,2022,26537.508,
BLR,2023,27782.438,Europe
BLR,2024,29037.53,
BEL,1990,41658.43,
BEL,1991,42264.715,
BEL,1992,42737.895,
BEL,1993,42161.79,
BEL,1994,43388.41,
BEL,1995,44330.176,
BEL,1996,44828.293,
BEL,1997,46416.473,
BEL,1998,47226.137,
BEL,1999,48787.28,
BEL,2000,50477.992,
BEL,2001,50857.824,
BEL,2002,51494.562,
BEL,2003,51811.69,
BEL,2004,53430.254,
BEL,2005,54370.87,
BEL,2006,55392.05,
BEL,2007,57008.6,
BEL,2008,56812.79,
BEL,2009,55283.086,
BEL,2010,56265.016,
BEL,2011,56610.266,
BEL,2012,56381.688,
BEL,2013,56287.996,
BEL,2014,57028.06,
BEL,2015,57534.4,
BEL,2016,57927.043,
BEL,2017,58555.152,
BEL,2018,59383.88,
BEL,2019,60506.66,
BEL,2020,57358.836,
BEL,2021,60669.215,
BEL,2022,62744.203,
BEL,2023,62920.645,Europe
BEL,2024,63083.184,
BLZ,1990,8243.732,
BLZ,1991,9019.605,
BLZ,1992,9957.971,
BLZ,1993,10356.671,
BLZ,1994,10136.446,
BLZ,1995,9958.204,
BLZ,1996,9773.262,
BLZ,1997,9852.857,
BLZ,1998,9884.917,
BLZ,1999,10450.553,
BLZ,2000,11352.719,
BLZ,2001,11555.907,
BLZ,2002,11816.598,
BLZ,2003,12577.097,
BLZ,2004,12794.806,
BLZ,2005,12702.742,
BLZ,2006,12900.111,
BLZ,2007,12962.467,
BLZ,2008,12398.513,
BLZ,2009,12024.196,
BLZ,2010,11868.438,
BLZ,2011,11584.285,
BLZ,2012,11761.563,
BLZ,2013,12026.071,
BLZ,2014,12249.222,
BLZ,2015,12339.48,
BLZ,2016,12062.798,
BLZ,2017,11574.452,
BLZ,2018,11486.803,
BLZ,2019,11803.088,
BLZ,2020,10032.545,
BLZ,2021,11677.461,
BLZ,2022,12569.818,
BLZ,2023,12455.296,North America
BLZ,2024,13277.936,
BEN,1990,2207.0679,
BEN,1991,2230.4604,
BEN,1992,2226.5667,
BEN,1993,2254.2456,
BEN,1994,2215.3662,
BEN,1995,2300.141,
BEN,1996,2337.6304,
BEN,1997,2399.786,
BEN,1998,2419.1,
BEN,1999,2470.685,
BEN,2000,2536.169,
BEN,2001,2591.065,
BEN,2002,2630.1807,
BEN,2003,2639.0437,
BEN,2004,2672.844,
BEN,2005,2632.4724,
BEN,2006,2652.2185,
BEN,2007,2729.1375,
BEN,2008,2777.6196,
BEN,2009,2758.0725,
BEN,2010,2733.574,
BEN,2011,2732.0125,
BEN,2012,2779.7266,
BEN,2013,2893.0466,
BEN,2014,2987.3823,
BEN,2015,2952.0022,
BEN,2016,2962.6638,
BEN,2017,3041.7793,
BEN,2018,3155.4512,
BEN,2019,3281.1047,
BEN,2020,3317.8596,
BEN,2021,3464.2886,
BEN,2022,3588.3252,
BEN,2023,3721.2126,Africa
BEN,2024,3901.326,
BMU,1990,79747.484,
BMU,1991,76365.05,
BMU,1992,75766.695,
BMU,1993,77503.46,
BMU,1994,77470.3,
BMU,1995,80427.24,
BMU,1996,82122.78,
BMU,1997,85380.836,
BMU,1998,88034.81,
BMU,1999,90290.56,
BMU,2000,98019.93,
BMU,2001,104560.836,
BMU,2002,102559.766,
BMU,2003,105642.98,
BMU,2004,107803.2,
BMU,2005,109335.38,
BMU,2006,115170.9,
BMU,2007,118691.07,
BMU,2008,115942.73,
BMU,2009,108962.82,
BMU,2010,105968.875,
BMU,2011,101989.93,
BMU,2012,96711.07,
BMU,2013,96549.79,
BMU,2014,93042.27,
BMU,2015,93859.875,
BMU,2016,93265.07,
BMU,2017,96437.195,
BMU,2018,95639.23,
BMU,2019,95519.92,
BMU,2020,88618.086,
BMU,2021,92319.67,
BMU,2022,98145.17,
BMU,2023,103052.35,North America
BMU,2024,105322.914,
BTN,1990,3411.3838,
BTN,1991,3338.0095,
BTN,1992,3624.598,
BTN,1993,3850.5513,
BTN,1994,4042.4941,
BTN,1995,4379.8706,
BTN,1996,4616.92,
BTN,1997,4778.705,
BTN,1998,4965.8765,
BTN,1999,5241.3667,
BTN,2000,5287.574,
BTN,2001,5545.6304,
BTN,2002,5991.255,
BTN,2003,6323.541,
BTN,2004,6517.997,
BTN,2005,6850.804,
BTN,2006,7140.856,
BTN,2007,8195.07,
BTN,2008,8470.035,
BTN,2009,9019.118,
BTN,2010,9985.284,
BTN,2011,10714.687,
BTN,2012,11143.944,
BTN,2013,11212.4795,
BTN,2014,11744.519,
BTN,2015,12400.298,
BTN,2016,13320.976,
BTN,2017,13482.343,
BTN,2018,13854.8545,
BTN,2019,14555.188,
BTN,2020,12979.937,
BTN,2021,13458.8125,
BTN,2022,14061.3125,
BTN,2023,14645.266,Asia
BOL,1990,5124.488,
BOL,1991,5283.118,
BOL,1992,5261.6616,
BOL,1993,5378.544,
BOL,1994,5521.66,
BOL,1995,5671.822,
BOL,1996,5810.6743,
BOL,1997,5989.4146,
BOL,1998,6180.55,
BOL,1999,6099.5117,
BOL,2000,6146.0293,
BOL,2001,6144.9785,
BOL,2002,6193.2637,
BOL,2003,6255.5156,
BOL,2004,6407.838,
BOL,2005,6579.3125,
BOL,2006,6778.385,
BOL,2007,6967.57,
BOL,2008,7272.166,
BOL,2009,7392.1626,
BOL,2010,7571.678,
BOL,2011,7837.493,
BOL,2012,8108.205,
BOL,2013,8524.032,
BOL,2014,8851.712,
BOL,2015,9141.929,
BOL,2016,9390.791,
BOL,2017,9642.813,
BOL,2018,9907.0625,
BOL,2019,9985.23,
BOL,2020,9000.976,
BOL,2021,9454.198,
BOL,2022,9681.707,
BOL,2023,9843.97,South America
BOL,2024,9844.276,
BES,2023,,North America
BIH,1990,2413.1367,
BIH,1991,2182.801,
BIH,1992,2150.1965,
BIH,1993,2281.132,
BIH,1994,2656.9207,
BIH,1995,3089.3523,
BIH,1996,4567.466,
BIH,1997,6018.9614,
BIH,1998,6897.0063,
BIH,1999,7478.8203,
BIH,2000,7827.902,
BIH,2001,7979.8687,
BIH,2002,8363.914,
BIH,2003,8707.065,
BIH,2004,9341.728,
BIH,2005,9811.211,
BIH,2006,10426.948,
BIH,2007,11174.76,
BIH,2008,11979.741,
BIH,2009,11822.724,
BIH,2010,12138.83,
BIH,2011,12483.503,
BIH,2012,12622.734,
BIH,2013,13131.355,
BIH,2014,13454.384,
BIH,2015,14219.543,
BIH,2016,14873.068,
BIH,2017,15554.06,
BIH,2018,16348.134,
BIH,2019,17028.643,
BIH,2020,16746.39,
BIH,2021,18285.672,
BIH,2022,19297.072,
BIH,2023,19803.846,Europe
BIH,2024,20428.525,
BWA,1990,10520.918,
BWA,1991,11001.802,
BWA,1992,11008.681,
BWA,1993,10902.951,
BWA,1994,10989.67,
BWA,1995,11457.699,
BWA,1996,11832.938,
BWA,1997,12526.353,
BWA,1998,12306.25,
BWA,1999,13207.447,
BWA,2000,13185.817,
BWA,2001,12949.641,
BWA,2002,13479.696,
BWA,2003,13857.259,
BWA,2004,13984.842,
BWA,2005,14361.958,
BWA,2006,15275.583,
BWA,2007,15850.234,
BWA,2008,16040.315,
BWA,2009,13489.951,
BWA,2010,14545.02,
BWA,2011,15236.719,
BWA,2012,14957.619,
BWA,2013,16369.425,
BWA,2014,17052.193,
BWA,2015,15994.964,
BWA,2016,16905.588,
BWA,2017,17352.896,
BWA,2018,17825.02,
BWA,2019,18106.01,
BWA,2020,16289.392,
BWA,2021,17960.625,
BWA,2022,18647.373,
BWA,2023,18932.48,Africa
BWA,2024,18068.506,
BRA,1990,12633.288,
BRA,1991,12546.561,
BRA,1992,12271.979,
BRA,1993,12669.429,
BRA,1994,13202.931,
BRA,1995,13550.439,
BRA,1996,13641.63,
BRA,1997,13896.625,
BRA,1998,13737.703,
BRA,1999,13602.414,
BRA,2000,14005.348,
BRA,2001,14016.132,
BRA,2002,14265.905,
BRA,2003,14259.366,
BRA,2004,14911.261,
BRA,2005,15221.014,
BRA,2006,15657.4795,
BRA,2007,16440.584,
BRA,2008,17113.367,
BRA,2009,16939.441,
BRA,2010,18062.158,
BRA,2011,18627.81,
BRA,2012,18832.219,
BRA,2013,19241.506,
BRA,2014,19183.172,
BRA,2015,18357.068,
BRA,2016,17620.928,
BRA,2017,17724.48,
BRA,2018,17917.75,
BRA,2019,18018.621,
BRA,2020,17327.516,
BRA,2021,18075.705,
BRA,2022,18554.047,
BRA,2023,19079.812,South America
BRA,2024,19647.91,
IOT,2023,,Asia
VGB,2023,,North America
BRN,1990,118163.68,
BRN,1991,118220.69,
BRN,1992,111457.22,
BRN,1993,107899.13,
BRN,1994,106239.234,
BRN,1995,105043.85,
BRN,1996,102522.125,
BRN,1997,106503.42,
BRN,1998,97171.64,
BRN,1999,99083.32,
BRN,2000,100323.44,
BRN,2001,99680.766,
BRN,2002,101571.586,
BRN,2003,103226.914,
BRN,2004,101497.76,
BRN,2005,99795.69,
BRN,2006,102248.51,
BRN,2007,96752.62,
BRN,2008,91275.5,
BRN,2009,87875.83,
BRN,2010,88586.516,
BRN,2011,90279.664,
BRN,2012,89718.46,
BRN,2013,86606.65,
BRN,2014,83310.62,
BRN,2015,81910.19,
BRN,2016,78880.625,
BRN,2017,78966.87,
BRN,2018,78099.05,
BRN,2019,80228.16,
BRN,2020,80280.9,
BRN,2021,78248.8,
BRN,2022,76357.83,
BRN,2023,76616.7,Asia
BRN,2024,79184.09,
BGR,1990,14954.217,
BGR,1991,13827.556,
BGR,1992,12960.393,
BGR,1993,12870.809,
BGR,1994,13149.379,
BGR,1995,13586.095,
BGR,1996,14367.21,
BGR,1997,12414.573,
BGR,1998,12971.246,
BGR,1999,11948.973,
BGR,2000,12558.974,
BGR,2001,13301.355,
BGR,2002,14391.43,
BGR,2003,15265.574,
BGR,2004,16382.618,
BGR,2005,17671.193,
BGR,2006,19017.182,
BGR,2007,20432.344,
BGR,2008,21837.502,
BGR,2009,21242.994,
BGR,2010,21715.879,
BGR,2011,22312.395,
BGR,2012,22610.057,
BGR,2013,22945.514,
BGR,2014,23446.406,
BGR,2015,24553.145,
BGR,2016,25626.824,
BGR,2017,26681.43,
BGR,2018,27739.502,
BGR,2019,29199.834,
BGR,2020,28545.709,
BGR,2021,30971.914,
BGR,2022,32433.15,
BGR,2023,33139.938,Europe
BGR,2024,34083.234,
BFA,1990,1107.856,
BFA,1991,1178.077,
BFA,1992,1152.0448,
BFA,1993,1162.6493,
BFA,1994,1148.6072,
BFA,1995,1183.5286,
BFA,1996,1280.696,
BFA,1997,1326.9423,
BFA,1998,1385.0931,
BFA,1999,1444.5669,
BFA,2000,1428.574,
BFA,2001,1477.2849,
BFA,2002,1494.678,
BFA,2003,1561.8331,
BFA,2004,1581.2562,
BFA,2005,1664.9955,
BFA,2006,1714.7604,
BFA,2007,1731.9304,
BFA,2008,1779.3271,
BFA,2009,1779.323,
BFA,2010,1873.9714,
BFA,2011,1939.8666,
BFA,2012,2003.6647,
BFA,2013,2057.064,
BFA,2014,2083.1985,
BFA,2015,2101.7026,
BFA,2016,2162.7258,
BFA,2017,2232.2878,
BFA,2018,2316.3943,
BFA,2019,2391.5364,
BFA,2020,2380.9316,
BFA,2021,2486.431,
BFA,2022,2466.0532,
BFA,2023,2482.0723,Africa
BFA,2024,2547.9326,
BDI,1990,1396.0776,
BDI,1991,1435.8196,
BDI,1992,1412.0605,
BDI,1993,1366.2921,
BDI,1994,1305.452,
BDI,1995,1132.2188,
BDI,1996,1040.9224,
BDI,1997,1024.45,
BDI,1998,1052.807,
BDI,1999,1017.4978,
BDI,2000,988.03687,
BDI,2001,983.39685,
BDI,2002,998.5613,
BDI,2003,955.6692,
BDI,2004,965.2041,
BDI,2005,938.3816,
BDI,2006,954.19086,
BDI,2007,951.2901,
BDI,2008,957.22266,
BDI,2009,944.62994,
BDI,2010,947.6214,
BDI,2011,951.1885,
BDI,2012,958.6574,
BDI,2013,970.37537,
BDI,2014,977.76587,
BDI,2015,918.5572,
BDI,2016,897.45905,
BDI,2017,880.99347,
BDI,2018,868.5555,
BDI,2019,855.7327,
BDI,2020,833.9202,
BDI,2021,836.6656,
BDI,2022,829.38715,
BDI,2023,828.58295,Africa
BDI,2024,835.62085,
KHM,1990,2646.098,
KHM,1991,2731.3796,
KHM,1992,2769.4883,
KHM,1993,2714.5916,
KHM,1994,1650.391,
KHM,1995,1672.7393,
KHM,1996,1643.0157,
KHM,1997,1595.1713,
KHM,1998,1602.3837,
KHM,1999,1775.4124,
KHM,2000,1922.0317,
KHM,2001,2032.0809,
KHM,2002,2126.3416,
KHM,2003,2309.8394,
KHM,2004,2491.3093,
KHM,2005,2781.8904,
KHM,2006,3041.1047,
KHM,2007,3308.1575,
KHM,2008,3501.9258,
KHM,2009,3587.609,
KHM,2010,3711.5376,
KHM,2011,3921.979,
KHM,2012,4159.1636,
KHM,2013,4419.399,
KHM,2014,4702.7305,
KHM,2015,4968.5728,
KHM,2016,5283.7295,
KHM,2017,5632.0312,
KHM,2018,6050.591,
KHM,2019,6448.885,
KHM,2020,6128.782,
KHM,2021,6225.5327,
KHM,2022,6458.368,
KHM,2023,6695.292,Asia
KHM,2024,7011.5815,
CMR,1990,4517.6187,
CMR,1991,4220.653,
CMR,1992,3974.2776,
CMR,1993,3556.3186,
CMR,1994,3522.7488,
CMR,1995,3526.5437,
CMR,1996,3577.592,
CMR,1997,3641.7075,
CMR,1998,3714.132,
CMR,1999,3780.0623,
CMR,2000,3822.9443,
CMR,2001,3884.873,
CMR,2002,3951.4194,
CMR,2003,4054.7812,
CMR,2004,4222.9663,
CMR,2005,4199.7227,
CMR,2006,4241.5176,
CMR,2007,4302.619,
CMR,2008,4300.2666,
CMR,2009,4286.577,
CMR,2010,4286.583,
CMR,2011,4307.852,
CMR,2012,4382.1113,
CMR,2013,4473.5723,
CMR,2014,4588.4863,
CMR,2015,4698.667,
CMR,2016,4767.132,
CMR,2017,4797.9756,
CMR,2018,4851.48,
CMR,2019,4882.3555,
CMR,2020,4763.482,
CMR,2021,4793.556,
CMR,2022,4843.6504,
CMR,2023,4870.571,Africa
CMR,2024,4919.1416,
CAN,1990,40475.113,
CAN,1991,39139.312,
CAN,1992,39023.184,
CAN,1993,39622.48,
CAN,1994,40952.137,
CAN,1995,41617.723,
CAN,1996,41880.55,
CAN,1997,43241.242,
CAN,1998,44553.28,
CAN,1999,46464.547,
CAN,2000,48399.305,
CAN,2001,48774.168,
CAN,2002,49695.008,
CAN,2003,50139.785,
CAN,2004,51210.68,
CAN,2005,52356.56,
CAN,2006,53195.78,
CAN,2007,53761.863,
CAN,2008,53711.68,
CAN,2009,51552.42,
CAN,2010,52558.44,
CAN,2011,53681.13,
CAN,2012,54034.805,
CAN,2013,54712.18,
CAN,2014,55723.484,
CAN,2015,55660.867,
CAN,2016,55606.156,
CAN,2017,56612.33,
CAN,2018,57337.492,
CAN,2019,57583.848,
CAN,2020,54092.88,
CAN,2021,56995.117,
CAN,2022,58321.062,
CAN,2023,57517.44,North America
CAN,2024,56691.906,
CPV,1990,1848.7587,
CPV,1991,1830.076,
CPV,1992,1984.6807,
CPV,1993,2111.6213,
CPV,1994,2465.994,
CPV,1995,2763.3972,
CPV,1996,3022.8882,
CPV,1997,3302.974,
CPV,1998,3657.381,
CPV,1999,4006.4797,
CPV,2000,4510.1357,
CPV,2001,4540.907,
CPV,2002,4710.241,
CPV,2003,4841.2656,
CPV,2004,5268.303,
CPV,2005,5565.7695,
CPV,2006,5941.3823,
CPV,2007,6767.4067,
CPV,2008,7169.1396,
CPV,2009,6994.574,
CPV,2010,7072.1216,
CPV,2011,7325.784,
CPV,2012,7397.8223,
CPV,2013,7440.6626,
CPV,2014,7491.022,
CPV,2015,7560.1367,
CPV,2016,7881.303,
CPV,2017,8234.56,
CPV,2018,8531.13,
CPV,2019,9111.63,
CPV,2020,7207.8687,
CPV,2021,7685.4194,
CPV,2022,8850.106,
CPV,2023,9280.9795,Africa
CPV,2024,9907.589,
CYM,2006,92169.88,
CYM,2007,92300.48,
CYM,2008,89338.29,
CYM,2009,80594.08,
CYM,2010,76259.03,
CYM,2011,75059.66,
CYM,2012,73948.02,
CYM,2013,72954.52,
CYM,2014,73017.59,
CYM,2015,73281.05,
CYM,2016,73907.23,
CYM,2017,74564.74,
CYM,2018,76088.9,
CYM,2019,77440.555,
CYM,2020,72149.33,
CYM,2021,74150.86,
CYM,2022,76359.09,
CYM,2023,78109.35,North America
CAF,1990,1481.2526,
CAF,1991,1427.6902,
CAF,1992,1294.2025,
CAF,1993,1257.8284,
CAF,1994,1278.915,
CAF,1995,1334.1033,
CAF,1996,1247.9688,
CAF,1997,1278.4883,
CAF,1998,1302.7515,
CAF,1999,1313.2357,
CAF,2000,1245.814,
CAF,2001,1272.857,
CAF,2002,1290.3832,
CAF,2003,1191.8732,
CAF,2004,1236.2854,
CAF,2005,1219.594,
CAF,2006,1251.8708,
CAF,2007,1284.5529,
CAF,2008,1283.2728,
CAF,2009,1402.6816,
CAF,2010,1479.4137,
CAF,2011,1517.1484,
CAF,2012,1577.9806,
CAF,2013,996.89636,
CAF,2014,1001.85596,
CAF,2015,1043.9218,
CAF,2016,1073.9448,
CAF,2017,1103.8661,
CAF,2018,1125.7009,
CAF,2019,1145.0956,
CAF,2020,1136.5706,
CAF,2021,1128.5524,
CAF,2022,1136.8018,
CAF,2023,1132.6764,Africa
CAF,2024,1111.6533,
TCD,1990,1705.0422,
TCD,1991,1784.1168,
TCD,1992,1846.8229,
TCD,1993,1520.4119,
TCD,1994,1636.4435,
TCD,1995,1585.2584,
TCD,1996,1550.1611,
TCD,1997,1582.2268,
TCD,1998,1634.9895,
TCD,1999,1567.7671,
TCD,2000,1501.1449,
TCD,2001,1620.5527,
TCD,2002,1697.9716,
TCD,2003,1871.6399,
TCD,2004,2392.0928,
TCD,2005,2695.812,
TCD,2006,2586.9878,
TCD,2007,2608.2686,
TCD,2008,2596.8645,
TCD,2009,2472.1787,
TCD,2010,2717.5076,
TCD,2011,2742.6997,
TCD,2012,2887.7483,
TCD,2013,2864.715,
TCD,2014,2821.2751,
TCD,2015,2823.3606,
TCD,2016,2623.1206,
TCD,2017,2496.4927,
TCD,2018,2552.6062,
TCD,2019,2604.9163,
TCD,2020,2513.0159,
TCD,2021,2435.0728,
TCD,2022,2655.71,
TCD,2023,2641.4329,Africa
TCD,2024,2605.7717,
CHL,1990,10952.655,
CHL,1991,11607.53,
CHL,1992,12735.602,
CHL,1993,13377.306,
CHL,1994,13846.349,
CHL,1995,14908.035,
CHL,1996,15744.738,
CHL,1997,16683.906,
CHL,1998,17156.973,
CHL,1999,16896.125,
CHL,2000,17525.271,
CHL,2001,17870.3,
CHL,2002,18240.201,
CHL,2003,18902.871,
CHL,2004,19961.984,
CHL,2005,20918.527,
CHL,2006,21968.537,
CHL,2007,22878.883,
CHL,2008,23509.781,
CHL,2009,23013.582,
CHL,2010,24116.77,
CHL,2011,25366.27,
CHL,2012,26670.498,
CHL,2013,27291.357,
CHL,2014,27505.049,
CHL,2015,27811.375,
CHL,2016,27958.729,
CHL,2017,27892.994,
CHL,2018,28492.662,
CHL,2019,28218.535,
CHL,2020,26248.562,
CHL,2021,29089.85,
CHL,2022,29569.479,
CHL,2023,29563.678,South America
CHL,2024,30182.787,
CHN,1990,1666.9277,
CHN,1991,1798.2761,
CHN,1992,2030.3864,
CHN,1993,2286.7598,
CHN,1994,2556.6406,
CHN,1995,2808.034,
CHN,1996,3055.9697,
CHN,1997,3305.7905,
CHN,1998,3533.566,
CHN,1999,3774.1377,
CHN,2000,4066.0364,
CHN,2001,4372.157,
CHN,2002,4744.3984,
CHN,2003,5192.006,
CHN,2004,5684.169,
CHN,2005,6298.323,
CHN,2006,7057.1,
CHN,2007,8013.716,
CHN,2008,8743.745,
CHN,2009,9518.433,
CHN,2010,10476.3125,
CHN,2011,11405.018,
CHN,2012,12217.8545,
CHN,2013,13080.829,
CHN,2014,13968.581,
CHN,2015,14856.78,
CHN,2016,15772.765,
CHN,2017,16757.973,
CHN,2018,17806.791,
CHN,2019,18820.514,
CHN,2020,19215.154,
CHN,2021,20843.297,
CHN,2022,21499.383,
CHN,2023,22687.076,Asia
CHN,2024,23845.62,
CXR,2023,,Asia
CCK,2023,,Asia
COL,1990,9998.811,
COL,1991,9996.098,
COL,1992,10196.433,
COL,1993,10533.115,
COL,1994,10927.938,
COL,1995,11279,
COL,1996,11303.131,
COL,1997,11483.505,
COL,1998,11343.88,
COL,1999,10679.709,
COL,2000,10813.494,
COL,2001,10823.45,
COL,2002,10925.148,
COL,2003,11183.291,
COL,2004,11607.938,
COL,2005,11999.255,
COL,2006,12636.625,
COL,2007,13318.304,
COL,2008,13591.061,
COL,2009,13586.752,
COL,2010,14037.064,
COL,2011,14852.37,
COL,2012,15279.479,
COL,2013,15912.247,
COL,2014,16480.363,
COL,2015,16821.38,
COL,2016,17003.244,
COL,2017,16986.033,
COL,2018,17104.13,
COL,2019,17336.771,
COL,2020,15861.5,
COL,2021,17383.09,
COL,2022,18458.72,
COL,2023,18382.998,South America
COL,2024,18503.67,
COM,1990,2380.9817,
COM,1991,2198.3203,
COM,1992,2336.8347,
COM,1993,2363.5369,
COM,1994,2199.5344,
COM,1995,2239.7168,
COM,1996,2173.043,
COM,1997,2222.0212,
COM,1998,2212.0952,
COM,1999,2214.8396,
COM,2000,2408.417,
COM,2001,2414.43,
COM,2002,2418.8342,
COM,2003,2422.5872,
COM,2004,2422.7214,
COM,2005,2441.1357,
COM,2006,2455.7153,
COM,2007,2426.5151,
COM,2008,2473.089,
COM,2009,2581.6624,
COM,2010,2652.3555,
COM,2011,2752.953,
COM,2012,2868.4,
COM,2013,3059.1162,
COM,2014,3109.8958,
COM,2015,3105.593,
COM,2016,3127.132,
COM,2017,3236.986,
COM,2018,3303.2568,
COM,2019,3357.898,
COM,2020,3424.5398,
COM,2021,3449.0435,
COM,2022,3478.1736,
COM,2023,3516.4817,Africa
COM,2024,3567.514,
COG,1990,8699.526,
COG,1991,8658.161,
COG,1992,8636.637,
COG,1993,8302.697,
COG,1994,7617.6074,
COG,1995,7701.3247,
COG,1996,7812.048,
COG,1997,7599.0483,
COG,1998,7711.6323,
COG,1999,7312.3267,
COG,2000,7570.583,
COG,2001,7567.439,
COG,2002,7729.3887,
COG,2003,7577.4565,
COG,2004,7577.446,
COG,2005,7876.118,
COG,2006,8192.58,
COG,2007,7375.8247,
COG,2008,7587.288,
COG,2009,8138.45,
COG,2010,8583.662,
COG,2011,8492.421,
COG,2012,9079.687,
COG,2013,8798.494,
COG,2014,9159.257,
COG,2015,8977.707,
COG,2016,8001.8257,
COG,2017,7372.7705,
COG,2018,7029.3364,
COG,2019,6939.369,
COG,2020,6350.5093,
COG,2021,6263.2114,
COG,2022,6205.105,
COG,2023,6172.2876,Africa
COG,2024,6181.4707,
COK,2023,,Oceania
CRI,1990,10953.426,
CRI,1991,10920.1,
CRI,1992,11626.836,
CRI,1993,12144.449,
CRI,1994,12385.454,
CRI,1995,12593.226,
CRI,1996,12467.621,
CRI,1997,12856.583,
CRI,1998,13481.06,
CRI,1999,13760.924,
CRI,2000,14018.742,
CRI,2001,14250.463,
CRI,2002,14495.992,
CRI,2003,14891.34,
CRI,2004,15323.289,
CRI,2005,15703.963,
CRI,2006,16620.135,
CRI,2007,17743.623,
CRI,2008,18334.014,
CRI,2009,17932.615,
CRI,2010,18660.92,
CRI,2011,19254.914,
CRI,2012,19960.793,
CRI,2013,20232.268,
CRI,2014,20724.922,
CRI,2015,21254.783,
CRI,2016,21925.6,
CRI,2017,22622.553,
CRI,2018,23005.312,
CRI,2019,23364.783,
CRI,2020,22211.861,
CRI,2021,23852.926,
CRI,2022,24831.719,
CRI,2023,25979.629,North America
CRI,2024,26973.436,
CIV,1990,5255.51,
CIV,1991,5052.8516,
CIV,1992,4843.2935,
CIV,1993,4645.4673,
CIV,1994,4502.4595,
CIV,1995,4638.7573,
CIV,1996,4807.4243,
CIV,1997,5072.597,
CIV,1998,5093.132,
CIV,1999,4987.357,
CIV,2000,4838.3403,
CIV,2001,4609.1445,
CIV,2002,4368.928,
CIV,2003,4060.0005,
CIV,2004,4088.945,
CIV,2005,4032.2458,
CIV,2006,4049.2603,
CIV,2007,3999.691,
CIV,2008,4096.7236,
CIV,2009,4151.0537,
CIV,2010,4338.6523,
CIV,2011,4017.4077,
CIV,2012,4234.1807,
CIV,2013,4597.1865,
CIV,2014,4907.5747,
CIV,2015,5110.8623,
CIV,2016,5320.8467,
CIV,2017,5556.114,
CIV,2018,5670.2,
CIV,2019,5894.879,
CIV,2020,5787.8154,
CIV,2021,6045.2046,
CIV,2022,6272.264,
CIV,2023,6511.751,Africa
CIV,2024,6733.154,
HRV,1990,23398.35,
HRV,1991,18811.828,
HRV,1992,17019.229,
HRV,1993,15569.48,
HRV,1994,16300.787,
HRV,1995,17522.986,
HRV,1996,18850.234,
HRV,1997,20110.785,
HRV,1998,20576.25,
HRV,1999,20489.953,
HRV,2000,21302.537,
HRV,2001,22826.932,
HRV,2002,24137.44,
HRV,2003,25474.248,
HRV,2004,26529.244,
HRV,2005,27641.578,
HRV,2006,29039.344,
HRV,2007,30512.174,
HRV,2008,31116.53,
HRV,2009,29026.732,
HRV,2010,28704.527,
HRV,2011,28775.648,
HRV,2012,28260.836,
HRV,2013,28401.686,
HRV,2014,28460.73,
HRV,2015,29471.752,
HRV,2016,30824.86,
HRV,2017,32351.873,
HRV,2018,33730.875,
HRV,2019,35123.49,
HRV,2020,32493.625,
HRV,2021,36930.47,
HRV,2022,39861.79,
HRV,2023,41135.086,Europe
HRV,2024,42631.316,
CUB,2023,,North America
CUW,2000,34307.125,
CUW,2001,35339.062,
CUW,2002,35435.996,
CUW,2003,34812.79,
CUW,2004,34288.74,
CUW,2005,33651.504,
CUW,2006,33334.855,
CUW,2007,33490.254,
CUW,2008,33795.13,
CUW,2009,33397.4,
CUW,2010,33004.555,
CUW,2011,32704.355,
CUW,2012,32320.877,
CUW,2013,31753.385,
CUW,2014,31128.646,
CUW,2015,30861.32,
CUW,2016,30209.787,
CUW,2017,29729.102,
CUW,2018,29256.814,
CUW,2019,28659.656,
CUW,2020,23751.498,
CUW,2021,25163.867,
CUW,2022,27587.244,
CUW,2023,27675.572,North America
CYP,1990,27667.33,
CYP,1991,27159.707,
CYP,1992,28932.646,
CYP,1993,28440.031,
CYP,1994,29501.47,
CYP,1995,31394.148,
CYP,1996,31283.508,
CYP,1997,31657.74,
CYP,1998,33182.94,
CYP,1999,34453.715,
CYP,2000,36122.703,
CYP,2001,37147.91,
CYP,2002,38091.87,
CYP,2003,38618.92,
CYP,2004,40021.074,
CYP,2005,41363.28,
CYP,2006,42596.426,
CYP,2007,43825.02,
CYP,2008,44296.902,
CYP,2009,42254.6,
CYP,2010,42103.492,
CYP,2011,41213.87,
CYP,2012,39191.348,
CYP,2013,36694.83,
CYP,2014,36442.01,
CYP,2015,37903.125,
CYP,2016,40209.863,
CYP,2017,42128.566,
CYP,2018,44227.91,
CYP,2019,46195.594,
CYP,2020,44203.89,
CYP,2021,48781.277,
CYP,2022,51588.445,
CYP,2023,52190.875,Europe
CYP,2024,53252.46,
CZE,1990,27918.137,
CZE,1991,24734.77,
CZE,1992,24584.33,
CZE,1993,24573.992,
CZE,1994,25279.791,
CZE,1995,26869.02,
CZE,1996,28021.67,
CZE,1997,27884.74,
CZE,1998,27801.44,
CZE,1999,28213.455,
CZE,2000,29427.406,
CZE,2001,30399.873,
CZE,2002,30919.549,
CZE,2003,31949.297,
CZE,2004,33452.34,
CZE,2005,35535.746,
CZE,2006,37786.88,
CZE,2007,39629.008,
CZE,2008,40328.344,
CZE,2009,38175.14,
CZE,2010,39097.387,
CZE,2011,39708.164,
CZE,2012,39347.05,
CZE,2013,39317.555,
CZE,2014,40158.016,
CZE,2015,42066.574,
CZE,2016,43069.465,
CZE,2017,45177.523,
CZE,2018,46301.082,
CZE,2019,47763.617,
CZE,2020,45119.938,
CZE,2021,47796.035,
CZE,2022,48390.66,
CZE,2023,47509.523,Europe
CZE,2024,47961.81,
OWID_CZS,2023,,Europe
COD,1990,2172.0017,
COD,1991,1923.97,
COD,1992,1664.7537,
COD,1993,1389.9509,
COD,1994,1273.9946,
COD,1995,1230.7449,
COD,1996,1194.9591,
COD,1997,1109.8584,
COD,1998,1062.5687,
COD,1999,983.60223,
COD,2000,886.72076,
COD,2001,841.03564,
COD,2002,839.76624,
COD,2003,861.0816,
COD,2004,892.4353,
COD,2005,918.53485,
COD,2006,938.04114,
COD,2007,967.05414,
COD,2008,996.74414,
COD,2009,993.9978,
COD,2010,1031.2501,
COD,2011,1066.5795,
COD,2012,1104.6641,
COD,2013,1158.282,
COD,2014,1225.7021,
COD,2015,1267.9055,
COD,2016,1253.1582,
COD,2017,1253.1874,
COD,2018,1282.4823,
COD,2019,1296.9476,
COD,2020,1277.6328,
COD,2021,1313.6182,
COD,2022,1385.4647,
COD,2023,1456.4824,Africa
COD,2024,1504.1438,
,2023,,Asia
DNK,1990,45821.082,
DNK,1991,46368.742,
DNK,1992,47150.523,
DNK,1993,46956.617,
DNK,1994,49276.137,
DNK,1995,50509.336,
DNK,1996,51678.668,
DNK,1997,53094.992,
DNK,1998,54133.195,
DNK,1999,55555.363,
DNK,2000,57431.973,
DNK,2001,57770.223,
DNK,2002,57848.844,
DNK,2003,57946.176,
DNK,2004,59401.258,
DNK,2005,60635.625,
DNK,2006,62743.234,
DNK,2007,63082.246,
DNK,2008,62451.074,
DNK,2009,59027.766,
DNK,2010,59696.355,
DNK,2011,60230.355,
DNK,2012,60000.89,
DNK,2013,60583.406,
DNK,2014,61047.332,
DNK,2015,61893.246,
DNK,2016,63299.336,
DNK,2017,64815.73,
DNK,2018,65694.76,
DNK,2019,66580.19,
DNK,2020,65204.55,
DNK,2021,69715.18,
DNK,2022,70233.64,
DNK,2023,71454.52,Europe
DNK,2024,73709,
DJI,2013,4469.074,
DJI,2014,4705.0493,
DJI,2015,4961.868,
DJI,2016,5226.5005,
DJI,2017,5421.9565,
DJI,2018,5590.5044,
DJI,2019,5809.3047,
DJI,2020,5791.4775,
DJI,2021,5960.108,
DJI,2022,6180.68,
DJI,2023,6545.1035,Africa
DJI,2024,6841.1665,
DMA,1990,11311.552,
DMA,1991,11518.765,
DMA,1992,11747.612,
DMA,1993,11982.858,
DMA,1994,11979.399,
DMA,1995,12343.899,
DMA,1996,12737.897,
DMA,1997,13037.149,
DMA,1998,13563.453,
DMA,1999,13661.679,
DMA,2000,14054.655,
DMA,2001,14091.549,
DMA,2002,13640.703,
DMA,2003,14398.002,
DMA,2004,14962.246,
DMA,2005,15080.5205,
DMA,2006,15727.705,
DMA,2007,16560.518,
DMA,2008,17738.041,
DMA,2009,17534.033,
DMA,2010,17516.787,
DMA,2011,17475.041,
DMA,2012,17431.129,
DMA,2013,17282.637,
DMA,2014,17520.855,
DMA,2015,16920.912,
DMA,2016,17364.078,
DMA,2017,16314.2295,
DMA,2018,16877.125,
DMA,2019,17619.434,
DMA,2020,14919.531,
DMA,2021,15808.975,
DMA,2022,17550.8,
DMA,2023,18278.225,North America
DMA,2024,18739.363,
DOM,1990,7327.7266,
DOM,1991,7246.2466,
DOM,1992,7900.768,
DOM,1993,8318.492,
DOM,1994,8372.071,
DOM,1995,8685.017,
DOM,1996,9036.884,
DOM,1997,9671.148,
DOM,1998,10150.446,
DOM,1999,10582.077,
DOM,2000,10896.318,
DOM,2001,10991.137,
DOM,2002,11313.069,
DOM,2003,11000.868,
DOM,2004,11131.2705,
DOM,2005,12022.508,
DOM,2006,12961.918,
DOM,2007,13754.921,
DOM,2008,14030.141,
DOM,2009,13992.41,
DOM,2010,14975.001,
DOM,2011,15258.086,
DOM,2012,15487.277,
DOM,2013,16054.768,
DOM,2014,16993.588,
DOM,2015,17973.188,
DOM,2016,18968.975,
DOM,2017,19501.875,
DOM,2018,20662.848,
DOM,2019,21451.287,
DOM,2020,19545.41,
DOM,2021,22053.459,
DOM,2022,22986.959,
DOM,2023,23282.49,North America
DOM,2024,24229.469,
,2023,,Europe
,2023,,Europe
,1990,5742.9233,
,1991,5973.3833,
,1992,6207.0386,
,1993,6452.6743,
,1994,6765.197,
,1995,7115.008,
,1996,7470.029,
,1997,7716.833,
,1998,7626.711,
,1999,7866.1733,
,2000,8248.938,
,2001,8481.634,
,2002,8837.473,
,2003,9262.483,
,2004,9787.535,
,2005,10353.463,
,2006,11014.086,
,2007,11829.117,
,2008,12336.951,
,2009,12672.724,
,2010,13604.453,
,2011,14313.034,
,2012,15001.448,
,2013,15717.654,
,2014,16412.299,
,2015,17117.84,
,2016,17848.705,
,2017,18679.475,
,2018,19526.164,
,2019,20291.39,
,2020,20199.123,
,2021,21435.049,
,2022,22097.72,
,2023,23016.828,
,2024,23953.918,
OWID_GDR,2023,,Europe
TLS,1990,2144.817,
TLS,1991,2319.9028,
TLS,1992,2495.1008,
TLS,1993,2675.6777,
TLS,1994,2788.0085,
TLS,1995,2893.247,
TLS,1996,3039.6829,
TLS,1997,3075.44,
TLS,1998,2932.8823,
TLS,1999,2137.671,
TLS,2000,3785.5923,
TLS,2001,4040.3945,
TLS,2002,3482.6528,
TLS,2003,3266.5073,
TLS,2004,3236.5225,
TLS,2005,3265.505,
TLS,2006,3040.4053,
TLS,2007,3258.1267,
TLS,2008,3532.5703,
TLS,2009,3794.1714,
TLS,2010,4049.185,
TLS,2011,4191.8027,
TLS,2012,4299.9697,
TLS,2013,4342.3535,
TLS,2014,4447.4844,
TLS,2015,4469.936,
TLS,2016,4517.581,
TLS,2017,4292.078,
TLS,2018,4210.4907,
TLS,2019,5096.4517,
TLS,2020,6598.0347,
TLS,2021,6824.7925,
TLS,2022,5347.008,
TLS,2023,4330.464,Asia
TLS,2024,4186.215,
ECU,1990,9104.816,
ECU,1991,9292.618,
ECU,1992,9291.371,
ECU,1993,9284.315,
ECU,1994,9494.175,
ECU,1995,9525.177,
ECU,1996,9509.275,
ECU,1997,9739.267,
ECU,1998,9876.751,
ECU,1999,9242.967,
ECU,2000,9183.052,
ECU,2001,9405.117,
ECU,2002,9697.556,
ECU,2003,9802.814,
ECU,2004,10290.663,
ECU,2005,10660.205,
ECU,2006,10933.49,
ECU,2007,10952.822,
ECU,2008,11474.525,
ECU,2009,11403.527,
ECU,2010,11665.698,
ECU,2011,12449.078,
ECU,2012,12961.026,
ECU,2013,13689.152,
ECU,2014,14064.799,
ECU,2015,13881.57,
ECU,2016,13586.516,
ECU,2017,14179.153,
ECU,2018,14083.507,
ECU,2019,13870.489,
ECU,2020,12440.326,
ECU,2021,13507.444,
ECU,2022,14186.639,
ECU,2023,14343.019,South America
ECU,2024,13935.539,
EGY,1990,8006.6216,
EGY,1991,7876.5527,
EGY,1992,8034.5625,
EGY,1993,8079.0547,
EGY,1994,8221.047,
EGY,1995,8423.578,
EGY,1996,8662.331,
EGY,1997,8950.654,
EGY,1998,9245.479,
EGY,1999,9588.859,
EGY,2000,9981.628,
EGY,2001,10117.333,
EGY,2002,10143.506,
EGY,2003,10250.377,
EGY,2004,10451.821,
EGY,2005,10700.609,
EGY,2006,11211.832,
EGY,2007,11782.006,
EGY,2008,12391.585,
EGY,2009,12728.081,
EGY,2010,13128.988,
EGY,2011,13082.427,
EGY,2012,13076.806,
EGY,2013,13058.075,
EGY,2014,13136.365,
EGY,2015,13425.912,
EGY,2016,13727.32,
EGY,2017,14018.36,
EGY,2018,14488.209,
EGY,2019,15026.568,
EGY,2020,15309.236,
EGY,2021,15579.016,
EGY,2022,16360.391,
EGY,2023,16691.387,Africa
EGY,2024,16798.152,
SLV,1990,5976.0176,
SLV,1991,5960.059,
SLV,1992,6275.1875,
SLV,1993,6553.0723,
SLV,1994,6795.506,
SLV,1995,7057.9204,
SLV,1996,7062.3003,
SLV,1997,7234.9443,
SLV,1998,7381.1147,
SLV,1999,7498.4673,
SLV,2000,7545.4478,
SLV,2001,7580.323,
SLV,2002,7675.671,
SLV,2003,7780.272,
SLV,2004,7841.532,
SLV,2005,8050.5347,
SLV,2006,8404.247,
SLV,2007,8548.835,
SLV,2008,8704.806,
SLV,2009,8494.498,
SLV,2010,8648.93,
SLV,2011,8943.062,
SLV,2012,9165.42,
SLV,2013,9327.564,
SLV,2014,9451.744,
SLV,2015,9646.154,
SLV,2016,9863.761,
SLV,2017,10064.794,
SLV,2018,10297.203,
SLV,2019,10543.938,
SLV,2020,9692.449,
SLV,2021,10809.714,
SLV,2022,11085.618,
SLV,2023,11424.6455,North America
SLV,2024,11669.082,
GNQ,1990,1122.8176,
GNQ,1991,1070.8276,
GNQ,1992,1390.4791,
GNQ,1993,1487.812,
GNQ,1994,1672.3455,
GNQ,1995,1892.1166,
GNQ,1996,3033.8403,
GNQ,1997,7296.1,
GNQ,1998,8684.657,
GNQ,1999,10492.465,
GNQ,2000,11767.471,
GNQ,2001,18031.965,
GNQ,2002,20242.432,
GNQ,2003,21709.574,
GNQ,2004,28225.986,
GNQ,2005,31302.957,
GNQ,2006,32251.768,
GNQ,2007,35540.45,
GNQ,2008,39994.617,
GNQ,2009,38706.605,
GNQ,2010,33668.875,
GNQ,2011,34341.934,
GNQ,2012,35711.492,
GNQ,2013,32894.37,
GNQ,2014,31765.9,
GNQ,2015,27797.795,
GNQ,2016,24435.064,
GNQ,2017,22250.44,
GNQ,2018,20165.48,
GNQ,2019,18446.592,
GNQ,2020,17089.154,
GNQ,2021,16821.45,
GNQ,2022,16932.771,
GNQ,2023,15688.238,Africa
GNQ,2024,15454.429,
ERI,2023,,Africa
EST,1990,19360.027,
EST,1991,17900.922,
EST,1992,14371.319,
EST,1993,13899.588,
EST,1994,13966.819,
EST,1995,14862.045,
EST,1996,15828.491,
EST,1997,18099.44,
EST,1998,19067.197,
EST,1999,18930.328,
EST,2000,20739.39,
EST,2001,22099.34,
EST,2002,23781.652,
EST,2003,25749.28,
EST,2004,27665.307,
EST,2005,30473.78,
EST,2006,33646.617,
EST,2007,36359.465,
EST,2008,34588.55,
EST,2009,29585.145,
EST,2010,30379.11,
EST,2011,32789.434,
EST,2012,34115.363,
EST,2013,34838.363,
EST,2014,36090.492,
EST,2015,36729.81,
EST,2016,37854.844,
EST,2017,39939.457,
EST,2018,41273.2,
EST,2019,42652.535,
EST,2020,41340.766,
EST,2021,44251.54,
EST,2022,43690.414,
EST,2023,41706.52,Europe
EST,2024,41546.12,
SWZ,1990,5522.299,
SWZ,1991,5398.2373,
SWZ,1992,5364.323,
SWZ,1993,5372.064,
SWZ,1994,5501.631,
SWZ,1995,5771.75,
SWZ,1996,5875.988,
SWZ,1997,5957.236,
SWZ,1998,6034.327,
SWZ,1999,6145.32,
SWZ,2000,6189.645,
SWZ,2001,6197.5034,
SWZ,2002,6417.81,
SWZ,2003,6621.4663,
SWZ,2004,6820.126,
SWZ,2005,7189.969,
SWZ,2006,7582.758,
SWZ,2007,7873.565,
SWZ,2008,7884.8647,
SWZ,2009,7957.0938,
SWZ,2010,8210.697,
SWZ,2011,8348.774,
SWZ,2012,8752.114,
SWZ,2013,9040.765,
SWZ,2014,9119.664,
SWZ,2015,9253.291,
SWZ,2016,9629.556,
SWZ,2017,9696.552,
SWZ,2018,9632.162,
SWZ,2019,10123.316,
SWZ,2020,9727.514,
SWZ,2021,9946.041,
SWZ,2022,9955.709,
SWZ,2023,10201.638,Africa
SWZ,2024,10367.269,
ETH,1990,874.3469,
ETH,1991,777.52356,
ETH,1992,680.8348,
ETH,1993,743.7085,
ETH,1994,741.17664,
ETH,1995,760.26434,
ETH,1996,826.99164,
ETH,1997,826.0052,
ETH,1998,772.7866,
ETH,1999,787.67957,
ETH,2000,810.27075,
ETH,2001,851.3134,
ETH,2002,838.29803,
ETH,2003,795.77216,
ETH,2004,877.1145,
ETH,2005,952.11566,
ETH,2006,1024.7291,
ETH,2007,1109.1433,
ETH,2008,1193.7473,
ETH,2009,1262.464,
ETH,2010,1381.1904,
ETH,2011,1492.5339,
ETH,2012,1576.7688,
ETH,2013,1696.8651,
ETH,2014,1821.3916,
ETH,2015,1957.4146,
ETH,2016,2084.8406,
ETH,2017,2222.8281,
ETH,2018,2311.165,
ETH,2019,2437.9705,
ETH,2020,2516.549,
ETH,2021,2588.413,
ETH,2022,2655.5928,
ETH,2023,2757.9592,Africa
ETH,2024,2884.2646,
OWID_ERE,2023,,Africa
,1990,28303.111,
,1991,27818.629,
,1992,26890.139,
,1993,26233.746,
,1994,25898.807,
,1995,26213.533,
,1996,26510.943,
,1997,27220.38,
,1998,27718.611,
,1999,28496.81,
,2000,29840.36,
,2001,30566.281,
,2002,31151.129,
,2003,31866.83,
,2004,33038.332,
,2005,34031.465,
,2006,35511.223,
,2007,36980.34,
,2008,37451.137,
,2009,35503.695,
,2010,36392.715,
,2011,37343.21,
,2012,37463.918,
,2013,37729.74,
,2014,38210.57,
,2015,38660.05,
,2016,39174.887,
,2017,40198.49,
,2018,41007.37,
,2019,41700.03,
,2020,39619.543,
,2021,42234.934,
,2022,43268.746,
,2023,43956.47,
,2024,44689.504,
,1990,33427.37,
,1991,33588.76,
,1992,33687.715,
,1993,33386.113,
,1994,34203.68,
,1995,35118.984,
,1996,35779.22,
,1997,36643.305,
,1998,37667.035,
,1999,38693.86,
,2000,40167.445,
,2001,41016.188,
,2002,41430.637,
,2003,41736.848,
,2004,42733.555,
,2005,43484.223,
,2006,44953.477,
,2007,46281.79,
,2008,46530.23,
,2009,44438.83,
,2010,45260.875,
,2011,46216.594,
,2012,45800.617,
,2013,45735.46,
,2014,46465.14,
,2015,47500.19,
,2016,48356.707,
,2017,49714.68,
,2018,50726.645,
,2019,51683.465,
,2020,48792.117,
,2021,51978.496,
,2022,53686.57,
,2023,53779.48,
,2024,54290.992,
FLK,2023,,South America
FRO,2008,53528.785,
FRO,2009,50835.953,
FRO,2010,50782.34,
FRO,2011,52716.934,
FRO,2012,56744.652,
FRO,2013,60123.727,
FRO,2014,63151.504,
FRO,2015,63139.805,
FRO,2016,63286.586,
FRO,2017,64574.492,
FRO,2018,65297.312,
FRO,2019,67210.43,
FRO,2020,65136.57,
FRO,2021,67770.49,
FRO,2022,69370.95,
FRO,2023,70428.96,Europe
,2023,,North America
FJI,1990,8126.8906,
FJI,1991,7843.1626,
FJI,1992,8261.304,
FJI,1993,8383.651,
FJI,1994,8762.415,
FJI,1995,8936.778,
FJI,1996,9306.982,
FJI,1997,9008.645,
FJI,1998,9013.452,
FJI,1999,9693.8125,
FJI,2000,9426.114,
FJI,2001,9516.328,
FJI,2002,9724.101,
FJI,2003,9727.956,
FJI,2004,10148.878,
FJI,2005,10127.111,
FJI,2006,10222.198,
FJI,2007,10050.951,
FJI,2008,10092.18,
FJI,2009,9910.175,
FJI,2010,10167.35,
FJI,2011,10412.996,
FJI,2012,10537.692,
FJI,2013,11019.299,
FJI,2014,11621.13,
FJI,2015,12131.092,
FJI,2016,12419.826,
FJI,2017,13090.501,
FJI,2018,13612.952,
FJI,2019,13567.474,
FJI,2020,11254.97,
FJI,2021,10685.197,
FJI,2022,12762.347,
FJI,2023,13652.491,Oceania
FJI,2024,14104.443,
FIN,1990,38807.117,
FIN,1991,36326.082,
FIN,1992,34926.383,
FIN,1993,34486.754,
FIN,1994,35699.72,
FIN,1995,37069.63,
FIN,1996,38301.51,
FIN,1997,40630.92,
FIN,1998,42733.445,
FIN,1999,44505.71,
FIN,2000,46968.84,
FIN,2001,48099.3,
FIN,2002,48792.49,
FIN,2003,49655.547,
FIN,2004,51494.707,
FIN,2005,52744.047,
FIN,2006,54653.98,
FIN,2007,57313.293,
FIN,2008,57494.586,
FIN,2009,52599.15,
FIN,2010,54017.945,
FIN,2011,55053.39,
FIN,2012,53957.668,
FIN,2013,53183.43,
FIN,2014,52710.734,
FIN,2015,52782.49,
FIN,2016,53984.633,
FIN,2017,55637.227,
FIN,2018,56226.336,
FIN,2019,56922.49,
FIN,2020,55424.86,
FIN,2021,56790.375,
FIN,2022,57068.305,
FIN,2023,56246.44,Europe
FIN,2024,55628.68,
FRA,1990,38655.887,
FRA,1991,38937.953,
FRA,1992,39331.902,
FRA,1993,39020.613,
FRA,1994,39801.39,
FRA,1995,40570.72,
FRA,1996,40990.74,
FRA,1997,41876.934,
FRA,1998,43162.543,
FRA,1999,44400.137,
FRA,2000,45922.48,
FRA,2001,46454.87,
FRA,2002,46610.78,
FRA,2003,46730.977,
FRA,2004,47720.44,
FRA,2005,48257.465,
FRA,2006,49223.246,
FRA,2007,50157.785,
FRA,2008,50068.297,
FRA,2009,48404.965,
FRA,2010,49130.42,
FRA,2011,50085.684,
FRA,2012,49935.625,
FRA,2013,50066.53,
FRA,2014,50326.566,
FRA,2015,50682.895,
FRA,2016,50984.074,
FRA,2017,51895.566,
FRA,2018,52560.953,
FRA,2019,53448.555,
FRA,2020,49311.332,
FRA,2021,52517.336,
FRA,2022,53691.617,
FRA,2023,54017.875,Europe
FRA,2024,54464.98,
GUF,2023,,South America
PYF,2023,,Oceania
GAB,1990,23884.81,
GAB,1991,24665.68,
GAB,1992,23268.998,
GAB,1993,23551.682,
GAB,1994,23794.314,
GAB,1995,24344.186,
GAB,1996,24595.973,
GAB,1997,25359.66,
GAB,1998,25585.508,
GAB,1999,22713.715,
GAB,2000,21717.225,
GAB,2001,21604.781,
GAB,2002,20981.48,
GAB,2003,20875.455,
GAB,2004,20438.932,
GAB,2005,20385.29,
GAB,2006,19224.127,
GAB,2007,19751.877,
GAB,2008,18493.092,
GAB,2009,17911.146,
GAB,2010,18530.576,
GAB,2011,19153.088,
GAB,2012,19450.402,
GAB,2013,19836.455,
GAB,2014,20008.99,
GAB,2015,20147.71,
GAB,2016,19988.176,
GAB,2017,19555.707,
GAB,2018,19225.598,
GAB,2019,19491.406,
GAB,2020,18681.484,
GAB,2021,18523.58,
GAB,2022,18662.049,
GAB,2023,18702.691,Africa
GAB,2024,18923.09,
GMB,1990,2653.783,
GMB,1991,2623.6416,
GMB,1992,2604.269,
GMB,1993,2586.1304,
GMB,1994,2508.104,
GMB,1995,2456.0007,
GMB,1996,2439.0454,
GMB,1997,2486.938,
GMB,1998,2502.765,
GMB,1999,2589.9778,
GMB,2000,2658.6177,
GMB,2001,2737.696,
GMB,2002,2578.5571,
GMB,2003,2682.48,
GMB,2004,2794.1936,
GMB,2005,2653.6423,
GMB,2006,2564.6865,
GMB,2007,2567.1572,
GMB,2008,2649.611,
GMB,2009,2745.3254,
GMB,2010,2824.2126,
GMB,2011,2519.8398,
GMB,2012,2574.935,
GMB,2013,2572.4473,
GMB,2014,2465.1096,
GMB,2015,2495.9575,
GMB,2016,2478.4604,
GMB,2017,2533.1868,
GMB,2018,2651.4329,
GMB,2019,2750.8213,
GMB,2020,2702.319,
GMB,2021,2777.7961,
GMB,2022,2863.1804,
GMB,2023,2932.2805,Africa
GMB,2024,3030.974,
GEO,1990,12917.095,
GEO,1991,10120.163,
GEO,1992,5533.211,
GEO,1993,3882.0203,
GEO,1994,3532.32,
GEO,1995,3762.8115,
GEO,1996,4339.005,
GEO,1997,4951.813,
GEO,1998,5233.2886,
GEO,1999,5495.245,
GEO,2000,5706.2725,
GEO,2001,6074.0864,
GEO,2002,6464.325,
GEO,2003,7227.737,
GEO,2004,7693.915,
GEO,2005,8485.587,
GEO,2006,9337.989,
GEO,2007,10567.274,
GEO,2008,10856.104,
GEO,2009,10553.09,
GEO,2010,11294.368,
GEO,2011,12288.683,
GEO,2012,13193.96,
GEO,2013,13913.002,
GEO,2014,14475.313,
GEO,2015,14936.844,
GEO,2016,15442.956,
GEO,2017,16237.624,
GEO,2018,17228.68,
GEO,2019,18186.88,
GEO,2020,17031.145,
GEO,2021,18915.654,
GEO,2022,20966.527,
GEO,2023,22590.53,Asia
GEO,2024,25000.633,
DEU,1990,42373.53,
DEU,1991,44214.754,
DEU,1992,44763.664,
DEU,1993,44037.523,
DEU,1994,45024.992,
DEU,1995,45568.676,
DEU,1996,45908.664,
DEU,1997,46691.82,
DEU,1998,47663.336,
DEU,1999,48647.168,
DEU,2000,49979.133,
DEU,2001,50711.68,
DEU,2002,50510.906,
DEU,2003,50215.426,
DEU,2004,50810.145,
DEU,2005,51289.28,
DEU,2006,53326.977,
DEU,2007,54941.6,
DEU,2008,55547.312,
DEU,2009,52600.234,
DEU,2010,54865.43,
DEU,2011,57992.367,
DEU,2012,58158.137,
DEU,2013,58223.65,
DEU,2014,59239.34,
DEU,2015,59699.34,
DEU,2016,60578.285,
DEU,2017,61991.496,
DEU,2018,62495.5,
DEU,2019,62970.715,
DEU,2020,60342.664,
DEU,2021,62530.766,
DEU,2022,62931.97,
DEU,2023,62686.54,Europe
DEU,2024,62829.797,
GHA,1990,2785.6711,
GHA,1991,2859.827,
GHA,1992,2897.8354,
GHA,1993,2964.266,
GHA,1994,2989.3474,
GHA,1995,3039.6887,
GHA,1996,3106.1855,
GHA,1997,3160.445,
GHA,1998,3229.4822,
GHA,1999,3290.2686,
GHA,2000,3327.352,
GHA,2001,3369.507,
GHA,2002,3425.6182,
GHA,2003,3507.751,
GHA,2004,3607.3652,
GHA,2005,3721.3079,
GHA,2006,3857.8616,
GHA,2007,3923.1257,
GHA,2008,4174.7812,
GHA,2009,4269.16,
GHA,2010,4495.689,
GHA,2011,5005.367,
GHA,2012,5339.7134,
GHA,2013,5593.775,
GHA,2014,5619.0723,
GHA,2015,5607.366,
GHA,2016,5666.078,
GHA,2017,5993.631,
GHA,2018,6234.512,
GHA,2019,6508.2466,
GHA,2020,6412.6855,
GHA,2021,6607.503,
GHA,2022,6728.454,
GHA,2023,6808.5376,Africa
GHA,2024,7061.934,
GIB,2023,,Europe
,2023,,Europe
,2023,,Europe
,2023,,South America
GRC,1990,26916.312,
GRC,1991,27419.604,
GRC,1992,27401.424,
GRC,1993,26804.854,
GRC,1994,27204.396,
GRC,1995,27646.148,
GRC,1996,27905.107,
GRC,1997,28768.24,
GRC,1998,29592.525,
GRC,1999,30263.055,
GRC,2000,31386.64,
GRC,2001,32675.93,
GRC,2002,34081.027,
GRC,2003,35970.703,
GRC,2004,37811.492,
GRC,2005,38146.965,
GRC,2006,40483.156,
GRC,2007,41796.234,
GRC,2008,41709.387,
GRC,2009,39886.215,
GRC,2010,37566.75,
GRC,2011,33906.492,
GRC,2012,31250.227,
GRC,2013,30762.443,
GRC,2014,31213.377,
GRC,2015,31347.977,
GRC,2016,31468.62,
GRC,2017,31995.41,
GRC,2018,32722.33,
GRC,2019,33502.75,
GRC,2020,30487.113,
GRC,2021,33531.156,
GRC,2022,35906.613,
GRC,2023,36854.504,Europe
GRC,2024,37752.633,
GRL,1990,38137.57,
GRL,1991,38162.934,
GRL,1992,36343.125,
GRL,1993,34578.348,
GRL,1994,36428.914,
GRL,1995,37584.07,
GRL,1996,38090.71,
GRL,1997,38581.215,
GRL,1998,41500.23,
GRL,1999,42072.055,
GRL,2000,44991.676,
GRL,2001,45405.855,
GRL,2002,44793.27,
GRL,2003,46649.047,
GRL,2004,49742.06,
GRL,2005,52189,
GRL,2006,55243.71,
GRL,2007,56763.24,
GRL,2008,60506.195,
GRL,2009,61035.566,
GRL,2010,61863.28,
GRL,2011,61170.92,
GRL,2012,62111.1,
GRL,2013,61659.64,
GRL,2014,64799.305,
GRL,2015,63364.055,
GRL,2016,66245.73,
GRL,2017,66297.18,
GRL,2018,66887.68,
GRL,2019,68534.945,
GRL,2020,68533.734,
GRL,2021,69302.01,
GRL,2022,70681.23,
GRL,2023,71037.54,North America
GRD,1990,8889.363,
GRD,1991,8937.777,
GRD,1992,8791.143,
GRD,1993,8553.276,
GRD,1994,8634.374,
GRD,1995,8756.181,
GRD,1996,9082.281,
GRD,1997,9473.579,
GRD,1998,10515.55,
GRD,1999,11165.327,
GRD,2000,11632.175,
GRD,2001,11340.183,
GRD,2002,11684.859,
GRD,2003,12734.325,
GRD,2004,12601.071,
GRD,2005,14220.552,
GRD,2006,13602.686,
GRD,2007,14385.092,
GRD,2008,14472.423,
GRD,2009,13471.83,
GRD,2010,13363.092,
GRD,2011,13406.06,
GRD,2012,13169.461,
GRD,2013,13394.521,
GRD,2014,14296.709,
GRD,2015,15145.972,
GRD,2016,15650.412,
GRD,2017,16301.473,
GRD,2018,16975.248,
GRD,2019,17047.355,
GRD,2020,14656.721,
GRD,2021,15298.123,
GRD,2022,16386.463,
GRD,2023,17128.697,North America
GRD,2024,17742.176,
GLP,2023,,North America
GUM,2023,,Oceania
GTM,1990,7594.7285,
GTM,1991,7662.167,
GTM,1992,7822.26,
GTM,1993,7915.4067,
GTM,1994,8018.2793,
GTM,1995,8195.346,
GTM,1996,8222.065,
GTM,1997,8364.161,
GTM,1998,8559.986,
GTM,1999,8668.427,
GTM,2000,8770.404,
GTM,2001,8771.155,
GTM,2002,8901.536,
GTM,2003,8926.153,
GTM,2004,9003.857,
GTM,2005,9099.723,
GTM,2006,9386.001,
GTM,2007,9772.805,
GTM,2008,9889.572,
GTM,2009,9740.709,
GTM,2010,9825.018,
GTM,2011,10032.088,
GTM,2012,10126.828,
GTM,2013,10297.839,
GTM,2014,10553.563,
GTM,2015,10785.958,
GTM,2016,10872.594,
GTM,2017,11005.459,
GTM,2018,11192.372,
GTM,2019,11466.376,
GTM,2020,11097.15,
GTM,2021,11825.141,
GTM,2022,12147.931,
GTM,2023,12384.948,North America
GTM,2024,12640.887,
GGY,2023,,Europe
GIN,1990,2105.7473,
GIN,1991,2075.992,
GIN,1992,2076.5505,
GIN,1993,2115.8665,
GIN,1994,2134.8977,
GIN,1995,2171.7256,
GIN,1996,2205.3237,
GIN,1997,2272.411,
GIN,1998,2311.3274,
GIN,1999,2346.2703,
GIN,2000,2358.2876,
GIN,2001,2412.7517,
GIN,2002,2498.1318,
GIN,2003,2473.2341,
GIN,2004,2477.503,
GIN,2005,2501.2217,
GIN,2006,2478.6133,
GIN,2007,2587.005,
GIN,2008,2629.5398,
GIN,2009,2537.3064,
GIN,2010,2594.8306,
GIN,2011,2673.4087,
GIN,2012,2762.9036,
GIN,2013,2802.56,
GIN,2014,2834.9663,
GIN,2015,2869.8516,
GIN,2016,3099.7888,
GIN,2017,3332.7659,
GIN,2018,3455.645,
GIN,2019,3557.4624,
GIN,2020,3630.9934,
GIN,2021,3738.8052,
GIN,2022,3792.0107,
GIN,2023,3904.824,Africa
GIN,2024,4028.4834,
GNB,1990,1944.2279,
GNB,1991,2000.3027,
GNB,1992,1963.6382,
GNB,1993,1939.7544,
GNB,1994,1940.8092,
GNB,1995,1975.6958,
GNB,1996,2159.3997,
GNB,1997,2256.3323,
GNB,1998,1717.5686,
GNB,1999,1968.6896,
GNB,2000,1950.8013,
GNB,2001,2001.1652,
GNB,2002,2029.1843,
GNB,2003,1978.1233,
GNB,2004,1955.6943,
GNB,2005,2035.6814,
GNB,2006,2040.172,
GNB,2007,2040.9401,
GNB,2008,2080.143,
GNB,2009,2077.5588,
GNB,2010,2138.0269,
GNB,2011,2250.9204,
GNB,2012,2154.3022,
GNB,2013,2166.008,
GNB,2014,2130.1912,
GNB,2015,2203.485,
GNB,2016,2265.5718,
GNB,2017,2314.158,
GNB,2018,2344.8694,
GNB,2019,2418.104,
GNB,2020,2413.6792,
GNB,2021,2483.8506,
GNB,2022,2564.424,
GNB,2023,2619.4136,Africa
GNB,2024,2685.6174,
GUY,1990,5074.431,
GUY,1991,5396.4634,
GUY,1992,5799.2183,
GUY,1993,6247.866,
GUY,1994,6755.3286,
GUY,1995,7071.213,
GUY,1996,7612.304,
GUY,1997,8064.5674,
GUY,1998,7915.2295,
GUY,1999,8139.97,
GUY,2000,8025.2935,
GUY,2001,8212.043,
GUY,2002,8314.027,
GUY,2003,8267.429,
GUY,2004,8404.2,
GUY,2005,8256.525,
GUY,2006,8702.331,
GUY,2007,9354.08,
GUY,2008,9546.709,
GUY,2009,9924.526,
GUY,2010,10374.395,
GUY,2011,10958.86,
GUY,2012,11534.999,
GUY,2013,11896.907,
GUY,2014,12030.053,
GUY,2015,12040.083,
GUY,2016,12420.473,
GUY,2017,12801.641,
GUY,2018,12980.357,
GUY,2019,13402.422,
GUY,2020,19234.13,
GUY,2021,22865.928,
GUY,2022,37068.2,
GUY,2023,49312.36,South America
GUY,2024,70297.41,
HTI,1990,3946.3657,
HTI,1991,3939.535,
HTI,1992,3656.5833,
HTI,1993,3390.8813,
HTI,1994,2928.675,
HTI,1995,3157.7832,
HTI,1996,3226.6687,
HTI,1997,3252.0269,
HTI,1998,3261.5867,
HTI,1999,3288.6855,
HTI,2000,3256.6294,
HTI,2001,3186.834,
HTI,2002,3163.5898,
HTI,2003,3216.8018,
HTI,2004,3120.844,
HTI,2005,3163.1138,
HTI,2006,3164.8237,
HTI,2007,3258.3665,
HTI,2008,3289.7053,
HTI,2009,3426.3892,
HTI,2010,3195.2483,
HTI,2011,3320.347,
HTI,2012,3285.7075,
HTI,2013,3376.64,
HTI,2014,3423.653,
HTI,2015,3422.0974,
HTI,2016,3435.7312,
HTI,2017,3474.347,
HTI,2018,3485.6968,
HTI,2019,3381.5847,
HTI,2020,3229.4756,
HTI,2021,3134.9502,
HTI,2022,3047.6519,
HTI,2023,2956.4622,North America
HTI,2024,2800.6611,
,1990,34971.098,
,1991,34862.188,
,1992,34746.383,
,1993,34676.234,
,1994,35186.555,
,1995,35860.742,
,1996,36595.3,
,1997,37609.848,
,1998,38271.55,
,1999,39430.875,
,2000,41003.016,
,2001,41524.766,
,2002,42060.25,
,2003,42913.387,
,2004,44305.617,
,2005,45478.45,
,2006,46856.066,
,2007,48080.31,
,2008,48267.582,
,2009,46254.605,
,2010,47506.582,
,2011,48413.254,
,2012,48866.867,
,2013,49344.992,
,2014,50113.035,
,2015,50871.79,
,2016,51469.168,
,2017,52524.293,
,2018,53620.7,
,2019,54478.742,
,2020,52198.977,
,2021,55348.598,
,2022,56725.566,
,2023,57349.35,
,2024,58151.273,
HND,1990,4427.04,
HND,1991,4160.3857,
HND,1992,4289.476,
HND,1993,4440.229,
HND,1994,4325.2285,
HND,1995,4464.5796,
HND,1996,4421.521,
HND,1997,4497.236,
HND,1998,4536.912,
HND,1999,4386.7114,
HND,2000,4579.6895,
HND,2001,4578.9478,
HND,2002,4627.023,
HND,2003,4714.867,
HND,2004,4885.343,
HND,2005,5056.6753,
HND,2006,5263.1504,
HND,2007,5461.9014,
HND,2008,5566.7065,
HND,2009,5313.756,
HND,2010,5396.0723,
HND,2011,5488.4336,
HND,2012,5600.608,
HND,2013,5644.134,
HND,2014,5705.1626,
HND,2015,5812.5347,
HND,2016,5926.49,
HND,2017,6099.6074,
HND,2018,6219.28,
HND,2019,6264.019,
HND,2020,5603.264,
HND,2021,6202.981,
HND,2022,6352.587,
HND,2023,6467.88,North America
HND,2024,6585.8555,
HKG,1990,31598.854,
HKG,1991,33124.797,
HKG,1992,34895.875,
HKG,1993,36428.65,
HKG,1994,37767.297,
HKG,1995,37905.715,
HKG,1996,37804.145,
HKG,1997,39402.652,
HKG,1998,36776.43,
HKG,1999,37339.953,
HKG,2000,39848.61,
HKG,2001,39777.883,
HKG,2002,40258.207,
HKG,2003,41570.598,
HKG,2004,44836.203,
HKG,2005,47938.895,
HKG,2006,50981.76,
HKG,2007,53813.074,
HKG,2008,54630.375,
HKG,2009,53172.305,
HKG,2010,56355.402,
HKG,2011,58672.81,
HKG,2012,59015.305,
HKG,2013,60601.574,
HKG,2014,61839.777,
HKG,2015,62779.72,
HKG,2016,63749.383,
HKG,2017,65662.81,
HKG,2018,66993.93,
HKG,2019,65388.332,
HKG,2020,61328.54,
HKG,2021,65884.94,
HKG,2022,64036.668,
HKG,2023,64428.73,Asia
HKG,2024,66171.36,
HUN,1990,21297,
HUN,1991,18765.416,
HUN,1992,18197.531,
HUN,1993,18113.336,
HUN,1994,18672.707,
HUN,1995,18977.244,
HUN,1996,19029.113,
HUN,1997,19635.295,
HUN,1998,20438.383,
HUN,1999,21128.889,
HUN,2000,22117.92,
HUN,2001,23069.21,
HUN,2002,24229.295,
HUN,2003,25255.871,
HUN,2004,26568.12,
HUN,2005,27765.79,
HUN,2006,28903.047,
HUN,2007,29044.066,
HUN,2008,29384.008,
HUN,2009,27445.959,
HUN,2010,27801.834,
HUN,2011,28415.117,
HUN,2012,28179.656,
HUN,2013,28891.021,
HUN,2014,30264.95,
HUN,2015,31485.568,
HUN,2016,32378.967,
HUN,2017,33828.715,
HUN,2018,35798.043,
HUN,2019,37662.676,
HUN,2020,36119.52,
HUN,2021,38887.19,
HUN,2022,40656.97,
HUN,2023,40368.59,Europe
HUN,2024,40702.152,
ISL,1990,40116.754,
ISL,1991,39565.79,
ISL,1992,37753.465,
ISL,1993,37862.387,
ISL,1994,38890.207,
ISL,1995,38724.902,
ISL,1996,40275.477,
ISL,1997,42252.47,
ISL,1998,44880.496,
ISL,1999,46130.184,
ISL,2000,47771.21,
ISL,2001,49032.37,
ISL,2002,48868.566,
ISL,2003,49571.195,
ISL,2004,52971.832,
ISL,2005,55333.227,
ISL,2006,57463.75,
ISL,2007,60765.203,
ISL,2008,60963.543,
ISL,2009,56099.65,
ISL,2010,54588.973,
ISL,2011,55426.992,
ISL,2012,55719.26,
ISL,2013,57707.42,
ISL,2014,58031.86,
ISL,2015,59978.332,
ISL,2016,62880.26,
ISL,2017,63999.16,
ISL,2018,65354.26,
ISL,2019,65122.754,
ISL,2020,59627.242,
ISL,2021,61610.215,
ISL,2022,65475.41,
ISL,2023,67177.2,Europe
ISL,2024,65645.09,
IND,1990,2203.147,
IND,1991,2178.686,
IND,1992,2249.698,
IND,1993,2307.6072,
IND,1994,2411.4626,
IND,1995,2542.422,
IND,1996,2680.2788,
IND,1997,2734.521,
IND,1998,2847.9624,
IND,1999,3041.4827,
IND,2000,3099.503,
IND,2001,3188.8103,
IND,2002,3250.6956,
IND,2003,3445.926,
IND,2004,3656.1262,
IND,2005,3881.966,
IND,2006,4129.7783,
IND,2007,4379.696,
IND,2008,4450.39,
IND,2009,4731.362,
IND,2010,5059.2827,
IND,2011,5249.5493,
IND,2012,5460.4375,
IND,2013,5732.2417,
IND,2014,6079.8438,
IND,2015,6488.146,
IND,2016,6940.626,
IND,2017,7326.607,
IND,2018,7714.34,
IND,2019,7930.0913,
IND,2020,7399.531,
IND,2021,8050.0186,
IND,2022,8594.392,
IND,2023,9301.756,Asia
IND,2024,9817.071,
IDN,1990,4873.0537,
IDN,1991,5118.468,
IDN,1992,5357.376,
IDN,1993,5609.152,
IDN,1994,5931.235,
IDN,1995,6312.9346,
IDN,1996,6695.4097,
IDN,1997,6897.0024,
IDN,1998,5897.6855,
IDN,1999,5855.658,
IDN,2000,6056.382,
IDN,2001,6190.5195,
IDN,2002,6381.9497,
IDN,2003,6599.092,
IDN,2004,6843.5464,
IDN,2005,7140.8545,
IDN,2006,7434.488,
IDN,2007,7802.464,
IDN,2008,8165.0615,
IDN,2009,8435.456,
IDN,2010,8848.225,
IDN,2011,9274.97,
IDN,2012,9708.612,
IDN,2013,10121.814,
IDN,2014,10504.387,
IDN,2015,10893.662,
IDN,2016,11319.663,
IDN,2017,11772.574,
IDN,2018,12262.231,
IDN,2019,12757.785,
IDN,2020,12388.545,
IDN,2021,12757.074,
IDN,2022,13334.266,
IDN,2023,13889.975,Asia
IDN,2024,14470.4375,
IRN,1990,9046.585,
IRN,1991,9923.821,
IRN,1992,10050.382,
IRN,1993,9867.293,
IRN,1994,9681.262,
IRN,1995,9804.55,
IRN,1996,10315.138,
IRN,1997,10329.857,
IRN,1998,10400.861,
IRN,1999,10459.124,
IRN,2000,10908.293,
IRN,2001,10998.129,
IRN,2002,11788.8955,
IRN,2003,12666.201,
IRN,2004,12935.786,
IRN,2005,13056.25,
IRN,2006,13416.842,
IRN,2007,14275.749,
IRN,2008,14138.801,
IRN,2009,14104.979,
IRN,2010,14737.156,
IRN,2011,14941.26,
IRN,2012,14202.551,
IRN,2013,13804.791,
IRN,2014,14299.571,
IRN,2015,13905.192,
IRN,2016,14915.594,
IRN,2017,15108.109,
IRN,2018,14642.498,
IRN,2019,14040.665,
IRN,2020,14397.153,
IRN,2021,14951.895,
IRN,2022,15331.333,
IRN,2023,15912.03,Asia
IRN,2024,16224.035,
IRQ,1990,10735.094,
IRQ,1991,3819.1619,
IRQ,1992,4916.264,
IRQ,1993,6105.0415,
IRQ,1994,6044.871,
IRQ,1995,5969.6694,
IRQ,1996,6419.3696,
IRQ,1997,7545.73,
IRQ,1998,9871.734,
IRQ,1999,11237.854,
IRQ,2000,12702.164,
IRQ,2001,12529.608,
IRQ,2002,11144.051,
IRQ,2003,6849.332,
IRQ,2004,10210.563,
IRQ,2005,10078.443,
IRQ,2006,10568.914,
IRQ,2007,10853.816,
IRQ,2008,11511.938,
IRQ,2009,11470.518,
IRQ,2010,11816.841,
IRQ,2011,12267.585,
IRQ,2012,13357.015,
IRQ,2013,13712.932,
IRQ,2014,13536.823,
IRQ,2015,13516.027,
IRQ,2016,15016.092,
IRQ,2017,14417.631,
IRQ,2018,14456.235,
IRQ,2019,14910.225,
IRQ,2020,12827.635,
IRQ,2021,12731.754,
IRQ,2022,13433.397,
IRQ,2023,13202.323,Asia
IRQ,2024,12725.043,
IRL,1990,29593.922,
IRL,1991,29992.049,
IRL,1992,30784.021,
IRL,1993,31455.295,
IRL,1994,33134.938,
IRL,1995,36141.523,
IRL,1996,38502.76,
IRL,1997,42319.918,
IRL,1998,45552.105,
IRL,1999,49784.297,
IRL,2000,53744.543,
IRL,2001,55702.17,
IRL,2002,58002.535,
IRL,2003,58785.215,
IRL,2004,61638.33,
IRL,2005,63771.594,
IRL,2006,65171.504,
IRL,2007,66676.46,
IRL,2008,62401.406,
IRL,2009,58623.117,
IRL,2010,59285.81,
IRL,2011,60001.08,
IRL,2012,59508.996,
IRL,2013,60494.164,
IRL,2014,65660.18,
IRL,2015,81053.35,
IRL,2016,80997.586,
IRL,2017,87942.445,
IRL,2018,93214.336,
IRL,2019,96369.65,
IRL,2020,101970.81,
IRL,2021,116903.61,
IRL,2022,124489.375,
IRL,2023,115505.336,Europe
IRL,2024,115337.164,
IMN,2023,,Europe
ISR,1990,25335.271,
ISR,1991,25698.93,
ISR,1992,26752.4,
ISR,1993,27123.107,
ISR,1994,28393,
ISR,1995,29470.816,
ISR,1996,30386.197,
ISR,1997,30707.006,
ISR,1998,31246.857,
ISR,1999,31465.613,
ISR,2000,33275.062,
ISR,2001,32590.229,
ISR,2002,31897.584,
ISR,2003,31780.78,
ISR,2004,32675.209,
ISR,2005,33512.89,
ISR,2006,34770.027,
ISR,2007,36317.85,
ISR,2008,36827.926,
ISR,2009,36403.164,
ISR,2010,37722.41,
ISR,2011,39075.375,
ISR,2012,39299.35,
ISR,2013,40148.777,
ISR,2014,40872.582,
ISR,2015,40967.37,
ISR,2016,41963.676,
ISR,2017,42947.06,
ISR,2018,43814.297,
ISR,2019,44580.81,
ISR,2020,42915.94,
ISR,2021,46162.082,
ISR,2022,48098.188,
ISR,2023,47527.152,Asia
ISR,2024,47338.844,
ITA,1990,42656.746,
ITA,1991,43283.02,
ITA,1992,43614.484,
ITA,1993,43216.11,
ITA,1994,44136.707,
ITA,1995,45410.14,
ITA,1996,46008.24,
ITA,1997,46869.426,
ITA,1998,47701.4,
ITA,1999,48493.664,
ITA,2000,50353.42,
ITA,2001,51332.29,
ITA,2002,51369.113,
ITA,2003,51126.258,
ITA,2004,51495.004,
ITA,2005,51585.645,
ITA,2006,52304.242,
ITA,2007,52747.19,
ITA,2008,51806.39,
ITA,2009,48774.39,
ITA,2010,49301.695,
ITA,2011,49473.016,
ITA,2012,47795.957,
ITA,2013,46833.363,
ITA,2014,46825.652,
ITA,2015,47311.824,
ITA,2016,47987.84,
ITA,2017,48849.22,
ITA,2018,49133.145,
ITA,2019,49690.63,
ITA,2020,45505.07,
ITA,2021,49825.395,
ITA,2022,52333.33,
ITA,2023,52725.746,Europe
ITA,2024,53115.137,
JAM,1990,8742.165,
JAM,1991,9084.997,
JAM,1992,9171.616,
JAM,1993,9932.031,
JAM,1994,9966.491,
JAM,1995,10098.98,
JAM,1996,9990.347,
JAM,1997,9785.762,
JAM,1998,9475.902,
JAM,1999,9501.015,
JAM,2000,9518.231,
JAM,2001,9585.314,
JAM,2002,9716.8955,
JAM,2003,10012.287,
JAM,2004,10085.591,
JAM,2005,10119.534,
JAM,2006,10359.316,
JAM,2007,10457.972,
JAM,2008,10328.04,
JAM,2009,9838.251,
JAM,2010,9654.072,
JAM,2011,9778.694,
JAM,2012,9676.848,
JAM,2013,9687.608,
JAM,2014,9719.304,
JAM,2015,9778.118,
JAM,2016,9886.552,
JAM,2017,9964.391,
JAM,2018,10137.111,
JAM,2019,10216.065,
JAM,2020,9178.32,
JAM,2021,9577.164,
JAM,2022,10072.049,
JAM,2023,10332.055,North America
JAM,2024,10259.995,
JPN,1990,35272.418,
JPN,1991,36372.035,
JPN,1992,36563.62,
JPN,1993,36277.92,
JPN,1994,36568.71,
JPN,1995,37442.895,
JPN,1996,38528.793,
JPN,1997,38814.254,
JPN,1998,38217.195,
JPN,1999,38020.094,
JPN,2000,39005.914,
JPN,2001,39062.28,
JPN,2002,38987.91,
JPN,2003,39501.81,
JPN,2004,40351.777,
JPN,2005,41075.824,
JPN,2006,41613.15,
JPN,2007,42182.176,
JPN,2008,41645.57,
JPN,2009,39279.5,
JPN,2010,40881.797,
JPN,2011,40967.344,
JPN,2012,41596.92,
JPN,2013,42492.242,
JPN,2014,42674.7,
JPN,2015,43386.71,
JPN,2016,43736.13,
JPN,2017,44505.277,
JPN,2018,44848.49,
JPN,2019,44730.91,
JPN,2020,42992.48,
JPN,2021,44355.348,
JPN,2022,44972.344,
JPN,2023,45858.66,Asia
JPN,2024,46097.43,
JEY,2023,,Europe
JOR,1990,7589.8203,
JOR,1991,7134.29,
JOR,1992,7737.969,
JOR,1993,7675.4717,
JOR,1994,7680.1406,
JOR,1995,7829.081,
JOR,1996,7731.4785,
JOR,1997,7775.5425,
JOR,1998,7826.74,
JOR,1999,7920.0195,
JOR,2000,8086.922,
JOR,2001,8339.786,
JOR,2002,8638.08,
JOR,2003,8800.497,
JOR,2004,9326.668,
JOR,2005,9839.688,
JOR,2006,9977.759,
JOR,2007,10161.402,
JOR,2008,10641.59,
JOR,2009,10938.503,
JOR,2010,10953.538,
JOR,2011,10977.482,
JOR,2012,11086.03,
JOR,2013,10799.354,
JOR,2014,10148.998,
JOR,2015,9581.689,
JOR,2016,9321.904,
JOR,2017,9339.811,
JOR,2018,9311.531,
JOR,2019,9288.527,
JOR,2020,9022.64,
JOR,2021,9182.496,
JOR,2022,9266.575,
JOR,2023,9381.3545,Asia
JOR,2024,9520.251,
KAZ,1990,16837.691,
KAZ,1991,14877.527,
KAZ,1992,14045.104,
KAZ,1993,12795.875,
KAZ,1994,11334.983,
KAZ,1995,10600.33,
KAZ,1996,10857.436,
KAZ,1997,11298.58,
KAZ,1998,11364.031,
KAZ,1999,11815.773,
KAZ,2000,12935.864,
KAZ,2001,14612.029,
KAZ,2002,15960.874,
KAZ,2003,17344.752,
KAZ,2004,18886.582,
KAZ,2005,20565.53,
KAZ,2006,22574.344,
KAZ,2007,24351.346,
KAZ,2008,24895.664,
KAZ,2009,24901.354,
KAZ,2010,26374.84,
KAZ,2011,27946.16,
KAZ,2012,28881.242,
KAZ,2013,30177.488,
KAZ,2014,30986.438,
KAZ,2015,30893.76,
KAZ,2016,30758.322,
KAZ,2017,31524.441,
KAZ,2018,32330.227,
KAZ,2019,33298.21,
KAZ,2020,32011.549,
KAZ,2021,32945.85,
KAZ,2022,33506.26,
KAZ,2023,34703.234,Asia
KAZ,2024,35905.44,
KEN,1990,4177.486,
KEN,1991,4102.4766,
KEN,1992,3946.8408,
KEN,1993,3844.9204,
KEN,1994,3833.2236,
KEN,1995,3890.0986,
KEN,1996,3941.4092,
KEN,1997,3853.3713,
KEN,1998,3871.8218,
KEN,1999,3848.4646,
KEN,2000,3756.6362,
KEN,2001,3778.2585,
KEN,2002,3681.2568,
KEN,2003,3674.086,
KEN,2004,3743.5679,
KEN,2005,3844.7356,
KEN,2006,3970.7334,
KEN,2007,4116.451,
KEN,2008,4002.8835,
KEN,2009,4012.1943,
KEN,2010,4211.5244,
KEN,2011,4307.106,
KEN,2012,4387.938,
KEN,2013,4443.371,
KEN,2014,4558.552,
KEN,2015,4679.622,
KEN,2016,4770.3105,
KEN,2017,4846.8623,
KEN,2018,5017.668,
KEN,2019,5171.7124,
KEN,2020,5057.4014,
KEN,2021,5338.8525,
KEN,2022,5491.694,
KEN,2023,5682.9893,Africa
KEN,2024,5823.4077,
,2023,,Europe
,2023,,Europe
,2023,,Europe
,2023,,Europe
,2023,,Europe
KIR,1990,2213.5403,
KIR,1991,2047.1538,
KIR,1992,2495.9963,
KIR,1993,2455.45,
KIR,1994,2468.7212,
KIR,1995,2498.7876,
KIR,1996,2455.501,
KIR,1997,2439.4102,
KIR,1998,2502.862,
KIR,1999,2364.3462,
KIR,2000,2481.4153,
KIR,2001,2357.5818,
KIR,2002,2341.6956,
KIR,2003,2258.034,
KIR,2004,2199.6707,
KIR,2005,2183.7812,
KIR,2006,2264.1616,
KIR,2007,2286.4465,
KIR,2008,2172.3577,
KIR,2009,2137.9658,
KIR,2010,2119.6401,
KIR,2011,2150.383,
KIR,2012,2242.0137,
KIR,2013,2382.3704,
KIR,2014,2381.3484,
KIR,2015,2615.8413,
KIR,2016,2761.9336,
KIR,2017,2822.6692,
KIR,2018,2877.6016,
KIR,2019,2927.4849,
KIR,2020,2834.6858,
KIR,2021,3020.494,
KIR,2022,3107.7761,
KIR,2023,3140.5833,Oceania
KIR,2024,3257.1362,
OWID_KRU,2023,,Asia
OWID_KOS,2008,7098.403,
OWID_KOS,2009,7481.459,
OWID_KOS,2010,7877.102,
OWID_KOS,2011,8359.937,
OWID_KOS,2012,8431.662,
OWID_KOS,2013,8828.276,
OWID_KOS,2014,9150.75,
OWID_KOS,2015,9824.991,
OWID_KOS,2016,10434.889,
OWID_KOS,2017,10856.29,
OWID_KOS,2018,11188.225,
OWID_KOS,2019,11774.118,
OWID_KOS,2020,11137.503,
OWID_KOS,2021,12362.421,
OWID_KOS,2022,13022.463,
OWID_KOS,2023,14240.203,Europe
OWID_KOS,2024,16380.868,
KWT,1990,38932.945,
KWT,1991,28633.969,
KWT,1992,43266.934,
KWT,1993,56684.188,
KWT,1994,61753.848,
KWT,1995,64093.52,
KWT,1996,62665.223,
KWT,1997,62151.953,
KWT,1998,62450.09,
KWT,1999,59533.953,
KWT,2000,60585.3,
KWT,2001,59099.664,
KWT,2002,59348.617,
KWT,2003,67984.31,
KWT,2004,73298.06,
KWT,2005,78193.9,
KWT,2006,79521.35,
KWT,2007,79474.76,
KWT,2008,77036.51,
KWT,2009,67896.266,
KWT,2010,62956.215,
KWT,2011,64844.5,
KWT,2012,64908.26,
KWT,2013,62458.81,
KWT,2014,60065.656,
KWT,2015,57763.516,
KWT,2016,56936.62,
KWT,2017,52285.586,
KWT,2018,51623.81,
KWT,2019,51380.645,
KWT,2020,49372.574,
KWT,2021,50651.957,
KWT,2022,51379.883,
KWT,2023,47777.402,Asia
KWT,2024,45426.945,
KGZ,1990,6095.681,
KGZ,1991,5520.4297,
KGZ,1992,4701.991,
KGZ,1993,3973.8833,
KGZ,1994,3176.9238,
KGZ,1995,2974.7117,
KGZ,1996,3138.6663,
KGZ,1997,3399.9343,
KGZ,1998,3419.2234,
KGZ,1999,3491.9377,
KGZ,2000,3638.4631,
KGZ,2001,3795.8906,
KGZ,2002,3760.5325,
KGZ,2003,3982.9272,
KGZ,2004,4211.5225,
KGZ,2005,4156.9585,
KGZ,2006,4240.1704,
KGZ,2007,4558.713,
KGZ,2008,4894.943,
KGZ,2009,4969.9614,
KGZ,2010,4876.4795,
KGZ,2011,5092.8516,
KGZ,2012,4993.3945,
KGZ,2013,5418.5405,
KGZ,2014,5513.7544,
KGZ,2015,5600.2144,
KGZ,2016,5715.0103,
KGZ,2017,5861.222,
KGZ,2018,5951.8286,
KGZ,2019,6087.602,
KGZ,2020,5537.7954,
KGZ,2021,5736.479,
KGZ,2022,6139.778,
KGZ,2023,6575.7754,Asia
KGZ,2024,7046.31,
LAO,1990,2005.5005,
LAO,1991,2033.5826,
LAO,1992,2088.02,
LAO,1993,2152.2766,
LAO,1994,2267.7822,
LAO,1995,2368.0547,
LAO,1996,2473.773,
LAO,1997,2589.2075,
LAO,1998,2642.5662,
LAO,1999,2786.5205,
LAO,2000,2899.0195,
LAO,2001,3015.6326,
LAO,2002,3143.2234,
LAO,2003,3282.9854,
LAO,2004,3441.17,
LAO,2005,3630.5588,
LAO,2006,3881.5374,
LAO,2007,4112.253,
LAO,2008,4367.163,
LAO,2009,4625.072,
LAO,2010,4946.1055,
LAO,2011,5266.879,
LAO,2012,5608.9697,
LAO,2013,5974.4736,
LAO,2014,6341.2124,
LAO,2015,6703.741,
LAO,2016,7063.2554,
LAO,2017,7432.4595,
LAO,2018,7775.086,
LAO,2019,8075.275,
LAO,2020,7995.595,
LAO,2021,8080.4355,
LAO,2022,8183.0327,
LAO,2023,8372.156,Asia
LAO,2024,8610.901,
,1990,12450.189,
,1991,12621.995,
,1992,12754.749,
,1993,13122.841,
,1994,13582.887,
,1995,13472.306,
,1996,13766.855,
,1997,14284.572,
,1998,14483.6,
,1999,14339.87,
,2000,14637.734,
,2001,14492.233,
,2002,14372.611,
,2003,14541.803,
,2004,15133.272,
,2005,15537.764,
,2006,16143.649,
,2007,16790.98,
,2008,17212.008,
,2009,16633.926,
,2010,17519.326,
,2011,18117.84,
,2012,18400.021,
,2013,18731.19,
,2014,18814.951,
,2015,18723.607,
,2016,18509.86,
,2017,18701.053,
,2018,18851.871,
,2019,18841.04,
,2020,17478.396,
,2021,18654.766,
,2022,19295.451,
,2023,19602.594,
,2024,19905.303,
LVA,1990,17508.787,
LVA,1991,15376.091,
LVA,1992,10582.207,
LVA,1993,10255.142,
LVA,1994,10656.608,
LVA,1995,10707.515,
LVA,1996,11077.862,
LVA,1997,12215.016,
LVA,1998,13138.401,
LVA,1999,13619.099,
LVA,2000,14554.213,
LVA,2001,15695.906,
LVA,2002,17096.559,
LVA,2003,18717.668,
LVA,2004,20574.12,
LVA,2005,23213.354,
LVA,2006,26431.814,
LVA,2007,29423.736,
LVA,2008,28726.973,
LVA,2009,24520.68,
LVA,2010,24119.73,
LVA,2011,25308.732,
LVA,2012,27496.545,
LVA,2013,28375.184,
LVA,2014,29243.742,
LVA,2015,30599.613,
LVA,2016,31668.516,
LVA,2017,33036.39,
LVA,2018,34729.707,
LVA,2019,35208.195,
LVA,2020,34225.9,
LVA,2021,36912.01,
LVA,2022,37681.047,
LVA,2023,38796.55,Europe
LVA,2024,38936.047,
LBN,1990,5345.512,
LBN,1991,7828.172,
LBN,1992,8924.152,
LBN,1993,9695.315,
LBN,1994,10294.8125,
LBN,1995,10762.442,
LBN,1996,11757.282,
LBN,1997,11668.4,
LBN,1998,11885.308,
LBN,1999,11617.25,
LBN,2000,11571.732,
LBN,2001,11817.931,
LBN,2002,12053.834,
LBN,2003,12272.344,
LBN,2004,12882.076,
LBN,2005,13024.665,
LBN,2006,13003.681,
LBN,2007,13941.562,
LBN,2008,14955.142,
LBN,2009,16264.351,
LBN,2010,17390.758,
LBN,2011,17353.195,
LBN,2012,17323.3,
LBN,2013,16396.496,
LBN,2014,15205.873,
LBN,2015,14980.0205,
LBN,2016,15572.361,
LBN,2017,16128.584,
LBN,2018,16290.052,
LBN,2019,15659.566,
LBN,2020,12507.437,
LBN,2021,11599.775,
LBN,2022,11474.751,
LBN,2023,11330.269,Asia
LSO,1990,1422.1505,
LSO,1991,1494.2404,
LSO,1992,1571.827,
LSO,1993,1602.5963,
LSO,1994,1675.5978,
LSO,1995,1709.6943,
LSO,1996,1786.1823,
LSO,1997,1837.6965,
LSO,1998,1856.6908,
LSO,1999,1860.7006,
LSO,2000,1932.158,
LSO,2001,2004.0334,
LSO,2002,2024.7872,
LSO,2003,2127.373,
LSO,2004,2178.6648,
LSO,2005,2275.016,
LSO,2006,2381.0203,
LSO,2007,2470.3147,
LSO,2008,2589.1663,
LSO,2009,2538.1934,
LSO,2010,2651.378,
LSO,2011,2749.3196,
LSO,2012,2894.227,
LSO,2013,2914.3752,
LSO,2014,2930.6172,
LSO,2015,2986.9587,
LSO,2016,3057.261,
LSO,2017,2924.681,
LSO,2018,2846.4182,
LSO,2019,2773.2864,
LSO,2020,2517.1104,
LSO,2021,2544.7825,
LSO,2022,2577.5454,
LSO,2023,2595.8296,Africa
LSO,2024,2637.9165,
LBR,1990,1866.4055,
LBR,1991,1819.4978,
LBR,1992,1115.0377,
LBR,1993,718.6832,
LBR,1994,563.6404,
LBR,1995,534.8097,
LBR,1996,582.678,
LBR,1997,1111.9376,
LBR,1998,1308.4056,
LBR,1999,1507.3147,
LBR,2000,1868.1798,
LBR,2001,1867.1191,
LBR,2002,1887.646,
LBR,2003,1308.1509,
LBR,2004,1326.5356,
LBR,2005,1335.6173,
LBR,2006,1364.6035,
LBR,2007,1422.1002,
LBR,2008,1463.124,
LBR,2009,1492.9982,
LBR,2010,1538.8508,
LBR,2011,1601.0337,
LBR,2012,1668.9729,
LBR,2013,1774.5206,
LBR,2014,1750.1438,
LBR,2015,1714.0905,
LBR,2016,1653.3105,
LBR,2017,1661.3029,
LBR,2018,1647.9745,
LBR,2019,1575.7666,
LBR,2020,1497.377,
LBR,2021,1539.2089,
LBR,2022,1578.9984,
LBR,2023,1616.9237,Africa
LBR,2024,1658.26,
LBY,1990,18121.816,
LBY,1991,20501.479,
LBY,1992,19532.996,
LBY,1993,18429.79,
LBY,1994,18439.658,
LBY,1995,17718.604,
LBY,1996,17804.465,
LBY,1997,18446.844,
LBY,1998,17528.31,
LBY,1999,17397.988,
LBY,2000,17742.348,
LBY,2001,17111.484,
LBY,2002,16625.059,
LBY,2003,18417.885,
LBY,2004,18846.242,
LBY,2005,20644.027,
LBY,2006,21539.627,
LBY,2007,22416.11,
LBY,2008,21909.43,
LBY,2009,20513.562,
LBY,2010,21109.969,
LBY,2011,10739.093,
LBY,2012,20595.58,
LBY,2013,16553.143,
LBY,2014,12495.793,
LBY,2015,12192.139,
LBY,2016,11828.711,
LBY,2017,15424.056,
LBY,2018,16380.852,
LBY,2019,14333.423,
LBY,2020,9976.037,
LBY,2021,12641.51,
LBY,2022,11456.077,
LBY,2023,12478.144,Africa
LBY,2024,12275.91,
LIE,2023,,Europe
LTU,1990,20586.229,
LTU,1991,19384.818,
LTU,1992,15280.389,
LTU,1993,12861.695,
LTU,1994,11686.438,
LTU,1995,12164.204,
LTU,1996,12873.201,
LTU,1997,14045.005,
LTU,1998,15202.912,
LTU,1999,15143.193,
LTU,2000,15771.427,
LTU,2001,16933.023,
LTU,2002,18216.545,
LTU,2003,20302.984,
LTU,2004,21867.287,
LTU,2005,23944.701,
LTU,2006,26129.34,
LTU,2007,29370.773,
LTU,2008,30445.781,
LTU,2009,26217.545,
LTU,2010,26887.492,
LTU,2011,29240.748,
LTU,2012,30920.33,
LTU,2013,32474.64,
LTU,2014,33975.086,
LTU,2015,35251.297,
LTU,2016,36618.15,
LTU,2017,38774.49,
LTU,2018,41019.79,
LTU,2019,43062.324,
LTU,2020,43091.797,
LTU,2021,45873.527,
LTU,2022,46651.215,
LTU,2023,46159.707,Europe
LTU,2024,47169.008,
,1990,2031.1335,
,1991,2028.6313,
,1992,1992.4918,
,1993,1933.9025,
,1994,1898.2806,
,1995,1938.5183,
,1996,1993.9362,
,1997,2069.322,
,1998,2109.933,
,1999,2079.4143,
,2000,2066.9841,
,2001,2081.1301,
,2002,2138.2847,
,2003,2211.3105,
,2004,2280.595,
,2005,2360.414,
,2006,2426.0461,
,2007,2502.8896,
,2008,2560.9082,
,2009,2586.3552,
,2010,2674.6309,
,2011,2675.5242,
,2012,2461.7778,
,2013,2374.011,
,2014,2383.3347,
,2015,2394.1177,
,2016,2389.6448,
,2017,2390.0938,
,2018,2395.3025,
,2019,2406.662,
,2020,2322.3682,
,2021,2275.678,
,2022,2291.6523,
,2023,2221.1392,
,2024,2228.079,
,1990,2900.5078,
,1991,2888.5808,
,1992,2935.3105,
,1993,2946.9211,
,1994,3007.5342,
,1995,3105.8386,
,1996,3235.2048,
,1997,3296.9277,
,1998,3384.0115,
,1999,3510.9321,
,2000,3589.6147,
,2001,3674.1223,
,2002,3757.837,
,2003,3914.4043,
,2004,4115.4053,
,2005,4319.5054,
,2006,4547.3555,
,2007,4779.7554,
,2008,4906.9004,
,2009,5117.117,
,2010,5378.887,
,2011,5541.9946,
,2012,5733.79,
,2013,5963.272,
,2014,6234.2397,
,2015,6523.305,
,2016,6822.7656,
,2017,7109.1885,
,2018,7409.393,
,2019,7616.2646,
,2020,7248.349,
,2021,7652.7197,
,2022,8042.731,
,2023,8449.213,
,2024,8788.578,
LUX,1990,81450.57,
LUX,1991,87313.72,
LUX,1992,87729.4,
LUX,1993,90195.664,
LUX,1994,92375.36,
LUX,1995,92391.34,
LUX,1996,92416.516,
LUX,1997,96211.734,
LUX,1998,101364.67,
LUX,1999,108180.41,
LUX,2000,114141.586,
LUX,2001,116258.43,
LUX,2002,118757.53,
LUX,2003,120396.26,
LUX,2004,123720.26,
LUX,2005,124866.86,
LUX,2006,130284.97,
LUX,2007,138677.97,
LUX,2008,135812.22,
LUX,2009,129002.24,
LUX,2010,131432.06,
LUX,2011,129885.37,
LUX,2012,128895.41,
LUX,2013,129945.45,
LUX,2014,130247.664,
LUX,2015,130097.26,
LUX,2016,133661.66,
LUX,2017,132169.83,
LUX,2018,131733.89,
LUX,2019,132724.75,
LUX,2020,129865.63,
LUX,2021,136772.44,
LUX,2022,132574,
LUX,2023,129021.65,Europe
LUX,2024,128181.7,
MAC,1990,55242.965,
MAC,1991,54545.016,
MAC,1992,58591.65,
MAC,1993,59527.71,
MAC,1994,60057.766,
MAC,1995,60142.367,
MAC,1996,59053.855,
MAC,1997,58578.41,
MAC,1998,55238.973,
MAC,1999,53292.54,
MAC,2000,55936.242,
MAC,2001,57114.06,
MAC,2002,61564.926,
MAC,2003,67925.71,
MAC,2004,83915.22,
MAC,2005,87090.72,
MAC,2006,93724.984,
MAC,2007,102761.6,
MAC,2008,102355.89,
MAC,2009,104764.71,
MAC,2010,130596.31,
MAC,2011,155185.4,
MAC,2012,164065,
MAC,2013,174339,
MAC,2014,162582.45,
MAC,2015,123396.17,
MAC,2016,120754.93,
MAC,2017,133500.28,
MAC,2018,139787.66,
MAC,2019,133549.16,
MAC,2020,59791.473,
MAC,2021,74177.78,
MAC,2022,60089.832,
MAC,2023,104961.92,Asia
MAC,2024,112843.96,
MDG,1990,1968.2723,
MDG,1991,1789.8417,
MDG,1992,1757.2946,
MDG,1993,1740.2952,
MDG,1994,1686.3419,
MDG,1995,1661.2706,
MDG,1996,1643.3258,
MDG,1997,1649.4481,
MDG,1998,1658.8885,
MDG,1999,1681.3594,
MDG,2000,1701.4432,
MDG,2001,1748.5035,
MDG,2002,1486.4343,
MDG,2003,1584.7493,
MDG,2004,1620.1195,
MDG,2005,1648.1763,
MDG,2006,1686.8634,
MDG,2007,1731.6176,
MDG,2008,1794.4023,
MDG,2009,1673.1555,
MDG,2010,1635.2451,
MDG,2011,1614.5514,
MDG,2012,1617.7908,
MDG,2013,1610.6023,
MDG,2014,1620.3579,
MDG,2015,1627.5806,
MDG,2016,1648.9122,
MDG,2017,1669.7277,
MDG,2018,1678.7863,
MDG,2019,1707.8315,
MDG,2020,1545.7272,
MDG,2021,1577.4325,
MDG,2022,1602.7136,
MDG,2023,1629.4609,Africa
MDG,2024,1657.0497,
MWI,1990,1047.4644,
MWI,1991,1104.3905,
MWI,1992,994.0365,
MWI,1993,1074.5848,
MWI,1994,975.8497,
MWI,1995,1140.7561,
MWI,1996,1200.3206,
MWI,1997,1221.094,
MWI,1998,1241.5243,
MWI,1999,1249.7753,
MWI,2000,1239.3917,
MWI,2001,1149.5804,
MWI,2002,1140.8428,
MWI,2003,1176.1239,
MWI,2004,1208.2197,
MWI,2005,1214.7427,
MWI,2006,1237.2739,
MWI,2007,1318.3319,
MWI,2008,1378.4288,
MWI,2009,1449.7261,
MWI,2010,1504.3751,
MWI,2011,1533.2289,
MWI,2012,1518.1481,
MWI,2013,1555.5061,
MWI,2014,1597.5648,
MWI,2015,1597.6914,
MWI,2016,1593.5955,
MWI,2017,1613.0593,
MWI,2018,1638.9166,
MWI,2019,1687.2894,
MWI,2020,1656.4398,
MWI,2021,1687.5936,
MWI,2022,1659.9594,
MWI,2023,1648.4365,Africa
MWI,2024,1635.8569,
MYS,1990,12013.697,
MYS,1991,12795.05,
MYS,1992,13567.894,
MYS,1993,14533.79,
MYS,1994,15474.015,
MYS,1995,16568.516,
MYS,1996,17771.71,
MYS,1997,18604.514,
MYS,1998,16817.172,
MYS,1999,17428.625,
MYS,2000,18532.91,
MYS,2001,18186.441,
MYS,2002,18708.87,
MYS,2003,19329.006,
MYS,2004,20168.506,
MYS,2005,20767.586,
MYS,2006,21444.486,
MYS,2007,22305.12,
MYS,2008,22898.002,
MYS,2009,22106.643,
MYS,2010,23307.97,
MYS,2011,24115.818,
MYS,2012,25006.36,
MYS,2013,25736.354,
MYS,2014,26818.432,
MYS,2015,27699.627,
MYS,2016,28425.371,
MYS,2017,29551.545,
MYS,2018,30459.965,
MYS,2019,31300.508,
MYS,2020,29200.453,
MYS,2021,29822.85,
MYS,2022,32079.152,
MYS,2023,32812.3,Asia
MYS,2024,34071.945,
MDV,1990,8945.805,
MDV,1991,8799.255,
MDV,1992,9120.992,
MDV,1993,9378.522,
MDV,1994,9866.075,
MDV,1995,10894.173,
MDV,1996,11495.099,
MDV,1997,12210.969,
MDV,1998,12884.723,
MDV,1999,13449.203,
MDV,2000,13738.281,
MDV,2001,12977.999,
MDV,2002,13689.807,
MDV,2003,15316.119,
MDV,2004,15958.656,
MDV,2005,13942.875,
MDV,2006,16829.977,
MDV,2007,17439.951,
MDV,2008,18344.486,
MDV,2009,16230.009,
MDV,2010,16730.014,
MDV,2011,17581.768,
MDV,2012,17390.148,
MDV,2013,17986.89,
MDV,2014,18765.36,
MDV,2015,18829.447,
MDV,2016,19345.18,
MDV,2017,20036.717,
MDV,2018,21072.58,
MDV,2019,21855.502,
MDV,2020,14242.975,
MDV,2021,19052.623,
MDV,2022,21357.81,
MDV,2023,22286.98,Asia
MDV,2024,23351.055,
MLI,1990,1615.9192,
MLI,1991,1770.215,
MLI,1992,1679.0481,
MLI,1993,1696.5719,
MLI,1994,1723.2076,
MLI,1995,1701.7998,
MLI,1996,1783.0275,
MLI,1997,1827.1327,
MLI,1998,1916.3242,
MLI,1999,1970.034,
MLI,2000,1912.309,
MLI,2001,2140.9927,
MLI,2002,2139.971,
MLI,2003,2262.0513,
MLI,2004,2224.144,
MLI,2005,2314.0151,
MLI,2006,2388.3481,
MLI,2007,2400.6528,
MLI,2008,2474.91,
MLI,2009,2506.5808,
MLI,2010,2594.4155,
MLI,2011,2612.8481,
MLI,2012,2523.177,
MLI,2013,2508.9214,
MLI,2014,2615.6704,
MLI,2015,2686.5598,
MLI,2016,2759.1096,
MLI,2017,2816.1934,
MLI,2018,2862.4062,
MLI,2019,2916.1707,
MLI,2020,2796.4104,
MLI,2021,2796.228,
MLI,2022,2808.5225,
MLI,2023,2854.8271,Africa
MLI,2024,2910.8154,
MLT,1990,18190.55,
MLT,1991,18814.674,
MLT,1992,19495.098,
MLT,1993,20166.203,
MLT,1994,21107.48,
MLT,1995,22290.281,
MLT,1996,22980.889,
MLT,1997,24006.621,
MLT,1998,25073.611,
MLT,1999,26101.871,
MLT,2000,31038.125,
MLT,2001,30572.77,
MLT,2002,31177.506,
MLT,2003,32117.344,
MLT,2004,32032.25,
MLT,2005,32745.594,
MLT,2006,33388.703,
MLT,2007,34948.28,
MLT,2008,36252.895,
MLT,2009,35478.56,
MLT,2010,37492.676,
MLT,2011,37704.496,
MLT,2012,38899.99,
MLT,2013,40882.023,
MLT,2014,43121.61,
MLT,2015,46127.62,
MLT,2016,46922.188,
MLT,2017,51578.98,
MLT,2018,53367.95,
MLT,2019,53342.215,
MLT,2020,50392.96,
MLT,2021,56802.01,
MLT,2022,57781.5,
MLT,2023,59293.297,Europe
MLT,2024,60469.78,
MHL,1990,3905.586,
MHL,1991,3828.4636,
MHL,1992,4029.3413,
MHL,1993,4207.4097,
MHL,1994,4396.9146,
MHL,1995,4703.433,
MHL,1996,4174.814,
MHL,1997,3867.3428,
MHL,1998,3805.887,
MHL,1999,3718.811,
MHL,2000,3772.2158,
MHL,2001,4000.7305,
MHL,2002,4121.84,
MHL,2003,4040.655,
MHL,2004,4012.3445,
MHL,2005,4075.1587,
MHL,2006,4075.5764,
MHL,2007,4222.413,
MHL,2008,3903.3057,
MHL,2009,4047.2268,
MHL,2010,4269.3584,
MHL,2011,4259.116,
MHL,2012,4244.0444,
MHL,2013,4469.8535,
MHL,2014,4491.9917,
MHL,2015,4670.1094,
MHL,2016,4896.522,
MHL,2017,5199.344,
MHL,2018,5635.3076,
MHL,2019,6405.0757,
MHL,2020,6417.1846,
MHL,2021,6705.8755,
MHL,2022,6844.3345,
MHL,2023,6786.696,Oceania
MHL,2024,7212.3345,
MTQ,2023,,North America
MRT,1990,5519.6104,
MRT,1991,5456.5557,
MRT,1992,5350.118,
MRT,1993,5439.8223,
MRT,1994,5097.2085,
MRT,1995,5446.2695,
MRT,1996,5650.3413,
MRT,1997,5302.3667,
MRT,1998,5310.158,
MRT,1999,5359.989,
MRT,2000,5008.608,
MRT,2001,4847.4106,
MRT,2002,4806.8984,
MRT,2003,5023.6523,
MRT,2004,5139.2256,
MRT,2005,5445.8296,
MRT,2006,6284.702,
MRT,2007,6002.7783,
MRT,2008,5813.356,
MRT,2009,5639.7876,
MRT,2010,5605.7637,
MRT,2011,5653.2173,
MRT,2012,5716.252,
MRT,2013,5769.7285,
MRT,2014,5837.852,
MRT,2015,5969.5425,
MRT,2016,5866.2812,
MRT,2017,6050.6216,
MRT,2018,6153.6377,
MRT,2019,6162.2104,
MRT,2020,5963.2354,
MRT,2021,5836.566,
MRT,2022,6053.2617,
MRT,2023,6258.711,Africa
MRT,2024,6396.991,
MUS,1990,8951.338,
MUS,1991,9248,
MUS,1992,9721.539,
MUS,1993,10095.199,
MUS,1994,10366.591,
MUS,1995,10718.514,
MUS,1996,11202.286,
MUS,1997,11692.097,
MUS,1998,12272.319,
MUS,1999,12433.67,
MUS,2000,13322.0205,
MUS,2001,13659.635,
MUS,2002,13784.199,
MUS,2003,14495.693,
MUS,2004,15028.817,
MUS,2005,15205.661,
MUS,2006,15871.303,
MUS,2007,16703.99,
MUS,2008,17540.281,
MUS,2009,18073.7,
MUS,2010,18819.998,
MUS,2011,19556.049,
MUS,2012,20183.7,
MUS,2013,20811.494,
MUS,2014,21568.865,
MUS,2015,22335.283,
MUS,2016,23182.043,
MUS,2017,24073.232,
MUS,2018,25024.135,
MUS,2019,25739.355,
MUS,2020,21994.666,
MUS,2021,22737.572,
MUS,2022,24788.766,
MUS,2023,26060.732,Africa
MUS,2024,27317.186,
MYT,2023,,Africa
MEX,1990,17169.592,
MEX,1991,17511.73,
MEX,1992,17796.406,
MEX,1993,17970.588,
MEX,1994,18422.82,
MEX,1995,17028.121,
MEX,1996,17775.873,
MEX,1997,18737.643,
MEX,1998,19573.066,
MEX,1999,19793.285,
MEX,2000,20470.494,
MEX,2001,20078.219,
MEX,2002,19744.793,
MEX,2003,19701.463,
MEX,2004,20127.225,
MEX,2005,20277.256,
MEX,2006,20965.826,
MEX,2007,21102.27,
MEX,2008,20992.56,
MEX,2009,19385.543,
MEX,2010,20058.385,
MEX,2011,20457.6,
MEX,2012,20898.936,
MEX,2013,20805.348,
MEX,2014,21069.766,
MEX,2015,21408.928,
MEX,2016,21578.264,
MEX,2017,21777.523,
MEX,2018,21997.773,
MEX,2019,21704.186,
MEX,2020,19728.482,
MEX,2021,20782.588,
MEX,2022,21392.111,
MEX,2023,21905.178,North America
MEX,2024,22033.275,
FSM,1990,3136.9514,
FSM,1991,3308.7458,
FSM,1992,3373.9824,
FSM,1993,3571.6292,
FSM,1994,3487.1057,
FSM,1995,3692.6062,
FSM,1996,3559.5935,
FSM,1997,3332.9807,
FSM,1998,3418.5696,
FSM,1999,3456.1533,
FSM,2000,3611.4495,
FSM,2001,3679.1907,
FSM,2002,3696.5852,
FSM,2003,3760.1504,
FSM,2004,3656.054,
FSM,2005,3747.8838,
FSM,2006,3767.9448,
FSM,2007,3727.3374,
FSM,2008,3669.0864,
FSM,2009,3742.8298,
FSM,2010,3842.236,
FSM,2011,3958.9321,
FSM,2012,3878.1123,
FSM,2013,3727.426,
FSM,2014,3632.2415,
FSM,2015,3788.934,
FSM,2016,3794.7454,
FSM,2017,3811.7896,
FSM,2018,3796.946,
FSM,2019,3938.5571,
FSM,2020,3850.5305,
FSM,2021,3944.7058,
FSM,2022,3813.3384,
FSM,2023,3814.1697,Oceania
FSM,2024,3823.604,
,1990,9094.822,
,1991,8976.191,
,1992,9249.255,
,1993,9203.989,
,1994,9205.543,
,1995,9254.141,
,1996,9502.489,
,1997,9636.885,
,1998,9842.044,
,1999,9900.573,
,2000,10257.306,
,2001,10240.377,
,2002,10242.136,
,2003,10436.32,
,2004,11004.467,
,2005,11304.365,
,2006,11669.397,
,2007,11994.76,
,2008,12232.489,
,2009,12152.434,
,2010,12469.312,
,2011,12698.05,
,2012,12805.04,
,2013,12790.158,
,2014,12938.318,
,2015,13085.575,
,2016,13460.644,
,2017,13549.946,
,2018,13707.393,
,2019,13715.826,
,2020,13116.093,
,2021,13527.216,
,2022,14106.732,
,2023,14141.05,
,2024,14174.488,
MDA,1990,15902.895,
MDA,1991,13342.06,
MDA,1992,9461.428,
MDA,1993,9363.593,
MDA,1994,6490.353,
MDA,1995,6428.84,
MDA,1996,6063.1406,
MDA,1997,6185.8394,
MDA,1998,5783.486,
MDA,1999,5597.4653,
MDA,2000,5727.079,
MDA,2001,6090.0347,
MDA,2002,6580.2783,
MDA,2003,7034.358,
MDA,2004,7573.6177,
MDA,2005,8161.4736,
MDA,2006,8577.028,
MDA,2007,8854.834,
MDA,2008,9563.698,
MDA,2009,9001.234,
MDA,2010,9649.951,
MDA,2011,10217.309,
MDA,2012,10158.386,
MDA,2013,11080.063,
MDA,2014,11641.121,
MDA,2015,11691.08,
MDA,2016,12377.366,
MDA,2017,13118.822,
MDA,2018,13895.504,
MDA,2019,14621.24,
MDA,2020,13559.26,
MDA,2021,15682.07,
MDA,2022,15358.016,
MDA,2023,15990.4795,Europe
MDA,2024,16465.928,
MCO,2023,,Europe
MNG,1990,6637.8193,
MNG,1991,5874.2554,
MNG,1992,5324.488,
MNG,1993,5162.1,
MNG,1994,5213.846,
MNG,1995,5457.685,
MNG,1996,5494.3213,
MNG,1997,5628.1064,
MNG,1998,5735.8438,
MNG,1999,5829.1665,
MNG,2000,5818.243,
MNG,2001,5917.071,
MNG,2002,6117.9824,
MNG,2003,6463.7896,
MNG,2004,7070.667,
MNG,2005,7499.848,
MNG,2006,8043.9966,
MNG,2007,8750.134,
MNG,2008,9379.8545,
MNG,2009,9095.977,
MNG,2010,9507.119,
MNG,2011,10960.096,
MNG,2012,12078.919,
MNG,2013,13210.095,
MNG,2014,13943.428,
MNG,2015,13974.597,
MNG,2016,13898.1455,
MNG,2017,14401.537,
MNG,2018,15230.241,
MNG,2019,15790.696,
MNG,2020,14801.342,
MNG,2021,14792.251,
MNG,2022,15310.435,
MNG,2023,16222.864,Asia
MNG,2024,16801.307,
MNE,1997,14618.041,
MNE,1998,15381.213,
MNE,1999,13973.575,
MNE,2000,14431.785,
MNE,2001,14531.922,
MNE,2002,14749.374,
MNE,2003,15055.337,
MNE,2004,15693.857,
MNE,2005,16325.787,
MNE,2006,17702.305,
MNE,2007,18881.762,
MNE,2008,20209.646,
MNE,2009,18997.678,
MNE,2010,19481.406,
MNE,2011,20080.627,
MNE,2012,19499.945,
MNE,2013,20154.08,
MNE,2014,20475.518,
MNE,2015,21138.977,
MNE,2016,21737.994,
MNE,2017,22740.387,
MNE,2018,23877.725,
MNE,2019,24835.375,
MNE,2020,21039.322,
MNE,2021,23842.062,
MNE,2022,25429.025,
MNE,2023,27043.328,Europe
MNE,2024,27852.041,
MSR,2023,,North America
MAR,1990,4418.66,
MAR,1991,4656.126,
MAR,1992,4483.2495,
MAR,1993,4379.764,
MAR,1994,4771.093,
MAR,1995,4444.2285,
MAR,1996,4916.48,
MAR,1997,4766.1104,
MAR,1998,5033.9233,
MAR,1999,5043.665,
MAR,2000,5100.1157,
MAR,2001,5417.5786,
MAR,2002,5544.072,
MAR,2003,5810.053,
MAR,2004,5996.39,
MAR,2005,6103.4224,
MAR,2006,6488.674,
MAR,2007,6620.5903,
MAR,2008,6901.9507,
MAR,2009,7063.727,
MAR,2010,7210.6367,
MAR,2011,7503.793,
MAR,2012,7628.644,
MAR,2013,7839.032,
MAR,2014,7951.7983,
MAR,2015,8198.809,
MAR,2016,8141.9404,
MAR,2017,8450.009,
MAR,2018,8611.75,
MAR,2019,8768.176,
MAR,2020,8054.563,
MAR,2021,8623.266,
MAR,2022,8666.079,
MAR,2023,8868.712,Africa
MAR,2024,9065.914,
MOZ,1990,547.6228,
MOZ,1991,563.5121,
MOZ,1992,510.8228,
MOZ,1993,549.04877,
MOZ,1994,546.2097,
MOZ,1995,525.4187,
MOZ,1996,562.8575,
MOZ,1997,612.3715,
MOZ,1998,660.6502,
MOZ,1999,722.30554,
MOZ,2000,711.9764,
MOZ,2001,785.79016,
MOZ,2002,842.64526,
MOZ,2003,883.23914,
MOZ,2004,934.134,
MOZ,2005,970.38995,
MOZ,2006,1041.8047,
MOZ,2007,1095.1257,
MOZ,2008,1141.9425,
MOZ,2009,1178.7091,
MOZ,2010,1224.2302,
MOZ,2011,1275.5295,
MOZ,2012,1338.516,
MOZ,2013,1385.8325,
MOZ,2014,1449.9293,
MOZ,2015,1512.5997,
MOZ,2016,1537.9086,
MOZ,2017,1532.0073,
MOZ,2018,1538.8351,
MOZ,2019,1528.8899,
MOZ,2020,1466.1248,
MOZ,2021,1457.2354,
MOZ,2022,1476.6656,
MOZ,2023,1511.6365,Africa
MOZ,2024,1495.3224,
MMR,1990,775.32825,
MMR,1991,759.2828,
MMR,1992,821.32776,
MMR,1993,859.3455,
MMR,1994,911.46844,
MMR,1995,962.2094,
MMR,1996,1011.1599,
MMR,1997,1054.7675,
MMR,1998,1102.791,
MMR,1999,1209.0165,
MMR,2000,1359.9304,
MMR,2001,1498.3116,
MMR,2002,1661.7358,
MMR,2003,1874.1713,
MMR,2004,2110.2373,
MMR,2005,2377.9026,
MMR,2006,2669.327,
MMR,2007,2968.3032,
MMR,2008,3254.739,
MMR,2009,3578.1743,
MMR,2010,3893.7903,
MMR,2011,4078.6123,
MMR,2012,4340.9995,
MMR,2013,4666.9536,
MMR,2014,5006.507,
MMR,2015,5313.886,
MMR,2016,5580.9897,
MMR,2017,5877.8745,
MMR,2018,6201.263,
MMR,2019,6562.989,
MMR,2020,5926.8345,
MMR,2021,5178.4473,
MMR,2022,5350.4766,
MMR,2023,5364.138,Asia
MMR,2024,5276.2944,
NAM,1990,7281.779,
NAM,1991,7618.333,
NAM,1992,7911.0103,
NAM,1993,7541.561,
NAM,1994,7437.3354,
NAM,1995,7506.105,
NAM,1996,7538.925,
NAM,1997,7656.325,
NAM,1998,7709.89,
NAM,1999,7773.9434,
NAM,2000,7858.3877,
NAM,2001,7786.5415,
NAM,2002,8017.2812,
NAM,2003,8237.366,
NAM,2004,9130.824,
NAM,2005,9245.137,
NAM,2006,9773.298,
NAM,2007,10162.24,
NAM,2008,10286.513,
NAM,2009,10166.29,
NAM,2010,10614.62,
NAM,2011,10965.273,
NAM,2012,11266.609,
NAM,2013,11593.575,
NAM,2014,11982.696,
NAM,2015,12166.565,
NAM,2016,11846.788,
NAM,2017,11408.726,
NAM,2018,11214.386,
NAM,2019,10813.305,
NAM,2020,9652.248,
NAM,2021,9709.1,
NAM,2022,9953.098,
NAM,2023,10137.673,Africa
NAM,2024,10281.336,
NRU,1990,30546.293,
NRU,1991,24171.635,
NRU,1992,19895.855,
NRU,1993,16555.348,
NRU,1994,15860.347,
NRU,1995,14563.427,
NRU,1996,12813.587,
NRU,1997,11650.291,
NRU,1998,10275.95,
NRU,1999,9611.371,
NRU,2000,8969.125,
NRU,2001,8394.085,
NRU,2002,7593.0576,
NRU,2003,7632.083,
NRU,2004,7302.046,
NRU,2005,7284.041,
NRU,2006,7902.5073,
NRU,2007,6157.904,
NRU,2008,7421.0874,
NRU,2009,6996.7593,
NRU,2010,6966.7856,
NRU,2011,7926.221,
NRU,2012,9766.465,
NRU,2013,9882.093,
NRU,2014,11264.079,
NRU,2015,11344.103,
NRU,2016,11630.96,
NRU,2017,10763.823,
NRU,2018,10490.855,
NRU,2019,11273.141,
NRU,2020,11441.259,
NRU,2021,12196.6455,
NRU,2022,12458.74,
NRU,2023,12461.136,Oceania
NRU,2024,12604.0625,
NPL,1990,1808.2649,
NPL,1991,1874.2751,
NPL,1992,1896.9717,
NPL,1993,1916.9435,
NPL,1994,2023.1152,
NPL,1995,2043.6052,
NPL,1996,2105.5083,
NPL,1997,2166.3127,
NPL,1998,2188.222,
NPL,1999,2242.6501,
NPL,2000,2340.8157,
NPL,2001,2413.8142,
NPL,2002,2380.2441,
NPL,2003,2439.4949,
NPL,2004,2521.541,
NPL,2005,2580.231,
NPL,2006,2641.348,
NPL,2007,2708.7144,
NPL,2008,2852.6099,
NPL,2009,2961.839,
NPL,2010,3085.314,
NPL,2011,3176.6504,
NPL,2012,3316.5007,
NPL,2013,3426.5579,
NPL,2014,3621.7317,
NPL,2015,3745.2617,
NPL,2016,3743.7446,
NPL,2017,4071.7043,
NPL,2018,4371.3857,
NPL,2019,4607.5244,
NPL,2020,4412.542,
NPL,2021,4546.2295,
NPL,2022,4763.3877,
NPL,2023,4861.2305,Asia
NPL,2024,5046.816,
NLD,1990,43128.312,
NLD,1991,43833.484,
NLD,1992,44245.527,
NLD,1993,44490.758,
NLD,1994,45532.805,
NLD,1995,46720.29,
NLD,1996,48095.965,
NLD,1997,49881.875,
NLD,1998,51879.38,
NLD,1999,54134.363,
NLD,2000,56016.87,
NLD,2001,56887.434,
NLD,2002,56664.414,
NLD,2003,56452.867,
NLD,2004,57391.363,
NLD,2005,58422.01,
NLD,2006,60391.543,
NLD,2007,62601.62,
NLD,2008,63678.402,
NLD,2009,61029.73,
NLD,2010,61518.555,
NLD,2011,62318.14,
NLD,2012,61480.812,
NLD,2013,61281.29,
NLD,2014,62045.855,
NLD,2015,63081.395,
NLD,2016,64267.74,
NLD,2017,65666,
NLD,2018,66758.266,
NLD,2019,67847.85,
NLD,2020,64862.19,
NLD,2021,68573.56,
NLD,2022,71324.04,
NLD,2023,70673.97,Europe
NLD,2024,70901.836,
ANT,2023,,North America
NCL,2023,,Oceania
NZL,1990,30695.467,
NZL,1991,28924.744,
NZL,1992,28938.098,
NZL,1993,30438.627,
NZL,1994,31574.357,
NZL,1995,32584.654,
NZL,1996,33231.45,
NZL,1997,33480.145,
NZL,1998,33469.254,
NZL,1999,35084.293,
NZL,2000,35879.793,
NZL,2001,36885.645,
NZL,2002,37959.066,
NZL,2003,38976.914,
NZL,2004,39971.77,
NZL,2005,40848.297,
NZL,2006,41475.12,
NZL,2007,42346.09,
NZL,2008,41561.184,
NZL,2009,41132.336,
NZL,2010,41270.93,
NZL,2011,41814.887,
NZL,2012,42570.332,
NZL,2013,43338.438,
NZL,2014,44255.504,
NZL,2015,44963.832,
NZL,2016,45626.684,
NZL,2017,46193.29,
NZL,2018,46947.938,
NZL,2019,47277.664,
NZL,2020,46104.605,
NZL,2021,47996.68,
NZL,2022,49618.523,
NZL,2023,49083.508,Oceania
NZL,2024,48162.86,
NIC,1990,4217.609,
NIC,1991,4113.6875,
NIC,1992,4037.2754,
NIC,1993,3934.0928,
NIC,1994,3979.9854,
NIC,1995,4130.286,
NIC,1996,4311.493,
NIC,1997,4408.329,
NIC,1998,4502.598,
NIC,1999,4750.9487,
NIC,2000,4878.2476,
NIC,2001,4958.3276,
NIC,2002,4935.4854,
NIC,2003,5000.612,
NIC,2004,5204.382,
NIC,2005,5356.9585,
NIC,2006,5500.406,
NIC,2007,5697.211,
NIC,2008,5809.0996,
NIC,2009,5538.3657,
NIC,2010,5701.128,
NIC,2011,5976.253,
NIC,2012,6275.7876,
NIC,2013,6494.1494,
NIC,2014,6712.2173,
NIC,2015,6939.0327,
NIC,2016,7158.758,
NIC,2017,7391.197,
NIC,2018,7049.0273,
NIC,2019,6756.5938,
NIC,2020,6523.3696,
NIC,2021,7119.1694,
NIC,2022,7277.8228,
NIC,2023,7496.5293,North America
NIC,2024,7661.602,
NER,1990,1411.8489,
NER,1991,1362.7455,
NER,1992,1347.3323,
NER,1993,1309.6112,
NER,1994,1291.6816,
NER,1995,1280.3354,
NER,1996,1239.4767,
NER,1997,1217.3125,
NER,1998,1294.1619,
NER,1999,1247.6471,
NER,2000,1190.5668,
NER,2001,1233.0651,
NER,2002,1248.8231,
NER,2003,1231.2781,
NER,2004,1192.0824,
NER,2005,1233.8755,
NER,2006,1260.1205,
NER,2007,1252.7483,
NER,2008,1300.5542,
NER,2009,1277.6923,
NER,2010,1336.5641,
NER,2011,1318.1013,
NER,2012,1403.1897,
NER,2013,1423.2617,
NER,2014,1462.8213,
NER,2015,1471.6614,
NER,2016,1500.0085,
NER,2017,1520.0016,
NER,2018,1574.3384,
NER,2019,1612.6373,
NER,2020,1615.6927,
NER,2021,1585.5992,
NER,2022,1717.5189,
NER,2023,1689.5642,Africa
NER,2024,1772.7245,
NGA,1990,3650.673,
NGA,1991,3568.2583,
NGA,1992,3636.7712,
NGA,1993,3469.5803,
NGA,1994,3317.8074,
NGA,1995,3229.124,
NGA,1996,3277.7944,
NGA,1997,3287.37,
NGA,1998,3285.238,
NGA,1999,3218.4636,
NGA,2000,3290.7056,
NGA,2001,3392.0354,
NGA,2002,3806.2158,
NGA,2003,3974.7678,
NGA,2004,4223.798,
NGA,2005,4372.9756,
NGA,2006,4511.6396,
NGA,2007,4677.542,
NGA,2008,4856.813,
NGA,2009,5102.9165,
NGA,2010,5359.5186,
NGA,2011,5488.005,
NGA,2012,5563.6416,
NGA,2013,5775.866,
NGA,2014,5980.192,
NGA,2015,5985.094,
NGA,2016,5744.558,
NGA,2017,5651.7344,
NGA,2018,5628.7407,
NGA,2019,5628.1777,
NGA,2020,5410.6934,
NGA,2021,5491.7,
NGA,2022,5552.838,
NGA,2023,5593.0566,Africa
NGA,2024,5665.4517,
NIU,2023,,Oceania
NFK,2023,,Oceania
,1990,43996.17,
,1991,43289.633,
,1992,44104.367,
,1993,44730.617,
,1994,45989.266,
,1995,46672.28,
,1996,47793.414,
,1997,49324.945,
,1998,50930.855,
,1999,52792.8,
,2000,54395.99,
,2001,54414.23,
,2002,54881,
,2003,55882.54,
,2004,57460.652,
,2005,58901.375,
,2006,59950.812,
,2007,60574.895,
,2008,60110.46,
,2009,58016.86,
,2010,59082.02,
,2011,59602.137,
,2012,60435.074,
,2013,61242.504,
,2014,62295.5,
,2015,63496.156,
,2016,64079.96,
,2017,65200.664,
,2018,66672.05,
,2019,67938.39,
,2020,65982.81,
,2021,69833.49,
,2022,71184.96,
,2023,72394.125,
,2024,73461.836,
PRK,2023,,Asia
MKD,1990,12903.776,
MKD,1991,12152.829,
MKD,1992,11486.096,
MKD,1993,10764.109,
MKD,1994,10650.152,
MKD,1995,10500.511,
MKD,1996,10550.941,
MKD,1997,10786.937,
MKD,1998,11092.218,
MKD,1999,11518.322,
MKD,2000,11987.585,
MKD,2001,11571.174,
MKD,2002,11829.611,
MKD,2003,12077.184,
MKD,2004,12682.683,
MKD,2005,13353.726,
MKD,2006,14117.452,
MKD,2007,15117.411,
MKD,2008,16037.158,
MKD,2009,16083.342,
MKD,2010,16730.168,
MKD,2011,17200.29,
MKD,2012,17189.049,
MKD,2013,17757.25,
MKD,2014,18451.19,
MKD,2015,19214.016,
MKD,2016,19824.68,
MKD,2017,20119.943,
MKD,2018,20804.775,
MKD,2019,21765.686,
MKD,2020,20970.287,
MKD,2021,22142.973,
MKD,2022,22820.977,
MKD,2023,23343.602,Europe
MKD,2024,24463.984,
MNP,2023,,Oceania
NOR,1990,57106.883,
NOR,1991,58588.47,
NOR,1992,60333.45,
NOR,1993,61681.805,
NOR,1994,64432.074,
NOR,1995,66762.16,
NOR,1996,69764.38,
NOR,1997,73053.97,
NOR,1998,74558.3,
NOR,1999,75583.836,
NOR,2000,77587.21,
NOR,2001,78791.305,
NOR,2002,79447.09,
NOR,2003,79728.78,
NOR,2004,82440.95,
NOR,2005,84080,
NOR,2006,85458.55,
NOR,2007,87043.5,
NOR,2008,86379.664,
NOR,2009,83642.07,
NOR,2010,83256.79,
NOR,2011,83092.44,
NOR,2012,84237.15,
NOR,2013,84070.46,
NOR,2014,84830.26,
NOR,2015,85550.3,
NOR,2016,85787.62,
NOR,2017,87194.11,
NOR,2018,87338.47,
NOR,2019,87725.73,
NOR,2020,86096.055,
NOR,2021,88984.14,
NOR,2022,91051.086,
NOR,2023,90085.555,Europe
NOR,2024,91108.234,
OMN,1990,35201.55,
OMN,1991,35574.676,
OMN,1992,36841.402,
OMN,1993,37455.34,
OMN,1994,37782.723,
OMN,1995,38946.773,
OMN,1996,39455.83,
OMN,1997,41191.03,
OMN,1998,40574.676,
OMN,1999,40145.93,
OMN,2000,42086.043,
OMN,2001,43492.285,
OMN,2002,42654.15,
OMN,2003,41247.586,
OMN,2004,41351.77,
OMN,2005,41551.14,
OMN,2006,42540.44,
OMN,2007,43696.97,
OMN,2008,46586.395,
OMN,2009,48304.117,
OMN,2010,48191.613,
OMN,2011,44440.31,
OMN,2012,41964.082,
OMN,2013,40854.484,
OMN,2014,39639.99,
OMN,2015,39813.79,
OMN,2016,39860.99,
OMN,2017,38691.11,
OMN,2018,38673.605,
OMN,2019,38292.387,
OMN,2020,37560.6,
OMN,2021,38719.457,
OMN,2022,39780.21,
OMN,2023,37709.066,Asia
OMN,2024,36654.23,
,2023,,Africa
PAK,1990,3199.7297,
PAK,1991,3252.351,
PAK,1992,3404.1213,
PAK,1993,3369.238,
PAK,1994,3395.5044,
PAK,1995,3462.4734,
PAK,1996,3526.1416,
PAK,1997,3462.5815,
PAK,1998,3454.1768,
PAK,1999,3484.4568,
PAK,2000,3531.713,
PAK,2001,3559.7278,
PAK,2002,3563.6785,
PAK,2003,3668.7793,
PAK,2004,3859.646,
PAK,2005,4042.1545,
PAK,2006,4185.8667,
PAK,2007,4257.926,
PAK,2008,4233.348,
PAK,2009,4270.439,
PAK,2010,4228.7817,
PAK,2011,4246.067,
PAK,2012,4292.021,
PAK,2013,4407.147,
PAK,2014,4520.235,
PAK,2015,4645.286,
PAK,2016,4886.6123,
PAK,2017,5031.5605,
PAK,2018,5255.0635,
PAK,2019,5295.953,
PAK,2020,5135.0146,
PAK,2021,5367.2734,
PAK,2022,5526.2793,
PAK,2023,5439.1797,Asia
PAK,2024,5530.996,
,2023,,Asia
PLW,1990,17842.082,
PLW,1991,18291.72,
PLW,1992,16719.492,
PLW,1993,14319.969,
PLW,1994,15000.668,
PLW,1995,16224.562,
PLW,1996,17446.217,
PLW,1997,17400.01,
PLW,1998,17349.436,
PLW,1999,16085.198,
PLW,2000,15440.076,
PLW,2001,16295.897,
PLW,2002,16980.826,
PLW,2003,16303.082,
PLW,2004,16807.617,
PLW,2005,17382.299,
PLW,2006,17561.047,
PLW,2007,18138.469,
PLW,2008,17406.168,
PLW,2009,16401.225,
PLW,2010,16530.846,
PLW,2011,17682.61,
PLW,2012,18219.697,
PLW,2013,17783.629,
PLW,2014,18561.441,
PLW,2015,20021.314,
PLW,2016,19902.982,
PLW,2017,19237.926,
PLW,2018,19256.928,
PLW,2019,19312.791,
PLW,2020,18160.254,
PLW,2021,15663.172,
PLW,2022,15477.553,
PLW,2023,15796.535,Oceania
PSE,1994,3966.6887,
PSE,1995,4062.963,
PSE,1996,3932.227,
PSE,1997,4311.5386,
PSE,1998,4805.1914,
PSE,1999,5071.8213,
PSE,2000,4520.89,
PSE,2001,3996.5088,
PSE,2002,3409.1729,
PSE,2003,3788.9265,
PSE,2004,4503.0806,
PSE,2005,4885.0728,
PSE,2006,4714.3735,
PSE,2007,4769.5234,
PSE,2008,4984.8057,
PSE,2009,5270.663,
PSE,2010,5432.2437,
PSE,2011,5805.3213,
PSE,2012,6009.1094,
PSE,2013,6142.202,
PSE,2014,5990.427,
PSE,2015,6072.6504,
PSE,2016,6464.1333,
PSE,2017,6426.7954,
PSE,2018,6342.9375,
PSE,2019,6269.891,
PSE,2020,5423.6826,
PSE,2021,5663.1216,
PSE,2022,5753.084,
PSE,2023,5361.131,Asia
PSE,2024,3845.503,
PAN,1990,11335.936,
PAN,1991,12143.149,
PAN,1992,12866.849,
PAN,1993,13289.874,
PAN,1994,13389.874,
PAN,1995,13349.334,
PAN,1996,12327.852,
PAN,1997,13013.891,
PAN,1998,13826.532,
PAN,1999,14261.741,
PAN,2000,14572.976,
PAN,2001,14427.83,
PAN,2002,14507.144,
PAN,2003,14957.554,
PAN,2004,15875.112,
PAN,2005,16867.96,
PAN,2006,18190.273,
PAN,2007,20208.822,
PAN,2008,21867.818,
PAN,2009,21822.988,
PAN,2010,22739.111,
PAN,2011,24999.46,
PAN,2012,26926.885,
PAN,2013,28135.328,
PAN,2014,28931.805,
PAN,2015,29933.156,
PAN,2016,30765.236,
PAN,2017,31979.812,
PAN,2018,32681.447,
PAN,2019,33163.727,
PAN,2020,26881.799,
PAN,2021,30932.764,
PAN,2022,33833.027,
PAN,2023,35863.88,North America
PAN,2024,36426.008,
PNG,1990,3164.149,
PNG,1991,3358.1887,
PNG,1992,3690.345,
PNG,1993,4206.429,
PNG,1994,4297.891,
PNG,1995,4008.722,
PNG,1996,4167.036,
PNG,1997,3864.2302,
PNG,1998,3590.1,
PNG,1999,3531.6594,
PNG,2000,3326.7986,
PNG,2001,3211.7593,
PNG,2002,3100.7952,
PNG,2003,3064.444,
PNG,2004,3046.333,
PNG,2005,3136.5857,
PNG,2006,3202.4873,
PNG,2007,3345.8503,
PNG,2008,3233.9182,
PNG,2009,3349.6436,
PNG,2010,3579.1714,
PNG,2011,3514.8328,
PNG,2012,3577.4517,
PNG,2013,3615.2832,
PNG,2014,3998.6182,
PNG,2015,4154.5234,
PNG,2016,4275.7485,
PNG,2017,4322.2227,
PNG,2018,4211.1455,
PNG,2019,4301.6113,
PNG,2020,4077.6313,
PNG,2021,3976.9038,
PNG,2022,4125.493,
PNG,2023,4205.8477,Oceania
PNG,2024,4300.726,
PRY,1990,9962.48,
PRY,1991,10040.3125,
PRY,1992,9948.421,
PRY,1993,10178.455,
PRY,1994,10459.09,
PRY,1995,10908.272,
PRY,1996,10825.287,
PRY,1997,11033.016,
PRY,1998,10802.56,
PRY,1999,10435.398,
PRY,2000,9998.593,
PRY,2001,9749.259,
PRY,2002,9610.748,
PRY,2003,9903.45,
PRY,2004,10187.194,
PRY,2005,10290.101,
PRY,2006,10672.993,
PRY,2007,11141.87,
PRY,2008,11751.14,
PRY,2009,11601.285,
PRY,2010,12738.576,
PRY,2011,13109.467,
PRY,2012,12834.802,
PRY,2013,13700.703,
PRY,2014,14219.3545,
PRY,2015,14427.601,
PRY,2016,14826.664,
PRY,2017,15320.337,
PRY,2018,15592.984,
PRY,2019,15321.324,
PRY,2020,14991.66,
PRY,2021,15406.167,
PRY,2022,15259.1455,
PRY,2023,15826.088,South America
PRY,2024,16296.283,
PER,1990,6317.079,
PER,1991,6322.5747,
PER,1992,6161.6357,
PER,1993,6355.262,
PER,1994,6997.706,
PER,1995,7372.0425,
PER,1996,7437.1924,
PER,1997,7773.827,
PER,1998,7603.809,
PER,1999,7585.328,
PER,2000,7669.095,
PER,2001,7611.6665,
PER,2002,7931.5796,
PER,2003,8174.3794,
PER,2004,8495.986,
PER,2005,8949.954,
PER,2006,9547.913,
PER,2007,10286.3545,
PER,2008,11151.53,
PER,2009,11204.377,
PER,2010,12059.018,
PER,2011,12726.6,
PER,2012,13395.399,
PER,2013,14052.138,
PER,2014,14244.566,
PER,2015,14542.793,
PER,2016,14917.449,
PER,2017,15069.522,
PER,2018,15386.26,
PER,2019,15463.543,
PER,2020,13609.6,
PER,2021,15280.551,
PER,2022,15559.821,
PER,2023,15327.582,South America
PER,2024,15661.75,
PHL,1990,4504.4624,
PHL,1991,4378.3955,
PHL,1992,4293.7183,
PHL,1993,4283.1597,
PHL,1994,4374.0674,
PHL,1995,4477.323,
PHL,1996,4631.772,
PHL,1997,4758.7085,
PHL,1998,4616.673,
PHL,1999,4650.7593,
PHL,2000,4740.439,
PHL,2001,4778.401,
PHL,2002,4856.4995,
PHL,2003,5003.3833,
PHL,2004,5229.4507,
PHL,2005,5386.8164,
PHL,2006,5578.5723,
PHL,2007,5840.068,
PHL,2008,5987.0376,
PHL,2009,5965.307,
PHL,2010,6273.039,
PHL,2011,6388.313,
PHL,2012,6697.556,
PHL,2013,7016.5386,
PHL,2014,7340.362,
PHL,2015,7691.763,
PHL,2016,8131.825,
PHL,2017,8584.136,
PHL,2018,9016.286,
PHL,2019,9452.294,
PHL,2020,8455.185,
PHL,2021,8857.79,
PHL,2022,9457.104,
PHL,2023,9898.533,Asia
PHL,2024,10375.94,
PCN,2023,,Oceania
POL,1990,12821.464,
POL,1991,11879.754,
POL,1992,12141.235,
POL,1993,12563.1045,
POL,1994,13200.161,
POL,1995,14227.566,
POL,1996,15083.098,
POL,1997,16031.721,
POL,1998,16766.648,
POL,1999,17556.002,
POL,2000,18566.355,
POL,2001,18800.602,
POL,2002,19166.914,
POL,2003,19855.63,
POL,2004,20878.654,
POL,2005,21568.947,
POL,2006,22921.197,
POL,2007,24484.066,
POL,2008,25553.906,
POL,2009,26204.41,
POL,2010,27112.133,
POL,2011,28521.662,
POL,2012,28952.916,
POL,2013,29168.625,
POL,2014,30334.879,
POL,2015,31700.37,
POL,2016,32675.305,
POL,2017,34354.598,
POL,2018,36500.41,
POL,2019,38181.62,
POL,2020,37852.8,
POL,2021,41059.586,
POL,2022,43405.023,
POL,2023,43672.766,Europe
POL,2024,45112.598,
PRT,1990,27190.572,
PRT,1991,28443.795,
PRT,1992,28776.047,
PRT,1993,28153.615,
PRT,1994,28348.865,
PRT,1995,29460.814,
PRT,1996,30378.756,
PRT,1997,31574.402,
PRT,1998,32925.664,
PRT,1999,34018.965,
PRT,2000,35069.83,
PRT,2001,35500.227,
PRT,2002,35578.52,
PRT,2003,35115.38,
PRT,2004,35658.13,
PRT,2005,35870.31,
PRT,2006,36387.535,
PRT,2007,37226.47,
PRT,2008,37291.504,
PRT,2009,36092.812,
PRT,2010,36703.113,
PRT,2011,36127.293,
PRT,2012,34804.633,
PRT,2013,34651.773,
PRT,2014,35097.41,
PRT,2015,35803.355,
PRT,2016,36636.297,
PRT,2017,37943.113,
PRT,2018,39123.613,
PRT,2019,40188.285,
PRT,2020,36852.227,
PRT,2021,38657.668,
PRT,2022,41070.86,
PRT,2023,41571.02,Europe
PRT,2024,41883.85,
PRI,1990,26738.814,
PRI,1991,27162.15,
PRI,1992,28219.115,
PRI,1993,29282.111,
PRI,1994,30225.781,
PRI,1995,31310.18,
PRI,1996,31677.23,
PRI,1997,32915.79,
PRI,1998,34537.184,
PRI,1999,36216.84,
PRI,2000,37298.547,
PRI,2001,39568.555,
PRI,2002,39879.73,
PRI,2003,39876.066,
PRI,2004,43355.824,
PRI,2005,42555.707,
PRI,2006,42133.97,
PRI,2007,41888.625,
PRI,2008,41358.07,
PRI,2009,40772.35,
PRI,2010,40777.688,
PRI,2011,40972.535,
PRI,2012,41347.453,
PRI,2013,41556.785,
PRI,2014,41593.68,
PRI,2015,41737.605,
PRI,2016,41858.26,
PRI,2017,41479.996,
PRI,2018,41119.31,
PRI,2019,41656.33,
PRI,2020,40171.387,
PRI,2021,40559.477,
PRI,2022,42310.957,
PRI,2023,42738.645,North America
PRI,2024,44124.54,
QAT,1990,71584.445,
QAT,1991,68122.93,
QAT,1992,73451.02,
QAT,1993,70250.766,
QAT,1994,69119.95,
QAT,1995,68732.53,
QAT,1996,69746.22,
QAT,1997,87140.125,
QAT,1998,91901.16,
QAT,1999,90837.46,
QAT,2000,93187.06,
QAT,2001,92115.83,
QAT,2002,94111.69,
QAT,2003,93224.45,
QAT,2004,107023.68,
QAT,2005,107784.52,
QAT,2006,115383.74,
QAT,2007,109579.79,
QAT,2008,109206.41,
QAT,2009,108435.85,
QAT,2010,129045.01,
QAT,2011,145591.02,
QAT,2012,143830.72,
QAT,2013,136454,
QAT,2014,128013.984,
QAT,2015,123070.89,
QAT,2016,120054.41,
QAT,2017,115064.945,
QAT,2018,114909.945,
QAT,2019,113160.98,
QAT,2020,103061.914,
QAT,2021,116832.57,
QAT,2022,114740.125,
QAT,2023,116159.14,Asia
QAT,2024,110945.88,
OWID_RVN,2023,,Asia
REU,2023,,Africa
ROU,1990,16315.093,
ROU,1991,14331.432,
ROU,1992,13193.625,
ROU,1993,13413.578,
ROU,1994,13961.274,
ROU,1995,14861.59,
ROU,1996,15486.895,
ROU,1997,14778.41,
ROU,1998,14508.435,
ROU,1999,14476.495,
ROU,2000,14852.005,
ROU,2001,15846.603,
ROU,2002,17059.797,
ROU,2003,17585.574,
ROU,2004,19530.383,
ROU,2005,20568.717,
ROU,2006,22352.164,
ROU,2007,24325.781,
ROU,2008,27036.697,
ROU,2009,25758.863,
ROU,2010,24900.23,
ROU,2011,26147.94,
ROU,2012,26764.582,
ROU,2013,26939.04,
ROU,2014,28153.107,
ROU,2015,29178.744,
ROU,2016,30185.906,
ROU,2017,32849.11,
ROU,2018,35065.18,
ROU,2019,36633.363,
ROU,2020,35482.195,
ROU,2021,37730.37,
ROU,2022,39377.973,
ROU,2023,40301.5,Europe
ROU,2024,40608.418,
RUS,1990,29643.596,
RUS,1991,28066.922,
RUS,1992,23965.244,
RUS,1993,21899.518,
RUS,1994,19153.363,
RUS,1995,18363.713,
RUS,1996,17699.87,
RUS,1997,17977.352,
RUS,1998,17052.756,
RUS,1999,18200.32,
RUS,2000,20104.75,
RUS,2001,21219.904,
RUS,2002,22319.678,
RUS,2003,24057.928,
RUS,2004,25894.146,
RUS,2005,27656.658,
RUS,2006,30022.672,
RUS,2007,32630.37,
RUS,2008,34342.227,
RUS,2009,31654.004,
RUS,2010,33063.586,
RUS,2011,34444.645,
RUS,2012,35740.7,
RUS,2013,36260.066,
RUS,2014,35853.246,
RUS,2015,35037.152,
RUS,2016,35005.45,
RUS,2017,35570.39,
RUS,2018,36536.695,
RUS,2019,37319.32,
RUS,2020,36376.336,
RUS,2021,38638.43,
RUS,2022,38214.496,
RUS,2023,39887.34,Europe
RUS,2024,41704.71,
RWA,1990,1122.9913,
RWA,1991,1072.6971,
RWA,1992,1112.5903,
RWA,1993,984.2175,
RWA,1994,575.36755,
RWA,1995,931.3678,
RWA,1996,888.131,
RWA,1997,874.6947,
RWA,1998,913.7196,
RWA,1999,945.7332,
RWA,2000,1016.662,
RWA,2001,1093.1841,
RWA,2002,1220.7395,
RWA,2003,1220.4991,
RWA,2004,1277.1927,
RWA,2005,1360.2959,
RWA,2006,1446.7109,
RWA,2007,1516.2675,
RWA,2008,1641.7777,
RWA,2009,1699.9446,
RWA,2010,1779.1586,
RWA,2011,1874.215,
RWA,2012,1988.0122,
RWA,2013,2032.4048,
RWA,2014,2106.2146,
RWA,2015,2238.5393,
RWA,2016,2316.6372,
RWA,2017,2351.597,
RWA,2018,2493.44,
RWA,2019,2667.4646,
RWA,2020,2520.3174,
RWA,2021,2733.4355,
RWA,2022,2892.4597,
RWA,2023,3062.999,Africa
RWA,2024,3264.6445,
BLM,2023,,North America
SHN,2023,,Africa
KNA,1990,14326.041,
KNA,1991,14084.684,
KNA,1992,14557.185,
KNA,1993,15348.688,
KNA,1994,15955.838,
KNA,1995,16596.266,
KNA,1996,17340.223,
KNA,1997,18288.494,
KNA,1998,17963.7,
KNA,1999,18291.424,
KNA,2000,19840.58,
KNA,2001,20648.79,
KNA,2002,20813.404,
KNA,2003,19927.182,
KNA,2004,20661.346,
KNA,2005,22612.713,
KNA,2006,23258.984,
KNA,2007,23330.045,
KNA,2008,25898.783,
KNA,2009,24973.805,
KNA,2010,24997.566,
KNA,2011,25380.008,
KNA,2012,25114.057,
KNA,2013,26532.102,
KNA,2014,28530.307,
KNA,2015,28729.566,
KNA,2016,29867.027,
KNA,2017,29948.92,
KNA,2018,30576.248,
KNA,2019,31512.193,
KNA,2020,26736.928,
KNA,2021,26896.617,
KNA,2022,29712.686,
KNA,2023,30966.332,North America
KNA,2024,31270.69,
LCA,1990,17222.148,
LCA,1991,17080.799,
LCA,1992,18166.207,
LCA,1993,18004.031,
LCA,1994,18020.514,
LCA,1995,18048.781,
LCA,1996,18301.152,
LCA,1997,17920.033,
LCA,1998,18786.998,
LCA,1999,19039.463,
LCA,2000,18818.885,
LCA,2001,17993.637,
LCA,2002,17911.629,
LCA,2003,18522.514,
LCA,2004,19715.83,
LCA,2005,19491.219,
LCA,2006,20551.06,
LCA,2007,20759.305,
LCA,2008,21651.234,
LCA,2009,20907.334,
LCA,2010,20849.055,
LCA,2011,21637.87,
LCA,2012,21515.9,
LCA,2013,21029.29,
LCA,2014,21214.477,
LCA,2015,21142.973,
LCA,2016,21775.475,
LCA,2017,22422.598,
LCA,2018,22981.918,
LCA,2019,22738.248,
LCA,2020,17142.045,
LCA,2021,19101.166,
LCA,2022,22962.281,
LCA,2023,23403.744,North America
LCA,2024,24252.469,
MAF,2023,,North America
SPM,2023,,North America
VCT,1990,7467.379,
VCT,1991,7524.585,
VCT,1992,7984.0796,
VCT,1993,8306.775,
VCT,1994,8189.8438,
VCT,1995,8815.849,
VCT,1996,8923.705,
VCT,1997,9234.699,
VCT,1998,9609.104,
VCT,1999,9853.348,
VCT,2000,9999.059,
VCT,2001,10177.81,
VCT,2002,10736.088,
VCT,2003,11475.331,
VCT,2004,11979.907,
VCT,2005,12320.071,
VCT,2006,13233.407,
VCT,2007,13732.362,
VCT,2008,13850.394,
VCT,2009,13723.784,
VCT,2010,13175.723,
VCT,2011,13168.896,
VCT,2012,13397.963,
VCT,2013,13804.184,
VCT,2014,14054.756,
VCT,2015,14523.581,
VCT,2016,15212.62,
VCT,2017,15533.222,
VCT,2018,16139.066,
VCT,2019,16365.325,
VCT,2020,15763.705,
VCT,2021,16200.899,
VCT,2022,16835.023,
VCT,2023,17858.244,North America
VCT,2024,18714.2,
WSM,1990,3990.9268,
WSM,1991,3891.63,
WSM,1992,3861.889,
WSM,1993,3986.4539,
WSM,1994,3854.0393,
WSM,1995,4077.991,
WSM,1996,4333.5127,
WSM,1997,4325.138,
WSM,1998,4386.519,
WSM,1999,4448.32,
WSM,2000,4638.594,
WSM,2001,4941.115,
WSM,2002,5183.4546,
WSM,2003,5425.444,
WSM,2004,5568.347,
WSM,2005,5914.8896,
WSM,2006,6017.477,
WSM,2007,6013.2764,
WSM,2008,6182.763,
WSM,2009,6104.1274,
WSM,2010,6427.3115,
WSM,2011,6616.771,
WSM,2012,6311.961,
WSM,2013,6262.3237,
WSM,2014,6247.905,
WSM,2015,6432.36,
WSM,2016,6887.305,
WSM,2017,6919.0156,
WSM,2018,6805.0454,
WSM,2019,7033.521,
WSM,2020,6745.306,
WSM,2021,6214.017,
WSM,2022,5843.772,
WSM,2023,6340.608,Oceania
WSM,2024,6894.8896,
SMR,1997,66923.03,
SMR,1998,71024.56,
SMR,1999,76474.13,
SMR,2000,77149.414,
SMR,2001,80420.77,
SMR,2002,79649.53,
SMR,2003,81688.375,
SMR,2004,80724.81,
SMR,2005,81632.17,
SMR,2006,83781.55,
SMR,2007,86785.016,
SMR,2008,85120.29,
SMR,2009,73093.83,
SMR,2010,68669.25,
SMR,2011,64214.117,
SMR,2012,58176.38,
SMR,2013,58467.977,
SMR,2014,58743.586,
SMR,2015,59647.66,
SMR,2016,60669.82,
SMR,2017,59524.56,
SMR,2018,59194.043,
SMR,2019,60171.047,
SMR,2020,55998.07,
SMR,2021,64745.133,
SMR,2022,70887.57,
SMR,2023,,Europe
STP,1990,3883.2043,
STP,1991,3844.8965,
STP,1992,3798.8835,
STP,1993,3771.2861,
STP,1994,3788.4836,
STP,1995,3802.2913,
STP,1996,3801.0815,
STP,1997,3784.7903,
STP,1998,3828.9983,
STP,1999,3878.131,
STP,2000,3852.8904,
STP,2001,3907.0193,
STP,2002,3942.7605,
STP,2003,4161.638,
STP,2004,4202.562,
STP,2005,4371.497,
STP,2006,4644.1807,
STP,2007,4698.084,
STP,2008,4873.181,
STP,2009,4919.1953,
STP,2010,4882.048,
STP,2011,4876.473,
STP,2012,4919.5527,
STP,2013,5072.112,
STP,2014,5223.0957,
STP,2015,5210.2036,
STP,2016,5388.5093,
STP,2017,5521.2026,
STP,2018,5674.7236,
STP,2019,5702.0835,
STP,2020,5742.9473,
STP,2021,5732.6943,
STP,2022,5632.1387,
STP,2023,5541.302,Africa
STP,2024,5480.435,
SAU,1990,65196.574,
SAU,1991,67268.555,
SAU,1992,67183.91,
SAU,1993,64517.664,
SAU,1994,62403.695,
SAU,1995,60058.316,
SAU,1996,59612.812,
SAU,1997,58875.547,
SAU,1998,58306.62,
SAU,1999,55878.17,
SAU,2000,55962.266,
SAU,2001,53309.113,
SAU,2002,50371.977,
SAU,2003,52234.65,
SAU,2004,54196.55,
SAU,2005,54931.793,
SAU,2006,54373.74,
SAU,2007,53318.418,
SAU,2008,54407.707,
SAU,2009,51760.766,
SAU,2010,54911.547,
SAU,2011,58645.465,
SAU,2012,59471.684,
SAU,2013,57998.48,
SAU,2014,58872.266,
SAU,2015,58498.54,
SAU,2016,57308.465,
SAU,2017,57942.547,
SAU,2018,61359.465,
SAU,2019,62647.715,
SAU,2020,57420.734,
SAU,2021,62690.496,
SAU,2022,67178.59,
SAU,2023,64481.844,Asia
SAU,2024,62676.7,
SEN,1990,2923.3442,
SEN,1991,2917.0142,
SEN,1992,2874.003,
SEN,1993,2834.028,
SEN,1994,2757.8608,
SEN,1995,2835.0327,
SEN,1996,2822.4683,
SEN,1997,2840.6082,
SEN,1998,2938.6917,
SEN,1999,3050.178,
SEN,2000,3093.2878,
SEN,2001,3149.331,
SEN,2002,3075.2317,
SEN,2003,3170.035,
SEN,2004,3240.302,
SEN,2005,3301.8208,
SEN,2006,3301.0315,
SEN,2007,3316.4204,
SEN,2008,3359.7056,
SEN,2009,3371.4617,
SEN,2010,3403.5671,
SEN,2011,3362.8794,
SEN,2012,3405.1086,
SEN,2013,3385.426,
SEN,2014,3484.0122,
SEN,2015,3593.7947,
SEN,2016,3710.0554,
SEN,2017,3871.4514,
SEN,2018,3998.2864,
SEN,2019,4070.6123,
SEN,2020,4018.0413,
SEN,2021,4173.6772,
SEN,2022,4228.734,
SEN,2023,4304.7617,Africa
SEN,2024,4495.895,
SRB,1995,9444.225,
SRB,1996,10034.453,
SRB,1997,10964.87,
SRB,1998,11597.684,
SRB,1999,10437.878,
SRB,2000,11105.329,
SRB,2001,11878.513,
SRB,2002,12661.232,
SRB,2003,13272.949,
SRB,2004,14193.572,
SRB,2005,15076.717,
SRB,2006,15726.524,
SRB,2007,17027.135,
SRB,2008,17982.277,
SRB,2009,17487.146,
SRB,2010,17840.436,
SRB,2011,17985.58,
SRB,2012,17992.81,
SRB,2013,18162.19,
SRB,2014,17921.436,
SRB,2015,18246.79,
SRB,2016,18888.326,
SRB,2017,19437.904,
SRB,2018,20453.082,
SRB,2019,21539.922,
SRB,2020,21477.877,
SRB,2021,23404.998,
SRB,2022,24633.07,
SRB,2023,25740.203,Europe
SRB,2024,26884.463,
OWID_SRM,2023,,Europe
SYC,1990,15478.848,
SYC,1991,15695.671,
SYC,1992,16744.508,
SYC,1993,17596.898,
SYC,1994,16716.521,
SYC,1995,16552.455,
SYC,1996,17942.174,
SYC,1997,19895.143,
SYC,1998,19991.229,
SYC,1999,19969.352,
SYC,2000,20633.674,
SYC,2001,20147.418,
SYC,2002,19777.752,
SYC,2003,18825.22,
SYC,2004,18356.47,
SYC,2005,19917.12,
SYC,2006,21341.86,
SYC,2007,23117.855,
SYC,2008,21990.37,
SYC,2009,21361.13,
SYC,2010,21708.756,
SYC,2011,24406.412,
SYC,2012,24919.955,
SYC,2013,24770.652,
SYC,2014,25379.418,
SYC,2015,27032.209,
SYC,2016,29905.135,
SYC,2017,31595.668,
SYC,2018,32841.426,
SYC,2019,34346.07,
SYC,2020,30056.2,
SYC,2021,29979.828,
SYC,2022,27978.178,
SYC,2023,28635.355,Africa
SYC,2024,29241.775,
SLE,1990,2706.0315,
SLE,1991,2737.4292,
SLE,1992,2259.4802,
SLE,1993,2295.627,
SLE,1994,2242.3054,
SLE,1995,2059.9285,
SLE,1996,2086.0571,
SLE,1997,1938.2987,
SLE,1998,1953.5769,
SLE,1999,1905.0393,
SLE,2000,1983.2887,
SLE,2001,1750.9247,
SLE,2002,2091.141,
SLE,2003,2198.2573,
SLE,2004,2262.872,
SLE,2005,2298.7239,
SLE,2006,2344.8623,
SLE,2007,2379.9446,
SLE,2008,2406.8152,
SLE,2009,2378.7207,
SLE,2010,2461.981,
SLE,2011,2592.859,
SLE,2012,2795.439,
SLE,2013,3127.5396,
SLE,2014,2815.0586,
SLE,2015,2630.535,
SLE,2016,2734.719,
SLE,2017,2755.9043,
SLE,2018,2769.8696,
SLE,2019,2855.229,
SLE,2020,2755.1025,
SLE,2021,2851.9521,
SLE,2022,2937.3735,
SLE,2023,3037.6765,Africa
SLE,2024,3092.8306,
SGP,1990,45567.79,
SGP,1991,47251.695,
SGP,1992,48897.81,
SGP,1993,53139.844,
SGP,1994,57213.098,
SGP,1995,59483.637,
SGP,1996,61381.754,
SGP,1997,64291.203,
SGP,1998,60782.195,
SGP,1999,63746.48,
SGP,2000,68314.55,
SGP,2001,65784.4,
SGP,2002,67744.27,
SGP,2003,71877.53,
SGP,2004,78039.02,
SGP,2005,81841.16,
SGP,2006,86463.83,
SGP,2007,90417.805,
SGP,2008,87329.59,
SGP,2009,84843.516,
SGP,2010,95456.19,
SGP,2011,99296.76,
SGP,2012,101187.83,
SGP,2013,104359.03,
SGP,2014,107066.86,
SGP,2015,108953.73,
SGP,2016,111579.74,
SGP,2017,116471.82,
SGP,2018,119927.766,
SGP,2019,120114.13,
SGP,2020,115893.04,
SGP,2021,132617.36,
SGP,2022,133571.97,
SGP,2023,129555.24,Asia
SGP,2024,132569.53,
SXM,2009,50980.94,
SXM,2010,52140.6,
SXM,2011,53786.246,
SXM,2012,53357.004,
SXM,2013,52801.402,
SXM,2014,52439.473,
SXM,2015,51375.6,
SXM,2016,50817.68,
SXM,2017,46088.36,
SXM,2018,42154.1,
SXM,2019,45996.793,
SXM,2020,39265.76,
SXM,2021,40507.066,
SXM,2022,43877.25,
SXM,2023,44894.695,North America
SXM,2024,45821.81,
SVK,1990,17520.99,
SVK,1991,14955.925,
SVK,1992,13946.136,
SVK,1993,14157.153,
SVK,1994,14976.548,
SVK,1995,15805.383,
SVK,1996,16737.139,
SVK,1997,17622.746,
SVK,1998,18272.486,
SVK,1999,18167.46,
SVK,2000,18335.648,
SVK,2001,18906.564,
SVK,2002,19748.893,
SVK,2003,20721.672,
SVK,2004,21842.914,
SVK,2005,23257.13,
SVK,2006,25331.824,
SVK,2007,28064.191,
SVK,2008,29544.033,
SVK,2009,27880.357,
SVK,2010,29745.861,
SVK,2011,30468.766,
SVK,2012,30894.252,
SVK,2013,31078.123,
SVK,2014,31888.742,
SVK,2015,33507.727,
SVK,2016,34116.383,
SVK,2017,35042.72,
SVK,2018,36415.723,
SVK,2019,37194.137,
SVK,2020,36201.414,
SVK,2021,38346.094,
SVK,2022,38623.67,
SVK,2023,39497.535,Europe
SVK,2024,40346.574,
SVN,1990,25351.412,
SVN,1991,23080.46,
SVN,1992,21851.447,
SVN,1993,22526.393,
SVN,1994,23753.95,
SVN,1995,24724.23,
SVN,1996,25460.516,
SVN,1997,26813.193,
SVN,1998,27695.045,
SVN,1999,29133.203,
SVN,2000,30063.12,
SVN,2001,30864.86,
SVN,2002,31838.547,
SVN,2003,32835.992,
SVN,2004,34306.74,
SVN,2005,35567.305,
SVN,2006,37548.883,
SVN,2007,40005.246,
SVN,2008,41288.973,
SVN,2009,37811.58,
SVN,2010,38065.734,
SVN,2011,38235.723,
SVN,2012,37043.066,
SVN,2013,36688.082,
SVN,2014,37664.652,
SVN,2015,38537.094,
SVN,2016,39677.418,
SVN,2017,41703.305,
SVN,2018,43371.98,
SVN,2019,44580.777,
SVN,2020,42474.227,
SVN,2021,45914.06,
SVN,2022,47064.152,
SVN,2023,47868.387,Europe
SVN,2024,48495.89,
SLB,1990,2352.4197,
SLB,1991,2418.387,
SLB,1992,2644.5237,
SLB,1993,2669.6992,
SLB,1994,2802.257,
SLB,1995,2996.2979,
SLB,1996,2957.845,
SLB,1997,2848.3445,
SLB,1998,2805.2908,
SLB,1999,2717.5508,
SLB,2000,2276.8418,
SLB,2001,2055.2922,
SLB,2002,1960.441,
SLB,2003,2050.3267,
SLB,2004,2168.5178,
SLB,2005,2287.26,
SLB,2006,2340.6604,
SLB,2007,2384.3254,
SLB,2008,2489.7925,
SLB,2009,2514.886,
SLB,2010,2682.2854,
SLB,2011,2777.471,
SLB,2012,2743.4534,
SLB,2013,2783.5945,
SLB,2014,2716.418,
SLB,2015,2664.7305,
SLB,2016,2715.234,
SLB,2017,2703.6606,
SLB,2018,2686.12,
SLB,2019,2661.5999,
SLB,2020,2515.1284,
SLB,2021,2518.4216,
SLB,2022,2517.9255,
SLB,2023,2523.619,Oceania
SLB,2024,2527.075,
SOM,1991,836.9666,
SOM,1992,803.49866,
SOM,1993,812.26575,
SOM,1994,634.5,
SOM,1995,636.43365,
SOM,1996,663.1131,
SOM,1997,647.78467,
SOM,1998,662.4371,
SOM,1999,682.7341,
SOM,2000,702.5979,
SOM,2001,723.1202,
SOM,2002,749.6445,
SOM,2003,777.60547,
SOM,2004,802.77167,
SOM,2005,830.50916,
SOM,2006,857.6858,
SOM,2007,887.05096,
SOM,2008,918.8023,
SOM,2009,955.87726,
SOM,2010,994.86847,
SOM,2011,1053.9839,
SOM,2012,1114.4042,
SOM,2013,1197.2919,
SOM,2014,1258.8225,
SOM,2015,1343.443,
SOM,2016,1383.6586,
SOM,2017,1527.1122,
SOM,2018,1504.4391,
SOM,2019,1491.1075,
SOM,2020,1396.0535,
SOM,2021,1392.4642,
SOM,2022,1387.8137,
SOM,2023,1402.47,Africa
SOM,2024,1408.2783,
ZAF,1990,10824.385,
ZAF,1991,10472.158,
ZAF,1992,10065.916,
ZAF,1993,9989.177,
ZAF,1994,10143.206,
ZAF,1995,10331.469,
ZAF,1996,10636.864,
ZAF,1997,10783.461,
ZAF,1998,10706.777,
ZAF,1999,10844.917,
ZAF,2000,11197.515,
ZAF,2001,11401.431,
ZAF,2002,11711.884,
ZAF,2003,11937.716,
ZAF,2004,12356.316,
ZAF,2005,12877.307,
ZAF,2006,13460.689,
ZAF,2007,14033.4,
ZAF,2008,14315.189,
ZAF,2009,13927.729,
ZAF,2010,14182.334,
ZAF,2011,14451.929,
ZAF,2012,14581.589,
ZAF,2013,14699.066,
ZAF,2014,14661.263,
ZAF,2015,14559.475,
ZAF,2016,14519.031,
ZAF,2017,14591.437,
ZAF,2018,14571.376,
ZAF,2019,14370.238,
ZAF,2020,13266.786,
ZAF,2021,13711.294,
ZAF,2022,13777.192,
ZAF,2023,13690.39,Africa
ZAF,2024,13598.789,
,1990,2221.104,
,1991,2207.1523,
,1992,2278.2957,
,1993,2338.6492,
,1994,2437.5273,
,1995,2561.1387,
,1996,2688.7488,
,1997,2747.1846,
,1998,2855.9998,
,1999,3032.5386,
,2000,3097.8066,
,2001,3182.3164,
,2002,3244.373,
,2003,3427.977,
,2004,3626.66,
,2005,3844.0063,
,2006,4085.0732,
,2007,4330.3027,
,2008,4419.832,
,2009,4683.4233,
,2010,4997.842,
,2011,5199.3984,
,2012,5421.17,
,2013,5690.3267,
,2014,6029.549,
,2015,6420.3975,
,2016,6853.8364,
,2017,7237.9014,
,2018,7622.251,
,2019,7857.6147,
,2020,7399.215,
,2021,8015.357,
,2022,8522.025,
,2023,9169.176,
,2024,9653.442,
SGS,2023,,South America
KOR,1990,13839.989,
KOR,1991,15180.669,
KOR,1992,15955.001,
KOR,1993,16879.959,
KOR,1994,18259.855,
KOR,1995,19815.074,
KOR,1996,21175.9,
KOR,1997,22272.732,
KOR,1998,20978.281,
KOR,1999,23218.229,
KOR,2000,25111.139,
KOR,2001,26128.39,
KOR,2002,27984.639,
KOR,2003,28716.17,
KOR,2004,30089.172,
KOR,2005,31319.11,
KOR,2006,32795.156,
KOR,2007,34522.27,
KOR,2008,35293.41,
KOR,2009,35390.562,
KOR,2010,37610.973,
KOR,2011,38698.46,
KOR,2012,39420.418,
KOR,2013,40483.254,
KOR,2014,41518.094,
KOR,2015,42459.902,
KOR,2016,43538.02,
KOR,2017,44787.65,
KOR,2018,45890.43,
KOR,2019,46757.26,
KOR,2020,46361.598,
KOR,2021,48419.645,
KOR,2022,49777.93,
KOR,2023,50414.207,Asia
SSD,2023,,Africa
ESP,1990,31773.227,
ESP,1991,32499.348,
ESP,1992,32641.082,
ESP,1993,32137.314,
ESP,1994,32746.93,
ESP,1995,33501.73,
ESP,1996,34232.38,
ESP,1997,35312.086,
ESP,1998,36679.094,
ESP,1999,38141.316,
ESP,2000,39945.9,
ESP,2001,41224.293,
ESP,2002,41766.04,
ESP,2003,42223.13,
ESP,2004,42793.39,
ESP,2005,43570.766,
ESP,2006,44572.68,
ESP,2007,45301.285,
ESP,2008,44926.348,
ESP,2009,42852.223,
ESP,2010,42695.527,
ESP,2011,42271.836,
ESP,2012,41034.047,
ESP,2013,40594.914,
ESP,2014,41339.41,
ESP,2015,43053.76,
ESP,2016,44274.668,
ESP,2017,45446.25,
ESP,2018,46325.21,
ESP,2019,46896.418,
ESP,2020,41553.45,
ESP,2021,44251.664,
ESP,2022,46649.562,
ESP,2023,47341.17,Europe
ESP,2024,48373.047,
LKA,1990,4561.579,
LKA,1991,4735.8193,
LKA,1992,4866.2393,
LKA,1993,5114.4365,
LKA,1994,5322.7295,
LKA,1995,5523.312,
LKA,1996,5624.024,
LKA,1997,5871.723,
LKA,1998,6032.622,
LKA,1999,6176.2354,
LKA,2000,6428.6133,
LKA,2001,6230.031,
LKA,2002,6409.863,
LKA,2003,6741.0127,
LKA,2004,7059.911,
LKA,2005,7452.742,
LKA,2006,7970.665,
LKA,2007,8454.207,
LKA,2008,8897.827,
LKA,2009,9156.319,
LKA,2010,9832.187,
LKA,2011,10618.492,
LKA,2012,11447.693,
LKA,2013,12249.723,
LKA,2014,12909.966,
LKA,2015,13329.779,
LKA,2016,13845.614,
LKA,2017,14572.485,
LKA,2018,14759.825,
LKA,2019,14637.444,
LKA,2020,13886.651,
LKA,2021,14316.135,
LKA,2022,13249.065,
LKA,2023,13024.94,Asia
LKA,2024,13752.837,
,1990,3357.6067,
,1991,3283.217,
,1992,3179.5583,
,1993,3063.1199,
,1994,3011.3916,
,1995,3036.9492,
,1996,3110.636,
,1997,3158.276,
,1998,3156.8584,
,1999,3145.133,
,2000,3167.23,
,2001,3215.2227,
,2002,3319.3599,
,2003,3363.352,
,2004,3491.1724,
,2005,3606.0603,
,2006,3724.173,
,2007,3847.2979,
,2008,3940.8018,
,2009,3949.3984,
,2010,4072.6812,
,2011,4144.877,
,2012,4193.8984,
,2013,4285.6323,
,2014,4375.3555,
,2015,4393.6113,
,2016,4350.635,
,2017,4355.8,
,2018,4367.1753,
,2019,4377.017,
,2020,4188.7046,
,2021,4262.254,
,2022,4317.7153,
,2023,4321.3906,
,2024,4369.748,
SDN,1990,2460.1887,
SDN,1991,2591.8691,
SDN,1992,2709.79,
SDN,1993,2777.275,
SDN,1994,2736.472,
SDN,1995,2824.632,
SDN,1996,2924.2908,
SDN,1997,3380.1868,
SDN,1998,3441.1792,
SDN,1999,3459.23,
SDN,2000,3575.852,
SDN,2001,3701.5488,
SDN,2002,3814.3132,
SDN,2003,3946.9226,
SDN,2004,4041.0571,
SDN,2005,4152.3228,
SDN,2006,4299.974,
SDN,2007,4415.785,
SDN,2008,4446.4097,
SDN,2009,4188.0547,
SDN,2010,4219.837,
SDN,2011,4467.626,
SDN,2012,4145.9316,
SDN,2013,4130.486,
SDN,2014,4207.5005,
SDN,2015,4159.1943,
SDN,2016,4174.561,
SDN,2017,4061.0183,
SDN,2018,3816.66,
SDN,2019,3625.5232,
SDN,2020,3401.2498,
SDN,2021,3248.9756,
SDN,2022,3132.0771,
SDN,2023,2181.079,Africa
SDN,2024,1871.5891,
,2023,,Africa
SUR,1990,17137.65,
SUR,1991,17493.496,
SUR,1992,17455.125,
SUR,1993,16217.166,
SUR,1994,16648.535,
SUR,1995,16368.312,
SUR,1996,16184.5,
SUR,1997,16754.352,
SUR,1998,16789.756,
SUR,1999,16217.518,
SUR,2000,16220.179,
SUR,2001,16556.943,
SUR,2002,16678.072,
SUR,2003,17383.502,
SUR,2004,18585.518,
SUR,2005,19220.283,
SUR,2006,20113.67,
SUR,2007,20902.139,
SUR,2008,21515.812,
SUR,2009,21906.41,
SUR,2010,22772.475,
SUR,2011,23829.533,
SUR,2012,24193.842,
SUR,2013,24624.021,
SUR,2014,24414.355,
SUR,2015,23327.525,
SUR,2016,21950.412,
SUR,2017,22070.514,
SUR,2018,22938.535,
SUR,2019,22966.74,
SUR,2020,19091.361,
SUR,2021,18458.234,
SUR,2022,18742.588,
SUR,2023,19043.705,South America
SUR,2024,19413.297,
SWE,1990,40205.395,
SWE,1991,39474.656,
SWE,1992,38789.125,
SWE,1993,37767.883,
SWE,1994,39006.305,
SWE,1995,40390.832,
SWE,1996,41014.098,
SWE,1997,42246.93,
SWE,1998,44016.176,
SWE,1999,45829.6,
SWE,2000,47875.086,
SWE,2001,48396.45,
SWE,2002,49337.934,
SWE,2003,50079.266,
SWE,2004,51967.55,
SWE,2005,53205.88,
SWE,2006,55381.395,
SWE,2007,56745.04,
SWE,2008,55784.93,
SWE,2009,52957.883,
SWE,2010,55527.94,
SWE,2011,56853.836,
SWE,2012,56200.902,
SWE,2013,56360.707,
SWE,2014,57085.387,
SWE,2015,58975.977,
SWE,2016,59608.086,
SWE,2017,59883.668,
SWE,2018,60318.46,
SWE,2019,61232.484,
SWE,2020,59572.477,
SWE,2021,62731.7,
SWE,2022,63215.438,
SWE,2023,62845.484,Europe
SWE,2024,63258.906,
CHE,1990,64010.758,
CHE,1991,62636.773,
CHE,1992,61922.89,
CHE,1993,61284.203,
CHE,1994,61569.598,
CHE,1995,61453.63,
CHE,1996,61471.168,
CHE,1997,62709.99,
CHE,1998,64418.387,
CHE,1999,65177.883,
CHE,2000,67378.39,
CHE,2001,68008.34,
CHE,2002,67446.41,
CHE,2003,66926.17,
CHE,2004,68263.44,
CHE,2005,69692.59,
CHE,2006,72077.86,
CHE,2007,74234.305,
CHE,2008,75355.2,
CHE,2009,72709.81,
CHE,2010,74290.266,
CHE,2011,74800.89,
CHE,2012,74883.62,
CHE,2013,75354.16,
CHE,2014,76189.6,
CHE,2015,76566.08,
CHE,2016,77301.21,
CHE,2017,77626.91,
CHE,2018,79261.36,
CHE,2019,79596.7,
CHE,2020,77324.89,
CHE,2021,81001.414,
CHE,2022,82777.3,
CHE,2023,82302.05,Europe
CHE,2024,82026.41,
SYR,1990,5828.4053,
SYR,1991,6081.089,
SYR,1992,6662.243,
SYR,1993,6861.795,
SYR,1994,7142.9536,
SYR,1995,7431.354,
SYR,1996,7943.4404,
SYR,1997,8126.3657,
SYR,1998,8456.783,
SYR,1999,7951.39,
SYR,2000,7807.93,
SYR,2001,7698.397,
SYR,2002,7811.816,
SYR,2003,8177.545,
SYR,2004,8528.656,
SYR,2005,8828.946,
SYR,2006,8885.806,
SYR,2007,8829.309,
SYR,2008,8903.772,
SYR,2009,9284.102,
SYR,2010,9546.561,
SYR,2011,9648.824,
SYR,2012,7144.3726,
SYR,2013,5530.9746,
SYR,2014,5301.6255,
SYR,2015,5302.074,
SYR,2016,5022.113,
SYR,2017,4977.792,
SYR,2018,4956.093,
SYR,2019,4825.4062,
SYR,2020,4633.3496,
SYR,2021,4592.8384,
SYR,2022,4454.8535,
SYR,2023,4189.8374,Asia
TWN,2023,,Asia
TJK,1990,4173.046,
TJK,1991,3777.1074,
TJK,1992,2630.3865,
TJK,1993,2169.9675,
TJK,1994,1678.3385,
TJK,1995,1439.5028,
TJK,1996,1175.7941,
TJK,1997,1181.2811,
TJK,1998,1236.6755,
TJK,1999,1275.8225,
TJK,2000,1365.2333,
TJK,2001,1467.3988,
TJK,2002,1594.939,
TJK,2003,1736.6404,
TJK,2004,1878.287,
TJK,2005,1965.3002,
TJK,2006,2063.2886,
TJK,2007,2181.898,
TJK,2008,2308.0942,
TJK,2009,2349.5002,
TJK,2010,2449.2737,
TJK,2011,2572.4807,
TJK,2012,2700.0955,
TJK,2013,2828.3855,
TJK,2014,2943.0886,
TJK,2015,3041.4448,
TJK,2016,3169.9668,
TJK,2017,3312.712,
TJK,2018,3479.6924,
TJK,2019,3649.8838,
TJK,2020,3724.749,
TJK,2021,3985.9126,
TJK,2022,4213.7563,
TJK,2023,4472.324,Asia
TJK,2024,4755.933,
TZA,1990,1794.2046,
TZA,1991,1785.664,
TZA,1992,1751.9185,
TZA,1993,1718.3931,
TZA,1994,1679.6624,
TZA,1995,1685.8511,
TZA,1996,1730.5546,
TZA,1997,1755.8037,
TZA,1998,1773.7242,
TZA,1999,1810.9716,
TZA,2000,1839.9366,
TZA,2001,1899.7454,
TZA,2002,1982.6443,
TZA,2003,2059.8374,
TZA,2004,2155.2415,
TZA,2005,2253.0933,
TZA,2006,2334.1045,
TZA,2007,2423.616,
TZA,2008,2493.2593,
TZA,2009,2560.811,
TZA,2010,2654.8035,
TZA,2011,2779.7078,
TZA,2012,2822.4854,
TZA,2013,2924.8633,
TZA,2014,3027.569,
TZA,2015,3111.4446,
TZA,2016,3214.2468,
TZA,2017,3319.3767,
TZA,2018,3392.6887,
TZA,2019,3484.6326,
TZA,2020,3449.8215,
TZA,2021,3493.083,
TZA,2022,3546.981,
TZA,2023,3620.7935,Africa
TZA,2024,3713.263,
THA,1990,8701.954,
THA,1991,9294.031,
THA,1992,9886.899,
THA,1993,10538.816,
THA,1994,11215.037,
THA,1995,11953.92,
THA,1996,12456.329,
THA,1997,11952.85,
THA,1998,10897.153,
THA,1999,11253.388,
THA,2000,11622.525,
THA,2001,11901.318,
THA,2002,12512.184,
THA,2003,13287.305,
THA,2004,13997.001,
THA,2005,14458.255,
THA,2006,15051.061,
THA,2007,15742.655,
THA,2008,15891.782,
THA,2009,15665.903,
THA,2010,16730.37,
THA,2011,16766.348,
THA,2012,17869.637,
THA,2013,18242.426,
THA,2014,18324.615,
THA,2015,18811.998,
THA,2016,19370.61,
THA,2017,20094.678,
THA,2018,20879.902,
THA,2019,21277.84,
THA,2020,19957.258,
THA,2021,20242.77,
THA,2022,20762.795,
THA,2023,21191.453,Asia
THA,2024,21737.178,
TGO,1990,2171.196,
TGO,1991,2094.8115,
TGO,1992,1955.3339,
TGO,1993,1670.4836,
TGO,1994,1913.7184,
TGO,1995,1975.9492,
TGO,1996,2072.0833,
TGO,1997,2296.1765,
TGO,1998,2180.6558,
TGO,1999,2172.4917,
TGO,2000,2096.8591,
TGO,2001,2059.105,
TGO,2002,2084.2305,
TGO,2003,2168.6514,
TGO,2004,2093.015,
TGO,2005,1944.7795,
TGO,2006,1941.173,
TGO,2007,1863.2831,
TGO,2008,1883.5494,
TGO,2009,1930.7802,
TGO,2010,1988.9521,
TGO,2011,2048.8154,
TGO,2012,2121.429,
TGO,2013,2188.07,
TGO,2014,2253.4854,
TGO,2015,2317.5479,
TGO,2016,2355.2683,
TGO,2017,2389.2124,
TGO,2018,2442.647,
TGO,2019,2501.0308,
TGO,2020,2490.053,
TGO,2021,2577.202,
TGO,2022,2662.2593,
TGO,2023,2767.5166,Africa
TGO,2024,2849.6038,
TKL,2023,,Oceania
TON,1990,4487.8193,
TON,1991,4766.388,
TON,1992,4772.331,
TON,1993,4946.718,
TON,1994,5188.4395,
TON,1995,5508.3394,
TON,1996,5510.7085,
TON,1997,5455.9053,
TON,1998,5541.683,
TON,1999,5632.7227,
TON,2000,5808.265,
TON,2001,5860.0806,
TON,2002,6085.1133,
TON,2003,6053.88,
TON,2004,5900.4575,
TON,2005,5828.3706,
TON,2006,5670.914,
TON,2007,5506.652,
TON,2008,5758.5684,
TON,2009,5453.875,
TON,2010,5488.7505,
TON,2011,5847.444,
TON,2012,5907.267,
TON,2013,5951.6943,
TON,2014,6096.869,
TON,2015,6194.639,
TON,2016,6639.1367,
TON,2017,6862.6685,
TON,2018,6896.042,
TON,2019,6875.0254,
TON,2020,6995.3174,
TON,2021,7034.925,
TON,2022,6901.7383,
TON,2023,7075.556,Oceania
TTO,1990,11884.758,
TTO,1991,12157.927,
TTO,1992,13285,
TTO,1993,13105.5,
TTO,1994,13490.032,
TTO,1995,13930.163,
TTO,1996,14857.941,
TTO,1997,15915.638,
TTO,1998,17151.068,
TTO,1999,18464.234,
TTO,2000,19662.75,
TTO,2001,20392.883,
TTO,2002,21904.922,
TTO,2003,24942.783,
TTO,2004,26792.238,
TTO,2005,29574.334,
TTO,2006,33391.54,
TTO,2007,34838.285,
TTO,2008,35871.297,
TTO,2009,34256.164,
TTO,2010,35190.215,
TTO,2011,34814.37,
TTO,2012,36950.81,
TTO,2013,38033.9,
TTO,2014,39299.086,
TTO,2015,38951.926,
TTO,2016,35955.5,
TTO,2017,34153.883,
TTO,2018,33753.594,
TTO,2019,33793.707,
TTO,2020,30723.404,
TTO,2021,30424.664,
TTO,2022,30793.4,
TTO,2023,31193.916,North America
TTO,2024,31689.732,
TUN,1990,6742.5767,
TUN,1991,6859.7266,
TUN,1992,7241.283,
TUN,1993,7253.328,
TUN,1994,7350.648,
TUN,1995,7406.231,
TUN,1996,7821.7837,
TUN,1997,8136.3286,
TUN,1998,8417.976,
TUN,1999,8821.979,
TUN,2000,9134.405,
TUN,2001,9380.553,
TUN,2002,9407.547,
TUN,2003,9752.014,
TUN,2004,10263.794,
TUN,2005,10529.148,
TUN,2006,10983.91,
TUN,2007,11613.912,
TUN,2008,11990.183,
TUN,2009,12229.762,
TUN,2010,12458.258,
TUN,2011,12068.7,
TUN,2012,12436.382,
TUN,2013,12587.981,
TUN,2014,12823.989,
TUN,2015,12802.761,
TUN,2016,12803.874,
TUN,2017,12953.523,
TUN,2018,13163.591,
TUN,2019,13249.224,
TUN,2020,11955.566,
TUN,2021,12444.326,
TUN,2022,12702.453,
TUN,2023,12622.96,Africa
TUN,2024,12713.55,
TUR,1990,12010.248,
TUR,1991,11885.787,
TUR,1992,12273.284,
TUR,1993,12986.378,
TUR,1994,12166.786,
TUR,1995,12912.242,
TUR,1996,13657.735,
TUR,1997,14481.858,
TUR,1998,14624.932,
TUR,1999,13959.867,
TUR,2000,14737.441,
TUR,2001,13718.278,
TUR,2002,14427.761,
TUR,2003,15083.136,
TUR,2004,16376.965,
TUR,2005,17659.898,
TUR,2006,18693.9,
TUR,2007,19605.168,
TUR,2008,19516.385,
TUR,2009,18320.45,
TUR,2010,19564.79,
TUR,2011,21439.068,
TUR,2012,22181.121,
TUR,2013,23756.273,
TUR,2014,24595.7,
TUR,2015,25746.432,
TUR,2016,26246.494,
TUR,2017,27851.982,
TUR,2018,28305.46,
TUR,2019,28132.053,
TUR,2020,28378.553,
TUR,2021,31338.266,
TUR,2022,32748.318,
TUR,2023,34282.535,Asia
TUR,2024,35294.395,
TKM,1990,7925.498,
TKM,1991,7373.584,
TKM,1992,6128.9155,
TKM,1993,6085.5254,
TKM,1994,4929.734,
TKM,1995,4493.4277,
TKM,1996,4712.8335,
TKM,1997,4105.369,
TKM,1998,4323.302,
TKM,1999,4945.0854,
TKM,2000,5112.5293,
TKM,2001,5228.803,
TKM,2002,5138.871,
TKM,2003,5203.8545,
TKM,2004,5360.224,
TKM,2005,5945.9526,
TKM,2006,6476.828,
TKM,2007,7060.1484,
TKM,2008,7944.996,
TKM,2009,8264.865,
TKM,2010,8842.333,
TKM,2011,9929.689,
TKM,2012,10794.233,
TKM,2013,11633.291,
TKM,2014,12544.398,
TKM,2015,13057.83,
TKM,2016,13552.848,
TKM,2017,14107.667,
TKM,2018,14648.136,
TKM,2019,15231.306,
TKM,2020,15791.178,
TKM,2021,16434.14,
TKM,2022,17119.574,
TKM,2023,17866.404,Asia
TKM,2024,17953.846,
TCA,2007,21878.82,
TCA,2008,22689.316,
TCA,2009,17512.197,
TCA,2010,17000.223,
TCA,2011,17147.424,
TCA,2012,16024.691,
TCA,2013,15461.873,
TCA,2014,16138.849,
TCA,2015,17201.771,
TCA,2016,17625.72,
TCA,2017,16498.691,
TCA,2018,30286.12,
TCA,2019,30611.213,
TCA,2020,19702.537,
TCA,2021,25056.488,
TCA,2022,28209.625,
TCA,2023,31839.371,North America
TCA,2024,33390.527,
TUV,1990,2984.2856,
TUV,1991,3046.9717,
TUV,1992,3093.827,
TUV,1993,3189.949,
TUV,1994,3487.0337,
TUV,1995,3286.469,
TUV,1996,3070.0393,
TUV,1997,3356.3071,
TUV,1998,3855.6548,
TUV,1999,3777.3718,
TUV,2000,3721.8994,
TUV,2001,3705.5923,
TUV,2002,4042.9011,
TUV,2003,3838.4036,
TUV,2004,3704.9272,
TUV,2005,3488.5364,
TUV,2006,3532.3994,
TUV,2007,3737.8787,
TUV,2008,3933.374,
TUV,2009,3638.1875,
TUV,2010,3506.0603,
TUV,2011,3687.4392,
TUV,2012,3558.1523,
TUV,2013,3690.242,
TUV,2014,3695.9534,
TUV,2015,4088.7659,
TUV,2016,4333.249,
TUV,2017,4464.259,
TUV,2018,4575.869,
TUV,2019,5292.0303,
TUV,2020,5154.4595,
TUV,2021,5352.9785,
TUV,2022,5498.1846,
TUV,2023,5812.3994,Oceania
OWID_USS,2023,,Europe
UGA,1990,1080.0383,
UGA,1991,1103.229,
UGA,1992,1102.73,
UGA,1993,1153.9937,
UGA,1994,1187.3678,
UGA,1995,1288.5089,
UGA,1996,1367.9457,
UGA,1997,1396.6311,
UGA,1998,1422.2079,
UGA,1999,1487.7579,
UGA,2000,1487.005,
UGA,2001,1516.9642,
UGA,2002,1598.5829,
UGA,2003,1649.1483,
UGA,2004,1709.3616,
UGA,2005,1765.0378,
UGA,2006,1898.9791,
UGA,2007,1999.0625,
UGA,2008,2110.1006,
UGA,2009,2188.299,
UGA,2010,2244.606,
UGA,2011,2384.4653,
UGA,2012,2405.0945,
UGA,2013,2420.8882,
UGA,2014,2470.504,
UGA,2015,2520.02,
UGA,2016,2554.2278,
UGA,2017,2543.8477,
UGA,2018,2613.88,
UGA,2019,2689.4102,
UGA,2020,2678.009,
UGA,2021,2684.9204,
UGA,2022,2724.906,
UGA,2023,2791.0557,Africa
UGA,2024,2881.866,
UKR,1990,22815.799,
UKR,1991,20784.16,
UKR,1992,18671.873,
UKR,1993,16012.372,
UKR,1994,12410.525,
UKR,1995,10983.009,
UKR,1996,9969.501,
UKR,1997,9754.05,
UKR,1998,9646.055,
UKR,1999,9704.445,
UKR,2000,10364.0625,
UKR,2001,11379.386,
UKR,2002,12092.789,
UKR,2003,13342.88,
UKR,2004,15021.066,
UKR,2005,15610.573,
UKR,2006,16901.508,
UKR,2007,18374.014,
UKR,2008,18883.986,
UKR,2009,16092.796,
UKR,2010,16811.795,
UKR,2011,17783.957,
UKR,2012,17848.74,
UKR,2013,17889.092,
UKR,2014,16978.812,
UKR,2015,15403.71,
UKR,2016,15856.8125,
UKR,2017,16310.36,
UKR,2018,16978.984,
UKR,2019,17636.555,
UKR,2020,17092.54,
UKR,2021,17846.408,
UKR,2022,13787.121,
UKR,2023,15916.958,Europe
UKR,2024,16319.845,
ARE,1990,108057.04,
ARE,1991,103098.54,
ARE,1992,101100.484,
ARE,1993,97429.164,
ARE,1994,99402.02,
ARE,1995,101412.086,
ARE,1996,100563.695,
ARE,1997,100310.445,
ARE,1998,93224.22,
ARE,1999,89303.77,
ARE,2000,92547.23,
ARE,2001,88045.195,
ARE,2002,84871.6,
ARE,2003,87150.88,
ARE,2004,90388.984,
ARE,2005,89986.13,
ARE,2006,92044.516,
ARE,2007,84581.87,
ARE,2008,77891.99,
ARE,2009,69358,
ARE,2010,68799.93,
ARE,2011,70662.516,
ARE,2012,69158.83,
ARE,2013,69806.95,
ARE,2014,69409.04,
ARE,2015,70234.734,
ARE,2016,70573.99,
ARE,2017,68871.85,
ARE,2018,68854.97,
ARE,2019,68887.84,
ARE,2020,65784.68,
ARE,2021,67401.125,
ARE,2022,68867.83,
ARE,2023,68577.54,Asia
ARE,2024,68584.66,
GBR,1990,34307.938,
GBR,1991,33824.715,
GBR,1992,33868.664,
GBR,1993,34628.816,
GBR,1994,35869.21,
GBR,1995,36680.137,
GBR,1996,37531.527,
GBR,1997,39278.53,
GBR,1998,40496.863,
GBR,1999,41596.47,
GBR,2000,43247.637,
GBR,2001,44189.855,
GBR,2002,44793.324,
GBR,2003,45990.715,
GBR,2004,46853.793,
GBR,2005,47804.785,
GBR,2006,48584.438,
GBR,2007,49472.984,
GBR,2008,48963.023,
GBR,2009,46348.754,
GBR,2010,47013.883,
GBR,2011,47178.918,
GBR,2012,47550.94,
GBR,2013,48083.805,
GBR,2014,49250.56,
GBR,2015,49983.348,
GBR,2016,50540.88,
GBR,2017,51601.14,
GBR,2018,52071.27,
GBR,2019,52645.543,
GBR,2020,47144.723,
GBR,2021,51004.426,
GBR,2022,52982.176,
GBR,2023,52502.914,Europe
GBR,2024,52517.984,
USA,1990,44378.523,
USA,1991,43742.027,
USA,1992,44659.152,
USA,1993,45286.934,
USA,1994,46537.355,
USA,1995,47220.957,
USA,1996,48435.7,
USA,1997,49984.27,
USA,1998,51619.87,
USA,1999,53474.047,
USA,2000,55038.62,
USA,2001,55017.305,
USA,2002,55436.117,
USA,2003,56498.207,
USA,2004,58131.633,
USA,2005,59604.754,
USA,2006,60676.566,
USA,2007,61306.598,
USA,2008,60798.434,
USA,2009,58714.973,
USA,2010,59789.414,
USA,2011,60245.484,
USA,2012,61134.53,
USA,2013,61958.723,
USA,2014,63018.805,
USA,2015,64359.473,
USA,2016,65017.656,
USA,2017,66155.555,
USA,2018,67719.766,
USA,2019,69112.6,
USA,2020,67342.07,
USA,2021,71307.4,
USA,2022,72679.26,
USA,2023,74158.72,North America
USA,2024,75491.61,
VIR,2002,54299.23,
VIR,2003,54086.156,
VIR,2004,55883.453,
VIR,2005,57838.098,
VIR,2006,59911.723,
VIR,2007,62332.945,
VIR,2008,63057.625,
VIR,2009,58895.305,
VIR,2010,59272.246,
VIR,2011,54443.07,
VIR,2012,46422.414,
VIR,2013,43563.887,
VIR,2014,42853.9,
VIR,2015,42739.082,
VIR,2016,43502.434,
VIR,2017,43277.156,
VIR,2018,44205.406,
VIR,2019,45632.637,
VIR,2020,45055.78,
VIR,2021,46893.55,
VIR,2022,46479.3,
VIR,2023,,North America
,1990,5938.387,
,1991,5960.8423,
,1992,6069.5713,
,1993,6257.345,
,1994,6412.0537,
,1995,6573.5283,
,1996,6863.418,
,1997,7160.9175,
,1998,7228.899,
,1999,7359.9673,
,2000,7714.63,
,2001,7893.67,
,2002,8190.408,
,2003,8576.619,
,2004,9166.953,
,2005,9730.925,
,2006,10436.463,
,2007,11278.444,
,2008,11842.61,
,2009,12051.055,
,2010,12928.217,
,2011,13671.373,
,2012,14279.788,
,2013,14904.672,
,2014,15446.363,
,2015,15937.895,
,2016,16503.428,
,2017,17199.842,
,2018,17868.936,
,2019,18448.043,
,2020,18191.07,
,2021,19451.951,
,2022,20030.756,
,2023,20882.412,
,2024,21658.621,
URY,1990,14060.846,
URY,1991,14474.732,
URY,1992,15536.487,
URY,1993,15865.277,
URY,1994,16932.03,
URY,1995,16600.04,
URY,1996,17433.693,
URY,1997,18823.941,
URY,1998,19577.79,
URY,1999,19192.717,
URY,2000,18752.059,
URY,2001,17986.9,
URY,2002,16572.79,
URY,2003,16694.44,
URY,2004,17519.379,
URY,2005,18811.32,
URY,2006,19560.082,
URY,2007,20803.893,
URY,2008,22249.383,
URY,2009,23138.082,
URY,2010,24879.836,
URY,2011,26099.322,
URY,2012,26953.281,
URY,2013,28119.482,
URY,2014,28935.098,
URY,2015,28941.629,
URY,2016,29332.566,
URY,2017,29762.434,
URY,2018,29757.94,
URY,2019,30010.574,
URY,2020,27788.186,
URY,2021,29431.885,
URY,2022,30804.703,
URY,2023,31059.254,South America
URY,2024,32038.773,
UZB,1990,4214.584,
UZB,1991,4094.2273,
UZB,1992,3547.3115,
UZB,1993,3386.4622,
UZB,1994,3142.4329,
UZB,1995,3052.4187,
UZB,1996,3046.5637,
UZB,1997,3150.0852,
UZB,1998,3234.3574,
UZB,1999,3326.4253,
UZB,2000,3410.6504,
UZB,2001,3509.7285,
UZB,2002,3604.6934,
UZB,2003,3711.7786,
UZB,2004,3939.5305,
UZB,2005,4160.955,
UZB,2006,4413.7227,
UZB,2007,4764.564,
UZB,2008,5115.644,
UZB,2009,5439.551,
UZB,2010,5760.805,
UZB,2011,6100.251,
UZB,2012,6435.5645,
UZB,2013,6797.775,
UZB,2014,7145.11,
UZB,2015,7529.7637,
UZB,2016,7839.978,
UZB,2017,8047.0537,
UZB,2018,8348.961,
UZB,2019,8755.126,
UZB,2020,8727.411,
UZB,2021,9247.644,
UZB,2022,9607.562,
UZB,2023,10007.686,Asia
UZB,2024,10450.205,
VUT,1990,3101.6807,
VUT,1991,3120.6938,
VUT,1992,3122.8894,
VUT,1993,3069.806,
VUT,1994,3269.6284,
VUT,1995,3226.915,
VUT,1996,3229.1023,
VUT,1997,3315.4814,
VUT,1998,3285.1384,
VUT,1999,3228.5918,
VUT,2000,3342.1672,
VUT,2001,3148.3347,
VUT,2002,2911.0413,
VUT,2003,2962.031,
VUT,2004,3005.7974,
VUT,2005,3089.437,
VUT,2006,3270.7024,
VUT,2007,3283.3655,
VUT,2008,3381.3857,
VUT,2009,3396.736,
VUT,2010,3359.8496,
VUT,2011,3390.961,
VUT,2012,3350.771,
VUT,2013,3292.2341,
VUT,2014,3302.2917,
VUT,2015,3357.639,
VUT,2016,3397.7673,
VUT,2017,3465.9197,
VUT,2018,3482.0227,
VUT,2019,3512.072,
VUT,2020,3259.9954,
VUT,2021,3135.8367,
VUT,2022,3222.836,
VUT,2023,3118.396,Oceania
VUT,2024,3169.2324,
VAT,2023,,Europe
VEN,2023,,South America
VNM,1990,2467.9646,
VNM,1991,2560.8438,
VNM,1992,2726.4736,
VNM,1993,2890.4243,
VNM,1994,3089.6094,
VNM,1995,3328.2148,
VNM,1996,3584.029,
VNM,1997,3820.3025,
VNM,1998,3982.958,
VNM,1999,4119.0537,
VNM,2000,4349.2236,
VNM,2001,4570.2686,
VNM,2002,4809.6216,
VNM,2003,5090.29,
VNM,2004,5421.097,
VNM,2005,5776.3633,
VNM,2006,6098.245,
VNM,2007,6418.544,
VNM,2008,6659.1357,
VNM,2009,6914.339,
VNM,2010,7274.733,
VNM,2011,7652.619,
VNM,2012,7979.868,
VNM,2013,8324.198,
VNM,2014,8751.883,
VNM,2015,9248.024,
VNM,2016,9743.188,
VNM,2017,10290.549,
VNM,2018,10936.894,
VNM,2019,11628.614,
VNM,2020,11851.396,
VNM,2021,12048.902,
VNM,2022,12979.764,
VNM,2023,13545.935,Asia
VNM,2024,14415.216,
WLF,2023,,Oceania
OWID_GFR,2023,,Europe
ESH,2023,,Africa
OWID_WRL,1990,11218.697,
OWID_WRL,1991,11126.794,
OWID_WRL,1992,11088.845,
OWID_WRL,1993,11080.344,
OWID_WRL,1994,11202.158,
OWID_WRL,1995,11375.804,
OWID_WRL,1996,11622.149,
OWID_WRL,1997,11905.861,
OWID_WRL,1998,12030.494,
OWID_WRL,1999,12292.919,
OWID_WRL,2000,12708,
OWID_WRL,2001,12841.629,
OWID_WRL,2002,13024.261,
OWID_WRL,2003,13331.042,
OWID_WRL,2004,13838.768,
OWID_WRL,2005,14291.341,
OWID_WRL,2006,14845.036,
OWID_WRL,2007,15422.593,
OWID_WRL,2008,15655.5625,
OWID_WRL,2009,15356.328,
OWID_WRL,2010,15944.813,
OWID_WRL,2011,16373.5625,
OWID_WRL,2012,16673.617,
OWID_WRL,2013,17005.91,
OWID_WRL,2014,17379.877,
OWID_WRL,2015,17746.664,
OWID_WRL,2016,18110.506,
OWID_WRL,2017,18588.984,
OWID_WRL,2018,19062.96,
OWID_WRL,2019,19424.516,
OWID_WRL,2020,18698.06,
OWID_WRL,2021,19751.975,
OWID_WRL,2022,20281.531,
OWID_WRL,2023,20785.27,
OWID_WRL,2024,21267.674,
YEM,2023,,Asia
OWID_YAR,2023,,Asia
OWID_YPR,2023,,Asia
OWID_YGS,2023,,Europe
ZMB,1990,2425.1113,
ZMB,1991,2364.8623,
ZMB,1992,2268.498,
ZMB,1993,2365.6296,
ZMB,1994,2110.5833,
ZMB,1995,2119.9565,
ZMB,1996,2197.1956,
ZMB,1997,2223.4575,
ZMB,1998,2157.5735,
ZMB,1999,2198.1892,
ZMB,2000,2220.5654,
ZMB,2001,2268.9697,
ZMB,2002,2299.333,
ZMB,2003,2383.8762,
ZMB,2004,2471.7207,
ZMB,2005,2564.4756,
ZMB,2006,2673.4614,
ZMB,2007,2796.353,
ZMB,2008,2908.1436,
ZMB,2009,3065.8442,
ZMB,2010,3266.5076,
ZMB,2011,3335.6433,
ZMB,2012,3474.5525,
ZMB,2013,3535.2246,
ZMB,2014,3585.5774,
ZMB,2015,3576.9255,
ZMB,2016,3598.1716,
ZMB,2017,3612.5059,
ZMB,2018,3646.9597,
ZMB,2019,3591.5642,
ZMB,2020,3391.5955,
ZMB,2021,3503.035,
ZMB,2022,3585.1238,
ZMB,2023,3673.4841,Africa
ZMB,2024,3716.0374,
ZWE,1990,4013.296,
ZWE,1991,4126.402,
ZWE,1992,3649.8892,
ZWE,1993,3634.7476,
ZWE,1994,3965.7278,
ZWE,1995,3935.2769,
ZWE,1996,4271.4766,
ZWE,1997,4304.403,
ZWE,1998,4342.855,
ZWE,1999,4238.192,
ZWE,2000,4071.0188,
ZWE,2001,4102.0835,
ZWE,2002,3701.455,
ZWE,2003,3036.0535,
ZWE,2004,2828.8433,
ZWE,2005,2642.1724,
ZWE,2006,2519.8274,
ZWE,2007,2395.9888,
ZWE,2008,1949.0349,
ZWE,2009,2176.8645,
ZWE,2010,2563.4783,
ZWE,2011,2875.902,
ZWE,2012,3301.1663,
ZWE,2013,3319.772,
ZWE,2014,3352.3813,
ZWE,2015,3366.6338,
ZWE,2016,3345.315,
ZWE,2017,3453.5059,
ZWE,2018,3572.9814,
ZWE,2019,3294.804,
ZWE,2020,2987.2683,
ZWE,2021,3184.7847,
ZWE,2022,3323.1184,
ZWE,2023,3442.2488,Africa
ZWE,2024,3450.1296,
