Code,Year,Deaths - Drought,Deaths - Flood,Deaths - Earthquake,Deaths - Extreme weather,Deaths - Extreme temperature,Deaths - Volcanic activity,Deaths - Wildfire,Deaths - Glacial lake outburst flood,Deaths - Dry mass movement,Deaths - Wet mass movement,Deaths - Fog
AFG,1969,0,,,,,,,,,,
AFG,1971,0,,,,,,,,,100,
AFG,1972,0,150,11,,,,,,,,
AFG,1973,0,,,,,,,,,,
AFG,2000,9,,,,,,,,,,
AFG,2001,13,,4,,327,,,,,,
AFG,2002,15,81,1200,,,,,,,5,
AFG,2006,0,282,1,71,,,,,,28,
AFG,2008,0,0,,,1317,,,,,,
AFG,2011,0,62,,21,,,,,,,
AFG,2018,0,101,,,,,,,,12,
AFG,2019,0,171,,,,,,,,40,
AFG,2021,0,376,,,,,,,,20,
AFG,2022,0,252,1191,,,,,,,19,
AFG,2023,0,71,1486,,166,,,,,,
AFG,1956,,51,100,,,,,,,,
AFG,1963,,107,,,,,,,,,
AFG,1976,,51,50,,,,,,,,
AFG,1978,,120,,,,,,,,,
AFG,1980,,0,,,,,,,,,
AFG,1988,,0,,,,,,,,,
AFG,1991,,1193,154,,80,,,,,,
AFG,1992,,600,14,,,,,,,,
AFG,1995,,27,,,,,,,,354,
AFG,1996,,70,0,,,,,,,,
AFG,1997,,70,5,,,,,,,100,
AFG,1998,,30,7023,,,,,,,70,
AFG,1999,,0,70,,,,0,,,,
AFG,2003,,136,1,,,,,,,,
AFG,2004,,16,2,,,,,,,,
AFG,2005,,283,6,260,21,,,,,,
AFG,2007,,296,,,,,,,,,
AFG,2009,,69,22,,,,,,,10,
AFG,2010,,135,11,,,,,,,204,
AFG,2012,,149,75,,45,,,,,111,
AFG,2013,,113,18,,,,,,,24,
AFG,2014,,512,,63,,,,,,,
AFG,2015,,7,115,,,,,,,324,
AFG,2016,,84,,,,,,,,,
AFG,2017,,36,,67,,,,,,123,
AFG,2020,,293,,13,,,,,,22,
AFG,2024,,611,,,1197,,,,,37,
AFG,2025,,39,2205,,,,,,,,
AFG,1954,,,2000,,,,,,,,
AFG,1982,,,500,,,,,,,,
AFG,1983,,,12,,,,,,,,
AFG,1984,,,1,,,,,,,,
AFG,1994,,,160,,,,,,,,
AFG,1993,,,,10,,,,,,215,
AFG,1990,,,,,144,,,,,,
AFG,1987,,,,,,,,,,70,
,1900,11000,,,,,,,,,,
,1903,0,,,,,17,,,,,
,1906,0,,,,,,,,,,
,1907,0,,,,,,,,,,
,1910,16990,,12,,,,,,,,
,1911,16990,,,,,,,,,,
,1912,16990,,,,,,,,,,
,1913,16990,,,,,,,,,,
,1914,17040,,,,,,,,,,
,1920,24000,,,,,,,,,,
,1940,4006,,,,,,,,,,
,1941,3995,,,,,,,,,,
,1942,3995,,,,,,,,,,
,1943,3995,,,,,,,,,,
,1944,4009,,,,,,,,,,
,1946,30000,,276,,,,,,,,
,1964,50,125,4,,,,,,,,
,1965,2000,75,2,,,,,,,,
,1966,0,57,128,0,,,,,,,
,1967,0,20,10,0,,,,,,154,
,1968,0,41,,29,,,,,,154,
,1969,0,616,46,81,,,,,,,
,1970,0,11,,70,,,,,,,
,1971,0,500,,,,,,,,,
,1972,0,0,,93,,,,,,,
,1973,1669,132,,,,,0,,,,
,1974,20427,62,,,,,,,,,
,1975,28756,26,,28,,,,,,,
,1976,28782,0,,16,,,,,,,
,1977,19655,411,,26,,212,,,,,
,1978,19711,120,,174,,,2,,,,
,1979,0,66,,8,,,,,,,
,1980,0,,2633,25,,,,,,10,
,1981,20109,177,,107,,,,,,,
,1982,20708,229,,95,,,,,46,1,
,1983,182505,0,443,86,,,,,,,
,1984,254837,54,,383,,37,0,,,,
,1985,75341,104,30,2,,,4,,,,
,1986,0,23,,99,,1746,,,,,
,1987,1017,524,1,65,,,,,,,
,1988,31,450,0,161,,,,,31,0,
,1989,279,89,31,57,,,,,,0,
,1990,42,315,10,2,0,,,,,,
,1991,42,522,,40,,0,5,,13,,
,1992,43,21,561,,18,,,,,,
,1993,0,111,3,24,,,,,34,15,
,1994,0,1085,178,490,,,22,,,22,
,1995,0,1200,10,0,32,0,0,,,,
,1996,0,374,,37,52,,,,,34,
,1997,0,3022,15,192,,,0,,,20,
,1998,12,272,,18,,,75,,,87,
,1999,21,395,22,327,,0,4,,,,
,2000,86,1168,1,188,3,,0,,,49,
,2001,149,1579,0,18,,,31,,,36,
,2002,617,466,47,88,60,200,4,,,16,
,2003,9,420,2275,152,40,,,,,20,
,2004,80,267,943,412,,,0,,,,
,2005,114,383,10,108,,1,,,,,
,2006,35,1480,8,8,,0,,,,24,
,2007,0,919,,109,22,5,36,,,20,
,2008,1,521,47,129,,,83,,98,10,
,2009,3,642,4,48,,,0,,,27,
,2010,10000,674,,183,,,8,,,490,
,2011,10000,672,,137,,,,,,,
,2012,0,848,,160,0,,,,,18,
,2013,0,735,,216,,,1,,,,
,2014,0,501,7,67,,0,,,,11,
,2015,0,950,3,192,126,0,3,,,27,
,2016,0,851,21,97,11,,,,,65,
,2017,0,324,,400,0,,9,,,1282,
,2018,0,735,,152,0,,,,,130,
,2019,0,946,,1306,8,,50,,,411,
,2020,0,1311,0,33,,,,,,22,
,2021,0,369,,66,,32,90,,,,
,2022,2465,2113,,384,,,44,,,38,
,2023,0,4059,2946,14688,,,34,,,188,
,2024,0,2873,,277,21,,0,,16,565,
,2025,27,880,3,54,,,0,,,12,
,1927,,3000,,,,,,,,,
,1951,,131,,500,,,,,,,
,1952,,25,,35,,,,,,,
,1954,,30,1250,,,,,,,,
,1959,,51,,,,,,,,,
,1961,,200,30,,,,,,,,
,1962,,40,,,,,,,,,
,1963,,169,300,,,,,,,,
,1909,,,100,,,,,,,,
,1926,,,12,,,,,,,,
,1939,,,22,,,,,,,,
,1955,,,20,,,,,,,,
,1957,,,13,,,,,,,,
,1960,,,13157,42,,,,,,,
,1948,,,,165,,,,,,,
,1956,,,,107,,,,,,,
ALB,1989,0,,,,,,,,,,
ALB,1990,0,,,,,,,,,,
ALB,1991,0,,,,,,,,,,
ALB,1946,,15,,,,,,,,,
ALB,1981,,9,,,,,,,,,
ALB,1992,,11,,,,,,,,,
ALB,1995,,4,,,,,,,,,
ALB,1997,,0,,,,,,,,,
ALB,2002,,1,,6,,,,,,,
ALB,2004,,0,,,3,,,,,,
ALB,2005,,3,,2,,,,,,,
ALB,2009,,0,0,,,,,,,,
ALB,2010,,0,,,,,,,,,
ALB,2013,,0,,,,,,,,,
ALB,2015,,1,,,,,,,,,
ALB,2016,,2,,,,,,,,,
ALB,2017,,1,,,6,,,,,,
ALB,2018,,0,,,,,,,,,
ALB,2021,,0,,,,,,,,,
ALB,1905,,,120,,,,,,,,
ALB,1920,,,200,,,,,,,,
ALB,1930,,,60,,,,,,,,
ALB,1931,,,90,,,,,,,,
ALB,1942,,,43,,,,,,,,
ALB,1962,,,15,,,,,,,,
ALB,1967,,,11,,,,,,,,
ALB,1979,,,35,,,,,,,,
ALB,1982,,,1,,,,,,,,
ALB,1988,,,0,,,,,,,,
ALB,1998,,,0,,,,,,,,
ALB,2019,,,51,,,,,,,,
ALB,1985,,,,,68,,,,,57,
ALB,2007,,,,,0,,0,,,,
ALB,2012,,,,,5,,,,,,
ALB,2022,,,,,352,,,,,,
ALB,2023,,,,,363,,,,,,
DZA,1927,,3000,,,,,,,,,
DZA,1952,,25,,,,,,,,,
DZA,1963,,0,,,,,,,,,
DZA,1966,,57,,,,,,,,,
DZA,1967,,20,10,,,,,,,,
DZA,1969,,76,,,,,,,,,
DZA,1973,,21,,,,,,,,,
DZA,1974,,11,,,,,,,,,
DZA,1979,,0,,,,,,,,,
DZA,1981,,43,,,,,,,,,
DZA,1982,,37,,,,,,,,,
DZA,1984,,54,,,,,,,,,
DZA,1985,,26,30,,,,,,,,
DZA,1992,,21,0,,,,,,,,
DZA,1993,,22,,,,,,,,15,
DZA,1994,,40,171,,,,22,,,,
DZA,1996,,4,,,,,,,,,
DZA,1997,,4,,,,,,,,,
DZA,1999,,12,22,,,,,,,,
DZA,2000,,28,,,,,,,,,
DZA,2001,,921,,,,,,,,,
DZA,2002,,42,,,,,,,,,
DZA,2003,,41,2275,13,40,,,,,,
DZA,2004,,22,0,,,,,,,,
DZA,2005,,12,,10,,,,,,,
DZA,2006,,1,4,,,,,,,,
DZA,2007,,82,,,,,8,,,,
DZA,2008,,93,,,,,,,,,
DZA,2009,,48,,,,,,,,,
DZA,2011,,10,,,,,,,,,
DZA,2012,,69,,,,,,,,,
DZA,2015,,12,,,,,,,,,
DZA,2018,,6,,,,,,,,,
DZA,2021,,13,,,,,90,,,,
DZA,2023,,8,,,,,34,,,,
DZA,2024,,5,,,,,,,,,
DZA,2025,,6,,,,,,,,,
DZA,1910,,,12,,,,,,,,
DZA,1946,,,276,,,,,,,,
DZA,1954,,,1250,,,,,,,,
DZA,1960,,,57,,,,,,,,
DZA,1965,,,2,,,,,,,,
DZA,1980,,,2633,,,,,,,,
DZA,1987,,,1,,,,,,,,
DZA,1988,,,0,0,,,,,,,
DZA,1989,,,22,,,,,,,,
DZA,2014,,,6,,,,,,,,
DZA,2020,,,0,,,,,,,,
DZA,2017,,,,,0,,,,,,
DZA,2019,,,,,8,,,,,,
DZA,2022,,,,,,,44,,,,
ASM,2003,,6,,,,,,,,,
ASM,2009,,,34,,,,,,,,
ASM,1966,,,,90,,,,,,,
ASM,1989,,,,0,,,,,,,
ASM,2004,,,,0,,,,,,,
ASM,2005,,,,0,,,,,,,
AGO,1981,0,,,,,,,,,,
AGO,1985,0,,,,,,,,,,
AGO,1989,0,0,,,,,,,,,
AGO,1990,0,,,,,,,,,,
AGO,1991,0,,,,,,,,,,
AGO,1992,0,,,,,,,,,,
AGO,1997,0,,,,,,,,,,
AGO,1998,0,,,,,,,,,,
AGO,2001,58,48,,,,,,,,,
AGO,2004,0,28,,,,,,,,,
AGO,2005,0,0,,,,,,,,,
AGO,2012,0,0,,,,,,,,,
AGO,2013,0,9,,,,,,,,,
AGO,2017,0,11,,,,,,,,,
AGO,2020,0,35,,,,,,,,,
AGO,2021,0,22,,,,,,,,,
AGO,2022,0,,,,,,,,,,
AGO,2024,0,,,,,,,,,,
AGO,2000,,46,,,,,,,,13,
AGO,2003,,15,,,,,,,,,
AGO,2006,,0,,,,,,,,,
AGO,2007,,105,,,,,,,,,
AGO,2008,,7,,,,,,,,,
AGO,2009,,62,,,,,,,,,
AGO,2010,,25,,,,,,,,,
AGO,2011,,130,,,,,,,,,
AGO,2015,,75,,,,,,,,,
AGO,2016,,113,,,,,,,,,
AGO,2018,,8,,,,,,,,,
AGO,2019,,69,,,,,,,,,
AGO,2023,,84,,,,,,,,,
AIA,1919,0,,,,,,,,,,
AIA,1920,0,,,,,,,,,,
AIA,1921,0,,,,,,,,,,
AIA,1922,0,,,,,,,,,,
AIA,1923,0,,,,,,,,,,
AIA,1955,,,,0,,,,,,,
AIA,1960,,,,5,,,,,,,
AIA,1979,,,,0,,,,,,,
AIA,1999,,,,0,,,,,,,
AIA,2017,,,,4,,,,,,,
ATG,1983,0,,,,,,,,,,
ATG,1950,,,,2,,,,,,,
ATG,1960,,,,2,,,,,,,
ATG,1966,,,,0,,,,,,,
ATG,1989,,,,2,,,,,,,
ATG,1990,,,,0,,,,,,,
ATG,1995,,,,2,,,,,,,
ATG,1998,,,,2,,,,,,,
ATG,1999,,,,2,,,,,,,
ATG,2008,,,,0,,,,,,,
ATG,2010,,,,0,,,,,,,
ATG,2017,,,,1,,,,,,,
ARG,2003,0,27,,12,,,,,,,
ARG,2009,0,9,,10,,,,,,4,
ARG,2018,0,0,,2,,,,,,,
ARG,2019,2,6,,,,,,,,,
ARG,2020,2,3,,0,,,,,,,
ARG,2021,4,0,0,,,,15,,,,
ARG,1958,,360,,,,,,,,,
ARG,1966,,62,,,,,,,,,
ARG,1967,,56,,,,,,,,,
ARG,1970,,36,,,,,,,,,
ARG,1977,,0,70,,,,,,,,
ARG,1978,,0,,5,,,,,,,
ARG,1979,,0,,,,,,,,,
ARG,1980,,41,,,,,,,,,
ARG,1982,,0,,,,,,,,,
ARG,1983,,0,,,,,,,,,
ARG,1985,,37,6,,,,,,,,
ARG,1986,,3,,1,,,,,,,
ARG,1987,,0,,1,,,0,,,,
ARG,1988,,25,,,,,,,,,
ARG,1990,,21,,,,,,,,,
ARG,1992,,45,,,,,,,,,
ARG,1993,,0,,15,,,,,,,
ARG,1995,,0,,6,0,,,,,,
ARG,1997,,0,,,,,,,,,
ARG,1998,,19,,0,,,,,,,
ARG,2000,,13,,1,15,,8,,,,
ARG,2001,,1,,20,14,,0,,,,
ARG,2002,,4,0,3,0,,,,,,
ARG,2004,,5,,,5,,,,,,
ARG,2006,,0,,,,,,,,,
ARG,2007,,10,,,9,,,,,,
ARG,2008,,0,,,,0,,,,,
ARG,2012,,6,,19,,,,,,,
ARG,2013,,52,,4,,,,,,,
ARG,2014,,3,,,,,,,,24,
ARG,2015,,8,,8,,0,,,,,
ARG,2016,,3,,,,,,,,,
ARG,2017,,1,,,,,,,,0,
ARG,2023,,0,,13,,,0,,,,
ARG,2024,,0,,1,,,,,,,
ARG,2025,,125,,9,,,1,,,,
ARG,1920,,,400,,,,,,,,
ARG,1944,,,10000,,,,,,,,
ARG,1973,,,,60,,,,,,,
ARG,1974,,,,100,,,,,,,
ARG,1975,,,,20,,,,,,,
ARG,2005,,,,11,,,,,,,
ARG,1972,,,,,100,,,,,,
ARG,2010,,,,,42,,,,,,
ARG,1991,,,,,,0,,,,,
ARG,2011,,,,,,0,,,,,
ARG,1994,,,,,,,24,,,,
ARG,1999,,,,,,,0,,,,
ARG,2022,,,,,,,0,,,,
ARG,1965,,,,,,,,,,45,
ARG,1984,,,,,,,,,,30,
ARM,2000,0,,,,,,,,,,
ARM,1997,,4,0,,,,,,,,
ARM,1998,,0,,,,,,,,,
ARM,2004,,1,,,,,,,,,
ARM,2024,,4,,,,,,,,,
ARM,1931,,,2890,,,,,,,,
ARM,2013,,,,0,0,,,,,,
ARM,2018,,,,0,,,,,,,
ARM,2019,,,,0,,,,,,,
ARM,2020,,,,0,,,,,,,
ARM,2023,,,,0,,,,,,,
ARM,2025,,,,4,,,,,,,
ARM,2014,,,,,0,,,,,,
ARM,2016,,,,,,,,,,0,
,1900,1250000,,140,,,30,,,,,
,1920,500000,,180000,,,,,,,,
,1928,3000000,36,178,,,,,,,,
,1942,1500000,,3153,101000,,,,,,,
,1943,1900000,990,6753,5000,,,,,,,
,1947,0,2000,400,4430,,,,,,,
,1960,0,968257,650,9071,,,,,,40,
,1964,0,788,155,10100,,,,,,108,
,1965,500000,513,91,59265,100,355,,,,,
,1966,508000,1140,2525,1295,,1088,,,,64,
,1967,500000,1055,596,1835,,,,,,,
,1968,0,7169,11280,1408,,3,0,,,1022,
,1969,0,490,3167,2101,,0,0,,,,
,1970,0,1875,11302,304265,,,,,,84,
,1971,0,1337,936,10598,,,,,,100,
,1972,0,2196,5168,1005,,,,,,285,
,1973,0,964,14,4098,261,,0,,,,
,1974,0,29087,24730,3318,,,,,,44,
,1976,0,738,253038,936,,40,,,,242,
,1977,0,1835,1332,15146,,3,,,,27,
,1978,63,5639,25098,3265,150,0,,,,86,
,1979,0,453,1245,908,470,257,0,,,295,
,1980,0,10101,165,1064,129,0,,,50,290,
,1981,0,4606,3912,3528,300,192,8,,,240,
,1982,280,2457,2140,1681,400,30,0,,,394,
,1983,0,1450,1549,3052,,0,0,,297,391,
,1984,230,2548,53,3437,290,0,0,,,161,
,1985,0,3216,107,16687,328,0,13,,300,60,
,1986,84,1334,35,1685,2,0,0,,,200,
,1987,300,5468,131,2489,140,0,191,,131,135,
,1988,1400,7006,2033,2524,450,7,,,50,849,
,1989,0,4272,263,3964,297,0,,,45,217,
,1990,0,1685,42593,4148,583,33,0,,73,51,
,1991,2000,5114,2021,146055,707,683,57,,,258,
,1992,0,4990,3280,1174,368,0,56,,323,633,
,1993,0,4901,10013,2454,,83,,,72,762,
,1994,0,5117,717,2383,294,96,0,,,267,
,1995,0,6415,5561,3162,678,0,29,,,1305,
,1996,0,7537,528,4006,232,,25,,,774,
,1997,672,4036,2941,4791,173,1,240,,,421,
,1998,8,9664,7283,5016,2761,0,5,,,600,
,1999,5,3438,20456,11402,151,,61,,,236,
,2000,51,4218,205,929,370,0,2,,11,769,
,2001,59,3004,20031,1625,538,0,,,,636,
,2002,49,3010,1554,832,2357,0,0,,,697,
,2003,36,2847,27300,612,2137,,0,,,432,
,2005,0,4557,76213,1310,598,0,0,,,585,
,2006,134,4012,6684,4200,286,0,0,,11,1574,
,2007,0,7001,119,4925,356,6,1,,,235,
,2008,0,2758,87842,139788,1568,0,2,,,418,
,2009,0,2536,1365,2825,227,0,,,,420,
,2010,0,6170,3588,850,882,323,66,,,2570,
,2011,0,3837,20748,2132,354,3,,,,243,
,2012,0,2274,640,2584,189,,,,16,401,
,2013,0,8580,1109,7984,1198,0,,,46,185,
,2014,0,2580,740,1147,409,102,,,,808,
,2015,11,2080,9529,688,3516,,19,,13,530,
,2016,0,3283,313,777,421,,18,,,282,
,2017,0,2650,511,1552,264,0,,,,648,
,2018,0,2007,4861,1324,427,453,17,,17,82,
,2019,77,3695,205,649,335,,31,,,250,
,2020,0,4772,171,906,3,1,22,,,381,
,2021,0,3197,163,1265,,71,9,250,,181,
,2022,0,4947,1732,736,111,0,4,,,159,
,2023,0,2702,60504,432,380,23,15,178,,227,
,2024,0,2592,583,1670,4065,10,4,0,,904,
,2025,0,1924,6202,449,0,0,34,38,,240,
,1910,,1379,60,,,,,,,,
,1911,,100000,1162,1000,,1335,,,,,
,1915,,0,170,,,,,,,,
,1917,,0,16854,4000,,,,,,,
,1926,,0,,2700,,144,,,,,
,1931,,3700000,12890,0,,1300,,,,,
,1933,,18000,13200,,,,,,,,
,1935,,142000,67412,60100,,,,,,,
,1938,,933,149,305,,,,,,,
,1939,,500000,33062,0,,,,,,,
,1948,,662,6313,2668,,,,,,500,
,1949,,57000,341,2617,,,,,,,
,1950,,3724,1556,599,,84,,,,,
,1951,,5331,139,2259,,1800,,,,,
,1953,,4993,2218,1574,669,,,,,,
,1954,,34406,2013,4071,,37,,,,30,
,1955,,440,451,2534,,,,,,478,
,1956,,3609,699,5541,,,,,,170,
,1957,,2282,6797,644,,,,,,,
,1958,,5,199,2481,651,,,,,52,
,1959,,483950,16,8951,,,,,,48,
,1961,,562719,70,11675,400,,,,,,
,1962,,534,12000,1256,,,,,,,
,1963,,362,15,22525,,1690,,,150,116,
,1975,,20644,4432,822,14,,,,,155,
,2004,,3092,226336,2996,448,2,0,,44,361,
,1901,,,18,,,,,,,,
,1902,,,2500,600,,125,,,,,
,1903,,,6630,,,,,,,,
,1904,,,148,0,,,,,,,
,1905,,,20052,240,,,,,,,
,1906,,,1553,10000,,,,,,,
,1907,,,12000,,,,,,,,
,1909,,,5302,172,,,,,,,
,1912,,,923,51000,,,,,,,
,1913,,,1080,,,,,,,,
,1914,,,4114,,,140,,,,,
,1916,,,181,300,,,,,,,
,1918,,,10100,,,,,,,,
,1922,,,32,100000,,,,,,,
,1923,,,150647,3112,,,,,,200,
,1924,,,997,2242,,,,,,,
,1925,,,6127,80,,,,,,,
,1927,,,44252,5685,,,,,,,
,1929,,,3253,,,,,,,,
,1930,,,2451,,,1369,,,,,
,1932,,,1076,147,,,,,,,
,1934,,,120,3091,,,,,,500,
,1936,,,193,2854,,,,,,,
,1937,,,391,11231,,,,,,,
,1940,,,234,73,,,,,,,
,1941,,,2856,5000,,,,,,,
,1944,,,5250,304,,,,,,,
,1945,,,6943,4197,,0,,,,,
,1946,,,2910,260,,,,,,,
,1952,,,304,1940,,29,,,,,
,1919,,,,0,,5000,,,,,
AUS,1967,199,,,,,,62,,,,
AUS,1968,199,,0,,,,12,,,,
AUS,1969,202,,,,,,,,,,
AUS,1974,0,20,,76,,,,,,,
AUS,1975,0,,,,,,,,,,
AUS,1976,0,0,,0,,,,,,,
AUS,1978,0,7,,5,,,,,,,
AUS,1981,0,2,,,,,,,,,
AUS,1982,0,,,1,,,,,,,
AUS,1991,0,5,,0,,,,,,,
AUS,1992,0,,,2,,,,,,,
AUS,1993,0,1,,0,17,,,,,,
AUS,1994,0,,0,27,5,,4,,,,
AUS,1995,0,,,8,1,,,,,,
AUS,2002,0,,,0,,,2,,,,
AUS,2006,0,0,,0,,,4,,,,
AUS,2018,0,0,,,0,,,,,,
AUS,1955,,25,,,,,,,,,
AUS,1971,,27,,3,,,,,,,
AUS,1973,,6,,,,,,,,,
AUS,1984,,36,,,,,,,,,
AUS,1986,,8,,7,,,,,,,
AUS,1988,,16,,1,,,,,,,
AUS,1989,,9,12,12,,,,,,,
AUS,1990,,7,,0,,,0,,,,
AUS,1996,,5,,7,,,,,,9,
AUS,1997,,0,,,,,2,,,19,
AUS,1998,,20,,,,,,,,,
AUS,2000,,0,,1,,,0,,,,
AUS,2001,,4,,2,,,0,,,,
AUS,2003,,1,,1,,,4,,,,
AUS,2004,,3,,3,,,,,,,
AUS,2005,,3,,1,,,12,,,,
AUS,2007,,9,,2,,,,,,,
AUS,2008,,7,,1,,,,,,,
AUS,2009,,7,,1,347,,180,,,,
AUS,2010,,5,,1,,,,,,,
AUS,2011,,30,,1,,,0,,,,
AUS,2012,,4,,,,,,,,,
AUS,2015,,6,,8,,,2,,,,
AUS,2016,,1,,5,,,2,,,,
AUS,2019,,3,,,0,,21,,,,
AUS,2020,,1,,0,,,11,,,,
AUS,2021,,6,,1,,,0,,,,
AUS,2022,,31,,,,,,,,,
AUS,2023,,0,,10,,,,,,,
AUS,2024,,1,,1,,,,,,,
AUS,2025,,1,,5,,,0,,,,
AUS,1970,,,,13,,,,,,,
AUS,1979,,,,15,,,,,,,
AUS,1985,,,,27,,,11,,,,
AUS,1999,,,,7,,,1,,,,
AUS,2013,,,,6,,,3,,,,
AUS,2014,,,,0,139,,2,,,,
AUS,2017,,,,12,,,0,,,,
AUS,1939,,,,,,,71,,,,
AUS,1944,,,,,,,49,,,,
AUS,1977,,,,,,,3,,,,
AUS,1983,,,,,,,75,,,,
AUT,1980,,0,,,,,,,,,
AUT,1983,,0,,,,,,,,,
AUT,1985,,12,,,,,,,,,
AUT,1991,,5,,0,,,,,,,
AUT,1996,,0,,,,,,,,,
AUT,1997,,3,,,,,,,,,
AUT,1999,,3,,,,,,,,50,
AUT,2002,,9,,3,,,,,,,
AUT,2005,,4,,,0,,,,,,
AUT,2006,,0,,,0,,,,,,
AUT,2007,,0,,0,5,,,,,,
AUT,2009,,1,,0,2,,,,,,
AUT,2013,,4,,,,,,,,,
AUT,2016,,0,,,,,,,,,
AUT,2021,,1,,,,,,,,,
AUT,1998,,,0,,,,,,,,
AUT,1976,,,,0,,,,,,,
AUT,1981,,,,0,,,,,,,
AUT,1984,,,,12,,,,,,30,
AUT,1990,,,,3,,,,,,,
AUT,1993,,,,0,,,,,,,
AUT,1994,,,,0,,,,,,,
AUT,2000,,,,0,,,,,,13,
AUT,2008,,,,4,,,,,,,
AUT,2017,,,,5,,,,,,,
AUT,2019,,,,11,1,,,,,,
AUT,2022,,,,5,419,,,,,,
AUT,2024,,,,5,1055,,,,,,
AUT,2003,,,,,345,,,,,,
AUT,2012,,,,,5,,,,,,
AUT,2023,,,,,486,,,,,8,
AUT,1952,,,,,,,,,,28,
AUT,1954,,,,,,,,,,210,
AUT,1975,,,,,,,,,,15,
AUT,1982,,,,,,,,,,12,
AZE,2000,0,,31,,,,,,,11,
AZE,1995,,5,,,,,,,,,
AZE,1997,,11,,,,,,,,,
AZE,2003,,0,,,,,,,,,
AZE,2009,,0,,,,,,,,,
AZE,2010,,3,,,,,,,,,
AZE,1998,,,1,,,,,,,,
AZE,1999,,,1,,,,,,,,
AZE,2012,,,0,,5,,,,,,
BHS,1988,,0,,,,,,,,,
BHS,2013,,0,,,,,,,,,
BHS,1926,,,,263,,,,,,,
BHS,1929,,,,48,,,,,,,
BHS,1935,,,,14,,,,,,,
BHS,1945,,,,22,,,,,,,
BHS,1956,,,,1,,,,,,,
BHS,1963,,,,0,,,,,,,
BHS,1965,,,,0,,,,,,,
BHS,1966,,,,5,,,,,,,
BHS,1990,,,,0,,,,,,,
BHS,1992,,,,4,,,,,,,
BHS,1995,,,,0,,,,,,,
BHS,1999,,,,1,,,,,,,
BHS,2001,,,,0,,,,,,,
BHS,2004,,,,12,,,,,,,
BHS,2005,,,,1,,,,,,,
BHS,2007,,,,1,,,,,,,
BHS,2008,,,,0,,,,,,,
BHS,2011,,,,0,,,,,,,
BHS,2012,,,,1,,,,,,,
BHS,2015,,,,33,,,,,,,
BHS,2016,,,,0,,,,,,,
BHS,2017,,,,0,,,,,,,
BHS,2019,,,,356,,,,,,,
BGD,1943,1900000,,,,,,,,,,
BGD,1947,0,,,500,,,,,,,
BGD,1974,0,28700,,2800,,,,,,,
BGD,1983,0,245,,685,,,,,,,
BGD,1989,0,180,1,815,170,,,,,,
BGD,2009,0,16,,197,47,,,,,,
BGD,1960,,10000,,8149,,,,,,,
BGD,1963,,30,,22079,,,,,,,
BGD,1964,,0,,300,,,,,,,
BGD,1966,,39,,850,,,,,,,
BGD,1968,,221,,118,,,,,,,
BGD,1970,,0,,300317,,,,,,,
BGD,1972,,50,,200,,,,,,,
BGD,1973,,427,,1900,,,,,,,
BGD,1976,,168,,47,,,,,,,
BGD,1977,,13,,634,,,,,,,
BGD,1978,,17,,1030,,,,,,,
BGD,1980,,655,,11,,,,,,,
BGD,1982,,0,,,,,,,,,
BGD,1984,,1200,,,,,,,,,
BGD,1985,,34,,15121,,,,,,,
BGD,1986,,30,,184,,,,,,,
BGD,1987,,2280,,12,,,,,,,
BGD,1988,,2440,2,1064,,,,,,,
BGD,1990,,231,,693,117,,,,,,
BGD,1991,,265,,138987,104,,,,,,
BGD,1992,,17,,23,78,,,,,,
BGD,1993,,194,,452,,,,,,,
BGD,1994,,116,,205,29,,,,,,
BGD,1995,,741,,753,120,,,,,,
BGD,1996,,55,,626,200,,,,,,
BGD,1997,,79,23,425,33,,,,,,
BGD,1998,,1050,,321,120,,,,,,
BGD,1999,,196,6,128,,,,,,,
BGD,2000,,43,0,99,49,,,,,,
BGD,2001,,9,,238,6,,,,,,
BGD,2002,,10,,122,247,,,,,,
BGD,2003,,252,2,51,569,,,,,,
BGD,2004,,761,2,239,99,,,,,,
BGD,2005,,55,,177,50,,,,,,
BGD,2006,,0,,154,50,,,,,,
BGD,2007,,1230,,4275,130,,,,,,
BGD,2008,,28,,27,,,,,,13,
BGD,2010,,15,,26,88,,,,,66,
BGD,2011,,10,,13,62,,,,,17,
BGD,2012,,139,,133,24,,,,,,
BGD,2014,,59,,20,,,,,,,
BGD,2015,,31,4,117,,,,,,7,
BGD,2016,,106,5,87,,,,,,,
BGD,2017,,144,,19,,,,,,160,
BGD,2018,,35,,33,34,,,,,,
BGD,2019,,114,,94,50,,,,,2,
BGD,2020,,257,,26,,,,,,,
BGD,2021,,21,,3,,,,,,,
BGD,2022,,141,,35,,,,,,,
BGD,2023,,4,,16,,,,,,,
BGD,2024,,96,,18,10,,,,,,
BGD,2025,,5,,13,,,,,,,
BGD,1904,,,,0,,,,,,,
BGD,1909,,,,172,,,,,,,
BGD,1911,,,,0,,,,,,,
BGD,1919,,,,0,,,,,,,
BGD,1922,,,,0,,,,,,,
BGD,1923,,,,6,,,,,,,
BGD,1926,,,,0,,,,,,,
BGD,1937,,,,0,,,,,,,
BGD,1941,,,,5000,,,,,,,
BGD,1942,,,,61000,,,,,,,
BGD,1951,,,,200,,,,,,,
BGD,1958,,,,500,,,,,,,
BGD,1961,,,,11266,,,,,,,
BGD,1965,,,,48921,,,,,,,
BGD,1967,,,,91,,,,,,,
BGD,1969,,,,849,,,,,,,
BGD,1971,,,,163,,,,,,,
BGD,1979,,,,53,,,,,,,
BGD,1981,,,,1085,,,,,,,
BGD,2013,,,,50,48,,,,,,
BRB,2010,0,,,0,,,,,,,
BRB,1970,,3,,,,,,,,,
BRB,1984,,0,,,,,,,,,
BRB,2007,,,0,,,,,,,,
BRB,1955,,,,57,,,,,,,
BRB,1980,,,,0,,,,,,,
BRB,1987,,,,0,,,,,,,
BRB,1995,,,,0,,,,,,,
BRB,2002,,,,0,,,,,,,
BRB,2004,,,,1,,,,,,,
BRB,2017,,,,1,,,,,,,
BRB,2021,,,,0,,,,,,,
BRB,2023,,,,0,,,,,,,
BRB,2024,,,,0,,,,,,,
BLR,1993,,0,,,,,,,,,
BLR,1996,,0,,,,,,,,,
BLR,1999,,2,,,,,,,,,
BLR,2018,,0,,,,,,,,,
BLR,2023,,0,,,,,,,,,
BLR,1997,,,,5,,,,,,,
BLR,2007,,,,0,,,,,,,
BLR,2000,,,,,0,,,,,,
BLR,2006,,,,,5,,,,,,
BLR,2012,,,,,0,,,,,,
BLR,2013,,,,,4,,,,,,
BLR,2014,,,,,2,,,,,,
BLR,2017,,,,,43,,,,,,
BEL,1976,0,,,0,,,,,,,
BEL,1926,,0,,,,,,,,,
BEL,1928,,0,,,,,,,,,
BEL,1953,,11,,,,,,,,,
BEL,1956,,4,,,,,,,,,
BEL,1971,,0,,,,,,,,,
BEL,1993,,0,,,,,,,,,
BEL,1994,,1,,,,,,,,,
BEL,1998,,1,,0,,,,,,,
BEL,2002,,0,,5,,,,,,,
BEL,2003,,0,,,1175,,,,,,
BEL,2005,,0,,,2,,,,,,
BEL,2010,,4,,1,,,,,,,
BEL,2016,,3,,1,,,,,,,
BEL,2021,,39,,0,,,,,,,
BEL,2023,,0,,2,324,,,,,,
BEL,1983,,,2,,,,,,,,
BEL,1992,,,0,,,,,,,,
BEL,1930,,,,60,,,,,,,
BEL,1967,,,,0,,,,,,,
BEL,1972,,,,0,,,,,,,
BEL,1984,,,,0,,,,,,,
BEL,1985,,,,0,0,,,,,,
BEL,1990,,,,16,,,,,,,
BEL,1995,,,,6,,,,,,,
BEL,1999,,,,2,,,,,,,
BEL,2007,,,,2,,,,,,,
BEL,2008,,,,0,,,,,,,
BEL,2011,,,,5,,,,,,,
BEL,2013,,,,0,,,,,,,
BEL,2014,,,,0,,,,,,,
BEL,2018,,,,1,0,,,,,,
BEL,2020,,,,0,1687,,,,,,
BEL,2022,,,,2,434,,,,,,
BEL,1963,,,,,12,,,,,,
BEL,2006,,,,,940,,,,,,
BEL,2009,,,,,1,,,,,,
BEL,2012,,,,,3,,,,,,
BEL,2015,,,,,410,,,,,,
BEL,2019,,,,,716,,,,,,
BEL,2024,,,,,249,,,,,,
BLZ,1979,,0,,,,,,,,,
BLZ,1990,,0,,,0,,,,,,
BLZ,1995,,0,,,,,,,,,
BLZ,2008,,1,,7,,,,,,,
BLZ,2015,,0,,,,,,,,,
BLZ,1931,,,,1500,,,,,,,
BLZ,1955,,,,16,,,,,,,
BLZ,1961,,,,275,,,,,,,
BLZ,1974,,,,0,,,,,,,
BLZ,1978,,,,5,,,,,,,
BLZ,1998,,,,9,,,,,,,
BLZ,2000,,,,14,,,,,,,
BLZ,2001,,,,30,,,,,,,
BLZ,2005,,,,3,,,,,,,
BLZ,2007,,,,0,,,,,,,
BLZ,2010,,,,0,,,,,,,
BLZ,2016,,,,0,,,,,,,
BLZ,2020,,,,0,,,,,,,
BLZ,2022,,,,0,,,,,,,
BLZ,2024,,,,0,,,0,,,,
BEN,1972,0,,,,,,,,,,
BEN,1973,0,,,,,,,,,,
BEN,1974,0,,,,,,,,,,
BEN,1975,0,,,,,,,,,,
BEN,1983,0,,,,,,,,,,
BEN,1984,0,,,,,,0,,,,
BEN,1985,0,61,,,,,,,,,
BEN,1970,,0,,,,,,,,,
BEN,1982,,0,,,,,,,,,
BEN,1988,,0,,,,,,,,,
BEN,1991,,3,,,,,,,,,
BEN,1994,,0,,,,,,,,,
BEN,1995,,20,,,,,,,,,
BEN,1996,,11,,,,,,,,,
BEN,1997,,0,,,,,,,,,
BEN,1998,,0,,,,,,,,,
BEN,1999,,3,,,,,,,,,
BEN,2007,,10,,,,,,,,,
BEN,2008,,15,,,,,,,,,
BEN,2009,,10,,0,,,,,,,
BEN,2010,,46,,,,,,,,,
BEN,2011,,0,,,,,,,,,
BEN,2012,,4,,,,,,,,,
BEN,2013,,0,,,,,1,,,,
BEN,2020,,6,,,,,,,,,
BEN,2021,,13,,,,,,,,,
BEN,2022,,44,,,,,,,,,
BEN,2024,,0,,,,,,,,,
BEN,1978,,,,,,,2,,,,
BMU,1948,,,,0,,,,,,,
BMU,1985,,,,0,,,,,,,
BMU,1986,,,,0,,,,,,,
BMU,1987,,,,0,,,,,,,
BMU,1989,,,,0,,,,,,,
BMU,2003,,,,4,,,,,,,
BTN,1994,,22,,17,,,,,,,
BTN,2000,,200,,,,,,,,,
BTN,2004,,0,,,,,,,,,
BTN,2021,,10,0,,,,,,,,
BTN,2009,,,11,12,,,,,,,
BTN,2011,,,1,,,,,,,,
BTN,1999,,,,,,,0,,,,
BOL,1977,0,10,,,,,,,,,
BOL,1983,0,250,,,,,,,,,
BOL,1988,0,,,,,,,,,,
BOL,1990,0,,,,,,,,,,
BOL,1994,0,,5,,,,,,,0,
BOL,2000,0,30,,,6,,,,,,
BOL,2004,0,48,,,,,,,,,
BOL,2005,0,,,,,,0,,,,
BOL,2008,0,57,,0,,,,,,,
BOL,2009,0,0,,,,,,,,,
BOL,2010,0,26,,,4,,0,,,,
BOL,2013,0,70,,,18,,,,,19,
BOL,2014,0,52,,,,,,,,74,
BOL,2016,0,4,,,,,,,,,
BOL,2023,5,22,,,,,12,,,,
BOL,2024,5,4,,,,,2,,,,
BOL,1965,,40,,,,,,,,,
BOL,1966,,14,,,,,,,,,
BOL,1968,,24,,,,,,,,,
BOL,1974,,31,,,,,,,,,
BOL,1978,,40,,,,,,,,,
BOL,1980,,0,,,,,,,,,
BOL,1982,,0,,,,,,,,,
BOL,1984,,0,,,,,,,,,
BOL,1985,,0,,,,,,,,,
BOL,1986,,29,,,,,,,,,
BOL,1987,,25,,,,,,,,,
BOL,1992,,4,,,,,,,,49,
BOL,1997,,56,,,,,,,,,
BOL,1999,,0,,,,,3,,,,
BOL,2001,,41,,,,,,,,,
BOL,2002,,76,,20,,,,,,,
BOL,2003,,26,,,,,,,,69,
BOL,2006,,25,,,,,,,,,
BOL,2007,,58,,,0,,,,,,
BOL,2011,,52,,,,,,,,0,
BOL,2012,,13,,,,,,,,,
BOL,2015,,40,,,,,,,,,
BOL,2018,,6,,,,,,,,,
BOL,2019,,60,,,,0,0,,,23,
BOL,2020,,26,,,,,5,,,,
BOL,2021,,46,,,,,,,,,
BOL,2022,,64,,,,,,,,,
BOL,2025,,63,,23,,,0,,,,
BOL,1998,,,95,,,,,,,60,
BOL,1996,,,,,,,,,,40,
BIH,2000,0,,,,,,,,,6,
BIH,2003,0,,,,,,,,,,
BIH,2001,,0,,,,,,,,,
BIH,2004,,0,,,,,,,,,
BIH,2005,,0,,4,,,,,,,
BIH,2009,,0,,,1,,,,,,
BIH,2010,,3,,,,,,,,,
BIH,2014,,26,,,,,,,,,
BIH,2015,,0,,,,,,,,,
BIH,2019,,1,,,,,,,,,
BIH,2020,,0,,,,,,,,,
BIH,2021,,0,,,,,,,,,
BIH,2022,,1,1,,,,,,,,
BIH,2023,,0,,1,,,,,,,
BIH,2024,,27,,,909,,,,,,
BIH,2025,,0,,,,,,,,,
BIH,1999,,,,0,,,,,,,
BIH,2007,,,,,0,,,,,,
BIH,2012,,,,,4,,,,,,
BWA,1965,0,,,,,,,,,,
BWA,1968,0,,,,,,,,,,
BWA,1970,0,,,,,,,,,,
BWA,1982,0,,,,,,,,,,
BWA,1983,0,,,,,,,,,,
BWA,1984,0,,,,,,,,,,
BWA,1985,0,,,,,,,,,,
BWA,1986,0,,,,,,,,,,
BWA,1987,0,,,,,,,,,,
BWA,1992,0,,,,,,,,,,
BWA,2015,0,,,,,,,,,,
BWA,2019,0,,,,,,,,,,
BWA,2023,0,,,,,,,,,,
BWA,2024,0,,,0,,,,,,,
BWA,1972,,0,,,,,,,,,
BWA,1988,,8,,,,,,,,,
BWA,1995,,20,,,,,,,,,
BWA,2000,,3,,,,,,,,,
BWA,2004,,0,,,,,,,,,
BWA,2009,,0,,0,,,,,,,
BWA,2011,,0,,,,,,,,,
BWA,2013,,12,,,,,,,,,
BWA,2017,,0,,,,,,,,,
BWA,2018,,0,,,,,,,,,
BWA,2025,,9,,,,,,,,,
BRA,1970,0,172,,,,,,,,,
BRA,1977,0,62,,10,,,,,,,
BRA,1978,0,26,,,,,,,,,
BRA,1979,0,300,,,,,,,,,
BRA,1983,20,143,,,,,,,,13,
BRA,1985,0,101,,22,,,,,,,
BRA,1987,0,107,,,,,,,,,
BRA,1988,0,655,,,77,,,,,,
BRA,1998,0,13,,,,,1,,,,
BRA,1999,0,7,,,,,0,,,25,
BRA,2001,0,85,,13,,,,,,,
BRA,2002,0,17,,,,,,,,87,
BRA,2004,0,135,,4,0,,,,,,
BRA,2005,0,47,,2,,,,,,,
BRA,2007,0,69,1,,,,,,,0,
BRA,2010,0,351,,,32,,,,,72,
BRA,2012,0,20,,,,,,,,,
BRA,2013,0,105,,2,,,,,,,
BRA,2014,0,55,,,,,,,,,
BRA,2015,0,11,,2,,,,,,15,
BRA,2016,0,33,,,,,,,,,
BRA,2020,0,151,,12,,,,,,,
BRA,2021,0,49,,,,,,,,,
BRA,2022,0,541,,,,,,,,,
BRA,2023,0,124,,47,,,,,,,
BRA,2024,0,271,,4,,,,,,,
BRA,1948,,200,,,,,,,,,
BRA,1957,,112,,,,,,,,,
BRA,1959,,100,,59,,,,,,,
BRA,1964,,100,,,,,,,,,
BRA,1965,,22,,,,,,,,,
BRA,1966,,560,,36,,,,,,350,
BRA,1967,,820,,,,,,,,436,
BRA,1969,,316,,,,,,,,,
BRA,1971,,239,,,,,,,,,
BRA,1973,,20,,,,,,,,,
BRA,1974,,205,,,,,,,,121,
BRA,1975,,118,,,126,,,,,,
BRA,1980,,67,,15,,,,,,,
BRA,1981,,97,,,,,,,,,
BRA,1984,,263,,10,,,,,,,
BRA,1986,,28,1,,,,,,,,
BRA,1989,,137,,36,,,,,,130,
BRA,1990,,24,,,,,,,,,
BRA,1991,,20,,,,,,,,24,
BRA,1992,,107,,,,,,,,30,
BRA,1995,,110,,,,,,,,128,
BRA,1996,,15,,,,,,,,171,
BRA,1997,,90,,3,,,,,,,
BRA,2000,,48,,,,,,,,60,
BRA,2003,,155,,,,,,,,,
BRA,2006,,20,,,,,,,,,
BRA,2008,,200,,3,,,,,,,
BRA,2009,,90,,4,,,,,,2,
BRA,2011,,973,,,,,,,,,
BRA,2017,,14,,,,,,,,,
BRA,2018,,7,,,,,,,,15,
BRA,2019,,47,,,,,0,,,,
BRA,2025,,0,,9,,,,,,27,
BRA,1949,,,,100,,,,,,,
BRA,1982,,,,33,,,,,,,
BRA,1994,,,,0,0,,,,,,
BRA,1968,,,,,113,,,,,,
BRA,1956,,,,,,,,,,66,
VGB,1996,,,,0,,,,,,,
VGB,2017,,,,9,,,,,,,
BRN,1998,,,,,,,0,,,,
BGR,2000,0,,,,7,,7,,,,
BGR,2001,0,,,2,,,0,,,,
BGR,1997,,0,,,,,,,,,
BGR,1998,,1,,,3,,,,,,
BGR,2002,,1,,,,,,,,,
BGR,2005,,39,,0,,,,,,,
BGR,2006,,0,0,,18,,,,,,
BGR,2007,,12,,,2,,3,,,,
BGR,2010,,0,,,3,,,,,,
BGR,2012,,5,0,,33,,,,,,
BGR,2014,,20,,1,,,,,,,
BGR,2015,,5,,,,,,,,,
BGR,2017,,4,,,,,,,,,
BGR,2018,,0,,,,,,,,,
BGR,2021,,0,,,,,0,,,,
BGR,2022,,0,,,1277,,,,,,
BGR,2023,,4,,4,1670,,,,,,
BGR,2025,,4,,,,,,,,,
BGR,1928,,,107,,,,,,,,
BGR,1977,,,20,,,,,,,,
BGR,1986,,,3,,,,,,,,
BGR,1990,,,1,,,,,,,,
BGR,1981,,,,0,,,,,,,
BGR,1993,,,,0,,,,,,,
BGR,1999,,,,0,,,,,,,
BGR,2008,,,,,10,,,,,,
BGR,2024,,,,,3414,,,,,,
BGR,1965,,,,,,,,,,11,
BFA,1910,0,,,,,,,,,,
BFA,1911,0,,,,,,,,,,
BFA,1912,0,,,,,,,,,,
BFA,1913,0,,,,,,,,,,
BFA,1914,0,,,,,,,,,,
BFA,1940,0,,,,,,,,,,
BFA,1941,0,,,,,,,,,,
BFA,1942,0,,,,,,,,,,
BFA,1943,0,,,,,,,,,,
BFA,1944,0,,,,,,,,,,
BFA,1966,0,,,,,,,,,,
BFA,1969,0,,,,,,,,,,
BFA,1970,0,,,,,,,,,,
BFA,1971,0,,,,,,,,,,
BFA,1972,0,,,,,,,,,,
BFA,1973,0,,,,,,,,,,
BFA,1974,0,,,,,,,,,,
BFA,1975,0,,,,,,,,,,
BFA,1977,0,0,,,,,,,,,
BFA,1978,0,,,,,,,,,,
BFA,1980,0,,,,,,,,,,
BFA,1981,0,,,,,,,,,,
BFA,1982,0,,,,,,,,,,
BFA,1983,0,,,,,,,,,,
BFA,1984,0,0,,,,,,,,,
BFA,1985,0,0,,,,,,,,,
BFA,1988,0,16,,,,,,,,,
BFA,1990,0,,,,,,,,,,
BFA,1995,0,,,,,,,,,,
BFA,1996,0,,,,,,,,,,
BFA,1998,0,,,,,,,,,,
BFA,2001,0,,,,,,,,,,
BFA,2011,0,,,,,,,,,,
BFA,2012,0,18,,,,,,,,,
BFA,2014,0,,,,,,,,,,
BFA,2020,0,13,,,,,,,,,
BFA,2022,0,,,,,,,,,,
BFA,1994,,22,,,,,,,,,
BFA,1999,,6,,,,,,,,,
BFA,2003,,0,,,,,,,,,
BFA,2006,,0,,,,,,,,,
BFA,2007,,52,,,,,,,,,
BFA,2008,,6,,,,,,,,,
BFA,2009,,9,,,,,,,,,
BFA,2010,,16,,,,,,,,,
BFA,2013,,2,,,,,,,,,
BFA,2015,,8,,,,,,,,,
BFA,2016,,15,,,,,,,,,
BFA,2017,,2,,,,,,,,,
BFA,2024,,0,,,,,,,,,
BDI,1999,0,,,0,,,,,,,
BDI,2000,2,0,,,,,,,,,
BDI,2001,4,,,,,,,,,,
BDI,2003,0,,,,,,,,,,
BDI,2004,0,0,3,0,,,,,,,
BDI,2005,110,0,,,,,,,,,
BDI,2006,10,22,,0,,,,,,,
BDI,2008,0,9,,,,,,,,,
BDI,2009,0,0,,,,,,,,,
BDI,2010,0,0,,9,,,,,,,
BDI,2011,0,0,,12,,,,,,,
BDI,1989,,12,,,,,,,,,
BDI,2002,,0,,,,,,,,,
BDI,2007,,5,,,,,,,,,
BDI,2014,,96,,,,,,,,,
BDI,2015,,34,,,,,,,,20,
BDI,2016,,18,,,,,,,,,
BDI,2018,,0,,,,,,,,,
BDI,2019,,24,,,,,,,,37,
BDI,2020,,3,,2,,,,,,,
BDI,2021,,0,,,,,,,,,
BDI,2023,,21,,,,,,,,,
BDI,2024,,29,,0,,,,,,,
BDI,2017,,,,,,,,,,6,
KHM,1987,0,,,,,,,,,,
KHM,1994,0,506,,,,,,,,,
KHM,1995,0,,,,,,,,,,
KHM,1996,0,59,,,,,,,,,
KHM,2001,0,56,,,,,,,,,
KHM,2002,0,29,,,,,,,,,
KHM,2005,0,16,,,,,,,,,
KHM,2016,0,,,,,,,,,,
KHM,1991,,100,,,,,,,,,
KHM,1999,,7,,,,,,,,,
KHM,2000,,347,,,,,,,,,
KHM,2004,,0,,,,,,,,,
KHM,2006,,5,,,,,,,,,
KHM,2007,,2,,,,,,,,,
KHM,2010,,8,,,,,,,,,
KHM,2011,,247,,,,,,,,,
KHM,2012,,14,,,,,,,,,
KHM,2013,,200,,,,,,,,,
KHM,2014,,45,,,,,,,,,
KHM,2015,,0,,0,,,,,,,
KHM,2018,,0,,,,,,,,,
KHM,2019,,12,,,,,,,,,
KHM,2021,,0,,1,,,,,,,
KHM,2022,,15,,16,,,,,,,
KHM,1997,,,,25,,,,,,,
KHM,2009,,,,19,,,,,,,
KHM,2020,,,,44,,,,,,,
KHM,2023,,,,0,,,,,,,
KHM,2024,,,,,0,,,,,,
CMR,1971,0,,,,,,,,,,
CMR,1990,0,,,,,,,,,,
CMR,1991,0,2,,,,,,,,,
CMR,2001,0,30,,,,,,,,,
CMR,2012,0,25,,,,,,,,,
CMR,2022,0,2,,,,,,,,19,
CMR,1988,,2,,,,,,,,,
CMR,1994,,6,,,,,,,,,
CMR,1999,,24,,,,0,,,,,
CMR,2000,,3,,,,,,,,,
CMR,2005,,2,,,,,,,,,
CMR,2007,,8,,,,,,,,,
CMR,2008,,9,,,,,,,,,
CMR,2010,,13,,,,,,,,,
CMR,2013,,0,,,,,,,,,
CMR,2014,,0,,,,,,,,,
CMR,2015,,4,,,,,,,,,
CMR,2017,,3,,,,,,,,,
CMR,2020,,0,,,,,,,,,
CMR,2023,,2,,,,,,,,27,
CMR,2024,,38,,,,,,,,12,
CMR,1984,,,,,,37,,,,,
CMR,1986,,,,,,1746,,,,,
CMR,2003,,,,,,,,,,20,
CMR,2019,,,,,,,,,,54,
CAN,1931,0,,,,,,,,,,
CAN,1932,0,,,,,,,,,,
CAN,1933,0,,,,,,,,,,
CAN,1934,0,,,,,,,,,,
CAN,1935,0,,,,,,,,,,
CAN,1936,0,,,,500,,,,,,
CAN,1937,0,,,,,,,,,,
CAN,1938,0,,,,,,,,,,
CAN,1939,0,,,,,,,,,,
CAN,1940,0,,,,,,,,,,
CAN,1961,0,,,,,,,,,,
CAN,1977,0,,,0,,,,,,,
CAN,1978,0,,,,,,,,,,
CAN,1979,0,0,,,,,,,,,
CAN,1980,0,,,,,,0,,,,
CAN,1984,0,,,,,,,,,,
CAN,1985,0,,,12,,,0,,,,
CAN,1988,0,2,,,,,,,,,
CAN,1950,,1,,0,,,,,,,
CAN,1974,,0,,,,,,,,,
CAN,1983,,0,,,,,,,,,
CAN,1986,,0,,0,,,0,,,,
CAN,1987,,1,,26,,,,,,,
CAN,1990,,8,,,,,,,,,
CAN,1993,,0,,,0,,,,,,
CAN,1995,,0,,2,,,0,,,,
CAN,1996,,10,,0,,,,,,,
CAN,1997,,4,,1,,,0,,,,
CAN,1998,,3,,28,,,0,,,,
CAN,2002,,0,,,,,0,,,,
CAN,2003,,4,,2,,,1,,,,
CAN,2004,,0,,0,,,,,,,
CAN,2005,,4,,0,,,0,,,,
CAN,2006,,1,,,,,,,,,
CAN,2007,,0,,6,,,,,,,
CAN,2008,,0,,,,,,,,,
CAN,2009,,0,,2,,,,,,,
CAN,2011,,5,,1,,,1,,,,
CAN,2012,,0,,0,,,,,,,
CAN,2013,,4,,0,10,,,,,,
CAN,2014,,0,,,0,,,,,,
CAN,2016,,0,,,,,0,,,,
CAN,2017,,2,,,,,0,,,,
CAN,2018,,0,,0,70,,0,,,,
CAN,2019,,1,,1,,,,,,,
CAN,2020,,1,,0,,,,,,,
CAN,2021,,4,,1,815,,2,,,,
CAN,2022,,0,,17,,,,,,,
CAN,2023,,6,,,2,,2,,,,
CAN,1928,,,27,,,,,,,,
CAN,1912,,,,28,,,,,,,
CAN,1946,,,,17,,,,,,,
CAN,1954,,,,85,,,,,,,
CAN,1955,,,,3,,,,,3,,
CAN,1959,,,,41,,,,,,,
CAN,1962,,,,33,,,,,,,
CAN,1966,,,,0,,,,,,,
CAN,1970,,,,10,,,,,,,
CAN,1971,,,,0,,,,,,31,
CAN,1975,,,,14,,,,,,,
CAN,1981,,,,0,,,,,,,
CAN,1989,,,,0,,,1,,,,
CAN,1991,,,,0,,,,,,,
CAN,1994,,,,0,,,0,,,,
CAN,1999,,,,7,,,0,,,,
CAN,2000,,,,11,,,,,,,
CAN,2001,,,,11,,,0,,,,
CAN,2024,,,,2,,,1,,,,
CAN,1982,,,,,0,,,,,,
CAN,1992,,,,,0,,0,,,,
CAN,1911,,,,,,,73,,,,
CAN,1922,,,,,,,43,,,,
CAN,2015,,,,,,,0,,,,
CAN,1903,,,,,,,,,76,,
CAN,1905,,,,,,,,,18,,
CAN,1908,,,,,,,,,33,,
CAN,1910,,,,,,,,,,62,
CAN,1915,,,,,,,,,,56,
CAN,1965,,,,,,,,,,26,
CPV,1900,11000,,,,,,,,,,
CPV,1910,0,,,,,,,,,,
CPV,1911,0,,,,,,,,,,
CPV,1912,0,,,,,,,,,,
CPV,1913,0,,,,,,,,,,
CPV,1914,0,,,,,,,,,,
CPV,1920,24000,,,,,,,,,,
CPV,1940,4006,,,,,,,,,,
CPV,1941,3995,,,,,,,,,,
CPV,1942,3995,,,,,,,,,,
CPV,1943,3995,,,,,,,,,,
CPV,1944,4009,,,,,,,,,,
CPV,1946,30000,,,,,,,,,,
CPV,1972,0,,,,,,,,,,
CPV,1973,0,,,,,,,,,,
CPV,1974,0,,,,,,,,,,
CPV,1975,0,,,,,,,,,,
CPV,1982,0,,,3,,,,,,,
CPV,1983,0,,,,,,,,,,
CPV,1984,0,,,29,,,,,,,
CPV,1985,0,,,,,,,,,,
CPV,1992,0,,,,,,,,,,
CPV,1998,0,,,,,,,,,,
CPV,2002,0,,,,,,,,,,
CPV,2017,0,,,,,,,,,,
CPV,2022,0,,,,,,,,,,
CPV,2009,,3,,,,,,,,,
CPV,2020,,1,,,,,,,,,
CPV,2025,,17,,,,,,,,,
CPV,2015,,,,9,,0,,,,,
CPV,1995,,,,,,0,,,,,
CPV,2014,,,,,,0,,,,,
CYM,1903,,,,0,,,,,,,
CYM,1932,,,,110,,,,,,,
CYM,2001,,,,0,,,,,,,
CYM,2002,,,,0,,,,,,,
CYM,2004,,,,2,,,,,,,
CYM,2008,,,,0,,,,,,,
CAF,1983,0,,,,,,,,,,
CAF,1984,0,,,,,,,,,,
CAF,2022,0,16,,,,,0,,,,
CAF,1973,,0,,,,,,,,,
CAF,1995,,0,,,,,0,,,,
CAF,1996,,7,,,,,,,,,
CAF,1998,,0,,,,,,,,,
CAF,1999,,0,,,,,,,,,
CAF,2003,,0,,,,,,,,,
CAF,2004,,3,,,,,,,,,
CAF,2005,,1,,,,,,,,,
CAF,2007,,1,,,,,,,,,
CAF,2008,,0,,,,,,,,,
CAF,2009,,1,,3,,,,,,,
CAF,2010,,3,,,,,,,,,
CAF,2011,,0,,1,,,,,,,
CAF,2013,,0,,0,,,,,,,
CAF,2017,,0,,0,,,,,,,
CAF,2019,,0,,,,,,,,,
CAF,2021,,0,,,,,,,,,
CAF,2024,,0,,,,,,,,,
CAF,2025,,0,,,,,,,,,
CAF,1981,,,,0,,,,,,,
CAF,2001,,,,3,,,,,,,
CAF,2012,,,,0,,,,,,,
CAF,2015,,,,1,,,,,,,
CAF,2023,,,,0,,,,,,,
CAF,2002,,,,,,,1,,,,
TCD,1910,0,,,,,,,,,,
TCD,1911,0,,,,,,,,,,
TCD,1912,0,,,,,,,,,,
TCD,1913,0,,,,,,,,,,
TCD,1914,0,,,,,,,,,,
TCD,1940,0,,,,,,,,,,
TCD,1941,0,,,,,,,,,,
TCD,1942,0,,,,,,,,,,
TCD,1943,0,,,,,,,,,,
TCD,1944,0,,,,,,,,,,
TCD,1966,0,,,,,,,,,,
TCD,1969,0,,,,,,,,,,
TCD,1970,0,,,,,,,,,,
TCD,1971,0,,,,,,,,,,
TCD,1972,0,,,,,,,,,,
TCD,1973,0,,,,,,,,,,
TCD,1974,0,,,,,,,,,,
TCD,1975,0,,,,,,,,,,
TCD,1976,0,,,,,,,,,,
TCD,1977,0,,,13,,,,,,,
TCD,1978,0,,,,,,,,,,
TCD,1981,120,,,,,,,,,,
TCD,1982,719,,,,,,,,,,
TCD,1983,719,,,,,,,,,,
TCD,1984,719,,,,,,,,,,
TCD,1985,723,0,,,,,,,,,
TCD,1993,0,,,,,,,,,,
TCD,1997,0,,,,,,,,,,
TCD,2001,0,100,,,,,,,,,
TCD,2009,0,6,,,,,,,,,
TCD,2010,0,24,,,,,,,,,
TCD,2012,0,20,,,,,,,,,
TCD,2013,0,,,,,,,,,,
TCD,2017,0,,,,,,,,,,
TCD,2022,0,22,,,,,,,,,
TCD,1988,,43,,11,,,,,,,
TCD,1991,,39,,,,,,,,,
TCD,1995,,2,,,,,,,,,
TCD,1998,,0,,,,,,,,,
TCD,1999,,0,,,,,,,,,
TCD,2006,,52,,,,,,,,,
TCD,2007,,15,,14,,,,,,,
TCD,2008,,0,,,,,,,,,
TCD,2019,,0,,,,,,,,52,
TCD,2020,,3,,,,,,,,,
TCD,2021,,32,,,,,,,,,
TCD,2024,,577,,,,,,,,,
CHL,1968,0,,,0,,,,,,,
CHL,1969,0,,,,,,,,,,
CHL,1970,0,,,,,,,,,,
CHL,1971,0,,85,0,,,,,,,
CHL,1972,0,,,,,,,,,,
CHL,1991,0,,,,,0,,,,141,
CHL,1965,,600,400,58,,,,,,26,
CHL,1974,,32,,,,,,,,,
CHL,1978,,4,,,,,,,,,
CHL,1982,,0,,,,,,,,,
CHL,1986,,23,,16,,,,,,,
CHL,1987,,127,5,,,,,,,32,
CHL,1989,,21,,,,,,,,,
CHL,1990,,0,,,,,,,,,
CHL,1993,,109,,,,6,0,,,,
CHL,1995,,28,3,,2,,,,,,
CHL,1997,,22,8,4,,,10,,,,
CHL,2000,,16,,,0,,,,,,
CHL,2001,,0,,2,,,,,,,
CHL,2002,,19,,,0,,0,,,,
CHL,2004,,3,,,0,,,,,,
CHL,2005,,5,11,45,,,,,,,
CHL,2006,,18,,,,,,,,,
CHL,2008,,9,,,,0,,,,,
CHL,2012,,0,1,,,,8,,,,
CHL,2014,,0,6,,,,12,,,,
CHL,2015,,178,19,6,,0,1,,,,
CHL,2016,,12,,,,,,,,,
CHL,2017,,9,,,,,11,,,22,
CHL,2019,,6,2,,,,0,,,,
CHL,2021,,0,,0,,,,,,,
CHL,2023,,7,,,,,26,,,,
CHL,2024,,1,,1,,,135,,,,
CHL,1906,,,20000,,,,,,,,
CHL,1922,,,1000,,,,,,,,
CHL,1928,,,220,,,,,,,,
CHL,1939,,,30000,,,,,,,,
CHL,1943,,,12,,,,,,,,
CHL,1946,,,2,,,,,,,,
CHL,1949,,,41,,,,,,,,
CHL,1953,,,15,,,,,,,,
CHL,1958,,,0,,,,,,,,
CHL,1960,,,6000,,,,,,,,
CHL,1966,,,4,,,,,,,,
CHL,1983,,,4,,,,,,,,
CHL,1985,,,180,,,,,,,,
CHL,2007,,,12,,6,,,,,,
CHL,2010,,,562,,0,,,,,,
CHL,1977,,,,15,,,,,,,
CHL,1984,,,,127,,,,,,,
CHL,1992,,,,0,,,0,,,,
CHL,2025,,,,0,,,0,,,,
CHL,2011,,,,,0,0,0,,,,
CHL,2013,,,,,0,,,,,,
CHL,1948,,,,,,100,,,,,
CHL,1964,,,,,,4,,,,,
CHL,1988,,,,,,0,,,,,
CHL,1999,,,,,,,0,,,,
CHL,2003,,,,,,,0,,,,
CHL,2022,,,,,,,3,,,,
CHL,1979,,,,,,,,,,30,
CHN,1920,500000,,180000,,,,,,,,
CHN,1928,3000000,,,,,,,,,,
CHN,1965,0,,,,,,,,,,
CHN,1978,0,,,,,,,,,,
CHN,1979,0,,42,,,,,,,,
CHN,1980,0,6303,,188,,,,,,,
CHN,1981,0,2315,150,0,,,0,,,,
CHN,1982,0,447,10,,,,,,,94,
CHN,1983,0,100,34,510,,,,,277,,
CHN,1985,0,1216,89,296,,,,,,60,
CHN,1986,0,313,0,368,2,,,,,,
CHN,1988,1400,1243,939,335,,,,,,52,
CHN,1991,2000,1861,1,255,,,,,,200,
CHN,1992,0,540,0,860,,,,,49,,
CHN,1994,0,1564,1,1486,104,,,,,48,
CHN,1995,0,1618,71,681,,,29,,,37,
CHN,1997,0,1090,32,282,40,,,,,189,
CHN,1999,0,1185,0,496,,,23,,,23,
CHN,2000,0,396,9,173,,,,,,85,
CHN,2001,0,402,8,344,,,,,,168,
CHN,2002,0,1246,2,108,7,,,,,63,
CHN,2003,0,662,317,61,,,0,,,52,
CHN,2005,0,578,16,426,0,,,,,,
CHN,2006,134,430,23,1500,,,,,11,11,
CHN,2008,0,352,87564,66,145,,,,,323,
CHN,2009,0,209,1,169,,,,,,203,
CHN,2010,0,1911,2969,139,,,22,,,2137,
CHN,2011,0,628,32,44,2,,,,,40,
CHN,2013,0,637,296,265,40,,,,46,111,
CHN,2014,0,473,738,329,,,,,,35,
CHN,2015,0,310,34,119,,,,,,38,
CHN,2016,0,816,3,340,5,,,,,123,
CHN,2017,0,231,37,91,,,,,,155,
CHN,2021,0,391,9,55,,,,,,,
CHN,2022,0,124,122,24,,,,,,13,
CHN,2023,0,138,151,62,,,,,,35,
CHN,2024,0,168,6,153,,,4,,,107,
CHN,1911,,100000,,,,,,,,,
CHN,1915,,0,170,,,,,,,,
CHN,1917,,0,1800,,,,,,,,
CHN,1931,,3700000,10000,,,,,,,,
CHN,1933,,18000,10200,,,,,,,,
CHN,1935,,142000,100,,,,,,,,
CHN,1939,,500000,,,,,,,,,
CHN,1948,,330,910,1800,,,,,,,
CHN,1949,,57000,21,,,,,,,,
CHN,1950,,500,,,,,,,,,
CHN,1951,,4800,0,,,,,,,,
CHN,1954,,32000,,,,,,,,,
CHN,1956,,2000,,4935,,,,,,,
CHN,1957,,560,,,,,,,,,
CHN,1959,,483126,,1784,,,,,,,
CHN,1960,,958005,,,,,,,,,
CHN,1961,,559056,,,,,,,,,
CHN,1969,,0,3000,,,,,,,,
CHN,1975,,20000,2000,,,,,,,,
CHN,1984,,31,,13,,,,,,100,
CHN,1987,,219,0,406,,,191,,,65,
CHN,1989,,2000,42,1115,,,,,,4,
CHN,1990,,495,127,629,,,,,73,,
CHN,1993,,1231,0,214,,,,,,120,
CHN,1996,,4091,353,637,,,,,,531,
CHN,1998,,4250,55,96,,,,,,100,
CHN,2004,,450,4,249,39,,,,44,21,
CHN,2007,,1010,3,95,,,,,,33,
CHN,2012,,622,86,75,0,,,,,19,
CHN,2018,,244,0,110,,,,,,,
CHN,2019,,355,16,81,,,30,,,89,
CHN,2020,,410,4,26,,,19,,,4,
CHN,2025,,157,126,12,,,,20,,60,
CHN,1902,,,2500,,,,,,,,
CHN,1905,,,0,,,,,,,,
CHN,1906,,,280,,,,,,,,
CHN,1907,,,12000,,,,,,,,
CHN,1909,,,21,,,,,,,,
CHN,1913,,,942,,,,,,,,
CHN,1918,,,10000,,,,,,,,
CHN,1923,,,5000,,,,,,,,
CHN,1924,,,100,,,,,,,,
CHN,1925,,,5012,,,,,,,,
CHN,1927,,,40912,5000,,,,,,,
CHN,1930,,,242,,,,,,,,
CHN,1936,,,145,,,,,,,,
CHN,1937,,,390,,,,,,,,
CHN,1940,,,181,,,,,,,,
CHN,1941,,,147,,,,,,,,
CHN,1942,,,120,,,,,,,,
CHN,1945,,,17,,,,,,,,
CHN,1952,,,54,,,,,,,,
CHN,1955,,,39,,,,,,,,
CHN,1967,,,0,,,,,,,,
CHN,1970,,,10000,107,,,,,,,
CHN,1973,,,0,,,,,,,,
CHN,1974,,,20000,,,,,,,,
CHN,1976,,,242000,,,,,,,,
CHN,1912,,,,50000,,,,,,,
CHN,1922,,,,100000,,,,,,,
CHN,1964,,,,686,,,,,,,
CHN,1934,,,,,,,,,,500,
COL,1998,0,,,,,,,,,104,
COL,2015,0,0,0,,,,11,,,93,
COL,2016,0,10,,,,,,,,,
COL,2024,0,,,1,,0,,,,34,
COL,1959,,184,,,,,,,,,
COL,1962,,135,47,,,,,,,,
COL,1969,,0,,,,,,,,,
COL,1970,,407,0,,,,,,,,
COL,1971,,51,,,,,,,,200,
COL,1973,,9,,,,,,,,216,
COL,1976,,47,,,,,,,,13,
COL,1979,,62,639,,,,,,,,
COL,1980,,40,,,,,,,,,
COL,1981,,150,10,,,,,,,65,
COL,1982,,90,,,,,,,,30,
COL,1984,,50,,,,,,,,,
COL,1986,,13,,4,,,,,,261,
COL,1987,,21,,,,,,,,653,
COL,1988,,120,,26,,0,,,,,
COL,1989,,16,,,,,,,,,
COL,1990,,10,,,,,,,,,
COL,1993,,63,2,,,10,,,,95,
COL,1994,,37,271,,,,,,,,
COL,1995,,69,55,,,,,,,17,
COL,1996,,12,,,,,,,,5,
COL,1997,,2,,,,,,,,,
COL,1999,,41,1186,2,,,,,,47,
COL,2000,,113,2,,,,,,,,
COL,2001,,0,,5,,,0,,,94,
COL,2002,,65,,,,,,,,70,
COL,2003,,80,,,,,,,,35,
COL,2004,,115,1,,,,,,,,
COL,2005,,180,,0,,0,,,,,
COL,2006,,150,,,,0,,,,,
COL,2007,,218,0,,,0,,,,,
COL,2008,,79,11,,,16,,,12,27,
COL,2009,,31,,,,,,,,30,
COL,2010,,335,,,,,31,,,175,
COL,2011,,356,,,,,,,,40,
COL,2012,,77,,,,,,,,,
COL,2013,,7,0,,,,,,,,
COL,2014,,77,,11,,,,,,,
COL,2017,,35,,0,,,,,,349,
COL,2018,,26,,,,,,,,,
COL,2019,,52,,,,,,,,32,
COL,2020,,25,,23,,,,,,18,
COL,2021,,22,,,,,,,,20,
COL,2022,,81,,0,,,,,,75,
COL,2023,,1,,,,,,,,29,
COL,1906,,,400,,,,,,,,
COL,1923,,,300,,,,,,,,
COL,1936,,,18,,,,,,,,
COL,1950,,,211,,,,,,,,
COL,1958,,,111,,,,,,,,
COL,1967,,,81,,,,,,,,
COL,1974,,,11,,,,,,,390,
COL,1983,,,250,1,,,,,160,,
COL,1991,,,2,,,,0,,,105,
COL,1992,,,11,,,,,,,,
COL,2025,,,0,2,,,,,,30,
COL,1968,,,,0,,,,,,,
COL,1949,,,,,,1000,,,,,
COL,1985,,,,,,21800,,,,,
COL,1926,,,,,,,,,,100,
COL,1954,,,,,,,,,,187,
COL,1965,,,,,,,,,,32,
COL,1972,,,,,,,,,,70,
COL,1977,,,,,,,,,,0,
COM,2009,,2,,,,,,,,,
COM,2012,,4,,,,,,,,,
COM,2014,,,0,0,,,,,,,
COM,1951,,,,500,,,,,,,
COM,1983,,,,33,,,,,,,
COM,1985,,,,2,,,,,,,
COM,1987,,,,24,,,,,,,
COM,1989,,,,0,,,,,,,
COM,2003,,,,0,,,,,,,
COM,2019,,,,8,,,,,,,
COM,2024,,,,0,,,,,,,
COM,1903,,,,,,17,,,,,
COM,1977,,,,,,1,,,,,
COM,1991,,,,,,0,,,,,
COM,2005,,,,,,1,,,,,
COM,2006,,,,,,0,,,,,
COG,1983,0,,,,,,,,,,
COG,1994,,0,,,,,,,,,
COG,1998,,0,,,,,,,,,
COG,1999,,2,,,,,,,,,
COG,2002,,0,,,,,,,,,
COG,2003,,0,,,,,,,,,
COG,2005,,1,,,,,,,,,
COG,2006,,6,,,,,,,,,
COG,2007,,0,,,,,,,,,
COG,2012,,19,,,,,,,,,
COG,2019,,0,,,,,,,,,
COG,2020,,20,,,,,,,,,
COG,2021,,24,,,,,,,,,
COG,2022,,0,,,,,,,,,
COG,2023,,14,,,,,,,,,
COG,2024,,9,,,,,,,,,
COG,1967,,,,,,,,,,154,
COK,1942,,,,0,,,,,,,
COK,1943,,,,0,,,,,,,
COK,1946,,,,0,,,,,,,
COK,1967,,,,0,,,,,,,
COK,1981,,,,0,,,,,,,
COK,1987,,,,5,,,,,,,
COK,1990,,,,1,,,,,,,
COK,1997,,,,19,,,,,,,
COK,2001,,,,0,,,,,,,
COK,2005,,,,0,,,,,,,
COK,2010,,,,0,,,,,,,
CRI,1973,0,,21,,,,,,,,
CRI,1994,0,2,,,,,,,,,
CRI,1998,0,,,8,,0,,,,,
CRI,2015,0,0,,,,0,,,,,
CRI,2019,0,,,,,,,,,,
CRI,1969,,7,,,,,,,,,
CRI,1970,,24,,,,,,,,,
CRI,1980,,1,,,,,,,,,
CRI,1988,,7,,28,,,,,,,
CRI,1991,,1,47,,,0,,,,,
CRI,1993,,9,3,,,,,,,,
CRI,1996,,6,,54,,,,,,,
CRI,1999,,9,,,,,,,,,
CRI,2001,,0,,,,,,,,,
CRI,2002,,10,,,,,,,,,
CRI,2003,,1,2,,,,,,,,
CRI,2004,,2,8,,,,,,,,
CRI,2005,,5,,1,,,,,,,
CRI,2007,,19,,,,,,,,,
CRI,2008,,7,,4,,,,,,,
CRI,2010,,27,,,,,,,,,
CRI,2011,,4,,,,,,,,,
CRI,2012,,6,2,,,,,,,,
CRI,2018,,1,,,,,,,,,
CRI,2021,,3,,,,,,,,,
CRI,2024,,8,,0,,,,,,,
CRI,1910,,,2450,,,,,,,,
CRI,1952,,,29,,,,,,,,
CRI,1955,,,10,,,,,,,,
CRI,1983,,,12,,,,,,,,
CRI,1990,,,1,,,,,,,,
CRI,2009,,,31,,,,,,,,
CRI,1995,,,,0,,,,,,,
CRI,2016,,,,9,,,,,,,
CRI,2017,,,,13,,,,,,,
CRI,2020,,,,0,,,,,,,
CRI,2022,,,,0,,,,,,,
CRI,1963,,,,,,15,,,,,
CRI,1968,,,,,,87,,,,,
CRI,1975,,,,,,2,,,,,
CRI,1976,,,,,,0,0,,,,
CRI,1992,,,,,,,0,,,,
CRI,2000,,,,,,,,,,7,
CIV,1983,0,,,,,,,,,,
CIV,1989,,0,,,,,,,,,
CIV,1996,,28,,,,,,,,,
CIV,2007,,0,,,,,,,,,
CIV,2008,,6,,,,,,,,,
CIV,2010,,18,,,,,,,,,
CIV,2014,,46,,,,,,,,,
CIV,2015,,16,,,,,,,,,
CIV,2016,,20,,,,,,,,,
CIV,2017,,15,,,,,,,,,
CIV,2018,,20,,,,,,,,,
CIV,2019,,12,,,,,,,,,
CIV,2020,,24,,,,,,,,,
CIV,2022,,13,,,,,,,,,
CIV,2024,,26,,,,,,,,,
CIV,2009,,,,,,,,,,27,
CIV,2025,,,,,,,,,,12,
HRV,2003,0,,,,788,,0,,,,
HRV,2001,,0,,,,,,,,,
HRV,2005,,0,,2,5,,,,,,
HRV,2006,,0,,,,,,,,,
HRV,2010,,0,,,,,,,,,
HRV,2012,,0,,,7,,,,,,
HRV,2014,,3,,,,,,,,,
HRV,2015,,0,,,,,,,,,
HRV,2018,,0,,,,,,,,,
HRV,2019,,1,,,,,,,,,
HRV,2022,,0,,,731,,,,,,
HRV,2023,,0,,1,561,,,,,,
HRV,2025,,0,,,,,,,,,
HRV,1996,,,0,,,,,,,,
HRV,2020,,,9,,,,,,,,
HRV,2017,,,,0,,,0,,,,
HRV,2000,,,,,40,,1,,,,
HRV,2024,,,,,1255,,,,,,
HRV,1997,,,,,,,0,,,,
HRV,2007,,,,,,,12,,,,
CUB,1998,0,,,6,,,,,,,
CUB,2000,0,2,,,,,,,,,
CUB,2001,0,,,5,,,,,,,
CUB,2004,0,,,4,,,,,,,
CUB,2015,0,3,,,,,,,,,
CUB,1977,,7,,,,,,,,,
CUB,1983,,15,,,,,,,,,
CUB,1985,,0,,4,,,,,,,
CUB,1986,,0,,,,,,,,,
CUB,1988,,23,,0,,,,,,,
CUB,1990,,4,,,,,,,,,
CUB,1992,,0,0,,,,,,,,
CUB,1993,,46,,5,,,,,,,
CUB,1994,,12,,2,,,,,,,
CUB,1995,,0,,2,,,,,,,
CUB,1996,,3,,0,,,,,,,
CUB,1997,,0,,,,,,,,,
CUB,2002,,0,,3,,,,,,,
CUB,2003,,0,,,,,,,,,
CUB,2006,,2,,0,,,,,,,
CUB,2007,,0,,1,,,,,,,
CUB,2008,,0,,7,,,,,,,
CUB,2012,,2,,12,,,,,,,
CUB,2013,,2,,,,,,,,,
CUB,2022,,3,,6,,,,,,,
CUB,2023,,6,,0,,,,,,,
CUB,1976,,,1,,,,,,,,
CUB,2024,,,0,10,,,,,,,
CUB,1909,,,,29,,,,,,,
CUB,1912,,,,5,,,,,,,
CUB,1926,,,,600,,,,,,,
CUB,1932,,,,2500,,,,,,,
CUB,1933,,,,22,,,,,,,
CUB,1935,,,,35,,,,,,,
CUB,1944,,,,0,,,,,,,
CUB,1948,,,,14,,,,,,,
CUB,1955,,,,4,,,,,,,
CUB,1963,,,,1750,,,,,,,
CUB,1964,,,,0,,,,,,,
CUB,1966,,,,5,,,,,,,
CUB,1968,,,,0,,,,,,,
CUB,1970,,,,20,,,,,,,
CUB,1978,,,,6,,,,,,,
CUB,1980,,,,3,,,,,,,
CUB,1982,,,,24,,,,,,,
CUB,1999,,,,4,,,0,,,,
CUB,2005,,,,20,,,,,,,
CUB,2016,,,,0,,,,,,,
CUB,2017,,,,10,,,,,,,
CUB,2018,,,,9,,,,,,,
CUB,2019,,,,6,,,,,,,
CUB,2020,,,,0,,,,,,,
CUB,2021,,,,0,,,,,,,
CUB,1987,,,,,,,0,,,,
CYP,2000,0,,,,5,,0,,,,
CYP,2024,,0,,,218,,,,,,
CYP,1953,,,40,,,,,,,,
CYP,1995,,,2,,,,,,,,
CYP,1969,,,,3,,,,,,,
CYP,1983,,,,0,,,,,,,
CYP,2003,,,,0,,,,,,,
CYP,2004,,,,0,,,,,,,
CYP,1998,,,,,52,,,,,,
CYP,2007,,,,,4,,,,,,
CYP,2022,,,,,101,,,,,,
CYP,2023,,,,,151,,,,,,
CYP,2021,,,,,,,4,,,,
CYP,2025,,,,,,,2,,,,
CZE,1996,,1,,,,,,,,,
CZE,1997,,49,,,,,,,,,
CZE,1998,,6,,,,,,,,,
CZE,2000,,3,,,,,,,,,
CZE,2002,,18,,2,,,,,,,
CZE,2005,,1,,0,2,,,,,,
CZE,2006,,6,,,13,,,,,,
CZE,2007,,0,,4,,,,,,,
CZE,2009,,17,,2,,,,,,,
CZE,2010,,13,,,12,,,,,,
CZE,2013,,15,,,,,,,,,
CZE,2020,,10,,1,,,,,,,
CZE,2021,,0,,6,,,,,,,
CZE,2023,,0,,,361,,,,,,
CZE,2008,,,,2,,,,,,,
CZE,2017,,,,0,,,,,,,
CZE,2022,,,,1,279,,,,,,
CZE,2024,,,,13,544,,,,,,
CZE,2003,,,,,418,,,,,,
CZE,2012,,,,,32,,,,,,
CZE,2018,,,,,3,,,,,,
OWID_CZS,1981,,4,,,0,,,,,,
OWID_CZS,1987,,0,,0,,,,,,,
OWID_CZS,1984,,,,0,,,,,,,
OWID_CZS,1985,,,,,0,,,,,10,
OWID_CZS,1974,,,,,,,,,,14,
COD,1978,0,,,,,,,,,,
COD,1979,0,,,,,,,,,,
COD,1984,0,,,,,,,,,,
COD,2022,0,223,,,,,,,,,
COD,1990,,23,,,,,,,,,
COD,1994,,39,,,,,,,,,
COD,1997,,0,,,,,,,,,
COD,1999,,2,,,,,,,,,
COD,2001,,50,,,,,,,,12,
COD,2002,,40,,,,200,,,,,
COD,2003,,1,,28,,,,,,,
COD,2006,,1,,3,,,,,,,
COD,2007,,32,,,,,,,,,
COD,2008,,15,11,10,,,,,,,
COD,2009,,0,,,,,0,,,,
COD,2010,,0,,,,,8,,,46,
COD,2011,,0,,,,,,,,,
COD,2012,,1,,,,,,,,,
COD,2014,,154,,,,,,,,11,
COD,2015,,49,3,,,,3,,,,
COD,2016,,50,,,,,,,,,
COD,2017,,105,,,,,,,,174,
COD,2018,,51,,,,,,,,,
COD,2019,,43,,,,,,,,37,
COD,2020,,83,,,,,,,,,
COD,2023,,2874,,,,,,,,72,
COD,2024,,311,,2,,,,,,86,
COD,2025,,351,,,,,,,,,
COD,1966,,,24,,,,,,,,
COD,1992,,,9,,,,,,,,
COD,2005,,,6,8,,,,,,,
COD,1977,,,,,,147,,,,,
COD,2021,,,,,,32,,,,,
COD,1968,,,,,,,,,,154,
COD,1989,,,,,,,,,,0,
DNK,1992,0,,,,,,,,,,
DNK,1976,,,,0,,,,,,,
DNK,1980,,,,0,,,,,,,
DNK,1981,,,,9,,,,,,,
DNK,1983,,,,2,,,,,,,
DNK,1985,,,,0,,,,,,,
DNK,1990,,,,3,,,,,,,
DNK,1999,,,,7,,,,,,,
DNK,2002,,,,1,,,,,,,
DNK,2005,,,,4,,,,,,,
DNK,2007,,,,0,,,,,,,
DNK,2010,,,,0,,,,,,,
DNK,2013,,,,2,,,,,,,
DNK,2022,,,,1,252,,,,,,
DNK,2023,,,,,189,,,,,,
DNK,2024,,,,,174,,,,,,
DJI,1980,0,,,,,,,,,,
DJI,1983,0,,,,,,,,,,
DJI,1984,0,,,,,,,,,,
DJI,1988,0,,,,,,,,,,
DJI,1996,0,,,,,,,,,,
DJI,2001,0,,,,,,,,,,
DJI,2005,0,,,,,,,,,,
DJI,2006,0,,,,,,,,,,
DJI,2007,0,,,,,,,,,,
DJI,2008,0,,,,,,,,,,
DJI,2009,0,,,,,,,,,,
DJI,2010,0,,,,,,,,,,
DJI,2011,0,,,,,,,,,,
DJI,2022,0,,,,,,,,,,
DJI,1977,,0,,,,,,,,,
DJI,1978,,0,,,,,,,,,
DJI,1981,,25,,,,,,,,,
DJI,1989,,10,,,,,,,,,
DJI,1993,,0,,,,,,,,,
DJI,1994,,145,,,,,,,,,
DJI,2004,,51,,,,,,,,,
DJI,2019,,11,,,,,,,,,
DJI,2020,,8,,,,,,,,,
DJI,1995,,,,0,,,,,,,
DJI,2018,,,,2,,,,,,,
DMA,2004,,,0,,,,,,,,
DMA,1956,,,,0,,,,,,,
DMA,1963,,,,0,,,,,,,
DMA,1970,,,,0,,,,,,,
DMA,1979,,,,40,,,,,,,
DMA,1980,,,,0,,,,,,,
DMA,1984,,,,2,,,,,,,
DMA,1989,,,,0,,,,,,,
DMA,1995,,,,2,,,,,,,
DMA,1999,,,,0,,,,,,,
DMA,2007,,,,2,,,,,,,
DMA,2011,,,,0,,,,,,,
DMA,2015,,,,30,,,,,,,
DMA,2017,,,,64,,,,,,,
DOM,1968,0,,,,,,,,,,
DOM,1979,,32,,1400,,,,,,,
DOM,1981,,20,,,,,,,,,
DOM,1985,,12,,,,,,,,,
DOM,1988,,0,,,,,,,,,
DOM,1991,,10,,,,,,,,,
DOM,1993,,30,,,,,,,,,
DOM,1996,,3,,24,,,,,,,
DOM,2002,,3,,,,,,,,,
DOM,2003,,10,3,8,,,,,,,
DOM,2004,,688,,15,,,,,,,
DOM,2005,,3,,9,,,0,,,,
DOM,2007,,12,,163,,,,,,,
DOM,2009,,7,,,,,,,,,
DOM,2010,,7,,0,,,,,,,
DOM,2011,,4,,7,,,,,,,
DOM,2012,,0,,8,,,,,,,
DOM,2013,,0,,,,,,,,,
DOM,2014,,1,,,,,,,,,
DOM,2015,,2,,0,,,,,,,
DOM,2016,,15,,6,,,,,,,
DOM,2018,,0,,0,,,,,,,
DOM,2022,,0,,2,,,,,,,
DOM,2023,,35,,3,,,,,,,
DOM,2024,,0,,2,,,,,,,
DOM,1946,,,73,,,,,,,,
DOM,1926,,,,162,,,,,,,
DOM,1930,,,,2000,,,,,,,
DOM,1963,,,,400,,,,,,,
DOM,1964,,,,7,,,,,,,
DOM,1966,,,,74,,,,,,,
DOM,1980,,,,7,,,,,,,
DOM,1986,,,,12,,,,,,,
DOM,1987,,,,3,,,,,,,
DOM,1989,,,,0,,,,,,,
DOM,1995,,,,11,,,,,,,
DOM,1998,,,,347,,,,,,,
DOM,2001,,,,3,,,,,,,
DOM,2008,,,,13,,,,,,,
DOM,2017,,,,5,,,,,,,
DOM,2020,,,,6,,,,,,,
DOM,2021,,,,2,,,,,,,
DOM,1965,,,,,,,0,,,,
DOM,1983,,,,,,,0,,,,
OWID_GDR,1984,,,,0,,,,,,,
OWID_GDR,1985,,,,0,,,,,,,
TLS,2007,0,1,,,,,,,,,
TLS,2016,0,,,,,,,,,,
TLS,2001,,1,,,,,,,,,
TLS,2003,,3,,,,,,,,,
TLS,2004,,0,,,,,,,,,
TLS,2020,,3,,,,,,,,,
TLS,2015,,,0,,,,,,,,
TLS,2006,,,,0,,,,,,,
TLS,2021,,,,41,,,,,,,
ECU,1964,0,,,,,,,,,,
ECU,1997,0,137,,,,,,,,,
ECU,2009,0,3,,,,,,,,,
ECU,2010,0,14,,,,0,,,,,
ECU,2013,0,0,,,,,,,,24,
ECU,1950,,50,,,,,,,,,
ECU,1953,,71,,,,,,,,,
ECU,1965,,0,,,,,,,,,
ECU,1967,,0,,,,,,,,,
ECU,1970,,20,29,,,,,,,,
ECU,1971,,0,,,,,,,,20,
ECU,1973,,0,,,,,,,,25,
ECU,1982,,68,,,,,,,,,
ECU,1983,,239,,,,,,,,100,
ECU,1987,,0,5002,,,,,,,100,
ECU,1989,,35,,,,,,,,,
ECU,1992,,22,,,,,,,,,
ECU,1998,,108,3,,,,,,,,
ECU,2000,,34,,,,,,,,44,
ECU,2001,,58,,,,0,,,,,
ECU,2002,,31,,,,0,,,60,,
ECU,2003,,0,,,,0,,,,,
ECU,2006,,16,,,,5,,,,,
ECU,2008,,41,,,,,,,,,
ECU,2011,,0,,,,,,,,7,
ECU,2012,,29,,,,,5,,,,
ECU,2015,,12,,,,0,,,,,
ECU,2016,,9,673,,,0,,,,,
ECU,2019,,14,0,,,,,,,2,
ECU,2020,,0,,,,0,,,,,
ECU,2021,,6,0,,,0,,,,,
ECU,2022,,76,1,,,,,,,,
ECU,2023,,30,14,,,,,,,75,
ECU,2024,,6,,,,,,,,19,
ECU,1924,,,40,,,,,,,,
ECU,1942,,,200,,,,,,,,
ECU,1949,,,6000,,,,,,,,
ECU,1976,,,20,,,1,,,,60,
ECU,1980,,,8,,,,,,,,
ECU,1990,,,4,,,,,,,,
ECU,1995,,,3,,,,,,,,
ECU,1996,,,27,,,,,,,,
ECU,2025,,,0,97,,,,,,,
ECU,1975,,,,,,0,,,,,
ECU,1999,,,,,,0,,,,,
ECU,1985,,,,,,,0,,,,
ECU,1994,,,,,,,0,,,,
ECU,1931,,,,,,,,,,190,
ECU,1966,,,,,,,,,,50,
ECU,1993,,,,,,,,,,460,
EGY,1954,,0,,,,,,,,,
EGY,1975,,15,,,,,,,,,
EGY,1979,,50,,3,,,,,,,
EGY,1991,,1,,,,,,,,,
EGY,1994,,600,,,,,,,,,
EGY,1995,,7,10,,32,,,,,,
EGY,1996,,12,,,22,,,,,,
EGY,1997,,4,,18,,,,,,,
EGY,2002,,18,0,,,,,,,,
EGY,2010,,27,,31,,,,,,,
EGY,2020,,40,,,,,,,,,
EGY,2021,,3,,,,,,,,,
EGY,1926,,,12,,,,,,,,
EGY,1955,,,20,,,,,,,,
EGY,1969,,,2,,,,,,,,
EGY,1992,,,552,,,,,,,,
EGY,1987,,,,30,,,,,,,
EGY,2004,,,,13,,,,,,,
EGY,2015,,,,25,110,,,,,,
EGY,2016,,,,26,,,,,,,
EGY,2000,,,,,3,,,,,,
EGY,1993,,,,,,,,,34,,
EGY,2008,,,,,,,,,98,,
SLV,1994,0,,,,,,,,,,
SLV,1998,0,,,475,,,,,,,
SLV,2001,0,0,1159,,,,,,,,
SLV,2009,0,,,275,,,,,,,
SLV,2015,0,1,,12,,,,,,,
SLV,2016,0,,,,,,,,,,
SLV,2018,0,4,0,,,,,,,,
SLV,2019,0,,1,,,,,,,,
SLV,1982,,500,20,,,,,,,,
SLV,1988,,33,,,,,,,,22,
SLV,1989,,10,,,,,,,,,
SLV,1992,,2,,,,,,,,,
SLV,1995,,8,,,,,,,,,
SLV,1999,,7,,,,,,,,,
SLV,2000,,2,,1,,,,,,,
SLV,2002,,1,,0,,,,,,,
SLV,2005,,48,1,69,,2,,,,,
SLV,2007,,2,,0,,,,,,,
SLV,2008,,30,,,,,,,,,
SLV,2011,,35,,,,,,,,,
SLV,2021,,5,,,,,,,,,
SLV,1936,,,400,,,,,,,,
SLV,1951,,,1100,,,,,,,,
SLV,1965,,,125,,,,,,,,
SLV,1986,,,1100,,,,,,,,
SLV,2006,,,0,,1,,,,,,
SLV,1934,,,,2000,,,,,,,
SLV,1969,,,,2,,,,,,,
SLV,1996,,,,12,,,,,,,
SLV,1997,,,,4,,,,,,,
SLV,2010,,,,18,,,,,,,
SLV,2017,,,,10,,,,,,,
SLV,2020,,,,33,,,,,,42,
SLV,2022,,,,11,,,,,,,
SLV,2023,,,,3,,,,,,,
SLV,2024,,,,19,,,,,,,
SLV,2013,,,,,,0,,,,,
SLV,1993,,,,,,,,,,22,
GNQ,2025,,0,,,,,,,,,
ERI,1993,0,,,3,,,,,,,
ERI,1999,0,,,,,,,,,,
ERI,2000,0,,,,,,,,,,
ERI,2001,0,,,,,,,,,,
ERI,2002,0,,,,,,,,,,
ERI,2003,0,0,,,,,,,,,
ERI,2008,0,,,,,,,,,,
ERI,2004,,0,,,,,,,,,
EST,2005,,,,1,,,,,,,
EST,2006,,,,,3,,,,,,
EST,2012,,,,,1,,,,,,
EST,2018,,,,,7,,,,,,
EST,2022,,,,,167,,,,,,
EST,2023,,,,,103,,,,,,
EST,2024,,,,,85,,,,,,
SWZ,1983,500,,,,,,,,,,
SWZ,1990,0,,,,,,,,,,
SWZ,1991,0,,,,,,,,,,
SWZ,1992,0,,,,,,,,,,
SWZ,1993,0,,,,,,,,,,
SWZ,1994,0,,,,,,,,,,
SWZ,1995,0,,,,,,,,,,
SWZ,2001,0,,,,,,,,,,
SWZ,2002,0,,,,,,,,,,
SWZ,2003,0,,,,,,,,,,
SWZ,2004,0,,,,,,,,,,
SWZ,2007,0,,,,,,2,,,,
SWZ,2016,0,,,,,,,,,,
SWZ,2017,0,,,,,,,,,,
SWZ,2019,0,,,,,,,,,,
SWZ,2000,,0,,,,,,,,,
SWZ,2008,,0,,,,,,,,,
SWZ,2014,,11,,,,,,,,,
SWZ,1984,,,,53,,,,,,,
SWZ,2005,,,,0,,,,,,,
SWZ,2006,,,,1,,,,,,,
SWZ,2021,,,,0,,,,,,,
SWZ,2022,,,,0,,,,,,,
ETH,1965,2000,,,,,,,,,,
ETH,1969,0,,24,,,,,,,,
ETH,1973,1669,,,,,,,,,,
ETH,1974,19655,,,,,,,,,,
ETH,1975,19655,,,,,,,,,,
ETH,1976,19655,0,,,,,,,,,
ETH,1977,19655,7,,,,64,,,,,
ETH,1978,19711,9,,,,,,,,,
ETH,1983,120294,,,,,,,,,,
ETH,1984,179706,,,,,,,,,,
ETH,1987,367,,,,,,,,,,
ETH,1989,0,,,,,,,,,,
ETH,1990,0,0,,,,,,,,,
ETH,1991,0,,,,,,,,13,,
ETH,1992,0,,,,,,,,,,
ETH,1993,0,2,,,,,,,,,
ETH,1994,0,4,,,,,,,,22,
ETH,1997,0,326,,,,,,,,,
ETH,1998,0,,,,,,,,,,
ETH,1999,0,48,,,,,,,,,
ETH,2000,0,69,,,,,0,,,4,
ETH,2003,0,119,,,,,,,,,
ETH,2004,0,,,,,,,,,,
ETH,2005,0,211,,,,0,,,,,
ETH,2006,0,951,,,,,,,,,
ETH,2008,0,45,,,,,,,,,
ETH,2009,0,,,,,,,,,,
ETH,2010,0,19,,,,,,,,,
ETH,2011,0,0,,,,,,,,,
ETH,2012,0,,,,,,,,,,
ETH,2015,0,0,,,,,,,,,
ETH,2016,0,128,,,,,,,,,
ETH,2017,0,,,,,,,,,,
ETH,2021,0,16,,,,,,,,,
ETH,2022,0,0,,,,,,,,,
ETH,2023,0,151,,,,,,,,,
ETH,1968,,1,,,,,,,,,
ETH,1981,,0,,,,,,,,,
ETH,1985,,9,,,,,,,,,
ETH,1988,,45,,,,,,,,,
ETH,1995,,27,,,,,,,,,
ETH,1996,,40,,,,,,,,,
ETH,2001,,5,,,,,,,,,
ETH,2002,,22,,,,,,,,,
ETH,2007,,17,,,,5,,,,,
ETH,2013,,0,,,,,,,,,
ETH,2019,,0,,,,,,,,23,
ETH,2020,,12,,,,,,,,22,
ETH,2024,,5,,,,,,,,270,
ETH,1961,,,30,,,,,,,,
ETH,2025,,,3,1,,,,,,,
ETH,2018,,,,,,,,,,44,
,1921,1200000,,,,,,,,,,
,1976,0,,946,106,,,,,,,
,1980,0,7,4759,0,,,,,,,
,1981,0,86,36,21,0,,,,,,
,1982,0,57,1,12,,,2,,,28,
,1983,0,94,14,28,,0,31,,,35,
,1986,0,3,26,11,,,20,,,,
,1989,0,29,274,55,,,,,0,98,
,1990,0,19,37,257,5,,0,,,57,
,1991,0,120,274,89,25,0,0,,50,,
,1992,0,23,1,48,,,66,,,0,
,1993,0,163,1,38,41,,,,,299,
,1994,0,211,11,42,42,,21,,,,
,1995,0,6,2043,182,258,,0,,,51,
,1997,0,155,14,88,139,,14,,,29,
,1998,0,141,10,54,278,,17,,,169,
,1999,0,108,144,229,348,,0,,,97,
,2000,2,95,0,61,417,,23,,,62,
,2001,0,108,0,40,1117,0,0,,,,
,2002,0,322,33,76,441,,0,,,123,
,2003,0,24,3,21,72272,,24,,,,
,2004,0,30,1,38,84,,14,,,,
,2005,0,168,,59,638,,28,,,9,
,2006,0,53,0,26,4621,,4,,,4,
,2007,0,49,2,75,566,,92,,,,
,2010,0,196,2,67,56101,0,61,,,,
,2012,0,211,24,1,1056,,6,,,,
,2017,0,31,34,56,95,,113,,8,,
,2018,0,48,,35,1020,0,100,,,,
,2022,0,14,1,48,61671,,19,11,,12,
,2023,0,49,0,63,47688,,44,,,11,
,2024,0,276,,62,62775,,10,,,,
,1907,,153,,,,,,,,,
,1910,,16,,,,,,,,,
,1916,,15,,,,,,,,,
,1920,,23,1600,,,,,,,,
,1924,,15,,,,,,,,,
,1925,,13,,,,,,,,,
,1926,,1000,,,,,,,,28,
,1928,,0,210,88,,,,,,,
,1930,,230,2112,82,,,,,,40,
,1934,,55,0,,,,,,,,
,1937,,14,,,,,,,,,
,1940,,147,980,,,,,,,,
,1946,,15,400,27,,,,,,,
,1947,,0,3,,,,,,,,
,1951,,170,,,,,,,,92,
,1952,,34,2336,,,,,,,28,4000
,1953,,2138,516,0,,,,,,,
,1956,,4,64,,,0,,,,,
,1957,,86,,26,,,,,,,
,1958,,35,,,,,,,,,
,1962,,815,31,347,,,,,,,
,1964,,17,0,,,,,,,,
,1965,,16,70,37,,,,,,101,
,1966,,70,12,,,,25,,,140,
,1967,,462,28,5,,,,,,,
,1968,,72,244,22,,,,,,20,
,1970,,552,,35,,,,,,144,
,1971,,0,22,0,400,,,,,,
,1972,,0,3,54,,,,,,,
,1973,,300,,68,,0,,,,,
,1975,,60,,,,,,,,40,
,1977,,85,1661,,,,,,,13,
,1978,,19,55,1,,,,,,,
,1979,,81,161,,0,9,,,,,
,1984,,0,7,454,,0,17,,,30,
,1985,,352,29,0,128,,23,,,67,
,1987,,146,,135,1000,,0,,,135,
,1988,,16,25000,,94,,,,,0,
,1996,,53,0,8,16,0,19,,,87,
,2008,,65,15,19,135,,,,,,
,2009,,68,300,41,324,,8,,,,
,2011,,25,10,10,195,,,,,,
,2013,,72,0,36,789,,9,,,,
,2014,,141,3,34,94,,,,,,
,2015,,46,,11,3762,,30,,,,
,2016,,57,297,1,58,,4,,,,
,2019,,88,51,51,2845,,0,,,1,
,2020,,33,11,56,6567,,16,,,13,
,2021,,282,1,18,0,1,7,,,23,
,2025,,16,0,1,,,2,1,,,
,1902,,,4648,,,,,,,,
,1904,,,4,,,,,,,,
,1905,,,677,,,,,,,,
,1908,,,75000,,,,,,,,
,1909,,,76,,,,,,,,
,1911,,,90,,,,,,,,
,1913,,,0,,,,,,,,
,1914,,,134,,,,,,,,
,1915,,,29980,,,,,,,,
,1923,,,18,23,,,,,,,
,1931,,,90,,,,,,,,
,1932,,,151,,,,,,,30,
,1933,,,10,,,,,,,,
,1942,,,43,,,,,,,,
,1943,,,19,,,,,,,,
,1945,,,0,,,,,,,,
,1948,,,110002,51,,,,,,25,
,1949,,,3500,,,,80,,,12000,
,1954,,,56,,,,,,,507,
,1955,,,8,,,,,,,,
,1963,,,1070,,12,,,,,1917,
,1969,,,17,33,,,,,,,
,1929,,,,0,,,,,,,
,1941,,,,140,,,,,,,
,1961,,,,33,,,,,,166,
,1974,,,,0,,,,,,39,
,1906,,,,,,700,,,,,
,1944,,,,,,26,,,,,
,1936,,,,,,,,,,73,
,1960,,,,,,,,,,12,
,1976,0,,945,0,,,,,,,
,1980,0,7,4759,0,,,,,,,
,1981,0,30,36,9,,,,,,,
,1982,0,57,0,12,,,2,,,28,
,1983,0,82,2,23,,,31,,,31,
,1986,0,2,23,11,,,20,,,,
,1989,0,12,,42,,,,,,,
,1990,0,,32,169,5,,0,,,14,
,1991,0,118,0,0,25,0,0,,,,
,1992,0,11,1,48,,,35,,,,
,1993,0,12,1,36,,,,,,,
,1994,0,111,,27,0,,21,,,,
,1995,0,1,54,28,30,,0,,,,
,1997,0,143,14,72,103,,0,,,29,
,1999,0,92,143,194,186,,0,,,67,
,2000,0,89,0,26,169,,23,,,13,
,2001,0,62,0,32,349,0,0,,,,
,2002,0,117,32,54,199,,,,,,
,2003,0,22,0,21,70932,,24,,,,
,2004,0,12,1,29,66,,5,,,,
,2005,0,131,,42,637,,28,,,,
,2006,0,50,0,25,3683,,4,,,4,
,2012,0,24,24,1,570,,4,,,,
,2017,0,30,34,40,0,,113,,,,
,2018,0,38,,33,200,0,100,,,,
,2022,0,12,,36,56894,,3,11,,12,
,2023,0,47,0,28,44645,,23,,,9,
,2024,0,246,,51,58262,,10,,,,
,1907,,153,,,,,,,,,
,1910,,16,,,,,,,,,
,1916,,15,,,,,,,,,
,1924,,15,,,,,,,,,
,1925,,13,,,,,,,,,
,1926,,1000,,,,,,,,28,
,1928,,0,210,88,,,,,,,
,1930,,230,1901,82,,,,,,40,
,1934,,55,0,,,,,,,,
,1937,,14,,,,,,,,,
,1940,,147,980,,,,,,,,
,1951,,170,,,,,,,,,
,1953,,2138,516,,,,,,,,
,1956,,4,64,,,,,,,,
,1957,,86,,26,,,,,,,
,1958,,35,,,,,,,,,
,1962,,815,16,,,,,,,,
,1965,,13,70,37,,,,,,11,
,1966,,70,2,,,,25,,,,
,1967,,462,10,5,,,,,,,
,1968,,72,243,,,,,,,,
,1970,,552,,35,,,,,,114,
,1971,,0,22,0,400,,,,,,
,1972,,0,3,0,,,,,,,
,1973,,300,,68,,,,,,,
,1975,,60,,,,,,,,27,
,1977,,76,1661,,,,,,,13,
,1978,,16,55,1,,,,,,,
,1979,,59,5,,,9,,,,,
,1984,,0,7,29,,,17,,,30,
,1985,,352,,0,60,,23,,,,
,1987,,34,,114,1000,,0,,,57,
,1988,,10,0,,56,,,,,,
,1996,,49,0,3,16,,,,,87,
,1998,,105,10,11,209,,14,,,169,
,2007,,34,,62,566,,91,,,,
,2008,,16,2,19,135,,,,,,
,2009,,65,300,39,288,,8,,,,
,2010,,161,,67,338,,,,,,
,2011,,25,10,5,195,,,,,,
,2013,,65,0,25,25,,9,,,,
,2014,,49,3,27,92,,,,,,
,2015,,37,,8,3762,,,,,,
,2016,,29,297,1,21,,4,,,,
,2019,,27,0,47,2679,,,,,,
,2020,,28,11,52,4011,,,,,3,
,2021,,274,1,16,0,1,6,,,,
,2025,,7,,1,,,2,,,,
,1904,,,4,,,,,,,,
,1905,,,557,,,,,,,,
,1908,,,75000,,,,,,,,
,1909,,,76,,,,,,,,
,1913,,,0,,,,,,,,
,1914,,,134,,,,,,,,
,1915,,,29980,,,,,,,,
,1920,,,1400,,,,,,,,
,1932,,,151,,,,,,,30,
,1933,,,10,,,,,,,,
,1945,,,0,,,,,,,,
,1947,,,3,,,,,,,,
,1948,,,2,51,,,,,,25,
,1954,,,56,,,,,,,507,
,1955,,,8,,,,,,,,
,1964,,,0,,,,,,,,
,1969,,,2,33,,,,,,,
,1941,,,,140,,,,,,,
,1946,,,,27,,,,,,,
,1961,,,,33,,,,,,21,
,1963,,,,,12,,,,,1917,
,1906,,,,,,700,,,,,
,1944,,,,,,26,,,,,
,1949,,,,,,,80,,,,
,1952,,,,,,,,,,28,
,1960,,,,,,,,,,12,
FJI,1983,0,,,9,,,,,,,
FJI,1998,0,,,,,,,,,,
FJI,2015,0,,,,,,,,,,
FJI,1964,,1,,,,,,,,,
FJI,1986,,19,,1,,,,,,,
FJI,1989,,10,,,,,,,,,
FJI,2004,,0,,16,,,,,,,
FJI,2006,,4,,0,,,,,,,
FJI,2007,,6,,1,,,,,,,
FJI,2009,,12,,2,,,,,,,
FJI,2012,,15,,2,,,,,,,
FJI,1990,,,0,0,,,,,,,
FJI,1931,,,,200,,,,,,,
FJI,1941,,,,6,,,,,,,
FJI,1952,,,,23,,,,,,,
FJI,1958,,,,0,,,,,,,
FJI,1965,,,,2,,,,,,,
FJI,1972,,,,3,,,,,,,
FJI,1973,,,,59,,,,,,,
FJI,1975,,,,0,,,,,,,
FJI,1978,,,,0,,,,,,,
FJI,1979,,,,53,,,,,,,
FJI,1980,,,,18,,,,,,,
FJI,1981,,,,0,,,,,,,
FJI,1985,,,,32,,,,,,,
FJI,1987,,,,1,,,,,,,
FJI,1992,,,,1,,,,,,,
FJI,1993,,,,21,,,,,,,
FJI,1997,,,,25,,,,,,,
FJI,1999,,,,12,,,,,,,
FJI,2003,,,,17,,,,,,,
FJI,2008,,,,7,,,,,,,
FJI,2010,,,,2,,,,,,,
FJI,2016,,,,47,,,,,,,
FJI,2018,,,,7,,,,,,,
FJI,2019,,,,1,,,,,,,
FJI,2020,,,,8,,,,,,,
FJI,2021,,,,6,,,,,,,
FJI,2022,,,,1,,,,,,,
FJI,2023,,,,0,,,,,,,
FIN,2005,,0,,,,,,,,,
FIN,1990,,,,0,,,,,,,
FIN,2022,,,,,225,,,,,,
FIN,2023,,,,,138,,,,,,
FIN,2024,,,,,152,,,,,,
FRA,1989,0,,,9,,,,,,,
FRA,1997,0,,,,23,,0,,,,
FRA,2022,0,,,6,4807,,,,,,
FRA,1910,,16,,,,,,,,,
FRA,1930,,230,,,,,,,,40,
FRA,1940,,57,,,,,,,,,
FRA,1958,,35,,,,,,,,,
FRA,1977,,26,,,,,,,,,
FRA,1978,,3,,,,,,,,,
FRA,1979,,10,,,,,,,,,
FRA,1980,,6,,,,,,,,,
FRA,1981,,0,,,,,,,,,
FRA,1983,,18,,11,,,12,,,14,
FRA,1987,,25,,4,,,,,,,
FRA,1988,,10,,,,,,,,,
FRA,1992,,6,,48,,,,,,,
FRA,1993,,4,,12,,,,,,,
FRA,1994,,13,,,,,,,,,
FRA,1996,,4,,1,,,,,,,
FRA,1999,,36,,99,,,0,,,11,
FRA,2000,,5,,6,,,,,,,
FRA,2001,,3,,14,,,,,,,
FRA,2002,,25,,5,,,,,,,
FRA,2003,,10,,6,19490,,5,,,,
FRA,2005,,3,,,8,,2,,,,
FRA,2010,,26,,53,3,,,,,,
FRA,2011,,6,,0,,,,,,,
FRA,2013,,4,,2,,,,,,,
FRA,2014,,12,,8,,,,,,,
FRA,2015,,20,,3,3275,,,,,,
FRA,2016,,4,,,,,,,,,
FRA,2017,,1,,2,,,0,,,,
FRA,2018,,15,,6,3,,,,,,
FRA,2019,,8,0,8,1435,,,,,,
FRA,2020,,2,,18,1924,,,,,,
FRA,2021,,2,,0,0,,,,,,
FRA,2023,,0,0,2,2734,,0,,,,
FRA,2024,,2,,8,2451,,,,,,
FRA,1909,,,46,,,,,,,,
FRA,1967,,,1,5,,,,,,,
FRA,1969,,,,30,,,,,,,
FRA,1976,,,,0,,,,,,,
FRA,1982,,,,12,,,2,,,16,
FRA,1984,,,,4,,,0,,,,
FRA,1985,,,,0,0,,6,,,,
FRA,1990,,,,43,5,,,,,14,
FRA,1995,,,,16,,,,,,,
FRA,1998,,,,6,,,,,,9,
FRA,2004,,,,11,,,,,,,
FRA,2006,,,,5,1388,,,,,,
FRA,2007,,,,5,,,,,,,
FRA,2008,,,,3,,,,,,,
FRA,2009,,,,11,7,,0,,,,
FRA,2025,,,,0,,,0,,,,
FRA,1991,,,,,20,,,,,,
FRA,2012,,,,,12,,,,,,
FRA,1949,,,,,,,80,,,,
FRA,1986,,,,,,,5,,,,
FRA,1926,,,,,,,,,,28,
FRA,1932,,,,,,,,,,30,
FRA,1961,,,,,,,,,,21,
FRA,1970,,,,,,,,,,114,
GUF,1996,,0,,,,,,,,,
GUF,2020,,0,,,,,,,,,
GUF,2000,,,,,,,,,,10,
PYF,2017,,0,,,,,,,,,
PYF,1958,,,,0,,,,,,,
PYF,1983,,,,7,,,,,,,
PYF,2010,,,,1,,,,,,,
PYF,1987,,,,,,,,,,10,
PYF,1998,,,,,,,,,,13,
GAB,1988,,0,,,,,,,,,
GAB,2012,,1,,,,,,,,,
GAB,2024,,0,,,,,,,,,
GAB,2009,,,,0,,,,,,,
GAB,2010,,,,0,,,,,,,
GAB,2011,,,,0,,,,,,,
GAB,2023,,,,0,,,,,,,
GMB,1910,0,,,,,,,,,,
GMB,1911,0,,,,,,,,,,
GMB,1912,0,,,,,,,,,,
GMB,1913,0,,,,,,,,,,
GMB,1914,0,,,,,,,,,,
GMB,1940,0,,,,,,,,,,
GMB,1941,0,,,,,,,,,,
GMB,1942,0,,,,,,,,,,
GMB,1943,0,,,,,,,,,,
GMB,1944,0,,,,,,,,,,
GMB,1968,0,,,,,,,,,,
GMB,1971,0,,,,,,,,,,
GMB,1972,0,,,,,,,,,,
GMB,1973,0,,,,,,0,,,,
GMB,1974,0,,,,,,,,,,
GMB,1975,0,,,,,,,,,,
GMB,1977,0,,,,,,,,,,
GMB,1978,0,,,,,,,,,,
GMB,1980,0,,,,,,,,,,
GMB,1981,0,,,,,,,,,,
GMB,1982,0,,,,,,,,,,
GMB,1983,0,,,,,,,,,,
GMB,1984,0,,,,,,,,,,
GMB,1985,0,,,,,,,,,,
GMB,2002,0,,,,,,,,,,
GMB,2012,0,,,,,,,,,,
GMB,2015,0,,,,,,,,,,
GMB,1996,,0,,,,,,,,,
GMB,1999,,53,,,,,,,,,
GMB,2001,,1,,,,,,,,,
GMB,2007,,0,,,,,,,,,
GMB,2008,,0,,0,,,,,,,
GMB,2009,,5,,0,,,,,,,
GMB,2010,,9,,,,,,,,,
GMB,2013,,2,,,,,,,,,
GMB,2017,,6,,,,,,,,,
GMB,2022,,6,,,,,,,,,
GMB,2025,,8,,,,,,,,,
GMB,2003,,,,3,,,,,,,
GMB,2004,,,,2,,,,,,,
GMB,2019,,,,4,,,,,,,
GMB,2021,,,,10,,,,,,,
GEO,2000,0,,,,,,,,,,
GEO,2001,0,,,0,,,,,,,
GEO,1995,,1,,,,,,,,,
GEO,1997,,7,,,,,,,,,
GEO,2004,,1,,,,,,,,,
GEO,2005,,0,,,,,,,,,
GEO,2006,,0,,,,,,,,,
GEO,2011,,7,,,,,,,,,
GEO,2012,,5,,0,,,,,,,
GEO,2013,,0,,0,,,,,,,
GEO,2014,,0,,,,,,,,,
GEO,2015,,40,,,,,,,,,
GEO,2018,,0,,,,,,,,,
GEO,2019,,0,,,,,,,,,
GEO,2020,,0,,,,,,,,,
GEO,2021,,0,,,,,,,,,
GEO,2022,,0,,,,,,,,,
GEO,2023,,0,,,,,,,,18,
GEO,1991,,,8,,,,,,,,
GEO,1992,,,1,,,,,,,,
GEO,2002,,,6,,,,,,,,
GEO,2009,,,0,,,,,,,,
GEO,2025,,,,3,,,,,,,
DEU,1991,,5,,0,,,,,,,
DEU,1993,,4,,6,,,,,,,
DEU,1994,,3,,11,,,,,,,
DEU,1997,,1,,,30,,,,,,
DEU,1999,,7,,18,,,,,,5,
DEU,2002,,27,,22,,,,,,,
DEU,2005,,2,,2,1,,,,,,
DEU,2006,,3,,11,12,,,,,,
DEU,2007,,1,,18,,,,,,,
DEU,2009,,0,,1,6,,,,,,
DEU,2010,,3,,4,10,,,,,,
DEU,2013,,14,,7,,,,,,,
DEU,2016,,7,,,,,,,,,
DEU,2017,,1,,5,,,,,,,
DEU,2021,,226,,1,,,,,,,
DEU,2024,,12,,,6282,,,,,,
DEU,1992,,,1,,,,,,,,
DEU,2004,,,0,2,,,,,,,
DEU,1990,,,,64,,,,,,,
DEU,1995,,,,5,,,,,,,
DEU,1996,,,,0,,,,,,,
DEU,1998,,,,3,,,,,,,
DEU,2001,,,,6,,,,,,,
DEU,2003,,,,15,9355,,,,,,
DEU,2008,,,,8,,,,,,,
DEU,2014,,,,8,,,,,,,
DEU,2018,,,,5,0,,,,,,
DEU,2019,,,,1,4,,,,,,
DEU,2020,,,,0,,,,,,,
DEU,2022,,,,7,8173,,,,,,
DEU,2023,,,,4,6376,,,,,,
DEU,2012,,,,,6,,,,,,
GHA,1971,0,,,,,,,,,,
GHA,1977,0,,,,,,,,,,
GHA,1983,0,,,,,,,,,,
GHA,1984,0,,,,,,,,,,
GHA,1985,0,,,,,,4,,,,
GHA,1968,,0,,,,,,,,,
GHA,1989,,7,,,,,,,,,
GHA,1991,,5,,,,,,,,,
GHA,1995,,145,,,,,,,,,
GHA,1999,,52,,,,,,,,,
GHA,2001,,12,,,,,,,,,
GHA,2002,,4,,,,,,,,,
GHA,2007,,56,,,,,,,,,
GHA,2008,,0,,,,,,,,,
GHA,2009,,40,,,,,,,,,
GHA,2010,,63,,,,,,,,,
GHA,2011,,20,,,,,,,,,
GHA,2013,,5,,,,,,,,,
GHA,2015,,25,,,,,,,,,
GHA,2016,,10,,,,,,,,,
GHA,2017,,0,,20,,,,,,,
GHA,2018,,34,,,,,,,,,
GHA,2019,,32,,,,,,,,,
GHA,2020,,7,,,,,,,,,
GHA,2021,,9,,,,,,,,,
GHA,2022,,0,,,,,,,,,
GHA,2023,,8,,,,,,,,,
GHA,1939,,,22,,,,,,,,
GRC,1990,0,,1,3,,,,,,,
GRC,1907,,100,,,,,,,,,
GRC,1924,,15,,,,,,,,,
GRC,1925,,13,,,,,,,,,
GRC,1937,,14,,,,,,,,,
GRC,1977,,27,,,,,,,,,
GRC,1979,,15,,,,,,,,,
GRC,1994,,14,,,,,,,,,
GRC,1997,,9,,,,,,,,,
GRC,1998,,3,,,,,14,,,,
GRC,2000,,1,0,,27,,9,,,,
GRC,2001,,11,0,,,,,,,,
GRC,2002,,0,0,2,,,,,,,
GRC,2003,,3,,,,,,,,,
GRC,2006,,1,,3,,,,,,,
GRC,2007,,2,,,16,,65,,,,
GRC,2010,,1,,,,,,,,,
GRC,2012,,2,,,5,,,,,,
GRC,2014,,0,3,,,,,,,,
GRC,2015,,3,,,,,,,,,
GRC,2016,,4,,,,,,,,,
GRC,2017,,23,3,,0,,,,,,
GRC,2020,,8,2,4,,,,,,,
GRC,2023,,17,,0,4339,,23,,,,
GRC,2024,,0,,,5980,,1,,,,
GRC,1904,,,4,,,,,,,,
GRC,1914,,,14,,,,,,,,
GRC,1928,,,103,,,,,,,,
GRC,1932,,,151,,,,,,,,
GRC,1947,,,3,,,,,,,,
GRC,1948,,,2,,,,,,,,
GRC,1953,,,476,,,,,,,,
GRC,1954,,,56,,,,,,,,
GRC,1955,,,8,,,,,,,,
GRC,1956,,,53,,,,,,,,
GRC,1965,,,70,,,,,,,,
GRC,1966,,,2,,,,,,,,
GRC,1967,,,9,,,,,,,,
GRC,1968,,,19,,,,,,,,
GRC,1978,,,50,,,,,,,,
GRC,1980,,,1,,,,,,,,
GRC,1981,,,24,,,,,,,,
GRC,1983,,,0,,,,12,,,,
GRC,1986,,,20,,,,,,,,
GRC,1988,,,0,,56,,,,,,
GRC,1993,,,1,,,,,,,,
GRC,1995,,,52,,,,0,,,,
GRC,1996,,,0,,,,,,,,
GRC,1999,,,143,,,,,,,,
GRC,2008,,,2,,,,,,,,
GRC,2021,,,1,,,,2,,,,
GRC,1930,,,,22,,,,,,,
GRC,1961,,,,33,,,,,,,
GRC,1987,,,,48,1000,,0,,,,
GRC,2004,,,,0,,,,,,,
GRC,2019,,,,7,,,,,,,
GRC,1985,,,,,20,,3,,,,
GRC,1991,,,,,5,,,,,,
GRC,2022,,,,,3092,,0,,,,
GRC,1984,,,,,,,0,,,,
GRC,2009,,,,,,,0,,,,
GRC,2018,,,,,,,100,,,,
GRD,2010,0,,,,,,,,,,
GRD,2024,0,,,8,,,,,,,
GRD,1975,,0,,,,,,,,,
GRD,1963,,,,6,,,,,,,
GRD,1980,,,,0,,,,,,,
GRD,1990,,,,0,,,,,,,
GRD,1999,,,,0,,,,,,,
GRD,2002,,,,0,,,,,,,
GRD,2004,,,,39,,,,,,,
GRD,2005,,,,1,,,,,,,
GLP,1988,,0,,,,,,,,,
GLP,2004,,,1,,,,,,,,
GLP,1928,,,,2000,,,,,,,
GLP,1956,,,,18,,,,,,,
GLP,1964,,,,14,,,,,,,
GLP,1966,,,,25,,,,,,,
GLP,1970,,,,0,,,,,,,
GLP,1979,,,,0,,,,,,,
GLP,1989,,,,5,,,,,,,
GLP,1990,,,,0,,,,,,,
GLP,1995,,,,0,,,,,,,
GLP,1998,,,,0,,,,,,,
GLP,1999,,,,4,,,,,,,
GLP,2007,,,,0,,,,,,,
GLP,2017,,,,4,,,,,,,
GLP,2022,,,,1,,,,,,,
GLP,1976,,,,,,0,,,,,
GUM,1993,,,0,,,,,,,,
GUM,1962,,,,6,,,,,,,
GUM,1976,,,,9,,,,,,,
GUM,1987,,,,0,,,,,,,
GUM,1992,,,,1,,,,,,,
GUM,1997,,,,0,,,,,,,
GUM,2002,,,,1,,,,,,,
GUM,2004,,,,1,,,,,,,
GUM,2023,,,,2,,,,,,,
GTM,1987,0,84,,,,0,0,,,,
GTM,1988,0,0,5,,,,,,,,
GTM,1994,0,10,,,,,,,,,
GTM,2001,41,,6,8,0,,,,,,
GTM,2009,0,0,,,,,,,36,,
GTM,2012,0,,44,,,0,,,,,
GTM,2014,0,6,1,5,0,,,,,,
GTM,2015,0,8,,,0,,,,,350,
GTM,2016,0,,,0,,,,,,10,
GTM,2018,0,2,,,,461,,,,,
GTM,2019,0,,,4,,,,,,,
GTM,1949,,40000,,,,,,,,,
GTM,1973,,5,,,,,,,,,
GTM,1982,,620,,,,,,,,,
GTM,1989,,10,,,,,,,,,
GTM,1995,,31,,,,,,,,,
GTM,1999,,12,2,,,,,,,,
GTM,2000,,36,,,,0,,,,,
GTM,2002,,0,,2,,,,,,68,
GTM,2005,,0,,1513,,,,,,70,
GTM,2007,,11,,0,,,,,,,
GTM,2008,,30,,17,,,,,,27,
GTM,2010,,0,,174,,0,,,,53,
GTM,2011,,59,3,5,0,,,,,16,
GTM,2017,,1,0,8,,,,,,11,
GTM,2020,,3,,164,,,,,,,
GTM,2021,,2,,,,,,,,,
GTM,2022,,48,3,4,,,,,,,
GTM,2023,,78,,,,0,,,,86,
GTM,2024,,18,,10,,,0,,,,
GTM,1902,,,2000,,,7000,,,,,
GTM,1917,,,2650,,,,,,,,
GTM,1976,,,23000,,,,,,,,
GTM,1979,,,0,,,,,,,,
GTM,1985,,,0,,,,,,,,
GTM,1986,,,0,,,,,,,,
GTM,1991,,,14,,,,,,23,,
GTM,2013,,,1,,,,,,,,
GTM,2025,,,11,16,,,,,,,
GTM,1961,,,,11,,,,,,,
GTM,1969,,,,269,,,,,,,
GTM,1996,,,,0,,0,,,,,
GTM,1998,,,,384,,0,,,,51,
GTM,2006,,,,,6,,,,,,
GTM,1983,,,,,,0,,,,,
GTM,1984,,,,,,0,,,,,
GTM,1992,,,,,,0,,,,,
GTM,2003,,,,,,,0,,,22,
GIN,1981,0,0,,,,,,,,,
GIN,1982,0,,,,,,,,,,
GIN,1983,0,,443,,,,,,,,
GIN,1998,12,,,,,,,,,,
GIN,1993,,0,,,,,,,,,
GIN,2001,,9,,,,,,,,,
GIN,2006,,0,,,,,,,,,
GIN,2007,,0,,,,,,,,,
GIN,2008,,0,,,,,,,,,
GIN,2009,,2,,,,,,,,,
GIN,2010,,8,,,,,,,,,
GIN,2011,,0,,,,,,,,,
GIN,2013,,0,,,,,,,,,
GIN,2015,,9,,,,,,,,7,
GIN,2017,,0,,,,,,,,,
GIN,2020,,0,,,,,,,,,
GIN,2021,,5,,,,,,,,,
GIN,2022,,0,,,,,,,,,
GIN,2023,,8,,,,,,,,,
GIN,2024,,5,,,,,,,,,
GIN,2025,,,,15,,,,,,,
GIN,2004,,,,,,,0,,,,
GNB,1910,0,,,,,,,,,,
GNB,1911,0,,,,,,,,,,
GNB,1912,0,,,,,,,,,,
GNB,1913,0,,,,,,,,,,
GNB,1914,0,,,,,,,,,,
GNB,1940,0,,,,,,,,,,
GNB,1941,0,,,,,,,,,,
GNB,1942,0,,,,,,,,,,
GNB,1943,0,,,,,,,,,,
GNB,1944,0,,,,,,,,,,
GNB,1972,0,,,,,,,,,,
GNB,1973,0,,,,,,,,,,
GNB,1974,0,,,,,,,,,,
GNB,1975,0,,,,,,,,,,
GNB,1982,0,,,,,,,,,,
GNB,1983,0,,,,,,,,,,
GNB,1984,0,,,,,,,,,,
GNB,1985,0,,,,,,,,,,
GNB,2002,0,,,,,,,,,,
GNB,2006,0,,,,,,,,,,
GNB,2003,,0,,,,,,,,,
GNB,2004,,3,,,,,,,,,
GNB,2008,,0,,,,,,,,,
GNB,2010,,2,,,,,,,,,
GNB,1987,,,,1,,,,,,,
GNB,1993,,,,0,,,,,,,
GNB,2018,,,,3,,,,,,,
GNB,1998,,,,,,,3,,,,
GUY,1997,0,,,,,,,,,,
GUY,1998,0,,,,,,,,,,
GUY,2010,0,,,,,,,,,,
GUY,1971,,0,,,,,,,,,
GUY,1989,,0,,,,,,,,,
GUY,1996,,0,,,,,,,,,
GUY,2005,,34,,,,,,,,,
GUY,2006,,0,,,,,,,,,
GUY,2008,,0,,,,,,,,,
GUY,2015,,0,,,,,,,,,
GUY,2017,,0,,,,,,,,,
GUY,2021,,0,,,,,,,,,
GUY,2022,,0,,,,,,,,,
HTI,1968,0,,,,,,,,,,
HTI,1974,0,,,,,,,,,,
HTI,1977,0,,,,,,,,,,
HTI,1980,0,,,220,,,,,,,
HTI,1981,0,,,,,,,,,,
HTI,1982,0,,,,,,,,,,
HTI,1983,0,,,,,,,,,,
HTI,1992,0,,,,,,,,,,
HTI,1993,0,13,,,,,,,,,
HTI,2003,0,62,,26,,,,,,,
HTI,2004,0,2665,,2757,,,,,,,
HTI,2014,0,12,,,,,,,,,
HTI,2015,0,6,,5,,,,,,,
HTI,2016,0,53,,546,,,,,,,
HTI,2017,0,31,,4,,,,,,,
HTI,1959,,50,,,,,,,,,
HTI,1962,,26,,,,,,,,,
HTI,1963,,500,,5000,,,,,,,
HTI,1972,,78,,,,,,,,,
HTI,1986,,148,,,,,,,,,
HTI,1987,,33,,,,,,,,,
HTI,1988,,27,,54,,,,,,,
HTI,1989,,0,,,,,,,,0,
HTI,1996,,18,,66,,,,,,,
HTI,1999,,13,,,,,,,,,
HTI,2000,,12,,,,,,,,,
HTI,2001,,26,,0,,,,,,,
HTI,2002,,31,,4,,,,,,,
HTI,2005,,17,,71,,,,,,,
HTI,2006,,11,,5,,,,,,,
HTI,2007,,61,,102,,,,,,,
HTI,2009,,21,,,,,,,,,
HTI,2010,,44,222570,27,,,,,,,
HTI,2011,,36,,3,,,,,,,
HTI,2012,,42,,88,,,,,,,
HTI,2013,,6,,,,,,,,,
HTI,2019,,14,,,,,,,,,
HTI,2021,,7,2575,0,,,,,,,
HTI,2022,,7,2,,,,,,,,
HTI,2023,,80,,,,,,,,,
HTI,2024,,30,,1,,,,,,13,
HTI,2025,,1,,,,,,,,,
HTI,1952,,,6,,,,,,,,
HTI,2018,,,17,,,,,,,,
HTI,1909,,,,150,,,,,,,
HTI,1915,,,,1600,,,,,,,
HTI,1935,,,,2150,,,,,,,
HTI,1954,,,,410,,,,,,262,
HTI,1964,,,,100,,,,,,,
HTI,1966,,,,480,,,,,,,
HTI,1979,,,,8,,,,,,,
HTI,1990,,,,0,,,,,,,
HTI,1994,,,,1122,,,,,,,
HTI,1998,,,,190,,,,,,,
HTI,2008,,,,698,,,,,,,
HTI,2020,,,,39,,,,,,,
,1931,0,,256,,,,,,,,
,1932,0,,151,754,,,,,,30,
,1933,0,,3126,53,,,,,,,
,1934,0,55,0,3016,,,,,,,
,1935,0,,6022,422,,,,,,,
,1936,0,114,10,1559,1693,,,,,73,
,1937,0,399,,11000,,,,,,,
,1938,0,954,,600,,,,,,200,
,1939,0,,30027,3,,,71,,,,
,1940,0,147,989,50,,,,,,,
,1960,0,15,6199,343,,,,,,12,
,1961,0,606,10,588,,,,,,21,
,1966,0,250,6,794,262,,25,,,204,
,1967,199,959,10,639,,,62,,,,
,1968,199,72,293,371,,87,12,,,42,
,1969,202,530,2,1174,,,0,,,,
,1970,0,715,,134,,,0,,,164,
,1971,0,27,172,520,400,,,,,31,
,1972,0,1580,3,309,10,,,,,580,
,1973,0,369,21,220,22,0,0,,,,
,1974,0,52,30,715,,,,,,29,
,1975,0,63,0,210,,2,,,,70,
,1976,0,144,946,240,,0,0,,,25,
,1977,0,590,1661,307,0,3,3,,,13,
,1978,0,108,108,238,,,,,,,
,1979,0,82,5,403,,9,,,,30,
,1980,0,64,4761,186,1260,90,0,,,,
,1981,0,62,36,383,,,,,,66,
,1982,0,414,110,807,0,,2,,,53,
,1983,0,93,123,380,188,0,106,,,222,
,1984,0,262,27,761,,0,17,,,91,
,1985,0,900,180,510,60,,34,,,100,
,1986,0,63,36,155,48,0,20,,,47,
,1988,0,63,0,92,56,0,,,,25,
,1989,0,55,79,346,84,,1,,,18,
,1990,0,207,33,491,56,,0,,,14,
,1991,0,198,79,368,25,43,28,,,141,
,1992,0,46,2,185,0,0,66,,,0,
,1993,0,376,247,563,106,7,3,,,394,
,1994,0,204,78,307,47,,38,,,0,
,1995,0,42,7343,430,971,0,0,,,51,
,1997,0,382,22,313,139,0,26,,,69,
,1998,0,600,10,457,408,0,19,,,182,
,1999,0,229,2409,510,605,,2,,,97,
,2000,0,158,1,320,456,0,39,,,73,
,2001,0,188,3,364,1158,0,2,,,,
,2002,0,418,36,475,455,,2,,,123,
,2003,0,95,11,392,72272,0,47,,,15,
,2004,0,96,52,570,79,,14,,,2,
,2005,0,364,12,2134,671,,42,,,9,
,2006,0,215,2,160,3987,,28,,,4,
,2007,0,166,24,476,634,,99,,,,
,2008,0,134,39,342,182,0,1,,,,
,2009,0,248,366,764,712,,190,,,44,
,2010,0,287,562,246,56272,0,105,,,,
,2011,0,160,20040,873,253,0,9,,,59,
,2012,0,284,27,374,938,,17,,,,
,2013,0,148,5,248,1152,,34,,,,
,2014,0,88,10,323,279,63,16,,,125,
,2015,0,358,19,296,3801,0,45,,,,
,2016,0,143,474,268,123,,22,,,,
,2017,0,120,34,456,0,,169,,8,22,
,2018,0,315,130,251,1209,0,204,,,21,
,2019,0,146,2,671,3018,21,25,,,1,
,2020,45,189,15,368,6567,,43,,,13,
,2021,0,366,2,577,1044,1,12,,,49,
,2022,136,102,6,434,60777,,29,11,,12,
,2023,247,141,1,226,46846,,203,,,11,
,2024,0,307,571,557,61668,,150,,,,
,1903,,250,20,98,,,,,76,,
,1907,,153,,,,,,,,,
,1909,,72,126,412,,,,,,,
,1910,,1395,2510,30,,,,,,62,
,1916,,15,181,,,,,,,,
,1920,,23,1400,243,,,,,,,
,1924,,15,,1000,,,,,,,
,1925,,13,408,739,,,,,,,
,1926,,1000,,567,,144,,,,28,
,1927,,246,3022,87,,,,,,,
,1928,,0,457,2224,,,,,,,
,1930,,230,2164,82,,,,,,40,
,1943,,990,1412,,,,,,,,
,1947,,2000,3,4238,,,0,,,,
,1948,,55,5133,963,,100,,,,25,
,1950,,161,,786,,,,,,,
,1951,,517,85,1045,69,,,,,92,
,1952,,34,76,455,,29,,,,28,4000
,1953,,6205,531,1044,,150,,,,,
,1955,,99,18,742,107,,,,3,73,
,1956,,4,64,350,,,11,,,143,
,1957,,1325,,850,,,,,,,
,1958,,35,0,2120,0,,,,,,
,1959,,103,44,7257,,,,,,,
,1962,,1176,16,494,,,,,,,
,1964,,265,263,506,,4,,,,108,
,1965,,1078,477,872,,,,,,153,
,1987,,214,16,1000,1090,,0,,,99,
,1996,,220,0,446,16,0,20,,,129,
,2025,,211,1,184,,,64,1,,,
,1901,,,18,,,,,,,,
,1904,,,152,,,,,,,,
,1905,,,609,,,,,,18,,
,1906,,,21973,10298,,700,,,,,
,1908,,,75000,,,,,,33,,
,1911,,,12,1000,,,73,,,,
,1913,,,0,192,,,,,,,
,1914,,,228,,,140,,,,,
,1915,,,29986,275,,,,,,56,
,1917,,,54,4000,,,,,,,
,1918,,,116,34,,,1000,,,,
,1922,,,1032,,,,43,,,,
,1923,,,143000,3100,,,,,,200,
,1929,,,17,48,,,,,,,
,1941,,,319,140,,,,,,,
,1944,,,1223,390,,26,170,,,,
,1945,,,2306,4424,,0,,,,,
,1946,,,2225,77,,,,,,,
,1949,,,49,704,,,80,,,,
,1954,,,56,4352,,,,,,507,
,1963,,,15,386,162,15,,,,2033,
,1900,,,,6000,,30,,,,,
,1912,,,,1028,,,,,,,
,1919,,,,500,,,,,,,
,1902,,,,,,125,,,,,
HND,1965,0,0,,,,,,,,,
HND,1972,0,,,,,,,,,,
HND,1973,0,,,,,,,,,2800,
HND,1994,0,151,,,,,,,,,
HND,1997,0,,,,,,,,,,
HND,1998,0,,,14600,,,,,,,
HND,2000,0,,,,,,0,,,,
HND,2001,0,,,21,,,,,,,
HND,2002,0,10,,,,,,,,,
HND,2003,0,10,,,,,,,,,
HND,2004,0,,,,,,,,,,
HND,2009,0,,7,,,,,,,,
HND,2010,0,122,,22,,,,,,,
HND,2011,0,33,,,,,,,,,
HND,2012,0,,,,,,,,,,
HND,2014,0,4,,,,,,,,,
HND,2015,0,,,,,,,,,,
HND,2018,0,6,,,,,,,,,
HND,2019,0,,,,,,,,,,
HND,2023,0,,,5,,,,,,,
HND,1976,,20,,,,,,,,,
HND,1979,,1,,,,,,,,,
HND,1981,,0,,,,,,,,,
HND,1984,,0,,,,,,,,,
HND,1986,,0,,,,,,,,,
HND,1988,,19,,0,,,,,,,
HND,1990,,5,,,,,,,,,
HND,1993,,413,,,,,,,,,
HND,1995,,14,,18,,,,,,,
HND,1996,,7,,1,,,,,,,
HND,1999,,34,,,,,,,,,
HND,2005,,8,,53,,,,,,,
HND,2006,,4,,,,,,,,,
HND,2007,,6,0,1,,,,,,,
HND,2008,,67,,0,,,,,,,
HND,2016,,6,,1,,,,,,,
HND,2017,,18,,3,,,,,,,
HND,2020,,3,,129,,,,,,,
HND,2022,,9,,5,,,,,,,
HND,2025,,16,,1,,,,,,,
HND,1982,,,0,130,,,,,,,
HND,1931,,,,1500,,,,,,,
HND,1934,,,,468,,,,,,,
HND,1961,,,,1,,,,,,,
HND,1969,,,,0,,,,,,,
HND,1971,,,,0,,,,,,,
HND,1974,,,,8000,,,,,,,
HND,1978,,,,0,,,,,,,
HND,2024,,,,3,,,,,,,
HND,2021,,,,,,,0,,,,
HND,1989,,,,,,,,,10,,
HKG,1960,0,15,,45,,,,,,,
HKG,1966,0,65,,15,,,,,,64,
HKG,1976,0,0,,38,,,,,,,
HKG,1977,0,0,,1,,,,,,,
HKG,1979,0,,,13,,,,,,0,
HKG,1981,0,,,,,,,,,,
HKG,1983,0,1,,22,,,,,,,
HKG,1961,,0,,7,,,,,,,
HKG,1969,,0,,0,,,0,,,,
HKG,1970,,0,,,,,,,,,
HKG,1972,,138,,,,,,,,100,
HKG,1975,,3,,0,,,,,,,
HKG,1978,,0,,11,,,,,,,
HKG,1982,,1,,5,,,0,,,25,
HKG,1985,,0,,2,,,,,,,
HKG,1987,,0,,,10,,,,,,
HKG,1989,,3,,9,,,,,,,
HKG,1992,,5,,2,,,,,,,
HKG,1994,,1,,,,,,,,,
HKG,1997,,80,,1,,,,,,,
HKG,2023,,0,,0,,,,,,,
HKG,2025,,0,,0,,,,,,,
HKG,1906,,,,10000,,,,,,,
HKG,1923,,,,100,,,,,,,
HKG,1937,,,,11000,,,,,,,
HKG,1947,,,,2000,,,,,,,
HKG,1957,,,,8,,,,,,,
HKG,1959,,,,43,,,,,,,
HKG,1962,,,,183,,,,,,,
HKG,1964,,,,70,,,,,,,
HKG,1965,,,,5,,,,,,,
HKG,1967,,,,0,,,,,,,
HKG,1968,,,,0,,,0,,,22,
HKG,1971,,,,115,,,,,,,
HKG,1973,,,,1,,,0,,,,
HKG,1974,,,,1,,,,,,,
HKG,1980,,,,2,,,,,,,
HKG,1986,,,,5,,,,,,,
HKG,1988,,,,0,,,,,,,
HKG,1991,,,,22,,,,,,,
HKG,1993,,,,89,,,,,,1,
HKG,1999,,,,2,,,,,,,
HKG,2003,,,,4,,,,,,,
HKG,2008,,,,2,,,,,,,
HKG,2009,,,,0,,,,,,,
HKG,2010,,,,1,,,,,,,
HKG,2017,,,,1,,,,,,,
HKG,2018,,,,0,,,,,,,
HKG,2021,,,,2,,,,,,,
HUN,1986,0,,,,,,,,,,
HUN,1992,0,,,,,,,,,,
HUN,2003,0,,,,,,,,,,
HUN,1970,,300,,,,,,,,,
HUN,1996,,0,,,,,,,,,
HUN,1997,,0,,,,,,,,,
HUN,1999,,10,,40,,,,,,,
HUN,2000,,1,,,,,,,,,
HUN,2001,,0,,,81,,,,,,
HUN,2002,,0,,,,,,,,,
HUN,2004,,0,,,,,,,,,
HUN,2005,,0,,4,6,,,,,,
HUN,2006,,0,,5,42,,,,,,
HUN,2010,,1,,,,,,,,,
HUN,2013,,0,0,0,,,,,,,
HUN,2014,,0,,,,,,,,,
HUN,2016,,0,,,,,,,,,
HUN,1984,,,,4,,,,,,,
HUN,2017,,,,0,,,,,,,
HUN,2019,,,,0,118,,,,,,
HUN,2007,,,,,500,,,,,,
HUN,2008,,,,,17,,,,,,
HUN,2012,,,,,16,,,,,,
HUN,2018,,,,,61,,,,,,
HUN,2022,,,,,513,,,,,,
HUN,2023,,,,,294,,,,,,
HUN,2024,,,,,1443,,,,,,
ISL,1988,,0,,,,,,,,,
ISL,1976,,,1,,,,,,,,
ISL,2000,,,0,,,,,,,,
ISL,2023,,,0,,0,,,,,,
ISL,1973,,,,,,0,,,,,
ISL,1983,,,,,,0,,,,4,
ISL,1984,,,,,,0,,,,,
ISL,1996,,,,,,0,,,,,
ISL,2010,,,,,,0,,,,,
ISL,1974,,,,,,,,,,12,
ISL,1995,,,,,,,,,,34,
IND,1900,1250000,,,,,,,,,,
IND,1942,1500000,,,40000,,,,,,,
IND,1964,0,232,,500,,,,,,,
IND,1965,500000,,,,100,,,,,,
IND,1966,500000,47,15,18,,,,,,,
IND,1967,500000,300,177,1000,,,,,,,
IND,1972,0,,,230,,,,,,,
IND,1973,0,,,,261,,,,,,
IND,1979,0,253,,594,400,,,,,272,
IND,1982,0,932,,744,400,,,,,,
IND,1983,0,785,,782,,,,,,67,
IND,1987,300,1314,,166,100,,,,,,
IND,1993,0,1264,9748,186,,,,,,20,
IND,1996,0,1291,,1537,,,,,,48,
IND,2000,8,2086,,0,275,,,,,187,
IND,2001,12,581,20005,99,173,,,,,98,
IND,2002,0,735,2,144,1930,,,,,,
IND,2009,0,1500,,218,155,,,,,55,
IND,2015,0,839,98,212,2248,,,,,3,
IND,2016,0,666,8,128,300,,7,,,20,
IND,2018,0,710,,625,44,,17,,,,
IND,2019,0,2023,,172,112,,,,,,
IND,1926,,0,,,,,,,,,
IND,1928,,36,,,,,,,,,
IND,1950,,145,1500,90,,,,,,,
IND,1953,,80,,,400,,,,,,
IND,1956,,150,113,0,,,,,,27,
IND,1957,,187,,,,,,,,,
IND,1958,,5,,0,651,,,,,52,
IND,1959,,621,,,,,,,,,
IND,1960,,237,,,,,,,,,
IND,1961,,3057,,,400,,,,,,
IND,1962,,173,,0,,,,,,,
IND,1963,,200,,312,,,,,,,
IND,1968,,6452,,7,,,,,,1000,
IND,1970,,1027,26,0,,,,,,,
IND,1971,,1323,,9718,,,,,,,
IND,1974,,260,,20,,,,,,,
IND,1975,,350,47,501,,,,,,,
IND,1977,,560,,14206,,,,,,,
IND,1978,,4610,,811,150,,,,,64,
IND,1980,,2411,13,153,129,,,,,150,
IND,1981,,553,,805,300,,,,,,
IND,1984,,740,20,524,290,,0,,,,
IND,1985,,1656,,178,328,,,,,,
IND,1986,,251,6,390,,,,,,153,
IND,1988,,2100,382,74,450,,,,,505,
IND,1989,,1609,,93,127,,,,45,41,
IND,1990,,224,,1843,264,,,,,30,
IND,1991,,1016,1500,125,,,,,,,
IND,1992,,746,,85,275,,,,,60,
IND,1994,,2015,,219,161,,,,,,
IND,1995,,1514,,222,558,,,,,640,
IND,1997,,2357,43,25,,,,,,51,
IND,1998,,2131,,3471,2641,,,,,374,
IND,1999,,554,100,10378,140,,6,,,,
IND,2003,,452,,164,1351,,,,,25,
IND,2004,,1348,16389,,259,,,,,,
IND,2005,,2129,1309,82,419,,,,,262,
IND,2006,,1194,,190,137,,,,,,
IND,2007,,2051,,0,161,,,,,,
IND,2008,,1590,,111,59,,,,,37,
IND,2010,,690,,287,350,,,,,17,
IND,2011,,608,112,106,212,,,,,,
IND,2012,,279,,40,98,,,,16,,
IND,2013,,6453,3,106,723,,,,,,
IND,2014,,622,,119,180,,,,,151,
IND,2017,,1046,,940,264,,,,,96,
IND,2020,,2104,,121,,,,,,91,
IND,2021,,1557,2,249,,,,250,,68,
IND,2022,,2098,,20,25,,,,,67,
IND,2023,,1624,,79,190,,,178,,64,
IND,2024,,285,,101,733,,,,,388,
IND,2025,,368,,45,,,,,,154,
IND,1905,,,20000,,,,,,,,
IND,1916,,,,300,,,,,,,
IND,1924,,,,1242,,,,,,,
IND,1925,,,,80,,,,,,,
IND,1927,,,,685,,,,,,,
IND,1935,,,,60100,,,,,,,
IND,1936,,,,233,,,,,,,
IND,1943,,,,5000,,,,,,,
IND,1944,,,,304,,,,,,,
IND,1945,,,,0,,,,,,,
IND,1949,,,,1000,,,,,,,
IND,1952,,,,750,,,,,,,
IND,1955,,,,2120,,,,,,,
IND,1969,,,,815,,,,,,,
IND,1976,,,,270,,,,,,,
IND,1948,,,,,,,,,,500,
IND,1954,,,,,,,,,,30,
IDN,1966,8000,176,,,,1088,,,,,
IDN,1972,0,,,,,,,,,,
IDN,1973,0,,,1650,,,,,,,
IDN,1978,63,70,,,,,,,,,
IDN,1982,280,3,13,2,,30,,,,275,
IDN,1984,230,26,2,,,0,,,,,
IDN,1986,84,175,,,,,,,,,
IDN,1987,0,201,127,,,0,,,131,,
IDN,1997,672,,20,,,1,240,,,,
IDN,2003,0,386,1,,,,,,,119,
IDN,2015,11,9,0,,,,19,,,45,
IDN,2023,0,6,6,1,,23,,,,60,
IDN,1953,,114,,,,,,,,,
IDN,1967,,160,139,,,,,,,,
IDN,1968,,12,200,,,,,,,,
IDN,1970,,82,,,,,,,,,
IDN,1976,,163,1126,25,,40,,,,,
IDN,1977,,22,187,1,,,,,,,
IDN,1979,,164,638,,,257,,,,23,
IDN,1980,,153,0,0,,0,,,,100,
IDN,1981,,509,306,,,192,,,,0,
IDN,1983,,20,2,,,0,,,,21,
IDN,1985,,42,10,0,,0,,,,,
IDN,1988,,179,,,,7,,,,43,
IDN,1989,,18,120,,,0,,,,6,
IDN,1990,,191,6,,,33,,,,,
IDN,1991,,112,28,,,0,57,,,33,
IDN,1992,,57,2500,,,,,,,75,
IDN,1993,,131,,,,3,,,,,
IDN,1994,,59,454,,,96,0,,,,
IDN,1995,,134,99,,,,,,,,
IDN,1996,,93,175,,,,,,,23,
IDN,1998,,4,34,,,0,3,,,,
IDN,1999,,12,5,,,,0,,,89,
IDN,2000,,264,149,,,,0,,,126,
IDN,2001,,399,0,,,,,,,185,
IDN,2002,,233,11,,,0,0,,,32,
IDN,2004,,33,165816,4,,2,,,,119,
IDN,2005,,94,916,,,0,0,,,168,
IDN,2006,,637,6592,,,0,0,,,184,
IDN,2007,,506,95,,,0,,,,43,
IDN,2008,,96,8,,,0,,,,21,
IDN,2009,,142,1330,,,,,,,29,
IDN,2010,,411,547,,,323,,,,13,
IDN,2011,,62,11,,,3,,,,53,
IDN,2012,,41,13,21,,,,,,32,
IDN,2013,,89,50,,,0,,,,34,
IDN,2014,,77,,,,39,,,,127,
IDN,2016,,89,104,,,,,,,77,
IDN,2017,,44,4,11,,0,,,,40,
IDN,2018,,80,4729,,,453,,,,31,
IDN,2019,,276,54,,,,0,,,106,
IDN,2020,,249,0,,,0,,,,11,
IDN,2021,,58,122,226,,71,,,,32,
IDN,2022,,57,349,,,0,,,,,
IDN,2024,,154,2,,,10,,,,124,
IDN,2025,,62,2,,,0,,,,26,
IDN,1913,,,138,,,,,,,,
IDN,1914,,,20,,,,,,,,
IDN,1917,,,15000,,,,,,,,
IDN,1924,,,787,,,,,,,,
IDN,1927,,,50,,,,,,,,
IDN,1928,,,128,,,,,,,,
IDN,1932,,,6,,,,,,,,
IDN,1936,,,26,,,,,,,,
IDN,1938,,,0,,,,,,,,
IDN,1943,,,213,,,,,,,,
IDN,1950,,,16,,,,,,,,
IDN,1958,,,8,,,,,,,,
IDN,1965,,,71,,,,,,,,
IDN,1969,,,64,,,0,,,,,
IDN,1971,,,1,,,,,,,,
IDN,1956,,,,300,,,,,,,
IDN,1974,,,,10,,,,,,,
IDN,1919,,,,,,5000,,,,,
IDN,1930,,,,,,1369,,,,,
IDN,1931,,,,,,1300,,,,,
IDN,1951,,,,,,1300,,,,,
IDN,1954,,,,,,37,,,,,
IDN,1963,,,,,,1690,,,,,
IDN,1955,,,,,,,,,,405,
IRN,1964,0,,,,,,,,,,
IRN,1999,0,81,21,,,,,,,,
IRN,2000,0,8,1,3,,,,,,,
IRN,2001,0,476,0,,,,,,,,
IRN,2021,0,11,3,12,,,,,,,
IRN,2022,0,98,5,,,,,,,,
IRN,1950,,52,20,,,,,,,,
IRN,1951,,225,,,,,,,,,
IRN,1953,,732,981,,158,,,,,,
IRN,1954,,2000,,,,,,,,,
IRN,1956,,1000,350,,,,,,,,
IRN,1957,,122,5544,,,,,,,,
IRN,1966,,42,,,,,,,,,
IRN,1968,,30,10738,,,,,,,,
IRN,1969,,20,50,,,,,,,,
IRN,1980,,256,50,,,,,,,,
IRN,1981,,58,3200,200,,,,,,,
IRN,1986,,265,1,,,,,,,,
IRN,1987,,865,2,,,,,,,,
IRN,1988,,90,1,,,,,,,,
IRN,1989,,0,100,,,,,,,,
IRN,1990,,0,40021,,,,,,,21,
IRN,1991,,56,0,22,,,,,,,
IRN,1992,,63,5,0,,,,,,,
IRN,1993,,781,24,0,,,,,,,
IRN,1994,,39,14,,,,,,,,
IRN,1995,,27,,,,,,,,,
IRN,1996,,49,,9,,,,,,,
IRN,1997,,13,2768,,,,,,,,
IRN,1998,,157,22,,,,,,,32,
IRN,2002,,61,230,,,,0,,,,
IRN,2003,,0,26797,,,,,,,20,
IRN,2004,,34,35,0,,,,,,,
IRN,2005,,109,625,0,,,,,,,
IRN,2006,,14,63,,,,,,,,
IRN,2007,,12,,12,,,,,,,
IRN,2008,,22,6,28,,,,,,,
IRN,2012,,7,312,,,,,,,,
IRN,2014,,37,1,,,,,,,,
IRN,2015,,52,,,,,,,,,
IRN,2017,,60,449,,,,,,,,
IRN,2018,,9,2,,,,,,,,
IRN,2019,,76,7,,,,,,,,
IRN,2020,,40,0,,,,,,,12,
IRN,2024,,44,4,,,,,,,,
IRN,1903,,,350,,,,,,,,
IRN,1909,,,5000,,,,,,,,
IRN,1911,,,700,,,,,,,,
IRN,1923,,,2647,,,,,,,,
IRN,1925,,,500,,,,,,,,
IRN,1929,,,3253,,,,,,,,
IRN,1930,,,1360,,,,,,,,
IRN,1932,,,1070,,,,,,,,
IRN,1935,,,750,,,,,,,,
IRN,1936,,,12,,,,,,,,
IRN,1941,,,730,,,,,,,,
IRN,1944,,,20,,,,,,,,
IRN,1945,,,20,,,,,,,,
IRN,1947,,,400,,,,,,,,
IRN,1948,,,200,,,,,,,,
IRN,1958,,,191,,,,,,,,
IRN,1960,,,480,,,,,,,,
IRN,1961,,,60,,,,,,,,
IRN,1962,,,12000,,,,,,,,
IRN,1965,,,20,,,,,,,,
IRN,1970,,,176,,,,,,,43,
IRN,1972,,,5057,60,,,,,,,
IRN,1976,,,16,,,,,,,,
IRN,1977,,,1114,,,,,,,,
IRN,1978,,,25045,,,,,,,,
IRN,1979,,,565,,,,,,,,
IRN,1983,,,33,,,,,,,,
IRN,1985,,,1,,,,,,,,
IRN,2009,,,0,,,,,,,,
IRN,2010,,,10,,,,,,,,
IRN,2013,,,45,,,,,,,,
IRN,2023,,,3,6,,,,,,,
IRN,1975,,,,14,,,,,,,
IRN,2016,,,,4,,,,,,,
IRN,2025,,,,0,,,,,,,
IRQ,1969,0,,,,,,,,,,
IRQ,1970,0,,,,,,,,,,
IRQ,1971,0,,,,,,,,,,
IRQ,1998,0,,,,,,,,,,
IRQ,1999,0,,,,,,,,,,
IRQ,2000,0,,,,,,,,,,
IRQ,2001,0,,,,,,,,,,
IRQ,2021,0,16,,,,,,,,,
IRQ,2022,0,,,1,,,,,,,
IRQ,2023,0,,,3,,,,,,,
IRQ,1954,,0,,,,,,,,,
IRQ,1967,,0,,,,,,,,,
IRQ,1968,,0,,,,,,,,,
IRQ,2006,,20,,,,,,,,,
IRQ,2008,,4,,,,,,,,,
IRQ,2009,,2,,,,,,,,,
IRQ,2011,,6,,,,,,,,,
IRQ,2012,,4,,,,,,,,,
IRQ,2013,,11,,,,,,,,,
IRQ,2015,,58,,,,,,,,,
IRQ,2018,,21,,,,,,,,,
IRQ,2019,,10,,,,,,,,,
IRQ,2020,,8,,,,,,,,,
IRQ,2024,,3,,,,,,,,,
IRQ,2025,,0,,0,,,,,,,
IRQ,1991,,,20,,,,,,,,
IRQ,2017,,,10,,,,,,,,
IRL,1987,,0,,,,,,,,,
IRL,1993,,3,,,,,,,,,
IRL,2002,,0,,,,,,,,,
IRL,2009,,0,,,,,,,,,
IRL,2011,,2,,,,,,,,,
IRL,2017,,0,,,,,,,,,
IRL,1983,,,,10,,,,,,,
IRL,1986,,,,11,,,,,,,
IRL,1990,,,,2,,,,,,,
IRL,1991,,,,0,,,,,,,
IRL,1996,,,,2,,,,,,,
IRL,1998,,,,2,,,,,,,
IRL,1999,,,,8,,,,,,,
IRL,2000,,,,1,,,,,,,
IRL,2004,,,,0,,,,,,,
IRL,2005,,,,0,,,,,,,
IRL,2014,,,,1,,,,,,,
IRL,2015,,,,1,,,,,,,
IRL,2018,,,,2,,,,,,,
IRL,2020,,,,0,,,,,,,
IRL,2021,,,,0,,,,,,,
IRL,2022,,,,1,26,,,,,,
IRL,2024,,,,0,37,,,,,,
IRL,2023,,,,,60,,,,,,
ISR,1999,0,,,,,,,,,,
ISR,1997,,15,,,,,,,,,
ISR,1998,,0,,,,,,,,,
ISR,2010,,2,,,,,44,,,,
ISR,2018,,12,,,,,,,,,
ISR,2020,,7,,,,,0,,,,
ISR,1903,,,20,,,,,,,,
ISR,1991,,,,5,,,,,,,
ISR,2000,,,,3,0,,,,,,
ISR,2013,,,,4,,,,,,,
ISR,2015,,,,0,,,,,,,
ISR,1992,,,,,0,,,,,,
ISR,1983,,,,,,,0,,,,
ISR,1995,,,,,,,0,,,,
ISR,2016,,,,,,,0,,,,
ISR,2025,,,,,,,0,,,,
ISR,1970,,,,,,,,,,20,
ITA,1997,0,,14,22,,,,,,,
ITA,2002,0,2,32,,,,,,,,
ITA,2012,0,6,24,,45,,,,,,
ITA,2017,0,1,31,13,,,,,,,
ITA,2022,0,12,,2,18010,,,11,,12,
ITA,2023,0,17,,10,12743,,,,,1,
ITA,2024,0,,,4,19038,,,,,,
ITA,1951,,170,,,,,,,,,
ITA,1953,,100,,,,,,,,,
ITA,1965,,13,,37,,,,,,,
ITA,1966,,70,,,,,,,,,
ITA,1968,,72,224,,,,,,,,
ITA,1970,,37,,35,,,,,,,
ITA,1977,,23,,,,,,,,,
ITA,1985,,329,,,,,,,,,
ITA,1986,,2,,,,,,,,,
ITA,1987,,0,,62,,,,,,57,
ITA,1992,,5,,,,,,,,,
ITA,1994,,68,,3,,,1,,,,
ITA,1996,,19,,,,,,,,0,
ITA,2000,,44,,,,,,,,,
ITA,2003,,3,0,,20089,,,,,,
ITA,2008,,9,,,,,,,,,
ITA,2009,,35,300,3,0,,2,,,,
ITA,2010,,0,,3,0,,,,,,
ITA,2011,,16,,,10,,,,,,
ITA,2013,,18,,,,,,,,,
ITA,2014,,10,,5,,,,,,,
ITA,2015,,4,,3,,,,,,,
ITA,2016,,1,297,,,,,,,,
ITA,2018,,10,,12,1,0,,,,,
ITA,2019,,0,,4,3,,,,,,
ITA,2020,,4,,7,,,,,,3,
ITA,2021,,1,,,,,0,,,,
ITA,2025,,0,,0,,,,,,,
ITA,1905,,,557,,,,,,,,
ITA,1908,,,75000,,,,,,,,
ITA,1914,,,120,,,,,,,,
ITA,1915,,,29980,,,,,,,,
ITA,1920,,,1400,,,,,,,,
ITA,1930,,,1901,,,,,,,,
ITA,1933,,,10,,,,,,,,
ITA,1962,,,16,,,,,,,,
ITA,1971,,,22,,,,,,,,
ITA,1972,,,3,,,,,,,,
ITA,1976,,,945,,,,,,,,
ITA,1978,,,5,1,,,,,,,
ITA,1979,,,5,,,9,,,,,
ITA,1980,,,4689,,,,,,,,
ITA,1981,,,12,,,,,,,,
ITA,1982,,,0,,,,,,,0,
ITA,1983,,,0,,,,7,,,17,
ITA,1984,,,7,,,,,,,,
ITA,1990,,,21,6,,,0,,,,
ITA,1998,,,0,,10,,,,,160,
ITA,1948,,,,51,,,,,,25,
ITA,1973,,,,38,,,,,,,
ITA,1993,,,,9,,,,,,,
ITA,2001,,,,0,,0,,,,,
ITA,2004,,,,2,,,,,,,
ITA,2006,,,,1,8,,,,,4,
ITA,2005,,,,,1,,,,,,
ITA,2007,,,,,6,,11,,,,
ITA,1906,,,,,,700,,,,,
ITA,1944,,,,,,26,,,,,
ITA,1991,,,,,,0,,,,,
ITA,1999,,,,,,,0,,,1,
ITA,1954,,,,,,,,,,297,
ITA,1960,,,,,,,,,,12,
ITA,1963,,,,,,,,,,1917,
ITA,1975,,,,,,,,,,12,
JAM,1968,0,,,,,,,,,,
JAM,2000,0,,,,,,,,,,
JAM,2014,0,,,,,,,,,,
JAM,1900,,300,,,,,,,,,
JAM,1933,,53,,10,,,,,,,
JAM,1937,,111,,,,,,,40,,
JAM,1940,,125,,,,,,,,,
JAM,1979,,44,,,,,,,,,
JAM,1986,,54,,,,,,,,,
JAM,1987,,9,,,,,,,,,
JAM,1988,,0,,49,,,,,,,
JAM,1991,,15,,,,,,,,,
JAM,1993,,9,,,,,,,,,
JAM,2002,,9,,4,,,,,,,
JAM,2006,,1,,,,,,,,,
JAM,1907,,,1200,,,,,,,,
JAM,1903,,,,65,,,,,,,
JAM,1912,,,,142,,,,,,,
JAM,1917,,,,57,,,,,,,
JAM,1923,,,,4,,,,,,,
JAM,1935,,,,0,,,,,,,
JAM,1944,,,,32,,,,,,,
JAM,1951,,,,154,,,,,,,
JAM,1963,,,,11,,,,,,,
JAM,1973,,,,6,,,,,,,
JAM,1980,,,,6,,,,,,,
JAM,1985,,,,7,,,,,,,
JAM,1994,,,,4,,,,,,,
JAM,1996,,,,0,,,,,,,
JAM,2001,,,,1,,,,,,,
JAM,2004,,,,16,,,,,,,
JAM,2005,,,,6,,,,,,,
JAM,2007,,,,5,,,,,,,
JAM,2008,,,,13,,,,,,,
JAM,2010,,,,15,,,,,,,
JAM,2012,,,,1,,,,,,,
JAM,2016,,,,0,,,,,,,
JAM,2017,,,,0,,,,,,,
JAM,2024,,,,5,,,,,,,
JAM,1909,,,,,,,,,,53,
JPN,1977,0,5,,32,,3,,,,,
JPN,1910,,1379,,,,,,,,,
JPN,1938,,933,,,,,,,,,
JPN,1943,,990,1400,,,,,,,,
JPN,1947,,2000,,1930,,,,,,,
JPN,1950,,127,,509,,,,,,,
JPN,1951,,306,,943,,,,,,,
JPN,1953,,4067,,507,,,,,,,
JPN,1957,,992,,109,,,,,,,
JPN,1959,,41,,5386,,,,,,,
JPN,1961,,357,10,296,,,,,,,
JPN,1962,,71,,0,,,,,,,
JPN,1964,,136,25,42,,,,,,108,
JPN,1965,,142,,147,,,,,,,
JPN,1967,,489,,290,,,,,,,
JPN,1972,,458,,50,,,,,,80,
JPN,1976,,0,,169,,,,,,,
JPN,1978,,8,53,6,,,,,,,
JPN,1979,,23,,71,,,,,,,
JPN,1980,,20,2,7,,,,,,,
JPN,1982,,345,110,218,,,,,,,
JPN,1986,,14,,17,,0,,,,33,
JPN,1988,,27,,,,,,,,,
JPN,1989,,10,,15,,,,,,18,
JPN,1990,,27,,40,,,,,,,
JPN,1993,,0,241,113,,1,,,,83,
JPN,1995,,0,5297,3,,,,,,,
JPN,1998,,16,,41,,,,,,0,
JPN,1999,,60,,26,,,,,,,
JPN,2000,,18,1,13,,0,,,,,
JPN,2001,,1,2,22,,,,,,,
JPN,2003,,23,2,21,,,,,,,
JPN,2004,,22,40,199,10,,,,,,
JPN,2005,,0,1,117,,,,,,,
JPN,2006,,42,,38,,,,,,,
JPN,2007,,2,10,13,62,,,,,,
JPN,2008,,5,24,,47,,,,,,
JPN,2010,,10,,,170,,,,,,
JPN,2011,,6,19848,86,36,,,,,,
JPN,2012,,30,,143,,,,,,,
JPN,2013,,5,0,57,338,,,,,,
JPN,2015,,21,,11,39,,,,,,
JPN,2016,,7,58,25,11,,,,,,
JPN,2017,,37,,12,,,,,,,
JPN,2018,,246,46,24,119,,,,,,
JPN,2019,,13,0,102,173,,,,,,
JPN,2020,,82,,23,,,,,,,
JPN,2021,,12,1,23,,,,,,26,
JPN,2022,,2,3,27,80,,,,,,
JPN,2023,,6,1,8,,,,,,,
JPN,2024,,6,551,18,123,,,,,,
JPN,2025,,5,1,1,,,1,,,,
JPN,1901,,,18,,,,,,,,
JPN,1905,,,52,,,,,,,,
JPN,1909,,,41,,,,,,,,
JPN,1911,,,12,,,,,,,,
JPN,1914,,,94,,,140,,,,,
JPN,1922,,,27,,,,,,,,
JPN,1923,,,143000,3000,,,,,,200,
JPN,1925,,,395,,,,,,,,
JPN,1927,,,3022,,,,,,,,
JPN,1930,,,259,,,,,,,,
JPN,1933,,,3000,,,,,,,,
JPN,1939,,,27,,,,,,,,
JPN,1944,,,1223,,,,,,,,
JPN,1945,,,2306,4197,,0,,,,,
JPN,1946,,,2000,,,,,,,,
JPN,1948,,,5131,868,,,,,,,
JPN,1952,,,33,176,,29,,,,,
JPN,1960,,,138,47,,,,,,,
JPN,1968,,,47,124,,,,,,,
JPN,1973,,,0,101,,,,,,,
JPN,1974,,,30,284,,,,,,17,
JPN,1983,,,103,109,,0,,,,187,
JPN,1984,,,20,66,,,,,,14,
JPN,1987,,,2,8,,,,,,,
JPN,1992,,,0,11,,0,,,,,
JPN,1994,,,7,3,,,,,,,
JPN,2009,,,1,16,16,,,,,44,
JPN,2014,,,0,129,27,63,,,,82,
JPN,1912,,,,1000,,,,,,,
JPN,1917,,,,4000,,,,,,,
JPN,1934,,,,3006,,,,,,,
JPN,1949,,,,617,,,,,,,
JPN,1954,,,,4056,,,,,,,
JPN,1955,,,,270,,,,,,73,
JPN,1956,,,,121,,,,,,40,
JPN,1958,,,,1950,,,,,,,
JPN,1963,,,,133,,,,,,,
JPN,1966,,,,358,,,,,,,
JPN,1969,,,,72,,,,,,,
JPN,1971,,,,135,,,,,,,
JPN,1975,,,,68,,,,,,30,
JPN,1981,,,,163,,,,,,40,
JPN,1985,,,,49,,,,,,,
JPN,1991,,,,101,,43,,,,,
JPN,1996,,,,6,,,,,,14,
JPN,1997,,,,7,,,,,,21,
JPN,2002,,,,7,,,0,,,,
JPN,1900,,,,,,30,,,,,
JPN,1902,,,,,,125,,,,,
JPN,1926,,,,,,144,,,,,
JOR,1999,0,,,,,,,,,,
JOR,2000,0,,,9,0,,,,,,
JOR,1963,,25,,,,,,,,,
JOR,1965,,8,,,,,,,,,
JOR,1966,,259,,,,,,,,,
JOR,1987,,9,,,,,,,,,
JOR,1991,,8,,2,,,,,,,
JOR,1997,,2,,,,,,,,,
JOR,2018,,34,,,,,,,,,
JOR,1927,,,268,,,,,,,,
JOR,1992,,,,,15,,,,,,
JOR,2023,,,,,0,,,,,,
KAZ,2021,0,,,,,,,,,,
KAZ,1993,,10,,,,,,,,,
KAZ,2000,,0,,,,,,,,,
KAZ,2001,,0,,,3,,,,,,
KAZ,2005,,0,,,,,,,,,
KAZ,2008,,1,,,,,,,,,
KAZ,2010,,44,,,,,,,,,
KAZ,2011,,2,,,,,,,,,
KAZ,2012,,0,,,0,,,,,,
KAZ,2014,,5,,,,,,,,,
KAZ,2015,,2,,,,,,,,,
KAZ,2017,,0,,,,,,,,,
KAZ,2018,,0,,,,,,,,,
KAZ,2020,,0,,,,,,,,,
KAZ,2024,,2,0,,,,,,,,
KAZ,1911,,,450,,,,,,,,
KAZ,2003,,,3,,,,,,,,
KAZ,1995,,,,112,,,,,,,
KAZ,1997,,,,,0,,0,,,,
KAZ,2013,,,,,0,,,,,,
KAZ,2023,,,,,,,14,,,,
KAZ,2004,,,,,,,,,,48,
KEN,1965,0,,,,,,,,,,
KEN,1971,0,,,,,,,,,,
KEN,1979,0,,,,,,,,,,
KEN,1980,0,,,,,,,,,,
KEN,1984,0,,,,,,,,,,
KEN,1991,0,,,,,,,,,,
KEN,1992,0,,,,,,,,,,
KEN,1994,0,,,,,,,,,,
KEN,1995,0,,,,,,,,,,
KEN,1997,0,86,,,,,,,,,
KEN,1998,0,40,,,,,,,,,
KEN,1999,2,,,,,,,,,,
KEN,2000,27,,,,,,,,,,
KEN,2001,27,,,,,,,,,,
KEN,2002,29,85,,,,,,,,16,
KEN,2004,80,54,1,,,,,,,,
KEN,2005,2,26,,,,,,,,,
KEN,2006,25,212,,,,,,,,,
KEN,2008,1,55,,,,,,,,10,
KEN,2009,3,32,,,,,,,,,
KEN,2011,0,33,,,,,,,,,
KEN,2012,0,73,,,,,,,,,
KEN,2014,0,,,,,,,,,,
KEN,2015,0,119,,,,,,,,,
KEN,2016,0,61,,,,,,,,,
KEN,2017,0,26,,,,,,,,,
KEN,2018,0,134,,,,,,,,,
KEN,2019,0,90,,,,,,,,97,
KEN,2020,0,285,,,,,,,,,
KEN,2021,0,9,,,,,,,,,
KEN,2022,0,,,,,,,,,,
KEN,2025,0,,,,,,,,,,
KEN,1964,,0,,,,,,,,,
KEN,1968,,0,,,,,,,,,
KEN,1975,,0,,,,,,,,,
KEN,1977,,100,,,,,,,,,
KEN,1982,,75,,,,,,,,,
KEN,1990,,44,0,,,,,,,,
KEN,1996,,0,,,,,,,,,
KEN,2003,,40,,,,,,,,,
KEN,2007,,19,,,,,,,,20,
KEN,2010,,218,,,,,,,,10,
KEN,2013,,128,,,,,,,,,
KEN,2023,,67,,,,,,,,,
KEN,2024,,536,,,,,,,,,
KEN,1988,,,,50,,,,,,,
KIR,1999,0,,,,,,,,,,
KIR,2008,,0,,,,,,,,,
KIR,2014,,0,,,,,,,,,
KIR,1972,,,,3,,,,,,,
KIR,2015,,,,0,,,,,,,
KWT,1997,,2,,,,,,,,,
KWT,2018,,1,,,,,,,,,
KGZ,2009,0,,,,,,,,,,
KGZ,1998,,1,,,,,,,,,
KGZ,2005,,3,,,,,,,,,
KGZ,2007,,0,,,,,,,,,
KGZ,2012,,0,,,16,,,,,,
KGZ,2024,,6,,,,,,,,,
KGZ,1992,,,58,,,,,,,,
KGZ,1997,,,0,,,,,,,,
KGZ,2006,,,0,4,,,,,,,
KGZ,2008,,,74,,,,,,,,
KGZ,2011,,,0,,,,,,,,
KGZ,2015,,,0,,,,,,,,
KGZ,2017,,,0,,,,,,,24,
KGZ,2014,,,,0,,,,,,,
KGZ,2000,,,,,11,,,,,,
KGZ,2022,,,,,0,,,,,,
KGZ,1994,,,,,,,,,,162,
KGZ,2002,,,,,,,,,,0,
KGZ,2003,,,,,,,,,,38,
KGZ,2004,,,,,,,,,,49,
KGZ,2010,,,,,,,,,,0,
KGZ,2021,,,,,,,,,,15,
LAO,1977,0,,,,,,,,,,
LAO,1987,0,,,,,,,,,,
LAO,1988,0,,,,,,,,,,
LAO,1999,0,,,,,,,,,,
LAO,2019,0,19,,,,,,,,,
LAO,1966,,300,,,,,,,,,
LAO,1968,,2,,,,,,,,,
LAO,1969,,0,,,,,,,,,
LAO,1971,,14,,,,,,,,,
LAO,1978,,31,,,,,,,,,
LAO,1981,,0,,,,,,,,,
LAO,1984,,14,,,,,,,,,
LAO,1991,,0,,0,,,,,,,
LAO,1992,,10,,22,,,,,,,
LAO,1994,,0,,,,,,,,,
LAO,1995,,0,,26,,,,,,,
LAO,1996,,30,,,,,,,,,
LAO,2000,,15,,,,,,,,,
LAO,2001,,0,,,,,,,,,
LAO,2002,,2,,,,,,,,,
LAO,2008,,6,,,,,,,,,
LAO,2009,,10,,16,,,,,,,
LAO,2011,,48,,,,,,,,,
LAO,2013,,23,,,,,,,,,
LAO,2014,,0,,,,,,,,,
LAO,2015,,4,,,,,,,,,
LAO,2016,,5,,,,,,,,,
LAO,2018,,136,,0,,,,,,,
LAO,2022,,1,,,,,,,,,
LAO,2023,,7,,,,,,,,,
LAO,2024,,0,,5,0,,,,,,
LAO,2025,,13,,2,,,,,,,
LAO,2021,,,0,0,,,,,,,
LAO,1993,,,,8,,,,,,,
LAO,2017,,,,0,,,,,,,
LAO,2020,,,,2,,,,,,,
LVA,2023,,0,,,58,,,,,,
LVA,1999,,,,6,,,,,,,
LVA,2005,,,,0,,,,,,,
LVA,2001,,,,,21,,,,,,
LVA,2003,,,,,15,,,,,,
LVA,2006,,,,,40,,,,,,
LVA,2012,,,,,10,,,,,,
LVA,2022,,,,,105,,,,,,
LVA,2024,,,,,71,,,,,,
LVA,2018,,,,,,,0,,,,
LBN,1955,,440,,,,,,,,,
LBN,1987,,0,,,,,,,,,
LBN,2003,,0,,,,,,,,,
LBN,1956,,,136,,,,,,,,
LBN,1992,,,,25,,,,,,,
LBN,2002,,,,0,,,,,,,
LBN,2015,,,,5,,,,,,,
LBN,2018,,,,15,,,,,,,
LBN,2019,,,,3,,,,,,,
LBN,2023,,,,,0,,,,,,
LBN,2024,,,,,0,,,,,,
LBN,2007,,,,,,,1,,,,
LBN,2020,,,,,,,0,,,,
LBN,1983,,,,,,,,,20,,
LSO,1968,0,,,,,,,,,,
LSO,1983,0,,,,,,,,,,
LSO,1984,0,,,,,,,,,,
LSO,1992,0,,,,,,,,,,
LSO,1993,0,,,,,,,,,,
LSO,1994,0,,,,,,,,,,
LSO,2002,0,,,,,,,,,,
LSO,2003,0,,,,,,,,,,
LSO,2007,0,,,,,,,,,,
LSO,2008,0,,,0,,,,,,,
LSO,2011,0,26,,,,,,,,,
LSO,2012,0,,,,,,,,,,
LSO,2016,0,,,,,,,,,,
LSO,2017,0,,,,,,,,,,
LSO,2019,0,,,,,,,,,,
LSO,2020,0,,,,,,,,,,
LSO,2021,0,,,0,,,,,,,
LSO,2022,0,,,,,,,,,,
LSO,2023,0,,,2,,,,,,,
LSO,2024,0,,,,,,,,,,
LSO,2025,0,,,,,,,,,,
LSO,1985,,0,,,,,,,,,
LSO,1987,,18,,,,,,,,,
LSO,1990,,22,,,,,,,,,
LSO,1989,,,,0,,,,,,,
LSO,1996,,,,0,,,,,,,
LSO,2001,,,,1,,,,,,,
LSO,2014,,,,0,,,,,,,
LBR,1983,0,,,,,,,,,,
LBR,1998,,10,,,,,,,,,
LBR,2007,,1,,0,,,,,,,
LBR,2008,,0,,,,,,,,,
LBR,2009,,2,,,,,,,,,
LBR,2010,,1,,,,,,,,,
LBR,2016,,0,,,,,,,,,
LBR,2024,,2,,,,,,,,,
LBR,1995,,,,0,,,,,,,
LBR,1990,,,,,0,,,,,,
LBR,1982,,,,,,,,,46,,
LBY,1995,,0,,,,,,,,,
LBY,2013,,16,,,,,,,,,
LBY,2019,,4,,,,,,,,,
LBY,2024,,5,,,,,,,,,
LBY,1963,,,300,,,,,,,,
LBY,2023,,,,13200,,,,,,,
LIE,2023,,,,,1,,,,,,
LTU,1992,0,,,,,,,,,,
LTU,2006,0,,,,,,,,,,
LTU,2018,0,,,,5,,,,,,
LTU,2005,,0,,0,,,,,,,
LTU,2010,,4,,,5,,,,,,
LTU,1993,,,,6,,,,,,,
LTU,1999,,,,2,32,,,,,,
LTU,2001,,,,,20,,,,,,
LTU,2012,,,,,30,,,,,,
LTU,2022,,,,,381,,,,,,
LTU,2023,,,,,247,,,,,,
LTU,2024,,,,,329,,,,,,
,1903,0,,,,,,,,,,
,1906,0,,,,,,,,,,
,1907,0,,,,,,,,,,
,1910,16990,,,,,,,,,,
,1911,16990,,,,,,,,,,
,1912,16990,,,,,,,,,,
,1913,16990,,,,,,,,,,
,1914,17040,,,,,,,,,,
,1940,0,,,,,,,,,,
,1941,0,,,,,,,,,,
,1942,0,,,,,,,,,,
,1943,0,,,,,,,,,,
,1944,0,,,,,,,,,,
,1964,50,,,,,,,,,,
,1965,2000,,,,,,,,,,
,1966,0,,128,0,,,,,,,
,1967,0,0,,,,,,,,,
,1968,0,1,,29,,,,,,154,
,1969,0,0,24,81,,,,,,,
,1970,0,,,70,,,,,,,
,1971,0,500,,,,,,,,100,
,1972,0,150,11,91,,,,,,,
,1973,1669,0,,,,,0,,,,
,1974,20427,0,,,,,,,,,
,1975,28756,1,,8,,,,,,,
,1976,28782,51,50,16,,,,,,,
,1977,19655,307,,26,,211,,,,,
,1978,19711,203,,74,,,,,,,
,1979,0,0,,,,,,,,,
,1980,0,0,,,,,,,,,
,1981,20109,5,,107,,,,,,,
,1982,20708,0,500,92,,,,,46,,
,1983,182005,0,12,42,,,,,,,
,1984,254837,0,1,237,,,,,,,
,1985,75341,17,,0,,,,,,,
,1987,1017,315,,1,,,,,,70,
,1988,31,285,0,111,,,,,,,
,1989,279,62,9,46,,,,,,0,
,1990,42,23,0,,144,,,,,,
,1991,42,1704,164,36,80,,,,13,,
,1992,43,600,23,,,,,,,,
,1993,0,54,3,19,,,,,,215,
,1994,0,233,167,482,,,,,,22,
,1995,0,148,,0,,,0,,,354,
,1996,0,745,0,20,,,,,,,
,1997,0,2850,5,174,,,,,,120,
,1998,0,270,7023,,,,50,,,157,
,1999,19,228,70,13,,,0,,,,
,2000,68,886,,231,,,0,,,4,
,2001,77,473,4,60,327,,,,,23,
,2002,603,293,1245,65,,200,1,,,85,
,2003,9,390,1,131,,,,,,,
,2004,0,56,303,402,,,,,,,
,2005,112,779,12,357,21,0,,,,65,
,2006,10,1776,5,78,,,,,,52,
,2007,0,1486,,105,,11,,,,,
,2008,0,251,47,124,1317,,49,,,,
,2009,0,264,26,30,,,0,,,21,
,2010,10000,310,11,149,,,8,,,675,
,2011,10000,220,,134,,,,,,,
,2012,0,485,75,204,45,,,,,129,
,2013,0,598,18,213,,,0,,,24,
,2014,0,859,,80,,,,,,11,
,2015,0,659,118,140,16,,3,,,344,
,2016,0,1251,4,12,,,,,,85,
,2017,0,325,,158,,,,,,1405,
,2018,0,461,,285,0,,,,,142,
,2019,0,695,,671,,,50,,,285,
,2020,0,1138,,36,,,3,,,44,
,2021,0,623,,36,,32,,,,20,
,2022,2465,1186,1191,378,,,0,,,38,
,2023,0,3795,7156,1484,166,,0,,,72,
,2024,0,2614,,183,1197,,0,,16,568,
,2025,27,580,2208,34,,,0,,,,
,1956,,51,100,107,,,,,,,
,1961,,200,30,,,,,,,,
,1963,,107,,,,,,,,,
,1986,,0,,99,,,,,,,
,1954,,,2000,,,,,,,,
,1900,1250000,,,,,,,,,,
,1910,0,,,,,,,,,,
,1911,0,,,0,,1335,,,,,
,1912,0,,,0,,,,,,,
,1913,0,,,,,,,,,,
,1914,0,,,,,,,,,,
,1940,0,,,73,,,,,,,
,1941,0,,15,5000,,,,,,,
,1942,1500000,,,101000,,,,,,,
,1943,1900000,,,5000,,,,,,,
,1944,0,,,304,,,,,,,
,1947,0,,,500,,,,,,,
,1964,0,757,4,9192,,,,,,,
,1965,500000,157,,59058,100,355,,,,,
,1966,500000,713,95,1369,,,,,,,
,1967,500000,356,177,1488,,,,,,154,
,1968,0,7044,271,1246,,3,,,,1000,
,1969,0,602,13,1675,,0,,,,,
,1970,0,1715,55,304119,,,,,,21,
,1971,0,1337,,10274,,0,,,,100,
,1972,0,781,10100,872,,,,,,105,
,1973,0,1015,14,2346,261,,,,,2800,
,1974,0,29110,4700,11023,,,,,,27,
,1975,0,375,247,751,14,,,,,125,
,1976,0,560,6000,704,,0,,,,150,
,1977,0,1558,35,14944,,1,,,,27,
,1978,0,5369,,3298,150,0,2,,,86,
,1979,0,333,,722,470,,0,,,285,
,1980,0,3237,113,922,129,,,,50,150,
,1981,0,1739,256,2945,300,,8,,,200,
,1982,0,1371,0,1589,400,,,,,1,
,1983,500,1575,472,2362,,0,,,20,183,
,1984,0,2277,24,3411,290,37,0,,,,
,1985,0,1969,7,16294,328,,4,,300,,
,1987,300,3867,1,1502,100,,,,,,
,1988,0,4941,1094,2423,450,,,,157,666,
,1989,0,2205,1,2245,297,,,,55,189,
,1990,0,1077,2439,3375,399,,,,,30,
,1991,0,1790,1800,145504,627,640,0,,,225,
,1992,0,3725,838,289,386,1,56,,13,607,
,1993,0,3126,9801,2039,,79,,,34,197,
,1994,0,4310,86,1898,190,5,,,,210,
,1995,0,5221,10,2322,710,0,,,,820,
,1996,0,2657,,3135,254,4,,,,215,
,1997,15,2994,116,4307,133,,0,,,111,
,1998,65,4741,2278,22888,2761,,2,,,458,
,1999,7,2212,124,11194,151,0,41,,,124,
,2000,69,3598,10,532,371,0,0,,11,592,
,2001,131,1694,20017,1021,179,0,,,,287,
,2002,63,1473,67,568,2410,0,0,,,524,
,2003,36,1818,2,395,2137,,,,,343,
,2004,80,5392,52524,5181,389,0,0,,,199,
,2005,2,3219,74650,599,575,1,0,,,337,
,2006,25,2191,3,2594,274,0,,,,1366,
,2007,0,4839,63,5143,291,0,3,,,179,
,2008,1,2536,240,140297,59,0,,,108,84,
,2009,3,2289,18,2010,211,0,,,,158,
,2010,0,4131,222570,713,711,0,0,,,222,
,2011,0,2736,209,1953,316,0,,,,75,
,2012,0,1854,154,2353,139,,,,16,299,
,2013,0,7912,705,7653,838,,1,,,35,
,2014,0,1650,2,663,319,0,,,,638,
,2015,24,1883,9356,619,3587,,,,13,130,
,2016,0,1977,48,1018,300,,18,,,62,
,2017,0,2159,11,1670,264,0,0,,,313,
,2018,0,1676,198,1044,308,0,17,,17,15,
,2019,77,3113,127,1068,162,0,0,,,214,
,2020,0,4070,1,1038,3,1,5,,,314,
,2021,0,2308,2603,898,,0,0,250,,103,
,2022,0,5031,68,685,29,0,4,,,113,
,2023,5,2744,3134,323,212,0,12,178,,230,
,2024,5,2348,19,1440,1382,0,2,0,,1376,
,2025,0,1877,3813,391,,0,0,18,,166,
,1926,,0,12,2700,,,,,,,
,1928,,36,,,,,,,,,
,1950,,3045,1500,90,,84,,,,,
,1951,,131,3500,1816,,3500,,,,,
,1953,,80,,1000,511,,,,,,
,1954,,436,13,410,,,,,,292,
,1955,,440,432,2264,,,,,,,
,1956,,420,249,385,,,,,,27,
,1957,,262,13,289,,0,,,,,
,1958,,5,,500,651,,,,,52,
,1959,,771,,23,,,,,,48,
,1960,,10562,13132,8780,,0,,,,40,
,1961,,3057,,11268,400,,,,,,
,1962,,239,,197,,,,,,,
,1963,,924,,27392,,,,,150,,
,1986,,714,6,1298,,1746,,,,153,
,1905,,,20000,240,,,,,,,
,1909,,,331,322,,,,,,,
,1918,,,100,,,,,,,,
,1925,,,17,80,,,,,,,
,1927,,,268,685,,,,,,,
,1930,,,1586,,,,,,,,
,1931,,,1050,1500,,,,,,,
,1935,,,60000,62250,,,,,,,
,1937,,,1,231,,506,,,,,
,1939,,,22,0,,,,,,,
,1945,,,4000,0,,,,,,,
,1948,,,72,,,,,,,500,
,1952,,,6,1764,,,,,,,
,1902,,,,600,,,,,,,
,1904,,,,0,,,,,,,
,1915,,,,1600,,,,,,,
,1916,,,,300,,,,,,,
,1919,,,,0,,,,,,,
,1922,,,,0,,,,,,,
,1923,,,,12,,,,,,,
,1924,,,,1242,,,,,,,
,1932,,,,147,,,,,,,
,1934,,,,553,,,,,,,
,1936,,,,1750,,,,,,,
,1938,,,,305,,,,,,,
,1946,,,,260,,,,,,,
,1949,,,,2000,,,,,,,
,1903,,,,,,17,,,,,
LUX,1983,,0,,,,,,,,,
LUX,1993,,0,,,,,,,,,
LUX,2021,,0,,,,,,,,,
LUX,1990,,,,0,,,,,,,
LUX,1995,,,,0,,,,,,,
LUX,2010,,,,0,,,,,,,
LUX,2019,,,,0,,,,,,,
LUX,2003,,,,,170,,,,,,
LUX,2022,,,,,44,,,,,,
LUX,2023,,,,,33,,,,,,
LUX,2024,,,,,15,,,,,,
MAC,1993,,,,0,,,,,,,
MAC,2017,,,,10,,,,,,,
MAC,2025,,,,0,,,,,,,
MDG,1981,0,,,107,,,,,,,
MDG,1988,31,,,,,,,,,,
MDG,1989,42,,,46,,,,,,,
MDG,1990,42,,,,,,,,,,
MDG,1991,42,,,36,,,,,,,
MDG,1992,43,,,,,,,,,,
MDG,2000,0,,,153,,,,,,,
MDG,2002,0,,,22,,,,,,,
MDG,2003,0,16,,89,,,,,,,
MDG,2004,0,,,395,,,,,,,
MDG,2005,0,29,,78,,,,,,,
MDG,2006,0,,,4,,,,,,,
MDG,2008,0,,,105,,,,,,,
MDG,2009,0,,,27,,,,,,,
MDG,2010,0,,,120,,,,,,,
MDG,2011,0,,,35,,,,,,,
MDG,2014,0,,,17,,,,,,,
MDG,2015,0,26,,95,,,,,,,
MDG,2016,0,,,,,,,,,,
MDG,2017,0,,,81,,,,,,,
MDG,2018,0,,,94,,,,,,,
MDG,2020,0,40,,4,,,,,,,
MDG,2021,0,1,,2,,,,,,,
MDG,2022,0,34,,190,,,,,,,
MDG,2023,0,,,70,,,,,,,
MDG,2024,0,,,32,,,,,16,,
MDG,1986,,0,,99,,,,,,,
MDG,1998,,0,,,,,,,,,
MDG,2007,,7,,81,,,,,,,
MDG,2019,,9,,8,,,,,,,
MDG,2025,,11,,8,,,,,,,
MDG,1968,,,,29,,,,,,,
MDG,1969,,,,81,,,,,,,
MDG,1970,,,,70,,,,,,,
MDG,1972,,,,91,,,,,,,
MDG,1975,,,,7,,,,,,,
MDG,1976,,,,16,,,,,,,
MDG,1977,,,,10,,,,,,,
MDG,1978,,,,70,,,,,,,
MDG,1982,,,,92,,,,,,,
MDG,1983,,,,42,,,,,,,
MDG,1984,,,,68,,,,,,,
MDG,1994,,,,212,,,,,,,
MDG,1996,,,,9,,,,,,,
MDG,1997,,,,174,,,,,,,
MDG,2012,,,,112,,,,,,,
MDG,2013,,,,51,,,,,,,
MWI,1987,0,,,,,,,,,,
MWI,1988,0,,,,,,,,,,
MWI,1990,0,,,,,,,,,,
MWI,1992,0,,,,,,,,,,
MWI,1993,0,,,,,,,,,,
MWI,1994,0,,,,,,,,,,
MWI,1995,0,1,,,,,,,,,
MWI,2002,500,9,,,,,,,,,
MWI,2005,0,0,,11,,,,,,,
MWI,2006,0,9,,,,,,,,,
MWI,2007,0,2,,,,,,,,,
MWI,2012,0,0,,0,,,,,,,
MWI,2013,0,7,,,,,,,,,
MWI,2015,0,278,,5,,,,,,,
MWI,2016,0,12,,,,,,,,,
MWI,2017,0,0,,,,,,,,,
MWI,2022,0,41,,71,,,,,,,
MWI,2024,0,17,,13,,,,,,,
MWI,1967,,0,,,,,,,,,
MWI,1969,,0,,,,,,,,,
MWI,1979,,0,,,,,,,,,
MWI,1982,,0,,,,,,,,,
MWI,1989,,13,9,,,,,,,,
MWI,1991,,472,,,,,,,,,
MWI,1997,,0,,,,,,,,,
MWI,1998,,4,,,,,,,,,
MWI,1999,,0,,,,,,,,,
MWI,2000,,0,,,,,,,,,
MWI,2001,,59,,,,,,,,,
MWI,2003,,12,,,,,,,,,
MWI,2008,,0,,,,,,,,,
MWI,2009,,0,4,,,,,,,,
MWI,2010,,0,,,,,,,,,
MWI,2011,,4,,,,,,,,,
MWI,2018,,5,,,,,,,,,
MWI,2019,,60,,,,,,,,8,
MWI,2020,,1,,,,,,,,,
MWI,2023,,21,,1209,,,,,,,
MWI,2025,,39,,3,,,,,,,
MWI,2021,,,,13,,,,,,,
MYS,1998,0,0,,,,,0,,,,
MYS,2014,0,17,,,,,,,,,
MYS,1965,,6,,,,,,,,,
MYS,1967,,50,,,,,,,,,
MYS,1970,,61,,,,,,,,,
MYS,1978,,0,,,,,,,,,
MYS,1983,,10,,,,,,,,,
MYS,1986,,11,,,,,,,,,
MYS,1987,,3,,,,,,,,,
MYS,1988,,27,,,,,,,,,
MYS,1993,,30,,,,,,,72,,
MYS,1996,,0,,270,,,,,,50,
MYS,1999,,1,,,,,,,,,
MYS,2000,,12,,0,,,,,,,
MYS,2001,,8,,,,,,,,,
MYS,2002,,3,,2,,,,,,10,
MYS,2003,,8,,,,,,,,,
MYS,2004,,16,80,1,,,,,,,
MYS,2005,,10,,,,,0,,,,
MYS,2006,,9,,,,,,,,,
MYS,2007,,46,,,,,,,,,
MYS,2008,,0,,,,,,,,,
MYS,2009,,0,,,,,,,,,
MYS,2011,,2,,,,,,,,16,
MYS,2013,,4,,,,,,,,,
MYS,2015,,1,24,,,,,,,,
MYS,2016,,0,,,,,,,,,
MYS,2017,,9,,0,,,,,,,
MYS,2018,,2,,,,,,,,,
MYS,2019,,2,,,,,,,,,
MYS,2020,,0,,,,,,,,,
MYS,2021,,69,,,,,,,,,
MYS,2022,,27,,,,,,,,33,
MYS,2023,,6,,,,,,,,,
MYS,2025,,18,,,,,,,,,
MYS,1968,,,,21,,,,,,,
MYS,1997,,,,2,,,0,,,,
MYS,1995,,,,,,,0,,,20,
MDV,1987,,0,,,,,,,,,
MDV,2007,,0,,,,,,,,,
MDV,2019,,0,,,,,,,,,
MDV,2004,,,102,,,,,,,,
MDV,1991,,,,0,,,,,,,
MDV,2021,,,,0,,,,,,,
MLI,1910,0,,,,,,,,,,
MLI,1911,0,,,,,,,,,,
MLI,1912,0,,,,,,,,,,
MLI,1913,0,,,,,,,,,,
MLI,1914,0,,,,,,,,,,
MLI,1940,0,,,,,,,,,,
MLI,1941,0,,,,,,,,,,
MLI,1942,0,,,,,,,,,,
MLI,1943,0,,,,,,,,,,
MLI,1944,0,,,,,,,,,,
MLI,1966,0,,,,,,,,,,
MLI,1978,0,,,,,,,,,,
MLI,1980,0,,,,,,,,,,
MLI,1981,0,,,,,,,,,,
MLI,1982,0,,,,,,,,,,
MLI,1983,0,,,,,,,,,,
MLI,1984,0,,,,,,,,,,
MLI,1985,0,,,,,,,,,,
MLI,1991,0,,,,,,,,,,
MLI,2001,0,2,,,,,,,,,
MLI,2005,0,0,,,,,,,,,
MLI,2006,0,1,,,,,,,,,
MLI,2010,0,0,,,,,,,,,
MLI,2011,0,1,,,,,,,,,
MLI,2012,0,,,,,,,,,,
MLI,2020,0,,,,,,,,,,
MLI,2022,0,10,,,,,,,,,
MLI,1988,,17,,,,,,,,,
MLI,1989,,1,,,,,,,,,
MLI,1998,,3,,,,,,,,,
MLI,1999,,2,,,,,,,,,
MLI,2000,,15,,,,,,,,,
MLI,2002,,2,,,,,,,,,
MLI,2003,,0,,,,,,,,,
MLI,2007,,18,,,,,,,,,
MLI,2008,,0,,,,,,,,,
MLI,2009,,25,,,,,,,,,
MLI,2013,,37,,,,,,,,,
MLI,2015,,5,,,,,,,,,
MLI,2016,,13,,,,,,,,,
MLI,2018,,0,,,,,,,,,
MLI,2019,,15,,,,,,,,,
MLI,2024,,92,,,,,,,,,
MLT,2022,,,,,76,,,,,,
MLT,2023,,,,,70,,,,,,
MHL,2013,0,,,,,,,,,,
MHL,2015,0,,,,,,,,,,
MHL,2016,0,,,,,,,,,,
MHL,2022,0,,,,,,,,,,
MHL,2024,0,,,0,,,,,,,
MHL,2008,,0,,,,,,,,,
MHL,2014,,0,,,,,,,,,
MHL,1991,,,,0,,,,,,,
MHL,2019,,,,0,,,,,,,
MTQ,2007,,,1,1,,,,,,,
MTQ,1903,,,,8,,,,,,,
MTQ,1960,,,,0,,,,,,,
MTQ,1963,,,,10,,,,,,,
MTQ,1967,,,,15,,,,,,,
MTQ,1970,,,,45,,,,,,,
MTQ,1979,,,,0,,,,,,,
MTQ,1980,,,,0,,,,,,,
MTQ,1989,,,,0,,,,,,,
MTQ,1990,,,,8,,,,,,,
MTQ,1993,,,,2,,,,,,,
MTQ,1995,,,,0,,,,,,,
MTQ,1996,,,,0,,,,,,,
MTQ,1999,,,,0,,,,,,,
MTQ,2011,,,,1,,,,,,,
MTQ,2017,,,,0,,,,,,,
MTQ,1902,,,,,,30000,,,,,
MRT,1910,0,,,,,,,,,,
MRT,1911,0,,,,,,,,,,
MRT,1912,0,,,,,,,,,,
MRT,1913,0,,,,,,,,,,
MRT,1914,0,,,,,,,,,,
MRT,1940,0,,,,,,,,,,
MRT,1941,0,,,,,,,,,,
MRT,1942,0,,,,,,,,,,
MRT,1943,0,,,,,,,,,,
MRT,1944,0,,,,,,,,,,
MRT,1965,0,,,,,,,,,,
MRT,1969,0,,,,,,,,,,
MRT,1970,0,,,,,,,,,,
MRT,1971,0,,,,,,,,,,
MRT,1972,0,,,,,,,,,,
MRT,1973,0,,,,,,,,,,
MRT,1974,0,,,,,,,,,,
MRT,1975,0,,,,,,,,,,
MRT,1976,0,,,,,,,,,,
MRT,1977,0,,,,,,,,,,
MRT,1978,0,,,,,,,,,,
MRT,1979,0,,,,,,,,,,
MRT,1980,0,,,,,,,,,,
MRT,1981,0,,,,,,,,,,
MRT,1982,0,,,,,,,,,,
MRT,1983,0,,,,,,,,,,
MRT,1984,0,0,,,,,,,,,
MRT,1985,0,0,,,,,,,,,
MRT,1993,0,,,,,,,,,,
MRT,1997,0,,,,,,,,,,
MRT,1998,0,,,,,,,,,,
MRT,2001,0,0,,,,,,,,,
MRT,2002,0,25,,,,,,,,,
MRT,2003,0,9,,,,,,,,,
MRT,2010,0,0,,,,,,,,,
MRT,2011,0,,,,,,,,,,
MRT,2012,0,,,,,,,,,,
MRT,2017,0,,,18,,,,,,,
MRT,2018,0,,,,,,,,,,
MRT,2019,0,3,,,,,,,,,
MRT,2020,0,9,,,,,,,,,
MRT,2021,0,,,,,,,,,,
MRT,2022,0,14,,,,,,,,,
MRT,1995,,0,,,,,,,,,
MRT,1999,,0,,1,,,,,,,
MRT,2005,,0,,,,,,,,,
MRT,2006,,7,,,,,,,,,
MRT,2007,,3,,,,,,,,,
MRT,2009,,1,,,,,,,,,
MRT,2013,,8,,,,,,,,,
MRT,2023,,1,,,,,,,,,
MRT,1991,,,,4,,,,,,,
MUS,1999,0,,,0,,,,,,,
MUS,2013,,11,,,,,,,,,
MUS,1960,,,,42,,,,,,,
MUS,1967,,,,0,,,,,,,
MUS,1972,,,,2,,,,,,,
MUS,1975,,,,9,,,,,,,
MUS,1979,,,,5,,,,,,,
MUS,1982,,,,0,,,,,,,
MUS,1983,,,,1,,,,,,,
MUS,1989,,,,1,,,,,,,
MUS,1991,,,,0,,,,,,,
MUS,1994,,,,2,,,,,,,
MUS,1996,,,,3,,,,,,,
MUS,2002,,,,3,,,,,,,
MUS,2007,,,,2,,,,,,,
MUS,2018,,,,0,,,,,,,
MUS,2022,,,,1,,,,,,,
MUS,2023,,,,1,,,,,,,
MUS,2024,,,,2,,,,,,,
MYT,2024,,,,35,,,,,,,
MEX,1978,0,6,9,,,,,,,,
MEX,1988,0,,,288,23,,,,,,
MEX,1995,0,,64,170,49,,,,,,
MEX,1996,0,0,,16,,,,,,,
MEX,1999,0,654,46,9,15,0,,,,,
MEX,2000,0,139,,31,66,0,,,,,
MEX,2002,0,37,,16,50,0,,,,,
MEX,2011,0,77,2,43,3,,0,,,,
MEX,1952,,140,,,,,,,,,
MEX,1959,,2000,25,960,,,,,,,
MEX,1965,,27,,,,,,,,,
MEX,1967,,0,,111,,,,,,,
MEX,1970,,35,,,,,,,,,
MEX,1972,,37,,,,,,,,,
MEX,1973,,130,556,,,,,,,,
MEX,1979,,0,5,,,,,,,,
MEX,1980,,104,67,,,,,,,,
MEX,1982,,25,19,225,,100,,,,,
MEX,1984,,0,,4,,,,,,,
MEX,1986,,20,,,,,,,,,
MEX,1987,,16,2,,,,,,,,
MEX,1989,,40,3,,,,0,,,,
MEX,1990,,45,,38,380,,,,,,
MEX,1991,,23,,13,,,,,,,
MEX,1993,,65,0,38,,,,,,,
MEX,1998,,432,,255,100,0,50,,,12,
MEX,2001,,21,,5,,,,,,,
MEX,2003,,6,29,4,21,,0,,,10,
MEX,2004,,38,,,14,,,,,,
MEX,2005,,41,,47,,,,,,,
MEX,2006,,0,,15,5,,,,,21,
MEX,2007,,22,,20,,,,,,16,
MEX,2008,,12,,2,,,,,,22,
MEX,2009,,28,,4,,,,,,,
MEX,2010,,66,2,43,,,,,,71,
MEX,2013,,13,,210,,,,,,,
MEX,2015,,0,,42,,,,,,,
MEX,2016,,25,,65,,,,,,,
MEX,2017,,2,467,29,,,,,,,
MEX,2018,,20,0,20,,,,,,,
MEX,2019,,12,,4,,,,,,,
MEX,2020,,30,10,42,,,,,,,
MEX,2021,,30,3,32,,,,,,,
MEX,2022,,13,5,38,,,,,,,
MEX,2023,,11,,84,,,,,,,
MEX,2025,,108,,1,,,,,,,
MEX,1911,,,45,,,,,,,,
MEX,1920,,,648,,,,,,,,
MEX,1932,,,400,,,,,,,,
MEX,1937,,,34,,,,,,,,
MEX,1957,,,160,,,,,,,,
MEX,1964,,,45,,,,,,,,
MEX,1968,,,33,,40,,,,,,
MEX,1981,,,3,100,,,,,,,
MEX,1985,,,9500,,,,,,,,
MEX,1997,,,1,242,292,20,,,,12,
MEX,2012,,,2,19,,,,,,,
MEX,2014,,,3,19,,,,,,,
MEX,1951,,,,257,,,,,,,
MEX,1955,,,,800,,,,,,,
MEX,1961,,,,436,,,,,,,
MEX,1966,,,,14,,,,,,,
MEX,1969,,,,58,,,,,,18,
MEX,1971,,,,17,,,,,,,
MEX,1974,,,,13,,,,,,,
MEX,1975,,,,29,,,,,,,
MEX,1976,,,,720,,,,,,,
MEX,1977,,,,10,,,,,,,
MEX,1983,,,,275,,,,,,50,
MEX,1992,,,,3,80,,,,,,
MEX,2024,,,,46,155,,,,,15,
MEX,1962,,,,,50,,,,,,
MEX,1943,,,,,,0,,,,,
MEX,1949,,,,,,1000,,,,,
MEX,1994,,,,,,0,,,,,
MEX,1929,,,,,,,60,,,,
MEX,1954,,,,,,,,,,100,
FSM,1998,0,,,,,,,,,,
FSM,2016,0,,,,,,,,,,
FSM,2023,0,,,,,,,,,,
FSM,2024,0,,,,,,,,,,
FSM,2008,,0,,,,,,,,,
FSM,1987,,,,5,,,,,,,
FSM,2002,,,,47,,,,,,,
FSM,2003,,,,0,,,,,,,
FSM,2004,,,,1,,,,,,,
FSM,2015,,,,5,,,,,,,
FSM,2019,,,,0,,,,,,,
MDA,2000,2,,,0,,,,,,,
MDA,2007,0,,,,,,,,,,
MDA,2012,0,,,,10,,,,,,
MDA,1994,,47,,3,,,,,,,
MDA,1997,,9,,,,,,,,,
MDA,1999,,0,,,,,,,,,
MDA,2002,,1,,,,,,,,,
MDA,2005,,0,,,,,,,,,
MDA,2008,,3,,,,,,,,,
MDA,2010,,1,,,,,,,,,
MDA,2023,,,,4,,,,,,,
MDA,2006,,,,,13,,,,,,
MDA,2019,,,,,0,,,,,,
MNG,2000,0,,,23,,,,,,,
MNG,2001,0,,,16,,,,,,,
MNG,2002,0,,,1,,,,,,,
MNG,1966,,57,,,,,,,,,
MNG,1982,,0,,,,,,,,,
MNG,1994,,5,,,,,,,,,
MNG,1996,,41,,,,,25,,,,
MNG,2003,,15,,2,,,,,,,
MNG,2009,,26,,,0,,,,,,
MNG,2018,,0,,0,0,,,,,,
MNG,2019,,12,,0,0,,,,,,
MNG,2020,,10,,0,,,,,,,
MNG,2021,,0,,12,,,,,,,
MNG,2022,,0,,,0,,,,,,
MNG,2023,,4,,3,2,,,,,,
MNG,1957,,,1200,,,,,,,,
MNG,1990,,,,36,,,0,,,,
MNG,1991,,,,6,,,,,,,
MNG,1993,,,,7,,,,,,,
MNG,2008,,,,52,,,,,,,
MNG,2024,,,,5,,,,,,,
MNG,2010,,,,,5,,,,,,
MNG,2015,,,,,0,,,,,,
MNG,2016,,,,,0,,,,,,
MNG,2017,,,,,0,,,,,17,
MNG,1986,,,,,,,0,,,,
MNE,2007,,0,,,,,,,,,
MNE,2009,,0,,,,,,,,,
MNE,2010,,0,,,,,,,,,
MNE,2012,,,,,1,,,,,,
MNE,2022,,,,,50,,,,,,
MNE,2023,,,,,41,,,,,,
MNE,2024,,,,,135,,,,,,
MNE,2017,,,,,,,0,,,,
MSR,1928,,,,0,,,,,,,
MSR,1989,,,,11,,,,,,,
MSR,1990,,,,0,,,,,,,
MSR,1995,,,,0,,0,,,,,
MSR,1996,,,,,,0,,,,,
MSR,1997,,,,,,32,,,,,
MSR,2006,,,,,,0,,,,,
MAR,1966,0,,,,,,,,,,
MAR,1971,0,,,,,,,,,,
MAR,1999,0,,,,,,,,,,
MAR,2000,0,6,,,0,,,,,,
MAR,2001,0,15,,,,,,,,,
MAR,1951,,131,,,,,,,,,
MAR,1954,,30,,,,,,,,,
MAR,1963,,169,,,,,,,,,
MAR,1964,,76,,,,,,,,,
MAR,1965,,75,,,,,,,,,
MAR,1970,,11,,,,,,,,,
MAR,1975,,10,,,,,,,,,
MAR,1977,,0,,,,,,,,,
MAR,1979,,16,,,,,,,,,
MAR,1995,,791,,,,,,,,,
MAR,1996,,25,,14,,,,,,,
MAR,1997,,60,,,,,,,,,
MAR,2002,,80,,,,,,,,,
MAR,2003,,35,,,,,,,,,
MAR,2006,,17,,,,,,,,,
MAR,2008,,30,,,,,,,,,
MAR,2009,,29,,,,,,,,,
MAR,2010,,42,,,,,,,,,
MAR,2014,,11,,49,,,,,,,
MAR,2019,,24,,,,,,,,15,
MAR,2021,,24,,,,,,,,,
MAR,2024,,22,,,21,,,,,,
MAR,1909,,,100,,,,,,,,
MAR,1960,,,13100,,,,,,,,
MAR,1969,,,11,,,,,,,,
MAR,2004,,,628,,,,,,,,
MAR,2023,,,2946,,,,,,,,
MAR,2005,,,,1,,,,,,,
MAR,2012,,,,,0,,,,,,
MAR,2016,,,,,0,,,,,,
MAR,2017,,,,,0,,,,,,
MAR,2018,,,,,0,,,,,,
MAR,1988,,,,,,,,,31,,
MAR,1982,,,,,,,,,,1,
MOZ,1979,0,,,,,,,,,,
MOZ,1980,0,,,,,,,,,,
MOZ,1981,19989,0,,,,,,,,,
MOZ,1982,19989,,,,,,,,,,
MOZ,1983,19989,,,,,,,,,,
MOZ,1984,19989,,,109,,,,,,,
MOZ,1985,20044,8,,0,,,,,,,
MOZ,1987,50,,,,,,,,,,
MOZ,1991,0,,,,,,,,,,
MOZ,1992,0,,,,,,,,,,
MOZ,1998,0,,,,,,,,,87,
MOZ,1999,0,23,,,,,,,,,
MOZ,2001,0,79,,,,,,,,,
MOZ,2002,9,0,,3,,,,,,,
MOZ,2003,9,38,,11,,,,,,,
MOZ,2005,0,3,,,,,,,,,
MOZ,2006,0,13,4,,,,,,,,
MOZ,2007,0,51,,10,,,,,,,
MOZ,2008,0,7,,9,,,49,,,,
MOZ,2009,0,21,,0,,,,,,,
MOZ,2010,0,5,,,,,,,,,
MOZ,2016,0,51,,12,,,,,,,
MOZ,2017,0,12,,7,,,,,,,
MOZ,2020,0,47,,,,,,,,,
MOZ,2021,0,0,,11,,,,,,,
MOZ,2022,0,53,,115,,,,,,,
MOZ,2023,0,49,,183,,,,,,,
MOZ,2024,0,,,122,,,,,,,
MOZ,1967,,0,,,,,,,,,
MOZ,1971,,500,,,,,,,,,
MOZ,1975,,1,,,,,,,,,
MOZ,1977,,300,,3,,,,,,,
MOZ,1978,,40,,4,,,,,,,
MOZ,1989,,2,,,,,,,,,
MOZ,1997,,35,,0,,,,,,,
MOZ,2000,,800,,32,,,,,,,
MOZ,2011,,11,,12,,,,,,,
MOZ,2013,,119,,,,,,,,,
MOZ,2014,,22,,,,,,,,,
MOZ,2015,,160,,,,,,,,,
MOZ,2018,,11,,,,,,,,17,
MOZ,2019,,33,,648,,,,,,,
MOZ,1956,,,,107,,,,,,,
MOZ,1988,,,,100,,,,,,,
MOZ,1994,,,,240,,,,,,,
MOZ,1996,,,,11,,,,,,,
MOZ,2012,,,,33,,,,,,,
MOZ,2025,,,,22,,,,,,,
MMR,1965,,34,,100,,,,,,,
MMR,1970,,90,,,,,,,,,
MMR,1974,,0,,,,,,,,,
MMR,1976,,0,,,,,,,,,
MMR,1977,,3,,,,,,,,,
MMR,1979,,0,,,,,0,,,,
MMR,1991,,23,0,,,,,,,,
MMR,1992,,5,,,,,,,,,
MMR,1995,,51,0,,,,,,,,
MMR,1997,,68,,,,,,,,,
MMR,1999,,22,,,,,,,,,
MMR,2001,,51,,,,,,,,,
MMR,2002,,21,,,,,,,,,
MMR,2006,,25,,34,,,,,,,
MMR,2007,,5,,,,,,,,,
MMR,2011,,151,74,,,,,,,,
MMR,2012,,2,38,,,,,,,,
MMR,2013,,7,,,,,,,,16,
MMR,2014,,0,,,,,,,,,
MMR,2015,,172,,3,,,,,,38,
MMR,2016,,19,4,32,,,,,,42,
MMR,2017,,3,,0,,,,,,,
MMR,2018,,35,,,,,,,17,15,
MMR,2019,,115,,,,,,,,13,
MMR,2020,,0,,,,,,,,174,
MMR,2021,,0,,,,,,,,,
MMR,2023,,10,,156,,,,,,39,
MMR,2024,,0,,460,50,,,,,,
MMR,2025,,6,3804,16,,,,,,,
MMR,1930,,,586,,,,,,,,
MMR,1941,,,15,,,,,,,,
MMR,2004,,,71,236,,,,,,,
MMR,1902,,,,600,,,,,,,
MMR,1923,,,,6,,,,,,,
MMR,1926,,,,2700,,,,,,,
MMR,1936,,,,1000,,,,,,,
MMR,1963,,,,0,,,,,,,
MMR,1967,,,,278,,,,,,,
MMR,1968,,,,1070,,,,,,,
MMR,1975,,,,200,,,,,,,
MMR,1978,,,,0,,,,,,,
MMR,1982,,,,11,,,,,,,
MMR,1994,,,,17,,,,,,,
MMR,2008,,,,138366,,,,,,,
MMR,2010,,,,45,260,,,,,68,
MMR,1981,,,,,,,8,,,,
MMR,2005,,,,,,,,,,17,
MMR,2009,,,,,,,,,,24,
NAM,1982,0,,,,,,,,,,
NAM,1983,0,,,,,,,,,,
NAM,1984,0,,,,,,,,,,
NAM,1991,0,,,,,,,,,,
NAM,1992,0,,,,,,,,,,
NAM,1995,0,,,,,,,,,,
NAM,1996,0,,,,,,,,,,
NAM,1998,0,,,,,,,,,,
NAM,1999,0,,,,,,,,,,
NAM,2001,0,,,,,,,,,,
NAM,2002,0,,,,,,,,,,
NAM,2003,0,2,,,,,,,,,
NAM,2013,0,0,,,,,,,,,
NAM,2014,0,,,,,,,,,,
NAM,2015,0,,,,,,,,,,
NAM,2016,0,,,,,,,,,,
NAM,2018,0,,,,,,,,,,
NAM,2019,0,,,,,,,,,,
NAM,2020,0,0,,,,,,,,,
NAM,2024,0,,,,,,,,,,
NAM,2000,,0,,,,,,,,,
NAM,2004,,0,,,,,,,,,
NAM,2006,,5,,,,,,,,,
NAM,2007,,7,,,,,,,,,
NAM,2008,,42,,,,,,,,,
NAM,2009,,92,,,,,,,,,
NAM,2010,,8,,,,,,,,,
NAM,2011,,108,,,,,,,,,
NAM,2012,,0,,,,,,,,,
NAM,2017,,0,,,,,,,,,
NAM,2021,,0,,,,,,,,,
NAM,2023,,0,,,,,,,,,
NAM,2025,,16,,,,,,,,,
NPL,1964,0,,,,,,,,,,
NPL,1967,0,,,,,,,,,,
NPL,1972,0,,,,,,,,,105,
NPL,1973,0,,,,,,,,,,
NPL,1979,0,,,,,,,,,,
NPL,1980,0,,100,,,,,,,,
NPL,2006,0,0,,,,,,,,157,
NPL,2009,0,117,,,9,,,,,10,
NPL,1954,,60,,,,,,,,,
NPL,1968,,276,,,,,,,,,
NPL,1970,,350,,,,,,,,21,
NPL,1978,,130,,,,,,,,,
NPL,1981,,750,,,,,,,,,
NPL,1982,,92,,,,,,,,,
NPL,1983,,186,,,,,,,,21,
NPL,1984,,200,,,,,,,,,
NPL,1985,,46,,,,,,,,,
NPL,1986,,22,,1,,,,,,,
NPL,1987,,188,,,,,,,,,
NPL,1988,,27,709,70,,,,,,106,
NPL,1990,,30,,,,,,,,,
NPL,1991,,51,,6,,,,,,,
NPL,1993,,1048,0,,,,,,,28,
NPL,1995,,140,,,,,,,,180,
NPL,1996,,788,,20,,,,,,,
NPL,1998,,310,,,,,,,,,
NPL,1999,,170,,,,,32,,,,
NPL,2000,,144,,,,,,,,,
NPL,2003,,239,,,17,,,,,,
NPL,2004,,185,,,31,,,,,,
NPL,2005,,51,,,,,,,,18,
NPL,2007,,214,,,,,,,,,
NPL,2008,,115,,,,,,,,,
NPL,2010,,150,,,9,,,,,,
NPL,2011,,104,7,,42,,,,,29,
NPL,2012,,72,,,0,,,,,11,
NPL,2013,,195,,,49,,,,,,
NPL,2014,,318,,83,,,,,,172,
NPL,2016,,163,,,,,11,,,,
NPL,2017,,187,,,,,,,,11,
NPL,2018,,15,,,50,,,,,,
NPL,2019,,119,,28,,,,,,,
NPL,2020,,448,,,,,,,,,
NPL,2021,,251,,,,,,,,,
NPL,2022,,147,6,21,,,,,,22,
NPL,2023,,36,155,,,,,,,,
NPL,2024,,292,,,,,,0,,87,
NPL,2025,,57,0,14,,,,18,,,
NPL,1966,,,80,,,,,,,,
NPL,2015,,,8969,,,,,,,65,
NPL,2002,,,,,60,,,,,472,
NPL,1992,,,,,,,56,,,,
NPL,1963,,,,,,,,,150,,
NPL,1975,,,,,,,,,,125,
NPL,1976,,,,,,,,,,150,
NPL,1989,,,,,,,,,,49,
NPL,1997,,,,,,,,,,20,
NPL,2001,,,,,,,,,,144,
NLD,1916,,15,,,,,,,,,
NLD,1953,,2000,,,,,,,,,
NLD,1992,,0,0,,,,,,,,
NLD,1993,,1,,,,,,,,,
NLD,1998,,0,,0,,,,,,,
NLD,2021,,0,,0,,,,,,,
NLD,1972,,,,0,,,,,,,
NLD,1976,,,,0,,,,,,,
NLD,1984,,,,0,,,,,,,
NLD,1985,,,,0,,,,,,,
NLD,1986,,,,0,,,,,,,
NLD,1990,,,,20,,,,,,,
NLD,1994,,,,0,,,,,,,
NLD,1995,,,,1,,,,,,,
NLD,1997,,,,2,,,,,,,
NLD,2002,,,,4,,,,,,,
NLD,2005,,,,0,0,,,,,,
NLD,2007,,,,7,,,,,,,
NLD,2008,,,,0,,,,,,,
NLD,2010,,,,0,,,,,,,
NLD,2013,,,,2,,,,,,,
NLD,2016,,,,0,,,,,,,
NLD,2018,,,,3,100,,,,,,
NLD,2022,,,,4,469,,,,,,
NLD,2023,,,,1,368,,,,,,
NLD,2024,,,,1,234,,,,,,
NLD,2003,,,,,965,,,,,,
NLD,2006,,,,,1000,,,,,,
NLD,2012,,,,,1,,,,,,
NLD,2019,,,,,400,,,,,,
NLD,2020,,,,,400,,,,,,
ANT,1954,,,,0,,,,,,,
ANT,1960,,,,0,,,,,,,
ANT,1989,,,,11,,,,,,,
ANT,1995,,,,2,,,,,,,
NCL,1939,,,,3,,,,,,,
NCL,1948,,,,2,,,,,,,
NCL,1951,,,,2,,,,,,,
NCL,1955,,,,1,,,,,,,
NCL,1959,,,,1,,,,,,,
NCL,1968,,,,0,,,,,,,
NCL,1969,,,,0,,,,,,,
NCL,1972,,,,3,,,,,,,
NCL,1975,,,,0,,,,,,,
NCL,1976,,,,0,,,,,,,
NCL,1981,,,,4,,,,,,,
NCL,1999,,,,0,,,,,,,
NCL,2003,,,,2,,,,,,,
NCL,2021,,,,0,,,,,,,
NZL,1994,0,0,,,,,,,,,
NZL,2013,0,,0,0,,,,,,,
NZL,1938,,21,,,,,,,,,
NZL,1976,,0,0,,,,,,,,
NZL,1977,,0,,,,,,,,,
NZL,1978,,0,,,,,,,,,
NZL,1980,,0,,,,,,,,,
NZL,1981,,0,,,,,,,,,
NZL,1983,,0,,,,,,,,,
NZL,1984,,0,,,,,,,,,
NZL,1985,,4,,,,,,,,,
NZL,1986,,1,,,,,,,,,
NZL,1987,,0,1,,,,0,,,,
NZL,1988,,1,,6,,,,,,,
NZL,1989,,0,,,,,,,,,
NZL,1991,,0,,,,,,,,,
NZL,1997,,0,,3,,,,,,,
NZL,1998,,0,,,,,,,,,
NZL,1999,,0,,,,,,,,,
NZL,2000,,0,,0,,,,,,,
NZL,2002,,0,,,,,,,,,
NZL,2004,,4,,,,,,,,,
NZL,2005,,0,,0,,,,,,,
NZL,2006,,0,,,,,,,,,
NZL,2015,,1,,,,,,,,,
NZL,2016,,0,2,,,,,,,,
NZL,2017,,0,,0,,,,,,,
NZL,2018,,0,,,,,,,,,
NZL,2020,,0,,,,,0,,,,
NZL,2021,,0,,1,,,,,,,
NZL,2023,,4,,11,,,,,,,
NZL,1929,,,17,,,,,,,,
NZL,1931,,,256,,,,,,,,
NZL,1968,,,3,50,,,,,,,
NZL,2010,,,0,,,,,,,,
NZL,2011,,,182,,,,,,,,
NZL,1992,,,,0,,,,,,,
NZL,1996,,,,1,,,,,,,
NZL,2003,,,,2,,,,,,,
NZL,2007,,,,0,,,,,,,
NZL,2012,,,,3,,,,,,,
NZL,2022,,,,0,,,,,,,
NZL,2024,,,,0,,,,,,,
NZL,2001,,,,,0,,,,,,
NZL,1953,,,,,,150,,,,,
NZL,1995,,,,,,0,,,,,
NZL,2019,,,,,,21,,,,,
NZL,1979,,,,,,,,,,0,
NIC,1994,0,,,,,,,,,,
NIC,1997,0,,,,,,,,,,
NIC,2000,0,0,7,2,,,,,,,
NIC,2001,0,,,16,,,,,,,
NIC,2014,0,0,2,,,,,,,,
NIC,2015,0,2,,,,,,,,,
NIC,2018,0,4,,,,,,,,,
NIC,2019,0,,,,,,,,,,
NIC,1960,,325,,,,,,,,,
NIC,1968,,0,0,,,,,,,,
NIC,1976,,16,,,,,,,,,
NIC,1979,,0,,,,,,,,,
NIC,1980,,0,,,,,,,,,
NIC,1990,,4,0,,,,,,,,
NIC,1999,,11,,,,0,0,,,,
NIC,2002,,0,,2,,,0,,,,
NIC,2007,,10,,177,,,,,,,
NIC,2008,,17,,13,,,,,,,
NIC,2009,,0,,0,,,,,,,
NIC,2010,,66,,5,,,,,,,
NIC,2011,,17,,,,,,,,,
NIC,2012,,9,,,,,,,,,
NIC,2013,,27,,,,,,,,,
NIC,2017,,7,,15,,,,,,,
NIC,1930,,,1000,,,,,,,,
NIC,1931,,,1000,,,,,,,,
NIC,1951,,,500,,,,,,,,
NIC,1972,,,10000,,,,,,,,
NIC,1992,,,179,,,1,,,,,
NIC,1998,,,0,3332,,,,,,,
NIC,1961,,,,1,,,,,,,
NIC,1971,,,,35,,0,,,,,
NIC,1982,,,,71,,,,,,,
NIC,1988,,,,130,,,,,,,
NIC,1993,,,,37,,,,,,,
NIC,1995,,,,38,,0,,,,,
NIC,1996,,,,44,,,,,,,
NIC,2004,,,,0,,,,,,29,
NIC,2005,,,,7,,,,,,,
NIC,2016,,,,0,,,,,,,
NIC,2020,,,,20,,,,,,,
NIC,2022,,,,5,,,,,,,
NIC,2024,,,,2,,,,,,,
NIC,1991,,,,,,,0,,,,
NER,1903,0,,,,,,,,,,
NER,1906,0,,,,,,,,,,
NER,1907,0,,,,,,,,,,
NER,1910,16990,,,,,,,,,,
NER,1911,16990,,,,,,,,,,
NER,1912,16990,,,,,,,,,,
NER,1913,16990,,,,,,,,,,
NER,1914,17040,,,,,,,,,,
NER,1940,0,,,,,,,,,,
NER,1941,0,,,,,,,,,,
NER,1942,0,,,,,,,,,,
NER,1943,0,,,,,,,,,,
NER,1944,0,,,,,,,,,,
NER,1966,0,,,,,,,,,,
NER,1967,0,,,,,,,,,,
NER,1980,0,,,,,,,,,,
NER,1981,0,,,,,,,,,,
NER,1982,0,,,,,,,,,,
NER,1983,0,,,,,,,,,,
NER,1984,0,,,,,,,,,,
NER,1985,0,,,,,,,,,,
NER,1988,0,20,,,,,,,,,
NER,1990,0,,,,,,,,,,
NER,1991,0,,,,,,,,,,
NER,1997,0,,,,,,,,,,
NER,1998,0,0,,,,,,,,,
NER,2001,0,4,,,,,,,,,
NER,2002,0,,,4,,,,,,,
NER,2005,0,,,,,,,,,,
NER,2006,0,4,,,,,,,,,
NER,2009,0,3,,,,,,,,,
NER,2010,0,5,,,,,,,,,
NER,2011,0,16,,,,,,,,,
NER,2012,0,91,,,,,,,,,
NER,2015,0,27,,,,,,,,,
NER,2016,0,61,,,,,,,,,
NER,2017,0,72,,,,,,,,,
NER,2020,0,83,,,,,,,,,
NER,2022,0,195,,,,,,,,,
NER,1974,,0,,,,,,,,,
NER,1994,,60,,,,,,,,,
NER,1999,,14,,,,,,,,,
NER,2000,,2,,,,,,,,,
NER,2003,,7,,,,,,,,,
NER,2007,,7,,,,,,,,,
NER,2008,,7,,,,,,,,,
NER,2013,,32,,,,,,,,,
NER,2014,,36,,,,,,,,,
NER,2018,,36,,,,,,,,,
NER,2019,,52,,,,,,,,,
NER,2021,,62,,,,,,,,,
NER,2023,,41,,,,,,,,,
NER,2024,,396,,,,,,,,,
NGA,1983,0,,,,,,,,,,
NGA,1984,0,,,,,,,,,,
NGA,1985,0,0,,,,,,,,,
NGA,2022,0,603,,7,,,,,,,
NGA,1988,,130,,,,,,,,0,
NGA,1994,,30,,,,,,,,,
NGA,1998,,15,,,,,,,,,
NGA,1999,,89,,100,,,,,,,
NGA,2000,,4,,0,,,,,,32,
NGA,2001,,200,,,,,,,,,
NGA,2002,,0,,,60,,,,,,
NGA,2003,,16,,,,,,,,,
NGA,2004,,94,,,,,,,,,
NGA,2005,,60,,,,,,,,,
NGA,2006,,40,,,,,,,,,
NGA,2007,,91,,,,,,,,,
NGA,2009,,31,,,,,,,,,
NGA,2010,,40,,,,,,,,,
NGA,2011,,174,,11,,,,,,,
NGA,2012,,363,,15,,,,,,,
NGA,2013,,19,,,,,,,,,
NGA,2014,,15,,,,,,,,,
NGA,2015,,53,,,,,,,,,
NGA,2016,,18,,28,,,,,,,
NGA,2017,,20,,,,,,,,,
NGA,2018,,300,,,,,,,,,
NGA,2019,,24,,,,,,,,,
NGA,2020,,189,,,,,,,,,
NGA,2021,,4,,,,,,,,,
NGA,2023,,275,,,,,,,,,
NGA,2024,,358,,1,,,,,,,
NGA,2025,,259,,,,,,,,,
NGA,1978,,,,100,,,,,,,
NGA,1992,,,,,18,,,,,,
NIU,1959,,,,0,,,,,,,
NIU,1960,,,,0,,,,,,,
NIU,1968,,,,0,,,,,,,
NIU,1990,,,,0,,,,,,,
NIU,2004,,,,1,,,,,,,
,1919,0,,,500,,,,,,,
,1920,0,,648,243,,,,,,,
,1921,0,,,,,,,,,,
,1922,0,,,,,,43,,,,
,1923,0,,,4,,,,,,,
,1931,0,,1000,3000,,,,,,,
,1932,0,,400,3254,,,,,,,
,1933,0,53,116,85,,,,,,,
,1934,0,,,2478,,,,,,,
,1935,0,,,2607,,,,,,,
,1936,0,114,400,455,1693,,,,,,
,1937,0,496,34,,,,,,40,,
,1938,0,,,600,,,,,,200,
,1939,0,,,,,,,,,,
,1940,0,125,9,50,,,,,,,
,1961,0,,,870,,,,,,,
,1965,0,27,132,570,,,0,,,26,
,1968,0,0,33,159,40,87,,,,,
,1972,0,352,10000,256,10,,,,,400,
,1973,0,198,577,56,22,,,,,2800,
,1974,0,0,,8367,,,,,,,
,1977,0,147,,101,0,,,,,,
,1978,0,52,9,226,,,,,,,
,1979,0,77,5,1637,,2,,,,,
,1980,0,141,67,257,1260,90,0,,,,
,1981,0,50,3,130,,,,,,26,
,1982,0,1156,39,953,0,100,,,,,
,1983,0,25,14,407,188,0,0,,,50,
,1984,0,29,,523,,0,,,,,
,1985,0,524,9500,386,,,0,,,100,
,1987,0,143,10,180,80,0,0,,,,
,1988,0,111,5,606,23,,,,,22,
,1991,0,69,93,100,,0,28,,23,,
,1992,0,30,180,116,80,1,0,,,,
,1993,0,688,5,373,48,,3,,,22,
,1994,0,212,60,1297,,0,13,,,0,
,1995,0,65,64,405,759,0,0,,,,
,1996,0,108,,522,,0,1,,,0,
,1997,0,87,1,427,292,52,0,,,12,
,1998,0,466,0,19847,230,0,52,,,63,
,1999,0,741,48,258,272,0,1,,,,
,2000,0,200,7,164,101,0,14,,,7,
,2001,41,61,1166,182,56,,2,,,,
,2002,0,132,,225,64,0,0,,,68,
,2003,0,119,38,216,21,,19,,,47,
,2004,0,3410,9,3064,17,,0,,,31,
,2007,0,225,1,745,,,8,,,16,
,2008,0,236,0,1036,0,,1,,,49,
,2009,0,67,38,355,58,,2,,36,,
,2010,0,367,222572,432,,0,,,,124,
,2011,0,287,5,821,25,,9,,,16,
,2012,0,67,48,319,123,0,3,,,,
,2013,0,101,1,350,29,0,22,,,,
,2014,0,35,7,160,21,,2,,,43,
,2015,0,111,,340,0,0,12,,,350,
,2016,0,162,0,834,,,16,,,10,
,2017,0,91,467,524,,,45,,,11,
,2018,0,44,17,206,70,461,104,,,21,
,2019,0,37,1,510,,,3,,,,
,2020,45,49,14,692,,,32,,,42,
,2021,0,110,2578,530,1044,0,6,,,,
,2022,136,122,12,419,,,7,,,,
,2023,247,229,,238,26,0,132,,,86,
,2024,0,63,0,570,1161,,5,,,28,
,1900,,300,,6000,,,,,,,
,1903,,250,,171,,,,,76,,
,1909,,72,,591,,,,,,53,
,1927,,246,,87,,,,,,,
,1943,,0,,,,0,,,,,
,1948,,55,,56,,,,,,,
,1949,,40000,8,87,,1000,,,,,
,1950,,34,,277,,,,,,,
,1951,,41,1600,411,69,,,,,,
,1952,,140,49,279,,,,,,,
,1955,,74,10,1413,107,,,,3,,
,1959,,2050,53,1072,,,,,,,
,1960,,325,61,57,,,,,,,
,1962,,26,,198,50,,,,,,
,1963,,500,,7440,150,15,,,,,
,1964,,109,176,305,,,,,,,
,1966,,20,,893,262,,,,,,
,1967,,0,,403,,,,,,,
,1969,,122,,1044,,,,,,18,
,1970,,170,,112,,,0,,,,
,1975,,0,0,171,,2,,,,,
,1976,,180,23001,720,,0,0,,,,
,1986,,237,1100,13,48,,0,,,,
,1989,,60,70,149,84,,1,,10,0,
,1990,,104,1,208,391,,,,,,
,2005,,179,1,3683,33,2,2,,,70,
,2006,,73,0,113,200,0,20,,,21,
,2025,,285,11,149,,,30,,,,
,1902,,,2000,,,38565,,,,,
,1906,,,700,298,,,,,,,
,1907,,,1200,,,,,,,,
,1910,,,2450,30,,,,,,62,
,1911,,,45,,,,73,,,,
,1915,,,6,1875,,,,,,56,
,1917,,,2650,57,,,,,,,
,1918,,,116,34,,,1000,,,,
,1925,,,13,739,,,,,,,
,1928,,,27,4136,,,,,,,
,1930,,,1000,2000,,,,,,,
,1946,,,238,50,,,,,,,
,1957,,,160,469,,,,,,,
,1971,,,65,210,,0,,,,31,
,1912,,,,175,,,,,,,
,1913,,,,192,,,,,,,
,1926,,,,1329,,,,,,,
,1929,,,,48,,,60,,,,
,1944,,,,422,,,121,,,,
,1945,,,,227,,,,,,,
,1947,,,,308,,,0,,,,
,1953,,,,470,,,,,,,
,1954,,,,691,,,,,,362,
,1956,,,,247,,,11,,,,
,1958,,,,139,0,,,,,,
,1905,,,,,,,,,18,,
,1908,,,,,,,,,33,,
PRK,2012,0,88,,59,,,,,,,
PRK,2015,0,33,,,,,,,,,
PRK,2019,0,,,5,,,,,,,
PRK,1987,,315,,,,,,,,,
PRK,1995,,68,,,,,,,,,
PRK,1996,,116,,,,,,,,,
PRK,1997,,0,,0,,,,,,,
PRK,1998,,50,,,,,,,,,
PRK,1999,,42,,,,,,,,,
PRK,2001,,124,,,,,,,,,
PRK,2002,,0,,3,,,,,,,
PRK,2004,,24,,,,,,,,,
PRK,2005,,193,,,,,,,,,
PRK,2006,,278,,,,,,,,,
PRK,2007,,610,,0,,,,,,,
PRK,2010,,0,,20,,,,,,,
PRK,2011,,64,,10,,,,,,,
PRK,2013,,51,,,,,,,,,
PRK,2016,,552,,,,,,,,,
PRK,2018,,148,,86,0,,,,,,
PRK,2020,,22,,,,,,,,,
PRK,2021,,0,,,,,,,,,
PRK,2024,,0,,,,,,,,,
PRK,1993,,,,6,,,,,,,
PRK,2000,,,,46,,,,,,,
MKD,1993,0,,,,,,,,,,
MKD,1995,,0,,,,,,,,,
MKD,2002,,0,,,,,,,,,
MKD,2003,,2,,,,,,,,,
MKD,2004,,0,,,15,,,,,,
MKD,2005,,0,,1,,,,,,,
MKD,2006,,0,,,,,,,,,
MKD,2013,,1,,,,,,,,,
MKD,2015,,7,,,0,,,,,,
MKD,2016,,22,0,,,,,,,,
MKD,2001,,,,,15,,,,,,
MKD,2007,,,,,0,,1,,,,
MKD,2012,,,,,1,,,,,,
MKD,2014,,,,,0,,,,,,
MKD,2017,,,,,3,,,,,,
MKD,2000,,,,,,,0,,,,
MKD,2021,,,,,,,1,,,,
MNP,2002,,,,0,,,,,,,
MNP,2004,,,,3,,,,,,,
MNP,2015,,,,0,,,,,,,
MNP,2018,,,,2,,,,,,,
MNP,2003,,,,,,0,,,,,
NOR,1995,,1,,,,,,,,,
NOR,2000,,0,,,,,,,,,
NOR,2001,,0,,,,,,,,,
NOR,2006,,1,,,,,,,,,
NOR,2013,,0,,,,,,,,,
NOR,1990,,,,0,,,,,,,
NOR,1992,,,,0,,,,,,,
NOR,1993,,,,0,,,,,,,
NOR,2005,,,,0,,,,,,,
NOR,2008,,,,0,,,,,,,
NOR,2011,,,,4,,,,,,,
NOR,2022,,,,0,30,,,,,,
NOR,2023,,,,,29,,,,,,
NOR,2024,,,,,18,,,,,,
NOR,1936,,,,,,,,,,73,
NOR,2019,,,,,,,,,,1,
NOR,2020,,,,,,,,,,10,
,1967,199,,,12,,,62,,,,
,1968,199,,3,51,,,12,,,,
,1969,202,,,0,,,,,,,
,1974,0,20,,76,,,,,,,
,1975,0,,200,0,,,,,,,
,1976,0,0,0,9,,,,,,,
,1978,0,7,,5,,,,,,,
,1980,0,0,,18,,,,,,,
,1981,0,2,,4,,,,,,,
,1982,0,,,8,,,,,,,
,1983,0,56,10,16,,0,75,,,,
,1991,0,5,,13,,,,,,200,
,1992,0,0,,6,,0,,,,,
,1993,0,1,58,44,17,,,,,,
,1994,0,0,0,27,5,5,4,,,,
,1995,0,,,8,1,0,,,,,
,1997,15,0,,79,,,2,,,19,
,1998,45,20,2182,0,,,,,,13,
,1999,0,2,12,51,,,1,,,,
,2002,0,0,5,48,,0,2,,,36,
,2006,0,5,,0,,0,4,,,15,
,2011,0,30,182,4,,,0,,,,
,2013,0,0,10,6,,,3,,,,
,2015,24,7,,33,,,2,,,,
,2016,0,1,2,52,,,2,,,,
,2018,0,0,181,9,0,0,,,,,
,2021,0,6,,8,,0,0,,,,
,2022,0,31,7,1,,4,,,,,
,2023,0,4,8,23,,,,,,,
,2024,0,1,19,1,,,,,,693,
,1938,,21,,,,,,,,,
,1955,,25,,1,,,,,,,
,1964,,1,,250,,,,,,,
,1971,,27,,3,,0,,,,100,
,1973,,6,,62,,,,,,,
,1977,,0,35,0,,,3,,,,
,1984,,36,,0,,,,,,,
,1985,,4,0,68,,,11,,,,
,1986,,28,0,110,,,,,,,
,1987,,0,2,59,,,0,,,10,
,1988,,17,1,7,,,,,76,1,
,1989,,19,12,12,,,,,,,
,1990,,7,0,10,,,0,,,,
,1996,,5,,8,,4,,,,47,
,2000,,0,2,1,,,0,,,,
,2001,,4,0,4,0,0,0,,,,
,2003,,7,,22,,0,4,,,13,
,2004,,7,,28,,0,,,,,
,2005,,4,1,10,,0,12,,,,
,2007,,15,52,175,,,,,,,
,2008,,7,,8,,0,,,10,,
,2009,,40,191,3,347,0,180,,,19,
,2010,,7,0,4,,,,,,,
,2012,,24,,17,,,,,,60,
,2014,,47,,13,139,0,2,,,,
,2017,,0,,12,,0,0,,,,
,2019,,5,0,1,0,21,21,,,10,
,2020,,20,,59,,,11,,,23,
,2025,,1,,5,,,0,,,,
,1929,,,17,,,,,,,,
,1931,,,306,200,,,,,,,
,1951,,,3000,102,,3000,,,,,
,1970,,,15,13,,,,,,,
,1914,,,,0,,,,,,,
,1925,,,,0,,,,,,,
,1939,,,,3,,,71,,,,
,1940,,,,0,,,,,,,
,1941,,,,6,,,,,,,
,1942,,,,0,,,,,,,
,1943,,,,0,,,,,,,
,1946,,,,0,,0,,,,,
,1948,,,,2,,,,,,,
,1952,,,,23,,,,,,,
,1956,,,,200,,,,,,,
,1958,,,,0,,,,,,,
,1959,,,,1,,,,,,,
,1960,,,,0,,0,,,,,
,1961,,,,2,,,,,,,
,1962,,,,6,,,,,,,
,1965,,,,2,,,,,,,
,1966,,,,103,,,,,,,
,1972,,,,19,,,,,,,
,1979,,,,70,,,,,,13,
,1937,,,,,,506,,,,,
,1953,,,,,,150,,,,,
,1957,,,,,,0,,,,,
,1944,,,,,,,49,,,,
OMN,2016,,2,,,,,,,,,
OMN,2017,,3,,,,,,,,,
OMN,2019,,6,,,,,,,,,
OMN,2020,,3,,,,,,,,,
OMN,2024,,27,,,,,,,,,
OMN,1977,,,,107,,,,,,,
OMN,1981,,,,26,,,,,,,
OMN,2003,,,,30,,,,,,,
OMN,2007,,,,76,,,,,,,
OMN,2010,,,,16,,,,,,,
OMN,2011,,,,14,,,,,,,
OMN,2015,,,,0,,,,,,,
OMN,2018,,,,6,,,,,,,
OMN,2021,,,,20,,,,,,,
PAK,1999,5,34,,258,11,,,,,,
PAK,2000,34,,,,24,,,,,,
PAK,2001,34,210,12,4,,,,,,31,
PAK,2002,34,37,39,14,113,,,,,,
PAK,2003,36,266,,51,200,,,,,12,
PAK,2019,77,206,39,39,,,,,,,
PAK,1950,,2900,,,,,,,,,
PAK,1954,,346,,,,,,,,,
PAK,1956,,270,,,,,,,,,
PAK,1957,,75,,,,,,,,,
PAK,1959,,100,,,,,,,,48,
PAK,1964,,0,,450,,,,,,,
PAK,1967,,32,,,,,,,,,
PAK,1973,,474,,,,,,,,,
PAK,1976,,338,,,,,,,,,
PAK,1977,,848,,,,,,,,,
PAK,1978,,393,,,,,,,,,
PAK,1979,,13,,,70,,,,,,
PAK,1980,,75,,18,,,,,,,
PAK,1981,,82,256,56,,,,,,,
PAK,1982,,68,,,,,,,,,
PAK,1983,,39,,,,,,,,95,
PAK,1984,,39,4,,,,,,,,
PAK,1988,,196,,36,,,,,50,,
PAK,1989,,20,,,,,,,,,
PAK,1991,,24,300,,523,,,,,25,
PAK,1992,,1446,40,,,,,,,55,
PAK,1993,,15,,609,,,,,,58,
PAK,1994,,316,,36,,,,,,,
PAK,1995,,1063,,,,,,,,,
PAK,1996,,111,,,32,,,,,44,
PAK,1997,,171,50,41,100,,,,,,
PAK,1998,,1000,1,12,,,,,,13,
PAK,2004,,5,24,,,,,,,,
PAK,2005,,636,73338,58,106,,,,,24,
PAK,2006,,400,,,84,,,,,29,
PAK,2007,,526,,242,,,,,,143,
PAK,2008,,83,166,,,,,,,,
PAK,2009,,102,,,,,,,,,
PAK,2010,,2113,,23,,,,,,50,
PAK,2011,,509,2,,,,,,,,
PAK,2012,,518,,,,,,,,153,
PAK,2013,,268,462,,,,,,,,
PAK,2014,,255,,16,139,,,,,,
PAK,2015,,367,283,,1229,,,,13,,
PAK,2016,,369,6,34,,,,,,,
PAK,2017,,180,,26,,,,,,9,
PAK,2018,,60,,,180,,,,,,
PAK,2020,,507,,107,,,,,,16,
PAK,2021,,220,21,23,,,,,,,
PAK,2022,,1739,43,22,0,,4,,,,
PAK,2023,,335,11,1,22,,,,,11,
PAK,2024,,408,,106,568,,,,,,
PAK,2025,,1037,,30,,,,,,,
PAK,1909,,,231,,,,,,,,
PAK,1935,,,60000,,,,,,,,
PAK,1945,,,4000,,,,,,,,
PAK,1955,,,12,,,,,,,,
PAK,1972,,,100,,,,,,,,
PAK,1974,,,4700,,,,,,,,
PAK,1985,,,5,,,,,,,,
PAK,1986,,,0,11,,,,,,,
PAK,1990,,,22,,18,,,,,,
PAK,1926,,,,0,,,,,,,
PAK,1939,,,,0,,,,,,,
PAK,1944,,,,0,,,,,,,
PAK,1965,,,,10000,,,,,,,
PAK,1953,,,,,111,,,,,,
PAK,1975,,,,,14,,,,,,
PLW,2015,0,,,,,,,,,,
PLW,2016,0,,,,,,,,,,
PLW,2012,,,,0,,,,,,,
PLW,2013,,,,0,,,,,,,
PLW,2021,,,,0,,,,,,,
PSE,2010,,0,,,,,,,,,
PSE,2012,,0,,,,,,,,,
PSE,2013,,5,,1,,,,,,,
PSE,2015,,,,4,,,,,,,
PSE,2020,,,,,3,,,,,,
PSE,2022,,,,,4,,,,,,
PAN,1983,0,,,,,,,,,,
PAN,2013,0,,,,,,,,,,
PAN,2015,0,0,,,,,,,,,
PAN,2018,0,,,,,,,,,,
PAN,2019,0,,,,,,,,,,
PAN,1966,,20,,,,,,,,,
PAN,1970,,48,,,,,,,,,
PAN,1972,,0,,,,,,,,,
PAN,1973,,7,,,,,,,,,
PAN,1978,,19,,,,,,,,,
PAN,1984,,1,,,,,,,,,
PAN,1986,,2,,,,,,,,,
PAN,1991,,12,30,,,,,,,,
PAN,1995,,1,,,,,,,,,
PAN,1999,,1,,,,,,,,,
PAN,2000,,1,,,,,,,,,
PAN,2001,,0,,,,,,,,,
PAN,2002,,5,,,,,,,,,
PAN,2003,,0,2,,,,,,,,
PAN,2004,,16,,,,,,,,,
PAN,2005,,3,,,,,,,,,
PAN,2006,,11,,,,,0,,,,
PAN,2007,,2,,,,,,,,,
PAN,2008,,28,,,,,,,,,
PAN,2009,,0,,,,,,,,,
PAN,2010,,15,,,,,,,,,
PAN,2011,,0,,,,,,,,,
PAN,2012,,6,,,,,,,,,
PAN,2014,,9,,,,,,,,,
PAN,2020,,11,,83,,,,,,,
PAN,2021,,1,,,,,,,,,
PAN,2022,,0,,,,,,,,,
PAN,1964,,,,1,,,,,,,
PAN,1988,,,,30,,,,,,,
PAN,1992,,,,12,,,,,,,
PAN,1998,,,,3,,,,,,,
PAN,2016,,,,7,,,,,,,
PAN,2017,,,,7,,,,,,,
PAN,2024,,,,7,,,,,,,
PNG,1980,0,,,,,,,,,,
PNG,1981,0,,,,,,,,,,
PNG,1997,15,,,32,,,0,,,,
PNG,1998,45,,2182,,,,,,,,
PNG,2015,24,0,,0,,,,,,,
PNG,1983,,56,10,,,0,,,,,
PNG,1992,,0,,,,0,,,,,
PNG,1993,,0,53,15,,,,,,,
PNG,1999,,2,,,,,,,,,
PNG,2004,,0,,,,0,,,,,
PNG,2005,,1,1,,,0,,,,,
PNG,2006,,1,,,,0,,,,15,
PNG,2008,,0,,,,,,,10,,
PNG,2012,,5,,,,,,,,60,
PNG,2013,,0,,,,,,,,,
PNG,2014,,0,,0,,0,,,,,
PNG,2016,,0,,,,,,,,,
PNG,2019,,2,0,,,0,,,,10,
PNG,2020,,19,,,,,,,,23,
PNG,1951,,,3000,,,3000,,,,,
PNG,1970,,,15,,,,,,,,
PNG,1985,,,0,,,,,,,,
PNG,1986,,,0,,,,,,,,
PNG,1987,,,1,,,,,,,,
PNG,1990,,,0,,,,,,,,
PNG,2000,,,2,,,,,,,,
PNG,2001,,,0,,,,,,,,
PNG,2002,,,5,,,0,,,,36,
PNG,2018,,,181,,,0,,,,,
PNG,2022,,,7,,,,,,,,
PNG,2023,,,8,,,,,,,,
PNG,2024,,,5,,,,,,,693,
PNG,1972,,,,0,,,,,,,
PNG,2007,,,,172,,,,,,,
PNG,2011,,,,0,,,,,,,
PNG,1937,,,,,,506,,,,,
PNG,1957,,,,,,0,,,,,
PNG,1960,,,,,,0,,,,,
PNG,1994,,,,,,5,,,,,
PNG,1996,,,,,,4,,,,38,
PNG,1988,,,,,,,,,76,,
PNG,1971,,,,,,,,,,100,
PNG,1979,,,,,,,,,,13,
PNG,1991,,,,,,,,,,200,
PNG,2003,,,,,,,,,,13,
PNG,2009,,,,,,,,,,19,
PRY,1963,0,,,,,,,,,,
PRY,1964,0,,,,,,,,,,
PRY,1999,1,,,,,,,,,,
PRY,2000,3,,,,8,,,,,,
PRY,2001,3,,,,,,,,,,
PRY,2002,5,0,,0,,,,,,,
PRY,2005,0,,,,,,,,,,
PRY,2008,4,,,0,,,,,,,
PRY,2009,0,0,,0,,,,,,,
PRY,2012,0,0,,5,,,,,,,
PRY,2013,0,0,,0,,,,,,,
PRY,2014,0,0,,,,,,,,,
PRY,2016,0,4,,,,,,,,,
PRY,1965,,6,,,,,,,,,
PRY,1966,,0,,,,,,,,,
PRY,1971,,0,,,,,,,,,
PRY,1979,,0,,,,,,,,,
PRY,1982,,0,,,,,,,,,
PRY,1983,,76,,,,,,,,,
PRY,1988,,0,,,,,,,,,
PRY,1990,,0,,,,,,,,,
PRY,1992,,0,,,,,,,,,
PRY,1995,,0,,,,,,,,,
PRY,1997,,0,,33,,,,,,,
PRY,1998,,55,,,,,,,,,
PRY,2015,,8,,2,,,,,,,
PRY,2018,,0,,,,,,,,,
PRY,2019,,40,,,,,0,,,,
PRY,2021,,10,,,,,,,,,
PRY,2023,,6,,,,,,,,,
PRY,2011,,,,0,,,,,,,
PRY,2004,,,,,0,,,,,,
PRY,2010,,,,,12,,,,,,
PRY,2007,,,,,,,8,,,,
PER,1966,0,,120,,,,,,,,
PER,1969,0,,150,,,,,,,,
PER,1983,0,,10,,17,,,,,596,
PER,1990,0,61,200,,,0,,,,33,
PER,1992,0,0,,,,,,,,,
PER,2002,0,23,,59,,,,,,,
PER,2004,0,4,,,90,,,,,11,
PER,2006,0,0,,,,0,,,,,
PER,1965,,60,,,,,,,,,
PER,1967,,25,,,,,,,,,
PER,1970,,3,66835,,,,,,,,
PER,1971,,250,,,,,,,,600,
PER,1977,,21,,,,,,,,,
PER,1978,,2,,,,,,,,,
PER,1980,,70,7,,,,,,,,
PER,1981,,70,18,,,,,,,70,
PER,1982,,332,3,,,,,,,200,
PER,1986,,62,16,,,,,,,40,
PER,1987,,173,,,,,,,,95,
PER,1988,,38,,,,,,,,80,
PER,1989,,38,,,,,,,,,
PER,1993,,80,6,,,,,,,,
PER,1994,,85,,,,,,,,,
PER,1999,,74,1,,,,,,,40,
PER,2000,,22,,,,,,,,11,
PER,2001,,15,151,,,,,,,20,
PER,2003,,18,,,339,,,,,,
PER,2007,,17,593,,67,,,,,,
PER,2008,,40,,,,,,,,,
PER,2009,,40,,,274,,,,,145,
PER,2010,,138,,,350,,,,,68,
PER,2011,,18,1,16,79,,,,,,
PER,2012,,68,0,,252,,,,,22,
PER,2013,,68,0,,1,0,,,,,
PER,2014,,35,8,,505,0,,,,,
PER,2015,,15,,,21,,,,,,
PER,2016,,2,5,,,,,,,,
PER,2017,,200,,,,,,,,,
PER,2019,,61,2,,,0,0,,,15,
PER,2020,,15,,,,,,,,15,
PER,2021,,23,0,,,,,,,,
PER,2022,,1,0,,,2,,,,10,
PER,2023,,96,1,8,,,,,,38,
PER,2024,,0,0,0,,,14,,,,
PER,2025,,7,2,,,,,,,,
PER,1913,,,150,,,,,,,,
PER,1914,,,34,,,,,,,,
PER,1939,,,37,,,,,,,,
PER,1940,,,179,,,,,,,,
PER,1942,,,30,,,,,,,,
PER,1943,,,200,,,,,,,,
PER,1946,,,1400,,,,,,,,
PER,1947,,,233,,,,,,,,
PER,1950,,,83,,,,,,,130,
PER,1953,,,9,,,,,,,,
PER,1958,,,28,,,,,,,,
PER,1960,,,63,,,,,,,,
PER,1968,,,11,,,,,,,,
PER,1972,,,12,,,,,,,,
PER,1974,,,88,,,,,,,310,
PER,1979,,,13,,,,,,,,
PER,1985,,,0,,,,,,0,150,
PER,1991,,,64,,25,,,,,,
PER,1996,,,21,,,,,,,,
PER,2005,,,5,,,,,,,,
PER,2018,,,2,,,,,,,,
PER,1962,,,,60,,,,,2000,41,
PER,1997,,,,42,,,0,,,300,
PER,1998,,,,476,,,,,,45,
PER,1941,,,,,,,,,,5000,
PER,1973,,,,,,,,,,500,
PER,1984,,,,,,,,,,7,
PER,1995,,,,,,,,,,20,
PHL,1978,0,53,,617,,0,,,,22,
PHL,1980,0,2,,212,,,,,50,,
PHL,1983,0,11,19,128,,,,,,,
PHL,1987,0,,,1094,,,,,,,
PHL,1990,0,176,2417,737,,,,,,,
PHL,1991,0,70,,6083,,640,,,,,
PHL,1992,0,79,,101,,0,,,,,
PHL,1998,8,,,594,,,2,,,,
PHL,2002,0,90,15,215,,,,,,,
PHL,2007,0,40,,78,,0,,,,,
PHL,2015,0,53,,148,,,,,,,
PHL,2016,0,45,8,34,,,,,,,
PHL,2019,0,0,88,92,,,,,,,
PHL,1968,,29,271,50,,3,,,,,
PHL,1972,,653,,435,,,,,,,
PHL,1973,,3,14,346,,,,,,,
PHL,1974,,94,,203,,,,,,,
PHL,1975,,0,,39,,,,,,,
PHL,1976,,18,6000,387,,0,,,,,
PHL,1977,,24,1,104,,,,,,,
PHL,1979,,0,,62,,,,,,,
PHL,1981,,322,,999,,,,,,200,
PHL,1982,,33,,563,,,,,,,
PHL,1985,,79,2,186,,,,,300,,
PHL,1986,,3,,176,,,,,,,
PHL,1989,,44,,378,,,,,,99,
PHL,1993,,53,,518,,79,,,,21,
PHL,1994,,62,81,248,,,,,,27,
PHL,1995,,476,0,1249,,0,,,,,
PHL,1996,,0,,38,,,,,,45,
PHL,1997,,18,,49,,,,,,,
PHL,1999,,164,6,100,,,,,,100,
PHL,2000,,55,,394,,0,,,11,287,
PHL,2001,,43,,587,,0,,,,,
PHL,2003,,0,,95,,,,,,165,
PHL,2004,,49,,1861,,,,,,98,
PHL,2005,,5,,34,,,,,,,
PHL,2006,,36,,1805,,0,,,,1143,
PHL,2008,,116,,819,,,,,,24,
PHL,2009,,55,0,1242,,0,,,,10,
PHL,2010,,78,,212,,0,,,,2,
PHL,2011,,206,0,1782,,0,,,,29,
PHL,2012,,157,114,2039,,,,,,75,
PHL,2013,,105,230,7415,,,,,,,
PHL,2014,,5,,326,,0,,,,,
PHL,2017,,22,11,200,,,,,,,
PHL,2018,,11,,302,,0,,,,,
PHL,2021,,5,,567,,0,,,,,
PHL,2022,,73,10,521,,0,,,,5,
PHL,2023,,71,14,47,,0,,,,,
PHL,2024,,21,0,353,0,0,,,,150,
PHL,2025,,7,8,108,,0,,,,,
PHL,1918,,,100,,,,,,,,
PHL,1925,,,17,,,,,,,,
PHL,1937,,,1,231,,,,,,,
PHL,1948,,,72,,,,,,,,
PHL,1954,,,13,,,,,,,,
PHL,1955,,,400,144,,,,,,,
PHL,1960,,,32,631,,,,,,40,
PHL,1970,,,14,3802,,,,,,,
PHL,2020,,,1,190,,1,,,,10,
PHL,1905,,,,240,,,,,,,
PHL,1912,,,,0,,,,,,,
PHL,1931,,,,0,,,,,,,
PHL,1932,,,,147,,,,,,,
PHL,1934,,,,85,,,,,,,
PHL,1936,,,,517,,,,,,,
PHL,1938,,,,305,,,,,,,
PHL,1940,,,,73,,,,,,,
PHL,1946,,,,260,,,,,,,
PHL,1949,,,,1000,,,,,,,
PHL,1951,,,,1016,,500,,,,,
PHL,1952,,,,1014,,,,,,,
PHL,1956,,,,129,,,,,,,
PHL,1957,,,,89,,,,,,,
PHL,1959,,,,23,,,,,,,
PHL,1962,,,,197,,,,,,,
PHL,1963,,,,1,,,,,,,
PHL,1964,,,,636,,,,,,,
PHL,1965,,,,37,,355,,,,,
PHL,1966,,,,18,,,,,,,
PHL,1967,,,,107,,,,,,,
PHL,1969,,,,11,,0,,,,,
PHL,1971,,,,246,,,,,,,
PHL,1984,,,,2679,,0,,,,,
PHL,1988,,,,788,,,,,,54,
PHL,1911,,,,,,1335,,,,,
PHL,1950,,,,,,84,,,,,
POL,2018,0,,,,9,,,,,,
POL,1934,,55,,,,,,,,,
POL,1977,,0,,,,,,,,,
POL,1980,,1,,,,,,,,,
POL,1982,,0,0,,,,,,,,
POL,1987,,0,,,,,,,,,
POL,1997,,55,,,50,,,,,,
POL,1998,,9,,,64,,,,,,
POL,2001,,27,,,217,,,,,,
POL,2004,,1,,,,,,,,,
POL,2005,,3,,0,136,,,,,,
POL,2006,,0,,,55,,,,,,
POL,2009,,1,,8,218,,,,,,
POL,2010,,28,,,191,,,,,,
POL,2016,,2,,,21,,,,,,
POL,2020,,0,,3,,,,,,,
POL,2021,,0,,4,,,,,,,
POL,1928,,,,82,,,,,,,
POL,1983,,,,0,,,0,,,,
POL,1990,,,,0,,,,,,,
POL,1994,,,,1,,,,,,,
POL,1999,,,,3,154,,,,,,
POL,2002,,,,9,189,,,,,,
POL,2007,,,,19,,,,,,,
POL,2008,,,,2,72,,,,,,
POL,2012,,,,1,273,,,,,,
POL,2013,,,,4,25,,,,,,
POL,2015,,,,1,77,,,,,,
POL,2017,,,,6,,,,,,,
POL,2019,,,,4,,,,,,,
POL,2022,,,,7,763,,,,,,
POL,2024,,,,9,1780,,,,,,
POL,2000,,,,,84,,,,,,
POL,2003,,,,,47,,,,,,
POL,2011,,,,,125,,,,,,
POL,2014,,,,,78,,,,,,
POL,2023,,,,,616,,,,,,
POL,1992,,,,,,,35,,,,
PRT,1983,0,19,,,,,0,,,,
PRT,1997,0,,,11,,,,,,29,
PRT,2004,0,,,,,,2,,,,
PRT,2005,0,,,,462,,15,,,,
PRT,2022,0,,,,2212,,3,,,,
PRT,2023,0,,,,1432,,0,,,,
PRT,1967,,462,,,,,,,,,
PRT,1979,,23,,,,,,,,,
PRT,1981,,30,,,,,,,,,
PRT,1996,,11,,0,,,,,,,
PRT,2001,,6,,,,,0,,,,
PRT,2002,,0,,,,,,,,,
PRT,2003,,1,,,2696,,14,,,,
PRT,2006,,3,,,41,,,,,,
PRT,2008,,2,,,,,,,,,
PRT,2010,,43,,3,0,,,,,,
PRT,1909,,,30,,,,,,,,
PRT,1964,,,0,,,,,,,,
PRT,1969,,,2,,,,,,,,
PRT,1980,,,69,,,,,,,,
PRT,1998,,,10,,,,,,,,
PRT,1941,,,,120,,,,,,,
PRT,1946,,,,27,,,,,,,
PRT,1973,,,,11,,,,,,,
PRT,1989,,,,0,,,,,,,
PRT,2000,,,,5,,,,,,,
PRT,2013,,,,1,,,9,,,,
PRT,2014,,,,1,,,,,,,
PRT,2018,,,,2,0,,0,,,,
PRT,2019,,,,3,,,,,,,
PRT,2025,,,,0,,,,,,,
PRT,2009,,,,,0,,,,,,
PRT,2024,,,,,938,,9,,,,
PRT,1966,,,,,,,25,,,,
PRT,1985,,,,,,,14,,,,
PRT,1986,,,,,,,15,,,,
PRT,1991,,,,,,,0,,,,
PRT,2016,,,,,,,4,,,,
PRT,2017,,,,,,,109,,,,
PRI,1994,0,,,,,,,,,,
PRI,1970,,60,,,,,,,,,
PRI,1985,,500,,,,,,,,100,
PRI,1992,,18,,,,,,,,,
PRI,2001,,2,,,,,,,,,
PRI,2003,,2,,0,,,,,,,
PRI,2004,,0,,2,,,,,,,
PRI,2014,,1,,,,,,,,,
PRI,2018,,0,,0,,,,,,,
PRI,2022,,0,,25,,,,,,,
PRI,1918,,,116,,,,,,,,
PRI,2020,,,4,1,,,,,,,
PRI,1926,,,,25,,,,,,,
PRI,1928,,,,300,,,,,,,
PRI,1932,,,,257,,,,,,,
PRI,1956,,,,16,,,,,,,
PRI,1960,,,,0,,,,,,,
PRI,1975,,,,26,,,,,,,
PRI,1979,,,,3,,,,,,,
PRI,1989,,,,0,,,,,,,
PRI,1995,,,,1,,,,,,,
PRI,1996,,,,18,,,,,,,
PRI,1998,,,,0,,,,,,,
PRI,1999,,,,1,,,,,,,
PRI,2007,,,,1,,,,,,,
PRI,2011,,,,1,,,,,,,
PRI,2012,,,,0,,,,,,,
PRI,2017,,,,66,,,,,,,
PRI,1981,,,,,,,,,,26,
QAT,2018,,0,,,,,,,,,
REU,1948,,,,165,,,,,,,
REU,1980,,,,25,,,,,,10,
REU,1984,,,,0,,,,,,,
REU,1987,,,,10,,,,,,,
REU,1989,,,,10,,,,,,,
REU,1993,,,,14,,,,,,,
REU,2000,,,,2,,,,,,,
REU,2002,,,,0,,,,,,,
REU,2007,,,,2,,,,,,,
REU,2014,,,,1,,,,,,,
REU,2018,,,,0,,,,,,,
REU,2022,,,,0,,,,,,,
REU,2023,,,,0,,,,,,,
REU,2024,,,,4,,,,,,,
REU,2025,,,,5,,,,,,,
REU,1977,,,,,,0,,,,,
ROU,2000,0,9,,14,6,,,,,,
ROU,1926,,1000,,,,,,,,,
ROU,1970,,215,,,,,,,,,
ROU,1975,,60,,,,,,,,,
ROU,1984,,0,,,,,,,,,
ROU,1991,,108,0,,,,,,,,
ROU,1994,,2,,0,0,,,,,,
ROU,1995,,1,,,,,,,,,
ROU,1996,,1,,,16,,,,,,
ROU,1997,,20,,12,,,,,,,
ROU,1998,,31,,,80,,,,,,
ROU,1999,,34,,,,,,,,0,
ROU,2001,,7,,,10,,,,,,
ROU,2002,,13,,,10,,,,,,
ROU,2003,,5,,,,,,,,,
ROU,2004,,10,,12,27,,,,,,
ROU,2005,,78,,3,13,,,,,,
ROU,2006,,34,,,94,,,,,,
ROU,2007,,14,,,32,,,,,,
ROU,2008,,5,,0,36,,,,,,
ROU,2009,,11,,,54,,,,,,
ROU,2010,,26,,,52,,,,,,
ROU,2013,,9,,,,,,,,,
ROU,2014,,2,,,13,,,,,,
ROU,2015,,1,,,,,,,,,
ROU,2016,,3,,,,,,,,,
ROU,2018,,0,,,2,,,,,,
ROU,2019,,4,,,,,,,,,
ROU,2020,,3,,,,,,,,,
ROU,2021,,1,,,,,,,,,
ROU,2025,,3,,,,,,,,,
ROU,1908,,,0,,,,,,,,
ROU,1913,,,0,,,,,,,,
ROU,1928,,,0,6,,,,,,,
ROU,1934,,,0,,,,,,,,
ROU,1940,,,980,,,,,,,,
ROU,1945,,,0,,,,,,,,
ROU,1977,,,1641,,,,,,,,
ROU,1990,,,9,,,,,,,,
ROU,1993,,,,3,,,,,,,
ROU,2017,,,,9,,,,,,,
ROU,2023,,,,2,2585,,,,,,
ROU,2024,,,,7,4943,,,,,,
ROU,2012,,,,,86,,,,,,
ROU,2022,,,,,2455,,,,,,
RUS,1998,0,14,,8,69,,3,,,,
RUS,2003,0,0,3,0,,,0,,,,
RUS,2010,0,23,,,55760,,61,,,,
RUS,2012,0,179,,,234,,2,,,,
RUS,1992,,0,,,,,31,,,0,
RUS,1993,,138,,,41,,,,,299,
RUS,1994,,46,11,12,42,,,,,,
RUS,1996,,4,,,,,19,,,0,
RUS,1997,,2,,,22,,14,,,,
RUS,1999,,0,1,12,162,,0,,,,
RUS,2000,,3,0,9,245,,0,,,27,
RUS,2001,,37,,8,753,,0,,,,
RUS,2002,,200,,8,242,,0,,,122,
RUS,2004,,18,0,9,,,9,,,,
RUS,2005,,22,,0,,,,,,9,
RUS,2006,,0,0,,116,,,,,,
RUS,2007,,0,2,0,,,,,,,
RUS,2011,,0,,1,,,,,,,
RUS,2013,,4,,,,,,,,,
RUS,2014,,6,,,,,,,,,
RUS,2015,,1,,,,,30,,,,
RUS,2016,,0,,,,,,,,,
RUS,2017,,0,,16,,,,,,,
RUS,2018,,10,,,,,,,,,
RUS,2019,,59,,,,,0,,,,
RUS,2021,,8,,,,,0,,,6,
RUS,2022,,1,,6,,,16,,,,
RUS,2024,,3,,,,,,,,,
RUS,1995,,,1989,145,228,,,,,17,
RUS,2008,,,13,,,,,,,,
RUS,2025,,,0,,,,,,,,
RUS,2023,,,,15,,,21,,,,
RWA,1976,0,,,,,,,,,,
RWA,1977,0,,,,,,,,,,
RWA,1984,0,,,,,,,,,,
RWA,1989,237,,,,,,,,,,
RWA,1996,0,,,,,,,,,,
RWA,1997,0,,,,,,,,,,
RWA,1999,0,,,,,,,,,,
RWA,2000,0,,,,,,,,,,
RWA,2003,0,0,,,,,,,,,
RWA,2004,0,,,,,,,,,,
RWA,2005,0,,,,,,,,,,
RWA,2006,0,,,,,,,,,24,
RWA,2007,0,30,,,,,,,,,
RWA,1974,,0,,,,,,,,,
RWA,1988,,48,,,,,,,,,
RWA,2001,,12,,,,,,,,,
RWA,2002,,69,45,,,,,,,,
RWA,2008,,0,36,,,,,,,,
RWA,2011,,14,,,,,,,,,
RWA,2012,,5,,,,,,,,,
RWA,2015,,2,,,,,,,,,
RWA,2016,,67,,,,,,,,50,
RWA,2018,,58,,,,,,,,18,
RWA,2019,,28,,,,,,,,,
RWA,2020,,111,,,,,,,,,
RWA,2021,,0,,,,0,,,,,
RWA,2022,,29,,,,,,,,,
RWA,2023,,131,,,,,,,,,
RWA,2024,,14,,,,,,,,,
RWA,2017,,,,3,,,,,,,
RWA,2010,,,,,,,,,,21,
BLM,2017,,,,4,,,,,,,
SHN,2001,,,,0,,,,,,,
KNA,1987,,0,,,,,,,,,
KNA,1928,,,,0,,,,,,,
KNA,1955,,,,0,,,,,,,
KNA,1984,,,,0,,,,,,,
KNA,1989,,,,1,,,,,,,
KNA,1990,,,,0,,,,,,,
KNA,1995,,,,0,,,,,,,
KNA,1998,,,,5,,,,,,,
KNA,1999,,,,0,,,,,,,
KNA,2008,,,,0,,,,,,,
KNA,2017,,,,0,,,,,,,
LCA,2010,0,0,,14,,,,,,,
LCA,2013,,6,,,,,,,,,
LCA,2022,,0,,,,,,,,,
LCA,2007,,,0,1,,,,,,,
LCA,1960,,,,0,,,,,,,
LCA,1963,,,,10,,,,,,,
LCA,1967,,,,0,,,,,,,
LCA,1980,,,,9,,,,,,,
LCA,1983,,,,0,,,,,,,
LCA,1986,,,,0,,,,,,,
LCA,1987,,,,0,,,,,,,
LCA,1988,,,,0,,,,,,,
LCA,1994,,,,4,,,,,,,
LCA,1999,,,,0,,,,,,,
LCA,2004,,,,0,,,,,,,
LCA,2016,,,,0,,,,,,,
LCA,2021,,,,1,,,,,,,
LCA,1996,,,,,,,,,,0,
MAF,2017,,,,12,,,,,,,
VCT,2010,0,,,0,,,,,,,
VCT,1977,,0,,,,,,,,,
VCT,1986,,0,,,,,,,,,
VCT,1987,,0,,0,,,,,,,
VCT,1992,,3,,,,,,,,,
VCT,2011,,0,,,,,,,,,
VCT,2013,,12,,,,,,,,,
VCT,2016,,0,,1,,,,,,,
VCT,1955,,,,122,,,,,,,
VCT,1967,,,,2,,,,,,,
VCT,1980,,,,0,,,,,,,
VCT,1999,,,,0,,,,,,,
VCT,2002,,,,4,,,,,,,
VCT,2004,,,,0,,,,,,,
VCT,2005,,,,0,,,,,,,
VCT,2021,,,,0,,0,,,,,
VCT,2023,,,,0,,,,,,,
VCT,2024,,,,8,,,,,,,
VCT,1902,,,,,,1565,,,,,
VCT,1971,,,,,,0,,,,,
VCT,1979,,,,,,2,,,,,
WSM,2015,0,,,,,,,,,,
WSM,2001,,0,,,,,,,,,
WSM,2009,,,148,,,,,,,,
WSM,1964,,,,250,,,,,,,
WSM,1966,,,,10,,,,,,,
WSM,1968,,,,0,,,,,,,
WSM,1983,,,,0,,,0,,,,
WSM,1989,,,,0,,,,,,,
WSM,1990,,,,8,,,,,,,
WSM,1991,,,,13,,,,,,,
WSM,2004,,,,1,,,,,,,
WSM,2005,,,,9,,,,,,,
WSM,2012,,,,12,,,,,,,
WSM,2018,,,,0,,,,,,,
STP,1983,0,,,,,,,,,,
STP,1984,0,,,,,,,,,,
STP,1985,0,,,,,,,,,,
STP,2021,,8,,,,,,,,,
SAU,1964,,20,,,,,,,,,
SAU,1985,,32,,,,,,,,,
SAU,2002,,19,,,,,,,,,
SAU,2003,,12,,,,,,,,,
SAU,2004,,5,,,,,,,,,
SAU,2005,,63,,,,,,,,,
SAU,2009,,161,,,,,,,,,
SAU,2010,,24,,,,,,,,,
SAU,2011,,11,,,,,,,,,
SAU,2012,,19,,,,,,,,,
SAU,2013,,39,,,,,,,,,
SAU,2015,,23,,,,,,,,,
SAU,2016,,21,,3,,,,,,,
SAU,2017,,4,,,,,,,,,
SAU,2019,,20,,,,,,,,,
SAU,2020,,3,,,,,,,,,
SAU,1982,,,,0,,,,,,,
SAU,2024,,,,,1301,,,,,,
SEN,1910,0,,,,,,,,,,
SEN,1911,0,,,,,,,,,,
SEN,1912,0,,,,,,,,,,
SEN,1913,0,,,,,,,,,,
SEN,1914,0,,,,,,,,,,
SEN,1940,0,,,,,,,,,,
SEN,1941,0,,,,,,,,,,
SEN,1942,0,,,,,,,,,,
SEN,1943,0,,,,,,,,,,
SEN,1944,0,,,,,,,,,,
SEN,1966,0,0,,,,,,,,,
SEN,1967,0,,,,,,,,,,
SEN,1969,0,,,,,,,,,,
SEN,1970,0,,,,,,,,,,
SEN,1971,0,,,,,,,,,,
SEN,1972,0,,,,,,,,,,
SEN,1973,0,,,,,,,,,,
SEN,1974,0,,,,,,,,,,
SEN,1975,0,,,,,,,,,,
SEN,1977,0,,,,,,,,,,
SEN,1978,0,0,,,,,,,,,
SEN,1979,0,,,,,,,,,,
SEN,1980,0,,,,,,,,,,
SEN,1982,0,,,,,,,,,,
SEN,1983,0,0,,,,,,,,,
SEN,1984,0,,,,,,,,,,
SEN,1985,0,0,,,,,,,,,
SEN,2002,0,28,,,,,,,,,
SEN,2011,0,0,,,,,,,,,
SEN,2012,0,19,,,,,,,,,
SEN,2013,0,8,,,,,,,,,
SEN,2014,0,,,,,,,,,,
SEN,2015,0,,,,,,,,,,
SEN,2018,0,,,,,,,,,,
SEN,2019,0,6,,,,,,,,,
SEN,2020,0,11,,,,,,,,,
SEN,2021,0,,,,,,,,,,
SEN,1988,,0,,,,,,,,,
SEN,1993,,0,,,,,,,,,
SEN,1994,,0,,,,,,,,,
SEN,1998,,0,,,,,,,,,
SEN,2003,,8,,,,,,,,,
SEN,2005,,0,,,,,,,,,
SEN,2007,,8,,,,,,,,,
SEN,2008,,1,,,,,,,,,
SEN,2009,,6,,,,,,,,,
SEN,2010,,2,,,,,,,,,
SEN,2016,,5,,,,,,,,,
SEN,2022,,0,,,,,,,,,
SEN,2024,,0,,,,,,,,,
SEN,1999,,,,187,,,,,,,
SEN,2004,,,,2,,,,,,,
SRB,2007,,0,,,0,,,,,,
SRB,2009,,0,,,0,,,,,,
SRB,2010,,2,2,,3,,,,,,
SRB,2011,,0,,,,,,,,,
SRB,2013,,0,,,,,,,,,
SRB,2014,,56,,,0,,,,,,
SRB,2016,,1,,,,,,,,,
SRB,2018,,0,,,,,,,,,
SRB,2019,,0,,,,,,,,,
SRB,2020,,2,,,,,,,,,
SRB,2021,,0,,,,,,,,,
SRB,2023,,2,,1,464,,,,,,
SRB,2012,,,,,25,,,,,,
SRB,2017,,,,,6,,,,,,
SRB,2022,,,,,574,,,,,,
SRB,2024,,,,,2515,,,,,,
OWID_SRM,1992,,1,,,,,,,,,
OWID_SRM,1999,,11,,,,,,,,,
OWID_SRM,2000,,0,,,3,,,,,,
OWID_SRM,2001,,0,,,,,,,,,
OWID_SRM,2002,,2,1,,,,,,,,
OWID_SRM,2005,,2,,0,,,,,,,
OWID_SRM,2006,,0,,,3,,,,,,
SYC,1997,,5,,,,,,,,,
SYC,2014,,0,,,,,,,,,
SYC,2004,,,3,,,,,,,,
SYC,2002,,,,0,,,,,,,
SYC,2013,,,,0,,,,,,,
SLE,1996,,12,,,,,,,,,
SLE,2004,,10,,,,,,,,,
SLE,2005,,20,,,,,,,,,
SLE,2007,,0,,,,,,,,,
SLE,2009,,103,,,,,,,,,
SLE,2010,,0,,,,,,,,16,
SLE,2011,,21,,,,,,,,,
SLE,2015,,10,,,,,,,,,
SLE,2019,,7,,,,,,,,,
SLE,2022,,12,,,,,,,,,
SLE,2024,,0,,,,,,,,,
SLE,1975,,,,1,,,,,,,
SLE,1984,,,,60,,,,,,,
SLE,1999,,,,13,,,,,,,
SLE,2023,,,,15,,,,,,,
SLE,2013,,,,,,,0,,,,
SLE,2025,,,,,,,0,,,,
SLE,2017,,,,,,,,,,1102,
SXM,2017,,,,4,,,,,,,
SVK,1997,,1,,,,,,,,,
SVK,1998,,54,,,,,,,,,
SVK,1999,,2,,,,,,,,,
SVK,2001,,1,,,,,,,,,
SVK,2002,,0,,,,,,,,,
SVK,2004,,1,,2,,,,,,,
SVK,2005,,1,,,0,,,,,,
SVK,2006,,1,,,,,,,,,
SVK,2010,,7,,,62,,,,,,
SVK,2013,,1,,,,,,,,,
SVK,2020,,1,,,,,,,,,
SVK,2021,,1,,,,,,,,,
SVK,2017,,,,0,,,,,,,
SVK,2019,,,,1,,,,,,,
SVK,2023,,,,0,247,,,,,,
SVK,2024,,,,1,522,,,,,,
SVK,2003,,,,,0,,,,,,
SVK,2007,,,,,1,,,,,,
SVK,2011,,,,,60,,,,,,
SVK,2012,,,,,5,,,,,,
SVK,2022,,,,,365,,,,,,
SVK,2000,,,,,,,6,,,,
SVN,2005,,0,,,,,,,,,
SVN,2010,,3,,,,,,,,,
SVN,2012,,0,,,,,,,,,
SVN,2014,,2,,,1,,,,,,
SVN,2021,,0,,,,,,,,,
SVN,2023,,6,,1,95,,,,,,
SVN,1998,,,0,,,,,,,,
SVN,2004,,,1,,,,,,,,
SVN,2007,,,,6,,,,,,,
SVN,2020,,,,1,,,,,,,
SVN,2003,,,,,289,,,,,,
SVN,2022,,,,,154,,,,,,
SVN,2024,,,,,280,,,,,,
SLB,1997,0,,,,,,,,,,
SLB,1998,0,,,,,,,,,,
SLB,2015,0,,,9,,,,,,,
SLB,2009,,21,,,,,,,,,
SLB,2010,,2,0,0,,,,,,,
SLB,2012,,0,,,,,,,,,
SLB,2013,,0,10,,,,,,,,
SLB,2014,,47,,,,,,,,,
SLB,1931,,,50,,,,,,,,
SLB,1975,,,200,,,,,,,,
SLB,1977,,,34,,,,,,,,
SLB,1988,,,1,,,,,,,,
SLB,2007,,,52,,,,,,,,
SLB,2016,,,0,,,,,,,,
SLB,1956,,,,200,,,,,,,
SLB,1966,,,,3,,,,,,,
SLB,1967,,,,12,,,,,,,
SLB,1968,,,,1,,,,,,,
SLB,1979,,,,2,,,,,,,
SLB,1982,,,,0,,,,,,,
SLB,1985,,,,0,,,,,,,
SLB,1986,,,,101,,,,,,,
SLB,1992,,,,0,,,,,,,
SLB,1993,,,,4,,,,,,,
SLB,2002,,,,0,,,,,,,
SLB,2003,,,,0,,,,,,,
SLB,2011,,,,0,,,,,,,
SLB,2018,,,,0,,,,,,,
SLB,2020,,,,48,,,,,,,
SLB,2023,,,,0,,,,,,,
SLB,1971,,,,,,0,,,,,
SOM,1964,50,,,,,,,,,,
SOM,1969,0,,,,,,,,,,
SOM,1974,772,,,,,,,,,,
SOM,1975,9101,,,,,,,,,,
SOM,1976,9127,,,,,,,,,,
SOM,1980,0,,,,,,,,,,
SOM,1983,0,,,,,,,,,,
SOM,1987,600,0,,,,,,,,,
SOM,1988,0,,,,,,,,,,
SOM,2000,10,0,,,,,,,,,
SOM,2001,11,0,,,,,,,,,
SOM,2004,0,0,298,,,,,,,,
SOM,2005,2,12,,,,,,,,,
SOM,2008,0,0,,,,,,,,,
SOM,2009,0,0,,,,,,,,,
SOM,2010,10000,11,,,,,,,,,
SOM,2011,10000,0,,,,,,,,,
SOM,2012,0,31,,,,,,,,,
SOM,2014,0,0,,,,,,,,,
SOM,2015,0,0,,0,,,,,,,
SOM,2016,0,9,,,,,,,,,
SOM,2017,0,,,,,,,,,,
SOM,2019,0,17,,6,,,,,,,
SOM,2021,0,25,,,,,,,,,
SOM,2022,0,0,,,,,,,,,
SOM,2025,27,18,,,,,,,,,
SOM,1961,,200,,,,,,,,,
SOM,1977,,0,,,,,,,,,
SOM,1981,,5,,,,,,,,,
SOM,1989,,34,,,,,,,,,
SOM,1994,,100,,30,,,,,,,
SOM,1995,,20,,,,,,,,,
SOM,1996,,3,,,,,,,,,
SOM,1997,,2311,,,,,,,,,
SOM,2003,,1,,,,,,,,,
SOM,2006,,97,,,,,,,,,
SOM,2007,,25,,,,,,,,,
SOM,2013,,7,,162,,,,,,,
SOM,2018,,5,,53,,,,,,,
SOM,2020,,32,,9,,,,,,,
SOM,2023,,165,,,,,,,,,
SOM,2024,,9,,,,,,,,,
ZAF,1964,0,,,,,,,,,,
ZAF,1982,0,,,,,,,,,,
ZAF,1983,0,,,10,,,,,,,
ZAF,1986,0,,,,,,,,,,
ZAF,1988,0,25,,,,,,,,,
ZAF,1991,0,,,,,,5,,,,
ZAF,1992,0,,,,,,,,,,
ZAF,1995,0,161,,,,,,,,,
ZAF,2004,0,0,,,,,,,,,
ZAF,2015,0,,,,,,,,,,
ZAF,2016,0,13,,,11,,,,,,
ZAF,2017,0,3,,20,,,9,,,,
ZAF,2018,0,,,,,,,,,,
ZAF,2019,0,98,,4,,,,,,,
ZAF,2021,0,31,,27,,,,,,,
ZAF,1959,,51,,,,,,,,,
ZAF,1968,,0,,,,,,,,,
ZAF,1974,,26,,,,,,,,,
ZAF,1977,,4,,,,,,,,,
ZAF,1978,,26,,,,,,,,,
ZAF,1981,,104,,,,,,,,,
ZAF,1987,,506,,,,,,,,,
ZAF,1993,,12,,7,,,,,,,
ZAF,1994,,0,,2,,,,,,,
ZAF,1996,,80,,,30,,,,,34,
ZAF,1997,,0,15,,,,,,,,
ZAF,1999,,27,,26,,,4,,,,
ZAF,2000,,86,,1,,,0,,,,
ZAF,2001,,5,,14,,,31,,,,
ZAF,2002,,16,,23,,,3,,,,
ZAF,2003,,1,,0,,,,,,,
ZAF,2006,,12,,,,,,,,,
ZAF,2007,,0,,,22,,26,,,,
ZAF,2008,,11,,5,,,34,,,,
ZAF,2009,,14,,18,,,,,,,
ZAF,2011,,40,,23,,,,,,,
ZAF,2012,,13,,0,,,,,,,
ZAF,2014,,32,1,,,,,,,,
ZAF,2020,,3,,10,,,,,,,
ZAF,2022,,579,,,,,,,,,
ZAF,2023,,65,,6,,,,,,,
ZAF,2024,,44,,47,,,0,,,,
ZAF,2025,,88,,,,,,,,,
ZAF,1969,,,9,,,,,,,,
ZAF,1990,,,10,2,,,,,,,
ZAF,2005,,,2,,,,,,,,
ZAF,1952,,,,35,,,,,,,
ZAF,1984,,,,64,,,,,,,
ZAF,1998,,,,18,,,25,,,,
ZAF,2010,,,,23,,,,,,,
ZAF,2013,,,,3,,,,,,,
,1963,0,,,,,,,,,,
,1964,0,100,,,,4,,,,,
,1966,0,636,124,36,,,,,,400,
,1968,0,24,11,0,113,,,,,,
,1969,0,316,150,,,,,,,,
,1970,0,638,66864,,,,,,,,
,1971,0,540,85,0,,,,,,820,
,1972,0,,12,,100,,,,,70,
,1977,0,93,70,25,,,,,,0,
,1978,0,72,,5,,,,,,,
,1979,0,362,652,,,,,,,30,
,1983,20,708,264,1,17,,,,160,709,
,1985,0,176,186,22,,21800,0,,0,150,
,1987,0,493,5007,1,,,0,,,976,
,1988,0,904,,37,77,0,,,,80,
,1990,0,116,204,,,0,,,,33,
,1991,0,20,66,,25,0,0,,,270,
,1992,0,178,11,0,,,0,,,79,
,1994,0,148,276,0,0,,24,,,18,
,1997,0,310,88,83,,,10,,,300,
,1998,0,196,98,476,,,1,,,209,
,1999,1,30127,1187,3,,0,3,,,112,
,2000,3,291,2,1,36,,8,,,125,
,2001,3,200,151,40,14,0,0,,,114,
,2002,5,239,0,84,0,0,0,,60,157,
,2003,0,307,,12,339,0,0,,,104,
,2004,0,345,1,9,95,,,,,11,
,2005,0,363,16,65,,0,0,,,,
,2006,0,232,,,,5,,,,,
,2007,0,374,606,,82,0,8,,,0,
,2008,4,436,11,3,,16,,,12,27,
,2009,0,174,,14,274,,,,,181,
,2010,0,905,562,8,444,0,31,,,315,
,2012,0,213,1,24,252,,13,,,22,
,2013,0,302,0,6,19,0,,,,43,
,2014,0,222,14,11,505,0,12,,,98,
,2015,0,274,19,18,21,0,12,,,108,
,2016,0,85,678,,,0,,,,,
,2018,0,41,2,2,,,,,,15,
,2019,2,292,4,,,0,0,,,72,
,2020,2,223,,35,,0,5,,,33,
,2021,4,202,0,0,,0,15,,,20,
,2022,0,796,1,0,,2,3,,,194,
,2023,5,298,15,70,,,38,,,142,
,2024,5,282,0,16,,0,151,,,53,
,1948,,200,,,,100,,,,,
,1950,,50,394,,,,,,,130,
,1953,,71,24,,,,,,,,
,1957,,112,,,,,,,,,
,1958,,360,139,,,,,,,,
,1959,,284,,59,,,,,,,
,1962,,135,47,60,,,,,2000,71,
,1965,,728,400,58,,,,,,103,
,1967,,909,321,,,,,,,436,
,1973,,29,,60,,,,,,741,
,1974,,268,99,100,,,,,,821,
,1975,,118,,20,126,0,,,,,
,1976,,47,20,,,1,,,,73,
,1980,,218,15,15,,,,,,,
,1981,,317,28,,,,,,,155,
,1982,,490,3,33,,,,,,230,
,1984,,313,,137,,,,,,37,
,1986,,158,20,21,,,,,,301,
,1989,,247,0,36,,,,,,130,
,1993,,252,8,115,,16,0,,,555,
,1995,,207,61,6,2,,,,,165,
,1996,,27,48,,,,,,,216,
,2011,,1416,1,16,79,0,0,,,47,
,2017,,259,,0,,,11,,,371,
,2025,,195,2,147,,,1,,,71,
,1906,,,20400,,,,,,,,
,1913,,,150,,,,,,,,
,1914,,,34,,,,,,,,
,1920,,,400,,,,,,,,
,1922,,,1000,,,,,,,,
,1923,,,300,,,,,,,,
,1924,,,40,,,,,,,,
,1928,,,220,,,,,,,,
,1936,,,18,,,,,,,,
,1939,,,30037,,,,,,,,
,1940,,,179,,,,,,,,
,1942,,,230,,,,,,,,
,1943,,,212,,,,,,,,
,1944,,,10000,,,,,,,,
,1946,,,1402,,,,,,,,
,1947,,,233,,,,,,,,
,1949,,,6041,100,,1000,,,,,
,1960,,,6063,,,,,,,,
,1933,,,,0,,,,,,,
,1926,,,,,,,,,,100,
,1931,,,,,,,,,,190,
,1941,,,,,,,,,,5000,
,1954,,,,,,,,,,187,
,1956,,,,,,,,,,66,
KOR,1967,0,,,,,,,,,,
KOR,1968,0,,,18,,,,,,,
KOR,2001,0,70,,11,,,,,,,
KOR,1957,,247,,238,,,,,,,
KOR,1959,,62,,669,,,,,,,
KOR,1961,,249,,,,,,,,,
KOR,1962,,290,,0,,,,,,,
KOR,1965,,323,,,,,,,,,
KOR,1966,,95,,,,,,,,,
KOR,1969,,408,,85,,,,,,,
KOR,1970,,28,,39,,,,,,,
KOR,1972,,747,,,,,,,,,
KOR,1977,,315,,,,,,,,,
KOR,1978,,27,,0,,,,,,,
KOR,1984,,166,,,,,,,,47,
KOR,1987,,50,,619,,,,,,,
KOR,1990,,127,,27,40,,,,,,
KOR,1991,,54,,72,,,,,,,
KOR,1992,,5,,0,,,,,,,
KOR,1996,,85,,,,,,,,19,
KOR,1997,,15,,,,,,,,,
KOR,1998,,403,,100,,,,,,,
KOR,1999,,64,,4,,,,,,,
KOR,2000,,20,,33,,,2,,,,
KOR,2002,,21,,204,,,,,,,
KOR,2004,,10,,14,,,0,,,,
KOR,2005,,18,,11,,,0,,,,
KOR,2006,,46,,,,,,,,,
KOR,2007,,3,,20,,,,,,,
KOR,2008,,10,,,,,,,,,
KOR,2011,,62,,,,,,,,59,
KOR,2014,,17,,24,,,,,,,
KOR,2020,,52,,29,,,,,,,
KOR,2022,,14,,12,2,,0,,,,
KOR,2023,,58,,2,,,1,,,,
KOR,2024,,4,,1,22,,,,,,
KOR,2025,,31,,,,,31,,,,
KOR,2016,,,0,9,6,,,,,,
KOR,2017,,,0,,,,,,,,
KOR,1936,,,,1104,,,,,,,
KOR,1954,,,,15,,,,,,,
KOR,1964,,,,210,,,,,,,
KOR,1971,,,,109,,,,,,,
KOR,1979,,,,115,,,,,,,
KOR,1980,,,,165,,,,,,,
KOR,1981,,,,113,,,,,,0,
KOR,1982,,,,68,,,,,,,
KOR,1985,,,,57,,,,,,,
KOR,1986,,,,33,,,,,,,
KOR,1989,,,,109,,,,,,,
KOR,1993,,,,32,,,,,,11,
KOR,1994,,,,28,,,,,,,
KOR,1995,,,,73,,,,,,,
KOR,2003,,,,130,,,,,,,
KOR,2010,,,,12,,,,,,,
KOR,2012,,,,22,,,,,,,
KOR,2019,,,,20,,,1,,,,
KOR,2021,,,,0,,,,,,,
KOR,2018,,,,,0,,,,,,
KOR,1956,,,,,,,,,,103,
KOR,1963,,,,,,,,,,116,
KOR,1976,,,,,,,,,,25,
KOR,1988,,,,,,,,,,25,
SSD,2009,0,,,,,,,,,,
SSD,2010,0,0,,,,,,,,,
SSD,2016,0,0,,,,,,,,,
SSD,2021,0,7,,,,,,,,,
SSD,2022,0,0,,,,,,,,,
SSD,2008,,17,,,,,,,,,
SSD,2012,,47,,,,,,,,,
SSD,2013,,99,,,,,,,,,
SSD,2019,,3,,,,,50,,,,
SSD,2020,,0,,,,,,,,,
SSD,2024,,0,,,,,,,,,
ESP,1980,0,,,,,,,,,,
ESP,1981,0,,,,,,,,,,
ESP,1982,0,57,,,,,,,,,
ESP,1983,0,45,,,,,,,,,
ESP,1990,0,,,9,,,,,,,
ESP,1991,0,,,,,,0,,,,
ESP,1992,0,,,,,,,,,,
ESP,1993,0,,,,,,,,,,
ESP,1994,0,10,,12,,,20,,,,
ESP,1995,0,,,,30,,,,,,
ESP,1999,0,,0,6,,,,,,,
ESP,2023,0,3,,1,8352,,0,,,,
ESP,2024,0,232,,3,6743,,,,,,
ESP,1907,,53,,,,,,,,,
ESP,1940,,90,,,,,,,,,
ESP,1953,,27,,,,,,,,,
ESP,1957,,86,,26,,,,,,,
ESP,1962,,815,,,,,,,,,
ESP,1972,,0,,,,,,,,,
ESP,1973,,300,,19,,,,,,,
ESP,1978,,13,,,,,,,,,
ESP,1979,,11,,,,,,,,,
ESP,1987,,9,,0,,,,,,,
ESP,1989,,12,,33,,,,,,,
ESP,1996,,13,,,,,,,,87,
ESP,1997,,5,,25,,,,,,,
ESP,2000,,26,,,,,0,,,,
ESP,2001,,7,,10,,,,,,,
ESP,2002,,22,,,,,,,,,
ESP,2004,,0,,,39,,3,,,,
ESP,2006,,2,,,29,,4,,,,
ESP,2007,,5,,1,,,0,,,,
ESP,2010,,2,,3,,,,,,,
ESP,2011,,1,10,,,,,,,,
ESP,2012,,11,,,,,4,,,,
ESP,2013,,0,,0,,,,,,,
ESP,2015,,4,,,,,,,,,
ESP,2016,,5,,,,,,,,,
ESP,2018,,13,,2,9,,0,,,,
ESP,2019,,14,,8,2,,,,,,
ESP,2021,,3,,5,,1,,,,,
ESP,1956,,,11,,,,,,,,
ESP,1941,,,,20,,,,,,,
ESP,1971,,,,0,400,,,,,,
ESP,1984,,,,9,,,17,,,,
ESP,1998,,,,0,,,0,,,,
ESP,2005,,,,19,1,,11,,,,
ESP,2009,,,,14,,,6,,,,
ESP,2014,,,,3,,,,,,,
ESP,2020,,,,17,,,,,,,
ESP,2025,,,,1,,,,,,,
ESP,1985,,,,,40,,0,,,,
ESP,2003,,,,,15090,,5,,,,
ESP,2022,,,,,11324,,0,,,,
ESP,2017,,,,,,,4,,,,
LKA,1977,0,,,,,,,,,27,
LKA,1980,0,,,,,,,,,,
LKA,1981,0,7,,,,,,,,,
LKA,1982,0,54,,,,,,,,,
LKA,1983,0,3,,,,,,,,,
LKA,1987,0,,,,,,,,,,
LKA,1988,0,,,,,,,,,,
LKA,1989,0,325,,,,,,,,,
LKA,2001,0,0,,,,,,,,,
LKA,2002,0,2,,,,,,,,,
LKA,2012,0,53,,0,,,,,,,
LKA,2014,0,89,,,,,,,,241,
LKA,2016,0,203,,,,,,,,,
LKA,2017,0,302,,27,,,,,,,
LKA,2019,0,30,,,,,,,,,
LKA,2020,0,6,,4,,,,,,,
LKA,1966,,23,,,,,,,,,
LKA,1967,,24,,,,,,,,,
LKA,1969,,62,,,,,,,,,
LKA,1978,,10,,740,,,,,,,
LKA,1984,,51,,,,,,,,,
LKA,1986,,43,,,,,,,,,
LKA,1990,,33,,,,,,,,,
LKA,1991,,27,,,,,,,,,
LKA,1992,,15,,,,,,,,,
LKA,1993,,8,,,,,,,,65,
LKA,1994,,0,,,,,,,,,
LKA,1995,,3,,,,,,,,,
LKA,1996,,0,,,,,,,,,
LKA,1997,,10,,,,,,,,,
LKA,1998,,1,,,,,,,,,
LKA,1999,,8,,,,,,,,,
LKA,2000,,5,,5,,,,,,,
LKA,2003,,235,,,,,,,,,
LKA,2004,,6,35399,,,,,,,,
LKA,2005,,6,,,,,,,,,
LKA,2006,,25,,,,,,,,,
LKA,2007,,33,,,,,,,,,
LKA,2008,,48,,9,,,,,,,
LKA,2009,,3,,,,,,,,,
LKA,2010,,35,,,,,,,,,
LKA,2011,,65,,22,,,,,,,
LKA,2013,,110,,7,,,,,,,
LKA,2015,,16,,,,,,,,,
LKA,2018,,34,,,,,,,,,
LKA,2021,,35,,0,,,,,,,
LKA,2022,,12,,3,,,,,,,
LKA,2023,,0,,9,,,,,,,
LKA,2024,,42,,20,,,,,,,
LKA,1957,,,,200,,,,,,,
LKA,1964,,,,206,,,,,,,
LKA,1985,,,,0,,,,,,,
LKA,1974,,,,,,,,,,27,
SDN,1980,0,,,,,,,,,,
SDN,1983,41003,0,,,,,,,,,
SDN,1984,54423,,,,,,,,,,
SDN,1985,54574,,,,,,,,,,
SDN,1987,0,,,,,,,,,,
SDN,1990,0,,0,,,,,,,,
SDN,1991,0,,,,,,,,,,
SDN,1992,0,,,,,,,,,,
SDN,1996,0,152,,,,,,,,,
SDN,2000,0,,,,,,,,,,
SDN,2001,0,3,,,,,,,,,
SDN,2012,0,35,,,,,,,,,
SDN,2015,0,20,,,16,,,,,,
SDN,2022,0,146,,,,,,,,,
SDN,1975,,0,,,,,,,,,
SDN,1978,,34,,,,,,,,,
SDN,1988,,96,,,,,,,,,
SDN,1993,,21,3,,,,,,,,
SDN,1994,,8,,,,,,,,,
SDN,1997,,8,,,,,,,,,
SDN,1998,,103,,,,,47,,,,
SDN,1999,,38,,,,,,,,,
SDN,2002,,0,,33,,,,,,,
SDN,2003,,20,,,,,,,,,
SDN,2005,,5,,,,,,,,,
SDN,2006,,27,,,,,,,,,
SDN,2007,,150,,,,,,,,,
SDN,2009,,20,,,,,,,,,
SDN,2010,,36,,,,,,,,,
SDN,2013,,76,,,,,,,,,
SDN,2014,,39,,,,,,,,,
SDN,2016,,171,,,,,,,,,
SDN,2017,,25,,,,,,,,,
SDN,2018,,46,,,,,,,,,
SDN,2019,,78,,,,,,,,,
SDN,2020,,155,,,,,,,,,
SDN,2021,,52,,0,,,,,,,
SDN,2024,,132,,,,,,,,,
SDN,2025,,32,,,,,,,,,
SDN,2011,,,,20,,,,,,,
SUR,1969,,0,,,,,,,,,
SUR,2006,,3,,,,,,,,,
SUR,2008,,2,,,,,,,,,
SUR,2021,,0,,,,,,,,,
SUR,2022,,0,,,,,,,,,
SWE,1977,,0,,,,,,,,13,
SWE,1985,,11,,,,,,,,,
SWE,2021,,0,,,,,,,,,
SWE,1976,,,,0,,,,,,,
SWE,1990,,,,0,,,,,,,
SWE,1999,,,,3,,,,,,,
SWE,2002,,,,1,,,,,,,
SWE,2005,,,,7,0,,,,,,
SWE,2013,,,,7,,,,,,,
SWE,2020,,,,1,,,,,,,
SWE,2022,,,,,40,,,,,,
SWE,2023,,,,,13,,,,,,
SWE,2024,,,,,30,,,,,,
SWE,2018,,,,,,,0,,,,
CHE,1977,,3,,,,,,,,,
CHE,1983,,0,,0,,,,,,,
CHE,1987,,2,,1,,,,,,,
CHE,1997,,0,,,,,,,,,
CHE,1999,,3,,12,,,,,,30,
CHE,2005,,8,,,0,,,,,,
CHE,2006,,0,,1,,,,,,,
CHE,2007,,1,,0,,,,,,,
CHE,2021,,0,,0,,,,,,17,
CHE,1976,,,,0,,,,,,,
CHE,1982,,,,0,,,,,,,
CHE,1984,,,,0,,,,,,,
CHE,1985,,,,0,,,,,,,
CHE,1986,,,,0,,,,,,,
CHE,1990,,,,5,,,,,,,
CHE,1993,,,,2,,,,,,,
CHE,1994,,,,0,,,,,,,
CHE,1998,,,,0,,,,,,,
CHE,2002,,,,1,,,,,,1,
CHE,2003,,,,0,1039,,,,,,
CHE,2009,,,,0,,,,,,,
CHE,2010,,,,0,0,,,,,,
CHE,2011,,,,0,,,,,,,
CHE,2013,,,,0,,,,,,,
CHE,2014,,,,2,,,,,,,
CHE,2018,,,,0,,,,,,,
CHE,2019,,,,4,,,,,,,
CHE,2020,,,,0,,,,,,,
CHE,2023,,,,2,294,,,,,2,
CHE,2024,,,,6,363,,,,,,
CHE,2012,,,,,11,,,,,,
CHE,2022,,,,,302,,,,,,
CHE,2025,,,,,,,,1,,,
CHE,2017,,,,,,,,,8,,
CHE,1951,,,,,,,,,,92,
CHE,1965,,,,,,,,,,90,
CHE,1968,,,,,,,,,,20,
CHE,1970,,,,,,,,,,30,
CHE,1975,,,,,,,,,,13,
CHE,1988,,,,,,,,,,0,
CHE,2000,,,,,,,,,,16,
SYR,1999,0,,,,,,,,,,
SYR,2000,0,,,,,,,,,,
SYR,2008,0,,,,,,,,,,
SYR,2009,0,,,,,,,,,,
SYR,2010,0,,,,,,,,,,
SYR,2021,0,1,,,,,,,,,
SYR,2022,0,,,2,,,,,,,
SYR,2023,0,0,5670,,,,0,,,,
SYR,2025,0,,,,,,0,,,,
SYR,1967,,0,,,,,,,,,
SYR,1974,,0,,,,,,,,,
SYR,2006,,6,,,,,,,,,
SYR,2019,,2,,,,,,,,,
SYR,2024,,0,,,,,0,,,,
SYR,2001,,,,27,,,,,,,
SYR,2004,,,,5,,,,,,,
SYR,2015,,,,13,,,,,,,
SYR,2020,,,,,,,3,,,,
SYR,2002,,,,,,,,,,80,
TWN,1977,,45,,61,,,,,,,
TWN,1984,,31,,,,,,,,,
TWN,1997,,10,,44,,,,,,,
TWN,1998,,3,,13,,,,,,,
TWN,2005,,16,,17,,,,,,,
TWN,2006,,3,2,3,,,,,,,
TWN,2012,,6,,14,,,,,,,
TWN,2017,,5,,1,,,,,,,
TWN,2025,,7,0,39,,,,,,,
TWN,1904,,,148,,,,,,,,
TWN,1906,,,1273,,,,,,,,
TWN,1909,,,9,,,,,,,,
TWN,1910,,,60,,,,,,,,
TWN,1916,,,181,,,,,,,,
TWN,1917,,,54,,,,,,,,
TWN,1922,,,5,,,,,,,,
TWN,1930,,,4,,,,,,,,
TWN,1935,,,6022,,,,,,,,
TWN,1936,,,10,,,,,,,,
TWN,1941,,,319,,,,,,,,
TWN,1946,,,58,,,,,,,,
TWN,1951,,,85,100,,,,,,,
TWN,1959,,,16,1046,,,,,,,
TWN,1963,,,15,,,,,,,,
TWN,1964,,,107,,,,,,,,
TWN,1986,,,13,65,,,,,,14,
TWN,1999,,,2265,,,,,,,,
TWN,2002,,,4,1,,,,,,,
TWN,2010,,,0,34,,,,,,,
TWN,2013,,,5,5,,,,,,,
TWN,2016,,,117,10,85,,,,,,
TWN,2018,,,84,7,,,,,,,
TWN,2022,,,1,0,,,,,,,
TWN,2024,,,20,18,,,,,,,
TWN,1911,,,,1000,,,,,,,
TWN,1924,,,,1000,,,,,,,
TWN,1953,,,,67,,,,,,,
TWN,1958,,,,31,,,,,,,
TWN,1960,,,,199,,,,,,,
TWN,1961,,,,106,,,,,,,
TWN,1962,,,,107,,,,,,,
TWN,1965,,,,55,,,,,,,
TWN,1966,,,,36,,,,,,,
TWN,1967,,,,69,,,,,,,
TWN,1969,,,,269,,,,,,,
TWN,1981,,,,26,,,,,,,
TWN,1983,,,,82,,,,,,,
TWN,1987,,,,61,,,,,,,
TWN,1989,,,,13,,,,,,,
TWN,1990,,,,5,,,,,,,
TWN,1991,,,,33,,,,,,,
TWN,1992,,,,8,,,,,,,
TWN,1994,,,,45,,,,,,,
TWN,1996,,,,65,,,,,,,
TWN,2000,,,,103,,,,,,,
TWN,2001,,,,194,,,,,,,
TWN,2003,,,,3,,,,,,,
TWN,2004,,,,79,,,,,,,
TWN,2007,,,,18,,,,,,,
TWN,2008,,,,54,,,,,,,
TWN,2009,,,,630,,,,,,,
TWN,2014,,,,0,,,,,,,
TWN,2015,,,,9,,,,,,,
TWN,2019,,,,2,,,,,,,
TWN,2020,,,,1,,,,,,,
TWN,2021,,,,18,,,,,,,
TWN,2023,,,,3,,,,,,,
TJK,2000,0,,0,,,,,,,,
TJK,2001,0,0,,0,,,,,,1,
TJK,2008,0,,,,0,,,,,,
TJK,1992,,1346,,,,,,,12,243,
TJK,1994,,0,,,,,,,,,
TJK,1996,,0,,,,,,,,,
TJK,1998,,51,,,,,,,,11,
TJK,1999,,27,,0,,,,,,,
TJK,2002,,32,3,,,,,,,,
TJK,2003,,6,,,,,,,,1,
TJK,2004,,0,0,,,,,,,,
TJK,2005,,8,,,,,,,,16,
TJK,2007,,22,11,,,,,,,16,
TJK,2009,,21,,,,,,,,,
TJK,2010,,75,0,,,,,,,,
TJK,2011,,0,0,,,,,,,,
TJK,2012,,0,2,,1,,,,,,
TJK,2014,,20,,,,,,,,,
TJK,2015,,0,2,,,,,,,10,
TJK,2016,,4,0,,,,,,,,
TJK,2017,,0,,,,,,,,13,
TJK,2018,,6,,,,,,,,,
TJK,2019,,4,,,,,,,,,
TJK,2020,,2,,,,,,,,,
TJK,2021,,7,5,,,,,,,12,
TJK,2023,,21,0,,,,,,,,
TJK,2024,,3,,,,,,,,,
TJK,2006,,,3,,,,,,,22,
TJK,2025,,,1,,,,,,,,
TJK,2013,,,,,0,,,,,,
TJK,1993,,,,,,,,,,5,
TJK,1997,,,,,,,,,,40,
TZA,1967,0,,,,,,,,,,
TZA,1977,0,,,,,,,,,,
TZA,1984,0,,,,,,,,,,
TZA,1991,0,,,,,,,,,,
TZA,1992,0,,,,,,,,,,
TZA,1996,0,,,,,,,,,,
TZA,1997,0,83,,,,,0,,,,
TZA,1998,0,61,,,,,,,,,
TZA,1999,0,,,,,,,,,,
TZA,2000,0,36,1,,,,,,,,
TZA,2003,0,0,,,,,,,,,
TZA,2004,0,,10,,,,,,,,
TZA,2006,0,0,,,,,,,,,
TZA,2011,0,37,,,,,,,,,
TZA,2012,0,10,,,,,,,,,
TZA,2021,0,1,,0,,,,,,,
TZA,2022,0,10,,,,,,,,,
TZA,1964,,0,4,,,,,,,,
TZA,1968,,40,,,,,,,,,
TZA,1974,,25,,,,,,,,,
TZA,1978,,0,,,,,,,,,
TZA,1979,,0,,,,,,,,,
TZA,1982,,0,,,,,,,,,
TZA,1986,,0,,,,,,,,,
TZA,1988,,0,,,,,,,,,
TZA,1989,,10,,,,,,,,,
TZA,1990,,189,,,,,,,,,
TZA,1993,,54,,,,,,,,,
TZA,1994,,31,,4,,,,,,,
TZA,1995,,3,,,,,,,,,
TZA,2001,,5,0,,,,,,,13,
TZA,2002,,9,2,,,,,,,,
TZA,2005,,1,2,,,,,,,,
TZA,2008,,73,,0,,,,,,,
TZA,2009,,27,,0,,,,,,,
TZA,2010,,11,,,,,,,,,
TZA,2014,,31,,,,,,,,,
TZA,2015,,12,,47,,,,,,,
TZA,2016,,16,17,,,,,,,,
TZA,2017,,7,,,,,,,,,
TZA,2018,,15,,,,,,,,,
TZA,2019,,47,,0,,,,,,,
TZA,2020,,43,,,,,,,,,
TZA,2023,,51,,,,,,,,89,
TZA,2024,,164,,5,,,,,,22,
TZA,2025,,26,,,,,,,,,
THA,1991,0,17,,38,,,,,,,
THA,1999,0,22,,,,,,,,,
THA,2002,0,154,,1,,,,,,35,
THA,2005,0,63,,10,,,0,,,,
THA,2008,0,39,,0,,,,,,,
THA,2010,0,258,,,,,,,,,
THA,2011,0,855,1,18,,,,,,,
THA,2012,0,22,,,,,,,,,
THA,2014,0,29,1,0,63,,,,,,
THA,2015,0,,,3,,,,,,,
THA,2016,0,21,,,14,,,,,,
THA,2017,0,150,,0,,,,,,,
THA,2019,0,19,,7,,,,,,,
THA,2020,0,31,,13,,,,,,,
THA,1966,,6,,,,,,,,,
THA,1975,,239,,,,,,,,,
THA,1978,,96,,50,,,,,,,
THA,1980,,57,,,,,,,,,
THA,1983,,50,,,,,,,,,
THA,1984,,17,,,,,,,,,
THA,1985,,18,,,,,,,,,
THA,1986,,42,,,,,,,,,
THA,1987,,24,,,,,,,,,
THA,1988,,664,,,,,,,,,
THA,1993,,41,,4,,,,,,,
THA,1994,,102,,19,,,,,,9,
THA,1995,,231,0,27,,,,,,,
THA,1996,,91,,9,,,,,,,
THA,1997,,14,,198,,,,,,,
THA,2000,,107,,2,,,,,,,
THA,2001,,189,,0,,,,,,,
THA,2003,,9,,0,,,,,,,
THA,2004,,13,8345,14,,,,,,3,
THA,2006,,293,,,,,,,,,
THA,2007,,53,,,,,,,,,
THA,2009,,15,,,,,,,,,
THA,2013,,84,,,,,,,,,
THA,2021,,14,,2,,,,,,,
THA,2022,,19,,2,,,,,,,
THA,2023,,6,,0,,,,,,,
THA,2024,,57,,47,61,,,,,,
THA,2025,,27,54,38,,,,,,,
THA,1962,,,,769,,,,,,,
THA,1981,,,,55,,,,,,,
THA,1989,,,,458,,,,,,,
THA,1990,,,,36,,,,,,,
THA,1992,,,,6,,,,,,,
TGO,1971,0,,,,,,,,,,
TGO,1983,0,,,,,,,,,,
TGO,1989,0,,,,,,,,,,
TGO,1994,,0,,,,,,,,,
TGO,1995,,3,,,,,,,,,
TGO,1998,,0,,,,,,,,,
TGO,1999,,0,,,,,,,,,
TGO,2006,,0,,,,,,,,,
TGO,2007,,41,,,,,,,,,
TGO,2008,,6,,,,,,,,,
TGO,2009,,0,,,,,,,,,
TGO,2010,,22,,,,,,,,,
TGO,2017,,0,,,,,,,,,
TGO,2020,,11,,,,,,,,,
TGO,2022,,0,,,,,,,,,
TGO,2024,,0,,,,,,,,,
TGO,1966,,,,0,,,,,,,
TKL,1914,,,,0,,,,,,,
TKL,1925,,,,0,,,,,,,
TKL,1966,,,,0,,,,,,,
TKL,1987,,,,0,,,,,,,
TKL,1990,,,,0,,,,,,,
TKL,2005,,,,0,,,,,,,
TON,2015,0,,,,,,,,,,
TON,1977,,,1,0,,,,,,,
TON,2009,,,9,,,,,,,,
TON,1961,,,,2,,,,,,,
TON,1973,,,,3,,,,,,,
TON,1982,,,,7,,,,,,,
TON,1990,,,,1,,,,,,,
TON,1997,,,,0,,,,,,,
TON,1998,,,,0,,,,,,,
TON,2001,,,,0,,,,,,,
TON,2004,,,,0,,,,,,,
TON,2011,,,,3,,,,,,,
TON,2014,,,,1,,,,,,,
TON,2016,,,,0,,,,,,,
TON,2018,,,,0,,,,,,,
TON,2020,,,,0,,,,,,,
TON,1946,,,,,,0,,,,,
TON,2022,,,,,,4,,,,,
TTO,2010,0,,,,,,,,,,
TTO,1993,,5,,,,,,,,,
TTO,1996,,0,,,,,,,,,
TTO,2018,,0,,,,,,,,,
TTO,2022,,0,,,,,,,,,
TTO,1997,,,0,,,0,,,,,
TTO,1933,,,,13,,,,,,,
TTO,1963,,,,24,,,,,,,
TTO,1974,,,,2,,,,,,,
TTO,1990,,,,0,,,,,,,
TTO,2004,,,,1,,,,,,2,
TTO,2005,,,,0,,,,,,,
TUN,1977,0,,,,,,,,,,
TUN,1988,0,,,,,,,,,,
TUN,1962,,40,,,,,,,,,
TUN,1964,,49,,,,,,,,,
TUN,1969,,540,,,,,,,,,
TUN,1973,,111,,,,,,,,,
TUN,1979,,0,,,,,,,,,
TUN,1982,,117,,,,,,,,,
TUN,1986,,23,,,,,,,,,
TUN,1990,,37,,,,,,,,,
TUN,2003,,8,,,,,,,,,
TUN,2007,,16,,,,,,,,,
TUN,2009,,17,,,,,,,,,
TUN,2018,,6,,,,,,,,,
TUN,2020,,6,,,,,,,,,
TUN,2021,,3,,,,,0,,,,
TUN,2022,,1,,,,,,,,,
TUN,1957,,,13,,,,,,,,
TUN,2017,,,,,,,0,,,,
TUR,1948,,332,,,,,,,,,
TUR,1956,,138,,,,,,,,,
TUR,1957,,99,53,,,,,,,,
TUR,1964,,0,23,0,,,,,,,
TUR,1968,,147,24,,,,,,,,
TUR,1974,,33,,,,,,,,,
TUR,1980,,75,,,,,,,,40,
TUR,1981,,10,,,,,,,,,
TUR,1984,,0,6,,,,,,,,
TUR,1988,,13,,,,,,,,64,
TUR,1990,,69,,,,,,,,,
TUR,1991,,42,,1,,,,,,,
TUR,1995,,63,94,,,,,,,74,
TUR,1998,,92,147,,,,,,,,
TUR,2000,,2,3,,11,,0,,,,
TUR,2001,,12,0,,29,,,,,9,
TUR,2002,,34,42,10,,,,,,,
TUR,2004,,17,27,25,10,,,,,,
TUR,2005,,7,2,2,2,,,,,15,
TUR,2006,,59,,,15,,,,,,
TUR,2007,,16,,,3,,,,,,
TUR,2009,,47,,,,,,,,11,
TUR,2012,,13,,,,,,,,,
TUR,2015,,8,,,,,,,,,
TUR,2019,,18,1,,,,,,,,
TUR,2020,,24,166,2,,,,,,41,
TUR,2021,,73,,,,,9,,,,
TUR,2022,,3,2,,,,,,,,
TUR,2023,,27,53007,23,,,,,,,
TUR,2024,,10,0,,,,0,,,,
TUR,1900,,,140,,,,,,,,
TUR,1903,,,6260,,,,,,,,
TUR,1912,,,923,,,,,,,,
TUR,1914,,,4000,,,,,,,,
TUR,1924,,,110,,,,,,,,
TUR,1925,,,203,,,,,,,,
TUR,1928,,,50,,,,,,,,
TUR,1934,,,120,,,,,,,,
TUR,1935,,,540,,,,,,,,
TUR,1938,,,149,,,,,,,,
TUR,1939,,,33035,,,,,,,,
TUR,1940,,,53,,,,,,,,
TUR,1941,,,445,,,,,,,,
TUR,1942,,,3033,,,,,,,,
TUR,1943,,,5140,,,,,,,,
TUR,1944,,,4007,,,,,,,,
TUR,1945,,,600,,,,,,,,
TUR,1946,,,852,,,,,,,,
TUR,1949,,,320,,,,,,,,
TUR,1950,,,20,,,,,,,,
TUR,1951,,,54,,,,,,,,
TUR,1952,,,217,,,,,,,,
TUR,1953,,,1237,,,,,,,,
TUR,1966,,,2430,,,,,,,,
TUR,1967,,,280,,,,,,,,
TUR,1969,,,53,,,,,,,,
TUR,1970,,,1086,,,,,,,,
TUR,1971,,,935,,,,,,,,
TUR,1975,,,2385,,,,,,,,
TUR,1976,,,3846,,,,,,,67,
TUR,1977,,,30,,,,,,,,
TUR,1978,,,0,,,,,,,,
TUR,1979,,,0,,,,,,,,
TUR,1983,,,1346,,,,,,,,
TUR,1985,,,0,,,,13,,,,
TUR,1986,,,15,,,,,,,,
TUR,1992,,,653,,,,,,261,,
TUR,1996,,,0,,,,0,,,,
TUR,1999,,,17982,,,,,,,,
TUR,2003,,,177,,,,,,,,
TUR,2010,,,51,,,,,,,13,
TUR,2011,,,647,,,,,,,,
TUR,2014,,,0,,,,,,,,
TUR,2017,,,0,0,,,,,,,
TUR,2025,,,1,,0,,2,,,,
TUR,1972,,,,30,,,,,,,
TUR,1994,,,,30,0,,,,,,
TUR,1987,,,,,30,,,,,,
TUR,2008,,,,,,,2,,,,
TUR,1993,,,,,,,,,,135,
TUR,2018,,,,,,,,,,24,
TKM,1993,,0,,,,,,,,,
TKM,2000,,,11,,,,,,,,
TCA,1985,,,,0,,,,,,,
TCA,1990,,,,0,,,,,,,
TCA,2004,,,,0,,,,,,,
TCA,2008,,,,4,,,,,,,
TCA,2017,,,,0,,,,,,,
TUV,2011,0,,,,,,,,,,
TUV,2021,0,,,,,,,,,,
TUV,1972,,,,6,,,,,,,
TUV,1984,,,,0,,,,,,,
TUV,1987,,,,0,,,,,,,
TUV,1990,,,,0,,,,,,,
TUV,1993,,,,0,,,,,,,
TUV,2015,,,,0,,,,,,,
TUV,2020,,,,0,,,,,,,
OWID_USS,1921,1200000,,,,,,,,,,
OWID_USS,1981,,0,,0,,,,,,,
OWID_USS,1982,,0,,,,,,,,,
OWID_USS,1983,,0,0,0,,,,,,,
OWID_USS,1984,,0,0,400,,,,,,,
OWID_USS,1985,,0,29,,,,,,,,
OWID_USS,1987,,110,,,,,0,,,78,
OWID_USS,1988,,0,25000,,,,,,,,
OWID_USS,1989,,17,274,,,,,,0,98,
OWID_USS,1990,,19,5,,,,,,,43,
OWID_USS,1991,,2,274,41,,,,,50,,
OWID_USS,1902,,,4648,,,,,,,,
OWID_USS,1911,,,90,,,,,,,,
OWID_USS,1923,,,18,23,,,,,,,
OWID_USS,1930,,,151,,,,,,,,
OWID_USS,1946,,,400,,,,,,,,
OWID_USS,1948,,,110000,,,,,,,,
OWID_USS,1949,,,3500,,,,,,,12000,
OWID_USS,1952,,,2336,,,,,,,,
OWID_USS,1966,,,10,,,,,,,,
OWID_USS,1976,,,0,,,,,,,,
OWID_USS,1986,,,3,,,,,,,,
OWID_USS,1956,,,,,,0,,,,,
OWID_USS,1961,,,,,,,,,,145,
OWID_USS,1974,,,,,,,,,,13,
UGA,1967,0,,,,,,,,,,
UGA,1979,0,,,,,,,,,,
UGA,1980,0,,,,,,,,,,
UGA,1987,0,,,,,,,,,,
UGA,1988,0,,0,,,,,,,,
UGA,1998,0,0,,,,,,,,,
UGA,1999,19,,,,,,,,,,
UGA,2000,47,,,0,,,,,,,
UGA,2001,49,1,,,,,,,,11,
UGA,2002,79,17,,0,,,,,,,
UGA,2005,0,,,,,,,,,,
UGA,2006,0,3,,,,,,,,,
UGA,2008,0,49,,,,,,,,,
UGA,2009,0,,,,,,,,,,
UGA,2011,0,27,,23,,,,,,,
UGA,2022,2465,57,,,,,,,,19,
UGA,1997,,100,,,,,,,,20,
UGA,2003,,25,,,,,,,,,
UGA,2004,,0,,,,,,,,,
UGA,2007,,33,,,,,,,,,
UGA,2012,,0,,,,,,,,18,
UGA,2013,,13,,,,,,,,,
UGA,2016,,0,4,,,,,,,15,
UGA,2017,,17,,,,,,,,,
UGA,2019,,127,,,,,,,,88,
UGA,2020,,27,,8,,,,,,,
UGA,2021,,5,,,,,,,,,
UGA,2023,,23,,,,,,,,,
UGA,2024,,77,,14,,,,,,175,
UGA,1966,,,104,,,,,,,,
UGA,1990,,,0,,,,,,,,
UGA,1994,,,7,,,,,,,,
UGA,2010,,,,,,,,,,388,
UGA,2018,,,,,,,,,,51,
UKR,2012,0,,,,195,,,,,,
UKR,1993,,9,,,,,,,,,
UKR,1995,,0,,,,,,,,,
UKR,1996,,0,,,,,,,,,
UKR,1997,,0,,11,,,,,,,
UKR,1998,,18,,,,,,,,,
UKR,2001,,9,,,,,,,,,
UKR,2003,,0,,,,,,,,,
UKR,2005,,0,,,,,,,,,
UKR,2006,,2,,,801,,,,,,
UKR,2008,,38,,,,,,,,,
UKR,2010,,6,,,,,,,,,
UKR,2013,,2,,,,,,,,,
UKR,2016,,3,,,37,,,,,,
UKR,2020,,3,,,,,16,,,,
UKR,2023,,0,,12,,,,,,,
UKR,2025,,9,,,,,,,,,
UKR,1992,,,,0,,,,,,,
UKR,2000,,,,10,0,,,,,,
UKR,2007,,,,0,,,,,,,
UKR,2018,,,,0,,,,,,,
UKR,2021,,,,1,,,,,,,
UKR,2009,,,,,32,,,,,,
UKR,2017,,,,,37,,,,,,
ARE,2017,,0,,,,,,,,,
ARE,2024,,4,,,,,,,,,
GBR,2022,0,,,6,3469,,,,,,
GBR,1920,,23,,,,,,,,,
GBR,1947,,0,,,,,,,,,
GBR,1952,,34,,,,,,,,,4000
GBR,1977,,6,,,,,,,,,
GBR,1993,,4,,,,,,,,,
GBR,1994,,7,,,,,,,,,
GBR,1997,,1,,,14,,,,,,
GBR,1998,,4,,35,,,,,,,
GBR,1999,,0,,11,,,,,,,
GBR,2000,,3,,16,,,,,,,
GBR,2001,,0,,,,,,,,,
GBR,2002,,1,,7,,,,,,,
GBR,2004,,0,,,,,,,,,
GBR,2005,,2,,10,1,,,,,,
GBR,2007,,14,0,13,,,,,,,
GBR,2008,,8,,,,,,,,,
GBR,2009,,3,,2,3,,,,,,
GBR,2010,,0,,0,0,,,,,,
GBR,2012,,8,,,,,,,,,
GBR,2013,,0,,11,760,,,,,,
GBR,2014,,4,,5,,,,,,,
GBR,2015,,0,,3,,,,,,,
GBR,2017,,0,,,,,,,,,
GBR,2019,,1,,,166,,,,,,
GBR,2020,,0,,4,2556,,,,,,
GBR,1990,,,0,83,,,,,,,
GBR,1968,,,,20,,,,,,,
GBR,1972,,,,0,,,,,,,
GBR,1976,,,,24,,,,,,,
GBR,1981,,,,12,,,,,,,
GBR,1983,,,,5,,,,,,,
GBR,1984,,,,22,,,,,,,
GBR,1986,,,,0,,,,,,,
GBR,1987,,,,20,,,,,,,
GBR,1989,,,,13,,,,,,,
GBR,1991,,,,48,0,,,,,,
GBR,1995,,,,9,,,,,,,
GBR,1996,,,,5,,,,,,,
GBR,2018,,,,2,820,,,,,,
GBR,2021,,,,1,,,,,,,
GBR,2023,,,,0,1851,,,,,,
GBR,2024,,,,5,573,,,,,,
GBR,2003,,,,,301,,,,,,
GBR,1966,,,,,,,,,,140,
USA,1988,0,0,,27,,,,,,,
USA,1991,0,8,2,87,,,28,,,,
USA,1999,0,0,,227,257,,1,,,,
USA,2000,0,8,0,105,35,,14,,,,
USA,2001,0,12,1,82,56,,2,,,,
USA,2002,0,26,,190,14,,0,,,,
USA,2007,0,80,,264,,,8,,,,
USA,2008,0,44,0,258,0,,1,,,,
USA,2009,0,11,,74,58,,2,,,,
USA,2011,0,17,,760,22,,8,,,,
USA,2012,0,2,,190,123,,3,,,,
USA,2014,0,2,1,136,21,,2,,,43,
USA,2015,0,89,,218,,,12,,,,
USA,2017,0,30,,244,,,45,,,,
USA,2018,0,7,,177,,0,104,,,21,
USA,2020,45,1,,175,,,32,,,,
USA,2021,0,58,,494,229,,4,,,,
USA,2022,136,42,2,305,,,7,,,,
USA,2023,247,13,,143,24,,130,,,,
USA,2024,0,7,,447,1006,,4,,,,
USA,1903,,250,,98,,,,,,,
USA,1909,,72,,412,,,,,,,
USA,1927,,246,,87,,,,,,,
USA,1936,,114,,455,1193,,,,,,
USA,1937,,385,,,,,,,,,
USA,1943,,0,,,,,,,,,
USA,1948,,55,,42,,,,,,,
USA,1950,,33,,275,,,,,,,
USA,1951,,41,,,69,,,,,,
USA,1955,,74,,411,107,,,,,,
USA,1964,,109,131,183,,,,,,,
USA,1969,,115,,715,,,,,,,
USA,1972,,237,,256,10,,,,,400,
USA,1973,,56,0,50,22,,,,,,
USA,1976,,144,,,,,,,,,
USA,1977,,140,,91,0,,,,,,
USA,1978,,27,,215,,,,,,,
USA,1980,,36,,12,1260,90,,,,,
USA,1981,,30,,30,,,,,,,
USA,1982,,11,,503,,,,,,,
USA,1983,,10,2,132,188,,,,,,
USA,1984,,28,,517,,,,,,,
USA,1985,,12,,363,,,,,,,
USA,1986,,13,0,1,48,,,,,,
USA,1990,,38,0,162,11,,,,,,
USA,1992,,7,1,97,,,0,,,,
USA,1993,,98,2,291,48,,3,,,,
USA,1994,,37,60,165,,,13,,,0,
USA,1995,,11,,150,710,,,,,,
USA,1996,,61,,287,,,1,,,,
USA,1997,,83,,180,,,0,,,,
USA,1998,,31,,203,130,,2,,,,
USA,2003,,24,2,172,,,18,,,15,
USA,2004,,1,,215,3,,0,,,,
USA,2005,,50,,1882,33,,2,,,,
USA,2006,,43,0,93,188,,20,,,,
USA,2010,,20,0,114,,,,,,,
USA,2013,,31,,140,19,,22,,,,
USA,2016,,63,0,199,,,16,,,,
USA,2019,,10,0,139,,,3,,,,
USA,2025,,160,0,131,,,30,,,,
USA,1906,,,700,298,,,,,,,
USA,1915,,,6,275,,,,,,,
USA,1925,,,13,739,,,,,,,
USA,1933,,,116,40,,,,,,,
USA,1940,,,9,50,,,,,,,
USA,1946,,,165,33,,,,,,,
USA,1949,,,8,87,,,,,,,
USA,1952,,,14,279,,,,,,,
USA,1959,,,28,71,,,,,,,
USA,1960,,,61,50,,,,,,,
USA,1965,,,7,570,,,,,,,
USA,1971,,,65,158,,,,,,,
USA,1975,,,0,102,,,,,,,
USA,1987,,,8,151,80,,,,,,
USA,1989,,,67,119,84,,,,,,
USA,1900,,,,6000,,,,,,,
USA,1910,,,,30,,,,,,,
USA,1913,,,,192,,,,,,,
USA,1918,,,,34,,,1000,,,,
USA,1919,,,,500,,,,,,,
USA,1920,,,,243,,,,,,,
USA,1926,,,,279,,,,,,,
USA,1928,,,,1836,,,,,,,
USA,1932,,,,372,,,,,,,
USA,1934,,,,10,,,,,,,
USA,1935,,,,408,,,,,,,
USA,1938,,,,600,,,,,,200,
USA,1944,,,,390,,,121,,,,
USA,1945,,,,205,,,,,,,
USA,1947,,,,308,,,0,,,,
USA,1953,,,,470,,,,,,,
USA,1954,,,,196,,,,,,,
USA,1956,,,,212,,,11,,,,
USA,1957,,,,469,,,,,,,
USA,1958,,,,139,0,,,,,,
USA,1961,,,,146,,,,,,,
USA,1962,,,,165,,,,,,,
USA,1963,,,,229,150,,,,,,
USA,1966,,,,290,262,,,,,,
USA,1967,,,,275,,,,,,,
USA,1968,,,,159,,,,,,,
USA,1970,,,,37,,,0,,,,
USA,1974,,,,352,,,,,,,
USA,1979,,,,186,,,,,,,
VIR,1932,,,,15,,,,,,,
VIR,1989,,,,0,,,,,,,
VIR,1995,,,,7,,,,,,,
VIR,1998,,,,0,,,,,,,
VIR,1999,,,,3,,,,,,,
VIR,2004,,,,0,,,,,,,
VIR,2017,,,,7,,,,,,,
,1900,11000,300,140,,,,,,,,
,1910,0,,12,,,,,,,,
,1911,0,100000,1285,,,,,,,,
,1912,0,,923,50147,,,,,,,
,1913,0,,1230,,,,,,,,
,1914,0,,4054,,,,,,,,
,1920,524000,,181248,,,,,,,,
,1921,1200000,,,,,,,,,,
,1928,3000000,,178,,,,,,,,
,1940,4006,125,413,,,,,,,,
,1941,3995,,1322,6,,,,,,5000,
,1942,3995,,3426,,,,,,,,
,1943,3995,,5572,,,0,,,,,
,1944,4009,,14027,32,,,,,,,
,1946,30000,15,3001,,,0,,,,,
,1963,0,0,1370,2177,,1690,,,,,
,1964,0,118,68,943,,,,,,,
,1965,0,124,218,2,,,0,,,77,
,1966,8000,960,2560,139,,1088,,,,400,
,1968,0,189,11007,21,153,,,,,,
,1969,0,412,3341,329,,0,,,,18,
,1970,0,816,78126,127,,,,,,43,
,1971,0,540,936,17,,0,,,,820,
,1972,0,37,5069,101,100,,,,,70,
,1973,0,185,556,1778,,,,,,741,
,1974,0,275,20099,123,,,,,,848,
,1975,0,20357,4385,72,126,0,,,,,
,1977,0,116,1402,21,,,,,,0,
,1978,63,226,25054,66,,,,,,,
,1979,0,624,2058,1498,,259,,,,23,
,1980,0,7166,2765,246,,0,,,,140,
,1981,0,3432,3687,355,0,192,0,,,155,
,1982,280,2122,66,294,,130,,,,599,
,1983,20,653,1687,806,17,0,0,,437,780,
,1984,230,441,8,522,,0,,,,137,
,1985,0,1490,9665,361,68,21800,13,,0,277,
,1986,84,1006,1139,386,2,,0,,,301,
,1987,0,2378,5134,411,30,0,191,,131,1087,
,1988,1400,3209,25945,709,138,7,,,,261,
,1989,0,2331,561,1610,,0,0,,0,238,
,1990,0,939,40373,750,380,33,0,,73,97,
,1991,2000,2158,411,389,25,0,62,,73,362,
,1992,0,871,3170,870,80,0,,,310,105,
,1993,0,2560,32,411,,13,,,72,847,
,1994,0,2026,911,1552,104,96,46,,,75,
,1995,0,2482,386,1011,49,0,29,,,296,
,1996,0,4482,576,980,30,0,25,,,814,
,1997,672,1384,2916,847,332,21,240,,,501,
,1998,0,5148,262,2066,100,0,79,,,344,
,1999,1,32142,19266,549,15,0,27,,,224,
,2000,5,1330,206,259,100,0,8,,,343,
,2001,44,2601,1324,464,61,0,31,,,476,
,2002,5,1985,291,245,57,0,3,,60,365,
,2003,0,1421,29602,117,400,0,0,,,258,
,2004,0,1607,174410,393,176,2,,,44,202,
,2005,0,1292,1567,2145,2,2,0,,,253,
,2006,134,1673,6682,1515,846,5,0,,11,216,
,2007,0,2092,692,302,101,0,43,,,92,
,2008,4,1102,87589,220,145,16,36,,12,420,
,2009,0,726,1488,482,307,,,,36,424,
,2010,0,3591,3581,436,444,323,53,,,2602,
,2011,0,3151,697,159,84,3,0,,,172,
,2012,0,1014,457,174,498,0,5,,,73,
,2013,0,1132,392,484,45,0,,,46,169,
,2014,0,929,759,365,570,39,,,,186,
,2015,11,568,58,227,21,0,30,,,541,
,2016,0,1068,785,463,67,0,,,,210,
,2017,0,751,967,248,95,0,9,,,572,
,2018,0,423,4733,148,0,914,,,,70,
,2019,2,1109,132,107,8,0,30,,,244,
,2020,2,1011,180,339,,0,35,,,143,
,2021,4,869,137,376,,71,115,,,52,
,2022,0,1704,488,90,976,6,44,,,240,
,2023,0,661,53182,13481,870,23,48,,,341,
,2024,0,818,12,412,3775,10,18,,,299,
,1915,,0,170,,,,,,,,
,1917,,0,19450,57,,,,,,,
,1927,,3000,40962,5000,,,,,,,
,1931,,3700000,12980,1700,,1300,,,,190,
,1933,,18053,10200,32,,,,,,,
,1935,,142000,1390,35,,,,,,,
,1937,,111,424,,,,,,40,,
,1939,,500000,33072,,,,,,,,
,1948,,862,111110,1814,,,,,,,
,1949,,97000,9841,100,,2000,,,,12000,
,1950,,602,450,,,,,,,130,
,1951,,5025,1154,411,,1300,,,,,
,1952,,165,2607,58,,,,,,,
,1953,,917,2227,,158,,,,,,
,1954,,34000,1250,,,37,,,,287,
,1956,,3138,350,5235,,0,,,,66,
,1957,,893,6957,,,,,,,,
,1958,,360,338,0,,,,,,,
,1959,,485461,25,2803,,,,,,,
,1960,,958005,600,42,,,,,,,
,1961,,559056,60,724,,,,,,145,
,1962,,135,12062,829,50,,,,2000,71,
,1967,,1131,768,113,,,,,,436,
,1976,,210,270009,745,,41,,,,140,
,2025,,633,196,191,0,0,3,20,,157,
,1902,,,9148,,,8565,,,,,
,1903,,,6610,65,,,,,,,
,1905,,,120,,,,,,,,
,1906,,,680,,,,,,,,
,1907,,,13200,,,,,,,,
,1909,,,5021,29,,,,,,53,
,1918,,,10000,,,,,,,,
,1923,,,7965,27,,,,,,,
,1924,,,1037,,,,,,,,
,1925,,,5715,,,,,,,,
,1929,,,3253,,,,60,,,,
,1930,,,1813,2000,,1369,,,,,
,1932,,,1476,2500,,,,,,,
,1934,,,120,2000,,,,,,500,
,1936,,,601,,,,,,,,
,1938,,,149,,,,,,,,
,1945,,,637,,,,,,,,
,1947,,,633,,,,,,,,
,1955,,,39,942,,,,,,405,
,1922,,,,100000,,,,,,,
,1926,,,,762,,,,,,100,
,1919,,,,,,5000,,,,,
URY,1999,0,,,1,,,,,,,
URY,2000,0,0,,0,7,,,,,,
URY,2018,0,,,,,,,,,,
URY,2019,0,0,,,,,,,,,
URY,2020,0,0,,0,,,,,,,
URY,2021,0,,,,,,,,,,
URY,2022,0,0,,,,,,,,,
URY,2023,0,0,,2,,,,,,,
URY,1967,,8,,,,,,,,,
URY,1986,,0,,,,,,,,,
URY,1991,,0,,,,,,,,,
URY,1992,,0,,,,,,,,,
URY,1998,,1,,,,,,,,,
URY,2001,,0,,,,,,,,,
URY,2002,,0,,2,,,,,,,
URY,2003,,0,,,,,,,,,
URY,2007,,2,,,0,,,,,,
URY,2009,,1,,,,,,,,,
URY,2015,,2,,,,,,,,,
URY,2016,,8,,,,,,,,,
URY,2017,,0,,,,,,,,,
URY,2024,,0,,,,,,,,,
URY,1993,,,,0,,,,,,,
URY,1997,,,,1,,,,,,,
URY,2005,,,,7,,,,,,,
URY,2025,,,,7,,,,,,,
URY,2004,,,,,0,,,,,,
URY,2010,,,,,4,,,,,,
UZB,2000,0,,,,,,,,,,
UZB,2001,0,,,,,,,,,,
UZB,2005,,0,,,,,,,,,
UZB,2020,,4,,,,,,,,,
UZB,2022,,5,,,,,,,,,
UZB,1992,,,9,,,,,,1,,
UZB,2011,,,13,,,,,,,,
UZB,1999,,,,,,,,,,24,
UZB,2021,,,,,,,,,,8,
VUT,2002,,0,0,,,,,,,,
VUT,2009,,0,,,,0,,,,,
VUT,1990,,,0,,,,,,,,
VUT,1994,,,0,,,,,,,,
VUT,1999,,,12,32,,,,,,,
VUT,2024,,,14,,,,,,,,
VUT,1940,,,,0,,,,,,,
VUT,1951,,,,100,,,,,,,
VUT,1959,,,,0,,,,,,,
VUT,1972,,,,4,,,,,,,
VUT,1975,,,,0,,,,,,,
VUT,1977,,,,0,,,,,,,
VUT,1979,,,,0,,,,,,,
VUT,1981,,,,0,,,,,,,
VUT,1985,,,,9,,,,,,,
VUT,1987,,,,48,,,,,,,
VUT,1988,,,,0,,,,,,1,
VUT,1992,,,,2,,,,,,,
VUT,1993,,,,4,,,,,,,
VUT,1998,,,,0,,,,,,,
VUT,2001,,,,2,,0,,,,,
VUT,2004,,,,2,,,,,,,
VUT,2011,,,,0,,,,,,,
VUT,2014,,,,12,,,,,,,
VUT,2015,,,,11,,,,,,,
VUT,2017,,,,0,,0,,,,,
VUT,2020,,,,3,,,,,,,
VUT,2023,,,,0,,,,,,,
VUT,2005,,,,,,0,,,,,
VUT,2006,,,,,,0,,,,,
VUT,2008,,,,,,0,,,,,
VUT,2018,,,,,,0,,,,,
VUT,2021,,,,,,0,,,,,
VEN,2009,0,,,,,,,,,,
VEN,2010,0,41,,8,,,,,,,
VEN,1967,,0,240,,,,,,,,
VEN,1985,,38,,,,,,,,,
VEN,1987,,40,,,,,,,,96,
VEN,1988,,66,,11,,,,,,,
VEN,1994,,26,,,,,,,,18,
VEN,1996,,0,,,,,,,,,
VEN,1997,,3,80,,,,,,,,
VEN,1999,,30005,,,,,,,,,
VEN,2000,,15,,,,,,,,,
VEN,2002,,4,,,,,,,,,
VEN,2003,,1,,,,,,,,,
VEN,2004,,35,,5,,,,,,,
VEN,2005,,97,,,,,,,,,
VEN,2006,,0,,,,,,,,,
VEN,2008,,8,,,,,,,,,
VEN,2011,,17,,,,,,,,,
VEN,2012,,0,,,,,,,,,
VEN,2015,,0,,,,,,,,,
VEN,2016,,0,,,,,,,,,
VEN,2018,,2,,,,,,,,,
VEN,2019,,6,,,,,,,,,
VEN,2020,,3,,,,,,,,,
VEN,2021,,46,,,,,,,,,
VEN,2022,,33,,0,,,,,,109,
VEN,2023,,12,,,,,,,,,
VEN,1950,,,100,,,,,,,,
VEN,1980,,,0,,,,,,,,
VEN,1986,,,3,,,,,,,,
VEN,1989,,,0,,,,,,,,
VEN,2025,,,0,0,,,,,,14,
VEN,1933,,,,0,,,,,,,
VEN,1993,,,,100,,,,,,,
VEN,2024,,,,9,,,,,,,
VEN,1962,,,,,,,,,,30,
VEN,1981,,,,,,,,,,20,
VNM,1987,0,,,123,,,,,,,
VNM,1997,0,,,3692,,,,,,,
VNM,1998,0,45,,368,,,,,,,
VNM,1999,0,789,,10,,,,,,,
VNM,2002,0,147,,0,,,0,,,,
VNM,2005,0,192,,116,,,,,,,
VNM,2015,0,34,,18,,,,,,,
VNM,2016,0,91,,71,,,,,,,
VNM,2017,0,137,,147,,,,,,,
VNM,2019,0,47,,4,,,,,,,
VNM,2020,0,5,,305,,,,,,,
VNM,2024,0,3,,365,0,,,,,11,
VNM,1964,,400,,7000,,,,,,,
VNM,1966,,31,,,,,,,,,
VNM,1970,,237,,,,,,,,,
VNM,1978,,74,,,,,,,,,
VNM,1980,,94,,308,,,,,,,
VNM,1984,,33,,155,,,,,,,
VNM,1985,,93,,798,,,,,,,
VNM,1986,,165,,435,,,,,,,
VNM,1990,,82,,102,,,,,,,
VNM,1991,,195,,297,,,,,,,
VNM,1992,,56,,31,,,,,,200,
VNM,1993,,64,,206,,,,,,,
VNM,1994,,310,,30,,,,,,21,
VNM,1995,,253,,16,,,,,,,
VNM,1996,,222,,789,,,,,,,
VNM,2000,,496,,23,,,,,,73,
VNM,2001,,339,,53,,,,,,,
VNM,2003,,128,,0,,,,,,,
VNM,2004,,96,,70,,,,,,23,
VNM,2006,,178,,401,,,,,,,
VNM,2007,,230,,96,,,,,,,
VNM,2008,,153,,254,,,,,,,
VNM,2009,,41,,306,,,,,,13,
VNM,2010,,186,,35,,,,,,,
VNM,2011,,122,,16,,,,,,,
VNM,2012,,34,,38,,,,,,,
VNM,2013,,141,,74,,,,,,,
VNM,2018,,67,,67,,,,,,,
VNM,2021,,24,,11,,,,,,,
VNM,2022,,30,,30,,,,,,,
VNM,2023,,24,,6,,,,,,,
VNM,2025,,3,,124,,,,,,,
VNM,1952,,,,0,,,,,,,
VNM,1953,,,,1000,,,,,,,
VNM,1956,,,,56,,,,,,,
VNM,1971,,,,112,,,,,,,
VNM,1973,,,,100,,,,,,,
VNM,1977,,,,0,,,,,,,
VNM,1982,,,,70,,,,,,,
VNM,1983,,,,734,,,,,,,
VNM,1988,,,,157,,,,,,,
VNM,1989,,,,959,,,,,,,
VNM,2014,,,,38,,,,,,,
WLF,1993,,,5,,,,,,,,
WLF,1965,,,,0,,,,,,,
WLF,1966,,,,0,,,,,,,
WLF,1986,,,,1,,,,,,,
WLF,2012,,,,0,,,,,,,
OWID_GFR,1920,,0,,,,,,,,,
OWID_GFR,1925,,0,,,,,,,,,
OWID_GFR,1926,,0,,,,,,,,,
OWID_GFR,1978,,3,0,,,,,,,,
OWID_GFR,1983,,12,,,,,0,,,,
OWID_GFR,1988,,6,,,,,,,,,
OWID_GFR,1929,,,,0,,,,,,,
OWID_GFR,1953,,,,0,,,,,,,
OWID_GFR,1962,,,,347,,,,,,,
OWID_GFR,1968,,,,2,,,,,,,
OWID_GFR,1972,,,,54,,,,,,,
OWID_GFR,1974,,,,0,,,,,,,
OWID_GFR,1976,,,,82,,,,,,,
OWID_GFR,1984,,,,3,,,,,,,
OWID_GFR,1985,,,,0,,,,,,,
OWID_GFR,1979,,,,,0,,,,,,
OWID_WRL,1900,1261000,300,140,6000,,30,,,,,
OWID_WRL,1903,0,250,6630,171,,17,,,76,,
OWID_WRL,1906,0,,22653,10298,,700,,,,,
OWID_WRL,1907,0,153,13200,,,,,,,,
OWID_WRL,1910,16990,1395,2522,30,,,,,,62,
OWID_WRL,1911,16990,100000,1297,1000,,1335,73,,,,
OWID_WRL,1912,16990,,923,51175,,,,,,,
OWID_WRL,1913,16990,,1230,192,,,,,,,
OWID_WRL,1914,17040,,4282,0,,140,,,,,
OWID_WRL,1919,0,,,500,,5000,,,,,
OWID_WRL,1920,524000,23,182648,243,,,,,,,
OWID_WRL,1921,1200000,,,,,,,,,,
OWID_WRL,1922,0,,1032,100000,,,43,,,,
OWID_WRL,1923,0,,150965,3139,,,,,,200,
OWID_WRL,1928,3000000,36,635,4224,,,,,,,
OWID_WRL,1931,0,3700000,14286,3200,,1300,,,,190,
OWID_WRL,1932,0,,1627,3401,,,,,,30,
OWID_WRL,1933,0,18053,13326,85,,,,,,,
OWID_WRL,1934,0,55,120,5569,,,,,,500,
OWID_WRL,1935,0,142000,67412,62707,,,,,,,
OWID_WRL,1936,0,114,611,3309,1693,,,,,73,
OWID_WRL,1937,0,510,425,11231,,506,,,40,,
OWID_WRL,1938,0,954,149,905,,,,,,200,
OWID_WRL,1939,0,500000,63121,3,,,71,,,,
OWID_WRL,1940,4006,272,1402,123,,,,,,,
OWID_WRL,1941,3995,,2856,5146,,,,,,5000,
OWID_WRL,1942,1503995,,3426,101000,,,,,,,
OWID_WRL,1943,1903995,990,6984,5000,,0,,,,,
OWID_WRL,1944,4009,,15250,726,,26,170,,,,
OWID_WRL,1946,30000,15,5226,337,,0,,,,,
OWID_WRL,1947,0,2000,636,4738,,,0,,,,
OWID_WRL,1960,0,968582,19931,9170,,0,,,,52,
OWID_WRL,1961,0,562919,100,12580,400,,,,,166,
OWID_WRL,1963,0,1031,1385,29965,162,1705,,,150,2033,
OWID_WRL,1964,50,1140,335,10655,,4,,,,108,
OWID_WRL,1965,502000,1359,695,59932,100,355,0,,,230,
OWID_WRL,1966,508000,1923,2789,2327,262,1088,25,,,604,
OWID_WRL,1967,500199,2446,955,2255,,,62,,,590,
OWID_WRL,1968,199,7306,11571,1669,153,90,12,,,1196,
OWID_WRL,1969,202,1544,3380,3259,,0,0,,,18,
OWID_WRL,1970,0,3246,78181,304495,,,0,,,228,
OWID_WRL,1971,0,2404,1108,10811,400,0,,,,1051,
OWID_WRL,1972,0,2548,15183,1427,110,,,,,755,
OWID_WRL,1973,1669,1629,591,4344,283,0,0,,,3541,
OWID_WRL,1974,20427,29437,24829,11861,,,,,,904,
OWID_WRL,1975,28756,20848,4632,1041,140,2,,,,195,
OWID_WRL,1976,28782,965,277005,1787,,41,0,,,315,
OWID_WRL,1977,19655,2571,3098,15298,0,215,3,,,40,
OWID_WRL,1978,19774,5909,25162,3676,150,0,2,,,86,
OWID_WRL,1979,0,1039,2063,2623,470,268,0,,,338,
OWID_WRL,1980,0,10467,7639,1379,1389,90,0,,50,300,
OWID_WRL,1981,20109,5238,3979,3790,300,192,8,,,421,
OWID_WRL,1982,20988,4389,2183,2782,400,130,2,,46,653,
OWID_WRL,1983,182525,2333,2294,3590,205,0,106,,457,1185,
OWID_WRL,1984,255067,2980,60,4934,290,37,17,,,228,
OWID_WRL,1985,75341,4376,9852,17165,456,21800,51,,300,377,
OWID_WRL,1986,84,1783,1181,1939,50,1746,20,,,501,
OWID_WRL,1987,1317,6774,5151,2929,1220,0,191,,131,1256,
OWID_WRL,1988,1431,8504,27039,3335,644,7,,,157,952,
OWID_WRL,1989,279,4716,650,4273,381,0,1,,55,445,
OWID_WRL,1990,42,2246,42845,4625,979,33,0,,73,141,
OWID_WRL,1991,2042,5850,2454,146297,757,683,90,,86,728,
OWID_WRL,1992,43,5242,4033,1344,466,1,122,,323,712,
OWID_WRL,1993,0,6116,10088,3048,106,99,3,,106,1653,
OWID_WRL,1994,0,6773,1242,4239,341,101,84,,,307,
OWID_WRL,1995,0,7893,7739,3763,1730,0,29,,,1521,
OWID_WRL,1996,0,8104,576,4581,300,4,45,,,1158,
OWID_WRL,1997,687,7610,3059,5660,604,53,266,,,801,
OWID_WRL,1998,65,10759,9573,25411,3269,0,150,,,1141,
OWID_WRL,1999,27,34811,21869,12270,771,0,70,,,445,
OWID_WRL,2000,142,5972,217,1344,927,0,47,,11,1012,
OWID_WRL,2001,252,4956,21348,1909,1725,0,33,,,786,
OWID_WRL,2002,671,4169,1639,1353,2922,200,6,,60,1097,
OWID_WRL,2003,45,3724,29616,1035,74809,0,47,,,616,
OWID_WRL,2004,80,7151,227290,6547,644,2,14,,44,403,
OWID_WRL,2005,114,5654,76241,5235,1269,3,42,,,664,
OWID_WRL,2006,169,5855,6692,4347,5107,5,28,,11,1638,
OWID_WRL,2007,0,8583,780,6029,1026,11,145,,,271,
OWID_WRL,2008,5,4023,87915,140983,1703,16,86,,120,504,
OWID_WRL,2009,3,3527,1898,3286,1230,0,190,,36,647,
OWID_WRL,2010,10000,8319,226724,1544,57427,323,166,,,3499,
OWID_WRL,2011,10000,6267,20946,3120,653,3,9,,,306,
OWID_WRL,2012,0,3637,713,3105,1620,0,22,,16,501,
OWID_WRL,2013,0,9790,1120,8598,2035,0,35,,46,228,
OWID_WRL,2014,0,3526,771,1432,1168,102,16,,,960,
OWID_WRL,2015,35,3468,9551,1282,7425,0,78,,13,1015,
OWID_WRL,2016,0,4439,1311,1761,490,0,40,,,357,
OWID_WRL,2017,0,3355,1012,2544,359,0,178,,8,2312,
OWID_WRL,2018,0,2875,5061,1728,1517,914,221,,17,248,
OWID_WRL,2019,79,5063,261,2517,3188,21,105,,,744,
OWID_WRL,2020,47,6408,196,1781,6570,1,86,,,514,
OWID_WRL,2021,4,4166,2742,1887,1044,104,127,250,,224,
OWID_WRL,2022,2601,8023,1753,1588,61782,6,77,11,,403,
OWID_WRL,2023,252,7341,63473,15514,48094,23,263,178,,654,
OWID_WRL,2024,5,6087,602,2596,68022,10,170,0,16,2243,
OWID_WRL,2025,27,3301,6218,805,0,0,67,39,,323,
OWID_WRL,1909,,72,5478,763,,,,,,53,
OWID_WRL,1915,,0,30156,1875,,,,,,56,
OWID_WRL,1916,,15,181,300,,,,,,,
OWID_WRL,1917,,0,19504,4057,,,,,,,
OWID_WRL,1924,,15,1037,2242,,,,,,,
OWID_WRL,1925,,13,6140,819,,,,,,,
OWID_WRL,1926,,1000,12,4029,,144,,,,128,
OWID_WRL,1927,,3246,44252,5772,,,,,,,
OWID_WRL,1930,,230,5563,2082,,1369,,,,40,
OWID_WRL,1948,,917,116315,2942,,100,,,,525,
OWID_WRL,1949,,97000,9890,2804,,2000,80,,,12000,
OWID_WRL,1950,,3808,1950,876,,84,,,,130,
OWID_WRL,1951,,5673,4739,3272,69,4800,,,,92,
OWID_WRL,1952,,199,2689,2277,,29,,,,28,4000
OWID_WRL,1953,,7202,2758,2044,669,150,,,,,
OWID_WRL,1954,,34436,3319,4762,,37,,,,1086,
OWID_WRL,1955,,539,489,3948,107,,,,3,478,
OWID_WRL,1956,,3613,763,6095,,0,11,,,236,
OWID_WRL,1957,,2480,6970,1139,,0,,,,,
OWID_WRL,1958,,400,338,2620,651,,,,,52,
OWID_WRL,1959,,486335,69,10083,,,,,,48,
OWID_WRL,1962,,1550,12078,1867,50,,,,2000,71,
OWID_WRL,1901,,,18,,,,,,,,
OWID_WRL,1902,,,9148,600,,38690,,,,,
OWID_WRL,1904,,,152,0,,,,,,,
OWID_WRL,1905,,,20729,240,,,,,18,,
OWID_WRL,1908,,,75000,,,,,,33,,
OWID_WRL,1918,,,10216,34,,,1000,,,,
OWID_WRL,1929,,,3270,48,,,60,,,,
OWID_WRL,1945,,,6943,4424,,0,,,,,
YEM,1991,,0,10,,,,,,,,
YEM,1993,,31,,,,,,,,,
YEM,1996,,345,,,,,,,,,
YEM,1998,,70,,,,,,,,,
YEM,1999,,0,,,,,,,,,
YEM,2001,,33,,30,,,,,,,
YEM,2002,,53,,,,,,,,,
YEM,2003,,15,,,,,,,,,
YEM,2005,,22,,,,,,,,65,
YEM,2006,,30,,,,,,,,,
YEM,2007,,93,,,,6,,,,,
YEM,2008,,90,,,,,,,,,
YEM,2010,,22,,,,,,,,,
YEM,2013,,40,,,,,,,,,
YEM,2016,,20,,,,,,,,20,
YEM,2017,,50,,,,,,,,,
YEM,2019,,26,,,,,,,,,
YEM,2020,,202,,,,,,,,,
YEM,2021,,46,,,,,,,,,
YEM,2022,,90,,,,,,,,,
YEM,2023,,248,,7,,,,,,,
YEM,2024,,342,,,,,,,,,
YEM,2025,,82,,,,,,,,,
YEM,2015,,,,26,,,,,,,
YEM,2018,,,,49,,,,,,,
YEM,2009,,,,,,,,,,11,
OWID_YAR,1969,0,,,,,,,,,,
OWID_YAR,1970,0,,,,,,,,,,
OWID_YAR,1971,0,,,,,,,,,,
OWID_YAR,1977,0,,,,,,,,,,
OWID_YAR,1973,,60,,,,,,,,,
OWID_YAR,1975,,52,,,,,,,,,
OWID_YAR,1989,,38,,,,,,,,,
OWID_YAR,1941,,,1200,,,,,,,,
OWID_YAR,1982,,,1507,,,,,,,,
OWID_YPR,1977,0,,,,,,,,,,
OWID_YPR,1972,,0,,,,,,,,,
OWID_YPR,1981,,0,,,,,,,,,
OWID_YPR,1982,,482,,,,,,,,,
OWID_YPR,1989,,25,,,,,,,,,
OWID_YGS,1990,0,0,,,,,,,,,
OWID_YGS,1964,,17,,,,,,,,,
OWID_YGS,1965,,3,,,,,,,,,
OWID_YGS,1979,,22,121,,,,,,,,
OWID_YGS,1981,,43,0,,,,,,,,
OWID_YGS,1986,,1,,,,,,,,,
OWID_YGS,1943,,,19,,,,,,,,
OWID_YGS,1963,,,1070,,,,,,,,
OWID_YGS,1967,,,7,,,,,,,,
OWID_YGS,1968,,,1,,,,,,,,
OWID_YGS,1969,,,15,,,,,,,,
OWID_YGS,1980,,,0,,,,,,,,
OWID_YGS,1983,,,12,,,,0,,,,
OWID_YGS,1985,,,0,,,,0,,,,
OWID_YGS,1988,,,,,38,,,,,,
ZMB,1982,0,,,,,,,,,,
ZMB,1991,0,,,,,,,,,,
ZMB,1992,0,,,,,,,,,,
ZMB,1995,0,,,,,,,,,,
ZMB,2005,0,0,,,,,,,,,
ZMB,2019,0,4,,,,,,,,,
ZMB,2020,0,3,,,,,,,,,
ZMB,2021,0,,,,,,,,,,
ZMB,2022,0,3,,,,,,,,,
ZMB,2024,0,,,,,,,,,,
ZMB,2025,0,,,,,,,,,,
ZMB,1978,,11,,,,,,,,,
ZMB,1989,,0,,,,,,,,,
ZMB,1998,,0,,,,,,,,,
ZMB,2000,,0,,,,,,,,,
ZMB,2001,,5,,,,,,,,,
ZMB,2003,,4,,,,,,,,,
ZMB,2004,,2,,,,,,,,,
ZMB,2007,,4,,,,,,,,,
ZMB,2008,,14,,,,,,,,,
ZMB,2009,,31,,,,,,,,,
ZMB,2010,,0,,,,,,,,9,
ZMB,2011,,0,,,,,,,,,
ZMB,2013,,0,,,,,,,,,
ZMB,2014,,0,,,,,,,,,
ZMB,2023,,0,,,,,,,,,
ZWE,1982,0,,,,,,,,,,
ZWE,1983,0,,,,,,,,,,
ZWE,1984,0,,,,,,,,,,
ZWE,1991,0,,,,,,,,,,
ZWE,1992,0,,,,,,,,,,
ZWE,1993,0,,,,,,,,,,
ZWE,1994,0,,,,,,,,,,
ZWE,1995,0,,,,,,,,,,
ZWE,1998,0,36,,,,,,,,,
ZWE,2001,0,13,,,,,,,,,
ZWE,2002,0,,,,,,,,,,
ZWE,2003,0,2,,8,,,,,,,
ZWE,2007,0,23,,0,,,,,,,
ZWE,2008,0,4,,,,,,,,,
ZWE,2009,0,,,,,,,,,,
ZWE,2010,0,0,,,,,,,,,
ZWE,2011,0,0,,,,,,,,,
ZWE,2012,0,,,,,,,,,,
ZWE,2013,0,125,,,,,,,,,
ZWE,2014,0,8,,,,,,,,,
ZWE,2015,0,6,,10,,,,,,,
ZWE,2016,0,,,31,,,,,,,
ZWE,2017,0,,,251,,,,,,,
ZWE,2018,0,,,,,,,,,,
ZWE,2019,0,26,,628,,,,,,,
ZWE,2020,0,,,,,,,,,,
ZWE,2021,0,,,3,,,,,,,
ZWE,2022,0,0,,0,,,,,,,
ZWE,2024,0,,,,,,,,,,
ZWE,2000,,70,,,,,,,,,
ZWE,1975,,,,11,,,,,,,
ZWE,2023,,,,2,,,,,,,
