Code,Year,Political corruption index (central estimate),World regions according to OWID
AFG,1789,0.428,
AFG,1790,0.428,
AFG,1791,0.428,
AFG,1792,0.428,
AFG,1793,0.428,
AFG,1794,0.428,
AFG,1795,0.428,
AFG,1796,0.428,
AFG,1797,0.428,
AFG,1798,0.428,
AFG,1799,0.428,
AFG,1800,0.428,
AFG,1801,0.428,
AFG,1802,0.428,
AFG,1803,0.428,
AFG,1804,0.428,
AFG,1805,0.428,
AFG,1806,0.428,
AFG,1807,0.428,
AFG,1808,0.428,
AFG,1809,0.428,
AFG,1810,0.428,
AFG,1811,0.428,
AFG,1812,0.428,
AFG,1813,0.428,
AFG,1814,0.428,
AFG,1815,0.428,
AFG,1816,0.428,
AFG,1817,0.428,
AFG,1818,0.428,
AFG,1819,0.428,
AFG,1820,0.428,
AFG,1821,0.428,
AFG,1822,0.428,
AFG,1823,0.428,
AFG,1824,0.428,
AFG,1825,0.428,
AFG,1826,0.428,
AFG,1827,0.428,
AFG,1828,0.428,
AFG,1829,0.428,
AFG,1830,0.428,
AFG,1831,0.428,
AFG,1832,0.428,
AFG,1833,0.428,
AFG,1834,0.428,
AFG,1835,0.428,
AFG,1836,0.428,
AFG,1837,0.428,
AFG,1838,0.428,
AFG,1839,0.428,
AFG,1840,0.428,
AFG,1841,0.428,
AFG,1842,0.428,
AFG,1843,0.428,
AFG,1844,0.428,
AFG,1845,0.428,
AFG,1846,0.428,
AFG,1847,0.428,
AFG,1848,0.428,
AFG,1849,0.428,
AFG,1850,0.428,
AFG,1851,0.428,
AFG,1852,0.428,
AFG,1853,0.428,
AFG,1854,0.428,
AFG,1855,0.428,
AFG,1856,0.428,
AFG,1857,0.428,
AFG,1858,0.428,
AFG,1859,0.428,
AFG,1860,0.428,
AFG,1861,0.428,
AFG,1862,0.428,
AFG,1863,0.428,
AFG,1864,0.428,
AFG,1865,0.428,
AFG,1866,0.428,
AFG,1867,0.428,
AFG,1868,0.428,
AFG,1869,0.428,
AFG,1870,0.428,
AFG,1871,0.428,
AFG,1872,0.428,
AFG,1873,0.428,
AFG,1874,0.428,
AFG,1875,0.428,
AFG,1876,0.428,
AFG,1877,0.428,
AFG,1878,0.428,
AFG,1879,0.428,
AFG,1880,0.494,
AFG,1881,0.494,
AFG,1882,0.494,
AFG,1883,0.494,
AFG,1884,0.494,
AFG,1885,0.494,
AFG,1886,0.494,
AFG,1887,0.494,
AFG,1888,0.494,
AFG,1889,0.494,
AFG,1890,0.494,
AFG,1891,0.494,
AFG,1892,0.494,
AFG,1893,0.494,
AFG,1894,0.494,
AFG,1895,0.494,
AFG,1896,0.494,
AFG,1897,0.494,
AFG,1898,0.494,
AFG,1899,0.494,
AFG,1900,0.494,
AFG,1901,0.494,
AFG,1902,0.509,
AFG,1903,0.509,
AFG,1904,0.509,
AFG,1905,0.509,
AFG,1906,0.509,
AFG,1907,0.509,
AFG,1908,0.509,
AFG,1909,0.509,
AFG,1910,0.509,
AFG,1911,0.509,
AFG,1912,0.509,
AFG,1913,0.509,
AFG,1914,0.509,
AFG,1915,0.509,
AFG,1916,0.509,
AFG,1917,0.509,
AFG,1918,0.513,
AFG,1919,0.526,
AFG,1920,0.526,
AFG,1921,0.526,
AFG,1922,0.526,
AFG,1923,0.477,
AFG,1924,0.477,
AFG,1925,0.477,
AFG,1926,0.477,
AFG,1927,0.477,
AFG,1928,0.477,
AFG,1929,0.477,
AFG,1930,0.477,
AFG,1931,0.477,
AFG,1932,0.477,
AFG,1933,0.477,
AFG,1934,0.477,
AFG,1935,0.477,
AFG,1936,0.477,
AFG,1937,0.477,
AFG,1938,0.477,
AFG,1939,0.477,
AFG,1940,0.477,
AFG,1941,0.477,
AFG,1942,0.477,
AFG,1943,0.477,
AFG,1944,0.477,
AFG,1945,0.477,
AFG,1946,0.477,
AFG,1947,0.477,
AFG,1948,0.477,
AFG,1949,0.477,
AFG,1950,0.477,
AFG,1951,0.477,
AFG,1952,0.477,
AFG,1953,0.477,
AFG,1954,0.477,
AFG,1955,0.477,
AFG,1956,0.477,
AFG,1957,0.477,
AFG,1958,0.477,
AFG,1959,0.477,
AFG,1960,0.477,
AFG,1961,0.477,
AFG,1962,0.477,
AFG,1963,0.477,
AFG,1964,0.477,
AFG,1965,0.477,
AFG,1966,0.477,
AFG,1967,0.477,
AFG,1968,0.477,
AFG,1969,0.477,
AFG,1970,0.477,
AFG,1971,0.477,
AFG,1972,0.494,
AFG,1973,0.53,
AFG,1974,0.534,
AFG,1975,0.534,
AFG,1976,0.534,
AFG,1977,0.534,
AFG,1978,0.565,
AFG,1979,0.562,
AFG,1980,0.562,
AFG,1981,0.562,
AFG,1982,0.562,
AFG,1983,0.562,
AFG,1984,0.562,
AFG,1985,0.562,
AFG,1986,0.562,
AFG,1987,0.562,
AFG,1988,0.562,
AFG,1989,0.562,
AFG,1990,0.556,
AFG,1991,0.556,
AFG,1992,0.712,
AFG,1993,0.89,
AFG,1994,0.89,
AFG,1995,0.895,
AFG,1996,0.852,
AFG,1997,0.791,
AFG,1998,0.791,
AFG,1999,0.791,
AFG,2000,0.791,
AFG,2001,0.805,
AFG,2002,0.919,
AFG,2003,0.919,
AFG,2004,0.931,
AFG,2005,0.942,
AFG,2006,0.955,
AFG,2007,0.957,
AFG,2008,0.957,
AFG,2009,0.957,
AFG,2010,0.958,
AFG,2011,0.958,
AFG,2012,0.961,
AFG,2013,0.941,
AFG,2014,0.927,
AFG,2015,0.904,
AFG,2016,0.905,
AFG,2017,0.898,
AFG,2018,0.896,
AFG,2019,0.899,
AFG,2020,0.874,
AFG,2021,0.663,
AFG,2022,0.567,
AFG,2023,0.618,Asia
AFG,2024,0.674,
,1900,0.36835134,
,1901,0.3679189,
,1902,0.36573684,
,1903,0.362025,
,1904,0.36371428,
,1905,0.36492857,
,1906,0.36288095,
,1907,0.36261904,
,1908,0.36457142,
,1909,0.3641905,
,1910,0.36234882,
,1911,0.3548409,
,1912,0.3535,
,1913,0.3530909,
,1914,0.37657776,
,1915,0.3764889,
,1916,0.38045833,
,1917,0.38045833,
,1918,0.38045833,
,1919,0.37887755,
,1920,0.3775098,
,1921,0.37641177,
,1922,0.38346153,
,1923,0.38165385,
,1924,0.3794423,
,1925,0.37901923,
,1926,0.37926924,
,1927,0.3738654,
,1928,0.3738654,
,1929,0.37371153,
,1930,0.37361538,
,1931,0.37182692,
,1932,0.3731765,
,1933,0.37296078,
,1934,0.3793846,
,1935,0.3793846,
,1936,0.38046154,
,1937,0.38046154,
,1938,0.38046154,
,1939,0.38046154,
,1940,0.38026923,
,1941,0.37923077,
,1942,0.36980394,
,1943,0.3697059,
,1944,0.37184313,
,1945,0.37307844,
,1946,0.36898077,
,1947,0.36664152,
,1948,0.36750942,
,1949,0.3713962,
,1950,0.37528303,
,1951,0.3749259,
,1952,0.37603703,
,1953,0.38079628,
,1954,0.38272223,
,1955,0.3820926,
,1956,0.38077778,
,1957,0.37755555,
,1958,0.37946296,
,1959,0.38244444,
,1960,0.44,
,1961,0.45094445,
,1962,0.44542593,
,1963,0.45655555,
,1964,0.47174075,
,1965,0.4725185,
,1966,0.48457408,
,1967,0.49112964,
,1968,0.5052963,
,1969,0.51905555,
,1970,0.54275924,
,1971,0.55157405,
,1972,0.5530185,
,1973,0.5525741,
,1974,0.5520185,
,1975,0.55061114,
,1976,0.5562222,
,1977,0.55657405,
,1978,0.5661296,
,1979,0.57353705,
,1980,0.5843148,
,1981,0.5877963,
,1982,0.5920926,
,1983,0.58955556,
,1984,0.58581483,
,1985,0.5907963,
,1986,0.5909074,
,1987,0.60142595,
,1988,0.61579627,
,1989,0.61925924,
,1990,0.62703705,
,1991,0.62381816,
,1992,0.6340727,
,1993,0.6297455,
,1994,0.6408182,
,1995,0.65212727,
,1996,0.6555091,
,1997,0.66352725,
,1998,0.6688727,
,1999,0.6677091,
,2000,0.6728909,
,2001,0.67274547,
,2002,0.6734545,
,2003,0.67703635,
,2004,0.67605454,
,2005,0.67572725,
,2006,0.6743818,
,2007,0.6743636,
,2008,0.6768364,
,2009,0.6839273,
,2010,0.6777273,
,2011,0.664125,
,2012,0.6611786,
,2013,0.64744645,
,2014,0.64414287,
,2015,0.6465714,
,2016,0.6464821,
,2017,0.6318393,
,2018,0.63425,
,2019,0.63689286,
,2020,0.6308393,
,2021,0.62941074,
,2022,0.62373215,
,2023,0.62546426,
,2024,0.62633926,
,1902,0.31894866,
,1903,0.32118756,
,1904,0.32690343,
,1905,0.3272892,
,1906,0.32689974,
,1907,0.3270367,
,1908,0.32778758,
,1909,0.3283159,
,1910,0.3290732,
,1911,0.32940063,
,1912,0.3270534,
,1913,0.32617733,
,1914,0.4698143,
,1915,0.47015283,
,1916,0.48140252,
,1917,0.48182023,
,1918,0.48223937,
,1919,0.48814884,
,1920,0.49116185,
,1921,0.48908037,
,1922,0.4970462,
,1923,0.48165798,
,1924,0.47657806,
,1925,0.47600618,
,1926,0.47605377,
,1927,0.47052613,
,1928,0.47013795,
,1929,0.46976182,
,1930,0.46922734,
,1931,0.45947343,
,1932,0.45362794,
,1933,0.4534859,
,1934,0.45654824,
,1935,0.45644155,
,1936,0.46168283,
,1937,0.4615148,
,1938,0.46135065,
,1939,0.4611805,
,1940,0.46015462,
,1941,0.45354533,
,1942,0.4435731,
,1943,0.44346488,
,1944,0.44397187,
,1945,0.4441555,
,1946,0.44341418,
,1947,0.44888392,
,1948,0.45029172,
,1949,0.45197737,
,1950,0.45423642,
,1951,0.45407832,
,1952,0.44313613,
,1953,0.45122722,
,1954,0.45725706,
,1955,0.45674083,
,1956,0.45782635,
,1957,0.45376837,
,1958,0.45250684,
,1959,0.46892473,
,1960,0.5156465,
,1961,0.53183526,
,1962,0.5229157,
,1963,0.5377702,
,1964,0.54296595,
,1965,0.5414102,
,1966,0.5567429,
,1967,0.55587155,
,1968,0.56059873,
,1969,0.57265234,
,1970,0.58989143,
,1971,0.60151416,
,1972,0.6023376,
,1973,0.6051133,
,1974,0.59879756,
,1975,0.5979824,
,1976,0.59802437,
,1977,0.59803396,
,1978,0.6058808,
,1979,0.61960095,
,1980,0.6348243,
,1981,0.64093125,
,1982,0.6468145,
,1983,0.6446383,
,1984,0.6299056,
,1985,0.6291047,
,1986,0.6326973,
,1987,0.641664,
,1988,0.64576995,
,1989,0.65127254,
,1990,0.6648393,
,1991,0.67063636,
,1992,0.68356687,
,1993,0.68413335,
,1994,0.688431,
,1995,0.7039899,
,1996,0.7069175,
,1997,0.7107844,
,1998,0.71402526,
,1999,0.726355,
,2000,0.7326507,
,2001,0.7326329,
,2002,0.73142004,
,2003,0.73188883,
,2004,0.73249495,
,2005,0.7314844,
,2006,0.731193,
,2007,0.7280677,
,2008,0.731063,
,2009,0.73978394,
,2010,0.7366485,
,2011,0.72047925,
,2012,0.7241543,
,2013,0.71446884,
,2014,0.7121891,
,2015,0.7133807,
,2016,0.70852435,
,2017,0.69993836,
,2018,0.7010279,
,2019,0.7011697,
,2020,0.6955694,
,2021,0.6918184,
,2022,0.687067,
,2023,0.6904011,
,2024,0.6967885,
ALA,2023,,Europe
ALB,1912,0.361,
ALB,1913,0.348,
ALB,1914,0.353,
ALB,1915,0.461,
ALB,1916,0.312,
ALB,1917,0.312,
ALB,1918,0.363,
ALB,1919,0.434,
ALB,1920,0.465,
ALB,1921,0.465,
ALB,1922,0.496,
ALB,1923,0.496,
ALB,1924,0.534,
ALB,1925,0.505,
ALB,1926,0.465,
ALB,1927,0.465,
ALB,1928,0.465,
ALB,1929,0.476,
ALB,1930,0.476,
ALB,1931,0.476,
ALB,1932,0.476,
ALB,1933,0.476,
ALB,1934,0.476,
ALB,1935,0.476,
ALB,1936,0.476,
ALB,1937,0.476,
ALB,1938,0.517,
ALB,1939,0.536,
ALB,1940,0.464,
ALB,1941,0.464,
ALB,1942,0.464,
ALB,1943,0.464,
ALB,1944,0.294,
ALB,1945,0.051,
ALB,1946,0.051,
ALB,1947,0.051,
ALB,1948,0.051,
ALB,1949,0.058,
ALB,1950,0.052,
ALB,1951,0.052,
ALB,1952,0.052,
ALB,1953,0.052,
ALB,1954,0.052,
ALB,1955,0.052,
ALB,1956,0.052,
ALB,1957,0.052,
ALB,1958,0.052,
ALB,1959,0.052,
ALB,1960,0.052,
ALB,1961,0.052,
ALB,1962,0.052,
ALB,1963,0.052,
ALB,1964,0.052,
ALB,1965,0.052,
ALB,1966,0.052,
ALB,1967,0.052,
ALB,1968,0.052,
ALB,1969,0.052,
ALB,1970,0.052,
ALB,1971,0.052,
ALB,1972,0.052,
ALB,1973,0.052,
ALB,1974,0.052,
ALB,1975,0.052,
ALB,1976,0.052,
ALB,1977,0.061,
ALB,1978,0.061,
ALB,1979,0.061,
ALB,1980,0.061,
ALB,1981,0.068,
ALB,1982,0.068,
ALB,1983,0.068,
ALB,1984,0.073,
ALB,1985,0.087,
ALB,1986,0.087,
ALB,1987,0.087,
ALB,1988,0.087,
ALB,1989,0.092,
ALB,1990,0.13,
ALB,1991,0.507,
ALB,1992,0.683,
ALB,1993,0.591,
ALB,1994,0.683,
ALB,1995,0.683,
ALB,1996,0.683,
ALB,1997,0.709,
ALB,1998,0.75,
ALB,1999,0.77,
ALB,2000,0.74,
ALB,2001,0.729,
ALB,2002,0.745,
ALB,2003,0.745,
ALB,2004,0.745,
ALB,2005,0.722,
ALB,2006,0.722,
ALB,2007,0.722,
ALB,2008,0.756,
ALB,2009,0.756,
ALB,2010,0.767,
ALB,2011,0.767,
ALB,2012,0.765,
ALB,2013,0.758,
ALB,2014,0.765,
ALB,2015,0.765,
ALB,2016,0.765,
ALB,2017,0.763,
ALB,2018,0.742,
ALB,2019,0.689,
ALB,2020,0.689,
ALB,2021,0.614,
ALB,2022,0.558,
ALB,2023,0.593,Europe
ALB,2024,0.626,
DZA,1900,0.389,
DZA,1901,0.389,
DZA,1902,0.389,
DZA,1903,0.389,
DZA,1904,0.389,
DZA,1905,0.389,
DZA,1906,0.389,
DZA,1907,0.389,
DZA,1908,0.389,
DZA,1909,0.389,
DZA,1910,0.389,
DZA,1911,0.389,
DZA,1912,0.389,
DZA,1913,0.389,
DZA,1914,0.389,
DZA,1915,0.389,
DZA,1916,0.389,
DZA,1917,0.389,
DZA,1918,0.389,
DZA,1919,0.389,
DZA,1920,0.389,
DZA,1921,0.389,
DZA,1922,0.389,
DZA,1923,0.389,
DZA,1924,0.389,
DZA,1925,0.389,
DZA,1926,0.389,
DZA,1927,0.389,
DZA,1928,0.389,
DZA,1929,0.389,
DZA,1930,0.389,
DZA,1931,0.389,
DZA,1932,0.389,
DZA,1933,0.389,
DZA,1934,0.389,
DZA,1935,0.389,
DZA,1936,0.389,
DZA,1937,0.389,
DZA,1938,0.389,
DZA,1939,0.389,
DZA,1940,0.389,
DZA,1941,0.389,
DZA,1942,0.389,
DZA,1943,0.389,
DZA,1944,0.389,
DZA,1945,0.389,
DZA,1946,0.389,
DZA,1947,0.389,
DZA,1948,0.389,
DZA,1949,0.389,
DZA,1950,0.389,
DZA,1951,0.389,
DZA,1952,0.389,
DZA,1953,0.389,
DZA,1954,0.389,
DZA,1955,0.384,
DZA,1956,0.384,
DZA,1957,0.28,
DZA,1958,0.28,
DZA,1959,0.28,
DZA,1960,0.28,
DZA,1961,0.28,
DZA,1962,0.289,
DZA,1963,0.39,
DZA,1964,0.39,
DZA,1965,0.246,
DZA,1966,0.324,
DZA,1967,0.324,
DZA,1968,0.324,
DZA,1969,0.324,
DZA,1970,0.324,
DZA,1971,0.324,
DZA,1972,0.324,
DZA,1973,0.324,
DZA,1974,0.324,
DZA,1975,0.324,
DZA,1976,0.324,
DZA,1977,0.324,
DZA,1978,0.455,
DZA,1979,0.542,
DZA,1980,0.581,
DZA,1981,0.581,
DZA,1982,0.581,
DZA,1983,0.581,
DZA,1984,0.581,
DZA,1985,0.581,
DZA,1986,0.581,
DZA,1987,0.581,
DZA,1988,0.581,
DZA,1989,0.531,
DZA,1990,0.531,
DZA,1991,0.531,
DZA,1992,0.513,
DZA,1993,0.575,
DZA,1994,0.579,
DZA,1995,0.581,
DZA,1996,0.581,
DZA,1997,0.581,
DZA,1998,0.581,
DZA,1999,0.646,
DZA,2000,0.657,
DZA,2001,0.657,
DZA,2002,0.657,
DZA,2003,0.657,
DZA,2004,0.657,
DZA,2005,0.657,
DZA,2006,0.657,
DZA,2007,0.657,
DZA,2008,0.657,
DZA,2009,0.657,
DZA,2010,0.672,
DZA,2011,0.672,
DZA,2012,0.672,
DZA,2013,0.65,
DZA,2014,0.65,
DZA,2015,0.65,
DZA,2016,0.641,
DZA,2017,0.656,
DZA,2018,0.67,
DZA,2019,0.657,
DZA,2020,0.68,
DZA,2021,0.686,
DZA,2022,0.67,
DZA,2023,0.67,Africa
DZA,2024,0.668,
ASM,2023,,Oceania
AND,2023,,Europe
AGO,1900,0.255,
AGO,1901,0.255,
AGO,1902,0.255,
AGO,1903,0.255,
AGO,1904,0.255,
AGO,1905,0.255,
AGO,1906,0.255,
AGO,1907,0.255,
AGO,1908,0.255,
AGO,1909,0.255,
AGO,1910,0.255,
AGO,1911,0.255,
AGO,1912,0.255,
AGO,1913,0.255,
AGO,1914,0.255,
AGO,1915,0.255,
AGO,1916,0.255,
AGO,1917,0.255,
AGO,1918,0.255,
AGO,1919,0.255,
AGO,1920,0.255,
AGO,1921,0.255,
AGO,1922,0.255,
AGO,1923,0.255,
AGO,1924,0.255,
AGO,1925,0.255,
AGO,1926,0.255,
AGO,1927,0.255,
AGO,1928,0.255,
AGO,1929,0.255,
AGO,1930,0.255,
AGO,1931,0.255,
AGO,1932,0.255,
AGO,1933,0.255,
AGO,1934,0.255,
AGO,1935,0.255,
AGO,1936,0.255,
AGO,1937,0.255,
AGO,1938,0.255,
AGO,1939,0.255,
AGO,1940,0.255,
AGO,1941,0.255,
AGO,1942,0.255,
AGO,1943,0.255,
AGO,1944,0.255,
AGO,1945,0.255,
AGO,1946,0.255,
AGO,1947,0.255,
AGO,1948,0.255,
AGO,1949,0.255,
AGO,1950,0.255,
AGO,1951,0.255,
AGO,1952,0.255,
AGO,1953,0.255,
AGO,1954,0.255,
AGO,1955,0.255,
AGO,1956,0.255,
AGO,1957,0.255,
AGO,1958,0.255,
AGO,1959,0.255,
AGO,1960,0.255,
AGO,1961,0.255,
AGO,1962,0.255,
AGO,1963,0.255,
AGO,1964,0.255,
AGO,1965,0.255,
AGO,1966,0.255,
AGO,1967,0.255,
AGO,1968,0.255,
AGO,1969,0.255,
AGO,1970,0.255,
AGO,1971,0.255,
AGO,1972,0.255,
AGO,1973,0.255,
AGO,1974,0.246,
AGO,1975,0.4,
AGO,1976,0.4,
AGO,1977,0.4,
AGO,1978,0.412,
AGO,1979,0.436,
AGO,1980,0.531,
AGO,1981,0.531,
AGO,1982,0.538,
AGO,1983,0.538,
AGO,1984,0.538,
AGO,1985,0.538,
AGO,1986,0.538,
AGO,1987,0.589,
AGO,1988,0.61,
AGO,1989,0.61,
AGO,1990,0.61,
AGO,1991,0.678,
AGO,1992,0.767,
AGO,1993,0.787,
AGO,1994,0.787,
AGO,1995,0.809,
AGO,1996,0.809,
AGO,1997,0.809,
AGO,1998,0.809,
AGO,1999,0.809,
AGO,2000,0.809,
AGO,2001,0.809,
AGO,2002,0.84,
AGO,2003,0.864,
AGO,2004,0.864,
AGO,2005,0.864,
AGO,2006,0.864,
AGO,2007,0.864,
AGO,2008,0.864,
AGO,2009,0.864,
AGO,2010,0.864,
AGO,2011,0.864,
AGO,2012,0.864,
AGO,2013,0.861,
AGO,2014,0.861,
AGO,2015,0.861,
AGO,2016,0.861,
AGO,2017,0.722,
AGO,2018,0.63,
AGO,2019,0.602,
AGO,2020,0.623,
AGO,2021,0.578,
AGO,2022,0.564,
AGO,2023,0.579,Africa
AGO,2024,0.549,
AIA,2023,,North America
ATG,2023,,North America
ARG,1789,0.321,
ARG,1790,0.321,
ARG,1791,0.321,
ARG,1792,0.321,
ARG,1793,0.321,
ARG,1794,0.321,
ARG,1795,0.321,
ARG,1796,0.321,
ARG,1797,0.321,
ARG,1798,0.321,
ARG,1799,0.321,
ARG,1800,0.321,
ARG,1801,0.321,
ARG,1802,0.321,
ARG,1803,0.321,
ARG,1804,0.321,
ARG,1805,0.321,
ARG,1806,0.321,
ARG,1807,0.321,
ARG,1808,0.321,
ARG,1809,0.321,
ARG,1810,0.321,
ARG,1811,0.313,
ARG,1812,0.313,
ARG,1813,0.313,
ARG,1814,0.313,
ARG,1815,0.313,
ARG,1816,0.313,
ARG,1817,0.313,
ARG,1818,0.313,
ARG,1819,0.313,
ARG,1820,0.313,
ARG,1821,0.313,
ARG,1822,0.313,
ARG,1823,0.313,
ARG,1824,0.313,
ARG,1825,0.313,
ARG,1826,0.313,
ARG,1827,0.313,
ARG,1828,0.313,
ARG,1829,0.313,
ARG,1830,0.313,
ARG,1831,0.313,
ARG,1832,0.313,
ARG,1833,0.313,
ARG,1834,0.313,
ARG,1835,0.313,
ARG,1836,0.313,
ARG,1837,0.313,
ARG,1838,0.313,
ARG,1839,0.313,
ARG,1840,0.313,
ARG,1841,0.313,
ARG,1842,0.313,
ARG,1843,0.313,
ARG,1844,0.313,
ARG,1845,0.313,
ARG,1846,0.313,
ARG,1847,0.313,
ARG,1848,0.313,
ARG,1849,0.313,
ARG,1850,0.313,
ARG,1851,0.313,
ARG,1852,0.313,
ARG,1853,0.297,
ARG,1854,0.297,
ARG,1855,0.297,
ARG,1856,0.297,
ARG,1857,0.297,
ARG,1858,0.297,
ARG,1859,0.297,
ARG,1860,0.297,
ARG,1861,0.297,
ARG,1862,0.274,
ARG,1863,0.274,
ARG,1864,0.274,
ARG,1865,0.274,
ARG,1866,0.274,
ARG,1867,0.274,
ARG,1868,0.274,
ARG,1869,0.274,
ARG,1870,0.274,
ARG,1871,0.274,
ARG,1872,0.274,
ARG,1873,0.274,
ARG,1874,0.274,
ARG,1875,0.274,
ARG,1876,0.274,
ARG,1877,0.274,
ARG,1878,0.274,
ARG,1879,0.274,
ARG,1880,0.274,
ARG,1881,0.274,
ARG,1882,0.274,
ARG,1883,0.274,
ARG,1884,0.274,
ARG,1885,0.274,
ARG,1886,0.274,
ARG,1887,0.274,
ARG,1888,0.274,
ARG,1889,0.274,
ARG,1890,0.274,
ARG,1891,0.274,
ARG,1892,0.274,
ARG,1893,0.274,
ARG,1894,0.274,
ARG,1895,0.274,
ARG,1896,0.274,
ARG,1897,0.274,
ARG,1898,0.274,
ARG,1899,0.274,
ARG,1900,0.274,
ARG,1901,0.274,
ARG,1902,0.274,
ARG,1903,0.274,
ARG,1904,0.274,
ARG,1905,0.274,
ARG,1906,0.274,
ARG,1907,0.274,
ARG,1908,0.274,
ARG,1909,0.274,
ARG,1910,0.274,
ARG,1911,0.274,
ARG,1912,0.274,
ARG,1913,0.274,
ARG,1914,0.274,
ARG,1915,0.274,
ARG,1916,0.259,
ARG,1917,0.246,
ARG,1918,0.246,
ARG,1919,0.246,
ARG,1920,0.246,
ARG,1921,0.246,
ARG,1922,0.22,
ARG,1923,0.22,
ARG,1924,0.22,
ARG,1925,0.22,
ARG,1926,0.22,
ARG,1927,0.22,
ARG,1928,0.229,
ARG,1929,0.24,
ARG,1930,0.273,
ARG,1931,0.306,
ARG,1932,0.335,
ARG,1933,0.37,
ARG,1934,0.37,
ARG,1935,0.37,
ARG,1936,0.37,
ARG,1937,0.37,
ARG,1938,0.37,
ARG,1939,0.37,
ARG,1940,0.37,
ARG,1941,0.37,
ARG,1942,0.37,
ARG,1943,0.384,
ARG,1944,0.44,
ARG,1945,0.469,
ARG,1946,0.457,
ARG,1947,0.457,
ARG,1948,0.457,
ARG,1949,0.457,
ARG,1950,0.457,
ARG,1951,0.457,
ARG,1952,0.457,
ARG,1953,0.457,
ARG,1954,0.457,
ARG,1955,0.457,
ARG,1956,0.411,
ARG,1957,0.411,
ARG,1958,0.352,
ARG,1959,0.242,
ARG,1960,0.242,
ARG,1961,0.242,
ARG,1962,0.241,
ARG,1963,0.141,
ARG,1964,0.124,
ARG,1965,0.124,
ARG,1966,0.193,
ARG,1967,0.425,
ARG,1968,0.425,
ARG,1969,0.425,
ARG,1970,0.413,
ARG,1971,0.413,
ARG,1972,0.413,
ARG,1973,0.414,
ARG,1974,0.424,
ARG,1975,0.424,
ARG,1976,0.437,
ARG,1977,0.515,
ARG,1978,0.515,
ARG,1979,0.515,
ARG,1980,0.515,
ARG,1981,0.515,
ARG,1982,0.515,
ARG,1983,0.248,
ARG,1984,0.327,
ARG,1985,0.327,
ARG,1986,0.327,
ARG,1987,0.327,
ARG,1988,0.327,
ARG,1989,0.513,
ARG,1990,0.629,
ARG,1991,0.629,
ARG,1992,0.629,
ARG,1993,0.608,
ARG,1994,0.608,
ARG,1995,0.608,
ARG,1996,0.608,
ARG,1997,0.608,
ARG,1998,0.608,
ARG,1999,0.6,
ARG,2000,0.46,
ARG,2001,0.46,
ARG,2002,0.518,
ARG,2003,0.555,
ARG,2004,0.555,
ARG,2005,0.555,
ARG,2006,0.555,
ARG,2007,0.555,
ARG,2008,0.555,
ARG,2009,0.555,
ARG,2010,0.545,
ARG,2011,0.545,
ARG,2012,0.545,
ARG,2013,0.554,
ARG,2014,0.554,
ARG,2015,0.533,
ARG,2016,0.436,
ARG,2017,0.41,
ARG,2018,0.408,
ARG,2019,0.409,
ARG,2020,0.48,
ARG,2021,0.48,
ARG,2022,0.48,
ARG,2023,0.404,South America
ARG,2024,0.387,
ARM,1990,0.343,
ARM,1991,0.401,
ARM,1992,0.423,
ARM,1993,0.496,
ARM,1994,0.496,
ARM,1995,0.596,
ARM,1996,0.669,
ARM,1997,0.682,
ARM,1998,0.785,
ARM,1999,0.769,
ARM,2000,0.81,
ARM,2001,0.865,
ARM,2002,0.865,
ARM,2003,0.865,
ARM,2004,0.865,
ARM,2005,0.865,
ARM,2006,0.865,
ARM,2007,0.865,
ARM,2008,0.856,
ARM,2009,0.856,
ARM,2010,0.852,
ARM,2011,0.852,
ARM,2012,0.849,
ARM,2013,0.845,
ARM,2014,0.845,
ARM,2015,0.845,
ARM,2016,0.845,
ARM,2017,0.812,
ARM,2018,0.35,
ARM,2019,0.294,
ARM,2020,0.303,
ARM,2021,0.312,
ARM,2022,0.32,
ARM,2023,0.374,Asia
ARM,2024,0.374,
ABW,2023,,North America
,1900,0.5005926,
,1901,0.49874073,
,1902,0.49842858,
,1903,0.49842858,
,1904,0.49842858,
,1905,0.49842858,
,1906,0.49575,
,1907,0.4875,
,1908,0.49082142,
,1909,0.4880357,
,1910,0.48503572,
,1911,0.49296552,
,1912,0.49155173,
,1913,0.4818276,
,1914,0.48651725,
,1915,0.48306897,
,1916,0.48675862,
,1917,0.48668966,
,1918,0.47242424,
,1919,0.46760607,
,1920,0.47851515,
,1921,0.467125,
,1922,0.4547941,
,1923,0.43817648,
,1924,0.4407647,
,1925,0.43632352,
,1926,0.43761766,
,1927,0.43547058,
,1928,0.4342941,
,1929,0.4374706,
,1930,0.4374706,
,1931,0.43770587,
,1932,0.43608823,
,1933,0.43885294,
,1934,0.43835294,
,1935,0.43855882,
,1936,0.43955883,
,1937,0.43911764,
,1938,0.43838236,
,1939,0.43885294,
,1940,0.4405,
,1941,0.4392353,
,1942,0.4457059,
,1943,0.4479706,
,1944,0.44941175,
,1945,0.4448889,
,1946,0.44483334,
,1947,0.4422973,
,1948,0.4283,
,1949,0.43530768,
,1950,0.42881578,
,1951,0.4315263,
,1952,0.43373683,
,1953,0.42892104,
,1954,0.42421052,
,1955,0.4218684,
,1956,0.42757896,
,1957,0.42839473,
,1958,0.43042105,
,1959,0.42355263,
,1960,0.4226316,
,1961,0.42023686,
,1962,0.42642105,
,1963,0.43434212,
,1964,0.43634212,
,1965,0.43831578,
,1966,0.44110528,
,1967,0.44226316,
,1968,0.44360527,
,1969,0.4443421,
,1970,0.46413156,
,1971,0.465225,
,1972,0.470025,
,1973,0.469925,
,1974,0.471175,
,1975,0.455275,
,1976,0.4453077,
,1977,0.4443333,
,1978,0.45130768,
,1979,0.45710257,
,1980,0.47176924,
,1981,0.47664103,
,1982,0.4852564,
,1983,0.49494871,
,1984,0.49753848,
,1985,0.49902564,
,1986,0.4987436,
,1987,0.5006923,
,1988,0.50241023,
,1989,0.5075641,
,1990,0.54104257,
,1991,0.5564348,
,1992,0.5741304,
,1993,0.58941305,
,1994,0.59197825,
,1995,0.5997174,
,1996,0.604,
,1997,0.5985652,
,1998,0.6011087,
,1999,0.59954345,
,2000,0.6021957,
,2001,0.59727657,
,2002,0.6024255,
,2003,0.6009362,
,2004,0.59042555,
,2005,0.5939583,
,2006,0.59304166,
,2007,0.58887756,
,2008,0.58963263,
,2009,0.59183675,
,2010,0.59106123,
,2011,0.5880408,
,2012,0.5890612,
,2013,0.58291835,
,2014,0.58363265,
,2015,0.58138776,
,2016,0.5790612,
,2017,0.57646936,
,2018,0.5603265,
,2019,0.55306125,
,2020,0.55361223,
,2021,0.5592653,
,2022,0.548102,
,2023,0.55065304,
,2024,0.54479593,
,1900,0.5075413,
,1901,0.50711024,
,1902,0.51334727,
,1903,0.51320446,
,1904,0.5130554,
,1905,0.51289964,
,1906,0.51190704,
,1907,0.51062757,
,1908,0.51134336,
,1909,0.51033026,
,1910,0.50988394,
,1911,0.507991,
,1912,0.49178037,
,1913,0.42083475,
,1914,0.49013245,
,1915,0.49046403,
,1916,0.49237978,
,1917,0.49277997,
,1918,0.49599645,
,1919,0.43300816,
,1920,0.49322772,
,1921,0.49006322,
,1922,0.4895475,
,1923,0.42593333,
,1924,0.48252127,
,1925,0.48119095,
,1926,0.48042348,
,1927,0.44870177,
,1928,0.43020406,
,1929,0.4293056,
,1930,0.42833537,
,1931,0.4273488,
,1932,0.4261293,
,1933,0.42544776,
,1934,0.42411208,
,1935,0.4230536,
,1936,0.42217556,
,1937,0.4209869,
,1938,0.4209923,
,1939,0.4204133,
,1940,0.4207006,
,1941,0.4212158,
,1942,0.42340437,
,1943,0.44782287,
,1944,0.44965038,
,1945,0.4455305,
,1946,0.44133326,
,1947,0.463421,
,1948,0.43439743,
,1949,0.3912303,
,1950,0.2889357,
,1951,0.2948151,
,1952,0.29544523,
,1953,0.29387352,
,1954,0.2658779,
,1955,0.2629858,
,1956,0.26728627,
,1957,0.27192247,
,1958,0.27751225,
,1959,0.27555785,
,1960,0.27651563,
,1961,0.27571157,
,1962,0.280006,
,1963,0.28314933,
,1964,0.28344205,
,1965,0.2962119,
,1966,0.32584697,
,1967,0.33143646,
,1968,0.34668323,
,1969,0.34728637,
,1970,0.36096245,
,1971,0.38745594,
,1972,0.39065334,
,1973,0.39016974,
,1974,0.39352795,
,1975,0.39339316,
,1976,0.392036,
,1977,0.3989636,
,1978,0.4103066,
,1979,0.42407167,
,1980,0.45994362,
,1981,0.46601537,
,1982,0.46935815,
,1983,0.4864135,
,1984,0.4865438,
,1985,0.49447787,
,1986,0.4983894,
,1987,0.5143903,
,1988,0.5168638,
,1989,0.5204645,
,1990,0.5611021,
,1991,0.5597127,
,1992,0.5821814,
,1993,0.5947218,
,1994,0.60218906,
,1995,0.60397536,
,1996,0.6040943,
,1997,0.6013095,
,1998,0.59721965,
,1999,0.59867674,
,2000,0.5976867,
,2001,0.5978344,
,2002,0.6030963,
,2003,0.6042087,
,2004,0.60497576,
,2005,0.5955207,
,2006,0.59594595,
,2007,0.59489,
,2008,0.59898466,
,2009,0.6030826,
,2010,0.6115555,
,2011,0.6116816,
,2012,0.6090132,
,2013,0.5897882,
,2014,0.58788186,
,2015,0.59278536,
,2016,0.59340346,
,2017,0.59509,
,2018,0.59416485,
,2019,0.5922054,
,2020,0.6049129,
,2021,0.617405,
,2022,0.6155033,
,2023,0.63270545,
,2024,0.6341068,
AUS,1789,0.064,
AUS,1790,0.064,
AUS,1791,0.064,
AUS,1792,0.064,
AUS,1793,0.483,
AUS,1794,0.483,
AUS,1795,0.483,
AUS,1796,0.483,
AUS,1797,0.483,
AUS,1798,0.483,
AUS,1799,0.483,
AUS,1800,0.483,
AUS,1801,0.483,
AUS,1802,0.483,
AUS,1803,0.483,
AUS,1804,0.483,
AUS,1805,0.483,
AUS,1806,0.483,
AUS,1807,0.483,
AUS,1808,0.483,
AUS,1809,0.483,
AUS,1810,0.032,
AUS,1811,0.032,
AUS,1812,0.032,
AUS,1813,0.032,
AUS,1814,0.032,
AUS,1815,0.032,
AUS,1816,0.032,
AUS,1817,0.032,
AUS,1818,0.032,
AUS,1819,0.032,
AUS,1820,0.032,
AUS,1821,0.032,
AUS,1822,0.032,
AUS,1823,0.032,
AUS,1824,0.032,
AUS,1825,0.063,
AUS,1826,0.063,
AUS,1827,0.063,
AUS,1828,0.063,
AUS,1829,0.063,
AUS,1830,0.063,
AUS,1831,0.063,
AUS,1832,0.063,
AUS,1833,0.063,
AUS,1834,0.063,
AUS,1835,0.063,
AUS,1836,0.063,
AUS,1837,0.063,
AUS,1838,0.063,
AUS,1839,0.063,
AUS,1840,0.063,
AUS,1841,0.063,
AUS,1842,0.063,
AUS,1843,0.063,
AUS,1844,0.063,
AUS,1845,0.063,
AUS,1846,0.063,
AUS,1847,0.063,
AUS,1848,0.063,
AUS,1849,0.063,
AUS,1850,0.063,
AUS,1851,0.063,
AUS,1852,0.063,
AUS,1853,0.063,
AUS,1854,0.063,
AUS,1855,0.063,
AUS,1856,0.063,
AUS,1857,0.063,
AUS,1858,0.063,
AUS,1859,0.063,
AUS,1860,0.063,
AUS,1861,0.063,
AUS,1862,0.063,
AUS,1863,0.063,
AUS,1864,0.063,
AUS,1865,0.063,
AUS,1866,0.063,
AUS,1867,0.063,
AUS,1868,0.063,
AUS,1869,0.063,
AUS,1870,0.063,
AUS,1871,0.063,
AUS,1872,0.063,
AUS,1873,0.063,
AUS,1874,0.063,
AUS,1875,0.063,
AUS,1876,0.063,
AUS,1877,0.063,
AUS,1878,0.063,
AUS,1879,0.063,
AUS,1880,0.063,
AUS,1881,0.063,
AUS,1882,0.063,
AUS,1883,0.063,
AUS,1884,0.063,
AUS,1885,0.063,
AUS,1886,0.063,
AUS,1887,0.063,
AUS,1888,0.063,
AUS,1889,0.063,
AUS,1890,0.063,
AUS,1891,0.063,
AUS,1892,0.063,
AUS,1893,0.063,
AUS,1894,0.063,
AUS,1895,0.063,
AUS,1896,0.063,
AUS,1897,0.063,
AUS,1898,0.063,
AUS,1899,0.063,
AUS,1900,0.032,
AUS,1901,0.04,
AUS,1902,0.04,
AUS,1903,0.04,
AUS,1904,0.04,
AUS,1905,0.04,
AUS,1906,0.04,
AUS,1907,0.04,
AUS,1908,0.04,
AUS,1909,0.04,
AUS,1910,0.04,
AUS,1911,0.04,
AUS,1912,0.04,
AUS,1913,0.04,
AUS,1914,0.04,
AUS,1915,0.04,
AUS,1916,0.04,
AUS,1917,0.04,
AUS,1918,0.04,
AUS,1919,0.04,
AUS,1920,0.04,
AUS,1921,0.04,
AUS,1922,0.04,
AUS,1923,0.04,
AUS,1924,0.04,
AUS,1925,0.04,
AUS,1926,0.04,
AUS,1927,0.04,
AUS,1928,0.04,
AUS,1929,0.04,
AUS,1930,0.04,
AUS,1931,0.04,
AUS,1932,0.04,
AUS,1933,0.04,
AUS,1934,0.04,
AUS,1935,0.04,
AUS,1936,0.04,
AUS,1937,0.04,
AUS,1938,0.04,
AUS,1939,0.04,
AUS,1940,0.04,
AUS,1941,0.04,
AUS,1942,0.04,
AUS,1943,0.04,
AUS,1944,0.04,
AUS,1945,0.04,
AUS,1946,0.04,
AUS,1947,0.04,
AUS,1948,0.04,
AUS,1949,0.04,
AUS,1950,0.045,
AUS,1951,0.045,
AUS,1952,0.045,
AUS,1953,0.045,
AUS,1954,0.045,
AUS,1955,0.045,
AUS,1956,0.045,
AUS,1957,0.045,
AUS,1958,0.045,
AUS,1959,0.045,
AUS,1960,0.045,
AUS,1961,0.045,
AUS,1962,0.045,
AUS,1963,0.045,
AUS,1964,0.045,
AUS,1965,0.045,
AUS,1966,0.045,
AUS,1967,0.045,
AUS,1968,0.045,
AUS,1969,0.045,
AUS,1970,0.045,
AUS,1971,0.045,
AUS,1972,0.045,
AUS,1973,0.045,
AUS,1974,0.045,
AUS,1975,0.045,
AUS,1976,0.045,
AUS,1977,0.045,
AUS,1978,0.045,
AUS,1979,0.045,
AUS,1980,0.034,
AUS,1981,0.034,
AUS,1982,0.034,
AUS,1983,0.034,
AUS,1984,0.034,
AUS,1985,0.034,
AUS,1986,0.034,
AUS,1987,0.034,
AUS,1988,0.034,
AUS,1989,0.034,
AUS,1990,0.034,
AUS,1991,0.034,
AUS,1992,0.034,
AUS,1993,0.034,
AUS,1994,0.034,
AUS,1995,0.034,
AUS,1996,0.034,
AUS,1997,0.034,
AUS,1998,0.034,
AUS,1999,0.034,
AUS,2000,0.034,
AUS,2001,0.034,
AUS,2002,0.034,
AUS,2003,0.034,
AUS,2004,0.034,
AUS,2005,0.034,
AUS,2006,0.034,
AUS,2007,0.034,
AUS,2008,0.034,
AUS,2009,0.034,
AUS,2010,0.034,
AUS,2011,0.034,
AUS,2012,0.034,
AUS,2013,0.038,
AUS,2014,0.037,
AUS,2015,0.037,
AUS,2016,0.035,
AUS,2017,0.03,
AUS,2018,0.034,
AUS,2019,0.032,
AUS,2020,0.032,
AUS,2021,0.032,
AUS,2022,0.032,
AUS,2023,0.027,Oceania
AUS,2024,0.027,
AUT,1789,0.062,
AUT,1790,0.062,
AUT,1791,0.062,
AUT,1792,0.062,
AUT,1793,0.062,
AUT,1794,0.062,
AUT,1795,0.062,
AUT,1796,0.062,
AUT,1797,0.062,
AUT,1798,0.062,
AUT,1799,0.062,
AUT,1800,0.062,
AUT,1801,0.062,
AUT,1802,0.062,
AUT,1803,0.062,
AUT,1804,0.062,
AUT,1805,0.062,
AUT,1806,0.062,
AUT,1807,0.062,
AUT,1808,0.062,
AUT,1809,0.062,
AUT,1810,0.062,
AUT,1811,0.062,
AUT,1812,0.062,
AUT,1813,0.062,
AUT,1814,0.062,
AUT,1815,0.062,
AUT,1816,0.062,
AUT,1817,0.062,
AUT,1818,0.062,
AUT,1819,0.062,
AUT,1820,0.062,
AUT,1821,0.062,
AUT,1822,0.062,
AUT,1823,0.062,
AUT,1824,0.062,
AUT,1825,0.062,
AUT,1826,0.062,
AUT,1827,0.062,
AUT,1828,0.062,
AUT,1829,0.062,
AUT,1830,0.062,
AUT,1831,0.062,
AUT,1832,0.062,
AUT,1833,0.062,
AUT,1834,0.062,
AUT,1835,0.062,
AUT,1836,0.062,
AUT,1837,0.062,
AUT,1838,0.062,
AUT,1839,0.062,
AUT,1840,0.062,
AUT,1841,0.062,
AUT,1842,0.062,
AUT,1843,0.062,
AUT,1844,0.062,
AUT,1845,0.062,
AUT,1846,0.062,
AUT,1847,0.062,
AUT,1848,0.062,
AUT,1849,0.062,
AUT,1850,0.062,
AUT,1851,0.062,
AUT,1852,0.062,
AUT,1853,0.062,
AUT,1854,0.062,
AUT,1855,0.062,
AUT,1856,0.062,
AUT,1857,0.062,
AUT,1858,0.062,
AUT,1859,0.062,
AUT,1860,0.062,
AUT,1861,0.062,
AUT,1862,0.062,
AUT,1863,0.062,
AUT,1864,0.062,
AUT,1865,0.062,
AUT,1866,0.062,
AUT,1867,0.105,
AUT,1868,0.062,
AUT,1869,0.062,
AUT,1870,0.062,
AUT,1871,0.062,
AUT,1872,0.062,
AUT,1873,0.115,
AUT,1874,0.115,
AUT,1875,0.115,
AUT,1876,0.115,
AUT,1877,0.115,
AUT,1878,0.115,
AUT,1879,0.115,
AUT,1880,0.115,
AUT,1881,0.115,
AUT,1882,0.115,
AUT,1883,0.115,
AUT,1884,0.115,
AUT,1885,0.115,
AUT,1886,0.115,
AUT,1887,0.115,
AUT,1888,0.115,
AUT,1889,0.115,
AUT,1890,0.115,
AUT,1891,0.115,
AUT,1892,0.115,
AUT,1893,0.115,
AUT,1894,0.115,
AUT,1895,0.115,
AUT,1896,0.115,
AUT,1897,0.115,
AUT,1898,0.115,
AUT,1899,0.115,
AUT,1900,0.115,
AUT,1901,0.115,
AUT,1902,0.115,
AUT,1903,0.115,
AUT,1904,0.115,
AUT,1905,0.115,
AUT,1906,0.115,
AUT,1907,0.115,
AUT,1908,0.115,
AUT,1909,0.115,
AUT,1910,0.115,
AUT,1911,0.115,
AUT,1912,0.115,
AUT,1913,0.119,
AUT,1914,0.119,
AUT,1915,0.119,
AUT,1916,0.119,
AUT,1917,0.119,
AUT,1918,0.119,
AUT,1919,0.061,
AUT,1920,0.061,
AUT,1921,0.061,
AUT,1922,0.061,
AUT,1923,0.061,
AUT,1924,0.061,
AUT,1925,0.061,
AUT,1926,0.061,
AUT,1927,0.061,
AUT,1928,0.061,
AUT,1929,0.061,
AUT,1930,0.063,
AUT,1931,0.063,
AUT,1932,0.063,
AUT,1933,0.166,
AUT,1934,0.059,
AUT,1935,0.059,
AUT,1936,0.059,
AUT,1937,0.059,
AUT,1945,0.035,
AUT,1946,0.046,
AUT,1947,0.046,
AUT,1948,0.046,
AUT,1949,0.046,
AUT,1950,0.046,
AUT,1951,0.046,
AUT,1952,0.046,
AUT,1953,0.046,
AUT,1954,0.042,
AUT,1955,0.042,
AUT,1956,0.05,
AUT,1957,0.05,
AUT,1958,0.05,
AUT,1959,0.05,
AUT,1960,0.05,
AUT,1961,0.05,
AUT,1962,0.05,
AUT,1963,0.05,
AUT,1964,0.05,
AUT,1965,0.05,
AUT,1966,0.05,
AUT,1967,0.05,
AUT,1968,0.05,
AUT,1969,0.05,
AUT,1970,0.05,
AUT,1971,0.05,
AUT,1972,0.05,
AUT,1973,0.06,
AUT,1974,0.06,
AUT,1975,0.06,
AUT,1976,0.06,
AUT,1977,0.06,
AUT,1978,0.06,
AUT,1979,0.06,
AUT,1980,0.081,
AUT,1981,0.081,
AUT,1982,0.081,
AUT,1983,0.081,
AUT,1984,0.081,
AUT,1985,0.081,
AUT,1986,0.081,
AUT,1987,0.067,
AUT,1988,0.067,
AUT,1989,0.067,
AUT,1990,0.067,
AUT,1991,0.067,
AUT,1992,0.067,
AUT,1993,0.067,
AUT,1994,0.067,
AUT,1995,0.067,
AUT,1996,0.067,
AUT,1997,0.067,
AUT,1998,0.067,
AUT,1999,0.067,
AUT,2000,0.075,
AUT,2001,0.088,
AUT,2002,0.088,
AUT,2003,0.077,
AUT,2004,0.093,
AUT,2005,0.093,
AUT,2006,0.079,
AUT,2007,0.061,
AUT,2008,0.061,
AUT,2009,0.061,
AUT,2010,0.061,
AUT,2011,0.066,
AUT,2012,0.062,
AUT,2013,0.044,
AUT,2014,0.044,
AUT,2015,0.044,
AUT,2016,0.044,
AUT,2017,0.05,
AUT,2018,0.055,
AUT,2019,0.076,
AUT,2020,0.076,
AUT,2021,0.109,
AUT,2022,0.111,
AUT,2023,0.108,Europe
AUT,2024,0.108,
OWID_AUH,2023,,Europe
AZE,1990,0.66,
AZE,1991,0.66,
AZE,1992,0.634,
AZE,1993,0.841,
AZE,1994,0.929,
AZE,1995,0.929,
AZE,1996,0.929,
AZE,1997,0.929,
AZE,1998,0.953,
AZE,1999,0.953,
AZE,2000,0.958,
AZE,2001,0.958,
AZE,2002,0.958,
AZE,2003,0.958,
AZE,2004,0.958,
AZE,2005,0.958,
AZE,2006,0.958,
AZE,2007,0.957,
AZE,2008,0.956,
AZE,2009,0.956,
AZE,2010,0.951,
AZE,2011,0.951,
AZE,2012,0.948,
AZE,2013,0.947,
AZE,2014,0.947,
AZE,2015,0.947,
AZE,2016,0.942,
AZE,2017,0.944,
AZE,2018,0.939,
AZE,2019,0.924,
AZE,2020,0.935,
AZE,2021,0.912,
AZE,2022,0.912,
AZE,2023,0.88,Asia
AZE,2024,0.902,
OWID_BAD,1789,0.265,
OWID_BAD,1790,0.265,
OWID_BAD,1791,0.265,
OWID_BAD,1792,0.265,
OWID_BAD,1793,0.265,
OWID_BAD,1794,0.265,
OWID_BAD,1795,0.265,
OWID_BAD,1796,0.265,
OWID_BAD,1797,0.265,
OWID_BAD,1798,0.265,
OWID_BAD,1799,0.265,
OWID_BAD,1800,0.265,
OWID_BAD,1801,0.265,
OWID_BAD,1802,0.265,
OWID_BAD,1803,0.265,
OWID_BAD,1804,0.265,
OWID_BAD,1805,0.265,
OWID_BAD,1806,0.265,
OWID_BAD,1807,0.265,
OWID_BAD,1808,0.24,
OWID_BAD,1809,0.173,
OWID_BAD,1810,0.173,
OWID_BAD,1811,0.173,
OWID_BAD,1812,0.173,
OWID_BAD,1813,0.173,
OWID_BAD,1814,0.173,
OWID_BAD,1815,0.173,
OWID_BAD,1816,0.173,
OWID_BAD,1817,0.173,
OWID_BAD,1818,0.173,
OWID_BAD,1819,0.215,
OWID_BAD,1820,0.195,
OWID_BAD,1821,0.195,
OWID_BAD,1822,0.195,
OWID_BAD,1823,0.195,
OWID_BAD,1824,0.195,
OWID_BAD,1825,0.195,
OWID_BAD,1826,0.195,
OWID_BAD,1827,0.195,
OWID_BAD,1828,0.195,
OWID_BAD,1829,0.195,
OWID_BAD,1830,0.119,
OWID_BAD,1831,0.119,
OWID_BAD,1832,0.119,
OWID_BAD,1833,0.119,
OWID_BAD,1834,0.119,
OWID_BAD,1835,0.119,
OWID_BAD,1836,0.119,
OWID_BAD,1837,0.119,
OWID_BAD,1838,0.119,
OWID_BAD,1839,0.119,
OWID_BAD,1840,0.119,
OWID_BAD,1841,0.119,
OWID_BAD,1842,0.119,
OWID_BAD,1843,0.119,
OWID_BAD,1844,0.119,
OWID_BAD,1845,0.119,
OWID_BAD,1846,0.119,
OWID_BAD,1847,0.119,
OWID_BAD,1848,0.119,
OWID_BAD,1849,0.119,
OWID_BAD,1850,0.119,
OWID_BAD,1851,0.119,
OWID_BAD,1852,0.119,
OWID_BAD,1853,0.119,
OWID_BAD,1854,0.119,
OWID_BAD,1855,0.119,
OWID_BAD,1856,0.119,
OWID_BAD,1857,0.119,
OWID_BAD,1858,0.119,
OWID_BAD,1859,0.119,
OWID_BAD,1860,0.119,
OWID_BAD,1861,0.119,
OWID_BAD,1862,0.119,
OWID_BAD,1863,0.119,
OWID_BAD,1864,0.119,
OWID_BAD,1865,0.119,
OWID_BAD,1866,0.119,
OWID_BAD,1867,0.119,
OWID_BAD,1868,0.119,
OWID_BAD,1869,0.119,
OWID_BAD,1870,0.119,
BHS,2023,,North America
BHR,2005,0.553,
BHR,2006,0.553,
BHR,2007,0.553,
BHR,2008,0.553,
BHR,2009,0.553,
BHR,2010,0.553,
BHR,2011,0.553,
BHR,2012,0.555,
BHR,2013,0.555,
BHR,2014,0.555,
BHR,2015,0.555,
BHR,2016,0.555,
BHR,2017,0.555,
BHR,2018,0.552,
BHR,2019,0.552,
BHR,2020,0.552,
BHR,2021,0.542,
BHR,2022,0.542,
BHR,2023,0.505,Asia
BHR,2024,0.505,
BGD,1971,0.713,
BGD,1972,0.733,
BGD,1973,0.649,
BGD,1974,0.73,
BGD,1975,0.763,
BGD,1976,0.793,
BGD,1977,0.793,
BGD,1978,0.793,
BGD,1979,0.772,
BGD,1980,0.765,
BGD,1981,0.765,
BGD,1982,0.806,
BGD,1983,0.851,
BGD,1984,0.851,
BGD,1985,0.851,
BGD,1986,0.851,
BGD,1987,0.87,
BGD,1988,0.87,
BGD,1989,0.87,
BGD,1990,0.87,
BGD,1991,0.79,
BGD,1992,0.816,
BGD,1993,0.816,
BGD,1994,0.816,
BGD,1995,0.816,
BGD,1996,0.797,
BGD,1997,0.797,
BGD,1998,0.797,
BGD,1999,0.797,
BGD,2000,0.806,
BGD,2001,0.806,
BGD,2002,0.842,
BGD,2003,0.842,
BGD,2004,0.842,
BGD,2005,0.842,
BGD,2006,0.842,
BGD,2007,0.794,
BGD,2008,0.794,
BGD,2009,0.903,
BGD,2010,0.914,
BGD,2011,0.914,
BGD,2012,0.914,
BGD,2013,0.899,
BGD,2014,0.898,
BGD,2015,0.885,
BGD,2016,0.888,
BGD,2017,0.895,
BGD,2018,0.9,
BGD,2019,0.901,
BGD,2020,0.896,
BGD,2021,0.907,
BGD,2022,0.918,
BGD,2023,0.909,Asia
BGD,2024,0.908,
BRB,1900,0.157,
BRB,1901,0.157,
BRB,1902,0.157,
BRB,1903,0.157,
BRB,1904,0.157,
BRB,1905,0.157,
BRB,1906,0.157,
BRB,1907,0.157,
BRB,1908,0.157,
BRB,1909,0.157,
BRB,1910,0.157,
BRB,1911,0.157,
BRB,1912,0.157,
BRB,1913,0.157,
BRB,1914,0.157,
BRB,1915,0.157,
BRB,1916,0.157,
BRB,1917,0.157,
BRB,1918,0.157,
BRB,1919,0.157,
BRB,1920,0.157,
BRB,1921,0.157,
BRB,1922,0.157,
BRB,1923,0.157,
BRB,1924,0.157,
BRB,1925,0.157,
BRB,1926,0.157,
BRB,1927,0.157,
BRB,1928,0.157,
BRB,1929,0.157,
BRB,1930,0.157,
BRB,1931,0.157,
BRB,1932,0.157,
BRB,1933,0.157,
BRB,1934,0.157,
BRB,1935,0.157,
BRB,1936,0.157,
BRB,1937,0.157,
BRB,1938,0.157,
BRB,1939,0.157,
BRB,1940,0.157,
BRB,1941,0.157,
BRB,1942,0.157,
BRB,1943,0.157,
BRB,1944,0.157,
BRB,1945,0.157,
BRB,1946,0.157,
BRB,1947,0.157,
BRB,1948,0.157,
BRB,1949,0.157,
BRB,1950,0.157,
BRB,1951,0.157,
BRB,1952,0.157,
BRB,1953,0.157,
BRB,1954,0.157,
BRB,1955,0.157,
BRB,1956,0.097,
BRB,1957,0.097,
BRB,1958,0.097,
BRB,1959,0.097,
BRB,1960,0.097,
BRB,1961,0.097,
BRB,1962,0.097,
BRB,1963,0.097,
BRB,1964,0.097,
BRB,1965,0.097,
BRB,1966,0.111,
BRB,1967,0.111,
BRB,1968,0.111,
BRB,1969,0.111,
BRB,1970,0.111,
BRB,1971,0.111,
BRB,1972,0.085,
BRB,1973,0.085,
BRB,1974,0.085,
BRB,1975,0.085,
BRB,1976,0.085,
BRB,1977,0.085,
BRB,1978,0.085,
BRB,1979,0.085,
BRB,1980,0.085,
BRB,1981,0.085,
BRB,1982,0.085,
BRB,1983,0.085,
BRB,1984,0.085,
BRB,1985,0.085,
BRB,1986,0.085,
BRB,1987,0.085,
BRB,1988,0.085,
BRB,1989,0.085,
BRB,1990,0.085,
BRB,1991,0.085,
BRB,1992,0.087,
BRB,1993,0.087,
BRB,1994,0.087,
BRB,1995,0.087,
BRB,1996,0.087,
BRB,1997,0.087,
BRB,1998,0.087,
BRB,1999,0.087,
BRB,2000,0.087,
BRB,2001,0.087,
BRB,2002,0.087,
BRB,2003,0.087,
BRB,2004,0.087,
BRB,2005,0.087,
BRB,2006,0.087,
BRB,2007,0.087,
BRB,2008,0.087,
BRB,2009,0.087,
BRB,2010,0.093,
BRB,2011,0.093,
BRB,2012,0.093,
BRB,2013,0.093,
BRB,2014,0.093,
BRB,2015,0.108,
BRB,2016,0.117,
BRB,2017,0.117,
BRB,2018,0.085,
BRB,2019,0.073,
BRB,2020,0.073,
BRB,2021,0.061,
BRB,2022,0.061,
BRB,2023,0.061,North America
BRB,2024,0.07,
OWID_BAV,1789,0.761,
OWID_BAV,1790,0.761,
OWID_BAV,1791,0.761,
OWID_BAV,1792,0.761,
OWID_BAV,1793,0.761,
OWID_BAV,1794,0.761,
OWID_BAV,1795,0.761,
OWID_BAV,1796,0.761,
OWID_BAV,1797,0.761,
OWID_BAV,1798,0.761,
OWID_BAV,1799,0.761,
OWID_BAV,1800,0.761,
OWID_BAV,1801,0.761,
OWID_BAV,1802,0.761,
OWID_BAV,1803,0.761,
OWID_BAV,1804,0.761,
OWID_BAV,1805,0.244,
OWID_BAV,1806,0.216,
OWID_BAV,1807,0.216,
OWID_BAV,1808,0.216,
OWID_BAV,1809,0.216,
OWID_BAV,1810,0.216,
OWID_BAV,1811,0.216,
OWID_BAV,1812,0.216,
OWID_BAV,1813,0.216,
OWID_BAV,1814,0.216,
OWID_BAV,1815,0.216,
OWID_BAV,1816,0.216,
OWID_BAV,1817,0.216,
OWID_BAV,1818,0.248,
OWID_BAV,1819,0.269,
OWID_BAV,1820,0.269,
OWID_BAV,1821,0.269,
OWID_BAV,1822,0.269,
OWID_BAV,1823,0.269,
OWID_BAV,1824,0.269,
OWID_BAV,1825,0.269,
OWID_BAV,1826,0.269,
OWID_BAV,1827,0.269,
OWID_BAV,1828,0.269,
OWID_BAV,1829,0.269,
OWID_BAV,1830,0.269,
OWID_BAV,1831,0.269,
OWID_BAV,1832,0.269,
OWID_BAV,1833,0.269,
OWID_BAV,1834,0.269,
OWID_BAV,1835,0.269,
OWID_BAV,1836,0.269,
OWID_BAV,1837,0.269,
OWID_BAV,1838,0.269,
OWID_BAV,1839,0.269,
OWID_BAV,1840,0.269,
OWID_BAV,1841,0.269,
OWID_BAV,1842,0.269,
OWID_BAV,1843,0.269,
OWID_BAV,1844,0.269,
OWID_BAV,1845,0.269,
OWID_BAV,1846,0.269,
OWID_BAV,1847,0.269,
OWID_BAV,1848,0.269,
OWID_BAV,1849,0.269,
OWID_BAV,1850,0.269,
OWID_BAV,1851,0.269,
OWID_BAV,1852,0.269,
OWID_BAV,1853,0.269,
OWID_BAV,1854,0.269,
OWID_BAV,1855,0.269,
OWID_BAV,1856,0.269,
OWID_BAV,1857,0.269,
OWID_BAV,1858,0.269,
OWID_BAV,1859,0.269,
OWID_BAV,1860,0.269,
OWID_BAV,1861,0.269,
OWID_BAV,1862,0.269,
OWID_BAV,1863,0.269,
OWID_BAV,1864,0.269,
OWID_BAV,1865,0.269,
OWID_BAV,1866,0.269,
OWID_BAV,1867,0.269,
OWID_BAV,1868,0.269,
OWID_BAV,1869,0.269,
OWID_BAV,1870,0.269,
BLR,1990,0.413,
BLR,1991,0.419,
BLR,1992,0.421,
BLR,1993,0.457,
BLR,1994,0.488,
BLR,1995,0.474,
BLR,1996,0.473,
BLR,1997,0.398,
BLR,1998,0.398,
BLR,1999,0.37,
BLR,2000,0.37,
BLR,2001,0.358,
BLR,2002,0.358,
BLR,2003,0.358,
BLR,2004,0.358,
BLR,2005,0.358,
BLR,2006,0.358,
BLR,2007,0.358,
BLR,2008,0.358,
BLR,2009,0.358,
BLR,2010,0.358,
BLR,2011,0.358,
BLR,2012,0.358,
BLR,2013,0.345,
BLR,2014,0.345,
BLR,2015,0.345,
BLR,2016,0.329,
BLR,2017,0.334,
BLR,2018,0.334,
BLR,2019,0.331,
BLR,2020,0.371,
BLR,2021,0.371,
BLR,2022,0.411,
BLR,2023,0.419,Europe
BLR,2024,0.419,
BEL,1789,0.093,
BEL,1790,0.093,
BEL,1791,0.093,
BEL,1792,0.093,
BEL,1793,0.093,
BEL,1794,0.093,
BEL,1795,0.093,
BEL,1830,0.029,
BEL,1831,0.046,
BEL,1832,0.046,
BEL,1833,0.046,
BEL,1834,0.046,
BEL,1835,0.046,
BEL,1836,0.046,
BEL,1837,0.046,
BEL,1838,0.046,
BEL,1839,0.046,
BEL,1840,0.046,
BEL,1841,0.046,
BEL,1842,0.046,
BEL,1843,0.046,
BEL,1844,0.046,
BEL,1845,0.046,
BEL,1846,0.046,
BEL,1847,0.046,
BEL,1848,0.046,
BEL,1849,0.046,
BEL,1850,0.046,
BEL,1851,0.046,
BEL,1852,0.046,
BEL,1853,0.046,
BEL,1854,0.046,
BEL,1855,0.046,
BEL,1856,0.046,
BEL,1857,0.046,
BEL,1858,0.046,
BEL,1859,0.046,
BEL,1860,0.046,
BEL,1861,0.046,
BEL,1862,0.046,
BEL,1863,0.046,
BEL,1864,0.046,
BEL,1865,0.046,
BEL,1866,0.046,
BEL,1867,0.046,
BEL,1868,0.046,
BEL,1869,0.046,
BEL,1870,0.046,
BEL,1871,0.046,
BEL,1872,0.046,
BEL,1873,0.046,
BEL,1874,0.046,
BEL,1875,0.046,
BEL,1876,0.046,
BEL,1877,0.046,
BEL,1878,0.046,
BEL,1879,0.046,
BEL,1880,0.046,
BEL,1881,0.046,
BEL,1882,0.046,
BEL,1883,0.046,
BEL,1884,0.046,
BEL,1885,0.046,
BEL,1886,0.046,
BEL,1887,0.046,
BEL,1888,0.046,
BEL,1889,0.046,
BEL,1890,0.046,
BEL,1891,0.046,
BEL,1892,0.046,
BEL,1893,0.046,
BEL,1894,0.046,
BEL,1895,0.046,
BEL,1896,0.046,
BEL,1897,0.046,
BEL,1898,0.046,
BEL,1899,0.046,
BEL,1900,0.046,
BEL,1901,0.046,
BEL,1902,0.046,
BEL,1903,0.046,
BEL,1904,0.046,
BEL,1905,0.046,
BEL,1906,0.046,
BEL,1907,0.046,
BEL,1908,0.046,
BEL,1909,0.046,
BEL,1910,0.046,
BEL,1911,0.046,
BEL,1912,0.046,
BEL,1913,0.046,
BEL,1914,0.046,
BEL,1915,0.029,
BEL,1916,0.029,
BEL,1917,0.029,
BEL,1918,0.029,
BEL,1919,0.032,
BEL,1920,0.048,
BEL,1921,0.048,
BEL,1922,0.048,
BEL,1923,0.048,
BEL,1924,0.048,
BEL,1925,0.048,
BEL,1926,0.048,
BEL,1927,0.048,
BEL,1928,0.048,
BEL,1929,0.048,
BEL,1930,0.048,
BEL,1931,0.048,
BEL,1932,0.048,
BEL,1933,0.048,
BEL,1934,0.048,
BEL,1935,0.048,
BEL,1936,0.048,
BEL,1937,0.048,
BEL,1938,0.048,
BEL,1939,0.048,
BEL,1940,0.048,
BEL,1941,0.029,
BEL,1942,0.029,
BEL,1943,0.029,
BEL,1944,0.033,
BEL,1945,0.04,
BEL,1946,0.04,
BEL,1947,0.04,
BEL,1948,0.04,
BEL,1949,0.04,
BEL,1950,0.04,
BEL,1951,0.04,
BEL,1952,0.04,
BEL,1953,0.04,
BEL,1954,0.04,
BEL,1955,0.04,
BEL,1956,0.04,
BEL,1957,0.04,
BEL,1958,0.04,
BEL,1959,0.04,
BEL,1960,0.04,
BEL,1961,0.04,
BEL,1962,0.04,
BEL,1963,0.04,
BEL,1964,0.04,
BEL,1965,0.04,
BEL,1966,0.04,
BEL,1967,0.04,
BEL,1968,0.04,
BEL,1969,0.04,
BEL,1970,0.04,
BEL,1971,0.04,
BEL,1972,0.04,
BEL,1973,0.04,
BEL,1974,0.04,
BEL,1975,0.04,
BEL,1976,0.04,
BEL,1977,0.04,
BEL,1978,0.04,
BEL,1979,0.04,
BEL,1980,0.04,
BEL,1981,0.04,
BEL,1982,0.04,
BEL,1983,0.04,
BEL,1984,0.04,
BEL,1985,0.04,
BEL,1986,0.04,
BEL,1987,0.04,
BEL,1988,0.04,
BEL,1989,0.04,
BEL,1990,0.046,
BEL,1991,0.046,
BEL,1992,0.046,
BEL,1993,0.046,
BEL,1994,0.046,
BEL,1995,0.046,
BEL,1996,0.046,
BEL,1997,0.031,
BEL,1998,0.031,
BEL,1999,0.031,
BEL,2000,0.031,
BEL,2001,0.031,
BEL,2002,0.031,
BEL,2003,0.031,
BEL,2004,0.031,
BEL,2005,0.031,
BEL,2006,0.031,
BEL,2007,0.031,
BEL,2008,0.031,
BEL,2009,0.031,
BEL,2010,0.031,
BEL,2011,0.031,
BEL,2012,0.031,
BEL,2013,0.031,
BEL,2014,0.031,
BEL,2015,0.031,
BEL,2016,0.031,
BEL,2017,0.031,
BEL,2018,0.031,
BEL,2019,0.031,
BEL,2020,0.031,
BEL,2021,0.031,
BEL,2022,0.031,
BEL,2023,0.031,Europe
BEL,2024,0.031,
BLZ,2023,,North America
BEN,1900,0.483,
BEN,1901,0.483,
BEN,1902,0.483,
BEN,1903,0.483,
BEN,1904,0.483,
BEN,1905,0.483,
BEN,1906,0.483,
BEN,1907,0.483,
BEN,1908,0.483,
BEN,1909,0.483,
BEN,1910,0.483,
BEN,1911,0.483,
BEN,1912,0.483,
BEN,1913,0.483,
BEN,1914,0.483,
BEN,1915,0.483,
BEN,1916,0.483,
BEN,1917,0.483,
BEN,1918,0.483,
BEN,1919,0.483,
BEN,1920,0.483,
BEN,1921,0.483,
BEN,1922,0.483,
BEN,1923,0.483,
BEN,1924,0.483,
BEN,1925,0.483,
BEN,1926,0.483,
BEN,1927,0.483,
BEN,1928,0.483,
BEN,1929,0.483,
BEN,1930,0.483,
BEN,1931,0.483,
BEN,1932,0.483,
BEN,1933,0.483,
BEN,1934,0.483,
BEN,1935,0.483,
BEN,1936,0.483,
BEN,1937,0.483,
BEN,1938,0.483,
BEN,1939,0.483,
BEN,1940,0.483,
BEN,1941,0.483,
BEN,1942,0.483,
BEN,1943,0.483,
BEN,1944,0.483,
BEN,1945,0.483,
BEN,1946,0.483,
BEN,1947,0.483,
BEN,1948,0.483,
BEN,1949,0.483,
BEN,1950,0.483,
BEN,1951,0.483,
BEN,1952,0.483,
BEN,1953,0.457,
BEN,1954,0.457,
BEN,1955,0.457,
BEN,1956,0.457,
BEN,1957,0.457,
BEN,1958,0.457,
BEN,1959,0.457,
BEN,1960,0.55,
BEN,1961,0.55,
BEN,1962,0.55,
BEN,1963,0.55,
BEN,1964,0.55,
BEN,1965,0.665,
BEN,1966,0.665,
BEN,1967,0.665,
BEN,1968,0.665,
BEN,1969,0.665,
BEN,1970,0.665,
BEN,1971,0.665,
BEN,1972,0.692,
BEN,1973,0.534,
BEN,1974,0.534,
BEN,1975,0.534,
BEN,1976,0.534,
BEN,1977,0.534,
BEN,1978,0.534,
BEN,1979,0.534,
BEN,1980,0.441,
BEN,1981,0.441,
BEN,1982,0.441,
BEN,1983,0.441,
BEN,1984,0.441,
BEN,1985,0.441,
BEN,1986,0.441,
BEN,1987,0.45,
BEN,1988,0.45,
BEN,1989,0.45,
BEN,1990,0.566,
BEN,1991,0.541,
BEN,1992,0.587,
BEN,1993,0.587,
BEN,1994,0.587,
BEN,1995,0.587,
BEN,1996,0.606,
BEN,1997,0.643,
BEN,1998,0.643,
BEN,1999,0.643,
BEN,2000,0.643,
BEN,2001,0.643,
BEN,2002,0.643,
BEN,2003,0.643,
BEN,2004,0.643,
BEN,2005,0.606,
BEN,2006,0.608,
BEN,2007,0.608,
BEN,2008,0.607,
BEN,2009,0.607,
BEN,2010,0.607,
BEN,2011,0.607,
BEN,2012,0.607,
BEN,2013,0.513,
BEN,2014,0.513,
BEN,2015,0.524,
BEN,2016,0.392,
BEN,2017,0.318,
BEN,2018,0.373,
BEN,2019,0.378,
BEN,2020,0.183,
BEN,2021,0.181,
BEN,2022,0.183,
BEN,2023,0.179,Africa
BEN,2024,0.187,
BMU,2023,,North America
BTN,1900,0.385,
BTN,1901,0.385,
BTN,1902,0.385,
BTN,1903,0.385,
BTN,1904,0.385,
BTN,1905,0.385,
BTN,1906,0.385,
BTN,1907,0.251,
BTN,1908,0.251,
BTN,1909,0.251,
BTN,1910,0.251,
BTN,1911,0.251,
BTN,1912,0.251,
BTN,1913,0.251,
BTN,1914,0.251,
BTN,1915,0.251,
BTN,1916,0.251,
BTN,1917,0.251,
BTN,1918,0.251,
BTN,1919,0.251,
BTN,1920,0.251,
BTN,1921,0.251,
BTN,1922,0.251,
BTN,1923,0.251,
BTN,1924,0.251,
BTN,1925,0.251,
BTN,1926,0.245,
BTN,1927,0.245,
BTN,1928,0.245,
BTN,1929,0.245,
BTN,1930,0.245,
BTN,1931,0.245,
BTN,1932,0.245,
BTN,1933,0.245,
BTN,1934,0.245,
BTN,1935,0.245,
BTN,1936,0.245,
BTN,1937,0.245,
BTN,1938,0.245,
BTN,1939,0.245,
BTN,1940,0.245,
BTN,1941,0.245,
BTN,1942,0.245,
BTN,1943,0.245,
BTN,1944,0.245,
BTN,1945,0.245,
BTN,1946,0.245,
BTN,1947,0.245,
BTN,1948,0.245,
BTN,1949,0.245,
BTN,1950,0.245,
BTN,1951,0.245,
BTN,1952,0.214,
BTN,1953,0.204,
BTN,1954,0.204,
BTN,1955,0.204,
BTN,1956,0.204,
BTN,1957,0.204,
BTN,1958,0.204,
BTN,1959,0.176,
BTN,1960,0.176,
BTN,1961,0.176,
BTN,1962,0.176,
BTN,1963,0.176,
BTN,1964,0.176,
BTN,1965,0.176,
BTN,1966,0.176,
BTN,1967,0.176,
BTN,1968,0.176,
BTN,1969,0.176,
BTN,1970,0.176,
BTN,1971,0.176,
BTN,1972,0.172,
BTN,1973,0.172,
BTN,1974,0.172,
BTN,1975,0.172,
BTN,1976,0.172,
BTN,1977,0.172,
BTN,1978,0.172,
BTN,1979,0.172,
BTN,1980,0.172,
BTN,1981,0.172,
BTN,1982,0.172,
BTN,1983,0.172,
BTN,1984,0.172,
BTN,1985,0.172,
BTN,1986,0.172,
BTN,1987,0.172,
BTN,1988,0.172,
BTN,1989,0.172,
BTN,1990,0.172,
BTN,1991,0.172,
BTN,1992,0.164,
BTN,1993,0.164,
BTN,1994,0.164,
BTN,1995,0.164,
BTN,1996,0.164,
BTN,1997,0.164,
BTN,1998,0.173,
BTN,1999,0.177,
BTN,2000,0.177,
BTN,2001,0.177,
BTN,2002,0.149,
BTN,2003,0.142,
BTN,2004,0.137,
BTN,2005,0.137,
BTN,2006,0.13,
BTN,2007,0.13,
BTN,2008,0.093,
BTN,2009,0.09,
BTN,2010,0.09,
BTN,2011,0.09,
BTN,2012,0.09,
BTN,2013,0.098,
BTN,2014,0.098,
BTN,2015,0.098,
BTN,2016,0.107,
BTN,2017,0.107,
BTN,2018,0.107,
BTN,2019,0.107,
BTN,2020,0.108,
BTN,2021,0.116,
BTN,2022,0.129,
BTN,2023,0.129,Asia
BTN,2024,0.155,
BOL,1825,0.642,
BOL,1826,0.609,
BOL,1827,0.609,
BOL,1828,0.609,
BOL,1829,0.609,
BOL,1830,0.609,
BOL,1831,0.609,
BOL,1832,0.609,
BOL,1833,0.609,
BOL,1834,0.609,
BOL,1835,0.609,
BOL,1836,0.609,
BOL,1837,0.609,
BOL,1838,0.609,
BOL,1839,0.609,
BOL,1840,0.738,
BOL,1841,0.738,
BOL,1842,0.738,
BOL,1843,0.738,
BOL,1844,0.738,
BOL,1845,0.738,
BOL,1846,0.738,
BOL,1847,0.738,
BOL,1848,0.738,
BOL,1849,0.738,
BOL,1850,0.738,
BOL,1851,0.738,
BOL,1852,0.738,
BOL,1853,0.738,
BOL,1854,0.738,
BOL,1855,0.738,
BOL,1856,0.738,
BOL,1857,0.738,
BOL,1858,0.738,
BOL,1859,0.738,
BOL,1860,0.738,
BOL,1861,0.738,
BOL,1862,0.738,
BOL,1863,0.771,
BOL,1864,0.915,
BOL,1865,0.915,
BOL,1866,0.915,
BOL,1867,0.915,
BOL,1868,0.915,
BOL,1869,0.915,
BOL,1870,0.794,
BOL,1871,0.748,
BOL,1872,0.684,
BOL,1873,0.684,
BOL,1874,0.684,
BOL,1875,0.684,
BOL,1876,0.749,
BOL,1877,0.749,
BOL,1878,0.749,
BOL,1879,0.749,
BOL,1880,0.683,
BOL,1881,0.683,
BOL,1882,0.683,
BOL,1883,0.683,
BOL,1884,0.622,
BOL,1885,0.622,
BOL,1886,0.622,
BOL,1887,0.622,
BOL,1888,0.622,
BOL,1889,0.622,
BOL,1890,0.622,
BOL,1891,0.622,
BOL,1892,0.622,
BOL,1893,0.622,
BOL,1894,0.622,
BOL,1895,0.622,
BOL,1896,0.622,
BOL,1897,0.622,
BOL,1898,0.622,
BOL,1899,0.622,
BOL,1900,0.741,
BOL,1901,0.741,
BOL,1902,0.741,
BOL,1903,0.741,
BOL,1904,0.741,
BOL,1905,0.741,
BOL,1906,0.741,
BOL,1907,0.741,
BOL,1908,0.741,
BOL,1909,0.741,
BOL,1910,0.741,
BOL,1911,0.741,
BOL,1912,0.741,
BOL,1913,0.741,
BOL,1914,0.741,
BOL,1915,0.741,
BOL,1916,0.741,
BOL,1917,0.741,
BOL,1918,0.741,
BOL,1919,0.741,
BOL,1920,0.741,
BOL,1921,0.741,
BOL,1922,0.741,
BOL,1923,0.741,
BOL,1924,0.741,
BOL,1925,0.741,
BOL,1926,0.741,
BOL,1927,0.741,
BOL,1928,0.741,
BOL,1929,0.741,
BOL,1930,0.741,
BOL,1931,0.746,
BOL,1932,0.746,
BOL,1933,0.746,
BOL,1934,0.746,
BOL,1935,0.744,
BOL,1936,0.729,
BOL,1937,0.759,
BOL,1938,0.748,
BOL,1939,0.759,
BOL,1940,0.762,
BOL,1941,0.762,
BOL,1942,0.762,
BOL,1943,0.752,
BOL,1944,0.75,
BOL,1945,0.758,
BOL,1946,0.75,
BOL,1947,0.761,
BOL,1948,0.761,
BOL,1949,0.761,
BOL,1950,0.761,
BOL,1951,0.761,
BOL,1952,0.788,
BOL,1953,0.773,
BOL,1954,0.773,
BOL,1955,0.773,
BOL,1956,0.773,
BOL,1957,0.773,
BOL,1958,0.773,
BOL,1959,0.773,
BOL,1960,0.773,
BOL,1961,0.773,
BOL,1962,0.773,
BOL,1963,0.773,
BOL,1964,0.78,
BOL,1965,0.821,
BOL,1966,0.828,
BOL,1967,0.816,
BOL,1968,0.816,
BOL,1969,0.84,
BOL,1970,0.834,
BOL,1971,0.849,
BOL,1972,0.849,
BOL,1973,0.849,
BOL,1974,0.849,
BOL,1975,0.849,
BOL,1976,0.849,
BOL,1977,0.849,
BOL,1978,0.849,
BOL,1979,0.824,
BOL,1980,0.835,
BOL,1981,0.87,
BOL,1982,0.749,
BOL,1983,0.725,
BOL,1984,0.713,
BOL,1985,0.72,
BOL,1986,0.712,
BOL,1987,0.695,
BOL,1988,0.695,
BOL,1989,0.695,
BOL,1990,0.696,
BOL,1991,0.696,
BOL,1992,0.696,
BOL,1993,0.696,
BOL,1994,0.694,
BOL,1995,0.694,
BOL,1996,0.694,
BOL,1997,0.716,
BOL,1998,0.716,
BOL,1999,0.716,
BOL,2000,0.716,
BOL,2001,0.716,
BOL,2002,0.723,
BOL,2003,0.717,
BOL,2004,0.668,
BOL,2005,0.671,
BOL,2006,0.698,
BOL,2007,0.698,
BOL,2008,0.698,
BOL,2009,0.698,
BOL,2010,0.724,
BOL,2011,0.724,
BOL,2012,0.724,
BOL,2013,0.696,
BOL,2014,0.696,
BOL,2015,0.662,
BOL,2016,0.664,
BOL,2017,0.661,
BOL,2018,0.654,
BOL,2019,0.67,
BOL,2020,0.652,
BOL,2021,0.574,
BOL,2022,0.671,
BOL,2023,0.604,South America
BOL,2024,0.655,
BES,2023,,North America
BIH,1992,0.448,
BIH,1993,0.448,
BIH,1994,0.576,
BIH,1995,0.594,
BIH,1996,0.716,
BIH,1997,0.716,
BIH,1998,0.706,
BIH,1999,0.706,
BIH,2000,0.706,
BIH,2001,0.662,
BIH,2002,0.662,
BIH,2003,0.662,
BIH,2004,0.681,
BIH,2005,0.681,
BIH,2006,0.681,
BIH,2007,0.681,
BIH,2008,0.678,
BIH,2009,0.677,
BIH,2010,0.674,
BIH,2011,0.674,
BIH,2012,0.674,
BIH,2013,0.672,
BIH,2014,0.672,
BIH,2015,0.67,
BIH,2016,0.7,
BIH,2017,0.707,
BIH,2018,0.692,
BIH,2019,0.751,
BIH,2020,0.735,
BIH,2021,0.758,
BIH,2022,0.757,
BIH,2023,0.732,Europe
BIH,2024,0.763,
BWA,1900,0.051,
BWA,1901,0.051,
BWA,1902,0.051,
BWA,1903,0.051,
BWA,1904,0.051,
BWA,1905,0.051,
BWA,1906,0.051,
BWA,1907,0.051,
BWA,1908,0.051,
BWA,1909,0.051,
BWA,1910,0.051,
BWA,1911,0.051,
BWA,1912,0.051,
BWA,1913,0.051,
BWA,1914,0.051,
BWA,1915,0.051,
BWA,1916,0.051,
BWA,1917,0.051,
BWA,1918,0.051,
BWA,1919,0.051,
BWA,1920,0.051,
BWA,1921,0.051,
BWA,1922,0.051,
BWA,1923,0.051,
BWA,1924,0.051,
BWA,1925,0.051,
BWA,1926,0.051,
BWA,1927,0.051,
BWA,1928,0.051,
BWA,1929,0.051,
BWA,1930,0.051,
BWA,1931,0.051,
BWA,1932,0.051,
BWA,1933,0.051,
BWA,1934,0.051,
BWA,1935,0.051,
BWA,1936,0.051,
BWA,1937,0.051,
BWA,1938,0.051,
BWA,1939,0.051,
BWA,1940,0.051,
BWA,1941,0.051,
BWA,1942,0.051,
BWA,1943,0.051,
BWA,1944,0.051,
BWA,1945,0.051,
BWA,1946,0.051,
BWA,1947,0.051,
BWA,1948,0.051,
BWA,1949,0.051,
BWA,1950,0.051,
BWA,1951,0.051,
BWA,1952,0.051,
BWA,1953,0.051,
BWA,1954,0.051,
BWA,1955,0.051,
BWA,1956,0.051,
BWA,1957,0.051,
BWA,1958,0.051,
BWA,1959,0.051,
BWA,1960,0.054,
BWA,1961,0.054,
BWA,1962,0.047,
BWA,1963,0.047,
BWA,1964,0.047,
BWA,1965,0.047,
BWA,1966,0.187,
BWA,1967,0.187,
BWA,1968,0.187,
BWA,1969,0.187,
BWA,1970,0.187,
BWA,1971,0.187,
BWA,1972,0.187,
BWA,1973,0.187,
BWA,1974,0.187,
BWA,1975,0.187,
BWA,1976,0.187,
BWA,1977,0.187,
BWA,1978,0.187,
BWA,1979,0.187,
BWA,1980,0.187,
BWA,1981,0.175,
BWA,1982,0.175,
BWA,1983,0.175,
BWA,1984,0.175,
BWA,1985,0.175,
BWA,1986,0.175,
BWA,1987,0.175,
BWA,1988,0.138,
BWA,1989,0.138,
BWA,1990,0.138,
BWA,1991,0.138,
BWA,1992,0.138,
BWA,1993,0.138,
BWA,1994,0.138,
BWA,1995,0.138,
BWA,1996,0.138,
BWA,1997,0.138,
BWA,1998,0.138,
BWA,1999,0.138,
BWA,2000,0.146,
BWA,2001,0.146,
BWA,2002,0.146,
BWA,2003,0.146,
BWA,2004,0.146,
BWA,2005,0.146,
BWA,2006,0.146,
BWA,2007,0.146,
BWA,2008,0.15,
BWA,2009,0.15,
BWA,2010,0.15,
BWA,2011,0.15,
BWA,2012,0.146,
BWA,2013,0.137,
BWA,2014,0.143,
BWA,2015,0.152,
BWA,2016,0.152,
BWA,2017,0.13,
BWA,2018,0.147,
BWA,2019,0.131,
BWA,2020,0.096,
BWA,2021,0.159,
BWA,2022,0.275,
BWA,2023,0.24,Africa
BWA,2024,0.24,
BRA,1789,0.722,
BRA,1790,0.722,
BRA,1791,0.722,
BRA,1792,0.722,
BRA,1793,0.722,
BRA,1794,0.722,
BRA,1795,0.722,
BRA,1796,0.722,
BRA,1797,0.722,
BRA,1798,0.722,
BRA,1799,0.722,
BRA,1800,0.722,
BRA,1801,0.722,
BRA,1802,0.722,
BRA,1803,0.722,
BRA,1804,0.722,
BRA,1805,0.722,
BRA,1806,0.722,
BRA,1807,0.722,
BRA,1808,0.722,
BRA,1809,0.722,
BRA,1810,0.722,
BRA,1811,0.722,
BRA,1812,0.722,
BRA,1813,0.722,
BRA,1814,0.722,
BRA,1815,0.722,
BRA,1816,0.722,
BRA,1817,0.722,
BRA,1818,0.722,
BRA,1819,0.722,
BRA,1820,0.722,
BRA,1821,0.722,
BRA,1822,0.722,
BRA,1823,0.722,
BRA,1824,0.783,
BRA,1825,0.783,
BRA,1826,0.783,
BRA,1827,0.783,
BRA,1828,0.783,
BRA,1829,0.783,
BRA,1830,0.783,
BRA,1831,0.783,
BRA,1832,0.783,
BRA,1833,0.783,
BRA,1834,0.783,
BRA,1835,0.783,
BRA,1836,0.783,
BRA,1837,0.783,
BRA,1838,0.783,
BRA,1839,0.783,
BRA,1840,0.783,
BRA,1841,0.783,
BRA,1842,0.783,
BRA,1843,0.783,
BRA,1844,0.783,
BRA,1845,0.783,
BRA,1846,0.783,
BRA,1847,0.783,
BRA,1848,0.783,
BRA,1849,0.783,
BRA,1850,0.783,
BRA,1851,0.783,
BRA,1852,0.783,
BRA,1853,0.783,
BRA,1854,0.783,
BRA,1855,0.783,
BRA,1856,0.783,
BRA,1857,0.783,
BRA,1858,0.783,
BRA,1859,0.783,
BRA,1860,0.783,
BRA,1861,0.783,
BRA,1862,0.783,
BRA,1863,0.783,
BRA,1864,0.783,
BRA,1865,0.783,
BRA,1866,0.783,
BRA,1867,0.783,
BRA,1868,0.783,
BRA,1869,0.783,
BRA,1870,0.783,
BRA,1871,0.783,
BRA,1872,0.783,
BRA,1873,0.783,
BRA,1874,0.783,
BRA,1875,0.783,
BRA,1876,0.783,
BRA,1877,0.783,
BRA,1878,0.783,
BRA,1879,0.783,
BRA,1880,0.783,
BRA,1881,0.783,
BRA,1882,0.783,
BRA,1883,0.783,
BRA,1884,0.783,
BRA,1885,0.783,
BRA,1886,0.783,
BRA,1887,0.783,
BRA,1888,0.783,
BRA,1889,0.783,
BRA,1890,0.783,
BRA,1891,0.783,
BRA,1892,0.783,
BRA,1893,0.783,
BRA,1894,0.783,
BRA,1895,0.783,
BRA,1896,0.783,
BRA,1897,0.783,
BRA,1898,0.783,
BRA,1899,0.783,
BRA,1900,0.783,
BRA,1901,0.783,
BRA,1902,0.783,
BRA,1903,0.783,
BRA,1904,0.783,
BRA,1905,0.783,
BRA,1906,0.783,
BRA,1907,0.783,
BRA,1908,0.783,
BRA,1909,0.783,
BRA,1910,0.783,
BRA,1911,0.783,
BRA,1912,0.783,
BRA,1913,0.783,
BRA,1914,0.783,
BRA,1915,0.783,
BRA,1916,0.783,
BRA,1917,0.783,
BRA,1918,0.783,
BRA,1919,0.783,
BRA,1920,0.783,
BRA,1921,0.783,
BRA,1922,0.783,
BRA,1923,0.783,
BRA,1924,0.783,
BRA,1925,0.783,
BRA,1926,0.783,
BRA,1927,0.783,
BRA,1928,0.783,
BRA,1929,0.783,
BRA,1930,0.706,
BRA,1931,0.706,
BRA,1932,0.706,
BRA,1933,0.706,
BRA,1934,0.706,
BRA,1935,0.742,
BRA,1936,0.742,
BRA,1937,0.706,
BRA,1938,0.706,
BRA,1939,0.706,
BRA,1940,0.706,
BRA,1941,0.706,
BRA,1942,0.706,
BRA,1943,0.706,
BRA,1944,0.706,
BRA,1945,0.706,
BRA,1946,0.668,
BRA,1947,0.719,
BRA,1948,0.719,
BRA,1949,0.719,
BRA,1950,0.719,
BRA,1951,0.719,
BRA,1952,0.719,
BRA,1953,0.719,
BRA,1954,0.719,
BRA,1955,0.719,
BRA,1956,0.719,
BRA,1957,0.719,
BRA,1958,0.719,
BRA,1959,0.719,
BRA,1960,0.719,
BRA,1961,0.719,
BRA,1962,0.719,
BRA,1963,0.719,
BRA,1964,0.693,
BRA,1965,0.696,
BRA,1966,0.696,
BRA,1967,0.696,
BRA,1968,0.696,
BRA,1969,0.696,
BRA,1970,0.696,
BRA,1971,0.696,
BRA,1972,0.696,
BRA,1973,0.696,
BRA,1974,0.696,
BRA,1975,0.696,
BRA,1976,0.696,
BRA,1977,0.696,
BRA,1978,0.696,
BRA,1979,0.696,
BRA,1980,0.696,
BRA,1981,0.696,
BRA,1982,0.696,
BRA,1983,0.696,
BRA,1984,0.696,
BRA,1985,0.687,
BRA,1986,0.676,
BRA,1987,0.676,
BRA,1988,0.664,
BRA,1989,0.673,
BRA,1990,0.608,
BRA,1991,0.608,
BRA,1992,0.608,
BRA,1993,0.567,
BRA,1994,0.511,
BRA,1995,0.512,
BRA,1996,0.51,
BRA,1997,0.506,
BRA,1998,0.506,
BRA,1999,0.506,
BRA,2000,0.506,
BRA,2001,0.506,
BRA,2002,0.548,
BRA,2003,0.548,
BRA,2004,0.548,
BRA,2005,0.496,
BRA,2006,0.495,
BRA,2007,0.495,
BRA,2008,0.495,
BRA,2009,0.495,
BRA,2010,0.495,
BRA,2011,0.494,
BRA,2012,0.494,
BRA,2013,0.494,
BRA,2014,0.507,
BRA,2015,0.507,
BRA,2016,0.535,
BRA,2017,0.535,
BRA,2018,0.535,
BRA,2019,0.547,
BRA,2020,0.536,
BRA,2021,0.539,
BRA,2022,0.543,
BRA,2023,0.46,South America
BRA,2024,0.436,
IOT,2023,,Asia
VGB,2023,,North America
BRN,2023,,Asia
,1789,0.13,
,1790,0.13,
,1791,0.13,
,1792,0.13,
,1793,0.13,
,1794,0.13,
,1795,0.166,
,1796,0.131,
,1797,0.131,
,1798,0.098,
,1799,0.13,
,1800,0.13,
,1801,0.13,
,1802,0.13,
,1803,0.13,
,1804,0.13,
,1805,0.13,
,1806,0.13,
,1807,0.13,
,1813,0.065,
,1814,0.065,
,1815,0.046,
,1816,0.046,
,1817,0.046,
,1818,0.046,
,1819,0.046,
,1820,0.046,
,1821,0.046,
,1822,0.046,
,1823,0.077,
,1824,0.077,
,1825,0.077,
,1826,0.077,
,1827,0.077,
,1828,0.077,
,1829,0.077,
,1830,0.077,
,1831,0.045,
,1832,0.029,
,1833,0.029,
,1834,0.029,
,1835,0.029,
,1836,0.029,
,1837,0.029,
,1838,0.029,
,1839,0.029,
,1840,0.029,
,1841,0.029,
,1842,0.029,
,1843,0.029,
,1844,0.029,
,1845,0.029,
,1846,0.029,
,1847,0.029,
,1848,0.099,
,1849,0.099,
,1850,0.029,
,1851,0.029,
,1852,0.029,
,1853,0.029,
,1854,0.029,
,1855,0.029,
,1856,0.029,
,1857,0.029,
,1858,0.029,
,1859,0.029,
,1860,0.029,
,1861,0.029,
,1862,0.029,
,1863,0.029,
,1864,0.029,
,1865,0.029,
,1866,0.029,
,1867,0.029,
BGR,1878,0.226,
BGR,1879,0.314,
BGR,1880,0.376,
BGR,1881,0.376,
BGR,1882,0.376,
BGR,1883,0.376,
BGR,1884,0.376,
BGR,1885,0.376,
BGR,1886,0.376,
BGR,1887,0.376,
BGR,1888,0.376,
BGR,1889,0.376,
BGR,1890,0.376,
BGR,1891,0.376,
BGR,1892,0.376,
BGR,1893,0.376,
BGR,1894,0.376,
BGR,1895,0.376,
BGR,1896,0.376,
BGR,1897,0.376,
BGR,1898,0.376,
BGR,1899,0.376,
BGR,1900,0.376,
BGR,1901,0.376,
BGR,1902,0.376,
BGR,1903,0.376,
BGR,1904,0.376,
BGR,1905,0.376,
BGR,1906,0.376,
BGR,1907,0.376,
BGR,1908,0.376,
BGR,1909,0.376,
BGR,1910,0.376,
BGR,1911,0.376,
BGR,1912,0.376,
BGR,1913,0.376,
BGR,1914,0.376,
BGR,1915,0.376,
BGR,1916,0.376,
BGR,1917,0.376,
BGR,1918,0.383,
BGR,1919,0.388,
BGR,1920,0.388,
BGR,1921,0.388,
BGR,1922,0.388,
BGR,1923,0.296,
BGR,1924,0.296,
BGR,1925,0.344,
BGR,1926,0.344,
BGR,1927,0.344,
BGR,1928,0.344,
BGR,1929,0.344,
BGR,1930,0.344,
BGR,1931,0.344,
BGR,1932,0.344,
BGR,1933,0.344,
BGR,1934,0.296,
BGR,1935,0.296,
BGR,1936,0.296,
BGR,1937,0.296,
BGR,1938,0.296,
BGR,1939,0.296,
BGR,1940,0.335,
BGR,1941,0.342,
BGR,1942,0.342,
BGR,1943,0.342,
BGR,1944,0.316,
BGR,1945,0.448,
BGR,1946,0.345,
BGR,1947,0.356,
BGR,1948,0.339,
BGR,1949,0.339,
BGR,1950,0.339,
BGR,1951,0.339,
BGR,1952,0.339,
BGR,1953,0.339,
BGR,1954,0.339,
BGR,1955,0.339,
BGR,1956,0.339,
BGR,1957,0.339,
BGR,1958,0.339,
BGR,1959,0.339,
BGR,1960,0.339,
BGR,1961,0.339,
BGR,1962,0.339,
BGR,1963,0.339,
BGR,1964,0.339,
BGR,1965,0.339,
BGR,1966,0.339,
BGR,1967,0.339,
BGR,1968,0.339,
BGR,1969,0.339,
BGR,1970,0.339,
BGR,1971,0.339,
BGR,1972,0.339,
BGR,1973,0.339,
BGR,1974,0.339,
BGR,1975,0.339,
BGR,1976,0.339,
BGR,1977,0.339,
BGR,1978,0.339,
BGR,1979,0.339,
BGR,1980,0.339,
BGR,1981,0.339,
BGR,1982,0.339,
BGR,1983,0.341,
BGR,1984,0.341,
BGR,1985,0.341,
BGR,1986,0.353,
BGR,1987,0.353,
BGR,1988,0.353,
BGR,1989,0.353,
BGR,1990,0.324,
BGR,1991,0.318,
BGR,1992,0.353,
BGR,1993,0.371,
BGR,1994,0.371,
BGR,1995,0.371,
BGR,1996,0.365,
BGR,1997,0.345,
BGR,1998,0.331,
BGR,1999,0.331,
BGR,2000,0.331,
BGR,2001,0.387,
BGR,2002,0.387,
BGR,2003,0.387,
BGR,2004,0.387,
BGR,2005,0.387,
BGR,2006,0.381,
BGR,2007,0.353,
BGR,2008,0.359,
BGR,2009,0.5,
BGR,2010,0.504,
BGR,2011,0.504,
BGR,2012,0.495,
BGR,2013,0.411,
BGR,2014,0.407,
BGR,2015,0.522,
BGR,2016,0.522,
BGR,2017,0.535,
BGR,2018,0.537,
BGR,2019,0.552,
BGR,2020,0.557,
BGR,2021,0.532,
BGR,2022,0.311,
BGR,2023,0.345,Europe
BGR,2024,0.578,
BFA,1919,0.303,
BFA,1920,0.303,
BFA,1921,0.303,
BFA,1922,0.303,
BFA,1923,0.303,
BFA,1924,0.303,
BFA,1925,0.303,
BFA,1926,0.303,
BFA,1927,0.303,
BFA,1928,0.303,
BFA,1929,0.303,
BFA,1930,0.303,
BFA,1931,0.303,
BFA,1947,0.429,
BFA,1948,0.429,
BFA,1949,0.328,
BFA,1950,0.328,
BFA,1951,0.328,
BFA,1952,0.328,
BFA,1953,0.328,
BFA,1954,0.328,
BFA,1955,0.328,
BFA,1956,0.328,
BFA,1957,0.328,
BFA,1958,0.328,
BFA,1959,0.328,
BFA,1960,0.438,
BFA,1961,0.438,
BFA,1962,0.438,
BFA,1963,0.438,
BFA,1964,0.438,
BFA,1965,0.438,
BFA,1966,0.577,
BFA,1967,0.567,
BFA,1968,0.567,
BFA,1969,0.567,
BFA,1970,0.545,
BFA,1971,0.545,
BFA,1972,0.418,
BFA,1973,0.418,
BFA,1974,0.418,
BFA,1975,0.545,
BFA,1976,0.545,
BFA,1977,0.545,
BFA,1978,0.527,
BFA,1979,0.4,
BFA,1980,0.383,
BFA,1981,0.504,
BFA,1982,0.504,
BFA,1983,0.193,
BFA,1984,0.193,
BFA,1985,0.193,
BFA,1986,0.193,
BFA,1987,0.193,
BFA,1988,0.654,
BFA,1989,0.654,
BFA,1990,0.717,
BFA,1991,0.717,
BFA,1992,0.654,
BFA,1993,0.545,
BFA,1994,0.545,
BFA,1995,0.545,
BFA,1996,0.545,
BFA,1997,0.545,
BFA,1998,0.545,
BFA,1999,0.545,
BFA,2000,0.522,
BFA,2001,0.522,
BFA,2002,0.522,
BFA,2003,0.532,
BFA,2004,0.532,
BFA,2005,0.532,
BFA,2006,0.532,
BFA,2007,0.532,
BFA,2008,0.532,
BFA,2009,0.532,
BFA,2010,0.524,
BFA,2011,0.529,
BFA,2012,0.531,
BFA,2013,0.479,
BFA,2014,0.437,
BFA,2015,0.397,
BFA,2016,0.398,
BFA,2017,0.391,
BFA,2018,0.402,
BFA,2019,0.453,
BFA,2020,0.453,
BFA,2021,0.453,
BFA,2022,0.438,
BFA,2023,0.387,Africa
BFA,2024,0.391,
BDI,1916,0.48,
BDI,1917,0.48,
BDI,1918,0.48,
BDI,1919,0.48,
BDI,1920,0.48,
BDI,1921,0.48,
BDI,1922,0.48,
BDI,1923,0.48,
BDI,1924,0.48,
BDI,1925,0.48,
BDI,1926,0.48,
BDI,1927,0.48,
BDI,1928,0.48,
BDI,1929,0.48,
BDI,1930,0.48,
BDI,1931,0.48,
BDI,1932,0.48,
BDI,1933,0.48,
BDI,1934,0.48,
BDI,1935,0.48,
BDI,1936,0.48,
BDI,1937,0.48,
BDI,1938,0.48,
BDI,1939,0.48,
BDI,1940,0.48,
BDI,1941,0.48,
BDI,1942,0.48,
BDI,1943,0.48,
BDI,1944,0.48,
BDI,1945,0.48,
BDI,1946,0.48,
BDI,1947,0.492,
BDI,1948,0.492,
BDI,1949,0.492,
BDI,1950,0.492,
BDI,1951,0.492,
BDI,1952,0.492,
BDI,1953,0.492,
BDI,1954,0.492,
BDI,1955,0.492,
BDI,1956,0.492,
BDI,1957,0.492,
BDI,1958,0.492,
BDI,1959,0.492,
BDI,1960,0.492,
BDI,1961,0.492,
BDI,1962,0.359,
BDI,1963,0.378,
BDI,1964,0.396,
BDI,1965,0.396,
BDI,1966,0.481,
BDI,1967,0.481,
BDI,1968,0.481,
BDI,1969,0.481,
BDI,1970,0.481,
BDI,1971,0.481,
BDI,1972,0.481,
BDI,1973,0.481,
BDI,1974,0.481,
BDI,1975,0.481,
BDI,1976,0.413,
BDI,1977,0.384,
BDI,1978,0.384,
BDI,1979,0.384,
BDI,1980,0.384,
BDI,1981,0.384,
BDI,1982,0.383,
BDI,1983,0.303,
BDI,1984,0.303,
BDI,1985,0.303,
BDI,1986,0.303,
BDI,1987,0.384,
BDI,1988,0.421,
BDI,1989,0.421,
BDI,1990,0.421,
BDI,1991,0.421,
BDI,1992,0.445,
BDI,1993,0.481,
BDI,1994,0.478,
BDI,1995,0.478,
BDI,1996,0.478,
BDI,1997,0.478,
BDI,1998,0.478,
BDI,1999,0.478,
BDI,2000,0.498,
BDI,2001,0.498,
BDI,2002,0.549,
BDI,2003,0.549,
BDI,2004,0.569,
BDI,2005,0.849,
BDI,2006,0.853,
BDI,2007,0.85,
BDI,2008,0.856,
BDI,2009,0.856,
BDI,2010,0.871,
BDI,2011,0.871,
BDI,2012,0.874,
BDI,2013,0.883,
BDI,2014,0.892,
BDI,2015,0.892,
BDI,2016,0.947,
BDI,2017,0.946,
BDI,2018,0.946,
BDI,2019,0.924,
BDI,2020,0.891,
BDI,2021,0.764,
BDI,2022,0.722,
BDI,2023,0.793,Africa
BDI,2024,0.777,
KHM,1900,0.599,
KHM,1901,0.599,
KHM,1902,0.599,
KHM,1903,0.599,
KHM,1904,0.599,
KHM,1905,0.599,
KHM,1906,0.599,
KHM,1907,0.599,
KHM,1908,0.599,
KHM,1909,0.599,
KHM,1910,0.599,
KHM,1911,0.599,
KHM,1912,0.599,
KHM,1913,0.599,
KHM,1914,0.599,
KHM,1915,0.599,
KHM,1916,0.599,
KHM,1917,0.599,
KHM,1918,0.599,
KHM,1919,0.599,
KHM,1920,0.599,
KHM,1921,0.599,
KHM,1922,0.599,
KHM,1923,0.599,
KHM,1924,0.599,
KHM,1925,0.599,
KHM,1926,0.599,
KHM,1927,0.599,
KHM,1928,0.599,
KHM,1929,0.599,
KHM,1930,0.599,
KHM,1931,0.599,
KHM,1932,0.599,
KHM,1933,0.599,
KHM,1934,0.599,
KHM,1935,0.599,
KHM,1936,0.599,
KHM,1937,0.599,
KHM,1938,0.599,
KHM,1939,0.599,
KHM,1940,0.599,
KHM,1941,0.599,
KHM,1942,0.599,
KHM,1943,0.599,
KHM,1944,0.599,
KHM,1945,0.599,
KHM,1946,0.591,
KHM,1947,0.591,
KHM,1948,0.626,
KHM,1949,0.626,
KHM,1950,0.605,
KHM,1951,0.613,
KHM,1952,0.634,
KHM,1953,0.599,
KHM,1954,0.347,
KHM,1955,0.347,
KHM,1956,0.394,
KHM,1957,0.394,
KHM,1958,0.394,
KHM,1959,0.394,
KHM,1960,0.417,
KHM,1961,0.417,
KHM,1962,0.417,
KHM,1963,0.417,
KHM,1964,0.417,
KHM,1965,0.417,
KHM,1966,0.417,
KHM,1967,0.417,
KHM,1968,0.417,
KHM,1969,0.417,
KHM,1970,0.65,
KHM,1971,0.552,
KHM,1972,0.552,
KHM,1973,0.61,
KHM,1974,0.61,
KHM,1975,0.139,
KHM,1976,0.139,
KHM,1977,0.137,
KHM,1978,0.137,
KHM,1979,0.164,
KHM,1980,0.385,
KHM,1981,0.385,
KHM,1982,0.578,
KHM,1983,0.578,
KHM,1984,0.578,
KHM,1985,0.578,
KHM,1986,0.578,
KHM,1987,0.578,
KHM,1988,0.578,
KHM,1989,0.586,
KHM,1990,0.628,
KHM,1991,0.628,
KHM,1992,0.595,
KHM,1993,0.881,
KHM,1994,0.897,
KHM,1995,0.897,
KHM,1996,0.897,
KHM,1997,0.897,
KHM,1998,0.897,
KHM,1999,0.897,
KHM,2000,0.897,
KHM,2001,0.897,
KHM,2002,0.897,
KHM,2003,0.897,
KHM,2004,0.897,
KHM,2005,0.897,
KHM,2006,0.897,
KHM,2007,0.897,
KHM,2008,0.897,
KHM,2009,0.897,
KHM,2010,0.897,
KHM,2011,0.897,
KHM,2012,0.897,
KHM,2013,0.889,
KHM,2014,0.862,
KHM,2015,0.862,
KHM,2016,0.862,
KHM,2017,0.88,
KHM,2018,0.895,
KHM,2019,0.895,
KHM,2020,0.895,
KHM,2021,0.895,
KHM,2022,0.895,
KHM,2023,0.895,Asia
KHM,2024,0.895,
CMR,1961,0.575,
CMR,1962,0.575,
CMR,1963,0.575,
CMR,1964,0.575,
CMR,1965,0.575,
CMR,1966,0.575,
CMR,1967,0.575,
CMR,1968,0.575,
CMR,1969,0.575,
CMR,1970,0.575,
CMR,1971,0.575,
CMR,1972,0.575,
CMR,1973,0.575,
CMR,1974,0.575,
CMR,1975,0.575,
CMR,1976,0.575,
CMR,1977,0.575,
CMR,1978,0.575,
CMR,1979,0.575,
CMR,1980,0.631,
CMR,1981,0.64,
CMR,1982,0.708,
CMR,1983,0.727,
CMR,1984,0.727,
CMR,1985,0.742,
CMR,1986,0.754,
CMR,1987,0.761,
CMR,1988,0.761,
CMR,1989,0.761,
CMR,1990,0.856,
CMR,1991,0.868,
CMR,1992,0.895,
CMR,1993,0.928,
CMR,1994,0.928,
CMR,1995,0.928,
CMR,1996,0.921,
CMR,1997,0.921,
CMR,1998,0.921,
CMR,1999,0.921,
CMR,2000,0.921,
CMR,2001,0.921,
CMR,2002,0.921,
CMR,2003,0.921,
CMR,2004,0.921,
CMR,2005,0.921,
CMR,2006,0.936,
CMR,2007,0.936,
CMR,2008,0.936,
CMR,2009,0.936,
CMR,2010,0.936,
CMR,2011,0.933,
CMR,2012,0.935,
CMR,2013,0.941,
CMR,2014,0.941,
CMR,2015,0.941,
CMR,2016,0.949,
CMR,2017,0.934,
CMR,2018,0.947,
CMR,2019,0.949,
CMR,2020,0.946,
CMR,2021,0.931,
CMR,2022,0.931,
CMR,2023,0.947,Africa
CMR,2024,0.934,
CAN,1841,0.07,
CAN,1842,0.07,
CAN,1843,0.07,
CAN,1844,0.07,
CAN,1845,0.07,
CAN,1846,0.07,
CAN,1847,0.07,
CAN,1848,0.07,
CAN,1849,0.07,
CAN,1850,0.07,
CAN,1851,0.07,
CAN,1852,0.07,
CAN,1853,0.07,
CAN,1854,0.07,
CAN,1855,0.07,
CAN,1856,0.07,
CAN,1857,0.07,
CAN,1858,0.07,
CAN,1859,0.07,
CAN,1860,0.07,
CAN,1861,0.07,
CAN,1862,0.07,
CAN,1863,0.07,
CAN,1864,0.07,
CAN,1865,0.07,
CAN,1866,0.07,
CAN,1867,0.07,
CAN,1868,0.07,
CAN,1869,0.07,
CAN,1870,0.07,
CAN,1871,0.07,
CAN,1872,0.07,
CAN,1873,0.07,
CAN,1874,0.07,
CAN,1875,0.07,
CAN,1876,0.07,
CAN,1877,0.07,
CAN,1878,0.07,
CAN,1879,0.07,
CAN,1880,0.07,
CAN,1881,0.07,
CAN,1882,0.07,
CAN,1883,0.07,
CAN,1884,0.07,
CAN,1885,0.07,
CAN,1886,0.07,
CAN,1887,0.07,
CAN,1888,0.07,
CAN,1889,0.07,
CAN,1890,0.07,
CAN,1891,0.07,
CAN,1892,0.07,
CAN,1893,0.07,
CAN,1894,0.07,
CAN,1895,0.07,
CAN,1896,0.07,
CAN,1897,0.07,
CAN,1898,0.07,
CAN,1899,0.07,
CAN,1900,0.07,
CAN,1901,0.07,
CAN,1902,0.07,
CAN,1903,0.07,
CAN,1904,0.07,
CAN,1905,0.07,
CAN,1906,0.07,
CAN,1907,0.07,
CAN,1908,0.07,
CAN,1909,0.07,
CAN,1910,0.07,
CAN,1911,0.068,
CAN,1912,0.068,
CAN,1913,0.068,
CAN,1914,0.064,
CAN,1915,0.063,
CAN,1916,0.063,
CAN,1917,0.063,
CAN,1918,0.063,
CAN,1919,0.063,
CAN,1920,0.063,
CAN,1921,0.063,
CAN,1922,0.066,
CAN,1923,0.066,
CAN,1924,0.066,
CAN,1925,0.066,
CAN,1926,0.066,
CAN,1927,0.066,
CAN,1928,0.066,
CAN,1929,0.066,
CAN,1930,0.066,
CAN,1931,0.066,
CAN,1932,0.066,
CAN,1933,0.066,
CAN,1934,0.066,
CAN,1935,0.066,
CAN,1936,0.066,
CAN,1937,0.066,
CAN,1938,0.066,
CAN,1939,0.068,
CAN,1940,0.068,
CAN,1941,0.068,
CAN,1942,0.068,
CAN,1943,0.068,
CAN,1944,0.068,
CAN,1945,0.068,
CAN,1946,0.068,
CAN,1947,0.068,
CAN,1948,0.068,
CAN,1949,0.068,
CAN,1950,0.05,
CAN,1951,0.05,
CAN,1952,0.05,
CAN,1953,0.05,
CAN,1954,0.05,
CAN,1955,0.05,
CAN,1956,0.05,
CAN,1957,0.05,
CAN,1958,0.05,
CAN,1959,0.05,
CAN,1960,0.05,
CAN,1961,0.05,
CAN,1962,0.05,
CAN,1963,0.05,
CAN,1964,0.05,
CAN,1965,0.05,
CAN,1966,0.05,
CAN,1967,0.037,
CAN,1968,0.037,
CAN,1969,0.04,
CAN,1970,0.044,
CAN,1971,0.044,
CAN,1972,0.044,
CAN,1973,0.044,
CAN,1974,0.044,
CAN,1975,0.044,
CAN,1976,0.044,
CAN,1977,0.044,
CAN,1978,0.044,
CAN,1979,0.044,
CAN,1980,0.04,
CAN,1981,0.04,
CAN,1982,0.04,
CAN,1983,0.04,
CAN,1984,0.04,
CAN,1985,0.037,
CAN,1986,0.037,
CAN,1987,0.033,
CAN,1988,0.033,
CAN,1989,0.033,
CAN,1990,0.033,
CAN,1991,0.033,
CAN,1992,0.033,
CAN,1993,0.033,
CAN,1994,0.035,
CAN,1995,0.035,
CAN,1996,0.035,
CAN,1997,0.035,
CAN,1998,0.035,
CAN,1999,0.035,
CAN,2000,0.035,
CAN,2001,0.035,
CAN,2002,0.035,
CAN,2003,0.035,
CAN,2004,0.035,
CAN,2005,0.035,
CAN,2006,0.035,
CAN,2007,0.031,
CAN,2008,0.032,
CAN,2009,0.032,
CAN,2010,0.029,
CAN,2011,0.029,
CAN,2012,0.029,
CAN,2013,0.021,
CAN,2014,0.021,
CAN,2015,0.021,
CAN,2016,0.021,
CAN,2017,0.021,
CAN,2018,0.021,
CAN,2019,0.023,
CAN,2020,0.029,
CAN,2021,0.029,
CAN,2022,0.029,
CAN,2023,0.029,North America
CAN,2024,0.029,
CPV,1900,0.683,
CPV,1901,0.683,
CPV,1902,0.683,
CPV,1903,0.683,
CPV,1904,0.683,
CPV,1905,0.683,
CPV,1906,0.683,
CPV,1907,0.683,
CPV,1908,0.683,
CPV,1909,0.683,
CPV,1910,0.683,
CPV,1911,0.683,
CPV,1912,0.683,
CPV,1913,0.683,
CPV,1914,0.683,
CPV,1915,0.683,
CPV,1916,0.683,
CPV,1917,0.683,
CPV,1918,0.683,
CPV,1919,0.683,
CPV,1920,0.683,
CPV,1921,0.683,
CPV,1922,0.683,
CPV,1923,0.683,
CPV,1924,0.683,
CPV,1925,0.683,
CPV,1926,0.683,
CPV,1927,0.683,
CPV,1928,0.683,
CPV,1929,0.683,
CPV,1930,0.683,
CPV,1931,0.683,
CPV,1932,0.683,
CPV,1933,0.683,
CPV,1934,0.683,
CPV,1935,0.683,
CPV,1936,0.683,
CPV,1937,0.683,
CPV,1938,0.683,
CPV,1939,0.683,
CPV,1940,0.683,
CPV,1941,0.683,
CPV,1942,0.683,
CPV,1943,0.683,
CPV,1944,0.683,
CPV,1945,0.683,
CPV,1946,0.683,
CPV,1947,0.683,
CPV,1948,0.683,
CPV,1949,0.683,
CPV,1950,0.683,
CPV,1951,0.683,
CPV,1952,0.683,
CPV,1953,0.683,
CPV,1954,0.683,
CPV,1955,0.683,
CPV,1956,0.683,
CPV,1957,0.683,
CPV,1958,0.683,
CPV,1959,0.683,
CPV,1960,0.683,
CPV,1961,0.683,
CPV,1962,0.683,
CPV,1963,0.683,
CPV,1964,0.683,
CPV,1965,0.683,
CPV,1966,0.683,
CPV,1967,0.683,
CPV,1968,0.683,
CPV,1969,0.683,
CPV,1970,0.683,
CPV,1971,0.683,
CPV,1972,0.683,
CPV,1973,0.683,
CPV,1974,0.551,
CPV,1975,0.238,
CPV,1976,0.224,
CPV,1977,0.224,
CPV,1978,0.224,
CPV,1979,0.224,
CPV,1980,0.224,
CPV,1981,0.213,
CPV,1982,0.255,
CPV,1983,0.255,
CPV,1984,0.255,
CPV,1985,0.255,
CPV,1986,0.255,
CPV,1987,0.255,
CPV,1988,0.255,
CPV,1989,0.255,
CPV,1990,0.255,
CPV,1991,0.23,
CPV,1992,0.23,
CPV,1993,0.233,
CPV,1994,0.233,
CPV,1995,0.233,
CPV,1996,0.233,
CPV,1997,0.233,
CPV,1998,0.233,
CPV,1999,0.233,
CPV,2000,0.204,
CPV,2001,0.204,
CPV,2002,0.204,
CPV,2003,0.204,
CPV,2004,0.204,
CPV,2005,0.204,
CPV,2006,0.204,
CPV,2007,0.204,
CPV,2008,0.204,
CPV,2009,0.204,
CPV,2010,0.204,
CPV,2011,0.184,
CPV,2012,0.206,
CPV,2013,0.197,
CPV,2014,0.206,
CPV,2015,0.203,
CPV,2016,0.203,
CPV,2017,0.202,
CPV,2018,0.208,
CPV,2019,0.208,
CPV,2020,0.262,
CPV,2021,0.255,
CPV,2022,0.255,
CPV,2023,0.258,Africa
CPV,2024,0.258,
CYM,2023,,North America
CAF,1920,0.47,
CAF,1921,0.47,
CAF,1922,0.47,
CAF,1923,0.47,
CAF,1924,0.47,
CAF,1925,0.47,
CAF,1926,0.47,
CAF,1927,0.47,
CAF,1928,0.47,
CAF,1929,0.47,
CAF,1930,0.47,
CAF,1931,0.47,
CAF,1932,0.47,
CAF,1933,0.47,
CAF,1934,0.47,
CAF,1935,0.47,
CAF,1936,0.47,
CAF,1937,0.47,
CAF,1938,0.47,
CAF,1939,0.47,
CAF,1940,0.47,
CAF,1941,0.47,
CAF,1942,0.47,
CAF,1943,0.47,
CAF,1944,0.47,
CAF,1945,0.47,
CAF,1946,0.47,
CAF,1947,0.369,
CAF,1948,0.369,
CAF,1949,0.369,
CAF,1950,0.369,
CAF,1951,0.369,
CAF,1952,0.36,
CAF,1953,0.36,
CAF,1954,0.36,
CAF,1955,0.36,
CAF,1956,0.36,
CAF,1957,0.353,
CAF,1958,0.462,
CAF,1959,0.459,
CAF,1960,0.687,
CAF,1961,0.687,
CAF,1962,0.687,
CAF,1963,0.687,
CAF,1964,0.86,
CAF,1965,0.86,
CAF,1966,0.882,
CAF,1967,0.882,
CAF,1968,0.882,
CAF,1969,0.882,
CAF,1970,0.888,
CAF,1971,0.888,
CAF,1972,0.888,
CAF,1973,0.888,
CAF,1974,0.888,
CAF,1975,0.888,
CAF,1976,0.888,
CAF,1977,0.888,
CAF,1978,0.888,
CAF,1979,0.888,
CAF,1980,0.888,
CAF,1981,0.888,
CAF,1982,0.888,
CAF,1983,0.888,
CAF,1984,0.888,
CAF,1985,0.888,
CAF,1986,0.888,
CAF,1987,0.868,
CAF,1988,0.84,
CAF,1989,0.84,
CAF,1990,0.84,
CAF,1991,0.84,
CAF,1992,0.84,
CAF,1993,0.723,
CAF,1994,0.723,
CAF,1995,0.723,
CAF,1996,0.723,
CAF,1997,0.723,
CAF,1998,0.723,
CAF,1999,0.723,
CAF,2000,0.733,
CAF,2001,0.733,
CAF,2002,0.733,
CAF,2003,0.844,
CAF,2004,0.885,
CAF,2005,0.882,
CAF,2006,0.882,
CAF,2007,0.882,
CAF,2008,0.882,
CAF,2009,0.882,
CAF,2010,0.882,
CAF,2011,0.882,
CAF,2012,0.882,
CAF,2013,0.879,
CAF,2014,0.838,
CAF,2015,0.833,
CAF,2016,0.8,
CAF,2017,0.774,
CAF,2018,0.754,
CAF,2019,0.696,
CAF,2020,0.826,
CAF,2021,0.814,
CAF,2022,0.831,
CAF,2023,0.822,Africa
CAF,2024,0.848,
TCD,1920,0.272,
TCD,1921,0.272,
TCD,1922,0.272,
TCD,1923,0.272,
TCD,1924,0.272,
TCD,1925,0.272,
TCD,1926,0.272,
TCD,1927,0.272,
TCD,1928,0.272,
TCD,1929,0.272,
TCD,1930,0.272,
TCD,1931,0.272,
TCD,1932,0.272,
TCD,1933,0.272,
TCD,1934,0.272,
TCD,1935,0.272,
TCD,1936,0.272,
TCD,1937,0.272,
TCD,1938,0.272,
TCD,1939,0.272,
TCD,1940,0.272,
TCD,1941,0.272,
TCD,1942,0.272,
TCD,1943,0.272,
TCD,1944,0.272,
TCD,1945,0.272,
TCD,1946,0.272,
TCD,1947,0.323,
TCD,1948,0.323,
TCD,1949,0.323,
TCD,1950,0.323,
TCD,1951,0.323,
TCD,1952,0.323,
TCD,1953,0.323,
TCD,1954,0.323,
TCD,1955,0.323,
TCD,1956,0.323,
TCD,1957,0.323,
TCD,1958,0.323,
TCD,1959,0.329,
TCD,1960,0.537,
TCD,1961,0.537,
TCD,1962,0.537,
TCD,1963,0.537,
TCD,1964,0.537,
TCD,1965,0.537,
TCD,1966,0.537,
TCD,1967,0.537,
TCD,1968,0.537,
TCD,1969,0.537,
TCD,1970,0.537,
TCD,1971,0.537,
TCD,1972,0.537,
TCD,1973,0.537,
TCD,1974,0.537,
TCD,1975,0.583,
TCD,1976,0.599,
TCD,1977,0.599,
TCD,1978,0.599,
TCD,1979,0.599,
TCD,1980,0.654,
TCD,1981,0.654,
TCD,1982,0.657,
TCD,1983,0.701,
TCD,1984,0.701,
TCD,1985,0.701,
TCD,1986,0.701,
TCD,1987,0.701,
TCD,1988,0.701,
TCD,1989,0.727,
TCD,1990,0.762,
TCD,1991,0.958,
TCD,1992,0.958,
TCD,1993,0.958,
TCD,1994,0.955,
TCD,1995,0.955,
TCD,1996,0.957,
TCD,1997,0.957,
TCD,1998,0.957,
TCD,1999,0.957,
TCD,2000,0.957,
TCD,2001,0.957,
TCD,2002,0.957,
TCD,2003,0.957,
TCD,2004,0.957,
TCD,2005,0.957,
TCD,2006,0.959,
TCD,2007,0.959,
TCD,2008,0.959,
TCD,2009,0.96,
TCD,2010,0.96,
TCD,2011,0.96,
TCD,2012,0.96,
TCD,2013,0.965,
TCD,2014,0.965,
TCD,2015,0.965,
TCD,2016,0.965,
TCD,2017,0.939,
TCD,2018,0.938,
TCD,2019,0.938,
TCD,2020,0.938,
TCD,2021,0.949,
TCD,2022,0.957,
TCD,2023,0.953,Africa
TCD,2024,0.953,
CHL,1789,0.491,
CHL,1790,0.491,
CHL,1791,0.491,
CHL,1792,0.491,
CHL,1793,0.491,
CHL,1794,0.491,
CHL,1795,0.491,
CHL,1796,0.491,
CHL,1797,0.491,
CHL,1798,0.491,
CHL,1799,0.491,
CHL,1800,0.491,
CHL,1801,0.491,
CHL,1802,0.491,
CHL,1803,0.491,
CHL,1804,0.491,
CHL,1805,0.491,
CHL,1806,0.553,
CHL,1807,0.553,
CHL,1808,0.553,
CHL,1809,0.553,
CHL,1810,0.201,
CHL,1811,0.185,
CHL,1812,0.185,
CHL,1813,0.185,
CHL,1814,0.158,
CHL,1815,0.158,
CHL,1816,0.158,
CHL,1817,0.21,
CHL,1818,0.216,
CHL,1819,0.216,
CHL,1820,0.189,
CHL,1821,0.216,
CHL,1822,0.192,
CHL,1823,0.165,
CHL,1824,0.165,
CHL,1825,0.165,
CHL,1826,0.193,
CHL,1827,0.193,
CHL,1828,0.193,
CHL,1829,0.193,
CHL,1830,0.123,
CHL,1831,0.097,
CHL,1832,0.097,
CHL,1833,0.097,
CHL,1834,0.097,
CHL,1835,0.097,
CHL,1836,0.097,
CHL,1837,0.097,
CHL,1838,0.097,
CHL,1839,0.097,
CHL,1840,0.097,
CHL,1841,0.097,
CHL,1842,0.097,
CHL,1843,0.097,
CHL,1844,0.097,
CHL,1845,0.097,
CHL,1846,0.097,
CHL,1847,0.097,
CHL,1848,0.097,
CHL,1849,0.097,
CHL,1850,0.097,
CHL,1851,0.097,
CHL,1852,0.097,
CHL,1853,0.08,
CHL,1854,0.08,
CHL,1855,0.08,
CHL,1856,0.08,
CHL,1857,0.08,
CHL,1858,0.08,
CHL,1859,0.08,
CHL,1860,0.075,
CHL,1861,0.075,
CHL,1862,0.075,
CHL,1863,0.075,
CHL,1864,0.075,
CHL,1865,0.075,
CHL,1866,0.075,
CHL,1867,0.075,
CHL,1868,0.075,
CHL,1869,0.075,
CHL,1870,0.075,
CHL,1871,0.096,
CHL,1872,0.096,
CHL,1873,0.096,
CHL,1874,0.096,
CHL,1875,0.096,
CHL,1876,0.096,
CHL,1877,0.096,
CHL,1878,0.096,
CHL,1879,0.096,
CHL,1880,0.121,
CHL,1881,0.121,
CHL,1882,0.121,
CHL,1883,0.121,
CHL,1884,0.121,
CHL,1885,0.121,
CHL,1886,0.121,
CHL,1887,0.121,
CHL,1888,0.121,
CHL,1889,0.121,
CHL,1890,0.121,
CHL,1891,0.121,
CHL,1892,0.257,
CHL,1893,0.257,
CHL,1894,0.257,
CHL,1895,0.257,
CHL,1896,0.257,
CHL,1897,0.257,
CHL,1898,0.257,
CHL,1899,0.257,
CHL,1900,0.267,
CHL,1901,0.267,
CHL,1902,0.267,
CHL,1903,0.267,
CHL,1904,0.267,
CHL,1905,0.267,
CHL,1906,0.267,
CHL,1907,0.267,
CHL,1908,0.267,
CHL,1909,0.267,
CHL,1910,0.267,
CHL,1911,0.267,
CHL,1912,0.267,
CHL,1913,0.267,
CHL,1914,0.267,
CHL,1915,0.267,
CHL,1916,0.267,
CHL,1917,0.267,
CHL,1918,0.267,
CHL,1919,0.267,
CHL,1920,0.176,
CHL,1921,0.176,
CHL,1922,0.176,
CHL,1923,0.176,
CHL,1924,0.176,
CHL,1925,0.202,
CHL,1926,0.148,
CHL,1927,0.124,
CHL,1928,0.124,
CHL,1929,0.124,
CHL,1930,0.124,
CHL,1931,0.124,
CHL,1932,0.107,
CHL,1933,0.083,
CHL,1934,0.083,
CHL,1935,0.083,
CHL,1936,0.083,
CHL,1937,0.083,
CHL,1938,0.083,
CHL,1939,0.083,
CHL,1940,0.083,
CHL,1941,0.083,
CHL,1942,0.083,
CHL,1943,0.091,
CHL,1944,0.091,
CHL,1945,0.091,
CHL,1946,0.117,
CHL,1947,0.117,
CHL,1948,0.117,
CHL,1949,0.117,
CHL,1950,0.117,
CHL,1951,0.117,
CHL,1952,0.109,
CHL,1953,0.109,
CHL,1954,0.109,
CHL,1955,0.109,
CHL,1956,0.109,
CHL,1957,0.101,
CHL,1958,0.089,
CHL,1959,0.081,
CHL,1960,0.069,
CHL,1961,0.069,
CHL,1962,0.069,
CHL,1963,0.059,
CHL,1964,0.059,
CHL,1965,0.059,
CHL,1966,0.059,
CHL,1967,0.059,
CHL,1968,0.059,
CHL,1969,0.059,
CHL,1970,0.069,
CHL,1971,0.069,
CHL,1972,0.069,
CHL,1973,0.119,
CHL,1974,0.294,
CHL,1975,0.282,
CHL,1976,0.282,
CHL,1977,0.282,
CHL,1978,0.282,
CHL,1979,0.282,
CHL,1980,0.282,
CHL,1981,0.282,
CHL,1982,0.282,
CHL,1983,0.282,
CHL,1984,0.282,
CHL,1985,0.282,
CHL,1986,0.282,
CHL,1987,0.282,
CHL,1988,0.282,
CHL,1989,0.282,
CHL,1990,0.067,
CHL,1991,0.061,
CHL,1992,0.061,
CHL,1993,0.061,
CHL,1994,0.061,
CHL,1995,0.061,
CHL,1996,0.061,
CHL,1997,0.061,
CHL,1998,0.061,
CHL,1999,0.061,
CHL,2000,0.061,
CHL,2001,0.061,
CHL,2002,0.061,
CHL,2003,0.061,
CHL,2004,0.061,
CHL,2005,0.061,
CHL,2006,0.061,
CHL,2007,0.061,
CHL,2008,0.061,
CHL,2009,0.061,
CHL,2010,0.068,
CHL,2011,0.068,
CHL,2012,0.068,
CHL,2013,0.076,
CHL,2014,0.076,
CHL,2015,0.085,
CHL,2016,0.085,
CHL,2017,0.074,
CHL,2018,0.057,
CHL,2019,0.056,
CHL,2020,0.056,
CHL,2021,0.067,
CHL,2022,0.063,
CHL,2023,0.068,South America
CHL,2024,0.084,
CHN,1789,0.924,
CHN,1790,0.924,
CHN,1791,0.924,
CHN,1792,0.924,
CHN,1793,0.924,
CHN,1794,0.924,
CHN,1795,0.924,
CHN,1796,0.924,
CHN,1797,0.924,
CHN,1798,0.924,
CHN,1799,0.924,
CHN,1800,0.924,
CHN,1801,0.924,
CHN,1802,0.924,
CHN,1803,0.924,
CHN,1804,0.924,
CHN,1805,0.924,
CHN,1806,0.924,
CHN,1807,0.924,
CHN,1808,0.924,
CHN,1809,0.924,
CHN,1810,0.924,
CHN,1811,0.924,
CHN,1812,0.924,
CHN,1813,0.924,
CHN,1814,0.924,
CHN,1815,0.924,
CHN,1816,0.924,
CHN,1817,0.924,
CHN,1818,0.924,
CHN,1819,0.924,
CHN,1820,0.924,
CHN,1821,0.924,
CHN,1822,0.924,
CHN,1823,0.924,
CHN,1824,0.924,
CHN,1825,0.924,
CHN,1826,0.924,
CHN,1827,0.924,
CHN,1828,0.924,
CHN,1829,0.924,
CHN,1830,0.924,
CHN,1831,0.924,
CHN,1832,0.924,
CHN,1833,0.924,
CHN,1834,0.924,
CHN,1835,0.924,
CHN,1836,0.924,
CHN,1837,0.924,
CHN,1838,0.924,
CHN,1839,0.924,
CHN,1840,0.924,
CHN,1841,0.924,
CHN,1842,0.924,
CHN,1843,0.924,
CHN,1844,0.924,
CHN,1845,0.924,
CHN,1846,0.924,
CHN,1847,0.924,
CHN,1848,0.924,
CHN,1849,0.924,
CHN,1850,0.924,
CHN,1851,0.924,
CHN,1852,0.924,
CHN,1853,0.924,
CHN,1854,0.924,
CHN,1855,0.924,
CHN,1856,0.924,
CHN,1857,0.924,
CHN,1858,0.924,
CHN,1859,0.924,
CHN,1860,0.924,
CHN,1861,0.924,
CHN,1862,0.924,
CHN,1863,0.937,
CHN,1864,0.937,
CHN,1865,0.937,
CHN,1866,0.937,
CHN,1867,0.937,
CHN,1868,0.937,
CHN,1869,0.937,
CHN,1870,0.937,
CHN,1871,0.937,
CHN,1872,0.937,
CHN,1873,0.937,
CHN,1874,0.937,
CHN,1875,0.937,
CHN,1876,0.937,
CHN,1877,0.937,
CHN,1878,0.937,
CHN,1879,0.937,
CHN,1880,0.937,
CHN,1881,0.937,
CHN,1882,0.937,
CHN,1883,0.937,
CHN,1884,0.937,
CHN,1885,0.937,
CHN,1886,0.937,
CHN,1887,0.937,
CHN,1888,0.937,
CHN,1889,0.937,
CHN,1890,0.937,
CHN,1891,0.937,
CHN,1892,0.937,
CHN,1893,0.937,
CHN,1894,0.937,
CHN,1895,0.937,
CHN,1896,0.937,
CHN,1897,0.937,
CHN,1898,0.937,
CHN,1899,0.937,
CHN,1900,0.937,
CHN,1901,0.937,
CHN,1902,0.937,
CHN,1903,0.937,
CHN,1904,0.937,
CHN,1905,0.937,
CHN,1906,0.937,
CHN,1907,0.937,
CHN,1908,0.937,
CHN,1909,0.937,
CHN,1910,0.937,
CHN,1911,0.927,
CHN,1912,0.886,
CHN,1913,0.719,
CHN,1914,0.881,
CHN,1915,0.881,
CHN,1916,0.88,
CHN,1917,0.878,
CHN,1918,0.877,
CHN,1919,0.729,
CHN,1920,0.867,
CHN,1921,0.867,
CHN,1922,0.867,
CHN,1923,0.732,
CHN,1924,0.867,
CHN,1925,0.867,
CHN,1926,0.867,
CHN,1927,0.794,
CHN,1928,0.752,
CHN,1929,0.752,
CHN,1930,0.752,
CHN,1931,0.752,
CHN,1932,0.752,
CHN,1933,0.752,
CHN,1934,0.752,
CHN,1935,0.752,
CHN,1936,0.752,
CHN,1937,0.752,
CHN,1938,0.755,
CHN,1939,0.755,
CHN,1940,0.755,
CHN,1941,0.755,
CHN,1942,0.755,
CHN,1943,0.813,
CHN,1944,0.813,
CHN,1945,0.813,
CHN,1946,0.813,
CHN,1947,0.813,
CHN,1948,0.696,
CHN,1949,0.563,
CHN,1950,0.303,
CHN,1951,0.303,
CHN,1952,0.303,
CHN,1953,0.303,
CHN,1954,0.23,
CHN,1955,0.23,
CHN,1956,0.23,
CHN,1957,0.235,
CHN,1958,0.245,
CHN,1959,0.245,
CHN,1960,0.251,
CHN,1961,0.251,
CHN,1962,0.251,
CHN,1963,0.251,
CHN,1964,0.251,
CHN,1965,0.251,
CHN,1966,0.259,
CHN,1967,0.259,
CHN,1968,0.269,
CHN,1969,0.269,
CHN,1970,0.269,
CHN,1971,0.269,
CHN,1972,0.269,
CHN,1973,0.269,
CHN,1974,0.269,
CHN,1975,0.269,
CHN,1976,0.269,
CHN,1977,0.285,
CHN,1978,0.3,
CHN,1979,0.324,
CHN,1980,0.414,
CHN,1981,0.428,
CHN,1982,0.428,
CHN,1983,0.46,
CHN,1984,0.46,
CHN,1985,0.474,
CHN,1986,0.479,
CHN,1987,0.479,
CHN,1988,0.479,
CHN,1989,0.479,
CHN,1990,0.513,
CHN,1991,0.513,
CHN,1992,0.527,
CHN,1993,0.559,
CHN,1994,0.576,
CHN,1995,0.576,
CHN,1996,0.576,
CHN,1997,0.576,
CHN,1998,0.576,
CHN,1999,0.593,
CHN,2000,0.598,
CHN,2001,0.598,
CHN,2002,0.598,
CHN,2003,0.598,
CHN,2004,0.598,
CHN,2005,0.554,
CHN,2006,0.554,
CHN,2007,0.554,
CHN,2008,0.553,
CHN,2009,0.551,
CHN,2010,0.551,
CHN,2011,0.551,
CHN,2012,0.541,
CHN,2013,0.49,
CHN,2014,0.486,
CHN,2015,0.481,
CHN,2016,0.481,
CHN,2017,0.482,
CHN,2018,0.476,
CHN,2019,0.462,
CHN,2020,0.457,
CHN,2021,0.468,
CHN,2022,0.465,
CHN,2023,0.525,Asia
CHN,2024,0.551,
CXR,2023,,Asia
CCK,2023,,Asia
COL,1789,0.439,
COL,1790,0.439,
COL,1791,0.439,
COL,1792,0.439,
COL,1793,0.439,
COL,1794,0.439,
COL,1795,0.439,
COL,1796,0.439,
COL,1797,0.439,
COL,1798,0.439,
COL,1799,0.439,
COL,1800,0.439,
COL,1801,0.439,
COL,1802,0.439,
COL,1803,0.439,
COL,1804,0.439,
COL,1805,0.439,
COL,1806,0.439,
COL,1807,0.439,
COL,1808,0.439,
COL,1809,0.439,
COL,1810,0.439,
COL,1811,0.439,
COL,1812,0.439,
COL,1813,0.439,
COL,1814,0.439,
COL,1815,0.439,
COL,1816,0.439,
COL,1817,0.439,
COL,1818,0.439,
COL,1819,0.439,
COL,1820,0.439,
COL,1821,0.526,
COL,1822,0.526,
COL,1823,0.526,
COL,1824,0.526,
COL,1825,0.526,
COL,1826,0.526,
COL,1827,0.526,
COL,1828,0.526,
COL,1829,0.526,
COL,1830,0.526,
COL,1831,0.526,
COL,1832,0.526,
COL,1833,0.526,
COL,1834,0.526,
COL,1835,0.526,
COL,1836,0.526,
COL,1837,0.526,
COL,1838,0.526,
COL,1839,0.526,
COL,1840,0.526,
COL,1841,0.526,
COL,1842,0.526,
COL,1843,0.526,
COL,1844,0.526,
COL,1845,0.526,
COL,1846,0.526,
COL,1847,0.526,
COL,1848,0.526,
COL,1849,0.526,
COL,1850,0.526,
COL,1851,0.526,
COL,1852,0.526,
COL,1853,0.526,
COL,1854,0.526,
COL,1855,0.526,
COL,1856,0.526,
COL,1857,0.526,
COL,1858,0.526,
COL,1859,0.526,
COL,1860,0.526,
COL,1861,0.526,
COL,1862,0.526,
COL,1863,0.526,
COL,1864,0.526,
COL,1865,0.526,
COL,1866,0.526,
COL,1867,0.526,
COL,1868,0.526,
COL,1869,0.526,
COL,1870,0.526,
COL,1871,0.526,
COL,1872,0.526,
COL,1873,0.526,
COL,1874,0.526,
COL,1875,0.526,
COL,1876,0.526,
COL,1877,0.526,
COL,1878,0.526,
COL,1879,0.526,
COL,1880,0.526,
COL,1881,0.526,
COL,1882,0.526,
COL,1883,0.526,
COL,1884,0.526,
COL,1885,0.526,
COL,1886,0.526,
COL,1887,0.526,
COL,1888,0.526,
COL,1889,0.526,
COL,1890,0.526,
COL,1891,0.526,
COL,1892,0.526,
COL,1893,0.526,
COL,1894,0.526,
COL,1895,0.526,
COL,1896,0.526,
COL,1897,0.526,
COL,1898,0.526,
COL,1899,0.526,
COL,1900,0.439,
COL,1901,0.439,
COL,1902,0.439,
COL,1903,0.55,
COL,1904,0.439,
COL,1905,0.44,
COL,1906,0.549,
COL,1907,0.549,
COL,1908,0.549,
COL,1909,0.549,
COL,1910,0.549,
COL,1911,0.549,
COL,1912,0.549,
COL,1913,0.549,
COL,1914,0.549,
COL,1915,0.549,
COL,1916,0.549,
COL,1917,0.549,
COL,1918,0.549,
COL,1919,0.549,
COL,1920,0.549,
COL,1921,0.549,
COL,1922,0.549,
COL,1923,0.549,
COL,1924,0.549,
COL,1925,0.549,
COL,1926,0.549,
COL,1927,0.549,
COL,1928,0.549,
COL,1929,0.549,
COL,1930,0.549,
COL,1931,0.507,
COL,1932,0.507,
COL,1933,0.507,
COL,1934,0.507,
COL,1935,0.507,
COL,1936,0.507,
COL,1937,0.507,
COL,1938,0.507,
COL,1939,0.507,
COL,1940,0.507,
COL,1941,0.507,
COL,1942,0.507,
COL,1943,0.507,
COL,1944,0.507,
COL,1945,0.507,
COL,1946,0.507,
COL,1947,0.507,
COL,1948,0.507,
COL,1949,0.507,
COL,1950,0.382,
COL,1951,0.501,
COL,1952,0.501,
COL,1953,0.501,
COL,1954,0.503,
COL,1955,0.503,
COL,1956,0.503,
COL,1957,0.496,
COL,1958,0.488,
COL,1959,0.488,
COL,1960,0.488,
COL,1961,0.488,
COL,1962,0.488,
COL,1963,0.488,
COL,1964,0.488,
COL,1965,0.488,
COL,1966,0.488,
COL,1967,0.488,
COL,1968,0.488,
COL,1969,0.488,
COL,1970,0.488,
COL,1971,0.488,
COL,1972,0.488,
COL,1973,0.488,
COL,1974,0.488,
COL,1975,0.488,
COL,1976,0.488,
COL,1977,0.488,
COL,1978,0.479,
COL,1979,0.479,
COL,1980,0.479,
COL,1981,0.479,
COL,1982,0.479,
COL,1983,0.479,
COL,1984,0.479,
COL,1985,0.479,
COL,1986,0.479,
COL,1987,0.479,
COL,1988,0.479,
COL,1989,0.479,
COL,1990,0.479,
COL,1991,0.479,
COL,1992,0.435,
COL,1993,0.435,
COL,1994,0.435,
COL,1995,0.435,
COL,1996,0.435,
COL,1997,0.435,
COL,1998,0.435,
COL,1999,0.435,
COL,2000,0.41,
COL,2001,0.41,
COL,2002,0.41,
COL,2003,0.41,
COL,2004,0.41,
COL,2005,0.41,
COL,2006,0.41,
COL,2007,0.41,
COL,2008,0.41,
COL,2009,0.42,
COL,2010,0.403,
COL,2011,0.396,
COL,2012,0.387,
COL,2013,0.388,
COL,2014,0.388,
COL,2015,0.393,
COL,2016,0.392,
COL,2017,0.405,
COL,2018,0.383,
COL,2019,0.388,
COL,2020,0.398,
COL,2021,0.392,
COL,2022,0.381,
COL,2023,0.387,South America
COL,2024,0.393,
COM,1900,0.094,
COM,1901,0.094,
COM,1902,0.094,
COM,1903,0.094,
COM,1904,0.094,
COM,1905,0.094,
COM,1906,0.094,
COM,1907,0.094,
COM,1908,0.094,
COM,1909,0.094,
COM,1910,0.094,
COM,1911,0.094,
COM,1912,0.094,
COM,1913,0.094,
COM,1946,0.151,
COM,1947,0.151,
COM,1948,0.159,
COM,1949,0.159,
COM,1950,0.159,
COM,1951,0.159,
COM,1952,0.159,
COM,1953,0.159,
COM,1954,0.159,
COM,1955,0.159,
COM,1956,0.159,
COM,1957,0.159,
COM,1958,0.169,
COM,1959,0.169,
COM,1960,0.18,
COM,1961,0.18,
COM,1962,0.187,
COM,1963,0.187,
COM,1964,0.187,
COM,1965,0.187,
COM,1966,0.187,
COM,1967,0.187,
COM,1968,0.231,
COM,1969,0.231,
COM,1970,0.222,
COM,1971,0.222,
COM,1972,0.221,
COM,1973,0.215,
COM,1974,0.205,
COM,1975,0.299,
COM,1976,0.402,
COM,1977,0.402,
COM,1978,0.402,
COM,1979,0.688,
COM,1980,0.688,
COM,1981,0.688,
COM,1982,0.688,
COM,1983,0.688,
COM,1984,0.688,
COM,1985,0.688,
COM,1986,0.688,
COM,1987,0.688,
COM,1988,0.688,
COM,1989,0.688,
COM,1990,0.745,
COM,1991,0.745,
COM,1992,0.745,
COM,1993,0.745,
COM,1994,0.745,
COM,1995,0.745,
COM,1996,0.699,
COM,1997,0.746,
COM,1998,0.746,
COM,1999,0.746,
COM,2000,0.734,
COM,2001,0.71,
COM,2002,0.71,
COM,2003,0.71,
COM,2004,0.71,
COM,2005,0.678,
COM,2006,0.703,
COM,2007,0.703,
COM,2008,0.703,
COM,2009,0.703,
COM,2010,0.704,
COM,2011,0.704,
COM,2012,0.705,
COM,2013,0.671,
COM,2014,0.671,
COM,2015,0.701,
COM,2016,0.701,
COM,2017,0.741,
COM,2018,0.767,
COM,2019,0.803,
COM,2020,0.848,
COM,2021,0.836,
COM,2022,0.793,
COM,2023,0.843,Africa
COM,2024,0.843,
COG,1903,0.454,
COG,1904,0.454,
COG,1905,0.454,
COG,1906,0.454,
COG,1907,0.454,
COG,1908,0.454,
COG,1909,0.454,
COG,1910,0.454,
COG,1911,0.454,
COG,1912,0.454,
COG,1913,0.454,
COG,1914,0.454,
COG,1915,0.454,
COG,1916,0.454,
COG,1917,0.454,
COG,1918,0.454,
COG,1919,0.454,
COG,1920,0.454,
COG,1921,0.454,
COG,1922,0.454,
COG,1923,0.454,
COG,1924,0.454,
COG,1925,0.454,
COG,1926,0.454,
COG,1927,0.454,
COG,1928,0.454,
COG,1929,0.454,
COG,1930,0.454,
COG,1931,0.454,
COG,1932,0.454,
COG,1933,0.454,
COG,1934,0.454,
COG,1935,0.454,
COG,1936,0.454,
COG,1937,0.454,
COG,1938,0.454,
COG,1939,0.454,
COG,1940,0.454,
COG,1941,0.454,
COG,1942,0.454,
COG,1943,0.454,
COG,1944,0.454,
COG,1945,0.484,
COG,1946,0.505,
COG,1947,0.511,
COG,1948,0.511,
COG,1949,0.511,
COG,1950,0.511,
COG,1951,0.511,
COG,1952,0.511,
COG,1953,0.511,
COG,1954,0.511,
COG,1955,0.511,
COG,1956,0.518,
COG,1957,0.518,
COG,1958,0.609,
COG,1959,0.609,
COG,1960,0.677,
COG,1961,0.672,
COG,1962,0.672,
COG,1963,0.72,
COG,1964,0.692,
COG,1965,0.692,
COG,1966,0.692,
COG,1967,0.692,
COG,1968,0.849,
COG,1969,0.878,
COG,1970,0.878,
COG,1971,0.878,
COG,1972,0.878,
COG,1973,0.89,
COG,1974,0.897,
COG,1975,0.897,
COG,1976,0.897,
COG,1977,0.883,
COG,1978,0.889,
COG,1979,0.902,
COG,1980,0.909,
COG,1981,0.909,
COG,1982,0.904,
COG,1983,0.904,
COG,1984,0.904,
COG,1985,0.904,
COG,1986,0.904,
COG,1987,0.904,
COG,1988,0.904,
COG,1989,0.904,
COG,1990,0.913,
COG,1991,0.69,
COG,1992,0.67,
COG,1993,0.639,
COG,1994,0.639,
COG,1995,0.639,
COG,1996,0.639,
COG,1997,0.811,
COG,1998,0.811,
COG,1999,0.836,
COG,2000,0.836,
COG,2001,0.836,
COG,2002,0.836,
COG,2003,0.836,
COG,2004,0.836,
COG,2005,0.836,
COG,2006,0.836,
COG,2007,0.836,
COG,2008,0.836,
COG,2009,0.836,
COG,2010,0.836,
COG,2011,0.836,
COG,2012,0.836,
COG,2013,0.831,
COG,2014,0.831,
COG,2015,0.831,
COG,2016,0.831,
COG,2017,0.828,
COG,2018,0.828,
COG,2019,0.828,
COG,2020,0.806,
COG,2021,0.827,
COG,2022,0.829,
COG,2023,0.829,Africa
COG,2024,0.829,
COK,2023,,Oceania
CRI,1838,0.397,
CRI,1839,0.397,
CRI,1840,0.397,
CRI,1841,0.397,
CRI,1842,0.48,
CRI,1843,0.396,
CRI,1844,0.396,
CRI,1845,0.396,
CRI,1846,0.396,
CRI,1847,0.396,
CRI,1848,0.396,
CRI,1849,0.506,
CRI,1850,0.506,
CRI,1851,0.506,
CRI,1852,0.506,
CRI,1853,0.506,
CRI,1854,0.506,
CRI,1855,0.506,
CRI,1856,0.506,
CRI,1857,0.506,
CRI,1858,0.506,
CRI,1859,0.506,
CRI,1860,0.413,
CRI,1861,0.413,
CRI,1862,0.413,
CRI,1863,0.413,
CRI,1864,0.413,
CRI,1865,0.413,
CRI,1866,0.413,
CRI,1867,0.413,
CRI,1868,0.413,
CRI,1869,0.413,
CRI,1870,0.423,
CRI,1871,0.423,
CRI,1872,0.423,
CRI,1873,0.423,
CRI,1874,0.423,
CRI,1875,0.423,
CRI,1876,0.423,
CRI,1877,0.423,
CRI,1878,0.423,
CRI,1879,0.423,
CRI,1880,0.423,
CRI,1881,0.423,
CRI,1882,0.423,
CRI,1883,0.423,
CRI,1884,0.423,
CRI,1885,0.423,
CRI,1886,0.423,
CRI,1887,0.423,
CRI,1888,0.423,
CRI,1889,0.423,
CRI,1890,0.437,
CRI,1891,0.437,
CRI,1892,0.437,
CRI,1893,0.437,
CRI,1894,0.437,
CRI,1895,0.437,
CRI,1896,0.437,
CRI,1897,0.437,
CRI,1898,0.437,
CRI,1899,0.437,
CRI,1900,0.437,
CRI,1901,0.437,
CRI,1902,0.428,
CRI,1903,0.428,
CRI,1904,0.428,
CRI,1905,0.428,
CRI,1906,0.428,
CRI,1907,0.428,
CRI,1908,0.428,
CRI,1909,0.428,
CRI,1910,0.428,
CRI,1911,0.428,
CRI,1912,0.428,
CRI,1913,0.428,
CRI,1914,0.428,
CRI,1915,0.428,
CRI,1916,0.428,
CRI,1917,0.455,
CRI,1918,0.325,
CRI,1919,0.326,
CRI,1920,0.417,
CRI,1921,0.417,
CRI,1922,0.417,
CRI,1923,0.417,
CRI,1924,0.417,
CRI,1925,0.417,
CRI,1926,0.417,
CRI,1927,0.417,
CRI,1928,0.417,
CRI,1929,0.417,
CRI,1930,0.417,
CRI,1931,0.417,
CRI,1932,0.417,
CRI,1933,0.417,
CRI,1934,0.417,
CRI,1935,0.417,
CRI,1936,0.417,
CRI,1937,0.417,
CRI,1938,0.417,
CRI,1939,0.417,
CRI,1940,0.41,
CRI,1941,0.41,
CRI,1942,0.41,
CRI,1943,0.41,
CRI,1944,0.41,
CRI,1945,0.41,
CRI,1946,0.41,
CRI,1947,0.41,
CRI,1948,0.417,
CRI,1949,0.371,
CRI,1950,0.255,
CRI,1951,0.255,
CRI,1952,0.255,
CRI,1953,0.255,
CRI,1954,0.255,
CRI,1955,0.255,
CRI,1956,0.255,
CRI,1957,0.255,
CRI,1958,0.255,
CRI,1959,0.3,
CRI,1960,0.3,
CRI,1961,0.3,
CRI,1962,0.3,
CRI,1963,0.3,
CRI,1964,0.3,
CRI,1965,0.3,
CRI,1966,0.3,
CRI,1967,0.281,
CRI,1968,0.281,
CRI,1969,0.281,
CRI,1970,0.281,
CRI,1971,0.281,
CRI,1972,0.281,
CRI,1973,0.281,
CRI,1974,0.281,
CRI,1975,0.282,
CRI,1976,0.282,
CRI,1977,0.282,
CRI,1978,0.282,
CRI,1979,0.282,
CRI,1980,0.284,
CRI,1981,0.284,
CRI,1982,0.284,
CRI,1983,0.284,
CRI,1984,0.284,
CRI,1985,0.284,
CRI,1986,0.284,
CRI,1987,0.284,
CRI,1988,0.284,
CRI,1989,0.284,
CRI,1990,0.262,
CRI,1991,0.262,
CRI,1992,0.262,
CRI,1993,0.262,
CRI,1994,0.262,
CRI,1995,0.199,
CRI,1996,0.199,
CRI,1997,0.199,
CRI,1998,0.199,
CRI,1999,0.176,
CRI,2000,0.176,
CRI,2001,0.176,
CRI,2002,0.176,
CRI,2003,0.173,
CRI,2004,0.173,
CRI,2005,0.173,
CRI,2006,0.187,
CRI,2007,0.187,
CRI,2008,0.187,
CRI,2009,0.187,
CRI,2010,0.187,
CRI,2011,0.184,
CRI,2012,0.187,
CRI,2013,0.187,
CRI,2014,0.179,
CRI,2015,0.182,
CRI,2016,0.187,
CRI,2017,0.201,
CRI,2018,0.196,
CRI,2019,0.19,
CRI,2020,0.19,
CRI,2021,0.19,
CRI,2022,0.19,
CRI,2023,0.19,North America
CRI,2024,0.203,
CIV,1900,0.383,
CIV,1901,0.383,
CIV,1902,0.383,
CIV,1903,0.383,
CIV,1904,0.383,
CIV,1905,0.383,
CIV,1906,0.383,
CIV,1907,0.383,
CIV,1908,0.383,
CIV,1909,0.383,
CIV,1910,0.383,
CIV,1911,0.383,
CIV,1912,0.383,
CIV,1913,0.383,
CIV,1914,0.383,
CIV,1915,0.383,
CIV,1916,0.383,
CIV,1917,0.383,
CIV,1918,0.383,
CIV,1919,0.383,
CIV,1920,0.383,
CIV,1921,0.383,
CIV,1922,0.383,
CIV,1923,0.383,
CIV,1924,0.383,
CIV,1925,0.383,
CIV,1926,0.383,
CIV,1927,0.383,
CIV,1928,0.383,
CIV,1929,0.383,
CIV,1930,0.383,
CIV,1931,0.383,
CIV,1932,0.383,
CIV,1933,0.383,
CIV,1934,0.383,
CIV,1935,0.383,
CIV,1936,0.383,
CIV,1937,0.383,
CIV,1938,0.383,
CIV,1939,0.383,
CIV,1940,0.383,
CIV,1941,0.383,
CIV,1942,0.383,
CIV,1943,0.383,
CIV,1944,0.383,
CIV,1945,0.383,
CIV,1946,0.383,
CIV,1947,0.286,
CIV,1948,0.286,
CIV,1949,0.286,
CIV,1950,0.286,
CIV,1951,0.286,
CIV,1952,0.286,
CIV,1953,0.286,
CIV,1954,0.286,
CIV,1955,0.286,
CIV,1956,0.286,
CIV,1957,0.286,
CIV,1958,0.286,
CIV,1959,0.286,
CIV,1960,0.715,
CIV,1961,0.715,
CIV,1962,0.715,
CIV,1963,0.715,
CIV,1964,0.715,
CIV,1965,0.715,
CIV,1966,0.715,
CIV,1967,0.715,
CIV,1968,0.715,
CIV,1969,0.715,
CIV,1970,0.7,
CIV,1971,0.7,
CIV,1972,0.7,
CIV,1973,0.7,
CIV,1974,0.7,
CIV,1975,0.7,
CIV,1976,0.7,
CIV,1977,0.7,
CIV,1978,0.7,
CIV,1979,0.7,
CIV,1980,0.7,
CIV,1981,0.7,
CIV,1982,0.7,
CIV,1983,0.7,
CIV,1984,0.7,
CIV,1985,0.7,
CIV,1986,0.7,
CIV,1987,0.7,
CIV,1988,0.7,
CIV,1989,0.7,
CIV,1990,0.611,
CIV,1991,0.584,
CIV,1992,0.584,
CIV,1993,0.586,
CIV,1994,0.619,
CIV,1995,0.619,
CIV,1996,0.619,
CIV,1997,0.619,
CIV,1998,0.619,
CIV,1999,0.622,
CIV,2000,0.648,
CIV,2001,0.627,
CIV,2002,0.668,
CIV,2003,0.647,
CIV,2004,0.647,
CIV,2005,0.647,
CIV,2006,0.647,
CIV,2007,0.647,
CIV,2008,0.647,
CIV,2009,0.645,
CIV,2010,0.635,
CIV,2011,0.588,
CIV,2012,0.57,
CIV,2013,0.508,
CIV,2014,0.508,
CIV,2015,0.511,
CIV,2016,0.511,
CIV,2017,0.522,
CIV,2018,0.518,
CIV,2019,0.558,
CIV,2020,0.598,
CIV,2021,0.602,
CIV,2022,0.59,
CIV,2023,0.59,Africa
CIV,2024,0.622,
HRV,1941,0.899,
HRV,1942,0.899,
HRV,1943,0.899,
HRV,1944,0.899,
HRV,1991,0.588,
HRV,1992,0.588,
HRV,1993,0.588,
HRV,1994,0.588,
HRV,1995,0.588,
HRV,1996,0.583,
HRV,1997,0.583,
HRV,1998,0.576,
HRV,1999,0.576,
HRV,2000,0.301,
HRV,2001,0.301,
HRV,2002,0.288,
HRV,2003,0.309,
HRV,2004,0.457,
HRV,2005,0.457,
HRV,2006,0.457,
HRV,2007,0.454,
HRV,2008,0.441,
HRV,2009,0.366,
HRV,2010,0.289,
HRV,2011,0.271,
HRV,2012,0.271,
HRV,2013,0.301,
HRV,2014,0.301,
HRV,2015,0.301,
HRV,2016,0.324,
HRV,2017,0.341,
HRV,2018,0.357,
HRV,2019,0.292,
HRV,2020,0.292,
HRV,2021,0.284,
HRV,2022,0.245,
HRV,2023,0.254,Europe
HRV,2024,0.257,
CUB,1789,0.603,
CUB,1790,0.603,
CUB,1791,0.603,
CUB,1792,0.603,
CUB,1793,0.603,
CUB,1794,0.603,
CUB,1795,0.603,
CUB,1796,0.603,
CUB,1797,0.603,
CUB,1798,0.603,
CUB,1799,0.603,
CUB,1800,0.603,
CUB,1801,0.603,
CUB,1802,0.603,
CUB,1803,0.603,
CUB,1804,0.603,
CUB,1805,0.603,
CUB,1806,0.603,
CUB,1807,0.603,
CUB,1808,0.603,
CUB,1809,0.603,
CUB,1810,0.603,
CUB,1811,0.603,
CUB,1812,0.603,
CUB,1813,0.603,
CUB,1814,0.603,
CUB,1815,0.603,
CUB,1816,0.603,
CUB,1817,0.603,
CUB,1818,0.603,
CUB,1819,0.603,
CUB,1820,0.603,
CUB,1821,0.603,
CUB,1822,0.603,
CUB,1823,0.603,
CUB,1824,0.603,
CUB,1825,0.603,
CUB,1826,0.603,
CUB,1827,0.603,
CUB,1828,0.603,
CUB,1829,0.603,
CUB,1830,0.603,
CUB,1831,0.603,
CUB,1832,0.603,
CUB,1833,0.603,
CUB,1834,0.603,
CUB,1835,0.603,
CUB,1836,0.603,
CUB,1837,0.603,
CUB,1838,0.603,
CUB,1839,0.603,
CUB,1840,0.603,
CUB,1841,0.603,
CUB,1842,0.603,
CUB,1843,0.603,
CUB,1844,0.603,
CUB,1845,0.603,
CUB,1846,0.603,
CUB,1847,0.603,
CUB,1848,0.603,
CUB,1849,0.603,
CUB,1850,0.603,
CUB,1851,0.603,
CUB,1852,0.603,
CUB,1853,0.603,
CUB,1854,0.603,
CUB,1855,0.603,
CUB,1856,0.603,
CUB,1857,0.603,
CUB,1858,0.603,
CUB,1859,0.603,
CUB,1860,0.603,
CUB,1861,0.603,
CUB,1862,0.603,
CUB,1863,0.603,
CUB,1864,0.603,
CUB,1865,0.603,
CUB,1866,0.603,
CUB,1867,0.603,
CUB,1868,0.603,
CUB,1869,0.603,
CUB,1870,0.603,
CUB,1871,0.603,
CUB,1872,0.603,
CUB,1873,0.603,
CUB,1874,0.603,
CUB,1875,0.603,
CUB,1876,0.603,
CUB,1877,0.603,
CUB,1878,0.603,
CUB,1879,0.603,
CUB,1880,0.603,
CUB,1881,0.603,
CUB,1882,0.603,
CUB,1883,0.603,
CUB,1884,0.603,
CUB,1885,0.603,
CUB,1886,0.603,
CUB,1887,0.603,
CUB,1888,0.603,
CUB,1889,0.603,
CUB,1890,0.603,
CUB,1891,0.603,
CUB,1892,0.603,
CUB,1893,0.603,
CUB,1894,0.603,
CUB,1895,0.603,
CUB,1896,0.603,
CUB,1897,0.603,
CUB,1898,0.603,
CUB,1899,0.608,
CUB,1900,0.601,
CUB,1901,0.642,
CUB,1902,0.609,
CUB,1903,0.609,
CUB,1904,0.609,
CUB,1905,0.609,
CUB,1906,0.609,
CUB,1907,0.64,
CUB,1908,0.64,
CUB,1909,0.64,
CUB,1910,0.64,
CUB,1911,0.64,
CUB,1912,0.64,
CUB,1913,0.63,
CUB,1914,0.621,
CUB,1915,0.621,
CUB,1916,0.621,
CUB,1917,0.621,
CUB,1918,0.621,
CUB,1919,0.621,
CUB,1920,0.621,
CUB,1921,0.621,
CUB,1922,0.631,
CUB,1923,0.631,
CUB,1924,0.631,
CUB,1925,0.631,
CUB,1926,0.631,
CUB,1927,0.631,
CUB,1928,0.631,
CUB,1929,0.642,
CUB,1930,0.663,
CUB,1931,0.663,
CUB,1932,0.663,
CUB,1933,0.653,
CUB,1934,0.645,
CUB,1935,0.645,
CUB,1936,0.645,
CUB,1937,0.645,
CUB,1938,0.645,
CUB,1939,0.645,
CUB,1940,0.571,
CUB,1941,0.571,
CUB,1942,0.571,
CUB,1943,0.571,
CUB,1944,0.571,
CUB,1945,0.588,
CUB,1946,0.599,
CUB,1947,0.599,
CUB,1948,0.62,
CUB,1949,0.62,
CUB,1950,0.62,
CUB,1951,0.623,
CUB,1952,0.684,
CUB,1953,0.796,
CUB,1954,0.79,
CUB,1955,0.79,
CUB,1956,0.79,
CUB,1957,0.79,
CUB,1958,0.79,
CUB,1959,0.563,
CUB,1960,0.489,
CUB,1961,0.489,
CUB,1962,0.489,
CUB,1963,0.489,
CUB,1964,0.489,
CUB,1965,0.489,
CUB,1966,0.489,
CUB,1967,0.489,
CUB,1968,0.489,
CUB,1969,0.489,
CUB,1970,0.489,
CUB,1971,0.489,
CUB,1972,0.489,
CUB,1973,0.489,
CUB,1974,0.489,
CUB,1975,0.489,
CUB,1976,0.489,
CUB,1977,0.521,
CUB,1978,0.521,
CUB,1979,0.521,
CUB,1980,0.521,
CUB,1981,0.521,
CUB,1982,0.521,
CUB,1983,0.521,
CUB,1984,0.521,
CUB,1985,0.521,
CUB,1986,0.521,
CUB,1987,0.521,
CUB,1988,0.521,
CUB,1989,0.521,
CUB,1990,0.521,
CUB,1991,0.521,
CUB,1992,0.579,
CUB,1993,0.579,
CUB,1994,0.579,
CUB,1995,0.579,
CUB,1996,0.579,
CUB,1997,0.579,
CUB,1998,0.579,
CUB,1999,0.579,
CUB,2000,0.579,
CUB,2001,0.579,
CUB,2002,0.579,
CUB,2003,0.579,
CUB,2004,0.579,
CUB,2005,0.579,
CUB,2006,0.579,
CUB,2007,0.579,
CUB,2008,0.579,
CUB,2009,0.579,
CUB,2010,0.579,
CUB,2011,0.579,
CUB,2012,0.579,
CUB,2013,0.564,
CUB,2014,0.564,
CUB,2015,0.57,
CUB,2016,0.546,
CUB,2017,0.594,
CUB,2018,0.576,
CUB,2019,0.576,
CUB,2020,0.576,
CUB,2021,0.576,
CUB,2022,0.581,
CUB,2023,0.594,North America
CUB,2024,0.594,
CUW,2023,,North America
CYP,1900,0.408,
CYP,1901,0.408,
CYP,1902,0.408,
CYP,1903,0.408,
CYP,1904,0.408,
CYP,1905,0.408,
CYP,1906,0.408,
CYP,1907,0.408,
CYP,1908,0.408,
CYP,1909,0.408,
CYP,1910,0.408,
CYP,1911,0.408,
CYP,1912,0.408,
CYP,1913,0.408,
CYP,1914,0.408,
CYP,1915,0.408,
CYP,1916,0.408,
CYP,1917,0.408,
CYP,1918,0.408,
CYP,1919,0.408,
CYP,1920,0.408,
CYP,1921,0.408,
CYP,1922,0.408,
CYP,1923,0.408,
CYP,1924,0.408,
CYP,1925,0.408,
CYP,1926,0.408,
CYP,1927,0.408,
CYP,1928,0.408,
CYP,1929,0.408,
CYP,1930,0.408,
CYP,1931,0.408,
CYP,1932,0.408,
CYP,1933,0.408,
CYP,1934,0.408,
CYP,1935,0.408,
CYP,1936,0.408,
CYP,1937,0.408,
CYP,1938,0.408,
CYP,1939,0.408,
CYP,1940,0.423,
CYP,1941,0.423,
CYP,1942,0.423,
CYP,1943,0.423,
CYP,1944,0.423,
CYP,1945,0.423,
CYP,1946,0.423,
CYP,1947,0.423,
CYP,1948,0.423,
CYP,1949,0.423,
CYP,1950,0.423,
CYP,1951,0.423,
CYP,1952,0.423,
CYP,1953,0.423,
CYP,1954,0.423,
CYP,1955,0.423,
CYP,1956,0.423,
CYP,1957,0.423,
CYP,1958,0.423,
CYP,1959,0.423,
CYP,1960,0.308,
CYP,1961,0.332,
CYP,1962,0.332,
CYP,1963,0.332,
CYP,1964,0.332,
CYP,1965,0.332,
CYP,1966,0.332,
CYP,1967,0.332,
CYP,1968,0.332,
CYP,1969,0.332,
CYP,1970,0.332,
CYP,1971,0.332,
CYP,1972,0.332,
CYP,1973,0.332,
CYP,1974,0.332,
CYP,1975,0.235,
CYP,1976,0.23,
CYP,1977,0.23,
CYP,1978,0.232,
CYP,1979,0.232,
CYP,1980,0.232,
CYP,1981,0.232,
CYP,1982,0.232,
CYP,1983,0.232,
CYP,1984,0.232,
CYP,1985,0.232,
CYP,1986,0.232,
CYP,1987,0.232,
CYP,1988,0.232,
CYP,1989,0.232,
CYP,1990,0.232,
CYP,1991,0.184,
CYP,1992,0.184,
CYP,1993,0.184,
CYP,1994,0.184,
CYP,1995,0.184,
CYP,1996,0.184,
CYP,1997,0.184,
CYP,1998,0.184,
CYP,1999,0.189,
CYP,2000,0.184,
CYP,2001,0.184,
CYP,2002,0.184,
CYP,2003,0.184,
CYP,2004,0.138,
CYP,2005,0.138,
CYP,2006,0.142,
CYP,2007,0.141,
CYP,2008,0.136,
CYP,2009,0.138,
CYP,2010,0.138,
CYP,2011,0.133,
CYP,2012,0.133,
CYP,2013,0.139,
CYP,2014,0.143,
CYP,2015,0.143,
CYP,2016,0.14,
CYP,2017,0.146,
CYP,2018,0.146,
CYP,2019,0.154,
CYP,2020,0.202,
CYP,2021,0.202,
CYP,2022,0.202,
CYP,2023,0.195,Europe
CYP,2024,0.16,
CZE,1918,0.318,
CZE,1919,0.331,
CZE,1920,0.331,
CZE,1921,0.331,
CZE,1922,0.331,
CZE,1923,0.331,
CZE,1924,0.331,
CZE,1925,0.331,
CZE,1926,0.331,
CZE,1927,0.331,
CZE,1928,0.331,
CZE,1929,0.331,
CZE,1930,0.331,
CZE,1931,0.331,
CZE,1932,0.331,
CZE,1933,0.331,
CZE,1934,0.331,
CZE,1935,0.331,
CZE,1936,0.331,
CZE,1937,0.331,
CZE,1938,0.455,
CZE,1939,0.477,
CZE,1940,0.511,
CZE,1941,0.511,
CZE,1942,0.511,
CZE,1943,0.511,
CZE,1944,0.511,
CZE,1945,0.478,
CZE,1946,0.402,
CZE,1947,0.419,
CZE,1948,0.488,
CZE,1949,0.583,
CZE,1950,0.583,
CZE,1951,0.583,
CZE,1952,0.583,
CZE,1953,0.583,
CZE,1954,0.583,
CZE,1955,0.583,
CZE,1956,0.583,
CZE,1957,0.583,
CZE,1958,0.583,
CZE,1959,0.583,
CZE,1960,0.583,
CZE,1961,0.583,
CZE,1962,0.583,
CZE,1963,0.583,
CZE,1964,0.583,
CZE,1965,0.583,
CZE,1966,0.583,
CZE,1967,0.583,
CZE,1968,0.583,
CZE,1969,0.583,
CZE,1970,0.57,
CZE,1971,0.57,
CZE,1972,0.57,
CZE,1973,0.57,
CZE,1974,0.57,
CZE,1975,0.57,
CZE,1976,0.57,
CZE,1977,0.57,
CZE,1978,0.57,
CZE,1979,0.57,
CZE,1980,0.53,
CZE,1981,0.53,
CZE,1982,0.53,
CZE,1983,0.53,
CZE,1984,0.53,
CZE,1985,0.53,
CZE,1986,0.53,
CZE,1987,0.53,
CZE,1988,0.53,
CZE,1989,0.53,
CZE,1990,0.252,
CZE,1991,0.252,
CZE,1992,0.26,
CZE,1993,0.26,
CZE,1994,0.26,
CZE,1995,0.26,
CZE,1996,0.26,
CZE,1997,0.26,
CZE,1998,0.26,
CZE,1999,0.264,
CZE,2000,0.261,
CZE,2001,0.261,
CZE,2002,0.261,
CZE,2003,0.261,
CZE,2004,0.261,
CZE,2005,0.261,
CZE,2006,0.261,
CZE,2007,0.261,
CZE,2008,0.261,
CZE,2009,0.265,
CZE,2010,0.244,
CZE,2011,0.249,
CZE,2012,0.236,
CZE,2013,0.239,
CZE,2014,0.23,
CZE,2015,0.224,
CZE,2016,0.224,
CZE,2017,0.211,
CZE,2018,0.2,
CZE,2019,0.228,
CZE,2020,0.22,
CZE,2021,0.163,
CZE,2022,0.159,
CZE,2023,0.132,Europe
CZE,2024,0.098,
OWID_CZS,2023,,Europe
COD,1900,0.299,
COD,1901,0.299,
COD,1902,0.299,
COD,1903,0.299,
COD,1904,0.299,
COD,1905,0.299,
COD,1906,0.299,
COD,1907,0.299,
COD,1908,0.299,
COD,1909,0.305,
COD,1910,0.305,
COD,1911,0.305,
COD,1912,0.305,
COD,1913,0.305,
COD,1914,0.305,
COD,1915,0.305,
COD,1916,0.305,
COD,1917,0.305,
COD,1918,0.305,
COD,1919,0.305,
COD,1920,0.247,
COD,1921,0.247,
COD,1922,0.247,
COD,1923,0.247,
COD,1924,0.247,
COD,1925,0.247,
COD,1926,0.247,
COD,1927,0.247,
COD,1928,0.247,
COD,1929,0.247,
COD,1930,0.247,
COD,1931,0.247,
COD,1932,0.247,
COD,1933,0.247,
COD,1934,0.247,
COD,1935,0.247,
COD,1936,0.247,
COD,1937,0.247,
COD,1938,0.247,
COD,1939,0.247,
COD,1940,0.247,
COD,1941,0.247,
COD,1942,0.247,
COD,1943,0.247,
COD,1944,0.247,
COD,1945,0.247,
COD,1946,0.247,
COD,1947,0.247,
COD,1948,0.247,
COD,1949,0.247,
COD,1950,0.247,
COD,1951,0.247,
COD,1952,0.247,
COD,1953,0.247,
COD,1954,0.247,
COD,1955,0.247,
COD,1956,0.247,
COD,1957,0.247,
COD,1958,0.247,
COD,1959,0.247,
COD,1960,0.489,
COD,1961,0.486,
COD,1962,0.486,
COD,1963,0.486,
COD,1964,0.505,
COD,1965,0.57,
COD,1966,0.676,
COD,1967,0.676,
COD,1968,0.702,
COD,1969,0.712,
COD,1970,0.736,
COD,1971,0.736,
COD,1972,0.745,
COD,1973,0.745,
COD,1974,0.796,
COD,1975,0.81,
COD,1976,0.81,
COD,1977,0.81,
COD,1978,0.81,
COD,1979,0.81,
COD,1980,0.827,
COD,1981,0.827,
COD,1982,0.827,
COD,1983,0.827,
COD,1984,0.827,
COD,1985,0.827,
COD,1986,0.827,
COD,1987,0.827,
COD,1988,0.827,
COD,1989,0.827,
COD,1990,0.831,
COD,1991,0.831,
COD,1992,0.931,
COD,1993,0.914,
COD,1994,0.914,
COD,1995,0.914,
COD,1996,0.914,
COD,1997,0.914,
COD,1998,0.937,
COD,1999,0.937,
COD,2000,0.937,
COD,2001,0.937,
COD,2002,0.937,
COD,2003,0.936,
COD,2004,0.936,
COD,2005,0.936,
COD,2006,0.926,
COD,2007,0.926,
COD,2008,0.926,
COD,2009,0.92,
COD,2010,0.924,
COD,2011,0.924,
COD,2012,0.92,
COD,2013,0.947,
COD,2014,0.951,
COD,2015,0.96,
COD,2016,0.96,
COD,2017,0.964,
COD,2018,0.965,
COD,2019,0.94,
COD,2020,0.912,
COD,2021,0.921,
COD,2022,0.949,
COD,2023,0.929,Africa
COD,2024,0.916,
,1945,0.187,
,1946,0.187,
,1947,0.173,
,1948,0.173,
,1949,0.173,
,1950,0.173,
,1951,0.173,
,1952,0.173,
,1953,0.173,
,1954,0.173,
,1955,0.195,
,1956,0.195,
,1957,0.195,
,1958,0.195,
,1959,0.195,
,1960,0.195,
,1961,0.195,
,1962,0.195,
,1963,0.195,
,1964,0.195,
,1965,0.195,
,1966,0.208,
,1967,0.208,
,1968,0.208,
,1969,0.208,
,1970,0.208,
,1971,0.208,
,1972,0.208,
,1973,0.208,
,1974,0.208,
,1975,0.208,
,2023,,Asia
DNK,1789,0.008,
DNK,1790,0.008,
DNK,1791,0.008,
DNK,1792,0.008,
DNK,1793,0.008,
DNK,1794,0.008,
DNK,1795,0.008,
DNK,1796,0.008,
DNK,1797,0.008,
DNK,1798,0.008,
DNK,1799,0.008,
DNK,1800,0.008,
DNK,1801,0.008,
DNK,1802,0.008,
DNK,1803,0.008,
DNK,1804,0.008,
DNK,1805,0.008,
DNK,1806,0.008,
DNK,1807,0.008,
DNK,1808,0.008,
DNK,1809,0.008,
DNK,1810,0.008,
DNK,1811,0.008,
DNK,1812,0.008,
DNK,1813,0.008,
DNK,1814,0.008,
DNK,1815,0.008,
DNK,1816,0.008,
DNK,1817,0.008,
DNK,1818,0.008,
DNK,1819,0.008,
DNK,1820,0.008,
DNK,1821,0.008,
DNK,1822,0.008,
DNK,1823,0.008,
DNK,1824,0.008,
DNK,1825,0.008,
DNK,1826,0.008,
DNK,1827,0.008,
DNK,1828,0.008,
DNK,1829,0.008,
DNK,1830,0.008,
DNK,1831,0.008,
DNK,1832,0.008,
DNK,1833,0.008,
DNK,1834,0.008,
DNK,1835,0.008,
DNK,1836,0.008,
DNK,1837,0.008,
DNK,1838,0.008,
DNK,1839,0.008,
DNK,1840,0.008,
DNK,1841,0.008,
DNK,1842,0.008,
DNK,1843,0.008,
DNK,1844,0.008,
DNK,1845,0.008,
DNK,1846,0.008,
DNK,1847,0.008,
DNK,1848,0.019,
DNK,1849,0.019,
DNK,1850,0.019,
DNK,1851,0.019,
DNK,1852,0.019,
DNK,1853,0.019,
DNK,1854,0.019,
DNK,1855,0.019,
DNK,1856,0.019,
DNK,1857,0.019,
DNK,1858,0.019,
DNK,1859,0.019,
DNK,1860,0.019,
DNK,1861,0.019,
DNK,1862,0.019,
DNK,1863,0.019,
DNK,1864,0.019,
DNK,1865,0.019,
DNK,1866,0.019,
DNK,1867,0.019,
DNK,1868,0.019,
DNK,1869,0.019,
DNK,1870,0.019,
DNK,1871,0.019,
DNK,1872,0.019,
DNK,1873,0.019,
DNK,1874,0.019,
DNK,1875,0.019,
DNK,1876,0.019,
DNK,1877,0.019,
DNK,1878,0.019,
DNK,1879,0.019,
DNK,1880,0.019,
DNK,1881,0.019,
DNK,1882,0.019,
DNK,1883,0.019,
DNK,1884,0.019,
DNK,1885,0.019,
DNK,1886,0.019,
DNK,1887,0.019,
DNK,1888,0.019,
DNK,1889,0.019,
DNK,1890,0.019,
DNK,1891,0.019,
DNK,1892,0.019,
DNK,1893,0.019,
DNK,1894,0.019,
DNK,1895,0.019,
DNK,1896,0.019,
DNK,1897,0.019,
DNK,1898,0.019,
DNK,1899,0.019,
DNK,1900,0.019,
DNK,1901,0.022,
DNK,1902,0.022,
DNK,1903,0.022,
DNK,1904,0.022,
DNK,1905,0.022,
DNK,1906,0.022,
DNK,1907,0.022,
DNK,1908,0.022,
DNK,1909,0.017,
DNK,1910,0.017,
DNK,1911,0.017,
DNK,1912,0.017,
DNK,1913,0.017,
DNK,1914,0.017,
DNK,1915,0.017,
DNK,1916,0.017,
DNK,1917,0.017,
DNK,1918,0.017,
DNK,1919,0.017,
DNK,1920,0.017,
DNK,1921,0.016,
DNK,1922,0.016,
DNK,1923,0.016,
DNK,1924,0.016,
DNK,1925,0.016,
DNK,1926,0.016,
DNK,1927,0.016,
DNK,1928,0.016,
DNK,1929,0.016,
DNK,1930,0.014,
DNK,1931,0.014,
DNK,1932,0.014,
DNK,1933,0.014,
DNK,1934,0.014,
DNK,1935,0.014,
DNK,1936,0.014,
DNK,1937,0.014,
DNK,1938,0.014,
DNK,1939,0.014,
DNK,1940,0.014,
DNK,1941,0.014,
DNK,1942,0.014,
DNK,1943,0.002,
DNK,1944,0.002,
DNK,1945,0.002,
DNK,1946,0.007,
DNK,1947,0.007,
DNK,1948,0.007,
DNK,1949,0.007,
DNK,1950,0.007,
DNK,1951,0.007,
DNK,1952,0.007,
DNK,1953,0.007,
DNK,1954,0.007,
DNK,1955,0.007,
DNK,1956,0.007,
DNK,1957,0.007,
DNK,1958,0.007,
DNK,1959,0.007,
DNK,1960,0.007,
DNK,1961,0.007,
DNK,1962,0.007,
DNK,1963,0.007,
DNK,1964,0.007,
DNK,1965,0.007,
DNK,1966,0.007,
DNK,1967,0.007,
DNK,1968,0.007,
DNK,1969,0.002,
DNK,1970,0.002,
DNK,1971,0.002,
DNK,1972,0.002,
DNK,1973,0.002,
DNK,1974,0.002,
DNK,1975,0.002,
DNK,1976,0.002,
DNK,1977,0.002,
DNK,1978,0.002,
DNK,1979,0.002,
DNK,1980,0.002,
DNK,1981,0.002,
DNK,1982,0.002,
DNK,1983,0.002,
DNK,1984,0.002,
DNK,1985,0.002,
DNK,1986,0.002,
DNK,1987,0.002,
DNK,1988,0.002,
DNK,1989,0.002,
DNK,1990,0.002,
DNK,1991,0.002,
DNK,1992,0.002,
DNK,1993,0.002,
DNK,1994,0.002,
DNK,1995,0.002,
DNK,1996,0.002,
DNK,1997,0.002,
DNK,1998,0.002,
DNK,1999,0.002,
DNK,2000,0.002,
DNK,2001,0.002,
DNK,2002,0.002,
DNK,2003,0.002,
DNK,2004,0.002,
DNK,2005,0.002,
DNK,2006,0.002,
DNK,2007,0.002,
DNK,2008,0.002,
DNK,2009,0.002,
DNK,2010,0.002,
DNK,2011,0.002,
DNK,2012,0.002,
DNK,2013,0.002,
DNK,2014,0.002,
DNK,2015,0.002,
DNK,2016,0.002,
DNK,2017,0.002,
DNK,2018,0.002,
DNK,2019,0.002,
DNK,2020,0.002,
DNK,2021,0.002,
DNK,2022,0.002,
DNK,2023,0.003,Europe
DNK,2024,0.003,
DJI,1900,0.521,
DJI,1901,0.521,
DJI,1902,0.521,
DJI,1903,0.521,
DJI,1904,0.521,
DJI,1905,0.521,
DJI,1906,0.521,
DJI,1907,0.521,
DJI,1908,0.521,
DJI,1909,0.521,
DJI,1910,0.521,
DJI,1911,0.521,
DJI,1912,0.521,
DJI,1913,0.521,
DJI,1914,0.521,
DJI,1915,0.521,
DJI,1916,0.521,
DJI,1917,0.521,
DJI,1918,0.521,
DJI,1919,0.521,
DJI,1920,0.521,
DJI,1921,0.521,
DJI,1922,0.521,
DJI,1923,0.521,
DJI,1924,0.521,
DJI,1925,0.521,
DJI,1926,0.521,
DJI,1927,0.521,
DJI,1928,0.521,
DJI,1929,0.521,
DJI,1930,0.521,
DJI,1931,0.521,
DJI,1932,0.521,
DJI,1933,0.521,
DJI,1934,0.521,
DJI,1935,0.521,
DJI,1936,0.521,
DJI,1937,0.521,
DJI,1938,0.521,
DJI,1939,0.521,
DJI,1940,0.521,
DJI,1941,0.521,
DJI,1942,0.521,
DJI,1943,0.521,
DJI,1944,0.521,
DJI,1945,0.521,
DJI,1946,0.521,
DJI,1947,0.633,
DJI,1948,0.633,
DJI,1949,0.633,
DJI,1950,0.633,
DJI,1951,0.633,
DJI,1952,0.633,
DJI,1953,0.633,
DJI,1954,0.633,
DJI,1955,0.633,
DJI,1956,0.633,
DJI,1957,0.633,
DJI,1958,0.637,
DJI,1959,0.637,
DJI,1960,0.637,
DJI,1961,0.637,
DJI,1962,0.637,
DJI,1963,0.637,
DJI,1964,0.637,
DJI,1965,0.637,
DJI,1966,0.637,
DJI,1967,0.637,
DJI,1968,0.637,
DJI,1969,0.637,
DJI,1970,0.591,
DJI,1971,0.602,
DJI,1972,0.602,
DJI,1973,0.605,
DJI,1974,0.61,
DJI,1975,0.61,
DJI,1976,0.61,
DJI,1977,0.54,
DJI,1978,0.72,
DJI,1979,0.72,
DJI,1980,0.72,
DJI,1981,0.72,
DJI,1982,0.72,
DJI,1983,0.72,
DJI,1984,0.72,
DJI,1985,0.72,
DJI,1986,0.72,
DJI,1987,0.72,
DJI,1988,0.72,
DJI,1989,0.72,
DJI,1990,0.72,
DJI,1991,0.72,
DJI,1992,0.701,
DJI,1993,0.701,
DJI,1994,0.701,
DJI,1995,0.701,
DJI,1996,0.701,
DJI,1997,0.705,
DJI,1998,0.705,
DJI,1999,0.705,
DJI,2000,0.693,
DJI,2001,0.693,
DJI,2002,0.693,
DJI,2003,0.693,
DJI,2004,0.693,
DJI,2005,0.693,
DJI,2006,0.693,
DJI,2007,0.693,
DJI,2008,0.693,
DJI,2009,0.693,
DJI,2010,0.693,
DJI,2011,0.693,
DJI,2012,0.693,
DJI,2013,0.693,
DJI,2014,0.693,
DJI,2015,0.693,
DJI,2016,0.693,
DJI,2017,0.693,
DJI,2018,0.698,
DJI,2019,0.667,
DJI,2020,0.653,
DJI,2021,0.675,
DJI,2022,0.675,
DJI,2023,0.675,Africa
DJI,2024,0.675,
DMA,2023,,North America
DOM,1844,0.833,
DOM,1845,0.833,
DOM,1846,0.833,
DOM,1847,0.833,
DOM,1848,0.833,
DOM,1849,0.833,
DOM,1850,0.833,
DOM,1851,0.833,
DOM,1852,0.833,
DOM,1853,0.833,
DOM,1854,0.833,
DOM,1855,0.833,
DOM,1856,0.833,
DOM,1857,0.833,
DOM,1858,0.833,
DOM,1859,0.833,
DOM,1860,0.833,
DOM,1861,0.566,
DOM,1862,0.566,
DOM,1863,0.566,
DOM,1864,0.566,
DOM,1865,0.8,
DOM,1866,0.8,
DOM,1867,0.8,
DOM,1868,0.8,
DOM,1869,0.841,
DOM,1870,0.841,
DOM,1871,0.841,
DOM,1872,0.841,
DOM,1873,0.841,
DOM,1874,0.841,
DOM,1875,0.799,
DOM,1876,0.742,
DOM,1877,0.842,
DOM,1878,0.842,
DOM,1879,0.799,
DOM,1880,0.799,
DOM,1881,0.799,
DOM,1882,0.799,
DOM,1883,0.799,
DOM,1884,0.87,
DOM,1885,0.87,
DOM,1886,0.87,
DOM,1887,0.87,
DOM,1888,0.87,
DOM,1889,0.87,
DOM,1890,0.87,
DOM,1891,0.87,
DOM,1892,0.87,
DOM,1893,0.87,
DOM,1894,0.87,
DOM,1895,0.87,
DOM,1896,0.87,
DOM,1897,0.87,
DOM,1898,0.87,
DOM,1899,0.87,
DOM,1900,0.877,
DOM,1901,0.877,
DOM,1902,0.877,
DOM,1903,0.877,
DOM,1904,0.877,
DOM,1905,0.877,
DOM,1906,0.868,
DOM,1907,0.868,
DOM,1908,0.868,
DOM,1909,0.868,
DOM,1910,0.868,
DOM,1911,0.868,
DOM,1912,0.88,
DOM,1913,0.88,
DOM,1914,0.88,
DOM,1915,0.88,
DOM,1916,0.767,
DOM,1917,0.755,
DOM,1918,0.755,
DOM,1919,0.755,
DOM,1920,0.755,
DOM,1921,0.755,
DOM,1922,0.755,
DOM,1923,0.755,
DOM,1924,0.867,
DOM,1925,0.867,
DOM,1926,0.867,
DOM,1927,0.867,
DOM,1928,0.867,
DOM,1929,0.867,
DOM,1930,0.813,
DOM,1931,0.845,
DOM,1932,0.845,
DOM,1933,0.845,
DOM,1934,0.845,
DOM,1935,0.845,
DOM,1936,0.845,
DOM,1937,0.845,
DOM,1938,0.845,
DOM,1939,0.845,
DOM,1940,0.845,
DOM,1941,0.845,
DOM,1942,0.845,
DOM,1943,0.845,
DOM,1944,0.845,
DOM,1945,0.845,
DOM,1946,0.845,
DOM,1947,0.845,
DOM,1948,0.845,
DOM,1949,0.845,
DOM,1950,0.845,
DOM,1951,0.845,
DOM,1952,0.845,
DOM,1953,0.845,
DOM,1954,0.845,
DOM,1955,0.845,
DOM,1956,0.845,
DOM,1957,0.845,
DOM,1958,0.845,
DOM,1959,0.845,
DOM,1960,0.845,
DOM,1961,0.819,
DOM,1962,0.824,
DOM,1963,0.685,
DOM,1964,0.833,
DOM,1965,0.833,
DOM,1966,0.87,
DOM,1967,0.87,
DOM,1968,0.87,
DOM,1969,0.87,
DOM,1970,0.87,
DOM,1971,0.87,
DOM,1972,0.87,
DOM,1973,0.859,
DOM,1974,0.87,
DOM,1975,0.87,
DOM,1976,0.87,
DOM,1977,0.87,
DOM,1978,0.87,
DOM,1979,0.814,
DOM,1980,0.814,
DOM,1981,0.814,
DOM,1982,0.814,
DOM,1983,0.814,
DOM,1984,0.814,
DOM,1985,0.814,
DOM,1986,0.814,
DOM,1987,0.818,
DOM,1988,0.818,
DOM,1989,0.818,
DOM,1990,0.818,
DOM,1991,0.818,
DOM,1992,0.818,
DOM,1993,0.818,
DOM,1994,0.818,
DOM,1995,0.818,
DOM,1996,0.818,
DOM,1997,0.783,
DOM,1998,0.783,
DOM,1999,0.783,
DOM,2000,0.783,
DOM,2001,0.783,
DOM,2002,0.783,
DOM,2003,0.783,
DOM,2004,0.783,
DOM,2005,0.783,
DOM,2006,0.783,
DOM,2007,0.783,
DOM,2008,0.783,
DOM,2009,0.783,
DOM,2010,0.783,
DOM,2011,0.783,
DOM,2012,0.783,
DOM,2013,0.768,
DOM,2014,0.768,
DOM,2015,0.756,
DOM,2016,0.756,
DOM,2017,0.77,
DOM,2018,0.79,
DOM,2019,0.808,
DOM,2020,0.616,
DOM,2021,0.609,
DOM,2022,0.61,
DOM,2023,0.614,North America
DOM,2024,0.709,
,2023,,Europe
,1806,0.255,
,1807,0.255,
,1808,0.255,
,1809,0.255,
,1810,0.255,
,1811,0.255,
,1812,0.255,
,1813,0.255,
,1814,0.255,
,1815,0.255,
,1816,0.255,
,1817,0.233,
,1818,0.313,
,1819,0.313,
,1820,0.313,
,1821,0.313,
,1822,0.313,
,1823,0.313,
,1824,0.313,
,1825,0.313,
,1826,0.313,
,1827,0.313,
,1828,0.313,
,1829,0.313,
,1830,0.313,
,1831,0.313,
,1832,0.313,
,1833,0.313,
,1834,0.313,
,1835,0.313,
,1836,0.313,
,1837,0.313,
,1838,0.313,
,1839,0.313,
,1840,0.313,
,1841,0.313,
,1842,0.295,
,1843,0.295,
,1844,0.295,
,1845,0.295,
,1846,0.295,
,1847,0.295,
,1848,0.279,
,1849,0.279,
,1850,0.279,
,1851,0.279,
,1852,0.279,
,1853,0.279,
,1854,0.279,
,1855,0.279,
,1856,0.279,
,1857,0.279,
,1858,0.279,
,1859,0.279,
,1860,0.263,
,1861,0.263,
,1862,0.263,
,1863,0.263,
,1864,0.263,
,1865,0.263,
,1866,0.263,
,2023,,Europe
OWID_GDR,1949,0.229,
OWID_GDR,1950,0.198,
OWID_GDR,1951,0.198,
OWID_GDR,1952,0.198,
OWID_GDR,1953,0.198,
OWID_GDR,1954,0.198,
OWID_GDR,1955,0.198,
OWID_GDR,1956,0.198,
OWID_GDR,1957,0.198,
OWID_GDR,1958,0.198,
OWID_GDR,1959,0.198,
OWID_GDR,1960,0.198,
OWID_GDR,1961,0.198,
OWID_GDR,1962,0.198,
OWID_GDR,1963,0.198,
OWID_GDR,1964,0.198,
OWID_GDR,1965,0.198,
OWID_GDR,1966,0.198,
OWID_GDR,1967,0.198,
OWID_GDR,1968,0.198,
OWID_GDR,1969,0.198,
OWID_GDR,1970,0.198,
OWID_GDR,1971,0.198,
OWID_GDR,1972,0.198,
OWID_GDR,1973,0.198,
OWID_GDR,1974,0.198,
OWID_GDR,1975,0.198,
OWID_GDR,1976,0.198,
OWID_GDR,1977,0.198,
OWID_GDR,1978,0.198,
OWID_GDR,1979,0.198,
OWID_GDR,1980,0.198,
OWID_GDR,1981,0.198,
OWID_GDR,1982,0.198,
OWID_GDR,1983,0.198,
OWID_GDR,1984,0.198,
OWID_GDR,1985,0.198,
OWID_GDR,1986,0.198,
OWID_GDR,1987,0.198,
OWID_GDR,1988,0.198,
OWID_GDR,1989,0.198,
OWID_GDR,1990,0.159,
OWID_GDR,2023,,Europe
TLS,2001,0.319,
TLS,2002,0.311,
TLS,2003,0.311,
TLS,2004,0.311,
TLS,2005,0.26,
TLS,2006,0.26,
TLS,2007,0.26,
TLS,2008,0.275,
TLS,2009,0.28,
TLS,2010,0.28,
TLS,2011,0.28,
TLS,2012,0.28,
TLS,2013,0.283,
TLS,2014,0.305,
TLS,2015,0.301,
TLS,2016,0.291,
TLS,2017,0.361,
TLS,2018,0.359,
TLS,2019,0.323,
TLS,2020,0.298,
TLS,2021,0.255,
TLS,2022,0.255,
TLS,2023,0.215,Asia
TLS,2024,0.215,
ECU,1830,0.893,
ECU,1831,0.893,
ECU,1832,0.893,
ECU,1833,0.893,
ECU,1834,0.769,
ECU,1835,0.754,
ECU,1836,0.754,
ECU,1837,0.754,
ECU,1838,0.754,
ECU,1839,0.905,
ECU,1840,0.905,
ECU,1841,0.905,
ECU,1842,0.905,
ECU,1843,0.905,
ECU,1844,0.905,
ECU,1845,0.61,
ECU,1846,0.61,
ECU,1847,0.61,
ECU,1848,0.61,
ECU,1849,0.61,
ECU,1850,0.61,
ECU,1851,0.61,
ECU,1852,0.61,
ECU,1853,0.61,
ECU,1854,0.61,
ECU,1855,0.61,
ECU,1856,0.61,
ECU,1857,0.61,
ECU,1858,0.61,
ECU,1859,0.828,
ECU,1860,0.897,
ECU,1861,0.897,
ECU,1862,0.897,
ECU,1863,0.897,
ECU,1864,0.897,
ECU,1865,0.743,
ECU,1866,0.743,
ECU,1867,0.743,
ECU,1868,0.743,
ECU,1869,0.897,
ECU,1870,0.897,
ECU,1871,0.897,
ECU,1872,0.897,
ECU,1873,0.897,
ECU,1874,0.897,
ECU,1875,0.814,
ECU,1876,0.803,
ECU,1877,0.803,
ECU,1878,0.803,
ECU,1879,0.803,
ECU,1880,0.803,
ECU,1881,0.803,
ECU,1882,0.803,
ECU,1883,0.886,
ECU,1884,0.886,
ECU,1885,0.886,
ECU,1886,0.886,
ECU,1887,0.886,
ECU,1888,0.802,
ECU,1889,0.802,
ECU,1890,0.802,
ECU,1891,0.802,
ECU,1892,0.735,
ECU,1893,0.735,
ECU,1894,0.735,
ECU,1895,0.735,
ECU,1896,0.681,
ECU,1897,0.658,
ECU,1898,0.658,
ECU,1899,0.658,
ECU,1900,0.658,
ECU,1901,0.803,
ECU,1902,0.803,
ECU,1903,0.803,
ECU,1904,0.803,
ECU,1905,0.803,
ECU,1906,0.695,
ECU,1907,0.702,
ECU,1908,0.702,
ECU,1909,0.702,
ECU,1910,0.702,
ECU,1911,0.702,
ECU,1912,0.702,
ECU,1913,0.863,
ECU,1914,0.863,
ECU,1915,0.863,
ECU,1916,0.814,
ECU,1917,0.814,
ECU,1918,0.814,
ECU,1919,0.814,
ECU,1920,0.814,
ECU,1921,0.814,
ECU,1922,0.814,
ECU,1923,0.814,
ECU,1924,0.814,
ECU,1925,0.814,
ECU,1926,0.814,
ECU,1927,0.814,
ECU,1928,0.814,
ECU,1929,0.814,
ECU,1930,0.814,
ECU,1931,0.814,
ECU,1932,0.812,
ECU,1933,0.815,
ECU,1934,0.815,
ECU,1935,0.788,
ECU,1936,0.802,
ECU,1937,0.802,
ECU,1938,0.794,
ECU,1939,0.827,
ECU,1940,0.824,
ECU,1941,0.827,
ECU,1942,0.827,
ECU,1943,0.827,
ECU,1944,0.827,
ECU,1945,0.827,
ECU,1946,0.827,
ECU,1947,0.827,
ECU,1948,0.758,
ECU,1949,0.758,
ECU,1950,0.758,
ECU,1951,0.758,
ECU,1952,0.783,
ECU,1953,0.783,
ECU,1954,0.783,
ECU,1955,0.783,
ECU,1956,0.759,
ECU,1957,0.752,
ECU,1958,0.752,
ECU,1959,0.752,
ECU,1960,0.78,
ECU,1961,0.789,
ECU,1962,0.778,
ECU,1963,0.733,
ECU,1964,0.733,
ECU,1965,0.733,
ECU,1966,0.733,
ECU,1967,0.769,
ECU,1968,0.769,
ECU,1969,0.785,
ECU,1970,0.757,
ECU,1971,0.757,
ECU,1972,0.715,
ECU,1973,0.715,
ECU,1974,0.733,
ECU,1975,0.733,
ECU,1976,0.726,
ECU,1977,0.726,
ECU,1978,0.725,
ECU,1979,0.517,
ECU,1980,0.59,
ECU,1981,0.59,
ECU,1982,0.59,
ECU,1983,0.59,
ECU,1984,0.597,
ECU,1985,0.682,
ECU,1986,0.682,
ECU,1987,0.682,
ECU,1988,0.682,
ECU,1989,0.625,
ECU,1990,0.629,
ECU,1991,0.629,
ECU,1992,0.629,
ECU,1993,0.649,
ECU,1994,0.645,
ECU,1995,0.66,
ECU,1996,0.671,
ECU,1997,0.707,
ECU,1998,0.704,
ECU,1999,0.713,
ECU,2000,0.704,
ECU,2001,0.704,
ECU,2002,0.704,
ECU,2003,0.716,
ECU,2004,0.713,
ECU,2005,0.717,
ECU,2006,0.71,
ECU,2007,0.685,
ECU,2008,0.666,
ECU,2009,0.663,
ECU,2010,0.673,
ECU,2011,0.677,
ECU,2012,0.68,
ECU,2013,0.698,
ECU,2014,0.7,
ECU,2015,0.706,
ECU,2016,0.706,
ECU,2017,0.622,
ECU,2018,0.64,
ECU,2019,0.629,
ECU,2020,0.638,
ECU,2021,0.627,
ECU,2022,0.626,
ECU,2023,0.66,South America
ECU,2024,0.651,
EGY,1789,0.641,
EGY,1790,0.641,
EGY,1791,0.641,
EGY,1792,0.641,
EGY,1793,0.641,
EGY,1794,0.641,
EGY,1795,0.641,
EGY,1796,0.641,
EGY,1797,0.641,
EGY,1798,0.607,
EGY,1799,0.607,
EGY,1800,0.607,
EGY,1801,0.607,
EGY,1802,0.607,
EGY,1803,0.607,
EGY,1804,0.639,
EGY,1805,0.639,
EGY,1806,0.639,
EGY,1807,0.639,
EGY,1808,0.639,
EGY,1809,0.639,
EGY,1810,0.639,
EGY,1811,0.639,
EGY,1812,0.639,
EGY,1813,0.639,
EGY,1814,0.639,
EGY,1815,0.639,
EGY,1816,0.69,
EGY,1817,0.69,
EGY,1818,0.69,
EGY,1819,0.69,
EGY,1820,0.69,
EGY,1821,0.69,
EGY,1822,0.69,
EGY,1823,0.69,
EGY,1824,0.69,
EGY,1825,0.69,
EGY,1826,0.69,
EGY,1827,0.69,
EGY,1828,0.69,
EGY,1829,0.69,
EGY,1830,0.69,
EGY,1831,0.69,
EGY,1832,0.69,
EGY,1833,0.69,
EGY,1834,0.69,
EGY,1835,0.69,
EGY,1836,0.69,
EGY,1837,0.69,
EGY,1838,0.69,
EGY,1839,0.69,
EGY,1840,0.69,
EGY,1841,0.69,
EGY,1842,0.69,
EGY,1843,0.69,
EGY,1844,0.69,
EGY,1845,0.69,
EGY,1846,0.69,
EGY,1847,0.69,
EGY,1848,0.69,
EGY,1849,0.69,
EGY,1850,0.69,
EGY,1851,0.69,
EGY,1852,0.69,
EGY,1853,0.69,
EGY,1854,0.69,
EGY,1855,0.69,
EGY,1856,0.69,
EGY,1857,0.69,
EGY,1858,0.69,
EGY,1859,0.69,
EGY,1860,0.69,
EGY,1861,0.69,
EGY,1862,0.69,
EGY,1863,0.69,
EGY,1864,0.69,
EGY,1865,0.69,
EGY,1866,0.746,
EGY,1867,0.678,
EGY,1868,0.678,
EGY,1869,0.678,
EGY,1870,0.678,
EGY,1871,0.678,
EGY,1872,0.678,
EGY,1873,0.678,
EGY,1874,0.678,
EGY,1875,0.678,
EGY,1876,0.678,
EGY,1877,0.616,
EGY,1878,0.616,
EGY,1879,0.659,
EGY,1880,0.659,
EGY,1881,0.659,
EGY,1882,0.586,
EGY,1883,0.586,
EGY,1884,0.586,
EGY,1885,0.586,
EGY,1886,0.586,
EGY,1887,0.586,
EGY,1888,0.586,
EGY,1889,0.586,
EGY,1890,0.586,
EGY,1891,0.586,
EGY,1892,0.586,
EGY,1893,0.586,
EGY,1894,0.586,
EGY,1895,0.586,
EGY,1896,0.586,
EGY,1897,0.586,
EGY,1898,0.586,
EGY,1899,0.586,
EGY,1900,0.586,
EGY,1901,0.586,
EGY,1902,0.586,
EGY,1903,0.586,
EGY,1904,0.586,
EGY,1905,0.586,
EGY,1906,0.586,
EGY,1907,0.586,
EGY,1908,0.577,
EGY,1909,0.577,
EGY,1910,0.577,
EGY,1911,0.577,
EGY,1912,0.577,
EGY,1913,0.577,
EGY,1914,0.631,
EGY,1915,0.631,
EGY,1916,0.631,
EGY,1917,0.631,
EGY,1918,0.631,
EGY,1919,0.631,
EGY,1920,0.631,
EGY,1921,0.631,
EGY,1922,0.631,
EGY,1923,0.631,
EGY,1924,0.582,
EGY,1925,0.582,
EGY,1926,0.582,
EGY,1927,0.582,
EGY,1928,0.582,
EGY,1929,0.582,
EGY,1930,0.582,
EGY,1931,0.582,
EGY,1932,0.582,
EGY,1933,0.582,
EGY,1934,0.582,
EGY,1935,0.582,
EGY,1936,0.582,
EGY,1937,0.582,
EGY,1938,0.582,
EGY,1939,0.582,
EGY,1940,0.572,
EGY,1941,0.572,
EGY,1942,0.572,
EGY,1943,0.572,
EGY,1944,0.572,
EGY,1945,0.572,
EGY,1946,0.572,
EGY,1947,0.572,
EGY,1948,0.572,
EGY,1949,0.572,
EGY,1950,0.563,
EGY,1951,0.563,
EGY,1952,0.435,
EGY,1953,0.507,
EGY,1954,0.572,
EGY,1955,0.572,
EGY,1956,0.572,
EGY,1957,0.572,
EGY,1958,0.587,
EGY,1959,0.572,
EGY,1960,0.572,
EGY,1961,0.586,
EGY,1962,0.572,
EGY,1963,0.572,
EGY,1964,0.583,
EGY,1965,0.586,
EGY,1966,0.586,
EGY,1967,0.586,
EGY,1968,0.586,
EGY,1969,0.586,
EGY,1970,0.639,
EGY,1971,0.654,
EGY,1972,0.658,
EGY,1973,0.658,
EGY,1974,0.658,
EGY,1975,0.658,
EGY,1976,0.658,
EGY,1977,0.658,
EGY,1978,0.658,
EGY,1979,0.658,
EGY,1980,0.712,
EGY,1981,0.757,
EGY,1982,0.792,
EGY,1983,0.792,
EGY,1984,0.792,
EGY,1985,0.792,
EGY,1986,0.792,
EGY,1987,0.792,
EGY,1988,0.792,
EGY,1989,0.792,
EGY,1990,0.837,
EGY,1991,0.837,
EGY,1992,0.837,
EGY,1993,0.837,
EGY,1994,0.809,
EGY,1995,0.829,
EGY,1996,0.832,
EGY,1997,0.832,
EGY,1998,0.832,
EGY,1999,0.832,
EGY,2000,0.832,
EGY,2001,0.832,
EGY,2002,0.832,
EGY,2003,0.832,
EGY,2004,0.832,
EGY,2005,0.832,
EGY,2006,0.832,
EGY,2007,0.832,
EGY,2008,0.832,
EGY,2009,0.832,
EGY,2010,0.832,
EGY,2011,0.622,
EGY,2012,0.712,
EGY,2013,0.696,
EGY,2014,0.691,
EGY,2015,0.732,
EGY,2016,0.732,
EGY,2017,0.741,
EGY,2018,0.734,
EGY,2019,0.737,
EGY,2020,0.737,
EGY,2021,0.726,
EGY,2022,0.713,
EGY,2023,0.729,Africa
EGY,2024,0.729,
SLV,1838,0.818,
SLV,1839,0.818,
SLV,1840,0.818,
SLV,1841,0.818,
SLV,1842,0.818,
SLV,1843,0.818,
SLV,1844,0.818,
SLV,1845,0.818,
SLV,1846,0.818,
SLV,1847,0.818,
SLV,1848,0.818,
SLV,1849,0.818,
SLV,1850,0.818,
SLV,1851,0.818,
SLV,1852,0.818,
SLV,1853,0.818,
SLV,1854,0.818,
SLV,1855,0.818,
SLV,1856,0.818,
SLV,1857,0.818,
SLV,1858,0.818,
SLV,1859,0.818,
SLV,1860,0.818,
SLV,1861,0.818,
SLV,1862,0.818,
SLV,1863,0.818,
SLV,1864,0.818,
SLV,1865,0.818,
SLV,1866,0.818,
SLV,1867,0.818,
SLV,1868,0.818,
SLV,1869,0.818,
SLV,1870,0.818,
SLV,1871,0.818,
SLV,1872,0.818,
SLV,1873,0.818,
SLV,1874,0.818,
SLV,1875,0.818,
SLV,1876,0.818,
SLV,1877,0.818,
SLV,1878,0.818,
SLV,1879,0.818,
SLV,1880,0.818,
SLV,1881,0.818,
SLV,1882,0.818,
SLV,1883,0.818,
SLV,1884,0.818,
SLV,1885,0.818,
SLV,1886,0.818,
SLV,1887,0.818,
SLV,1888,0.818,
SLV,1889,0.818,
SLV,1890,0.818,
SLV,1891,0.818,
SLV,1892,0.818,
SLV,1893,0.818,
SLV,1894,0.818,
SLV,1895,0.818,
SLV,1896,0.818,
SLV,1897,0.818,
SLV,1898,0.818,
SLV,1899,0.818,
SLV,1900,0.818,
SLV,1901,0.818,
SLV,1902,0.818,
SLV,1903,0.818,
SLV,1904,0.818,
SLV,1905,0.818,
SLV,1906,0.818,
SLV,1907,0.818,
SLV,1908,0.818,
SLV,1909,0.818,
SLV,1910,0.818,
SLV,1911,0.818,
SLV,1912,0.818,
SLV,1913,0.818,
SLV,1914,0.818,
SLV,1915,0.818,
SLV,1916,0.818,
SLV,1917,0.818,
SLV,1918,0.818,
SLV,1919,0.818,
SLV,1920,0.827,
SLV,1921,0.827,
SLV,1922,0.827,
SLV,1923,0.827,
SLV,1924,0.827,
SLV,1925,0.827,
SLV,1926,0.827,
SLV,1927,0.827,
SLV,1928,0.827,
SLV,1929,0.827,
SLV,1930,0.827,
SLV,1931,0.838,
SLV,1932,0.874,
SLV,1933,0.874,
SLV,1934,0.874,
SLV,1935,0.874,
SLV,1936,0.874,
SLV,1937,0.874,
SLV,1938,0.874,
SLV,1939,0.874,
SLV,1940,0.875,
SLV,1941,0.875,
SLV,1942,0.875,
SLV,1943,0.875,
SLV,1944,0.875,
SLV,1945,0.859,
SLV,1946,0.859,
SLV,1947,0.859,
SLV,1948,0.859,
SLV,1949,0.859,
SLV,1950,0.859,
SLV,1951,0.859,
SLV,1952,0.859,
SLV,1953,0.859,
SLV,1954,0.859,
SLV,1955,0.859,
SLV,1956,0.859,
SLV,1957,0.859,
SLV,1958,0.859,
SLV,1959,0.859,
SLV,1960,0.816,
SLV,1961,0.816,
SLV,1962,0.858,
SLV,1963,0.858,
SLV,1964,0.858,
SLV,1965,0.858,
SLV,1966,0.858,
SLV,1967,0.858,
SLV,1968,0.858,
SLV,1969,0.858,
SLV,1970,0.858,
SLV,1971,0.865,
SLV,1972,0.865,
SLV,1973,0.865,
SLV,1974,0.865,
SLV,1975,0.865,
SLV,1976,0.865,
SLV,1977,0.865,
SLV,1978,0.865,
SLV,1979,0.813,
SLV,1980,0.762,
SLV,1981,0.762,
SLV,1982,0.762,
SLV,1983,0.762,
SLV,1984,0.795,
SLV,1985,0.795,
SLV,1986,0.838,
SLV,1987,0.838,
SLV,1988,0.838,
SLV,1989,0.815,
SLV,1990,0.815,
SLV,1991,0.815,
SLV,1992,0.771,
SLV,1993,0.737,
SLV,1994,0.72,
SLV,1995,0.72,
SLV,1996,0.72,
SLV,1997,0.72,
SLV,1998,0.72,
SLV,1999,0.72,
SLV,2000,0.72,
SLV,2001,0.72,
SLV,2002,0.72,
SLV,2003,0.72,
SLV,2004,0.753,
SLV,2005,0.745,
SLV,2006,0.745,
SLV,2007,0.745,
SLV,2008,0.739,
SLV,2009,0.717,
SLV,2010,0.692,
SLV,2011,0.692,
SLV,2012,0.692,
SLV,2013,0.624,
SLV,2014,0.608,
SLV,2015,0.603,
SLV,2016,0.609,
SLV,2017,0.628,
SLV,2018,0.685,
SLV,2019,0.598,
SLV,2020,0.668,
SLV,2021,0.711,
SLV,2022,0.747,
SLV,2023,0.696,North America
SLV,2024,0.681,
GNQ,1900,0.66,
GNQ,1901,0.66,
GNQ,1902,0.66,
GNQ,1903,0.66,
GNQ,1904,0.66,
GNQ,1905,0.66,
GNQ,1906,0.66,
GNQ,1907,0.66,
GNQ,1908,0.66,
GNQ,1909,0.66,
GNQ,1910,0.66,
GNQ,1911,0.66,
GNQ,1912,0.66,
GNQ,1913,0.66,
GNQ,1914,0.66,
GNQ,1915,0.66,
GNQ,1916,0.66,
GNQ,1917,0.66,
GNQ,1918,0.66,
GNQ,1919,0.66,
GNQ,1920,0.66,
GNQ,1921,0.66,
GNQ,1922,0.66,
GNQ,1923,0.66,
GNQ,1924,0.66,
GNQ,1925,0.66,
GNQ,1926,0.66,
GNQ,1927,0.66,
GNQ,1928,0.66,
GNQ,1929,0.66,
GNQ,1930,0.66,
GNQ,1931,0.66,
GNQ,1932,0.66,
GNQ,1933,0.66,
GNQ,1934,0.66,
GNQ,1935,0.66,
GNQ,1936,0.66,
GNQ,1937,0.66,
GNQ,1938,0.66,
GNQ,1939,0.66,
GNQ,1940,0.66,
GNQ,1941,0.66,
GNQ,1942,0.66,
GNQ,1943,0.66,
GNQ,1944,0.66,
GNQ,1945,0.66,
GNQ,1946,0.66,
GNQ,1947,0.66,
GNQ,1948,0.66,
GNQ,1949,0.66,
GNQ,1950,0.59,
GNQ,1951,0.59,
GNQ,1952,0.59,
GNQ,1953,0.59,
GNQ,1954,0.59,
GNQ,1955,0.59,
GNQ,1956,0.59,
GNQ,1957,0.59,
GNQ,1958,0.59,
GNQ,1959,0.59,
GNQ,1960,0.582,
GNQ,1961,0.582,
GNQ,1962,0.582,
GNQ,1963,0.582,
GNQ,1964,0.582,
GNQ,1965,0.582,
GNQ,1966,0.582,
GNQ,1967,0.582,
GNQ,1968,0.651,
GNQ,1969,0.727,
GNQ,1970,0.965,
GNQ,1971,0.965,
GNQ,1972,0.965,
GNQ,1973,0.965,
GNQ,1974,0.965,
GNQ,1975,0.965,
GNQ,1976,0.965,
GNQ,1977,0.965,
GNQ,1978,0.965,
GNQ,1979,0.965,
GNQ,1980,0.88,
GNQ,1981,0.88,
GNQ,1982,0.88,
GNQ,1983,0.88,
GNQ,1984,0.849,
GNQ,1985,0.849,
GNQ,1986,0.849,
GNQ,1987,0.849,
GNQ,1988,0.849,
GNQ,1989,0.849,
GNQ,1990,0.849,
GNQ,1991,0.849,
GNQ,1992,0.849,
GNQ,1993,0.849,
GNQ,1994,0.849,
GNQ,1995,0.849,
GNQ,1996,0.849,
GNQ,1997,0.849,
GNQ,1998,0.849,
GNQ,1999,0.849,
GNQ,2000,0.849,
GNQ,2001,0.849,
GNQ,2002,0.849,
GNQ,2003,0.849,
GNQ,2004,0.849,
GNQ,2005,0.849,
GNQ,2006,0.849,
GNQ,2007,0.849,
GNQ,2008,0.849,
GNQ,2009,0.849,
GNQ,2010,0.858,
GNQ,2011,0.858,
GNQ,2012,0.858,
GNQ,2013,0.858,
GNQ,2014,0.858,
GNQ,2015,0.858,
GNQ,2016,0.858,
GNQ,2017,0.858,
GNQ,2018,0.858,
GNQ,2019,0.858,
GNQ,2020,0.858,
GNQ,2021,0.858,
GNQ,2022,0.858,
GNQ,2023,0.867,Africa
GNQ,2024,0.838,
ERI,1900,0.344,
ERI,1901,0.344,
ERI,1902,0.344,
ERI,1903,0.344,
ERI,1904,0.344,
ERI,1905,0.344,
ERI,1906,0.344,
ERI,1907,0.344,
ERI,1908,0.344,
ERI,1909,0.344,
ERI,1910,0.344,
ERI,1911,0.344,
ERI,1912,0.344,
ERI,1913,0.344,
ERI,1914,0.344,
ERI,1915,0.344,
ERI,1916,0.344,
ERI,1917,0.344,
ERI,1918,0.344,
ERI,1919,0.344,
ERI,1920,0.344,
ERI,1921,0.344,
ERI,1922,0.344,
ERI,1923,0.344,
ERI,1924,0.344,
ERI,1925,0.344,
ERI,1926,0.344,
ERI,1927,0.344,
ERI,1928,0.344,
ERI,1929,0.344,
ERI,1930,0.344,
ERI,1931,0.344,
ERI,1932,0.344,
ERI,1933,0.344,
ERI,1934,0.344,
ERI,1935,0.344,
ERI,1936,0.344,
ERI,1937,0.344,
ERI,1938,0.344,
ERI,1939,0.344,
ERI,1940,0.344,
ERI,1941,0.344,
ERI,1942,0.296,
ERI,1943,0.296,
ERI,1944,0.296,
ERI,1945,0.296,
ERI,1946,0.296,
ERI,1947,0.296,
ERI,1948,0.296,
ERI,1949,0.296,
ERI,1950,0.302,
ERI,1951,0.302,
ERI,1952,0.468,
ERI,1953,0.594,
ERI,1954,0.594,
ERI,1955,0.594,
ERI,1956,0.594,
ERI,1957,0.594,
ERI,1958,0.594,
ERI,1959,0.594,
ERI,1960,0.625,
ERI,1961,0.625,
ERI,1962,0.728,
ERI,1963,0.754,
ERI,1964,0.754,
ERI,1965,0.754,
ERI,1966,0.754,
ERI,1967,0.754,
ERI,1968,0.754,
ERI,1969,0.754,
ERI,1970,0.794,
ERI,1971,0.794,
ERI,1972,0.794,
ERI,1973,0.794,
ERI,1974,0.829,
ERI,1975,0.866,
ERI,1976,0.866,
ERI,1977,0.866,
ERI,1978,0.866,
ERI,1979,0.866,
ERI,1980,0.866,
ERI,1981,0.866,
ERI,1982,0.866,
ERI,1983,0.866,
ERI,1984,0.866,
ERI,1985,0.866,
ERI,1986,0.866,
ERI,1987,0.866,
ERI,1988,0.866,
ERI,1989,0.866,
ERI,1990,0.85,
ERI,1991,0.489,
ERI,1992,0.315,
ERI,1993,0.34,
ERI,1994,0.34,
ERI,1995,0.34,
ERI,1996,0.34,
ERI,1997,0.34,
ERI,1998,0.34,
ERI,1999,0.34,
ERI,2000,0.34,
ERI,2001,0.436,
ERI,2002,0.607,
ERI,2003,0.675,
ERI,2004,0.675,
ERI,2005,0.675,
ERI,2006,0.675,
ERI,2007,0.675,
ERI,2008,0.675,
ERI,2009,0.675,
ERI,2010,0.675,
ERI,2011,0.67,
ERI,2012,0.675,
ERI,2013,0.707,
ERI,2014,0.707,
ERI,2015,0.707,
ERI,2016,0.733,
ERI,2017,0.664,
ERI,2018,0.7,
ERI,2019,0.681,
ERI,2020,0.663,
ERI,2021,0.711,
ERI,2022,0.702,
ERI,2023,0.719,Africa
ERI,2024,0.741,
EST,1918,0.138,
EST,1919,0.138,
EST,1920,0.143,
EST,1921,0.143,
EST,1922,0.143,
EST,1923,0.143,
EST,1924,0.143,
EST,1925,0.143,
EST,1926,0.143,
EST,1927,0.143,
EST,1928,0.14,
EST,1929,0.14,
EST,1930,0.131,
EST,1931,0.131,
EST,1932,0.141,
EST,1933,0.141,
EST,1934,0.143,
EST,1935,0.143,
EST,1936,0.143,
EST,1937,0.143,
EST,1938,0.139,
EST,1939,0.131,
EST,1990,0.18,
EST,1991,0.18,
EST,1992,0.167,
EST,1993,0.18,
EST,1994,0.18,
EST,1995,0.18,
EST,1996,0.148,
EST,1997,0.148,
EST,1998,0.155,
EST,1999,0.106,
EST,2000,0.057,
EST,2001,0.057,
EST,2002,0.054,
EST,2003,0.055,
EST,2004,0.047,
EST,2005,0.038,
EST,2006,0.041,
EST,2007,0.041,
EST,2008,0.033,
EST,2009,0.033,
EST,2010,0.029,
EST,2011,0.029,
EST,2012,0.029,
EST,2013,0.027,
EST,2014,0.027,
EST,2015,0.027,
EST,2016,0.027,
EST,2017,0.027,
EST,2018,0.031,
EST,2019,0.032,
EST,2020,0.032,
EST,2021,0.032,
EST,2022,0.032,
EST,2023,0.032,Europe
EST,2024,0.026,
SWZ,1900,0.535,
SWZ,1901,0.535,
SWZ,1902,0.535,
SWZ,1903,0.535,
SWZ,1904,0.535,
SWZ,1905,0.535,
SWZ,1906,0.535,
SWZ,1907,0.535,
SWZ,1908,0.535,
SWZ,1909,0.513,
SWZ,1910,0.513,
SWZ,1911,0.513,
SWZ,1912,0.513,
SWZ,1913,0.513,
SWZ,1914,0.513,
SWZ,1915,0.513,
SWZ,1916,0.513,
SWZ,1917,0.513,
SWZ,1918,0.513,
SWZ,1919,0.513,
SWZ,1920,0.513,
SWZ,1921,0.513,
SWZ,1922,0.513,
SWZ,1923,0.513,
SWZ,1924,0.513,
SWZ,1925,0.513,
SWZ,1926,0.513,
SWZ,1927,0.513,
SWZ,1928,0.513,
SWZ,1929,0.513,
SWZ,1930,0.513,
SWZ,1931,0.513,
SWZ,1932,0.513,
SWZ,1933,0.513,
SWZ,1934,0.513,
SWZ,1935,0.513,
SWZ,1936,0.513,
SWZ,1937,0.513,
SWZ,1938,0.513,
SWZ,1939,0.513,
SWZ,1940,0.513,
SWZ,1941,0.513,
SWZ,1942,0.513,
SWZ,1943,0.513,
SWZ,1944,0.513,
SWZ,1945,0.513,
SWZ,1946,0.513,
SWZ,1947,0.513,
SWZ,1948,0.513,
SWZ,1949,0.513,
SWZ,1950,0.513,
SWZ,1951,0.513,
SWZ,1952,0.513,
SWZ,1953,0.513,
SWZ,1954,0.513,
SWZ,1955,0.513,
SWZ,1956,0.513,
SWZ,1957,0.513,
SWZ,1958,0.513,
SWZ,1959,0.513,
SWZ,1960,0.513,
SWZ,1961,0.513,
SWZ,1962,0.513,
SWZ,1963,0.513,
SWZ,1964,0.513,
SWZ,1965,0.405,
SWZ,1966,0.405,
SWZ,1967,0.396,
SWZ,1968,0.417,
SWZ,1969,0.417,
SWZ,1970,0.417,
SWZ,1971,0.417,
SWZ,1972,0.417,
SWZ,1973,0.417,
SWZ,1974,0.529,
SWZ,1975,0.529,
SWZ,1976,0.529,
SWZ,1977,0.529,
SWZ,1978,0.528,
SWZ,1979,0.416,
SWZ,1980,0.416,
SWZ,1981,0.416,
SWZ,1982,0.416,
SWZ,1983,0.466,
SWZ,1984,0.466,
SWZ,1985,0.466,
SWZ,1986,0.466,
SWZ,1987,0.466,
SWZ,1988,0.466,
SWZ,1989,0.466,
SWZ,1990,0.466,
SWZ,1991,0.466,
SWZ,1992,0.466,
SWZ,1993,0.466,
SWZ,1994,0.466,
SWZ,1995,0.466,
SWZ,1996,0.466,
SWZ,1997,0.466,
SWZ,1998,0.466,
SWZ,1999,0.466,
SWZ,2000,0.494,
SWZ,2001,0.494,
SWZ,2002,0.494,
SWZ,2003,0.494,
SWZ,2004,0.494,
SWZ,2005,0.494,
SWZ,2006,0.494,
SWZ,2007,0.518,
SWZ,2008,0.518,
SWZ,2009,0.518,
SWZ,2010,0.518,
SWZ,2011,0.523,
SWZ,2012,0.523,
SWZ,2013,0.541,
SWZ,2014,0.541,
SWZ,2015,0.541,
SWZ,2016,0.541,
SWZ,2017,0.512,
SWZ,2018,0.495,
SWZ,2019,0.495,
SWZ,2020,0.495,
SWZ,2021,0.57,
SWZ,2022,0.555,
SWZ,2023,0.569,Africa
SWZ,2024,0.569,
ETH,1789,0.849,
ETH,1790,0.849,
ETH,1791,0.849,
ETH,1792,0.849,
ETH,1793,0.849,
ETH,1794,0.849,
ETH,1795,0.849,
ETH,1796,0.849,
ETH,1797,0.849,
ETH,1798,0.849,
ETH,1799,0.849,
ETH,1800,0.849,
ETH,1801,0.849,
ETH,1802,0.849,
ETH,1803,0.849,
ETH,1804,0.849,
ETH,1805,0.849,
ETH,1806,0.849,
ETH,1807,0.849,
ETH,1808,0.849,
ETH,1809,0.849,
ETH,1810,0.849,
ETH,1811,0.849,
ETH,1812,0.849,
ETH,1813,0.849,
ETH,1814,0.849,
ETH,1815,0.849,
ETH,1816,0.849,
ETH,1817,0.849,
ETH,1818,0.849,
ETH,1819,0.849,
ETH,1820,0.849,
ETH,1821,0.849,
ETH,1822,0.849,
ETH,1823,0.849,
ETH,1824,0.849,
ETH,1825,0.849,
ETH,1826,0.849,
ETH,1827,0.849,
ETH,1828,0.849,
ETH,1829,0.849,
ETH,1830,0.849,
ETH,1831,0.849,
ETH,1832,0.849,
ETH,1833,0.849,
ETH,1834,0.849,
ETH,1835,0.849,
ETH,1836,0.849,
ETH,1837,0.849,
ETH,1838,0.849,
ETH,1839,0.849,
ETH,1840,0.849,
ETH,1841,0.849,
ETH,1842,0.849,
ETH,1843,0.849,
ETH,1844,0.849,
ETH,1845,0.849,
ETH,1846,0.849,
ETH,1847,0.849,
ETH,1848,0.849,
ETH,1849,0.849,
ETH,1850,0.849,
ETH,1851,0.849,
ETH,1852,0.849,
ETH,1853,0.849,
ETH,1854,0.849,
ETH,1855,0.849,
ETH,1856,0.849,
ETH,1857,0.849,
ETH,1858,0.849,
ETH,1859,0.849,
ETH,1860,0.849,
ETH,1861,0.849,
ETH,1862,0.849,
ETH,1863,0.849,
ETH,1864,0.849,
ETH,1865,0.849,
ETH,1866,0.849,
ETH,1867,0.849,
ETH,1868,0.849,
ETH,1869,0.849,
ETH,1870,0.849,
ETH,1871,0.849,
ETH,1872,0.849,
ETH,1873,0.849,
ETH,1874,0.849,
ETH,1875,0.849,
ETH,1876,0.849,
ETH,1877,0.849,
ETH,1878,0.849,
ETH,1879,0.849,
ETH,1880,0.849,
ETH,1881,0.849,
ETH,1882,0.849,
ETH,1883,0.849,
ETH,1884,0.849,
ETH,1885,0.849,
ETH,1886,0.849,
ETH,1887,0.849,
ETH,1888,0.849,
ETH,1889,0.849,
ETH,1890,0.849,
ETH,1891,0.849,
ETH,1892,0.849,
ETH,1893,0.849,
ETH,1894,0.849,
ETH,1895,0.849,
ETH,1896,0.849,
ETH,1897,0.849,
ETH,1898,0.849,
ETH,1899,0.849,
ETH,1900,0.829,
ETH,1901,0.829,
ETH,1902,0.829,
ETH,1903,0.829,
ETH,1904,0.829,
ETH,1905,0.829,
ETH,1906,0.829,
ETH,1907,0.829,
ETH,1908,0.829,
ETH,1909,0.829,
ETH,1910,0.829,
ETH,1911,0.829,
ETH,1912,0.829,
ETH,1913,0.829,
ETH,1914,0.829,
ETH,1915,0.829,
ETH,1916,0.829,
ETH,1917,0.829,
ETH,1918,0.829,
ETH,1919,0.829,
ETH,1920,0.829,
ETH,1921,0.829,
ETH,1922,0.829,
ETH,1923,0.829,
ETH,1924,0.829,
ETH,1925,0.829,
ETH,1926,0.829,
ETH,1927,0.829,
ETH,1928,0.829,
ETH,1929,0.829,
ETH,1930,0.829,
ETH,1931,0.736,
ETH,1932,0.736,
ETH,1933,0.736,
ETH,1934,0.736,
ETH,1935,0.736,
ETH,1936,0.792,
ETH,1937,0.792,
ETH,1938,0.792,
ETH,1939,0.792,
ETH,1940,0.792,
ETH,1941,0.719,
ETH,1942,0.649,
ETH,1943,0.649,
ETH,1944,0.649,
ETH,1945,0.649,
ETH,1946,0.649,
ETH,1947,0.649,
ETH,1948,0.658,
ETH,1949,0.658,
ETH,1950,0.658,
ETH,1951,0.658,
ETH,1952,0.658,
ETH,1953,0.658,
ETH,1954,0.658,
ETH,1955,0.658,
ETH,1956,0.658,
ETH,1957,0.658,
ETH,1958,0.658,
ETH,1959,0.658,
ETH,1960,0.658,
ETH,1961,0.658,
ETH,1962,0.658,
ETH,1963,0.658,
ETH,1964,0.658,
ETH,1965,0.658,
ETH,1966,0.658,
ETH,1967,0.658,
ETH,1968,0.65,
ETH,1969,0.65,
ETH,1970,0.661,
ETH,1971,0.661,
ETH,1972,0.661,
ETH,1973,0.665,
ETH,1974,0.614,
ETH,1975,0.55,
ETH,1976,0.55,
ETH,1977,0.55,
ETH,1978,0.55,
ETH,1979,0.55,
ETH,1980,0.55,
ETH,1981,0.55,
ETH,1982,0.55,
ETH,1983,0.55,
ETH,1984,0.55,
ETH,1985,0.55,
ETH,1986,0.55,
ETH,1987,0.539,
ETH,1988,0.439,
ETH,1989,0.439,
ETH,1990,0.439,
ETH,1991,0.504,
ETH,1992,0.504,
ETH,1993,0.504,
ETH,1994,0.504,
ETH,1995,0.582,
ETH,1996,0.573,
ETH,1997,0.573,
ETH,1998,0.573,
ETH,1999,0.573,
ETH,2000,0.573,
ETH,2001,0.573,
ETH,2002,0.573,
ETH,2003,0.573,
ETH,2004,0.573,
ETH,2005,0.573,
ETH,2006,0.572,
ETH,2007,0.541,
ETH,2008,0.562,
ETH,2009,0.58,
ETH,2010,0.58,
ETH,2011,0.58,
ETH,2012,0.581,
ETH,2013,0.577,
ETH,2014,0.579,
ETH,2015,0.578,
ETH,2016,0.578,
ETH,2017,0.563,
ETH,2018,0.56,
ETH,2019,0.563,
ETH,2020,0.565,
ETH,2021,0.576,
ETH,2022,0.572,
ETH,2023,0.574,Africa
ETH,2024,0.55,
OWID_ERE,2023,,Africa
,1900,0.22836,
,1901,0.22848,
,1902,0.22848,
,1903,0.22744,
,1904,0.22804,
,1905,0.22804,
,1906,0.22704,
,1907,0.22296,
,1908,0.22396,
,1909,0.22376,
,1910,0.2204,
,1911,0.21996,
,1912,0.22826923,
,1913,0.22792308,
,1914,0.22719231,
,1915,0.232,
,1916,0.22546154,
,1917,0.223,
,1918,0.21448275,
,1919,0.208,
,1920,0.20770968,
,1921,0.20758064,
,1922,0.2066129,
,1923,0.20874193,
,1924,0.2123871,
,1925,0.21196774,
,1926,0.20854838,
,1927,0.20758064,
,1928,0.20629032,
,1929,0.20741935,
,1930,0.20580645,
,1931,0.20112903,
,1932,0.20670968,
,1933,0.21203226,
,1934,0.21054839,
,1935,0.20741935,
,1936,0.21093549,
,1937,0.21093549,
,1938,0.2216,
,1939,0.22966667,
,1940,0.24518518,
,1941,0.2675,
,1942,0.2660357,
,1943,0.2695,
,1944,0.25975862,
,1945,0.19925927,
,1946,0.18607408,
,1947,0.1872963,
,1948,0.18611111,
,1949,0.18572414,
,1950,0.18286207,
,1951,0.18286207,
,1952,0.18286207,
,1953,0.18268965,
,1954,0.1812069,
,1955,0.18034483,
,1956,0.18062069,
,1957,0.1805862,
,1958,0.1792069,
,1959,0.18144828,
,1960,0.17582758,
,1961,0.17772414,
,1962,0.17782758,
,1963,0.17665517,
,1964,0.17720689,
,1965,0.17955172,
,1966,0.18051724,
,1967,0.18382758,
,1968,0.18689655,
,1969,0.18672414,
,1970,0.18875861,
,1971,0.18889655,
,1972,0.18889655,
,1973,0.18882759,
,1974,0.18455172,
,1975,0.17417242,
,1976,0.16889656,
,1977,0.16296552,
,1978,0.15896551,
,1979,0.15972413,
,1980,0.16610345,
,1981,0.16644828,
,1982,0.1653793,
,1983,0.16641378,
,1984,0.16789655,
,1985,0.16855173,
,1986,0.17003448,
,1987,0.16993104,
,1988,0.16717242,
,1989,0.17276667,
,1990,0.19205555,
,1991,0.22891892,
,1992,0.24897368,
,1993,0.2543077,
,1994,0.26446155,
,1995,0.26766667,
,1996,0.26820514,
,1997,0.26676923,
,1998,0.273025,
,1999,0.27963415,
,2000,0.2659756,
,2001,0.2622439,
,2002,0.26168293,
,2003,0.2617561,
,2004,0.26256096,
,2005,0.2625122,
,2006,0.26256096,
,2007,0.26107317,
,2008,0.26290244,
,2009,0.26287806,
,2010,0.25690243,
,2011,0.25692683,
,2012,0.25836584,
,2013,0.25353658,
,2014,0.2500488,
,2015,0.2522195,
,2016,0.2520488,
,2017,0.24919513,
,2018,0.25187805,
,2019,0.2447561,
,2020,0.24017073,
,2021,0.23378049,
,2022,0.22221951,
,2023,0.22507317,
,2024,0.23902439,
,1900,0.18801333,
,1901,0.18793115,
,1902,0.18784177,
,1903,0.18761297,
,1904,0.18993352,
,1905,0.1898532,
,1906,0.18715177,
,1907,0.17709528,
,1908,0.1810135,
,1909,0.18101507,
,1910,0.18005095,
,1911,0.18017206,
,1912,0.18227698,
,1913,0.18281071,
,1914,0.18414368,
,1915,0.19012311,
,1916,0.1889623,
,1917,0.18196999,
,1918,0.18059503,
,1919,0.17389433,
,1920,0.17506412,
,1921,0.17635886,
,1922,0.17699006,
,1923,0.18254392,
,1924,0.19017306,
,1925,0.19034259,
,1926,0.18885495,
,1927,0.1886517,
,1928,0.18318169,
,1929,0.18405624,
,1930,0.18337695,
,1931,0.17393729,
,1932,0.17941812,
,1933,0.19790646,
,1934,0.20287946,
,1935,0.2017872,
,1936,0.20370679,
,1937,0.20396118,
,1938,0.20702489,
,1939,0.19480966,
,1940,0.20644233,
,1941,0.2086073,
,1942,0.20795524,
,1943,0.21344876,
,1944,0.2185632,
,1945,0.15604883,
,1946,0.14211848,
,1947,0.14265932,
,1948,0.1440195,
,1949,0.15639517,
,1950,0.1547113,
,1951,0.15464607,
,1952,0.15461747,
,1953,0.15457207,
,1954,0.15746981,
,1955,0.1568676,
,1956,0.15694465,
,1957,0.15680787,
,1958,0.15571545,
,1959,0.15446821,
,1960,0.15233324,
,1961,0.15842041,
,1962,0.15832849,
,1963,0.1581926,
,1964,0.16746981,
,1965,0.16736493,
,1966,0.17102416,
,1967,0.17203999,
,1968,0.17319664,
,1969,0.17309038,
,1970,0.17818554,
,1971,0.17739022,
,1972,0.17737517,
,1973,0.17676328,
,1974,0.17499347,
,1975,0.16955392,
,1976,0.16712506,
,1977,0.15752845,
,1978,0.15138343,
,1979,0.15160576,
,1980,0.16494215,
,1981,0.1646947,
,1982,0.16237895,
,1983,0.16335246,
,1984,0.16646935,
,1985,0.166811,
,1986,0.17416121,
,1987,0.17951429,
,1988,0.17955852,
,1989,0.18428762,
,1990,0.2198823,
,1991,0.25448447,
,1992,0.3080015,
,1993,0.30705383,
,1994,0.31511837,
,1995,0.32885846,
,1996,0.3273642,
,1997,0.3251577,
,1998,0.32961386,
,1999,0.3302647,
,2000,0.3304864,
,2001,0.32770717,
,2002,0.32768914,
,2003,0.32683173,
,2004,0.31112367,
,2005,0.30818638,
,2006,0.30468982,
,2007,0.30251727,
,2008,0.3044679,
,2009,0.30705857,
,2010,0.30091995,
,2011,0.30086342,
,2012,0.3005591,
,2013,0.2914687,
,2014,0.28350893,
,2015,0.28148115,
,2016,0.28084213,
,2017,0.28148627,
,2018,0.2820624,
,2019,0.27389812,
,2020,0.2724783,
,2021,0.26444268,
,2022,0.26198176,
,2023,0.27130067,
,2024,0.2795213,
FLK,2023,,South America
FRO,2023,,Europe
,2023,,North America
FJI,1900,0.245,
FJI,1901,0.245,
FJI,1902,0.245,
FJI,1903,0.245,
FJI,1904,0.246,
FJI,1905,0.246,
FJI,1906,0.246,
FJI,1907,0.246,
FJI,1908,0.246,
FJI,1909,0.246,
FJI,1910,0.246,
FJI,1911,0.246,
FJI,1912,0.246,
FJI,1913,0.246,
FJI,1914,0.246,
FJI,1915,0.246,
FJI,1916,0.246,
FJI,1917,0.246,
FJI,1918,0.246,
FJI,1919,0.246,
FJI,1920,0.246,
FJI,1921,0.246,
FJI,1922,0.246,
FJI,1923,0.246,
FJI,1924,0.246,
FJI,1925,0.246,
FJI,1926,0.246,
FJI,1927,0.246,
FJI,1928,0.246,
FJI,1929,0.246,
FJI,1930,0.246,
FJI,1931,0.246,
FJI,1932,0.246,
FJI,1933,0.246,
FJI,1934,0.246,
FJI,1935,0.246,
FJI,1936,0.246,
FJI,1937,0.246,
FJI,1938,0.246,
FJI,1939,0.246,
FJI,1940,0.246,
FJI,1941,0.246,
FJI,1942,0.246,
FJI,1943,0.246,
FJI,1944,0.246,
FJI,1945,0.246,
FJI,1946,0.246,
FJI,1947,0.246,
FJI,1948,0.246,
FJI,1949,0.246,
FJI,1950,0.246,
FJI,1951,0.246,
FJI,1952,0.246,
FJI,1953,0.246,
FJI,1954,0.246,
FJI,1955,0.246,
FJI,1956,0.246,
FJI,1957,0.246,
FJI,1958,0.246,
FJI,1959,0.246,
FJI,1960,0.246,
FJI,1961,0.246,
FJI,1962,0.246,
FJI,1963,0.246,
FJI,1964,0.246,
FJI,1965,0.246,
FJI,1966,0.246,
FJI,1967,0.246,
FJI,1968,0.246,
FJI,1969,0.246,
FJI,1970,0.31,
FJI,1971,0.31,
FJI,1972,0.31,
FJI,1973,0.31,
FJI,1974,0.31,
FJI,1975,0.31,
FJI,1976,0.31,
FJI,1977,0.31,
FJI,1978,0.31,
FJI,1979,0.31,
FJI,1980,0.31,
FJI,1981,0.31,
FJI,1982,0.31,
FJI,1983,0.31,
FJI,1984,0.31,
FJI,1985,0.31,
FJI,1986,0.31,
FJI,1987,0.259,
FJI,1988,0.259,
FJI,1989,0.259,
FJI,1990,0.259,
FJI,1991,0.259,
FJI,1992,0.259,
FJI,1993,0.307,
FJI,1994,0.307,
FJI,1995,0.307,
FJI,1996,0.307,
FJI,1997,0.307,
FJI,1998,0.307,
FJI,1999,0.307,
FJI,2000,0.259,
FJI,2001,0.259,
FJI,2002,0.314,
FJI,2003,0.314,
FJI,2004,0.314,
FJI,2005,0.314,
FJI,2006,0.318,
FJI,2007,0.235,
FJI,2008,0.229,
FJI,2009,0.229,
FJI,2010,0.234,
FJI,2011,0.234,
FJI,2012,0.242,
FJI,2013,0.239,
FJI,2014,0.217,
FJI,2015,0.245,
FJI,2016,0.246,
FJI,2017,0.244,
FJI,2018,0.249,
FJI,2019,0.271,
FJI,2020,0.29,
FJI,2021,0.323,
FJI,2022,0.351,
FJI,2023,0.285,Oceania
FJI,2024,0.285,
FIN,1809,0.055,
FIN,1810,0.055,
FIN,1811,0.055,
FIN,1812,0.055,
FIN,1813,0.055,
FIN,1814,0.055,
FIN,1815,0.055,
FIN,1816,0.055,
FIN,1817,0.055,
FIN,1818,0.055,
FIN,1819,0.055,
FIN,1820,0.055,
FIN,1821,0.055,
FIN,1822,0.055,
FIN,1823,0.055,
FIN,1824,0.055,
FIN,1825,0.055,
FIN,1826,0.055,
FIN,1827,0.055,
FIN,1828,0.055,
FIN,1829,0.055,
FIN,1830,0.055,
FIN,1831,0.055,
FIN,1832,0.055,
FIN,1833,0.055,
FIN,1834,0.055,
FIN,1835,0.055,
FIN,1836,0.055,
FIN,1837,0.055,
FIN,1838,0.055,
FIN,1839,0.055,
FIN,1840,0.055,
FIN,1841,0.055,
FIN,1842,0.055,
FIN,1843,0.055,
FIN,1844,0.055,
FIN,1845,0.055,
FIN,1846,0.055,
FIN,1847,0.055,
FIN,1848,0.055,
FIN,1849,0.055,
FIN,1850,0.055,
FIN,1851,0.055,
FIN,1852,0.055,
FIN,1853,0.055,
FIN,1854,0.055,
FIN,1855,0.055,
FIN,1856,0.055,
FIN,1857,0.055,
FIN,1858,0.055,
FIN,1859,0.055,
FIN,1860,0.055,
FIN,1861,0.055,
FIN,1862,0.055,
FIN,1863,0.055,
FIN,1864,0.055,
FIN,1865,0.055,
FIN,1866,0.055,
FIN,1867,0.055,
FIN,1868,0.055,
FIN,1869,0.055,
FIN,1870,0.055,
FIN,1871,0.055,
FIN,1872,0.055,
FIN,1873,0.055,
FIN,1874,0.055,
FIN,1875,0.055,
FIN,1876,0.055,
FIN,1877,0.055,
FIN,1878,0.055,
FIN,1879,0.055,
FIN,1880,0.055,
FIN,1881,0.055,
FIN,1882,0.055,
FIN,1883,0.055,
FIN,1884,0.055,
FIN,1885,0.055,
FIN,1886,0.055,
FIN,1887,0.055,
FIN,1888,0.055,
FIN,1889,0.055,
FIN,1890,0.055,
FIN,1891,0.055,
FIN,1892,0.055,
FIN,1893,0.055,
FIN,1894,0.055,
FIN,1895,0.055,
FIN,1896,0.055,
FIN,1897,0.055,
FIN,1898,0.055,
FIN,1899,0.055,
FIN,1900,0.055,
FIN,1901,0.055,
FIN,1902,0.055,
FIN,1903,0.055,
FIN,1904,0.055,
FIN,1905,0.055,
FIN,1906,0.046,
FIN,1907,0.046,
FIN,1908,0.046,
FIN,1909,0.046,
FIN,1910,0.046,
FIN,1911,0.046,
FIN,1912,0.046,
FIN,1913,0.046,
FIN,1914,0.046,
FIN,1915,0.046,
FIN,1916,0.046,
FIN,1917,0.03,
FIN,1918,0.034,
FIN,1919,0.015,
FIN,1920,0.015,
FIN,1921,0.015,
FIN,1922,0.015,
FIN,1923,0.015,
FIN,1924,0.015,
FIN,1925,0.015,
FIN,1926,0.015,
FIN,1927,0.015,
FIN,1928,0.015,
FIN,1929,0.015,
FIN,1930,0.015,
FIN,1931,0.015,
FIN,1932,0.015,
FIN,1933,0.015,
FIN,1934,0.015,
FIN,1935,0.015,
FIN,1936,0.015,
FIN,1937,0.015,
FIN,1938,0.015,
FIN,1939,0.03,
FIN,1940,0.03,
FIN,1941,0.03,
FIN,1942,0.03,
FIN,1943,0.03,
FIN,1944,0.03,
FIN,1945,0.015,
FIN,1946,0.015,
FIN,1947,0.015,
FIN,1948,0.015,
FIN,1949,0.015,
FIN,1950,0.015,
FIN,1951,0.015,
FIN,1952,0.015,
FIN,1953,0.015,
FIN,1954,0.015,
FIN,1955,0.015,
FIN,1956,0.015,
FIN,1957,0.015,
FIN,1958,0.015,
FIN,1959,0.015,
FIN,1960,0.015,
FIN,1961,0.015,
FIN,1962,0.015,
FIN,1963,0.015,
FIN,1964,0.015,
FIN,1965,0.015,
FIN,1966,0.015,
FIN,1967,0.015,
FIN,1968,0.015,
FIN,1969,0.015,
FIN,1970,0.015,
FIN,1971,0.015,
FIN,1972,0.015,
FIN,1973,0.015,
FIN,1974,0.015,
FIN,1975,0.015,
FIN,1976,0.015,
FIN,1977,0.015,
FIN,1978,0.015,
FIN,1979,0.015,
FIN,1980,0.015,
FIN,1981,0.015,
FIN,1982,0.015,
FIN,1983,0.015,
FIN,1984,0.015,
FIN,1985,0.015,
FIN,1986,0.015,
FIN,1987,0.015,
FIN,1988,0.015,
FIN,1989,0.015,
FIN,1990,0.015,
FIN,1991,0.015,
FIN,1992,0.015,
FIN,1993,0.015,
FIN,1994,0.015,
FIN,1995,0.015,
FIN,1996,0.015,
FIN,1997,0.015,
FIN,1998,0.015,
FIN,1999,0.015,
FIN,2000,0.015,
FIN,2001,0.015,
FIN,2002,0.015,
FIN,2003,0.015,
FIN,2004,0.015,
FIN,2005,0.015,
FIN,2006,0.015,
FIN,2007,0.015,
FIN,2008,0.015,
FIN,2009,0.015,
FIN,2010,0.015,
FIN,2011,0.015,
FIN,2012,0.015,
FIN,2013,0.012,
FIN,2014,0.012,
FIN,2015,0.012,
FIN,2016,0.012,
FIN,2017,0.012,
FIN,2018,0.019,
FIN,2019,0.01,
FIN,2020,0.011,
FIN,2021,0.011,
FIN,2022,0.011,
FIN,2023,0.015,Europe
FIN,2024,0.024,
FRA,1789,0.184,
FRA,1790,0.184,
FRA,1791,0.184,
FRA,1792,0.184,
FRA,1793,0.184,
FRA,1794,0.184,
FRA,1795,0.184,
FRA,1796,0.184,
FRA,1797,0.184,
FRA,1798,0.184,
FRA,1799,0.184,
FRA,1800,0.167,
FRA,1801,0.167,
FRA,1802,0.167,
FRA,1803,0.167,
FRA,1804,0.167,
FRA,1805,0.167,
FRA,1806,0.167,
FRA,1807,0.167,
FRA,1808,0.167,
FRA,1809,0.167,
FRA,1810,0.167,
FRA,1811,0.167,
FRA,1812,0.167,
FRA,1813,0.167,
FRA,1814,0.167,
FRA,1815,0.186,
FRA,1816,0.186,
FRA,1817,0.186,
FRA,1818,0.186,
FRA,1819,0.186,
FRA,1820,0.186,
FRA,1821,0.186,
FRA,1822,0.186,
FRA,1823,0.186,
FRA,1824,0.186,
FRA,1825,0.186,
FRA,1826,0.186,
FRA,1827,0.186,
FRA,1828,0.186,
FRA,1829,0.186,
FRA,1830,0.212,
FRA,1831,0.212,
FRA,1832,0.212,
FRA,1833,0.212,
FRA,1834,0.212,
FRA,1835,0.212,
FRA,1836,0.212,
FRA,1837,0.212,
FRA,1838,0.212,
FRA,1839,0.212,
FRA,1840,0.212,
FRA,1841,0.212,
FRA,1842,0.212,
FRA,1843,0.212,
FRA,1844,0.212,
FRA,1845,0.212,
FRA,1846,0.212,
FRA,1847,0.212,
FRA,1848,0.109,
FRA,1900,0.131,
FRA,1901,0.131,
FRA,1902,0.131,
FRA,1903,0.131,
FRA,1904,0.131,
FRA,1905,0.131,
FRA,1906,0.131,
FRA,1907,0.131,
FRA,1908,0.131,
FRA,1909,0.131,
FRA,1910,0.131,
FRA,1911,0.131,
FRA,1912,0.131,
FRA,1913,0.131,
FRA,1914,0.131,
FRA,1915,0.131,
FRA,1916,0.131,
FRA,1917,0.131,
FRA,1918,0.131,
FRA,1919,0.131,
FRA,1920,0.131,
FRA,1921,0.131,
FRA,1922,0.131,
FRA,1923,0.131,
FRA,1924,0.131,
FRA,1925,0.131,
FRA,1926,0.131,
FRA,1927,0.131,
FRA,1928,0.131,
FRA,1929,0.131,
FRA,1930,0.131,
FRA,1931,0.131,
FRA,1932,0.131,
FRA,1933,0.131,
FRA,1934,0.131,
FRA,1935,0.131,
FRA,1936,0.131,
FRA,1937,0.131,
FRA,1938,0.131,
FRA,1939,0.131,
FRA,1940,0.23,
FRA,1941,0.187,
FRA,1942,0.187,
FRA,1943,0.187,
FRA,1944,0.187,
FRA,1945,0.052,
FRA,1946,0.052,
FRA,1947,0.086,
FRA,1948,0.086,
FRA,1949,0.086,
FRA,1950,0.086,
FRA,1951,0.086,
FRA,1952,0.086,
FRA,1953,0.086,
FRA,1954,0.086,
FRA,1955,0.086,
FRA,1956,0.086,
FRA,1957,0.086,
FRA,1958,0.082,
FRA,1959,0.061,
FRA,1960,0.061,
FRA,1961,0.061,
FRA,1962,0.061,
FRA,1963,0.061,
FRA,1964,0.061,
FRA,1965,0.061,
FRA,1966,0.061,
FRA,1967,0.061,
FRA,1968,0.061,
FRA,1969,0.061,
FRA,1970,0.061,
FRA,1971,0.061,
FRA,1972,0.061,
FRA,1973,0.061,
FRA,1974,0.061,
FRA,1975,0.061,
FRA,1976,0.061,
FRA,1977,0.061,
FRA,1978,0.061,
FRA,1979,0.061,
FRA,1980,0.061,
FRA,1981,0.061,
FRA,1982,0.061,
FRA,1983,0.061,
FRA,1984,0.061,
FRA,1985,0.061,
FRA,1986,0.061,
FRA,1987,0.061,
FRA,1988,0.061,
FRA,1989,0.061,
FRA,1990,0.061,
FRA,1991,0.061,
FRA,1992,0.061,
FRA,1993,0.061,
FRA,1994,0.061,
FRA,1995,0.061,
FRA,1996,0.061,
FRA,1997,0.061,
FRA,1998,0.061,
FRA,1999,0.061,
FRA,2000,0.061,
FRA,2001,0.061,
FRA,2002,0.061,
FRA,2003,0.061,
FRA,2004,0.061,
FRA,2005,0.061,
FRA,2006,0.061,
FRA,2007,0.061,
FRA,2008,0.061,
FRA,2009,0.061,
FRA,2010,0.061,
FRA,2011,0.061,
FRA,2012,0.061,
FRA,2013,0.055,
FRA,2014,0.055,
FRA,2015,0.055,
FRA,2016,0.055,
FRA,2017,0.055,
FRA,2018,0.062,
FRA,2019,0.065,
FRA,2020,0.058,
FRA,2021,0.058,
FRA,2022,0.05,
FRA,2023,0.049,Europe
FRA,2024,0.053,
GUF,2023,,South America
PYF,2023,,Oceania
GAB,1910,0.285,
GAB,1911,0.285,
GAB,1912,0.285,
GAB,1913,0.285,
GAB,1914,0.285,
GAB,1915,0.285,
GAB,1916,0.285,
GAB,1917,0.285,
GAB,1918,0.285,
GAB,1919,0.285,
GAB,1920,0.285,
GAB,1921,0.285,
GAB,1922,0.285,
GAB,1923,0.285,
GAB,1924,0.285,
GAB,1925,0.285,
GAB,1926,0.285,
GAB,1927,0.285,
GAB,1928,0.285,
GAB,1929,0.285,
GAB,1930,0.285,
GAB,1931,0.285,
GAB,1932,0.285,
GAB,1933,0.285,
GAB,1934,0.285,
GAB,1935,0.285,
GAB,1936,0.285,
GAB,1937,0.285,
GAB,1938,0.285,
GAB,1939,0.285,
GAB,1940,0.285,
GAB,1941,0.285,
GAB,1942,0.285,
GAB,1943,0.285,
GAB,1944,0.285,
GAB,1945,0.312,
GAB,1946,0.401,
GAB,1947,0.401,
GAB,1948,0.401,
GAB,1949,0.401,
GAB,1950,0.553,
GAB,1951,0.553,
GAB,1952,0.553,
GAB,1953,0.553,
GAB,1954,0.553,
GAB,1955,0.553,
GAB,1956,0.553,
GAB,1957,0.553,
GAB,1958,0.574,
GAB,1959,0.574,
GAB,1960,0.805,
GAB,1961,0.821,
GAB,1962,0.821,
GAB,1963,0.821,
GAB,1964,0.815,
GAB,1965,0.821,
GAB,1966,0.821,
GAB,1967,0.821,
GAB,1968,0.828,
GAB,1969,0.828,
GAB,1970,0.868,
GAB,1971,0.868,
GAB,1972,0.868,
GAB,1973,0.868,
GAB,1974,0.868,
GAB,1975,0.868,
GAB,1976,0.868,
GAB,1977,0.868,
GAB,1978,0.868,
GAB,1979,0.868,
GAB,1980,0.868,
GAB,1981,0.868,
GAB,1982,0.868,
GAB,1983,0.868,
GAB,1984,0.868,
GAB,1985,0.868,
GAB,1986,0.868,
GAB,1987,0.868,
GAB,1988,0.868,
GAB,1989,0.868,
GAB,1990,0.865,
GAB,1991,0.88,
GAB,1992,0.88,
GAB,1993,0.88,
GAB,1994,0.88,
GAB,1995,0.88,
GAB,1996,0.88,
GAB,1997,0.88,
GAB,1998,0.88,
GAB,1999,0.88,
GAB,2000,0.88,
GAB,2001,0.88,
GAB,2002,0.88,
GAB,2003,0.88,
GAB,2004,0.88,
GAB,2005,0.88,
GAB,2006,0.88,
GAB,2007,0.88,
GAB,2008,0.88,
GAB,2009,0.88,
GAB,2010,0.873,
GAB,2011,0.873,
GAB,2012,0.887,
GAB,2013,0.777,
GAB,2014,0.777,
GAB,2015,0.777,
GAB,2016,0.777,
GAB,2017,0.825,
GAB,2018,0.803,
GAB,2019,0.839,
GAB,2020,0.821,
GAB,2021,0.825,
GAB,2022,0.83,
GAB,2023,0.83,Africa
GAB,2024,0.72,
GMB,1900,0.1,
GMB,1901,0.084,
GMB,1902,0.084,
GMB,1903,0.084,
GMB,1904,0.084,
GMB,1905,0.084,
GMB,1906,0.084,
GMB,1907,0.084,
GMB,1908,0.084,
GMB,1909,0.084,
GMB,1910,0.084,
GMB,1911,0.084,
GMB,1912,0.084,
GMB,1913,0.084,
GMB,1914,0.084,
GMB,1915,0.084,
GMB,1916,0.084,
GMB,1917,0.084,
GMB,1918,0.084,
GMB,1919,0.084,
GMB,1920,0.084,
GMB,1921,0.084,
GMB,1922,0.084,
GMB,1923,0.084,
GMB,1924,0.084,
GMB,1925,0.084,
GMB,1926,0.084,
GMB,1927,0.084,
GMB,1928,0.084,
GMB,1929,0.084,
GMB,1930,0.084,
GMB,1931,0.084,
GMB,1932,0.084,
GMB,1933,0.084,
GMB,1934,0.084,
GMB,1935,0.084,
GMB,1936,0.084,
GMB,1937,0.084,
GMB,1938,0.084,
GMB,1939,0.084,
GMB,1940,0.084,
GMB,1941,0.084,
GMB,1942,0.084,
GMB,1943,0.084,
GMB,1944,0.084,
GMB,1945,0.084,
GMB,1946,0.084,
GMB,1947,0.084,
GMB,1948,0.084,
GMB,1949,0.084,
GMB,1950,0.091,
GMB,1951,0.091,
GMB,1952,0.091,
GMB,1953,0.091,
GMB,1954,0.091,
GMB,1955,0.091,
GMB,1956,0.091,
GMB,1957,0.091,
GMB,1958,0.091,
GMB,1959,0.091,
GMB,1960,0.101,
GMB,1961,0.101,
GMB,1962,0.096,
GMB,1963,0.096,
GMB,1964,0.096,
GMB,1965,0.156,
GMB,1966,0.159,
GMB,1967,0.159,
GMB,1968,0.159,
GMB,1969,0.17,
GMB,1970,0.251,
GMB,1971,0.251,
GMB,1972,0.256,
GMB,1973,0.256,
GMB,1974,0.256,
GMB,1975,0.256,
GMB,1976,0.28,
GMB,1977,0.317,
GMB,1978,0.336,
GMB,1979,0.336,
GMB,1980,0.336,
GMB,1981,0.358,
GMB,1982,0.358,
GMB,1983,0.365,
GMB,1984,0.365,
GMB,1985,0.365,
GMB,1986,0.365,
GMB,1987,0.365,
GMB,1988,0.365,
GMB,1989,0.365,
GMB,1990,0.365,
GMB,1991,0.365,
GMB,1992,0.365,
GMB,1993,0.365,
GMB,1994,0.43,
GMB,1995,0.508,
GMB,1996,0.605,
GMB,1997,0.571,
GMB,1998,0.571,
GMB,1999,0.571,
GMB,2000,0.566,
GMB,2001,0.566,
GMB,2002,0.566,
GMB,2003,0.566,
GMB,2004,0.566,
GMB,2005,0.566,
GMB,2006,0.566,
GMB,2007,0.566,
GMB,2008,0.566,
GMB,2009,0.566,
GMB,2010,0.566,
GMB,2011,0.566,
GMB,2012,0.566,
GMB,2013,0.578,
GMB,2014,0.578,
GMB,2015,0.578,
GMB,2016,0.563,
GMB,2017,0.294,
GMB,2018,0.302,
GMB,2019,0.354,
GMB,2020,0.325,
GMB,2021,0.297,
GMB,2022,0.275,
GMB,2023,0.26,Africa
GMB,2024,0.27,
GEO,1990,0.728,
GEO,1991,0.746,
GEO,1992,0.896,
GEO,1993,0.856,
GEO,1994,0.856,
GEO,1995,0.864,
GEO,1996,0.9,
GEO,1997,0.89,
GEO,1998,0.888,
GEO,1999,0.884,
GEO,2000,0.873,
GEO,2001,0.873,
GEO,2002,0.873,
GEO,2003,0.873,
GEO,2004,0.198,
GEO,2005,0.148,
GEO,2006,0.136,
GEO,2007,0.126,
GEO,2008,0.11,
GEO,2009,0.107,
GEO,2010,0.104,
GEO,2011,0.103,
GEO,2012,0.097,
GEO,2013,0.091,
GEO,2014,0.096,
GEO,2015,0.103,
GEO,2016,0.11,
GEO,2017,0.109,
GEO,2018,0.116,
GEO,2019,0.115,
GEO,2020,0.127,
GEO,2021,0.146,
GEO,2022,0.152,
GEO,2023,0.161,Asia
GEO,2024,0.188,
DEU,1789,0.062,
DEU,1790,0.062,
DEU,1791,0.062,
DEU,1792,0.062,
DEU,1793,0.062,
DEU,1794,0.062,
DEU,1795,0.062,
DEU,1796,0.062,
DEU,1797,0.062,
DEU,1798,0.062,
DEU,1799,0.062,
DEU,1800,0.062,
DEU,1801,0.062,
DEU,1802,0.062,
DEU,1803,0.062,
DEU,1804,0.062,
DEU,1805,0.062,
DEU,1806,0.062,
DEU,1807,0.062,
DEU,1808,0.062,
DEU,1809,0.062,
DEU,1810,0.062,
DEU,1811,0.062,
DEU,1812,0.062,
DEU,1813,0.062,
DEU,1814,0.062,
DEU,1815,0.062,
DEU,1816,0.062,
DEU,1817,0.062,
DEU,1818,0.062,
DEU,1819,0.062,
DEU,1820,0.062,
DEU,1821,0.062,
DEU,1822,0.062,
DEU,1823,0.062,
DEU,1824,0.062,
DEU,1825,0.062,
DEU,1826,0.062,
DEU,1827,0.062,
DEU,1828,0.062,
DEU,1829,0.062,
DEU,1830,0.062,
DEU,1831,0.062,
DEU,1832,0.062,
DEU,1833,0.062,
DEU,1834,0.062,
DEU,1835,0.062,
DEU,1836,0.062,
DEU,1837,0.062,
DEU,1838,0.062,
DEU,1839,0.062,
DEU,1840,0.062,
DEU,1841,0.062,
DEU,1842,0.062,
DEU,1843,0.062,
DEU,1844,0.062,
DEU,1845,0.062,
DEU,1846,0.062,
DEU,1847,0.062,
DEU,1848,0.076,
DEU,1849,0.076,
DEU,1850,0.076,
DEU,1851,0.076,
DEU,1852,0.076,
DEU,1853,0.076,
DEU,1854,0.076,
DEU,1855,0.076,
DEU,1856,0.076,
DEU,1857,0.076,
DEU,1858,0.076,
DEU,1859,0.076,
DEU,1860,0.076,
DEU,1861,0.076,
DEU,1862,0.076,
DEU,1863,0.076,
DEU,1864,0.076,
DEU,1865,0.076,
DEU,1866,0.076,
DEU,1867,0.076,
DEU,1868,0.076,
DEU,1869,0.076,
DEU,1870,0.076,
DEU,1871,0.076,
DEU,1872,0.076,
DEU,1873,0.076,
DEU,1874,0.076,
DEU,1875,0.076,
DEU,1876,0.076,
DEU,1877,0.076,
DEU,1878,0.076,
DEU,1879,0.076,
DEU,1880,0.076,
DEU,1881,0.076,
DEU,1882,0.076,
DEU,1883,0.076,
DEU,1884,0.076,
DEU,1885,0.076,
DEU,1886,0.076,
DEU,1887,0.076,
DEU,1888,0.076,
DEU,1889,0.076,
DEU,1890,0.076,
DEU,1891,0.076,
DEU,1892,0.076,
DEU,1893,0.076,
DEU,1894,0.076,
DEU,1895,0.076,
DEU,1896,0.076,
DEU,1897,0.076,
DEU,1898,0.076,
DEU,1899,0.076,
DEU,1900,0.076,
DEU,1901,0.076,
DEU,1902,0.076,
DEU,1903,0.076,
DEU,1904,0.076,
DEU,1905,0.076,
DEU,1906,0.076,
DEU,1907,0.076,
DEU,1908,0.076,
DEU,1909,0.076,
DEU,1910,0.076,
DEU,1911,0.076,
DEU,1912,0.076,
DEU,1913,0.076,
DEU,1914,0.086,
DEU,1915,0.09,
DEU,1916,0.093,
DEU,1917,0.094,
DEU,1918,0.107,
DEU,1919,0.101,
DEU,1920,0.084,
DEU,1921,0.084,
DEU,1922,0.084,
DEU,1923,0.084,
DEU,1924,0.084,
DEU,1925,0.084,
DEU,1926,0.084,
DEU,1927,0.084,
DEU,1928,0.084,
DEU,1929,0.084,
DEU,1930,0.084,
DEU,1931,0.084,
DEU,1932,0.097,
DEU,1933,0.221,
DEU,1934,0.27,
DEU,1935,0.264,
DEU,1936,0.264,
DEU,1937,0.264,
DEU,1938,0.264,
DEU,1939,0.264,
DEU,1940,0.264,
DEU,1941,0.264,
DEU,1942,0.264,
DEU,1943,0.264,
DEU,1944,0.264,
DEU,1991,0.011,
DEU,1992,0.011,
DEU,1993,0.011,
DEU,1994,0.011,
DEU,1995,0.011,
DEU,1996,0.011,
DEU,1997,0.011,
DEU,1998,0.011,
DEU,1999,0.011,
DEU,2000,0.011,
DEU,2001,0.011,
DEU,2002,0.011,
DEU,2003,0.011,
DEU,2004,0.011,
DEU,2005,0.011,
DEU,2006,0.011,
DEU,2007,0.011,
DEU,2008,0.011,
DEU,2009,0.012,
DEU,2010,0.012,
DEU,2011,0.012,
DEU,2012,0.012,
DEU,2013,0.012,
DEU,2014,0.012,
DEU,2015,0.012,
DEU,2016,0.012,
DEU,2017,0.012,
DEU,2018,0.013,
DEU,2019,0.013,
DEU,2020,0.016,
DEU,2021,0.016,
DEU,2022,0.018,
DEU,2023,0.014,Europe
DEU,2024,0.02,
GHA,1902,0.285,
GHA,1903,0.285,
GHA,1904,0.285,
GHA,1905,0.285,
GHA,1906,0.285,
GHA,1907,0.285,
GHA,1908,0.285,
GHA,1909,0.285,
GHA,1910,0.285,
GHA,1911,0.285,
GHA,1912,0.285,
GHA,1913,0.285,
GHA,1914,0.285,
GHA,1915,0.285,
GHA,1916,0.285,
GHA,1917,0.285,
GHA,1918,0.285,
GHA,1919,0.285,
GHA,1920,0.285,
GHA,1921,0.285,
GHA,1922,0.285,
GHA,1923,0.285,
GHA,1924,0.285,
GHA,1925,0.285,
GHA,1926,0.285,
GHA,1927,0.285,
GHA,1928,0.285,
GHA,1929,0.285,
GHA,1930,0.285,
GHA,1931,0.285,
GHA,1932,0.285,
GHA,1933,0.285,
GHA,1934,0.285,
GHA,1935,0.285,
GHA,1936,0.285,
GHA,1937,0.285,
GHA,1938,0.285,
GHA,1939,0.285,
GHA,1940,0.285,
GHA,1941,0.285,
GHA,1942,0.285,
GHA,1943,0.285,
GHA,1944,0.285,
GHA,1945,0.285,
GHA,1946,0.285,
GHA,1947,0.285,
GHA,1948,0.285,
GHA,1949,0.285,
GHA,1950,0.415,
GHA,1951,0.317,
GHA,1952,0.317,
GHA,1953,0.317,
GHA,1954,0.317,
GHA,1955,0.317,
GHA,1956,0.317,
GHA,1957,0.351,
GHA,1958,0.354,
GHA,1959,0.354,
GHA,1960,0.357,
GHA,1961,0.517,
GHA,1962,0.517,
GHA,1963,0.517,
GHA,1964,0.517,
GHA,1965,0.517,
GHA,1966,0.52,
GHA,1967,0.646,
GHA,1968,0.646,
GHA,1969,0.628,
GHA,1970,0.659,
GHA,1971,0.649,
GHA,1972,0.654,
GHA,1973,0.743,
GHA,1974,0.743,
GHA,1975,0.743,
GHA,1976,0.743,
GHA,1977,0.743,
GHA,1978,0.743,
GHA,1979,0.711,
GHA,1980,0.704,
GHA,1981,0.697,
GHA,1982,0.744,
GHA,1983,0.744,
GHA,1984,0.744,
GHA,1985,0.744,
GHA,1986,0.748,
GHA,1987,0.748,
GHA,1988,0.748,
GHA,1989,0.752,
GHA,1990,0.752,
GHA,1991,0.752,
GHA,1992,0.776,
GHA,1993,0.699,
GHA,1994,0.65,
GHA,1995,0.65,
GHA,1996,0.65,
GHA,1997,0.65,
GHA,1998,0.65,
GHA,1999,0.65,
GHA,2000,0.594,
GHA,2001,0.594,
GHA,2002,0.631,
GHA,2003,0.631,
GHA,2004,0.631,
GHA,2005,0.631,
GHA,2006,0.631,
GHA,2007,0.631,
GHA,2008,0.631,
GHA,2009,0.631,
GHA,2010,0.63,
GHA,2011,0.63,
GHA,2012,0.63,
GHA,2013,0.608,
GHA,2014,0.608,
GHA,2015,0.612,
GHA,2016,0.62,
GHA,2017,0.621,
GHA,2018,0.624,
GHA,2019,0.616,
GHA,2020,0.631,
GHA,2021,0.613,
GHA,2022,0.638,
GHA,2023,0.638,Africa
GHA,2024,0.644,
GIB,2023,,Europe
,2023,,Europe
,2023,,Europe
,2023,,South America
GRC,1822,0.54,
GRC,1823,0.54,
GRC,1824,0.54,
GRC,1825,0.54,
GRC,1826,0.54,
GRC,1827,0.54,
GRC,1828,0.54,
GRC,1829,0.54,
GRC,1830,0.54,
GRC,1831,0.54,
GRC,1832,0.54,
GRC,1833,0.498,
GRC,1834,0.498,
GRC,1835,0.498,
GRC,1836,0.498,
GRC,1837,0.498,
GRC,1838,0.498,
GRC,1839,0.498,
GRC,1840,0.498,
GRC,1841,0.498,
GRC,1842,0.498,
GRC,1843,0.455,
GRC,1844,0.455,
GRC,1845,0.455,
GRC,1846,0.455,
GRC,1847,0.455,
GRC,1848,0.455,
GRC,1849,0.455,
GRC,1850,0.455,
GRC,1851,0.455,
GRC,1852,0.455,
GRC,1853,0.455,
GRC,1854,0.455,
GRC,1855,0.455,
GRC,1856,0.455,
GRC,1857,0.455,
GRC,1858,0.455,
GRC,1859,0.455,
GRC,1860,0.455,
GRC,1861,0.455,
GRC,1862,0.455,
GRC,1863,0.455,
GRC,1864,0.455,
GRC,1865,0.455,
GRC,1866,0.455,
GRC,1867,0.455,
GRC,1868,0.455,
GRC,1869,0.455,
GRC,1870,0.455,
GRC,1871,0.455,
GRC,1872,0.455,
GRC,1873,0.455,
GRC,1874,0.455,
GRC,1875,0.455,
GRC,1876,0.455,
GRC,1877,0.455,
GRC,1878,0.455,
GRC,1879,0.455,
GRC,1880,0.455,
GRC,1881,0.455,
GRC,1882,0.455,
GRC,1883,0.455,
GRC,1884,0.455,
GRC,1885,0.455,
GRC,1886,0.455,
GRC,1887,0.455,
GRC,1888,0.455,
GRC,1889,0.455,
GRC,1890,0.455,
GRC,1891,0.455,
GRC,1892,0.455,
GRC,1893,0.455,
GRC,1894,0.455,
GRC,1895,0.455,
GRC,1896,0.455,
GRC,1897,0.455,
GRC,1898,0.455,
GRC,1899,0.455,
GRC,1900,0.455,
GRC,1901,0.455,
GRC,1902,0.455,
GRC,1903,0.455,
GRC,1904,0.455,
GRC,1905,0.455,
GRC,1906,0.455,
GRC,1907,0.455,
GRC,1908,0.455,
GRC,1909,0.455,
GRC,1910,0.455,
GRC,1911,0.444,
GRC,1912,0.444,
GRC,1913,0.444,
GRC,1914,0.444,
GRC,1915,0.444,
GRC,1916,0.444,
GRC,1917,0.444,
GRC,1918,0.444,
GRC,1919,0.444,
GRC,1920,0.448,
GRC,1921,0.448,
GRC,1922,0.448,
GRC,1923,0.448,
GRC,1924,0.448,
GRC,1925,0.448,
GRC,1926,0.487,
GRC,1927,0.418,
GRC,1928,0.418,
GRC,1929,0.418,
GRC,1930,0.418,
GRC,1931,0.418,
GRC,1932,0.418,
GRC,1933,0.418,
GRC,1934,0.418,
GRC,1935,0.413,
GRC,1936,0.524,
GRC,1937,0.524,
GRC,1938,0.524,
GRC,1939,0.524,
GRC,1940,0.553,
GRC,1941,0.553,
GRC,1942,0.553,
GRC,1943,0.553,
GRC,1944,0.553,
GRC,1945,0.489,
GRC,1946,0.429,
GRC,1947,0.409,
GRC,1948,0.409,
GRC,1949,0.409,
GRC,1950,0.409,
GRC,1951,0.409,
GRC,1952,0.409,
GRC,1953,0.409,
GRC,1954,0.347,
GRC,1955,0.347,
GRC,1956,0.347,
GRC,1957,0.347,
GRC,1958,0.347,
GRC,1959,0.347,
GRC,1960,0.347,
GRC,1961,0.347,
GRC,1962,0.347,
GRC,1963,0.347,
GRC,1964,0.347,
GRC,1965,0.347,
GRC,1966,0.339,
GRC,1967,0.414,
GRC,1968,0.497,
GRC,1969,0.497,
GRC,1970,0.497,
GRC,1971,0.497,
GRC,1972,0.497,
GRC,1973,0.497,
GRC,1974,0.486,
GRC,1975,0.401,
GRC,1976,0.271,
GRC,1977,0.271,
GRC,1978,0.271,
GRC,1979,0.271,
GRC,1980,0.271,
GRC,1981,0.266,
GRC,1982,0.266,
GRC,1983,0.269,
GRC,1984,0.269,
GRC,1985,0.269,
GRC,1986,0.269,
GRC,1987,0.269,
GRC,1988,0.269,
GRC,1989,0.269,
GRC,1990,0.269,
GRC,1991,0.269,
GRC,1992,0.269,
GRC,1993,0.269,
GRC,1994,0.269,
GRC,1995,0.265,
GRC,1996,0.265,
GRC,1997,0.265,
GRC,1998,0.253,
GRC,1999,0.253,
GRC,2000,0.253,
GRC,2001,0.253,
GRC,2002,0.253,
GRC,2003,0.253,
GRC,2004,0.253,
GRC,2005,0.253,
GRC,2006,0.253,
GRC,2007,0.253,
GRC,2008,0.257,
GRC,2009,0.252,
GRC,2010,0.212,
GRC,2011,0.206,
GRC,2012,0.211,
GRC,2013,0.17,
GRC,2014,0.17,
GRC,2015,0.146,
GRC,2016,0.146,
GRC,2017,0.149,
GRC,2018,0.169,
GRC,2019,0.178,
GRC,2020,0.213,
GRC,2021,0.174,
GRC,2022,0.253,
GRC,2023,0.242,Europe
GRC,2024,0.238,
GRL,2023,,North America
GRD,2023,,North America
GLP,2023,,North America
GUM,2023,,Oceania
GTM,1789,0.639,
GTM,1790,0.701,
GTM,1791,0.701,
GTM,1792,0.701,
GTM,1793,0.701,
GTM,1794,0.701,
GTM,1795,0.701,
GTM,1796,0.701,
GTM,1797,0.701,
GTM,1798,0.701,
GTM,1799,0.701,
GTM,1800,0.701,
GTM,1801,0.701,
GTM,1802,0.701,
GTM,1803,0.701,
GTM,1804,0.701,
GTM,1805,0.701,
GTM,1806,0.701,
GTM,1807,0.701,
GTM,1808,0.701,
GTM,1809,0.701,
GTM,1810,0.701,
GTM,1811,0.701,
GTM,1812,0.652,
GTM,1813,0.652,
GTM,1814,0.652,
GTM,1815,0.652,
GTM,1816,0.652,
GTM,1817,0.652,
GTM,1818,0.652,
GTM,1819,0.652,
GTM,1820,0.652,
GTM,1821,0.652,
GTM,1823,0.631,
GTM,1824,0.631,
GTM,1825,0.581,
GTM,1826,0.581,
GTM,1827,0.581,
GTM,1828,0.581,
GTM,1829,0.581,
GTM,1830,0.581,
GTM,1831,0.581,
GTM,1832,0.581,
GTM,1833,0.581,
GTM,1834,0.581,
GTM,1835,0.581,
GTM,1836,0.581,
GTM,1837,0.581,
GTM,1838,0.581,
GTM,1839,0.581,
GTM,1840,0.666,
GTM,1841,0.666,
GTM,1842,0.666,
GTM,1843,0.666,
GTM,1844,0.696,
GTM,1845,0.696,
GTM,1846,0.696,
GTM,1847,0.696,
GTM,1848,0.696,
GTM,1849,0.696,
GTM,1850,0.696,
GTM,1851,0.696,
GTM,1852,0.696,
GTM,1853,0.696,
GTM,1854,0.696,
GTM,1855,0.696,
GTM,1856,0.696,
GTM,1857,0.696,
GTM,1858,0.696,
GTM,1859,0.696,
GTM,1860,0.696,
GTM,1861,0.696,
GTM,1862,0.696,
GTM,1863,0.696,
GTM,1864,0.696,
GTM,1865,0.696,
GTM,1866,0.696,
GTM,1867,0.696,
GTM,1868,0.696,
GTM,1869,0.696,
GTM,1870,0.696,
GTM,1871,0.793,
GTM,1872,0.793,
GTM,1873,0.793,
GTM,1874,0.793,
GTM,1875,0.793,
GTM,1876,0.793,
GTM,1877,0.793,
GTM,1878,0.793,
GTM,1879,0.793,
GTM,1880,0.793,
GTM,1881,0.793,
GTM,1882,0.793,
GTM,1883,0.793,
GTM,1884,0.793,
GTM,1885,0.793,
GTM,1886,0.793,
GTM,1887,0.793,
GTM,1888,0.793,
GTM,1889,0.793,
GTM,1890,0.793,
GTM,1891,0.793,
GTM,1892,0.793,
GTM,1893,0.793,
GTM,1894,0.793,
GTM,1895,0.793,
GTM,1896,0.793,
GTM,1897,0.793,
GTM,1898,0.793,
GTM,1899,0.922,
GTM,1900,0.922,
GTM,1901,0.922,
GTM,1902,0.922,
GTM,1903,0.922,
GTM,1904,0.922,
GTM,1905,0.922,
GTM,1906,0.922,
GTM,1907,0.922,
GTM,1908,0.922,
GTM,1909,0.922,
GTM,1910,0.895,
GTM,1911,0.895,
GTM,1912,0.895,
GTM,1913,0.895,
GTM,1914,0.895,
GTM,1915,0.895,
GTM,1916,0.895,
GTM,1917,0.895,
GTM,1918,0.895,
GTM,1919,0.895,
GTM,1920,0.866,
GTM,1921,0.853,
GTM,1922,0.853,
GTM,1923,0.853,
GTM,1924,0.853,
GTM,1925,0.853,
GTM,1926,0.855,
GTM,1927,0.855,
GTM,1928,0.855,
GTM,1929,0.855,
GTM,1930,0.855,
GTM,1931,0.711,
GTM,1932,0.711,
GTM,1933,0.711,
GTM,1934,0.711,
GTM,1935,0.711,
GTM,1936,0.711,
GTM,1937,0.711,
GTM,1938,0.711,
GTM,1939,0.711,
GTM,1940,0.711,
GTM,1941,0.711,
GTM,1942,0.711,
GTM,1943,0.711,
GTM,1944,0.734,
GTM,1945,0.575,
GTM,1946,0.575,
GTM,1947,0.575,
GTM,1948,0.575,
GTM,1949,0.575,
GTM,1950,0.575,
GTM,1951,0.575,
GTM,1952,0.575,
GTM,1953,0.495,
GTM,1954,0.585,
GTM,1955,0.723,
GTM,1956,0.825,
GTM,1957,0.84,
GTM,1958,0.835,
GTM,1959,0.835,
GTM,1960,0.835,
GTM,1961,0.835,
GTM,1962,0.831,
GTM,1963,0.826,
GTM,1964,0.803,
GTM,1965,0.803,
GTM,1966,0.813,
GTM,1967,0.808,
GTM,1968,0.808,
GTM,1969,0.808,
GTM,1970,0.814,
GTM,1971,0.814,
GTM,1972,0.814,
GTM,1973,0.814,
GTM,1974,0.809,
GTM,1975,0.809,
GTM,1976,0.809,
GTM,1977,0.809,
GTM,1978,0.815,
GTM,1979,0.815,
GTM,1980,0.815,
GTM,1981,0.805,
GTM,1982,0.817,
GTM,1983,0.732,
GTM,1984,0.78,
GTM,1985,0.78,
GTM,1986,0.816,
GTM,1987,0.85,
GTM,1988,0.85,
GTM,1989,0.85,
GTM,1990,0.85,
GTM,1991,0.85,
GTM,1992,0.85,
GTM,1993,0.81,
GTM,1994,0.806,
GTM,1995,0.806,
GTM,1996,0.777,
GTM,1997,0.777,
GTM,1998,0.777,
GTM,1999,0.792,
GTM,2000,0.819,
GTM,2001,0.819,
GTM,2002,0.819,
GTM,2003,0.819,
GTM,2004,0.796,
GTM,2005,0.796,
GTM,2006,0.796,
GTM,2007,0.796,
GTM,2008,0.79,
GTM,2009,0.79,
GTM,2010,0.787,
GTM,2011,0.788,
GTM,2012,0.788,
GTM,2013,0.798,
GTM,2014,0.798,
GTM,2015,0.752,
GTM,2016,0.72,
GTM,2017,0.734,
GTM,2018,0.779,
GTM,2019,0.769,
GTM,2020,0.757,
GTM,2021,0.756,
GTM,2022,0.762,
GTM,2023,0.769,North America
GTM,2024,0.707,
GGY,2023,,Europe
GIN,1900,0.692,
GIN,1901,0.692,
GIN,1902,0.692,
GIN,1903,0.692,
GIN,1904,0.692,
GIN,1905,0.692,
GIN,1906,0.692,
GIN,1907,0.692,
GIN,1908,0.692,
GIN,1909,0.692,
GIN,1910,0.692,
GIN,1911,0.692,
GIN,1912,0.692,
GIN,1913,0.692,
GIN,1914,0.692,
GIN,1915,0.692,
GIN,1916,0.692,
GIN,1917,0.692,
GIN,1918,0.692,
GIN,1919,0.692,
GIN,1920,0.692,
GIN,1921,0.692,
GIN,1922,0.692,
GIN,1923,0.692,
GIN,1924,0.692,
GIN,1925,0.692,
GIN,1926,0.692,
GIN,1927,0.692,
GIN,1928,0.692,
GIN,1929,0.692,
GIN,1930,0.665,
GIN,1931,0.665,
GIN,1932,0.665,
GIN,1933,0.665,
GIN,1934,0.665,
GIN,1935,0.665,
GIN,1936,0.665,
GIN,1937,0.665,
GIN,1938,0.665,
GIN,1939,0.665,
GIN,1940,0.665,
GIN,1941,0.665,
GIN,1942,0.665,
GIN,1943,0.665,
GIN,1944,0.665,
GIN,1945,0.665,
GIN,1946,0.665,
GIN,1947,0.562,
GIN,1948,0.562,
GIN,1949,0.562,
GIN,1950,0.562,
GIN,1951,0.562,
GIN,1952,0.562,
GIN,1953,0.562,
GIN,1954,0.562,
GIN,1955,0.562,
GIN,1956,0.562,
GIN,1957,0.522,
GIN,1958,0.529,
GIN,1959,0.542,
GIN,1960,0.622,
GIN,1961,0.648,
GIN,1962,0.618,
GIN,1963,0.618,
GIN,1964,0.618,
GIN,1965,0.612,
GIN,1966,0.612,
GIN,1967,0.612,
GIN,1968,0.612,
GIN,1969,0.612,
GIN,1970,0.612,
GIN,1971,0.612,
GIN,1972,0.612,
GIN,1973,0.612,
GIN,1974,0.612,
GIN,1975,0.612,
GIN,1976,0.612,
GIN,1977,0.612,
GIN,1978,0.612,
GIN,1979,0.612,
GIN,1980,0.612,
GIN,1981,0.612,
GIN,1982,0.612,
GIN,1983,0.612,
GIN,1984,0.63,
GIN,1985,0.862,
GIN,1986,0.913,
GIN,1987,0.913,
GIN,1988,0.913,
GIN,1989,0.913,
GIN,1990,0.913,
GIN,1991,0.82,
GIN,1992,0.82,
GIN,1993,0.82,
GIN,1994,0.844,
GIN,1995,0.853,
GIN,1996,0.923,
GIN,1997,0.923,
GIN,1998,0.923,
GIN,1999,0.923,
GIN,2000,0.923,
GIN,2001,0.923,
GIN,2002,0.923,
GIN,2003,0.923,
GIN,2004,0.923,
GIN,2005,0.923,
GIN,2006,0.923,
GIN,2007,0.923,
GIN,2008,0.923,
GIN,2009,0.945,
GIN,2010,0.94,
GIN,2011,0.905,
GIN,2012,0.902,
GIN,2013,0.868,
GIN,2014,0.868,
GIN,2015,0.869,
GIN,2016,0.869,
GIN,2017,0.873,
GIN,2018,0.888,
GIN,2019,0.889,
GIN,2020,0.853,
GIN,2021,0.853,
GIN,2022,0.853,
GIN,2023,0.853,Africa
GIN,2024,0.86,
GNB,1900,0.204,
GNB,1901,0.204,
GNB,1902,0.204,
GNB,1903,0.204,
GNB,1904,0.204,
GNB,1905,0.204,
GNB,1906,0.204,
GNB,1907,0.204,
GNB,1908,0.204,
GNB,1909,0.204,
GNB,1910,0.204,
GNB,1911,0.204,
GNB,1912,0.204,
GNB,1913,0.204,
GNB,1914,0.204,
GNB,1915,0.204,
GNB,1916,0.204,
GNB,1917,0.204,
GNB,1918,0.204,
GNB,1919,0.204,
GNB,1920,0.204,
GNB,1921,0.204,
GNB,1922,0.204,
GNB,1923,0.204,
GNB,1924,0.204,
GNB,1925,0.204,
GNB,1926,0.204,
GNB,1927,0.204,
GNB,1928,0.204,
GNB,1929,0.196,
GNB,1930,0.196,
GNB,1931,0.196,
GNB,1932,0.196,
GNB,1933,0.185,
GNB,1934,0.185,
GNB,1935,0.185,
GNB,1936,0.185,
GNB,1937,0.185,
GNB,1938,0.185,
GNB,1939,0.185,
GNB,1940,0.185,
GNB,1941,0.185,
GNB,1942,0.185,
GNB,1943,0.185,
GNB,1944,0.185,
GNB,1945,0.185,
GNB,1946,0.185,
GNB,1947,0.185,
GNB,1948,0.185,
GNB,1949,0.185,
GNB,1950,0.185,
GNB,1951,0.185,
GNB,1952,0.185,
GNB,1953,0.185,
GNB,1954,0.185,
GNB,1955,0.185,
GNB,1956,0.185,
GNB,1957,0.185,
GNB,1958,0.185,
GNB,1959,0.185,
GNB,1960,0.185,
GNB,1961,0.185,
GNB,1962,0.185,
GNB,1963,0.185,
GNB,1964,0.185,
GNB,1965,0.185,
GNB,1966,0.185,
GNB,1967,0.185,
GNB,1968,0.185,
GNB,1969,0.185,
GNB,1970,0.185,
GNB,1971,0.185,
GNB,1972,0.27,
GNB,1973,0.261,
GNB,1974,0.565,
GNB,1975,0.565,
GNB,1976,0.565,
GNB,1977,0.565,
GNB,1978,0.565,
GNB,1979,0.565,
GNB,1980,0.652,
GNB,1981,0.675,
GNB,1982,0.675,
GNB,1983,0.675,
GNB,1984,0.675,
GNB,1985,0.675,
GNB,1986,0.633,
GNB,1987,0.633,
GNB,1988,0.633,
GNB,1989,0.633,
GNB,1990,0.633,
GNB,1991,0.633,
GNB,1992,0.708,
GNB,1993,0.73,
GNB,1994,0.839,
GNB,1995,0.839,
GNB,1996,0.839,
GNB,1997,0.839,
GNB,1998,0.836,
GNB,1999,0.836,
GNB,2000,0.852,
GNB,2001,0.852,
GNB,2002,0.898,
GNB,2003,0.915,
GNB,2004,0.864,
GNB,2005,0.86,
GNB,2006,0.864,
GNB,2007,0.861,
GNB,2008,0.857,
GNB,2009,0.857,
GNB,2010,0.857,
GNB,2011,0.858,
GNB,2012,0.871,
GNB,2013,0.85,
GNB,2014,0.835,
GNB,2015,0.835,
GNB,2016,0.85,
GNB,2017,0.85,
GNB,2018,0.851,
GNB,2019,0.858,
GNB,2020,0.834,
GNB,2021,0.809,
GNB,2022,0.817,
GNB,2023,0.805,Africa
GNB,2024,0.805,
GUY,1900,0.125,
GUY,1901,0.125,
GUY,1902,0.125,
GUY,1903,0.125,
GUY,1904,0.125,
GUY,1905,0.125,
GUY,1906,0.125,
GUY,1907,0.125,
GUY,1908,0.125,
GUY,1909,0.125,
GUY,1910,0.125,
GUY,1911,0.125,
GUY,1912,0.125,
GUY,1913,0.125,
GUY,1914,0.125,
GUY,1915,0.125,
GUY,1916,0.125,
GUY,1917,0.125,
GUY,1918,0.125,
GUY,1919,0.125,
GUY,1920,0.125,
GUY,1921,0.125,
GUY,1922,0.125,
GUY,1923,0.125,
GUY,1924,0.125,
GUY,1925,0.125,
GUY,1926,0.125,
GUY,1927,0.125,
GUY,1928,0.125,
GUY,1929,0.125,
GUY,1930,0.125,
GUY,1931,0.125,
GUY,1932,0.125,
GUY,1933,0.125,
GUY,1934,0.125,
GUY,1935,0.125,
GUY,1936,0.125,
GUY,1937,0.125,
GUY,1938,0.125,
GUY,1939,0.125,
GUY,1940,0.125,
GUY,1941,0.125,
GUY,1942,0.125,
GUY,1943,0.125,
GUY,1944,0.125,
GUY,1945,0.125,
GUY,1946,0.125,
GUY,1947,0.125,
GUY,1948,0.125,
GUY,1949,0.125,
GUY,1950,0.125,
GUY,1951,0.125,
GUY,1952,0.125,
GUY,1953,0.148,
GUY,1954,0.148,
GUY,1955,0.148,
GUY,1956,0.148,
GUY,1957,0.143,
GUY,1958,0.133,
GUY,1959,0.133,
GUY,1960,0.133,
GUY,1961,0.133,
GUY,1962,0.133,
GUY,1963,0.133,
GUY,1964,0.239,
GUY,1965,0.239,
GUY,1966,0.364,
GUY,1967,0.364,
GUY,1968,0.364,
GUY,1969,0.364,
GUY,1970,0.432,
GUY,1971,0.432,
GUY,1972,0.432,
GUY,1973,0.432,
GUY,1974,0.432,
GUY,1975,0.432,
GUY,1976,0.432,
GUY,1977,0.432,
GUY,1978,0.432,
GUY,1979,0.432,
GUY,1980,0.519,
GUY,1981,0.498,
GUY,1982,0.498,
GUY,1983,0.498,
GUY,1984,0.498,
GUY,1985,0.498,
GUY,1986,0.506,
GUY,1987,0.506,
GUY,1988,0.506,
GUY,1989,0.506,
GUY,1990,0.535,
GUY,1991,0.535,
GUY,1992,0.535,
GUY,1993,0.451,
GUY,1994,0.435,
GUY,1995,0.435,
GUY,1996,0.435,
GUY,1997,0.555,
GUY,1998,0.513,
GUY,1999,0.487,
GUY,2000,0.559,
GUY,2001,0.559,
GUY,2002,0.559,
GUY,2003,0.559,
GUY,2004,0.559,
GUY,2005,0.559,
GUY,2006,0.559,
GUY,2007,0.559,
GUY,2008,0.559,
GUY,2009,0.559,
GUY,2010,0.56,
GUY,2011,0.56,
GUY,2012,0.56,
GUY,2013,0.548,
GUY,2014,0.548,
GUY,2015,0.406,
GUY,2016,0.382,
GUY,2017,0.404,
GUY,2018,0.37,
GUY,2019,0.365,
GUY,2020,0.406,
GUY,2021,0.39,
GUY,2022,0.39,
GUY,2023,0.429,South America
GUY,2024,0.429,
HTI,1789,0.734,
HTI,1790,0.734,
HTI,1791,0.734,
HTI,1792,0.846,
HTI,1793,0.846,
HTI,1794,0.846,
HTI,1795,0.846,
HTI,1796,0.846,
HTI,1797,0.846,
HTI,1798,0.846,
HTI,1799,0.878,
HTI,1800,0.878,
HTI,1801,0.878,
HTI,1802,0.905,
HTI,1803,0.905,
HTI,1804,0.905,
HTI,1805,0.905,
HTI,1806,0.905,
HTI,1807,0.905,
HTI,1808,0.878,
HTI,1809,0.878,
HTI,1810,0.878,
HTI,1811,0.878,
HTI,1812,0.878,
HTI,1813,0.878,
HTI,1814,0.878,
HTI,1815,0.878,
HTI,1816,0.878,
HTI,1817,0.889,
HTI,1818,0.889,
HTI,1819,0.889,
HTI,1820,0.889,
HTI,1821,0.889,
HTI,1822,0.889,
HTI,1823,0.889,
HTI,1824,0.889,
HTI,1825,0.889,
HTI,1826,0.889,
HTI,1827,0.889,
HTI,1828,0.889,
HTI,1829,0.889,
HTI,1830,0.889,
HTI,1831,0.889,
HTI,1832,0.889,
HTI,1833,0.889,
HTI,1834,0.889,
HTI,1835,0.889,
HTI,1836,0.889,
HTI,1837,0.889,
HTI,1838,0.889,
HTI,1839,0.889,
HTI,1840,0.889,
HTI,1841,0.889,
HTI,1842,0.889,
HTI,1843,0.889,
HTI,1844,0.878,
HTI,1845,0.878,
HTI,1846,0.878,
HTI,1847,0.907,
HTI,1848,0.907,
HTI,1849,0.907,
HTI,1850,0.907,
HTI,1851,0.907,
HTI,1852,0.907,
HTI,1853,0.907,
HTI,1854,0.907,
HTI,1855,0.907,
HTI,1856,0.907,
HTI,1857,0.907,
HTI,1858,0.907,
HTI,1859,0.907,
HTI,1860,0.878,
HTI,1861,0.878,
HTI,1862,0.878,
HTI,1863,0.878,
HTI,1864,0.878,
HTI,1865,0.878,
HTI,1866,0.878,
HTI,1867,0.878,
HTI,1868,0.878,
HTI,1869,0.878,
HTI,1870,0.878,
HTI,1871,0.878,
HTI,1872,0.878,
HTI,1873,0.878,
HTI,1874,0.878,
HTI,1875,0.878,
HTI,1876,0.878,
HTI,1877,0.878,
HTI,1878,0.878,
HTI,1879,0.878,
HTI,1880,0.878,
HTI,1881,0.878,
HTI,1882,0.878,
HTI,1883,0.878,
HTI,1884,0.878,
HTI,1885,0.878,
HTI,1886,0.878,
HTI,1887,0.878,
HTI,1888,0.878,
HTI,1889,0.878,
HTI,1890,0.887,
HTI,1891,0.887,
HTI,1892,0.887,
HTI,1893,0.887,
HTI,1894,0.887,
HTI,1895,0.887,
HTI,1896,0.887,
HTI,1897,0.887,
HTI,1898,0.901,
HTI,1899,0.901,
HTI,1900,0.901,
HTI,1901,0.901,
HTI,1902,0.901,
HTI,1903,0.901,
HTI,1904,0.901,
HTI,1905,0.901,
HTI,1906,0.901,
HTI,1907,0.901,
HTI,1908,0.901,
HTI,1909,0.901,
HTI,1910,0.901,
HTI,1911,0.901,
HTI,1912,0.901,
HTI,1913,0.901,
HTI,1914,0.901,
HTI,1915,0.847,
HTI,1916,0.839,
HTI,1917,0.839,
HTI,1918,0.813,
HTI,1919,0.813,
HTI,1920,0.813,
HTI,1921,0.813,
HTI,1922,0.813,
HTI,1923,0.813,
HTI,1924,0.813,
HTI,1925,0.813,
HTI,1926,0.813,
HTI,1927,0.813,
HTI,1928,0.813,
HTI,1929,0.813,
HTI,1930,0.813,
HTI,1931,0.826,
HTI,1932,0.826,
HTI,1933,0.826,
HTI,1934,0.826,
HTI,1935,0.826,
HTI,1936,0.836,
HTI,1937,0.836,
HTI,1938,0.836,
HTI,1939,0.836,
HTI,1940,0.836,
HTI,1941,0.836,
HTI,1942,0.836,
HTI,1943,0.836,
HTI,1944,0.836,
HTI,1945,0.836,
HTI,1946,0.836,
HTI,1947,0.836,
HTI,1948,0.836,
HTI,1949,0.836,
HTI,1950,0.836,
HTI,1951,0.836,
HTI,1952,0.836,
HTI,1953,0.836,
HTI,1954,0.836,
HTI,1955,0.836,
HTI,1956,0.825,
HTI,1957,0.844,
HTI,1958,0.87,
HTI,1959,0.87,
HTI,1960,0.87,
HTI,1961,0.87,
HTI,1962,0.87,
HTI,1963,0.87,
HTI,1964,0.87,
HTI,1965,0.87,
HTI,1966,0.87,
HTI,1967,0.87,
HTI,1968,0.87,
HTI,1969,0.87,
HTI,1970,0.87,
HTI,1971,0.87,
HTI,1972,0.87,
HTI,1973,0.87,
HTI,1974,0.87,
HTI,1975,0.87,
HTI,1976,0.87,
HTI,1977,0.87,
HTI,1978,0.87,
HTI,1979,0.87,
HTI,1980,0.87,
HTI,1981,0.87,
HTI,1982,0.87,
HTI,1983,0.87,
HTI,1984,0.871,
HTI,1985,0.871,
HTI,1986,0.871,
HTI,1987,0.85,
HTI,1988,0.85,
HTI,1989,0.85,
HTI,1990,0.851,
HTI,1991,0.855,
HTI,1992,0.838,
HTI,1993,0.838,
HTI,1994,0.838,
HTI,1995,0.838,
HTI,1996,0.838,
HTI,1997,0.808,
HTI,1998,0.808,
HTI,1999,0.808,
HTI,2000,0.808,
HTI,2001,0.83,
HTI,2002,0.83,
HTI,2003,0.83,
HTI,2004,0.819,
HTI,2005,0.83,
HTI,2006,0.788,
HTI,2007,0.832,
HTI,2008,0.832,
HTI,2009,0.832,
HTI,2010,0.845,
HTI,2011,0.853,
HTI,2012,0.851,
HTI,2013,0.832,
HTI,2014,0.848,
HTI,2015,0.858,
HTI,2016,0.834,
HTI,2017,0.85,
HTI,2018,0.893,
HTI,2019,0.885,
HTI,2020,0.848,
HTI,2021,0.862,
HTI,2022,0.833,
HTI,2023,0.774,North America
HTI,2024,0.774,
OWID_HAN,1789,0.446,
OWID_HAN,1790,0.446,
OWID_HAN,1791,0.446,
OWID_HAN,1792,0.446,
OWID_HAN,1793,0.446,
OWID_HAN,1794,0.446,
OWID_HAN,1795,0.446,
OWID_HAN,1796,0.446,
OWID_HAN,1797,0.446,
OWID_HAN,1798,0.446,
OWID_HAN,1799,0.446,
OWID_HAN,1800,0.446,
OWID_HAN,1801,0.446,
OWID_HAN,1802,0.446,
OWID_HAN,1803,0.348,
OWID_HAN,1804,0.348,
OWID_HAN,1805,0.348,
OWID_HAN,1806,0.348,
OWID_HAN,1807,0.348,
OWID_HAN,1808,0.348,
OWID_HAN,1809,0.348,
OWID_HAN,1810,0.348,
OWID_HAN,1813,0.346,
OWID_HAN,1814,0.346,
OWID_HAN,1815,0.346,
OWID_HAN,1816,0.346,
OWID_HAN,1817,0.346,
OWID_HAN,1818,0.346,
OWID_HAN,1819,0.387,
OWID_HAN,1820,0.387,
OWID_HAN,1821,0.387,
OWID_HAN,1822,0.387,
OWID_HAN,1823,0.387,
OWID_HAN,1824,0.387,
OWID_HAN,1825,0.387,
OWID_HAN,1826,0.387,
OWID_HAN,1827,0.387,
OWID_HAN,1828,0.387,
OWID_HAN,1829,0.387,
OWID_HAN,1830,0.387,
OWID_HAN,1831,0.387,
OWID_HAN,1832,0.387,
OWID_HAN,1833,0.387,
OWID_HAN,1834,0.387,
OWID_HAN,1835,0.366,
OWID_HAN,1836,0.366,
OWID_HAN,1837,0.328,
OWID_HAN,1838,0.328,
OWID_HAN,1839,0.328,
OWID_HAN,1840,0.328,
OWID_HAN,1841,0.328,
OWID_HAN,1842,0.328,
OWID_HAN,1843,0.328,
OWID_HAN,1844,0.328,
OWID_HAN,1845,0.328,
OWID_HAN,1846,0.328,
OWID_HAN,1847,0.328,
OWID_HAN,1848,0.328,
OWID_HAN,1849,0.272,
OWID_HAN,1850,0.272,
OWID_HAN,1851,0.272,
OWID_HAN,1852,0.272,
OWID_HAN,1853,0.272,
OWID_HAN,1854,0.272,
OWID_HAN,1855,0.272,
OWID_HAN,1856,0.272,
OWID_HAN,1857,0.272,
OWID_HAN,1858,0.272,
OWID_HAN,1859,0.272,
OWID_HAN,1860,0.272,
OWID_HAN,1861,0.272,
OWID_HAN,1862,0.272,
OWID_HAN,1863,0.272,
OWID_HAN,1864,0.272,
OWID_HAN,1865,0.272,
OWID_HAN,1866,0.272,
OWID_HSG,1789,0.152,
OWID_HSG,1790,0.152,
OWID_HSG,1791,0.152,
OWID_HSG,1792,0.152,
OWID_HSG,1793,0.152,
OWID_HSG,1794,0.152,
OWID_HSG,1795,0.152,
OWID_HSG,1796,0.152,
OWID_HSG,1797,0.152,
OWID_HSG,1798,0.152,
OWID_HSG,1799,0.152,
OWID_HSG,1800,0.152,
OWID_HSG,1801,0.152,
OWID_HSG,1802,0.152,
OWID_HSG,1803,0.152,
OWID_HSG,1804,0.152,
OWID_HSG,1805,0.152,
OWID_HSG,1806,0.198,
OWID_HSG,1807,0.198,
OWID_HSG,1808,0.198,
OWID_HSG,1809,0.198,
OWID_HSG,1810,0.198,
OWID_HSG,1811,0.198,
OWID_HSG,1812,0.198,
OWID_HSG,1813,0.198,
OWID_HSG,1814,0.198,
OWID_HSG,1815,0.198,
OWID_HSG,1816,0.198,
OWID_HSG,1817,0.198,
OWID_HSG,1818,0.198,
OWID_HSG,1819,0.198,
OWID_HSG,1820,0.198,
OWID_HSG,1821,0.153,
OWID_HSG,1822,0.153,
OWID_HSG,1823,0.153,
OWID_HSG,1824,0.153,
OWID_HSG,1825,0.153,
OWID_HSG,1826,0.153,
OWID_HSG,1827,0.153,
OWID_HSG,1828,0.153,
OWID_HSG,1829,0.153,
OWID_HSG,1830,0.153,
OWID_HSG,1831,0.153,
OWID_HSG,1832,0.153,
OWID_HSG,1833,0.153,
OWID_HSG,1834,0.153,
OWID_HSG,1835,0.153,
OWID_HSG,1836,0.153,
OWID_HSG,1837,0.153,
OWID_HSG,1838,0.153,
OWID_HSG,1839,0.153,
OWID_HSG,1840,0.153,
OWID_HSG,1841,0.153,
OWID_HSG,1842,0.153,
OWID_HSG,1843,0.153,
OWID_HSG,1844,0.153,
OWID_HSG,1845,0.153,
OWID_HSG,1846,0.153,
OWID_HSG,1847,0.153,
OWID_HSG,1848,0.138,
OWID_HSG,1849,0.138,
OWID_HSG,1850,0.152,
OWID_HSG,1851,0.152,
OWID_HSG,1852,0.152,
OWID_HSG,1853,0.152,
OWID_HSG,1854,0.152,
OWID_HSG,1855,0.152,
OWID_HSG,1856,0.152,
OWID_HSG,1857,0.152,
OWID_HSG,1858,0.152,
OWID_HSG,1859,0.152,
OWID_HSG,1860,0.152,
OWID_HSG,1861,0.152,
OWID_HSG,1862,0.152,
OWID_HSG,1863,0.152,
OWID_HSG,1864,0.152,
OWID_HSG,1865,0.152,
OWID_HSG,1866,0.152,
OWID_HSG,1867,0.152,
OWID_HSG,1868,0.152,
OWID_HSG,1869,0.152,
OWID_HSG,1870,0.152,
OWID_HSG,1871,0.152,
HND,1838,0.874,
HND,1839,0.9,
HND,1840,0.9,
HND,1841,0.9,
HND,1842,0.9,
HND,1843,0.9,
HND,1844,0.9,
HND,1845,0.9,
HND,1846,0.9,
HND,1847,0.9,
HND,1848,0.9,
HND,1849,0.9,
HND,1850,0.9,
HND,1851,0.9,
HND,1852,0.9,
HND,1853,0.9,
HND,1854,0.9,
HND,1855,0.9,
HND,1856,0.9,
HND,1857,0.9,
HND,1858,0.9,
HND,1859,0.9,
HND,1860,0.9,
HND,1861,0.9,
HND,1862,0.9,
HND,1863,0.9,
HND,1864,0.9,
HND,1865,0.9,
HND,1866,0.9,
HND,1867,0.9,
HND,1868,0.9,
HND,1869,0.9,
HND,1870,0.9,
HND,1871,0.9,
HND,1872,0.9,
HND,1873,0.9,
HND,1874,0.9,
HND,1875,0.9,
HND,1876,0.9,
HND,1877,0.9,
HND,1878,0.9,
HND,1879,0.9,
HND,1880,0.9,
HND,1881,0.9,
HND,1882,0.9,
HND,1883,0.9,
HND,1884,0.9,
HND,1885,0.9,
HND,1886,0.9,
HND,1887,0.9,
HND,1888,0.9,
HND,1889,0.9,
HND,1890,0.9,
HND,1891,0.9,
HND,1892,0.9,
HND,1893,0.9,
HND,1894,0.9,
HND,1895,0.9,
HND,1896,0.9,
HND,1897,0.9,
HND,1898,0.9,
HND,1899,0.9,
HND,1900,0.9,
HND,1901,0.9,
HND,1902,0.9,
HND,1903,0.9,
HND,1904,0.9,
HND,1905,0.9,
HND,1906,0.9,
HND,1907,0.874,
HND,1908,0.899,
HND,1909,0.899,
HND,1910,0.899,
HND,1911,0.899,
HND,1912,0.899,
HND,1913,0.899,
HND,1914,0.899,
HND,1915,0.899,
HND,1916,0.899,
HND,1917,0.899,
HND,1918,0.899,
HND,1919,0.899,
HND,1920,0.899,
HND,1921,0.899,
HND,1922,0.899,
HND,1923,0.899,
HND,1924,0.899,
HND,1925,0.897,
HND,1926,0.886,
HND,1927,0.885,
HND,1928,0.885,
HND,1929,0.885,
HND,1930,0.885,
HND,1931,0.885,
HND,1932,0.885,
HND,1933,0.885,
HND,1934,0.876,
HND,1935,0.876,
HND,1936,0.876,
HND,1937,0.876,
HND,1938,0.876,
HND,1939,0.876,
HND,1940,0.876,
HND,1941,0.876,
HND,1942,0.876,
HND,1943,0.876,
HND,1944,0.876,
HND,1945,0.876,
HND,1946,0.876,
HND,1947,0.876,
HND,1948,0.876,
HND,1949,0.876,
HND,1950,0.871,
HND,1951,0.871,
HND,1952,0.871,
HND,1953,0.871,
HND,1954,0.646,
HND,1955,0.836,
HND,1956,0.844,
HND,1957,0.844,
HND,1958,0.83,
HND,1959,0.83,
HND,1960,0.83,
HND,1961,0.83,
HND,1962,0.83,
HND,1963,0.83,
HND,1964,0.835,
HND,1965,0.835,
HND,1966,0.835,
HND,1967,0.835,
HND,1968,0.835,
HND,1969,0.835,
HND,1970,0.835,
HND,1971,0.835,
HND,1972,0.835,
HND,1973,0.835,
HND,1974,0.835,
HND,1975,0.835,
HND,1976,0.835,
HND,1977,0.835,
HND,1978,0.835,
HND,1979,0.835,
HND,1980,0.835,
HND,1981,0.835,
HND,1982,0.852,
HND,1983,0.848,
HND,1984,0.848,
HND,1985,0.848,
HND,1986,0.848,
HND,1987,0.848,
HND,1988,0.848,
HND,1989,0.848,
HND,1990,0.848,
HND,1991,0.853,
HND,1992,0.853,
HND,1993,0.853,
HND,1994,0.844,
HND,1995,0.844,
HND,1996,0.844,
HND,1997,0.844,
HND,1998,0.844,
HND,1999,0.844,
HND,2000,0.839,
HND,2001,0.839,
HND,2002,0.844,
HND,2003,0.844,
HND,2004,0.844,
HND,2005,0.844,
HND,2006,0.844,
HND,2007,0.845,
HND,2008,0.845,
HND,2009,0.845,
HND,2010,0.847,
HND,2011,0.854,
HND,2012,0.854,
HND,2013,0.853,
HND,2014,0.853,
HND,2015,0.853,
HND,2016,0.853,
HND,2017,0.838,
HND,2018,0.845,
HND,2019,0.841,
HND,2020,0.828,
HND,2021,0.814,
HND,2022,0.768,
HND,2023,0.745,North America
HND,2024,0.746,
HKG,1900,0.235,
HKG,1901,0.235,
HKG,1902,0.235,
HKG,1903,0.235,
HKG,1904,0.235,
HKG,1905,0.235,
HKG,1906,0.235,
HKG,1907,0.235,
HKG,1908,0.235,
HKG,1909,0.235,
HKG,1910,0.235,
HKG,1911,0.235,
HKG,1912,0.235,
HKG,1913,0.235,
HKG,1914,0.235,
HKG,1915,0.235,
HKG,1916,0.235,
HKG,1917,0.235,
HKG,1918,0.235,
HKG,1919,0.235,
HKG,1920,0.235,
HKG,1921,0.235,
HKG,1922,0.235,
HKG,1923,0.235,
HKG,1924,0.235,
HKG,1925,0.235,
HKG,1926,0.235,
HKG,1927,0.235,
HKG,1928,0.235,
HKG,1929,0.235,
HKG,1930,0.235,
HKG,1931,0.235,
HKG,1932,0.235,
HKG,1933,0.235,
HKG,1934,0.235,
HKG,1935,0.235,
HKG,1936,0.235,
HKG,1937,0.235,
HKG,1938,0.235,
HKG,1939,0.235,
HKG,1940,0.235,
HKG,1941,0.235,
HKG,1942,0.235,
HKG,1943,0.235,
HKG,1944,0.235,
HKG,1945,0.225,
HKG,1946,0.225,
HKG,1947,0.225,
HKG,1948,0.225,
HKG,1949,0.225,
HKG,1950,0.209,
HKG,1951,0.209,
HKG,1952,0.209,
HKG,1953,0.209,
HKG,1954,0.209,
HKG,1955,0.209,
HKG,1956,0.209,
HKG,1957,0.209,
HKG,1958,0.209,
HKG,1959,0.209,
HKG,1960,0.209,
HKG,1961,0.209,
HKG,1962,0.209,
HKG,1963,0.209,
HKG,1964,0.209,
HKG,1965,0.209,
HKG,1966,0.209,
HKG,1967,0.209,
HKG,1968,0.209,
HKG,1969,0.209,
HKG,1970,0.201,
HKG,1971,0.201,
HKG,1972,0.201,
HKG,1973,0.201,
HKG,1974,0.158,
HKG,1975,0.084,
HKG,1976,0.07,
HKG,1977,0.07,
HKG,1978,0.07,
HKG,1979,0.07,
HKG,1980,0.061,
HKG,1981,0.062,
HKG,1982,0.062,
HKG,1983,0.062,
HKG,1984,0.062,
HKG,1985,0.062,
HKG,1986,0.062,
HKG,1987,0.062,
HKG,1988,0.062,
HKG,1989,0.062,
HKG,1990,0.062,
HKG,1991,0.062,
HKG,1992,0.062,
HKG,1993,0.062,
HKG,1994,0.062,
HKG,1995,0.062,
HKG,1996,0.062,
HKG,1997,0.059,
HKG,1998,0.059,
HKG,1999,0.059,
HKG,2000,0.059,
HKG,2001,0.059,
HKG,2002,0.059,
HKG,2003,0.059,
HKG,2004,0.059,
HKG,2005,0.059,
HKG,2006,0.059,
HKG,2007,0.059,
HKG,2008,0.059,
HKG,2009,0.059,
HKG,2010,0.059,
HKG,2011,0.067,
HKG,2012,0.089,
HKG,2013,0.089,
HKG,2014,0.089,
HKG,2015,0.089,
HKG,2016,0.089,
HKG,2017,0.077,
HKG,2018,0.074,
HKG,2019,0.074,
HKG,2020,0.077,
HKG,2021,0.077,
HKG,2022,0.083,
HKG,2023,0.083,Asia
HKG,2024,0.083,
HUN,1789,0.224,
HUN,1790,0.224,
HUN,1791,0.224,
HUN,1792,0.224,
HUN,1793,0.224,
HUN,1794,0.224,
HUN,1795,0.224,
HUN,1796,0.224,
HUN,1797,0.224,
HUN,1798,0.224,
HUN,1799,0.224,
HUN,1800,0.224,
HUN,1801,0.224,
HUN,1802,0.224,
HUN,1803,0.224,
HUN,1804,0.224,
HUN,1805,0.224,
HUN,1806,0.224,
HUN,1807,0.224,
HUN,1808,0.224,
HUN,1809,0.224,
HUN,1810,0.224,
HUN,1811,0.224,
HUN,1812,0.224,
HUN,1813,0.224,
HUN,1814,0.224,
HUN,1815,0.224,
HUN,1816,0.224,
HUN,1817,0.224,
HUN,1818,0.224,
HUN,1819,0.224,
HUN,1820,0.224,
HUN,1821,0.224,
HUN,1822,0.224,
HUN,1823,0.224,
HUN,1824,0.224,
HUN,1825,0.224,
HUN,1826,0.224,
HUN,1827,0.224,
HUN,1828,0.224,
HUN,1829,0.224,
HUN,1830,0.224,
HUN,1831,0.224,
HUN,1832,0.224,
HUN,1833,0.224,
HUN,1834,0.224,
HUN,1835,0.224,
HUN,1836,0.224,
HUN,1837,0.224,
HUN,1838,0.224,
HUN,1839,0.224,
HUN,1840,0.224,
HUN,1841,0.224,
HUN,1842,0.224,
HUN,1843,0.224,
HUN,1844,0.224,
HUN,1845,0.224,
HUN,1846,0.224,
HUN,1847,0.224,
HUN,1848,0.203,
HUN,1849,0.203,
HUN,1850,0.197,
HUN,1851,0.197,
HUN,1852,0.197,
HUN,1853,0.197,
HUN,1854,0.197,
HUN,1855,0.197,
HUN,1856,0.197,
HUN,1857,0.197,
HUN,1858,0.197,
HUN,1859,0.197,
HUN,1860,0.197,
HUN,1861,0.186,
HUN,1862,0.186,
HUN,1863,0.197,
HUN,1864,0.197,
HUN,1865,0.197,
HUN,1866,0.197,
HUN,1867,0.294,
HUN,1868,0.294,
HUN,1869,0.294,
HUN,1870,0.294,
HUN,1871,0.294,
HUN,1872,0.294,
HUN,1873,0.294,
HUN,1874,0.294,
HUN,1875,0.294,
HUN,1876,0.294,
HUN,1877,0.294,
HUN,1878,0.294,
HUN,1879,0.294,
HUN,1880,0.294,
HUN,1881,0.294,
HUN,1882,0.294,
HUN,1883,0.294,
HUN,1884,0.294,
HUN,1885,0.294,
HUN,1886,0.294,
HUN,1887,0.294,
HUN,1888,0.294,
HUN,1889,0.294,
HUN,1890,0.294,
HUN,1891,0.294,
HUN,1892,0.294,
HUN,1893,0.294,
HUN,1894,0.294,
HUN,1895,0.294,
HUN,1896,0.294,
HUN,1897,0.294,
HUN,1898,0.294,
HUN,1899,0.294,
HUN,1900,0.294,
HUN,1901,0.294,
HUN,1902,0.294,
HUN,1903,0.294,
HUN,1904,0.294,
HUN,1905,0.294,
HUN,1906,0.294,
HUN,1907,0.294,
HUN,1908,0.294,
HUN,1909,0.294,
HUN,1910,0.294,
HUN,1911,0.294,
HUN,1912,0.294,
HUN,1913,0.294,
HUN,1914,0.294,
HUN,1915,0.294,
HUN,1916,0.294,
HUN,1917,0.294,
HUN,1918,0.294,
HUN,1919,0.306,
HUN,1920,0.283,
HUN,1921,0.283,
HUN,1922,0.273,
HUN,1923,0.27,
HUN,1924,0.27,
HUN,1925,0.27,
HUN,1926,0.27,
HUN,1927,0.27,
HUN,1928,0.27,
HUN,1929,0.27,
HUN,1930,0.27,
HUN,1931,0.27,
HUN,1932,0.27,
HUN,1933,0.27,
HUN,1934,0.27,
HUN,1935,0.27,
HUN,1936,0.27,
HUN,1937,0.27,
HUN,1938,0.27,
HUN,1939,0.27,
HUN,1940,0.27,
HUN,1941,0.261,
HUN,1942,0.272,
HUN,1943,0.272,
HUN,1944,0.39,
HUN,1945,0.486,
HUN,1946,0.457,
HUN,1947,0.444,
HUN,1948,0.455,
HUN,1949,0.454,
HUN,1950,0.41,
HUN,1951,0.41,
HUN,1952,0.41,
HUN,1953,0.41,
HUN,1954,0.41,
HUN,1955,0.379,
HUN,1956,0.379,
HUN,1957,0.379,
HUN,1958,0.345,
HUN,1959,0.36,
HUN,1960,0.353,
HUN,1961,0.353,
HUN,1962,0.353,
HUN,1963,0.353,
HUN,1964,0.353,
HUN,1965,0.353,
HUN,1966,0.353,
HUN,1967,0.353,
HUN,1968,0.359,
HUN,1969,0.359,
HUN,1970,0.371,
HUN,1971,0.371,
HUN,1972,0.371,
HUN,1973,0.371,
HUN,1974,0.371,
HUN,1975,0.378,
HUN,1976,0.378,
HUN,1977,0.378,
HUN,1978,0.378,
HUN,1979,0.408,
HUN,1980,0.441,
HUN,1981,0.441,
HUN,1982,0.441,
HUN,1983,0.448,
HUN,1984,0.448,
HUN,1985,0.448,
HUN,1986,0.448,
HUN,1987,0.442,
HUN,1988,0.442,
HUN,1989,0.448,
HUN,1990,0.261,
HUN,1991,0.252,
HUN,1992,0.262,
HUN,1993,0.252,
HUN,1994,0.244,
HUN,1995,0.244,
HUN,1996,0.244,
HUN,1997,0.244,
HUN,1998,0.244,
HUN,1999,0.271,
HUN,2000,0.276,
HUN,2001,0.276,
HUN,2002,0.276,
HUN,2003,0.274,
HUN,2004,0.274,
HUN,2005,0.274,
HUN,2006,0.274,
HUN,2007,0.285,
HUN,2008,0.285,
HUN,2009,0.275,
HUN,2010,0.351,
HUN,2011,0.388,
HUN,2012,0.407,
HUN,2013,0.435,
HUN,2014,0.442,
HUN,2015,0.451,
HUN,2016,0.453,
HUN,2017,0.466,
HUN,2018,0.469,
HUN,2019,0.469,
HUN,2020,0.48,
HUN,2021,0.476,
HUN,2022,0.505,
HUN,2023,0.505,Europe
HUN,2024,0.495,
ISL,1900,0.041,
ISL,1901,0.041,
ISL,1902,0.041,
ISL,1903,0.041,
ISL,1904,0.041,
ISL,1905,0.041,
ISL,1906,0.041,
ISL,1907,0.041,
ISL,1908,0.041,
ISL,1909,0.041,
ISL,1910,0.041,
ISL,1911,0.041,
ISL,1912,0.041,
ISL,1913,0.041,
ISL,1914,0.041,
ISL,1915,0.041,
ISL,1916,0.041,
ISL,1917,0.041,
ISL,1918,0.041,
ISL,1919,0.041,
ISL,1920,0.041,
ISL,1921,0.041,
ISL,1922,0.041,
ISL,1923,0.041,
ISL,1924,0.041,
ISL,1925,0.041,
ISL,1926,0.041,
ISL,1927,0.041,
ISL,1928,0.041,
ISL,1929,0.041,
ISL,1930,0.038,
ISL,1931,0.038,
ISL,1932,0.038,
ISL,1933,0.038,
ISL,1934,0.038,
ISL,1935,0.038,
ISL,1936,0.033,
ISL,1937,0.033,
ISL,1938,0.033,
ISL,1939,0.033,
ISL,1940,0.033,
ISL,1941,0.033,
ISL,1942,0.033,
ISL,1943,0.033,
ISL,1944,0.033,
ISL,1945,0.028,
ISL,1946,0.022,
ISL,1947,0.022,
ISL,1948,0.022,
ISL,1949,0.022,
ISL,1950,0.022,
ISL,1951,0.022,
ISL,1952,0.022,
ISL,1953,0.022,
ISL,1954,0.022,
ISL,1955,0.022,
ISL,1956,0.022,
ISL,1957,0.022,
ISL,1958,0.022,
ISL,1959,0.022,
ISL,1960,0.022,
ISL,1961,0.022,
ISL,1962,0.022,
ISL,1963,0.022,
ISL,1964,0.022,
ISL,1965,0.022,
ISL,1966,0.022,
ISL,1967,0.022,
ISL,1968,0.022,
ISL,1969,0.022,
ISL,1970,0.022,
ISL,1971,0.022,
ISL,1972,0.022,
ISL,1973,0.022,
ISL,1974,0.022,
ISL,1975,0.022,
ISL,1976,0.022,
ISL,1977,0.022,
ISL,1978,0.022,
ISL,1979,0.022,
ISL,1980,0.022,
ISL,1981,0.022,
ISL,1982,0.022,
ISL,1983,0.022,
ISL,1984,0.022,
ISL,1985,0.022,
ISL,1986,0.022,
ISL,1987,0.016,
ISL,1988,0.016,
ISL,1989,0.016,
ISL,1990,0.013,
ISL,1991,0.013,
ISL,1992,0.013,
ISL,1993,0.013,
ISL,1994,0.013,
ISL,1995,0.013,
ISL,1996,0.013,
ISL,1997,0.013,
ISL,1998,0.013,
ISL,1999,0.013,
ISL,2000,0.013,
ISL,2001,0.013,
ISL,2002,0.013,
ISL,2003,0.013,
ISL,2004,0.013,
ISL,2005,0.013,
ISL,2006,0.013,
ISL,2007,0.013,
ISL,2008,0.013,
ISL,2009,0.013,
ISL,2010,0.013,
ISL,2011,0.013,
ISL,2012,0.013,
ISL,2013,0.012,
ISL,2014,0.012,
ISL,2015,0.012,
ISL,2016,0.012,
ISL,2017,0.012,
ISL,2018,0.012,
ISL,2019,0.012,
ISL,2020,0.012,
ISL,2021,0.022,
ISL,2022,0.022,
ISL,2023,0.022,Europe
ISL,2024,0.022,
IND,1790,0.451,
IND,1791,0.451,
IND,1792,0.451,
IND,1793,0.451,
IND,1794,0.451,
IND,1795,0.451,
IND,1796,0.451,
IND,1797,0.451,
IND,1798,0.451,
IND,1799,0.451,
IND,1800,0.451,
IND,1801,0.451,
IND,1802,0.451,
IND,1803,0.451,
IND,1804,0.451,
IND,1805,0.451,
IND,1806,0.451,
IND,1807,0.451,
IND,1808,0.451,
IND,1809,0.451,
IND,1810,0.451,
IND,1811,0.451,
IND,1812,0.451,
IND,1813,0.451,
IND,1814,0.451,
IND,1815,0.451,
IND,1816,0.451,
IND,1817,0.451,
IND,1818,0.451,
IND,1819,0.451,
IND,1820,0.451,
IND,1821,0.451,
IND,1822,0.451,
IND,1823,0.451,
IND,1824,0.451,
IND,1825,0.451,
IND,1826,0.451,
IND,1827,0.451,
IND,1828,0.451,
IND,1829,0.451,
IND,1830,0.451,
IND,1831,0.451,
IND,1832,0.451,
IND,1833,0.451,
IND,1834,0.317,
IND,1835,0.317,
IND,1836,0.317,
IND,1837,0.317,
IND,1838,0.317,
IND,1839,0.317,
IND,1840,0.317,
IND,1841,0.317,
IND,1842,0.317,
IND,1843,0.317,
IND,1844,0.317,
IND,1845,0.317,
IND,1846,0.317,
IND,1847,0.317,
IND,1848,0.317,
IND,1849,0.317,
IND,1850,0.317,
IND,1851,0.317,
IND,1852,0.317,
IND,1853,0.317,
IND,1854,0.317,
IND,1855,0.317,
IND,1856,0.317,
IND,1857,0.317,
IND,1858,0.317,
IND,1859,0.023,
IND,1860,0.023,
IND,1861,0.023,
IND,1862,0.023,
IND,1863,0.023,
IND,1864,0.023,
IND,1865,0.023,
IND,1866,0.023,
IND,1867,0.023,
IND,1868,0.023,
IND,1869,0.023,
IND,1870,0.023,
IND,1871,0.023,
IND,1872,0.023,
IND,1873,0.023,
IND,1874,0.023,
IND,1875,0.023,
IND,1876,0.023,
IND,1877,0.023,
IND,1878,0.023,
IND,1879,0.023,
IND,1880,0.023,
IND,1881,0.023,
IND,1882,0.023,
IND,1883,0.023,
IND,1884,0.023,
IND,1885,0.023,
IND,1886,0.023,
IND,1887,0.023,
IND,1888,0.023,
IND,1889,0.023,
IND,1890,0.023,
IND,1891,0.023,
IND,1892,0.023,
IND,1893,0.023,
IND,1894,0.023,
IND,1895,0.023,
IND,1896,0.023,
IND,1897,0.023,
IND,1898,0.023,
IND,1899,0.023,
IND,1900,0.03,
IND,1901,0.03,
IND,1902,0.03,
IND,1903,0.03,
IND,1904,0.03,
IND,1905,0.03,
IND,1906,0.03,
IND,1907,0.03,
IND,1908,0.03,
IND,1909,0.03,
IND,1910,0.03,
IND,1911,0.03,
IND,1912,0.03,
IND,1913,0.03,
IND,1914,0.03,
IND,1915,0.03,
IND,1916,0.03,
IND,1917,0.03,
IND,1918,0.03,
IND,1919,0.03,
IND,1920,0.03,
IND,1921,0.03,
IND,1922,0.03,
IND,1923,0.03,
IND,1924,0.03,
IND,1925,0.03,
IND,1926,0.03,
IND,1927,0.03,
IND,1928,0.03,
IND,1929,0.03,
IND,1930,0.03,
IND,1931,0.03,
IND,1932,0.03,
IND,1933,0.03,
IND,1934,0.03,
IND,1935,0.03,
IND,1936,0.03,
IND,1937,0.03,
IND,1938,0.03,
IND,1939,0.03,
IND,1940,0.03,
IND,1941,0.03,
IND,1942,0.03,
IND,1943,0.03,
IND,1944,0.03,
IND,1945,0.03,
IND,1946,0.03,
IND,1947,0.069,
IND,1948,0.129,
IND,1949,0.129,
IND,1950,0.129,
IND,1951,0.146,
IND,1952,0.146,
IND,1953,0.146,
IND,1954,0.146,
IND,1955,0.146,
IND,1956,0.146,
IND,1957,0.146,
IND,1958,0.146,
IND,1959,0.146,
IND,1960,0.146,
IND,1961,0.146,
IND,1962,0.146,
IND,1963,0.146,
IND,1964,0.146,
IND,1965,0.186,
IND,1966,0.278,
IND,1967,0.296,
IND,1968,0.338,
IND,1969,0.338,
IND,1970,0.361,
IND,1971,0.361,
IND,1972,0.361,
IND,1973,0.361,
IND,1974,0.361,
IND,1975,0.361,
IND,1976,0.361,
IND,1977,0.361,
IND,1978,0.389,
IND,1979,0.396,
IND,1980,0.396,
IND,1981,0.396,
IND,1982,0.396,
IND,1983,0.396,
IND,1984,0.396,
IND,1985,0.396,
IND,1986,0.396,
IND,1987,0.45,
IND,1988,0.45,
IND,1989,0.45,
IND,1990,0.494,
IND,1991,0.494,
IND,1992,0.548,
IND,1993,0.548,
IND,1994,0.548,
IND,1995,0.548,
IND,1996,0.548,
IND,1997,0.548,
IND,1998,0.548,
IND,1999,0.548,
IND,2000,0.548,
IND,2001,0.548,
IND,2002,0.548,
IND,2003,0.548,
IND,2004,0.548,
IND,2005,0.548,
IND,2006,0.548,
IND,2007,0.548,
IND,2008,0.548,
IND,2009,0.548,
IND,2010,0.576,
IND,2011,0.579,
IND,2012,0.579,
IND,2013,0.579,
IND,2014,0.573,
IND,2015,0.615,
IND,2016,0.615,
IND,2017,0.618,
IND,2018,0.623,
IND,2019,0.623,
IND,2020,0.661,
IND,2021,0.686,
IND,2022,0.688,
IND,2023,0.671,Asia
IND,2024,0.669,
IDN,1800,0.768,
IDN,1801,0.768,
IDN,1802,0.768,
IDN,1803,0.768,
IDN,1804,0.768,
IDN,1805,0.768,
IDN,1806,0.768,
IDN,1807,0.768,
IDN,1808,0.768,
IDN,1809,0.768,
IDN,1810,0.768,
IDN,1811,0.768,
IDN,1812,0.768,
IDN,1813,0.768,
IDN,1814,0.768,
IDN,1815,0.768,
IDN,1816,0.768,
IDN,1817,0.768,
IDN,1818,0.768,
IDN,1819,0.768,
IDN,1820,0.768,
IDN,1821,0.768,
IDN,1822,0.768,
IDN,1823,0.768,
IDN,1824,0.768,
IDN,1825,0.768,
IDN,1826,0.768,
IDN,1827,0.768,
IDN,1828,0.768,
IDN,1829,0.768,
IDN,1830,0.768,
IDN,1831,0.768,
IDN,1832,0.768,
IDN,1833,0.768,
IDN,1834,0.768,
IDN,1835,0.768,
IDN,1836,0.768,
IDN,1837,0.768,
IDN,1838,0.768,
IDN,1839,0.768,
IDN,1840,0.768,
IDN,1841,0.768,
IDN,1842,0.768,
IDN,1843,0.768,
IDN,1844,0.768,
IDN,1845,0.768,
IDN,1846,0.768,
IDN,1847,0.768,
IDN,1848,0.768,
IDN,1849,0.768,
IDN,1850,0.768,
IDN,1851,0.768,
IDN,1852,0.768,
IDN,1853,0.768,
IDN,1854,0.768,
IDN,1855,0.768,
IDN,1856,0.768,
IDN,1857,0.768,
IDN,1858,0.768,
IDN,1859,0.768,
IDN,1860,0.768,
IDN,1861,0.768,
IDN,1862,0.768,
IDN,1863,0.768,
IDN,1864,0.768,
IDN,1865,0.768,
IDN,1866,0.768,
IDN,1867,0.768,
IDN,1868,0.768,
IDN,1869,0.768,
IDN,1870,0.768,
IDN,1871,0.768,
IDN,1872,0.768,
IDN,1873,0.768,
IDN,1874,0.768,
IDN,1875,0.768,
IDN,1876,0.768,
IDN,1877,0.768,
IDN,1878,0.768,
IDN,1879,0.768,
IDN,1880,0.768,
IDN,1881,0.768,
IDN,1882,0.768,
IDN,1883,0.768,
IDN,1884,0.768,
IDN,1885,0.768,
IDN,1886,0.768,
IDN,1887,0.768,
IDN,1888,0.768,
IDN,1889,0.768,
IDN,1890,0.768,
IDN,1891,0.768,
IDN,1892,0.768,
IDN,1893,0.768,
IDN,1894,0.768,
IDN,1895,0.768,
IDN,1896,0.768,
IDN,1897,0.768,
IDN,1898,0.768,
IDN,1899,0.768,
IDN,1900,0.768,
IDN,1901,0.768,
IDN,1902,0.768,
IDN,1903,0.768,
IDN,1904,0.768,
IDN,1905,0.768,
IDN,1906,0.768,
IDN,1907,0.768,
IDN,1908,0.768,
IDN,1909,0.768,
IDN,1910,0.768,
IDN,1911,0.768,
IDN,1912,0.768,
IDN,1913,0.768,
IDN,1914,0.768,
IDN,1915,0.768,
IDN,1916,0.768,
IDN,1917,0.768,
IDN,1918,0.768,
IDN,1919,0.768,
IDN,1920,0.768,
IDN,1921,0.768,
IDN,1922,0.768,
IDN,1923,0.768,
IDN,1924,0.768,
IDN,1925,0.768,
IDN,1926,0.768,
IDN,1927,0.768,
IDN,1928,0.768,
IDN,1929,0.768,
IDN,1930,0.768,
IDN,1931,0.768,
IDN,1932,0.768,
IDN,1933,0.768,
IDN,1934,0.768,
IDN,1935,0.768,
IDN,1936,0.768,
IDN,1937,0.768,
IDN,1938,0.768,
IDN,1939,0.768,
IDN,1940,0.768,
IDN,1941,0.768,
IDN,1942,0.768,
IDN,1943,0.768,
IDN,1944,0.768,
IDN,1945,0.556,
IDN,1946,0.559,
IDN,1947,0.559,
IDN,1948,0.559,
IDN,1949,0.734,
IDN,1950,0.736,
IDN,1951,0.736,
IDN,1952,0.736,
IDN,1953,0.736,
IDN,1954,0.736,
IDN,1955,0.751,
IDN,1956,0.751,
IDN,1957,0.751,
IDN,1958,0.751,
IDN,1959,0.767,
IDN,1960,0.785,
IDN,1961,0.785,
IDN,1962,0.785,
IDN,1963,0.785,
IDN,1964,0.785,
IDN,1965,0.816,
IDN,1966,0.847,
IDN,1967,0.858,
IDN,1968,0.859,
IDN,1969,0.859,
IDN,1970,0.868,
IDN,1971,0.884,
IDN,1972,0.884,
IDN,1973,0.885,
IDN,1974,0.886,
IDN,1975,0.886,
IDN,1976,0.886,
IDN,1977,0.891,
IDN,1978,0.916,
IDN,1979,0.918,
IDN,1980,0.918,
IDN,1981,0.918,
IDN,1982,0.938,
IDN,1983,0.938,
IDN,1984,0.938,
IDN,1985,0.938,
IDN,1986,0.938,
IDN,1987,0.943,
IDN,1988,0.943,
IDN,1989,0.943,
IDN,1990,0.943,
IDN,1991,0.943,
IDN,1992,0.943,
IDN,1993,0.943,
IDN,1994,0.943,
IDN,1995,0.943,
IDN,1996,0.943,
IDN,1997,0.943,
IDN,1998,0.848,
IDN,1999,0.761,
IDN,2000,0.762,
IDN,2001,0.762,
IDN,2002,0.762,
IDN,2003,0.762,
IDN,2004,0.757,
IDN,2005,0.75,
IDN,2006,0.748,
IDN,2007,0.747,
IDN,2008,0.751,
IDN,2009,0.75,
IDN,2010,0.749,
IDN,2011,0.75,
IDN,2012,0.751,
IDN,2013,0.755,
IDN,2014,0.757,
IDN,2015,0.692,
IDN,2016,0.698,
IDN,2017,0.705,
IDN,2018,0.733,
IDN,2019,0.742,
IDN,2020,0.765,
IDN,2021,0.755,
IDN,2022,0.738,
IDN,2023,0.766,Asia
IDN,2024,0.756,
IRN,1789,0.746,
IRN,1790,0.746,
IRN,1791,0.746,
IRN,1792,0.746,
IRN,1793,0.746,
IRN,1794,0.746,
IRN,1795,0.746,
IRN,1796,0.746,
IRN,1797,0.746,
IRN,1798,0.746,
IRN,1799,0.746,
IRN,1800,0.746,
IRN,1801,0.746,
IRN,1802,0.746,
IRN,1803,0.746,
IRN,1804,0.746,
IRN,1805,0.746,
IRN,1806,0.746,
IRN,1807,0.746,
IRN,1808,0.746,
IRN,1809,0.746,
IRN,1810,0.746,
IRN,1811,0.746,
IRN,1812,0.746,
IRN,1813,0.746,
IRN,1814,0.746,
IRN,1815,0.746,
IRN,1816,0.746,
IRN,1817,0.746,
IRN,1818,0.746,
IRN,1819,0.746,
IRN,1820,0.746,
IRN,1821,0.746,
IRN,1822,0.746,
IRN,1823,0.746,
IRN,1824,0.746,
IRN,1825,0.746,
IRN,1826,0.746,
IRN,1827,0.746,
IRN,1828,0.746,
IRN,1829,0.746,
IRN,1830,0.746,
IRN,1831,0.746,
IRN,1832,0.746,
IRN,1833,0.746,
IRN,1834,0.746,
IRN,1835,0.746,
IRN,1836,0.746,
IRN,1837,0.746,
IRN,1838,0.746,
IRN,1839,0.746,
IRN,1840,0.746,
IRN,1841,0.746,
IRN,1842,0.746,
IRN,1843,0.746,
IRN,1844,0.746,
IRN,1845,0.746,
IRN,1846,0.746,
IRN,1847,0.746,
IRN,1848,0.746,
IRN,1849,0.746,
IRN,1850,0.746,
IRN,1851,0.746,
IRN,1852,0.746,
IRN,1853,0.746,
IRN,1854,0.746,
IRN,1855,0.746,
IRN,1856,0.746,
IRN,1857,0.746,
IRN,1858,0.746,
IRN,1859,0.746,
IRN,1860,0.746,
IRN,1861,0.746,
IRN,1862,0.746,
IRN,1863,0.746,
IRN,1864,0.746,
IRN,1865,0.746,
IRN,1866,0.746,
IRN,1867,0.746,
IRN,1868,0.746,
IRN,1869,0.746,
IRN,1870,0.746,
IRN,1871,0.746,
IRN,1872,0.746,
IRN,1873,0.746,
IRN,1874,0.746,
IRN,1875,0.746,
IRN,1876,0.746,
IRN,1877,0.746,
IRN,1878,0.746,
IRN,1879,0.746,
IRN,1880,0.746,
IRN,1881,0.746,
IRN,1882,0.746,
IRN,1883,0.746,
IRN,1884,0.746,
IRN,1885,0.746,
IRN,1886,0.746,
IRN,1887,0.746,
IRN,1888,0.746,
IRN,1889,0.746,
IRN,1890,0.746,
IRN,1891,0.746,
IRN,1892,0.746,
IRN,1893,0.746,
IRN,1894,0.746,
IRN,1895,0.746,
IRN,1896,0.746,
IRN,1897,0.746,
IRN,1898,0.746,
IRN,1899,0.746,
IRN,1900,0.746,
IRN,1901,0.746,
IRN,1902,0.746,
IRN,1903,0.746,
IRN,1904,0.746,
IRN,1905,0.746,
IRN,1906,0.671,
IRN,1907,0.574,
IRN,1908,0.671,
IRN,1909,0.671,
IRN,1910,0.604,
IRN,1911,0.714,
IRN,1912,0.714,
IRN,1913,0.714,
IRN,1914,0.706,
IRN,1915,0.606,
IRN,1916,0.714,
IRN,1917,0.714,
IRN,1918,0.714,
IRN,1919,0.714,
IRN,1920,0.714,
IRN,1921,0.714,
IRN,1922,0.654,
IRN,1923,0.594,
IRN,1924,0.594,
IRN,1925,0.455,
IRN,1926,0.455,
IRN,1927,0.455,
IRN,1928,0.455,
IRN,1929,0.455,
IRN,1930,0.455,
IRN,1931,0.455,
IRN,1932,0.455,
IRN,1933,0.455,
IRN,1934,0.438,
IRN,1935,0.438,
IRN,1936,0.438,
IRN,1937,0.438,
IRN,1938,0.438,
IRN,1939,0.438,
IRN,1940,0.438,
IRN,1941,0.438,
IRN,1942,0.387,
IRN,1943,0.387,
IRN,1944,0.387,
IRN,1945,0.387,
IRN,1946,0.387,
IRN,1947,0.387,
IRN,1948,0.387,
IRN,1949,0.387,
IRN,1950,0.341,
IRN,1951,0.341,
IRN,1952,0.34,
IRN,1953,0.286,
IRN,1954,0.408,
IRN,1955,0.415,
IRN,1956,0.415,
IRN,1957,0.415,
IRN,1958,0.415,
IRN,1959,0.415,
IRN,1960,0.415,
IRN,1961,0.415,
IRN,1962,0.396,
IRN,1963,0.396,
IRN,1964,0.396,
IRN,1965,0.396,
IRN,1966,0.396,
IRN,1967,0.396,
IRN,1968,0.396,
IRN,1969,0.396,
IRN,1970,0.396,
IRN,1971,0.396,
IRN,1972,0.396,
IRN,1973,0.396,
IRN,1974,0.396,
IRN,1975,0.396,
IRN,1976,0.396,
IRN,1977,0.377,
IRN,1978,0.377,
IRN,1979,0.547,
IRN,1980,0.665,
IRN,1981,0.656,
IRN,1982,0.656,
IRN,1983,0.656,
IRN,1984,0.611,
IRN,1985,0.611,
IRN,1986,0.611,
IRN,1987,0.621,
IRN,1988,0.621,
IRN,1989,0.633,
IRN,1990,0.633,
IRN,1991,0.633,
IRN,1992,0.633,
IRN,1993,0.633,
IRN,1994,0.633,
IRN,1995,0.633,
IRN,1996,0.633,
IRN,1997,0.516,
IRN,1998,0.516,
IRN,1999,0.516,
IRN,2000,0.516,
IRN,2001,0.516,
IRN,2002,0.516,
IRN,2003,0.533,
IRN,2004,0.533,
IRN,2005,0.727,
IRN,2006,0.727,
IRN,2007,0.727,
IRN,2008,0.727,
IRN,2009,0.74,
IRN,2010,0.739,
IRN,2011,0.739,
IRN,2012,0.739,
IRN,2013,0.734,
IRN,2014,0.733,
IRN,2015,0.733,
IRN,2016,0.725,
IRN,2017,0.756,
IRN,2018,0.768,
IRN,2019,0.767,
IRN,2020,0.778,
IRN,2021,0.782,
IRN,2022,0.768,
IRN,2023,0.787,Asia
IRN,2024,0.781,
IRQ,1920,0.494,
IRQ,1921,0.494,
IRQ,1922,0.494,
IRQ,1923,0.494,
IRQ,1924,0.494,
IRQ,1925,0.494,
IRQ,1926,0.581,
IRQ,1927,0.581,
IRQ,1928,0.581,
IRQ,1929,0.581,
IRQ,1930,0.581,
IRQ,1931,0.581,
IRQ,1932,0.619,
IRQ,1933,0.622,
IRQ,1934,0.622,
IRQ,1935,0.622,
IRQ,1936,0.622,
IRQ,1937,0.622,
IRQ,1938,0.622,
IRQ,1939,0.622,
IRQ,1940,0.622,
IRQ,1941,0.624,
IRQ,1942,0.624,
IRQ,1943,0.624,
IRQ,1944,0.624,
IRQ,1945,0.624,
IRQ,1946,0.624,
IRQ,1947,0.624,
IRQ,1948,0.624,
IRQ,1949,0.624,
IRQ,1950,0.624,
IRQ,1951,0.624,
IRQ,1952,0.624,
IRQ,1953,0.624,
IRQ,1954,0.624,
IRQ,1955,0.624,
IRQ,1956,0.624,
IRQ,1957,0.624,
IRQ,1958,0.562,
IRQ,1959,0.545,
IRQ,1960,0.539,
IRQ,1961,0.539,
IRQ,1962,0.539,
IRQ,1963,0.631,
IRQ,1964,0.587,
IRQ,1965,0.587,
IRQ,1966,0.587,
IRQ,1967,0.587,
IRQ,1968,0.588,
IRQ,1969,0.588,
IRQ,1970,0.581,
IRQ,1971,0.577,
IRQ,1972,0.577,
IRQ,1973,0.577,
IRQ,1974,0.577,
IRQ,1975,0.577,
IRQ,1976,0.577,
IRQ,1977,0.599,
IRQ,1978,0.599,
IRQ,1979,0.614,
IRQ,1980,0.778,
IRQ,1981,0.801,
IRQ,1982,0.801,
IRQ,1983,0.801,
IRQ,1984,0.801,
IRQ,1985,0.801,
IRQ,1986,0.801,
IRQ,1987,0.801,
IRQ,1988,0.801,
IRQ,1989,0.801,
IRQ,1990,0.833,
IRQ,1991,0.888,
IRQ,1992,0.888,
IRQ,1993,0.888,
IRQ,1994,0.888,
IRQ,1995,0.888,
IRQ,1996,0.888,
IRQ,1997,0.888,
IRQ,1998,0.888,
IRQ,1999,0.888,
IRQ,2000,0.889,
IRQ,2001,0.889,
IRQ,2002,0.87,
IRQ,2003,0.798,
IRQ,2004,0.751,
IRQ,2005,0.803,
IRQ,2006,0.803,
IRQ,2007,0.842,
IRQ,2008,0.84,
IRQ,2009,0.84,
IRQ,2010,0.842,
IRQ,2011,0.842,
IRQ,2012,0.842,
IRQ,2013,0.875,
IRQ,2014,0.865,
IRQ,2015,0.874,
IRQ,2016,0.878,
IRQ,2017,0.868,
IRQ,2018,0.854,
IRQ,2019,0.879,
IRQ,2020,0.874,
IRQ,2021,0.862,
IRQ,2022,0.867,
IRQ,2023,0.826,Asia
IRQ,2024,0.844,
IRL,1919,0.04,
IRL,1920,0.048,
IRL,1921,0.048,
IRL,1922,0.056,
IRL,1923,0.081,
IRL,1924,0.081,
IRL,1925,0.072,
IRL,1926,0.066,
IRL,1927,0.066,
IRL,1928,0.066,
IRL,1929,0.066,
IRL,1930,0.066,
IRL,1931,0.066,
IRL,1932,0.066,
IRL,1933,0.072,
IRL,1934,0.072,
IRL,1935,0.072,
IRL,1936,0.072,
IRL,1937,0.072,
IRL,1938,0.075,
IRL,1939,0.075,
IRL,1940,0.075,
IRL,1941,0.075,
IRL,1942,0.075,
IRL,1943,0.075,
IRL,1944,0.075,
IRL,1945,0.075,
IRL,1946,0.075,
IRL,1947,0.075,
IRL,1948,0.075,
IRL,1949,0.077,
IRL,1950,0.077,
IRL,1951,0.077,
IRL,1952,0.077,
IRL,1953,0.077,
IRL,1954,0.077,
IRL,1955,0.077,
IRL,1956,0.077,
IRL,1957,0.077,
IRL,1958,0.077,
IRL,1959,0.08,
IRL,1960,0.08,
IRL,1961,0.08,
IRL,1962,0.083,
IRL,1963,0.083,
IRL,1964,0.087,
IRL,1965,0.107,
IRL,1966,0.11,
IRL,1967,0.131,
IRL,1968,0.131,
IRL,1969,0.131,
IRL,1970,0.131,
IRL,1971,0.131,
IRL,1972,0.131,
IRL,1973,0.131,
IRL,1974,0.131,
IRL,1975,0.131,
IRL,1976,0.131,
IRL,1977,0.131,
IRL,1978,0.131,
IRL,1979,0.138,
IRL,1980,0.147,
IRL,1981,0.147,
IRL,1982,0.144,
IRL,1983,0.148,
IRL,1984,0.148,
IRL,1985,0.148,
IRL,1986,0.148,
IRL,1987,0.144,
IRL,1988,0.142,
IRL,1989,0.142,
IRL,1990,0.142,
IRL,1991,0.142,
IRL,1992,0.08,
IRL,1993,0.08,
IRL,1994,0.08,
IRL,1995,0.08,
IRL,1996,0.063,
IRL,1997,0.063,
IRL,1998,0.058,
IRL,1999,0.052,
IRL,2000,0.052,
IRL,2001,0.052,
IRL,2002,0.052,
IRL,2003,0.052,
IRL,2004,0.052,
IRL,2005,0.052,
IRL,2006,0.052,
IRL,2007,0.052,
IRL,2008,0.05,
IRL,2009,0.043,
IRL,2010,0.042,
IRL,2011,0.036,
IRL,2012,0.033,
IRL,2013,0.03,
IRL,2014,0.03,
IRL,2015,0.03,
IRL,2016,0.03,
IRL,2017,0.026,
IRL,2018,0.026,
IRL,2019,0.032,
IRL,2020,0.032,
IRL,2021,0.032,
IRL,2022,0.032,
IRL,2023,0.032,Europe
IRL,2024,0.032,
IMN,2023,,Europe
ISR,1948,0.158,
ISR,1949,0.158,
ISR,1950,0.158,
ISR,1951,0.158,
ISR,1952,0.158,
ISR,1953,0.158,
ISR,1954,0.158,
ISR,1955,0.158,
ISR,1956,0.158,
ISR,1957,0.158,
ISR,1958,0.158,
ISR,1959,0.158,
ISR,1960,0.158,
ISR,1961,0.158,
ISR,1962,0.158,
ISR,1963,0.158,
ISR,1964,0.158,
ISR,1965,0.158,
ISR,1966,0.158,
ISR,1967,0.147,
ISR,1968,0.147,
ISR,1969,0.147,
ISR,1970,0.147,
ISR,1971,0.147,
ISR,1972,0.147,
ISR,1973,0.147,
ISR,1974,0.147,
ISR,1975,0.225,
ISR,1976,0.225,
ISR,1977,0.154,
ISR,1978,0.142,
ISR,1979,0.142,
ISR,1980,0.142,
ISR,1981,0.142,
ISR,1982,0.142,
ISR,1983,0.142,
ISR,1984,0.142,
ISR,1985,0.116,
ISR,1986,0.116,
ISR,1987,0.116,
ISR,1988,0.116,
ISR,1989,0.116,
ISR,1990,0.116,
ISR,1991,0.116,
ISR,1992,0.116,
ISR,1993,0.116,
ISR,1994,0.116,
ISR,1995,0.116,
ISR,1996,0.116,
ISR,1997,0.116,
ISR,1998,0.116,
ISR,1999,0.116,
ISR,2000,0.119,
ISR,2001,0.119,
ISR,2002,0.119,
ISR,2003,0.119,
ISR,2004,0.119,
ISR,2005,0.119,
ISR,2006,0.122,
ISR,2007,0.122,
ISR,2008,0.103,
ISR,2009,0.103,
ISR,2010,0.108,
ISR,2011,0.108,
ISR,2012,0.108,
ISR,2013,0.108,
ISR,2014,0.108,
ISR,2015,0.108,
ISR,2016,0.11,
ISR,2017,0.112,
ISR,2018,0.117,
ISR,2019,0.123,
ISR,2020,0.123,
ISR,2021,0.1,
ISR,2022,0.118,
ISR,2023,0.127,Asia
ISR,2024,0.122,
ITA,1861,0.239,
ITA,1862,0.347,
ITA,1863,0.347,
ITA,1864,0.347,
ITA,1865,0.347,
ITA,1866,0.347,
ITA,1867,0.347,
ITA,1868,0.347,
ITA,1869,0.347,
ITA,1870,0.342,
ITA,1871,0.342,
ITA,1872,0.342,
ITA,1873,0.342,
ITA,1874,0.342,
ITA,1875,0.342,
ITA,1876,0.342,
ITA,1877,0.342,
ITA,1878,0.342,
ITA,1879,0.342,
ITA,1880,0.342,
ITA,1881,0.342,
ITA,1882,0.342,
ITA,1883,0.342,
ITA,1884,0.342,
ITA,1885,0.342,
ITA,1886,0.342,
ITA,1887,0.342,
ITA,1888,0.342,
ITA,1889,0.342,
ITA,1890,0.342,
ITA,1891,0.342,
ITA,1892,0.342,
ITA,1893,0.342,
ITA,1894,0.342,
ITA,1895,0.342,
ITA,1896,0.342,
ITA,1897,0.342,
ITA,1898,0.342,
ITA,1899,0.342,
ITA,1900,0.342,
ITA,1901,0.342,
ITA,1902,0.342,
ITA,1903,0.342,
ITA,1904,0.342,
ITA,1905,0.342,
ITA,1906,0.342,
ITA,1907,0.342,
ITA,1908,0.342,
ITA,1909,0.342,
ITA,1910,0.342,
ITA,1911,0.342,
ITA,1912,0.342,
ITA,1913,0.342,
ITA,1914,0.342,
ITA,1915,0.342,
ITA,1916,0.342,
ITA,1917,0.342,
ITA,1918,0.342,
ITA,1919,0.342,
ITA,1920,0.342,
ITA,1921,0.342,
ITA,1922,0.336,
ITA,1923,0.416,
ITA,1924,0.479,
ITA,1925,0.479,
ITA,1926,0.481,
ITA,1927,0.481,
ITA,1928,0.481,
ITA,1929,0.481,
ITA,1930,0.484,
ITA,1931,0.484,
ITA,1932,0.484,
ITA,1933,0.484,
ITA,1934,0.484,
ITA,1935,0.484,
ITA,1936,0.484,
ITA,1937,0.484,
ITA,1938,0.484,
ITA,1939,0.484,
ITA,1940,0.494,
ITA,1941,0.494,
ITA,1942,0.494,
ITA,1943,0.494,
ITA,1944,0.431,
ITA,1945,0.356,
ITA,1946,0.204,
ITA,1947,0.179,
ITA,1948,0.2,
ITA,1949,0.2,
ITA,1950,0.2,
ITA,1951,0.2,
ITA,1952,0.2,
ITA,1953,0.2,
ITA,1954,0.2,
ITA,1955,0.2,
ITA,1956,0.2,
ITA,1957,0.2,
ITA,1958,0.2,
ITA,1959,0.2,
ITA,1960,0.19,
ITA,1961,0.19,
ITA,1962,0.19,
ITA,1963,0.19,
ITA,1964,0.19,
ITA,1965,0.19,
ITA,1966,0.19,
ITA,1967,0.19,
ITA,1968,0.19,
ITA,1969,0.19,
ITA,1970,0.19,
ITA,1971,0.19,
ITA,1972,0.19,
ITA,1973,0.19,
ITA,1974,0.19,
ITA,1975,0.19,
ITA,1976,0.19,
ITA,1977,0.19,
ITA,1978,0.19,
ITA,1979,0.19,
ITA,1980,0.302,
ITA,1981,0.302,
ITA,1982,0.302,
ITA,1983,0.302,
ITA,1984,0.34,
ITA,1985,0.34,
ITA,1986,0.34,
ITA,1987,0.34,
ITA,1988,0.34,
ITA,1989,0.347,
ITA,1990,0.347,
ITA,1991,0.347,
ITA,1992,0.338,
ITA,1993,0.265,
ITA,1994,0.283,
ITA,1995,0.283,
ITA,1996,0.248,
ITA,1997,0.248,
ITA,1998,0.248,
ITA,1999,0.248,
ITA,2000,0.254,
ITA,2001,0.272,
ITA,2002,0.272,
ITA,2003,0.272,
ITA,2004,0.272,
ITA,2005,0.272,
ITA,2006,0.236,
ITA,2007,0.236,
ITA,2008,0.277,
ITA,2009,0.277,
ITA,2010,0.241,
ITA,2011,0.214,
ITA,2012,0.214,
ITA,2013,0.199,
ITA,2014,0.202,
ITA,2015,0.202,
ITA,2016,0.209,
ITA,2017,0.201,
ITA,2018,0.201,
ITA,2019,0.201,
ITA,2020,0.181,
ITA,2021,0.155,
ITA,2022,0.155,
ITA,2023,0.171,Europe
ITA,2024,0.196,
JAM,1900,0.182,
JAM,1901,0.182,
JAM,1902,0.182,
JAM,1903,0.182,
JAM,1904,0.182,
JAM,1905,0.182,
JAM,1906,0.182,
JAM,1907,0.182,
JAM,1908,0.182,
JAM,1909,0.182,
JAM,1910,0.182,
JAM,1911,0.182,
JAM,1912,0.182,
JAM,1913,0.182,
JAM,1914,0.182,
JAM,1915,0.182,
JAM,1916,0.182,
JAM,1917,0.182,
JAM,1918,0.182,
JAM,1919,0.182,
JAM,1920,0.182,
JAM,1921,0.182,
JAM,1922,0.182,
JAM,1923,0.182,
JAM,1924,0.194,
JAM,1925,0.194,
JAM,1926,0.194,
JAM,1927,0.194,
JAM,1928,0.194,
JAM,1929,0.194,
JAM,1930,0.194,
JAM,1931,0.194,
JAM,1932,0.194,
JAM,1933,0.194,
JAM,1934,0.194,
JAM,1935,0.194,
JAM,1936,0.194,
JAM,1937,0.194,
JAM,1938,0.194,
JAM,1939,0.194,
JAM,1940,0.194,
JAM,1941,0.194,
JAM,1942,0.194,
JAM,1943,0.194,
JAM,1944,0.171,
JAM,1945,0.171,
JAM,1946,0.171,
JAM,1947,0.171,
JAM,1948,0.171,
JAM,1949,0.171,
JAM,1950,0.171,
JAM,1951,0.171,
JAM,1952,0.171,
JAM,1953,0.171,
JAM,1954,0.171,
JAM,1955,0.159,
JAM,1956,0.159,
JAM,1957,0.159,
JAM,1958,0.159,
JAM,1959,0.159,
JAM,1960,0.142,
JAM,1961,0.142,
JAM,1962,0.187,
JAM,1963,0.191,
JAM,1964,0.191,
JAM,1965,0.191,
JAM,1966,0.191,
JAM,1967,0.191,
JAM,1968,0.191,
JAM,1969,0.191,
JAM,1970,0.191,
JAM,1971,0.191,
JAM,1972,0.191,
JAM,1973,0.191,
JAM,1974,0.191,
JAM,1975,0.191,
JAM,1976,0.191,
JAM,1977,0.191,
JAM,1978,0.191,
JAM,1979,0.191,
JAM,1980,0.191,
JAM,1981,0.191,
JAM,1982,0.191,
JAM,1983,0.191,
JAM,1984,0.191,
JAM,1985,0.191,
JAM,1986,0.191,
JAM,1987,0.191,
JAM,1988,0.191,
JAM,1989,0.191,
JAM,1990,0.169,
JAM,1991,0.169,
JAM,1992,0.169,
JAM,1993,0.169,
JAM,1994,0.169,
JAM,1995,0.169,
JAM,1996,0.169,
JAM,1997,0.169,
JAM,1998,0.169,
JAM,1999,0.169,
JAM,2000,0.169,
JAM,2001,0.169,
JAM,2002,0.169,
JAM,2003,0.169,
JAM,2004,0.169,
JAM,2005,0.169,
JAM,2006,0.169,
JAM,2007,0.169,
JAM,2008,0.169,
JAM,2009,0.169,
JAM,2010,0.169,
JAM,2011,0.169,
JAM,2012,0.169,
JAM,2013,0.129,
JAM,2014,0.129,
JAM,2015,0.129,
JAM,2016,0.125,
JAM,2017,0.125,
JAM,2018,0.12,
JAM,2019,0.12,
JAM,2020,0.164,
JAM,2021,0.168,
JAM,2022,0.16,
JAM,2023,0.202,North America
JAM,2024,0.18,
JPN,1789,0.349,
JPN,1790,0.349,
JPN,1791,0.349,
JPN,1792,0.349,
JPN,1793,0.349,
JPN,1794,0.349,
JPN,1795,0.349,
JPN,1796,0.349,
JPN,1797,0.349,
JPN,1798,0.349,
JPN,1799,0.349,
JPN,1800,0.349,
JPN,1801,0.349,
JPN,1802,0.349,
JPN,1803,0.349,
JPN,1804,0.349,
JPN,1805,0.349,
JPN,1806,0.349,
JPN,1807,0.349,
JPN,1808,0.349,
JPN,1809,0.349,
JPN,1810,0.349,
JPN,1811,0.349,
JPN,1812,0.349,
JPN,1813,0.349,
JPN,1814,0.349,
JPN,1815,0.349,
JPN,1816,0.349,
JPN,1817,0.349,
JPN,1818,0.349,
JPN,1819,0.349,
JPN,1820,0.349,
JPN,1821,0.349,
JPN,1822,0.349,
JPN,1823,0.349,
JPN,1824,0.349,
JPN,1825,0.349,
JPN,1826,0.349,
JPN,1827,0.349,
JPN,1828,0.349,
JPN,1829,0.349,
JPN,1830,0.349,
JPN,1831,0.349,
JPN,1832,0.349,
JPN,1833,0.349,
JPN,1834,0.349,
JPN,1835,0.349,
JPN,1836,0.349,
JPN,1837,0.349,
JPN,1838,0.349,
JPN,1839,0.349,
JPN,1840,0.349,
JPN,1841,0.349,
JPN,1842,0.349,
JPN,1843,0.349,
JPN,1844,0.349,
JPN,1845,0.349,
JPN,1846,0.349,
JPN,1847,0.349,
JPN,1848,0.349,
JPN,1849,0.349,
JPN,1850,0.349,
JPN,1851,0.349,
JPN,1852,0.349,
JPN,1853,0.349,
JPN,1854,0.349,
JPN,1855,0.349,
JPN,1856,0.349,
JPN,1857,0.349,
JPN,1858,0.349,
JPN,1859,0.349,
JPN,1860,0.222,
JPN,1861,0.222,
JPN,1862,0.222,
JPN,1863,0.222,
JPN,1864,0.222,
JPN,1865,0.222,
JPN,1866,0.222,
JPN,1867,0.222,
JPN,1868,0.194,
JPN,1869,0.194,
JPN,1870,0.178,
JPN,1871,0.178,
JPN,1872,0.178,
JPN,1873,0.178,
JPN,1874,0.178,
JPN,1875,0.178,
JPN,1876,0.178,
JPN,1877,0.178,
JPN,1878,0.178,
JPN,1879,0.178,
JPN,1880,0.178,
JPN,1881,0.197,
JPN,1882,0.197,
JPN,1883,0.197,
JPN,1884,0.197,
JPN,1885,0.197,
JPN,1886,0.197,
JPN,1887,0.197,
JPN,1888,0.197,
JPN,1889,0.294,
JPN,1890,0.299,
JPN,1891,0.299,
JPN,1892,0.299,
JPN,1893,0.299,
JPN,1894,0.299,
JPN,1895,0.299,
JPN,1896,0.299,
JPN,1897,0.299,
JPN,1898,0.299,
JPN,1899,0.299,
JPN,1900,0.247,
JPN,1901,0.247,
JPN,1902,0.247,
JPN,1903,0.247,
JPN,1904,0.247,
JPN,1905,0.247,
JPN,1906,0.247,
JPN,1907,0.247,
JPN,1908,0.247,
JPN,1909,0.247,
JPN,1910,0.247,
JPN,1911,0.247,
JPN,1912,0.247,
JPN,1913,0.247,
JPN,1914,0.247,
JPN,1915,0.247,
JPN,1916,0.247,
JPN,1917,0.247,
JPN,1918,0.247,
JPN,1919,0.247,
JPN,1920,0.247,
JPN,1921,0.247,
JPN,1922,0.247,
JPN,1923,0.247,
JPN,1924,0.247,
JPN,1925,0.247,
JPN,1926,0.247,
JPN,1927,0.247,
JPN,1928,0.247,
JPN,1929,0.247,
JPN,1930,0.247,
JPN,1931,0.247,
JPN,1932,0.247,
JPN,1933,0.247,
JPN,1934,0.247,
JPN,1935,0.247,
JPN,1936,0.247,
JPN,1937,0.247,
JPN,1938,0.247,
JPN,1939,0.247,
JPN,1940,0.247,
JPN,1941,0.247,
JPN,1942,0.247,
JPN,1943,0.247,
JPN,1944,0.247,
JPN,1945,0.247,
JPN,1946,0.155,
JPN,1947,0.155,
JPN,1948,0.14,
JPN,1949,0.14,
JPN,1950,0.14,
JPN,1951,0.14,
JPN,1952,0.14,
JPN,1953,0.128,
JPN,1954,0.128,
JPN,1955,0.128,
JPN,1956,0.128,
JPN,1957,0.136,
JPN,1958,0.128,
JPN,1959,0.128,
JPN,1960,0.128,
JPN,1961,0.128,
JPN,1962,0.128,
JPN,1963,0.128,
JPN,1964,0.128,
JPN,1965,0.128,
JPN,1966,0.128,
JPN,1967,0.128,
JPN,1968,0.128,
JPN,1969,0.128,
JPN,1970,0.128,
JPN,1971,0.113,
JPN,1972,0.113,
JPN,1973,0.113,
JPN,1974,0.113,
JPN,1975,0.113,
JPN,1976,0.113,
JPN,1977,0.113,
JPN,1978,0.113,
JPN,1979,0.113,
JPN,1980,0.12,
JPN,1981,0.12,
JPN,1982,0.113,
JPN,1983,0.113,
JPN,1984,0.113,
JPN,1985,0.113,
JPN,1986,0.113,
JPN,1987,0.113,
JPN,1988,0.113,
JPN,1989,0.113,
JPN,1990,0.113,
JPN,1991,0.113,
JPN,1992,0.113,
JPN,1993,0.113,
JPN,1994,0.112,
JPN,1995,0.112,
JPN,1996,0.112,
JPN,1997,0.112,
JPN,1998,0.109,
JPN,1999,0.109,
JPN,2000,0.109,
JPN,2001,0.109,
JPN,2002,0.109,
JPN,2003,0.109,
JPN,2004,0.109,
JPN,2005,0.109,
JPN,2006,0.109,
JPN,2007,0.109,
JPN,2008,0.109,
JPN,2009,0.109,
JPN,2010,0.109,
JPN,2011,0.109,
JPN,2012,0.109,
JPN,2013,0.098,
JPN,2014,0.098,
JPN,2015,0.079,
JPN,2016,0.092,
JPN,2017,0.091,
JPN,2018,0.091,
JPN,2019,0.091,
JPN,2020,0.091,
JPN,2021,0.062,
JPN,2022,0.062,
JPN,2023,0.063,Asia
JPN,2024,0.063,
JEY,2023,,Europe
JOR,1922,0.348,
JOR,1923,0.348,
JOR,1924,0.348,
JOR,1925,0.348,
JOR,1926,0.348,
JOR,1927,0.348,
JOR,1928,0.348,
JOR,1929,0.463,
JOR,1930,0.463,
JOR,1931,0.463,
JOR,1932,0.463,
JOR,1933,0.463,
JOR,1934,0.463,
JOR,1935,0.463,
JOR,1936,0.463,
JOR,1937,0.463,
JOR,1938,0.463,
JOR,1939,0.463,
JOR,1940,0.463,
JOR,1941,0.463,
JOR,1942,0.463,
JOR,1943,0.463,
JOR,1944,0.463,
JOR,1945,0.463,
JOR,1946,0.463,
JOR,1947,0.463,
JOR,1948,0.463,
JOR,1949,0.463,
JOR,1950,0.463,
JOR,1951,0.478,
JOR,1952,0.478,
JOR,1953,0.467,
JOR,1954,0.467,
JOR,1955,0.467,
JOR,1956,0.467,
JOR,1957,0.467,
JOR,1958,0.467,
JOR,1959,0.467,
JOR,1960,0.467,
JOR,1961,0.467,
JOR,1962,0.467,
JOR,1963,0.467,
JOR,1964,0.467,
JOR,1965,0.467,
JOR,1966,0.467,
JOR,1967,0.467,
JOR,1968,0.467,
JOR,1969,0.467,
JOR,1970,0.467,
JOR,1971,0.467,
JOR,1972,0.467,
JOR,1973,0.467,
JOR,1974,0.467,
JOR,1975,0.353,
JOR,1976,0.353,
JOR,1977,0.353,
JOR,1978,0.353,
JOR,1979,0.353,
JOR,1980,0.353,
JOR,1981,0.353,
JOR,1982,0.353,
JOR,1983,0.353,
JOR,1984,0.486,
JOR,1985,0.486,
JOR,1986,0.486,
JOR,1987,0.486,
JOR,1988,0.486,
JOR,1989,0.486,
JOR,1990,0.469,
JOR,1991,0.469,
JOR,1992,0.469,
JOR,1993,0.469,
JOR,1994,0.469,
JOR,1995,0.469,
JOR,1996,0.469,
JOR,1997,0.469,
JOR,1998,0.469,
JOR,1999,0.465,
JOR,2000,0.325,
JOR,2001,0.376,
JOR,2002,0.376,
JOR,2003,0.376,
JOR,2004,0.508,
JOR,2005,0.508,
JOR,2006,0.508,
JOR,2007,0.508,
JOR,2008,0.508,
JOR,2009,0.508,
JOR,2010,0.505,
JOR,2011,0.503,
JOR,2012,0.503,
JOR,2013,0.525,
JOR,2014,0.523,
JOR,2015,0.523,
JOR,2016,0.523,
JOR,2017,0.509,
JOR,2018,0.485,
JOR,2019,0.496,
JOR,2020,0.496,
JOR,2021,0.495,
JOR,2022,0.483,
JOR,2023,0.483,Asia
JOR,2024,0.422,
KAZ,1990,0.714,
KAZ,1991,0.714,
KAZ,1992,0.72,
KAZ,1993,0.743,
KAZ,1994,0.743,
KAZ,1995,0.743,
KAZ,1996,0.83,
KAZ,1997,0.83,
KAZ,1998,0.83,
KAZ,1999,0.83,
KAZ,2000,0.83,
KAZ,2001,0.83,
KAZ,2002,0.845,
KAZ,2003,0.845,
KAZ,2004,0.845,
KAZ,2005,0.845,
KAZ,2006,0.845,
KAZ,2007,0.85,
KAZ,2008,0.848,
KAZ,2009,0.848,
KAZ,2010,0.848,
KAZ,2011,0.848,
KAZ,2012,0.848,
KAZ,2013,0.848,
KAZ,2014,0.848,
KAZ,2015,0.848,
KAZ,2016,0.848,
KAZ,2017,0.86,
KAZ,2018,0.862,
KAZ,2019,0.851,
KAZ,2020,0.835,
KAZ,2021,0.834,
KAZ,2022,0.678,
KAZ,2023,0.704,Asia
KAZ,2024,0.706,
KEN,1900,0.16,
KEN,1901,0.16,
KEN,1902,0.16,
KEN,1903,0.16,
KEN,1904,0.16,
KEN,1905,0.16,
KEN,1906,0.16,
KEN,1907,0.16,
KEN,1908,0.201,
KEN,1909,0.201,
KEN,1910,0.201,
KEN,1911,0.201,
KEN,1912,0.201,
KEN,1913,0.201,
KEN,1914,0.201,
KEN,1915,0.201,
KEN,1916,0.201,
KEN,1917,0.201,
KEN,1918,0.201,
KEN,1919,0.201,
KEN,1920,0.207,
KEN,1921,0.203,
KEN,1922,0.203,
KEN,1923,0.203,
KEN,1924,0.203,
KEN,1925,0.203,
KEN,1926,0.203,
KEN,1927,0.203,
KEN,1928,0.203,
KEN,1929,0.203,
KEN,1930,0.203,
KEN,1931,0.203,
KEN,1932,0.203,
KEN,1933,0.203,
KEN,1934,0.203,
KEN,1935,0.203,
KEN,1936,0.203,
KEN,1937,0.203,
KEN,1938,0.203,
KEN,1939,0.203,
KEN,1940,0.203,
KEN,1941,0.203,
KEN,1942,0.203,
KEN,1943,0.203,
KEN,1944,0.203,
KEN,1945,0.203,
KEN,1946,0.203,
KEN,1947,0.203,
KEN,1948,0.203,
KEN,1949,0.203,
KEN,1950,0.208,
KEN,1951,0.208,
KEN,1952,0.208,
KEN,1953,0.208,
KEN,1954,0.208,
KEN,1955,0.208,
KEN,1956,0.208,
KEN,1957,0.208,
KEN,1958,0.208,
KEN,1959,0.208,
KEN,1960,0.208,
KEN,1961,0.208,
KEN,1962,0.208,
KEN,1963,0.549,
KEN,1964,0.629,
KEN,1965,0.64,
KEN,1966,0.64,
KEN,1967,0.64,
KEN,1968,0.64,
KEN,1969,0.67,
KEN,1970,0.757,
KEN,1971,0.757,
KEN,1972,0.79,
KEN,1973,0.79,
KEN,1974,0.79,
KEN,1975,0.79,
KEN,1976,0.79,
KEN,1977,0.79,
KEN,1978,0.822,
KEN,1979,0.822,
KEN,1980,0.878,
KEN,1981,0.878,
KEN,1982,0.878,
KEN,1983,0.896,
KEN,1984,0.896,
KEN,1985,0.896,
KEN,1986,0.896,
KEN,1987,0.896,
KEN,1988,0.896,
KEN,1989,0.896,
KEN,1990,0.879,
KEN,1991,0.879,
KEN,1992,0.879,
KEN,1993,0.862,
KEN,1994,0.862,
KEN,1995,0.862,
KEN,1996,0.862,
KEN,1997,0.862,
KEN,1998,0.862,
KEN,1999,0.862,
KEN,2000,0.846,
KEN,2001,0.846,
KEN,2002,0.842,
KEN,2003,0.812,
KEN,2004,0.805,
KEN,2005,0.777,
KEN,2006,0.777,
KEN,2007,0.763,
KEN,2008,0.74,
KEN,2009,0.74,
KEN,2010,0.657,
KEN,2011,0.642,
KEN,2012,0.627,
KEN,2013,0.597,
KEN,2014,0.597,
KEN,2015,0.597,
KEN,2016,0.593,
KEN,2017,0.595,
KEN,2018,0.595,
KEN,2019,0.576,
KEN,2020,0.612,
KEN,2021,0.521,
KEN,2022,0.536,
KEN,2023,0.513,Africa
KEN,2024,0.542,
,2023,,Europe
,2023,,Europe
,2023,,Europe
,2023,,Europe
,2023,,Europe
KIR,2023,,Oceania
OWID_KRU,2023,,Asia
OWID_KOS,1999,0.576,
OWID_KOS,2000,0.38,
OWID_KOS,2001,0.345,
OWID_KOS,2002,0.396,
OWID_KOS,2003,0.396,
OWID_KOS,2004,0.426,
OWID_KOS,2005,0.549,
OWID_KOS,2006,0.549,
OWID_KOS,2007,0.549,
OWID_KOS,2008,0.568,
OWID_KOS,2009,0.57,
OWID_KOS,2010,0.567,
OWID_KOS,2011,0.559,
OWID_KOS,2012,0.554,
OWID_KOS,2013,0.541,
OWID_KOS,2014,0.536,
OWID_KOS,2015,0.511,
OWID_KOS,2016,0.439,
OWID_KOS,2017,0.396,
OWID_KOS,2018,0.333,
OWID_KOS,2019,0.324,
OWID_KOS,2020,0.313,
OWID_KOS,2021,0.287,
OWID_KOS,2022,0.305,
OWID_KOS,2023,0.3,Europe
OWID_KOS,2024,0.273,
KWT,1789,0.32,
KWT,1790,0.32,
KWT,1791,0.32,
KWT,1792,0.32,
KWT,1793,0.32,
KWT,1794,0.32,
KWT,1795,0.32,
KWT,1796,0.32,
KWT,1797,0.32,
KWT,1798,0.32,
KWT,1799,0.32,
KWT,1800,0.32,
KWT,1801,0.32,
KWT,1802,0.32,
KWT,1803,0.32,
KWT,1804,0.32,
KWT,1805,0.32,
KWT,1806,0.32,
KWT,1807,0.32,
KWT,1808,0.32,
KWT,1809,0.32,
KWT,1810,0.32,
KWT,1811,0.32,
KWT,1812,0.32,
KWT,1813,0.32,
KWT,1814,0.32,
KWT,1815,0.32,
KWT,1816,0.32,
KWT,1817,0.32,
KWT,1818,0.32,
KWT,1819,0.32,
KWT,1820,0.32,
KWT,1821,0.32,
KWT,1822,0.32,
KWT,1823,0.32,
KWT,1824,0.32,
KWT,1825,0.32,
KWT,1826,0.32,
KWT,1827,0.32,
KWT,1828,0.32,
KWT,1829,0.32,
KWT,1830,0.32,
KWT,1831,0.32,
KWT,1832,0.32,
KWT,1833,0.32,
KWT,1834,0.32,
KWT,1835,0.32,
KWT,1836,0.32,
KWT,1837,0.32,
KWT,1838,0.32,
KWT,1839,0.32,
KWT,1840,0.32,
KWT,1841,0.32,
KWT,1842,0.32,
KWT,1843,0.32,
KWT,1844,0.32,
KWT,1845,0.32,
KWT,1846,0.32,
KWT,1847,0.32,
KWT,1848,0.32,
KWT,1849,0.32,
KWT,1850,0.32,
KWT,1851,0.32,
KWT,1852,0.32,
KWT,1853,0.32,
KWT,1854,0.32,
KWT,1855,0.32,
KWT,1856,0.32,
KWT,1857,0.32,
KWT,1858,0.32,
KWT,1859,0.32,
KWT,1860,0.32,
KWT,1861,0.32,
KWT,1862,0.32,
KWT,1863,0.32,
KWT,1864,0.32,
KWT,1865,0.32,
KWT,1866,0.32,
KWT,1867,0.32,
KWT,1868,0.32,
KWT,1869,0.32,
KWT,1870,0.32,
KWT,1871,0.32,
KWT,1872,0.32,
KWT,1873,0.32,
KWT,1874,0.32,
KWT,1875,0.32,
KWT,1876,0.32,
KWT,1877,0.32,
KWT,1878,0.32,
KWT,1879,0.32,
KWT,1880,0.32,
KWT,1881,0.32,
KWT,1882,0.32,
KWT,1883,0.32,
KWT,1884,0.32,
KWT,1885,0.32,
KWT,1886,0.32,
KWT,1887,0.32,
KWT,1888,0.32,
KWT,1889,0.32,
KWT,1890,0.32,
KWT,1891,0.32,
KWT,1892,0.32,
KWT,1893,0.32,
KWT,1894,0.32,
KWT,1895,0.32,
KWT,1896,0.32,
KWT,1897,0.32,
KWT,1898,0.32,
KWT,1899,0.32,
KWT,1900,0.32,
KWT,1901,0.32,
KWT,1902,0.32,
KWT,1903,0.32,
KWT,1904,0.32,
KWT,1905,0.32,
KWT,1906,0.32,
KWT,1907,0.32,
KWT,1908,0.32,
KWT,1909,0.32,
KWT,1910,0.32,
KWT,1911,0.32,
KWT,1912,0.32,
KWT,1913,0.32,
KWT,1914,0.32,
KWT,1915,0.32,
KWT,1916,0.32,
KWT,1917,0.32,
KWT,1918,0.32,
KWT,1919,0.32,
KWT,1920,0.32,
KWT,1921,0.32,
KWT,1922,0.32,
KWT,1923,0.32,
KWT,1924,0.32,
KWT,1925,0.32,
KWT,1926,0.32,
KWT,1927,0.32,
KWT,1928,0.32,
KWT,1929,0.32,
KWT,1930,0.32,
KWT,1931,0.32,
KWT,1932,0.32,
KWT,1933,0.32,
KWT,1934,0.32,
KWT,1935,0.32,
KWT,1936,0.32,
KWT,1937,0.32,
KWT,1938,0.32,
KWT,1939,0.32,
KWT,1940,0.32,
KWT,1941,0.32,
KWT,1942,0.32,
KWT,1943,0.32,
KWT,1944,0.32,
KWT,1945,0.32,
KWT,1946,0.32,
KWT,1947,0.32,
KWT,1948,0.32,
KWT,1949,0.32,
KWT,1950,0.32,
KWT,1951,0.32,
KWT,1952,0.32,
KWT,1953,0.32,
KWT,1954,0.32,
KWT,1955,0.32,
KWT,1956,0.32,
KWT,1957,0.32,
KWT,1958,0.32,
KWT,1959,0.32,
KWT,1960,0.36,
KWT,1961,0.358,
KWT,1962,0.462,
KWT,1963,0.473,
KWT,1964,0.473,
KWT,1965,0.473,
KWT,1966,0.473,
KWT,1967,0.473,
KWT,1968,0.473,
KWT,1969,0.473,
KWT,1970,0.473,
KWT,1971,0.473,
KWT,1972,0.473,
KWT,1973,0.473,
KWT,1974,0.473,
KWT,1975,0.473,
KWT,1976,0.36,
KWT,1977,0.36,
KWT,1978,0.36,
KWT,1979,0.36,
KWT,1980,0.374,
KWT,1981,0.492,
KWT,1982,0.492,
KWT,1983,0.492,
KWT,1984,0.492,
KWT,1985,0.492,
KWT,1986,0.378,
KWT,1987,0.378,
KWT,1988,0.378,
KWT,1989,0.378,
KWT,1990,0.378,
KWT,1991,0.378,
KWT,1992,0.503,
KWT,1993,0.503,
KWT,1994,0.503,
KWT,1995,0.503,
KWT,1996,0.503,
KWT,1997,0.503,
KWT,1998,0.503,
KWT,1999,0.503,
KWT,2000,0.503,
KWT,2001,0.503,
KWT,2002,0.503,
KWT,2003,0.503,
KWT,2004,0.517,
KWT,2005,0.517,
KWT,2006,0.517,
KWT,2007,0.517,
KWT,2008,0.517,
KWT,2009,0.517,
KWT,2010,0.523,
KWT,2011,0.523,
KWT,2012,0.523,
KWT,2013,0.523,
KWT,2014,0.523,
KWT,2015,0.523,
KWT,2016,0.523,
KWT,2017,0.501,
KWT,2018,0.501,
KWT,2019,0.461,
KWT,2020,0.466,
KWT,2021,0.466,
KWT,2022,0.314,
KWT,2023,0.314,Asia
KWT,2024,0.314,
KGZ,1990,0.527,
KGZ,1991,0.608,
KGZ,1992,0.74,
KGZ,1993,0.76,
KGZ,1994,0.832,
KGZ,1995,0.868,
KGZ,1996,0.877,
KGZ,1997,0.88,
KGZ,1998,0.88,
KGZ,1999,0.88,
KGZ,2000,0.888,
KGZ,2001,0.89,
KGZ,2002,0.897,
KGZ,2003,0.897,
KGZ,2004,0.897,
KGZ,2005,0.921,
KGZ,2006,0.921,
KGZ,2007,0.92,
KGZ,2008,0.92,
KGZ,2009,0.92,
KGZ,2010,0.85,
KGZ,2011,0.846,
KGZ,2012,0.849,
KGZ,2013,0.82,
KGZ,2014,0.82,
KGZ,2015,0.854,
KGZ,2016,0.853,
KGZ,2017,0.841,
KGZ,2018,0.835,
KGZ,2019,0.792,
KGZ,2020,0.813,
KGZ,2021,0.829,
KGZ,2022,0.822,
KGZ,2023,0.801,Asia
KGZ,2024,0.801,
LAO,1900,0.703,
LAO,1901,0.703,
LAO,1902,0.703,
LAO,1903,0.703,
LAO,1904,0.703,
LAO,1905,0.703,
LAO,1906,0.703,
LAO,1907,0.703,
LAO,1908,0.703,
LAO,1909,0.703,
LAO,1910,0.703,
LAO,1911,0.703,
LAO,1912,0.703,
LAO,1913,0.703,
LAO,1914,0.703,
LAO,1915,0.703,
LAO,1916,0.703,
LAO,1917,0.703,
LAO,1918,0.703,
LAO,1919,0.703,
LAO,1920,0.703,
LAO,1921,0.703,
LAO,1922,0.703,
LAO,1923,0.703,
LAO,1924,0.703,
LAO,1925,0.703,
LAO,1926,0.703,
LAO,1927,0.703,
LAO,1928,0.703,
LAO,1929,0.703,
LAO,1930,0.703,
LAO,1931,0.703,
LAO,1932,0.703,
LAO,1933,0.703,
LAO,1934,0.703,
LAO,1935,0.703,
LAO,1936,0.703,
LAO,1937,0.703,
LAO,1938,0.703,
LAO,1939,0.703,
LAO,1940,0.703,
LAO,1941,0.652,
LAO,1942,0.652,
LAO,1943,0.652,
LAO,1944,0.652,
LAO,1945,0.711,
LAO,1946,0.749,
LAO,1947,0.733,
LAO,1948,0.768,
LAO,1949,0.768,
LAO,1950,0.773,
LAO,1951,0.773,
LAO,1952,0.773,
LAO,1953,0.785,
LAO,1954,0.819,
LAO,1955,0.819,
LAO,1956,0.819,
LAO,1957,0.819,
LAO,1958,0.819,
LAO,1959,0.819,
LAO,1960,0.819,
LAO,1961,0.819,
LAO,1962,0.819,
LAO,1963,0.819,
LAO,1964,0.819,
LAO,1965,0.819,
LAO,1966,0.819,
LAO,1967,0.819,
LAO,1968,0.819,
LAO,1969,0.819,
LAO,1970,0.844,
LAO,1971,0.844,
LAO,1972,0.844,
LAO,1973,0.844,
LAO,1974,0.844,
LAO,1975,0.756,
LAO,1976,0.702,
LAO,1977,0.702,
LAO,1978,0.702,
LAO,1979,0.702,
LAO,1980,0.702,
LAO,1981,0.702,
LAO,1982,0.702,
LAO,1983,0.702,
LAO,1984,0.702,
LAO,1985,0.702,
LAO,1986,0.734,
LAO,1987,0.734,
LAO,1988,0.734,
LAO,1989,0.769,
LAO,1990,0.769,
LAO,1991,0.769,
LAO,1992,0.775,
LAO,1993,0.775,
LAO,1994,0.775,
LAO,1995,0.775,
LAO,1996,0.775,
LAO,1997,0.775,
LAO,1998,0.775,
LAO,1999,0.775,
LAO,2000,0.775,
LAO,2001,0.775,
LAO,2002,0.775,
LAO,2003,0.775,
LAO,2004,0.775,
LAO,2005,0.775,
LAO,2006,0.775,
LAO,2007,0.775,
LAO,2008,0.775,
LAO,2009,0.775,
LAO,2010,0.78,
LAO,2011,0.78,
LAO,2012,0.78,
LAO,2013,0.78,
LAO,2014,0.78,
LAO,2015,0.78,
LAO,2016,0.78,
LAO,2017,0.772,
LAO,2018,0.773,
LAO,2019,0.769,
LAO,2020,0.741,
LAO,2021,0.747,
LAO,2022,0.742,
LAO,2023,0.724,Asia
LAO,2024,0.744,
LVA,1920,0.123,
LVA,1921,0.123,
LVA,1922,0.123,
LVA,1923,0.193,
LVA,1924,0.193,
LVA,1925,0.193,
LVA,1926,0.193,
LVA,1927,0.193,
LVA,1928,0.193,
LVA,1929,0.193,
LVA,1930,0.193,
LVA,1931,0.193,
LVA,1932,0.193,
LVA,1933,0.193,
LVA,1934,0.19,
LVA,1935,0.109,
LVA,1936,0.109,
LVA,1937,0.109,
LVA,1938,0.109,
LVA,1939,0.109,
LVA,1990,0.198,
LVA,1991,0.364,
LVA,1992,0.369,
LVA,1993,0.369,
LVA,1994,0.37,
LVA,1995,0.348,
LVA,1996,0.338,
LVA,1997,0.334,
LVA,1998,0.325,
LVA,1999,0.311,
LVA,2000,0.289,
LVA,2001,0.289,
LVA,2002,0.17,
LVA,2003,0.165,
LVA,2004,0.163,
LVA,2005,0.152,
LVA,2006,0.185,
LVA,2007,0.15,
LVA,2008,0.149,
LVA,2009,0.142,
LVA,2010,0.119,
LVA,2011,0.119,
LVA,2012,0.117,
LVA,2013,0.084,
LVA,2014,0.082,
LVA,2015,0.082,
LVA,2016,0.105,
LVA,2017,0.126,
LVA,2018,0.126,
LVA,2019,0.117,
LVA,2020,0.1,
LVA,2021,0.087,
LVA,2022,0.087,
LVA,2023,0.071,Europe
LVA,2024,0.071,
LBN,1918,0.606,
LBN,1919,0.606,
LBN,1920,0.606,
LBN,1921,0.606,
LBN,1922,0.599,
LBN,1923,0.599,
LBN,1924,0.599,
LBN,1925,0.599,
LBN,1926,0.599,
LBN,1927,0.599,
LBN,1928,0.599,
LBN,1929,0.599,
LBN,1930,0.599,
LBN,1931,0.599,
LBN,1932,0.599,
LBN,1933,0.599,
LBN,1934,0.599,
LBN,1935,0.599,
LBN,1936,0.599,
LBN,1937,0.599,
LBN,1938,0.599,
LBN,1939,0.599,
LBN,1940,0.613,
LBN,1941,0.613,
LBN,1942,0.613,
LBN,1943,0.616,
LBN,1944,0.616,
LBN,1945,0.616,
LBN,1946,0.616,
LBN,1947,0.616,
LBN,1948,0.616,
LBN,1949,0.616,
LBN,1950,0.616,
LBN,1951,0.616,
LBN,1952,0.616,
LBN,1953,0.578,
LBN,1954,0.578,
LBN,1955,0.578,
LBN,1956,0.578,
LBN,1957,0.578,
LBN,1958,0.578,
LBN,1959,0.517,
LBN,1960,0.517,
LBN,1961,0.517,
LBN,1962,0.517,
LBN,1963,0.517,
LBN,1964,0.517,
LBN,1965,0.517,
LBN,1966,0.517,
LBN,1967,0.517,
LBN,1968,0.517,
LBN,1969,0.517,
LBN,1970,0.632,
LBN,1971,0.632,
LBN,1972,0.652,
LBN,1973,0.652,
LBN,1974,0.652,
LBN,1975,0.761,
LBN,1976,0.645,
LBN,1977,0.645,
LBN,1978,0.645,
LBN,1979,0.645,
LBN,1980,0.645,
LBN,1981,0.645,
LBN,1982,0.67,
LBN,1983,0.792,
LBN,1984,0.792,
LBN,1985,0.792,
LBN,1986,0.792,
LBN,1987,0.792,
LBN,1988,0.792,
LBN,1989,0.792,
LBN,1990,0.796,
LBN,1991,0.796,
LBN,1992,0.796,
LBN,1993,0.796,
LBN,1994,0.796,
LBN,1995,0.796,
LBN,1996,0.796,
LBN,1997,0.796,
LBN,1998,0.796,
LBN,1999,0.796,
LBN,2000,0.796,
LBN,2001,0.796,
LBN,2002,0.796,
LBN,2003,0.796,
LBN,2004,0.796,
LBN,2005,0.737,
LBN,2006,0.737,
LBN,2007,0.737,
LBN,2008,0.737,
LBN,2009,0.737,
LBN,2010,0.737,
LBN,2011,0.737,
LBN,2012,0.734,
LBN,2013,0.734,
LBN,2014,0.734,
LBN,2015,0.735,
LBN,2016,0.757,
LBN,2017,0.745,
LBN,2018,0.759,
LBN,2019,0.769,
LBN,2020,0.767,
LBN,2021,0.776,
LBN,2022,0.775,
LBN,2023,0.765,Asia
LBN,2024,0.843,
LSO,1900,0.216,
LSO,1901,0.216,
LSO,1902,0.216,
LSO,1903,0.216,
LSO,1904,0.165,
LSO,1905,0.216,
LSO,1906,0.166,
LSO,1907,0.166,
LSO,1908,0.216,
LSO,1909,0.216,
LSO,1910,0.216,
LSO,1911,0.216,
LSO,1912,0.216,
LSO,1913,0.216,
LSO,1914,0.216,
LSO,1915,0.216,
LSO,1916,0.216,
LSO,1917,0.216,
LSO,1918,0.216,
LSO,1919,0.216,
LSO,1920,0.216,
LSO,1921,0.216,
LSO,1922,0.216,
LSO,1923,0.216,
LSO,1924,0.216,
LSO,1925,0.216,
LSO,1926,0.216,
LSO,1927,0.216,
LSO,1928,0.216,
LSO,1929,0.216,
LSO,1930,0.216,
LSO,1931,0.216,
LSO,1932,0.216,
LSO,1933,0.216,
LSO,1934,0.216,
LSO,1935,0.216,
LSO,1936,0.216,
LSO,1937,0.216,
LSO,1938,0.216,
LSO,1939,0.216,
LSO,1940,0.216,
LSO,1941,0.216,
LSO,1942,0.216,
LSO,1943,0.216,
LSO,1944,0.216,
LSO,1945,0.216,
LSO,1946,0.216,
LSO,1947,0.216,
LSO,1948,0.216,
LSO,1949,0.216,
LSO,1950,0.197,
LSO,1951,0.197,
LSO,1952,0.197,
LSO,1953,0.197,
LSO,1954,0.197,
LSO,1955,0.197,
LSO,1956,0.197,
LSO,1957,0.197,
LSO,1958,0.197,
LSO,1959,0.197,
LSO,1960,0.261,
LSO,1961,0.261,
LSO,1962,0.261,
LSO,1963,0.261,
LSO,1964,0.261,
LSO,1965,0.281,
LSO,1966,0.311,
LSO,1967,0.311,
LSO,1968,0.311,
LSO,1969,0.342,
LSO,1970,0.597,
LSO,1971,0.597,
LSO,1972,0.597,
LSO,1973,0.533,
LSO,1974,0.533,
LSO,1975,0.533,
LSO,1976,0.533,
LSO,1977,0.533,
LSO,1978,0.533,
LSO,1979,0.533,
LSO,1980,0.533,
LSO,1981,0.533,
LSO,1982,0.533,
LSO,1983,0.533,
LSO,1984,0.533,
LSO,1985,0.533,
LSO,1986,0.648,
LSO,1987,0.63,
LSO,1988,0.63,
LSO,1989,0.63,
LSO,1990,0.637,
LSO,1991,0.584,
LSO,1992,0.584,
LSO,1993,0.458,
LSO,1994,0.458,
LSO,1995,0.458,
LSO,1996,0.458,
LSO,1997,0.458,
LSO,1998,0.593,
LSO,1999,0.593,
LSO,2000,0.593,
LSO,2001,0.593,
LSO,2002,0.574,
LSO,2003,0.566,
LSO,2004,0.566,
LSO,2005,0.566,
LSO,2006,0.566,
LSO,2007,0.566,
LSO,2008,0.566,
LSO,2009,0.566,
LSO,2010,0.566,
LSO,2011,0.566,
LSO,2012,0.552,
LSO,2013,0.473,
LSO,2014,0.473,
LSO,2015,0.555,
LSO,2016,0.528,
LSO,2017,0.486,
LSO,2018,0.505,
LSO,2019,0.461,
LSO,2020,0.477,
LSO,2021,0.524,
LSO,2022,0.517,
LSO,2023,0.541,Africa
LSO,2024,0.539,
LBR,1848,0.419,
LBR,1849,0.419,
LBR,1850,0.419,
LBR,1851,0.419,
LBR,1852,0.419,
LBR,1853,0.419,
LBR,1854,0.419,
LBR,1855,0.419,
LBR,1856,0.419,
LBR,1857,0.419,
LBR,1858,0.419,
LBR,1859,0.419,
LBR,1860,0.419,
LBR,1861,0.419,
LBR,1862,0.419,
LBR,1863,0.419,
LBR,1864,0.419,
LBR,1865,0.419,
LBR,1866,0.419,
LBR,1867,0.419,
LBR,1868,0.419,
LBR,1869,0.671,
LBR,1870,0.671,
LBR,1871,0.671,
LBR,1872,0.671,
LBR,1873,0.618,
LBR,1874,0.618,
LBR,1875,0.618,
LBR,1876,0.618,
LBR,1877,0.618,
LBR,1878,0.618,
LBR,1879,0.618,
LBR,1880,0.618,
LBR,1881,0.618,
LBR,1882,0.618,
LBR,1883,0.618,
LBR,1884,0.618,
LBR,1885,0.618,
LBR,1886,0.618,
LBR,1887,0.618,
LBR,1888,0.618,
LBR,1889,0.618,
LBR,1890,0.618,
LBR,1891,0.618,
LBR,1892,0.618,
LBR,1893,0.618,
LBR,1894,0.618,
LBR,1895,0.618,
LBR,1896,0.618,
LBR,1897,0.618,
LBR,1898,0.618,
LBR,1899,0.618,
LBR,1900,0.618,
LBR,1901,0.618,
LBR,1902,0.618,
LBR,1903,0.618,
LBR,1904,0.618,
LBR,1905,0.618,
LBR,1906,0.618,
LBR,1907,0.618,
LBR,1908,0.618,
LBR,1909,0.618,
LBR,1910,0.618,
LBR,1911,0.618,
LBR,1912,0.618,
LBR,1913,0.618,
LBR,1914,0.618,
LBR,1915,0.618,
LBR,1916,0.618,
LBR,1917,0.618,
LBR,1918,0.618,
LBR,1919,0.618,
LBR,1920,0.618,
LBR,1921,0.618,
LBR,1922,0.618,
LBR,1923,0.618,
LBR,1924,0.618,
LBR,1925,0.618,
LBR,1926,0.618,
LBR,1927,0.618,
LBR,1928,0.618,
LBR,1929,0.618,
LBR,1930,0.629,
LBR,1931,0.629,
LBR,1932,0.629,
LBR,1933,0.629,
LBR,1934,0.629,
LBR,1935,0.629,
LBR,1936,0.629,
LBR,1937,0.629,
LBR,1938,0.629,
LBR,1939,0.629,
LBR,1940,0.629,
LBR,1941,0.629,
LBR,1942,0.629,
LBR,1943,0.629,
LBR,1944,0.73,
LBR,1945,0.73,
LBR,1946,0.73,
LBR,1947,0.73,
LBR,1948,0.73,
LBR,1949,0.73,
LBR,1950,0.73,
LBR,1951,0.73,
LBR,1952,0.73,
LBR,1953,0.73,
LBR,1954,0.73,
LBR,1955,0.73,
LBR,1956,0.73,
LBR,1957,0.73,
LBR,1958,0.73,
LBR,1959,0.73,
LBR,1960,0.73,
LBR,1961,0.73,
LBR,1962,0.73,
LBR,1963,0.73,
LBR,1964,0.73,
LBR,1965,0.73,
LBR,1966,0.73,
LBR,1967,0.73,
LBR,1968,0.73,
LBR,1969,0.73,
LBR,1970,0.73,
LBR,1971,0.72,
LBR,1972,0.72,
LBR,1973,0.72,
LBR,1974,0.72,
LBR,1975,0.72,
LBR,1976,0.72,
LBR,1977,0.72,
LBR,1978,0.72,
LBR,1979,0.72,
LBR,1980,0.87,
LBR,1981,0.87,
LBR,1982,0.87,
LBR,1983,0.87,
LBR,1984,0.876,
LBR,1985,0.875,
LBR,1986,0.861,
LBR,1987,0.861,
LBR,1988,0.861,
LBR,1989,0.881,
LBR,1990,0.923,
LBR,1991,0.814,
LBR,1992,0.814,
LBR,1993,0.814,
LBR,1994,0.814,
LBR,1995,0.832,
LBR,1996,0.847,
LBR,1997,0.927,
LBR,1998,0.927,
LBR,1999,0.927,
LBR,2000,0.918,
LBR,2001,0.918,
LBR,2002,0.918,
LBR,2003,0.918,
LBR,2004,0.894,
LBR,2005,0.857,
LBR,2006,0.825,
LBR,2007,0.825,
LBR,2008,0.825,
LBR,2009,0.825,
LBR,2010,0.825,
LBR,2011,0.825,
LBR,2012,0.849,
LBR,2013,0.849,
LBR,2014,0.849,
LBR,2015,0.849,
LBR,2016,0.849,
LBR,2017,0.858,
LBR,2018,0.89,
LBR,2019,0.89,
LBR,2020,0.86,
LBR,2021,0.865,
LBR,2022,0.865,
LBR,2023,0.876,Africa
LBR,2024,0.876,
LBY,1934,0.707,
LBY,1935,0.707,
LBY,1936,0.707,
LBY,1937,0.707,
LBY,1938,0.707,
LBY,1939,0.707,
LBY,1940,0.707,
LBY,1941,0.726,
LBY,1951,0.487,
LBY,1952,0.487,
LBY,1953,0.539,
LBY,1954,0.592,
LBY,1955,0.57,
LBY,1956,0.519,
LBY,1957,0.519,
LBY,1958,0.519,
LBY,1959,0.519,
LBY,1960,0.519,
LBY,1961,0.519,
LBY,1962,0.519,
LBY,1963,0.519,
LBY,1964,0.519,
LBY,1965,0.519,
LBY,1966,0.519,
LBY,1967,0.519,
LBY,1968,0.519,
LBY,1969,0.504,
LBY,1970,0.816,
LBY,1971,0.867,
LBY,1972,0.867,
LBY,1973,0.867,
LBY,1974,0.867,
LBY,1975,0.867,
LBY,1976,0.867,
LBY,1977,0.867,
LBY,1978,0.863,
LBY,1979,0.863,
LBY,1980,0.863,
LBY,1981,0.863,
LBY,1982,0.863,
LBY,1983,0.863,
LBY,1984,0.863,
LBY,1985,0.863,
LBY,1986,0.863,
LBY,1987,0.863,
LBY,1988,0.863,
LBY,1989,0.862,
LBY,1990,0.862,
LBY,1991,0.862,
LBY,1992,0.862,
LBY,1993,0.862,
LBY,1994,0.862,
LBY,1995,0.862,
LBY,1996,0.862,
LBY,1997,0.862,
LBY,1998,0.862,
LBY,1999,0.862,
LBY,2000,0.862,
LBY,2001,0.862,
LBY,2002,0.862,
LBY,2003,0.862,
LBY,2004,0.862,
LBY,2005,0.862,
LBY,2006,0.862,
LBY,2007,0.862,
LBY,2008,0.862,
LBY,2009,0.862,
LBY,2010,0.862,
LBY,2011,0.836,
LBY,2012,0.768,
LBY,2013,0.787,
LBY,2014,0.804,
LBY,2015,0.779,
LBY,2016,0.801,
LBY,2017,0.778,
LBY,2018,0.795,
LBY,2019,0.808,
LBY,2020,0.808,
LBY,2021,0.832,
LBY,2022,0.784,
LBY,2023,0.821,Africa
LBY,2024,0.821,
LIE,2023,,Europe
LTU,1918,0.235,
LTU,1919,0.23,
LTU,1920,0.23,
LTU,1921,0.205,
LTU,1922,0.205,
LTU,1923,0.205,
LTU,1924,0.205,
LTU,1925,0.205,
LTU,1926,0.23,
LTU,1927,0.266,
LTU,1928,0.266,
LTU,1929,0.266,
LTU,1930,0.266,
LTU,1931,0.266,
LTU,1932,0.266,
LTU,1933,0.266,
LTU,1934,0.266,
LTU,1935,0.266,
LTU,1936,0.266,
LTU,1937,0.266,
LTU,1938,0.266,
LTU,1939,0.266,
LTU,1990,0.162,
LTU,1991,0.134,
LTU,1992,0.141,
LTU,1993,0.195,
LTU,1994,0.195,
LTU,1995,0.195,
LTU,1996,0.195,
LTU,1997,0.195,
LTU,1998,0.195,
LTU,1999,0.195,
LTU,2000,0.195,
LTU,2001,0.194,
LTU,2002,0.194,
LTU,2003,0.203,
LTU,2004,0.194,
LTU,2005,0.152,
LTU,2006,0.152,
LTU,2007,0.148,
LTU,2008,0.145,
LTU,2009,0.145,
LTU,2010,0.145,
LTU,2011,0.145,
LTU,2012,0.148,
LTU,2013,0.156,
LTU,2014,0.155,
LTU,2015,0.148,
LTU,2016,0.135,
LTU,2017,0.127,
LTU,2018,0.157,
LTU,2019,0.124,
LTU,2020,0.115,
LTU,2021,0.111,
LTU,2022,0.103,
LTU,2023,0.122,Europe
LTU,2024,0.172,
LUX,1900,0.06,
LUX,1901,0.06,
LUX,1902,0.06,
LUX,1903,0.06,
LUX,1904,0.06,
LUX,1905,0.06,
LUX,1906,0.06,
LUX,1907,0.06,
LUX,1908,0.06,
LUX,1909,0.06,
LUX,1910,0.06,
LUX,1911,0.06,
LUX,1912,0.06,
LUX,1913,0.06,
LUX,1914,0.06,
LUX,1915,0.06,
LUX,1916,0.06,
LUX,1917,0.06,
LUX,1918,0.06,
LUX,1919,0.06,
LUX,1920,0.06,
LUX,1921,0.06,
LUX,1922,0.06,
LUX,1923,0.06,
LUX,1924,0.06,
LUX,1925,0.06,
LUX,1926,0.06,
LUX,1927,0.06,
LUX,1928,0.06,
LUX,1929,0.06,
LUX,1930,0.06,
LUX,1931,0.06,
LUX,1932,0.06,
LUX,1933,0.06,
LUX,1934,0.06,
LUX,1935,0.06,
LUX,1936,0.06,
LUX,1937,0.06,
LUX,1938,0.06,
LUX,1939,0.06,
LUX,1940,0.093,
LUX,1941,0.104,
LUX,1942,0.104,
LUX,1943,0.104,
LUX,1944,0.095,
LUX,1945,0.055,
LUX,1946,0.055,
LUX,1947,0.055,
LUX,1948,0.055,
LUX,1949,0.055,
LUX,1950,0.055,
LUX,1951,0.055,
LUX,1952,0.055,
LUX,1953,0.055,
LUX,1954,0.055,
LUX,1955,0.055,
LUX,1956,0.055,
LUX,1957,0.055,
LUX,1958,0.055,
LUX,1959,0.055,
LUX,1960,0.055,
LUX,1961,0.055,
LUX,1962,0.055,
LUX,1963,0.055,
LUX,1964,0.055,
LUX,1965,0.055,
LUX,1966,0.055,
LUX,1967,0.055,
LUX,1968,0.055,
LUX,1969,0.055,
LUX,1970,0.055,
LUX,1971,0.055,
LUX,1972,0.055,
LUX,1973,0.055,
LUX,1974,0.055,
LUX,1975,0.055,
LUX,1976,0.055,
LUX,1977,0.055,
LUX,1978,0.055,
LUX,1979,0.055,
LUX,1980,0.055,
LUX,1981,0.055,
LUX,1982,0.055,
LUX,1983,0.055,
LUX,1984,0.055,
LUX,1985,0.055,
LUX,1986,0.055,
LUX,1987,0.055,
LUX,1988,0.055,
LUX,1989,0.055,
LUX,1990,0.055,
LUX,1991,0.055,
LUX,1992,0.055,
LUX,1993,0.055,
LUX,1994,0.055,
LUX,1995,0.055,
LUX,1996,0.055,
LUX,1997,0.055,
LUX,1998,0.055,
LUX,1999,0.055,
LUX,2000,0.055,
LUX,2001,0.055,
LUX,2002,0.055,
LUX,2003,0.055,
LUX,2004,0.055,
LUX,2005,0.055,
LUX,2006,0.055,
LUX,2007,0.055,
LUX,2008,0.055,
LUX,2009,0.055,
LUX,2010,0.028,
LUX,2011,0.028,
LUX,2012,0.027,
LUX,2013,0.027,
LUX,2014,0.027,
LUX,2015,0.027,
LUX,2016,0.027,
LUX,2017,0.027,
LUX,2018,0.027,
LUX,2019,0.027,
LUX,2020,0.027,
LUX,2021,0.027,
LUX,2022,0.027,
LUX,2023,0.027,Europe
LUX,2024,0.029,
MAC,2023,,Asia
MDG,1817,0.419,
MDG,1818,0.419,
MDG,1819,0.419,
MDG,1820,0.419,
MDG,1821,0.419,
MDG,1822,0.419,
MDG,1823,0.419,
MDG,1824,0.419,
MDG,1825,0.419,
MDG,1826,0.419,
MDG,1827,0.419,
MDG,1828,0.568,
MDG,1829,0.654,
MDG,1830,0.654,
MDG,1831,0.654,
MDG,1832,0.654,
MDG,1833,0.654,
MDG,1834,0.654,
MDG,1835,0.654,
MDG,1836,0.654,
MDG,1837,0.654,
MDG,1838,0.654,
MDG,1839,0.654,
MDG,1840,0.654,
MDG,1841,0.654,
MDG,1842,0.654,
MDG,1843,0.654,
MDG,1844,0.654,
MDG,1845,0.654,
MDG,1846,0.654,
MDG,1847,0.654,
MDG,1848,0.654,
MDG,1849,0.654,
MDG,1850,0.654,
MDG,1851,0.654,
MDG,1852,0.654,
MDG,1853,0.654,
MDG,1854,0.654,
MDG,1855,0.654,
MDG,1856,0.654,
MDG,1857,0.654,
MDG,1858,0.654,
MDG,1859,0.654,
MDG,1860,0.654,
MDG,1861,0.654,
MDG,1862,0.667,
MDG,1863,0.667,
MDG,1864,0.705,
MDG,1865,0.705,
MDG,1866,0.705,
MDG,1867,0.705,
MDG,1868,0.818,
MDG,1869,0.818,
MDG,1870,0.818,
MDG,1871,0.818,
MDG,1872,0.818,
MDG,1873,0.818,
MDG,1874,0.818,
MDG,1875,0.818,
MDG,1876,0.818,
MDG,1877,0.818,
MDG,1878,0.818,
MDG,1879,0.818,
MDG,1880,0.818,
MDG,1881,0.818,
MDG,1882,0.818,
MDG,1883,0.818,
MDG,1884,0.818,
MDG,1885,0.818,
MDG,1886,0.818,
MDG,1887,0.818,
MDG,1888,0.818,
MDG,1889,0.818,
MDG,1890,0.818,
MDG,1891,0.818,
MDG,1892,0.818,
MDG,1893,0.818,
MDG,1894,0.818,
MDG,1895,0.818,
MDG,1896,0.818,
MDG,1897,0.51,
MDG,1898,0.251,
MDG,1899,0.251,
MDG,1900,0.251,
MDG,1901,0.251,
MDG,1902,0.251,
MDG,1903,0.251,
MDG,1904,0.251,
MDG,1905,0.251,
MDG,1906,0.225,
MDG,1907,0.224,
MDG,1908,0.224,
MDG,1909,0.224,
MDG,1910,0.224,
MDG,1911,0.224,
MDG,1912,0.224,
MDG,1913,0.224,
MDG,1914,0.224,
MDG,1915,0.224,
MDG,1916,0.224,
MDG,1917,0.224,
MDG,1918,0.224,
MDG,1919,0.224,
MDG,1920,0.224,
MDG,1921,0.217,
MDG,1922,0.217,
MDG,1923,0.217,
MDG,1924,0.217,
MDG,1925,0.217,
MDG,1926,0.217,
MDG,1927,0.217,
MDG,1928,0.217,
MDG,1929,0.217,
MDG,1930,0.217,
MDG,1931,0.217,
MDG,1932,0.217,
MDG,1933,0.217,
MDG,1934,0.217,
MDG,1935,0.217,
MDG,1936,0.217,
MDG,1937,0.217,
MDG,1938,0.217,
MDG,1939,0.217,
MDG,1940,0.217,
MDG,1941,0.217,
MDG,1942,0.217,
MDG,1943,0.217,
MDG,1944,0.217,
MDG,1945,0.217,
MDG,1946,0.217,
MDG,1947,0.217,
MDG,1948,0.241,
MDG,1949,0.241,
MDG,1950,0.241,
MDG,1951,0.241,
MDG,1952,0.241,
MDG,1953,0.241,
MDG,1954,0.241,
MDG,1955,0.241,
MDG,1956,0.241,
MDG,1957,0.241,
MDG,1958,0.241,
MDG,1959,0.261,
MDG,1960,0.649,
MDG,1961,0.664,
MDG,1962,0.664,
MDG,1963,0.664,
MDG,1964,0.664,
MDG,1965,0.664,
MDG,1966,0.664,
MDG,1967,0.664,
MDG,1968,0.664,
MDG,1969,0.664,
MDG,1970,0.664,
MDG,1971,0.664,
MDG,1972,0.595,
MDG,1973,0.607,
MDG,1974,0.607,
MDG,1975,0.64,
MDG,1976,0.714,
MDG,1977,0.745,
MDG,1978,0.757,
MDG,1979,0.757,
MDG,1980,0.787,
MDG,1981,0.787,
MDG,1982,0.787,
MDG,1983,0.787,
MDG,1984,0.787,
MDG,1985,0.787,
MDG,1986,0.787,
MDG,1987,0.78,
MDG,1988,0.78,
MDG,1989,0.78,
MDG,1990,0.78,
MDG,1991,0.759,
MDG,1992,0.728,
MDG,1993,0.728,
MDG,1994,0.738,
MDG,1995,0.738,
MDG,1996,0.738,
MDG,1997,0.811,
MDG,1998,0.845,
MDG,1999,0.845,
MDG,2000,0.845,
MDG,2001,0.845,
MDG,2002,0.77,
MDG,2003,0.766,
MDG,2004,0.766,
MDG,2005,0.766,
MDG,2006,0.766,
MDG,2007,0.766,
MDG,2008,0.774,
MDG,2009,0.935,
MDG,2010,0.938,
MDG,2011,0.954,
MDG,2012,0.954,
MDG,2013,0.917,
MDG,2014,0.812,
MDG,2015,0.812,
MDG,2016,0.812,
MDG,2017,0.808,
MDG,2018,0.714,
MDG,2019,0.809,
MDG,2020,0.827,
MDG,2021,0.827,
MDG,2022,0.827,
MDG,2023,0.827,Africa
MDG,2024,0.827,
MWI,1900,0.164,
MWI,1901,0.164,
MWI,1902,0.164,
MWI,1903,0.164,
MWI,1904,0.164,
MWI,1905,0.164,
MWI,1906,0.164,
MWI,1907,0.154,
MWI,1908,0.154,
MWI,1909,0.154,
MWI,1910,0.154,
MWI,1911,0.154,
MWI,1912,0.154,
MWI,1913,0.154,
MWI,1914,0.154,
MWI,1915,0.154,
MWI,1916,0.154,
MWI,1917,0.154,
MWI,1918,0.154,
MWI,1919,0.154,
MWI,1920,0.154,
MWI,1921,0.154,
MWI,1922,0.154,
MWI,1923,0.154,
MWI,1924,0.154,
MWI,1925,0.154,
MWI,1926,0.154,
MWI,1927,0.154,
MWI,1928,0.154,
MWI,1929,0.154,
MWI,1930,0.154,
MWI,1931,0.154,
MWI,1932,0.154,
MWI,1933,0.154,
MWI,1934,0.154,
MWI,1935,0.154,
MWI,1936,0.154,
MWI,1937,0.154,
MWI,1938,0.154,
MWI,1939,0.154,
MWI,1940,0.154,
MWI,1941,0.154,
MWI,1942,0.154,
MWI,1943,0.154,
MWI,1944,0.154,
MWI,1945,0.154,
MWI,1946,0.154,
MWI,1947,0.154,
MWI,1948,0.154,
MWI,1949,0.154,
MWI,1950,0.154,
MWI,1951,0.154,
MWI,1952,0.154,
MWI,1953,0.154,
MWI,1954,0.154,
MWI,1955,0.154,
MWI,1956,0.154,
MWI,1957,0.154,
MWI,1958,0.154,
MWI,1959,0.154,
MWI,1960,0.154,
MWI,1961,0.141,
MWI,1962,0.141,
MWI,1963,0.141,
MWI,1964,0.14,
MWI,1965,0.119,
MWI,1966,0.119,
MWI,1967,0.135,
MWI,1968,0.135,
MWI,1969,0.135,
MWI,1970,0.135,
MWI,1971,0.137,
MWI,1972,0.137,
MWI,1973,0.137,
MWI,1974,0.137,
MWI,1975,0.137,
MWI,1976,0.137,
MWI,1977,0.137,
MWI,1978,0.137,
MWI,1979,0.137,
MWI,1980,0.137,
MWI,1981,0.137,
MWI,1982,0.137,
MWI,1983,0.137,
MWI,1984,0.137,
MWI,1985,0.137,
MWI,1986,0.137,
MWI,1987,0.137,
MWI,1988,0.137,
MWI,1989,0.137,
MWI,1990,0.137,
MWI,1991,0.141,
MWI,1992,0.141,
MWI,1993,0.144,
MWI,1994,0.528,
MWI,1995,0.652,
MWI,1996,0.652,
MWI,1997,0.652,
MWI,1998,0.652,
MWI,1999,0.652,
MWI,2000,0.636,
MWI,2001,0.636,
MWI,2002,0.636,
MWI,2003,0.636,
MWI,2004,0.636,
MWI,2005,0.627,
MWI,2006,0.623,
MWI,2007,0.623,
MWI,2008,0.623,
MWI,2009,0.624,
MWI,2010,0.654,
MWI,2011,0.654,
MWI,2012,0.654,
MWI,2013,0.635,
MWI,2014,0.631,
MWI,2015,0.631,
MWI,2016,0.648,
MWI,2017,0.611,
MWI,2018,0.648,
MWI,2019,0.681,
MWI,2020,0.654,
MWI,2021,0.647,
MWI,2022,0.696,
MWI,2023,0.655,Africa
MWI,2024,0.721,
MYS,1900,0.262,
MYS,1901,0.262,
MYS,1902,0.262,
MYS,1903,0.262,
MYS,1904,0.262,
MYS,1905,0.262,
MYS,1906,0.262,
MYS,1907,0.262,
MYS,1908,0.262,
MYS,1909,0.262,
MYS,1910,0.262,
MYS,1911,0.262,
MYS,1912,0.262,
MYS,1913,0.262,
MYS,1914,0.262,
MYS,1915,0.262,
MYS,1916,0.262,
MYS,1917,0.262,
MYS,1918,0.262,
MYS,1919,0.262,
MYS,1920,0.262,
MYS,1921,0.262,
MYS,1922,0.262,
MYS,1923,0.262,
MYS,1924,0.262,
MYS,1925,0.262,
MYS,1926,0.262,
MYS,1927,0.262,
MYS,1928,0.262,
MYS,1929,0.262,
MYS,1930,0.262,
MYS,1931,0.262,
MYS,1932,0.262,
MYS,1933,0.262,
MYS,1934,0.262,
MYS,1935,0.262,
MYS,1936,0.262,
MYS,1937,0.262,
MYS,1938,0.262,
MYS,1939,0.262,
MYS,1940,0.314,
MYS,1941,0.314,
MYS,1942,0.472,
MYS,1943,0.472,
MYS,1944,0.472,
MYS,1945,0.463,
MYS,1946,0.266,
MYS,1947,0.24,
MYS,1948,0.24,
MYS,1949,0.295,
MYS,1950,0.295,
MYS,1951,0.295,
MYS,1952,0.295,
MYS,1953,0.295,
MYS,1954,0.278,
MYS,1955,0.258,
MYS,1956,0.242,
MYS,1957,0.217,
MYS,1958,0.247,
MYS,1959,0.247,
MYS,1960,0.247,
MYS,1961,0.247,
MYS,1962,0.247,
MYS,1963,0.247,
MYS,1964,0.247,
MYS,1965,0.247,
MYS,1966,0.247,
MYS,1967,0.247,
MYS,1968,0.247,
MYS,1969,0.247,
MYS,1970,0.266,
MYS,1971,0.266,
MYS,1972,0.338,
MYS,1973,0.338,
MYS,1974,0.338,
MYS,1975,0.338,
MYS,1976,0.338,
MYS,1977,0.338,
MYS,1978,0.338,
MYS,1979,0.338,
MYS,1980,0.338,
MYS,1981,0.385,
MYS,1982,0.461,
MYS,1983,0.467,
MYS,1984,0.467,
MYS,1985,0.467,
MYS,1986,0.467,
MYS,1987,0.467,
MYS,1988,0.528,
MYS,1989,0.528,
MYS,1990,0.528,
MYS,1991,0.551,
MYS,1992,0.551,
MYS,1993,0.551,
MYS,1994,0.551,
MYS,1995,0.556,
MYS,1996,0.556,
MYS,1997,0.556,
MYS,1998,0.556,
MYS,1999,0.556,
MYS,2000,0.569,
MYS,2001,0.569,
MYS,2002,0.594,
MYS,2003,0.598,
MYS,2004,0.598,
MYS,2005,0.593,
MYS,2006,0.593,
MYS,2007,0.593,
MYS,2008,0.593,
MYS,2009,0.6,
MYS,2010,0.602,
MYS,2011,0.597,
MYS,2012,0.597,
MYS,2013,0.575,
MYS,2014,0.575,
MYS,2015,0.575,
MYS,2016,0.575,
MYS,2017,0.506,
MYS,2018,0.268,
MYS,2019,0.29,
MYS,2020,0.415,
MYS,2021,0.415,
MYS,2022,0.365,
MYS,2023,0.324,Asia
MYS,2024,0.324,
MDV,1900,0.651,
MDV,1901,0.651,
MDV,1902,0.651,
MDV,1903,0.651,
MDV,1904,0.651,
MDV,1905,0.651,
MDV,1906,0.651,
MDV,1907,0.651,
MDV,1908,0.651,
MDV,1909,0.651,
MDV,1910,0.651,
MDV,1911,0.651,
MDV,1912,0.651,
MDV,1913,0.651,
MDV,1914,0.651,
MDV,1915,0.651,
MDV,1916,0.651,
MDV,1917,0.651,
MDV,1918,0.651,
MDV,1919,0.651,
MDV,1920,0.651,
MDV,1921,0.651,
MDV,1922,0.651,
MDV,1923,0.651,
MDV,1924,0.644,
MDV,1925,0.644,
MDV,1926,0.644,
MDV,1927,0.644,
MDV,1928,0.644,
MDV,1929,0.644,
MDV,1930,0.644,
MDV,1931,0.644,
MDV,1932,0.657,
MDV,1933,0.705,
MDV,1934,0.705,
MDV,1935,0.705,
MDV,1936,0.705,
MDV,1937,0.705,
MDV,1938,0.705,
MDV,1939,0.705,
MDV,1940,0.705,
MDV,1941,0.705,
MDV,1942,0.705,
MDV,1943,0.705,
MDV,1944,0.705,
MDV,1945,0.705,
MDV,1946,0.705,
MDV,1947,0.705,
MDV,1948,0.705,
MDV,1949,0.705,
MDV,1950,0.705,
MDV,1951,0.705,
MDV,1952,0.705,
MDV,1953,0.705,
MDV,1954,0.705,
MDV,1955,0.705,
MDV,1956,0.705,
MDV,1957,0.705,
MDV,1958,0.705,
MDV,1959,0.705,
MDV,1960,0.705,
MDV,1961,0.705,
MDV,1962,0.705,
MDV,1963,0.705,
MDV,1964,0.705,
MDV,1965,0.705,
MDV,1966,0.705,
MDV,1967,0.705,
MDV,1968,0.706,
MDV,1969,0.71,
MDV,1970,0.71,
MDV,1971,0.71,
MDV,1972,0.71,
MDV,1973,0.71,
MDV,1974,0.71,
MDV,1975,0.71,
MDV,1976,0.71,
MDV,1977,0.71,
MDV,1978,0.758,
MDV,1979,0.762,
MDV,1980,0.762,
MDV,1981,0.762,
MDV,1982,0.762,
MDV,1983,0.762,
MDV,1984,0.762,
MDV,1985,0.762,
MDV,1986,0.762,
MDV,1987,0.762,
MDV,1988,0.762,
MDV,1989,0.762,
MDV,1990,0.774,
MDV,1991,0.774,
MDV,1992,0.774,
MDV,1993,0.774,
MDV,1994,0.774,
MDV,1995,0.773,
MDV,1996,0.773,
MDV,1997,0.773,
MDV,1998,0.781,
MDV,1999,0.781,
MDV,2000,0.781,
MDV,2001,0.781,
MDV,2002,0.781,
MDV,2003,0.781,
MDV,2004,0.785,
MDV,2005,0.732,
MDV,2006,0.699,
MDV,2007,0.699,
MDV,2008,0.632,
MDV,2009,0.609,
MDV,2010,0.611,
MDV,2011,0.611,
MDV,2012,0.661,
MDV,2013,0.714,
MDV,2014,0.72,
MDV,2015,0.733,
MDV,2016,0.713,
MDV,2017,0.705,
MDV,2018,0.703,
MDV,2019,0.499,
MDV,2020,0.478,
MDV,2021,0.47,
MDV,2022,0.47,
MDV,2023,0.47,Asia
MDV,2024,0.418,
MLI,1900,0.109,
MLI,1901,0.109,
MLI,1902,0.109,
MLI,1903,0.109,
MLI,1904,0.109,
MLI,1905,0.109,
MLI,1906,0.109,
MLI,1907,0.109,
MLI,1908,0.109,
MLI,1909,0.109,
MLI,1910,0.109,
MLI,1911,0.109,
MLI,1912,0.109,
MLI,1913,0.109,
MLI,1914,0.109,
MLI,1915,0.109,
MLI,1916,0.109,
MLI,1917,0.109,
MLI,1918,0.109,
MLI,1919,0.109,
MLI,1920,0.109,
MLI,1921,0.109,
MLI,1922,0.109,
MLI,1923,0.109,
MLI,1924,0.109,
MLI,1925,0.109,
MLI,1926,0.109,
MLI,1927,0.109,
MLI,1928,0.109,
MLI,1929,0.109,
MLI,1930,0.109,
MLI,1931,0.109,
MLI,1932,0.109,
MLI,1933,0.109,
MLI,1934,0.109,
MLI,1935,0.109,
MLI,1936,0.109,
MLI,1937,0.109,
MLI,1938,0.109,
MLI,1939,0.109,
MLI,1940,0.109,
MLI,1941,0.109,
MLI,1942,0.109,
MLI,1943,0.109,
MLI,1944,0.109,
MLI,1945,0.109,
MLI,1946,0.109,
MLI,1947,0.138,
MLI,1948,0.138,
MLI,1949,0.138,
MLI,1950,0.138,
MLI,1951,0.138,
MLI,1952,0.138,
MLI,1953,0.138,
MLI,1954,0.138,
MLI,1955,0.138,
MLI,1956,0.138,
MLI,1957,0.138,
MLI,1958,0.138,
MLI,1959,0.172,
MLI,1960,0.409,
MLI,1961,0.409,
MLI,1962,0.409,
MLI,1963,0.409,
MLI,1964,0.409,
MLI,1965,0.409,
MLI,1966,0.409,
MLI,1967,0.409,
MLI,1968,0.443,
MLI,1969,0.797,
MLI,1970,0.797,
MLI,1971,0.797,
MLI,1972,0.797,
MLI,1973,0.797,
MLI,1974,0.797,
MLI,1975,0.797,
MLI,1976,0.797,
MLI,1977,0.797,
MLI,1978,0.797,
MLI,1979,0.778,
MLI,1980,0.761,
MLI,1981,0.761,
MLI,1982,0.761,
MLI,1983,0.761,
MLI,1984,0.761,
MLI,1985,0.761,
MLI,1986,0.761,
MLI,1987,0.761,
MLI,1988,0.761,
MLI,1989,0.761,
MLI,1990,0.755,
MLI,1991,0.703,
MLI,1992,0.778,
MLI,1993,0.817,
MLI,1994,0.817,
MLI,1995,0.817,
MLI,1996,0.817,
MLI,1997,0.85,
MLI,1998,0.85,
MLI,1999,0.85,
MLI,2000,0.85,
MLI,2001,0.85,
MLI,2002,0.852,
MLI,2003,0.851,
MLI,2004,0.851,
MLI,2005,0.851,
MLI,2006,0.851,
MLI,2007,0.854,
MLI,2008,0.854,
MLI,2009,0.854,
MLI,2010,0.865,
MLI,2011,0.865,
MLI,2012,0.846,
MLI,2013,0.802,
MLI,2014,0.802,
MLI,2015,0.794,
MLI,2016,0.794,
MLI,2017,0.82,
MLI,2018,0.822,
MLI,2019,0.802,
MLI,2020,0.809,
MLI,2021,0.828,
MLI,2022,0.828,
MLI,2023,0.858,Africa
MLI,2024,0.75,
MLT,1900,0.266,
MLT,1901,0.266,
MLT,1902,0.266,
MLT,1903,0.266,
MLT,1904,0.266,
MLT,1905,0.266,
MLT,1906,0.266,
MLT,1907,0.266,
MLT,1908,0.266,
MLT,1909,0.266,
MLT,1910,0.266,
MLT,1911,0.266,
MLT,1912,0.266,
MLT,1913,0.266,
MLT,1914,0.266,
MLT,1915,0.266,
MLT,1916,0.266,
MLT,1917,0.266,
MLT,1918,0.266,
MLT,1919,0.266,
MLT,1920,0.266,
MLT,1921,0.266,
MLT,1922,0.207,
MLT,1923,0.207,
MLT,1924,0.207,
MLT,1925,0.207,
MLT,1926,0.207,
MLT,1927,0.207,
MLT,1928,0.207,
MLT,1929,0.207,
MLT,1930,0.207,
MLT,1931,0.266,
MLT,1932,0.266,
MLT,1933,0.206,
MLT,1934,0.266,
MLT,1935,0.266,
MLT,1936,0.266,
MLT,1937,0.266,
MLT,1938,0.266,
MLT,1939,0.266,
MLT,1940,0.266,
MLT,1941,0.266,
MLT,1942,0.266,
MLT,1943,0.266,
MLT,1944,0.266,
MLT,1945,0.266,
MLT,1946,0.266,
MLT,1947,0.266,
MLT,1948,0.207,
MLT,1949,0.207,
MLT,1950,0.207,
MLT,1951,0.207,
MLT,1952,0.207,
MLT,1953,0.207,
MLT,1954,0.207,
MLT,1955,0.207,
MLT,1956,0.207,
MLT,1957,0.207,
MLT,1958,0.207,
MLT,1959,0.266,
MLT,1960,0.266,
MLT,1961,0.266,
MLT,1962,0.266,
MLT,1963,0.232,
MLT,1964,0.197,
MLT,1965,0.253,
MLT,1966,0.253,
MLT,1967,0.253,
MLT,1968,0.253,
MLT,1969,0.253,
MLT,1970,0.253,
MLT,1971,0.253,
MLT,1972,0.253,
MLT,1973,0.253,
MLT,1974,0.253,
MLT,1975,0.253,
MLT,1976,0.253,
MLT,1977,0.253,
MLT,1978,0.253,
MLT,1979,0.253,
MLT,1980,0.253,
MLT,1981,0.253,
MLT,1982,0.253,
MLT,1983,0.253,
MLT,1984,0.253,
MLT,1985,0.253,
MLT,1986,0.253,
MLT,1987,0.253,
MLT,1988,0.175,
MLT,1989,0.175,
MLT,1990,0.175,
MLT,1991,0.175,
MLT,1992,0.175,
MLT,1993,0.175,
MLT,1994,0.175,
MLT,1995,0.175,
MLT,1996,0.175,
MLT,1997,0.175,
MLT,1998,0.175,
MLT,1999,0.175,
MLT,2000,0.175,
MLT,2001,0.175,
MLT,2002,0.175,
MLT,2003,0.175,
MLT,2004,0.175,
MLT,2005,0.175,
MLT,2006,0.175,
MLT,2007,0.193,
MLT,2008,0.193,
MLT,2009,0.172,
MLT,2010,0.172,
MLT,2011,0.172,
MLT,2012,0.172,
MLT,2013,0.226,
MLT,2014,0.226,
MLT,2015,0.226,
MLT,2016,0.272,
MLT,2017,0.272,
MLT,2018,0.272,
MLT,2019,0.283,
MLT,2020,0.194,
MLT,2021,0.194,
MLT,2022,0.194,
MLT,2023,0.194,Europe
MLT,2024,0.194,
MHL,2023,,Oceania
MTQ,2023,,North America
MRT,1904,0.401,
MRT,1905,0.401,
MRT,1906,0.401,
MRT,1907,0.401,
MRT,1908,0.401,
MRT,1909,0.401,
MRT,1910,0.401,
MRT,1911,0.401,
MRT,1912,0.401,
MRT,1913,0.401,
MRT,1914,0.401,
MRT,1915,0.401,
MRT,1916,0.401,
MRT,1917,0.401,
MRT,1918,0.401,
MRT,1919,0.401,
MRT,1920,0.401,
MRT,1921,0.401,
MRT,1922,0.401,
MRT,1923,0.401,
MRT,1924,0.401,
MRT,1925,0.401,
MRT,1926,0.401,
MRT,1927,0.401,
MRT,1928,0.401,
MRT,1929,0.401,
MRT,1930,0.401,
MRT,1931,0.401,
MRT,1932,0.401,
MRT,1933,0.401,
MRT,1934,0.401,
MRT,1935,0.401,
MRT,1936,0.401,
MRT,1937,0.401,
MRT,1938,0.401,
MRT,1939,0.401,
MRT,1940,0.401,
MRT,1941,0.401,
MRT,1942,0.401,
MRT,1943,0.401,
MRT,1944,0.401,
MRT,1945,0.401,
MRT,1946,0.401,
MRT,1947,0.407,
MRT,1948,0.407,
MRT,1949,0.407,
MRT,1950,0.422,
MRT,1951,0.422,
MRT,1952,0.422,
MRT,1953,0.422,
MRT,1954,0.422,
MRT,1955,0.422,
MRT,1956,0.422,
MRT,1957,0.422,
MRT,1958,0.438,
MRT,1959,0.438,
MRT,1960,0.483,
MRT,1961,0.585,
MRT,1962,0.585,
MRT,1963,0.585,
MRT,1964,0.585,
MRT,1965,0.585,
MRT,1966,0.585,
MRT,1967,0.585,
MRT,1968,0.585,
MRT,1969,0.585,
MRT,1970,0.585,
MRT,1971,0.585,
MRT,1972,0.585,
MRT,1973,0.585,
MRT,1974,0.585,
MRT,1975,0.585,
MRT,1976,0.585,
MRT,1977,0.585,
MRT,1978,0.734,
MRT,1979,0.705,
MRT,1980,0.705,
MRT,1981,0.705,
MRT,1982,0.705,
MRT,1983,0.705,
MRT,1984,0.705,
MRT,1985,0.852,
MRT,1986,0.852,
MRT,1987,0.852,
MRT,1988,0.852,
MRT,1989,0.852,
MRT,1990,0.852,
MRT,1991,0.852,
MRT,1992,0.854,
MRT,1993,0.854,
MRT,1994,0.854,
MRT,1995,0.854,
MRT,1996,0.854,
MRT,1997,0.854,
MRT,1998,0.854,
MRT,1999,0.854,
MRT,2000,0.854,
MRT,2001,0.854,
MRT,2002,0.854,
MRT,2003,0.854,
MRT,2004,0.854,
MRT,2005,0.868,
MRT,2006,0.81,
MRT,2007,0.826,
MRT,2008,0.838,
MRT,2009,0.841,
MRT,2010,0.841,
MRT,2011,0.841,
MRT,2012,0.841,
MRT,2013,0.856,
MRT,2014,0.856,
MRT,2015,0.856,
MRT,2016,0.856,
MRT,2017,0.868,
MRT,2018,0.883,
MRT,2019,0.786,
MRT,2020,0.841,
MRT,2021,0.862,
MRT,2022,0.833,
MRT,2023,0.851,Africa
MRT,2024,0.849,
MUS,1900,0.138,
MUS,1901,0.138,
MUS,1902,0.138,
MUS,1903,0.138,
MUS,1904,0.138,
MUS,1905,0.138,
MUS,1906,0.138,
MUS,1907,0.138,
MUS,1908,0.138,
MUS,1909,0.138,
MUS,1910,0.138,
MUS,1911,0.138,
MUS,1912,0.138,
MUS,1913,0.138,
MUS,1914,0.138,
MUS,1915,0.138,
MUS,1916,0.138,
MUS,1917,0.138,
MUS,1918,0.138,
MUS,1919,0.138,
MUS,1920,0.138,
MUS,1921,0.138,
MUS,1922,0.138,
MUS,1923,0.138,
MUS,1924,0.138,
MUS,1925,0.138,
MUS,1926,0.138,
MUS,1927,0.138,
MUS,1928,0.138,
MUS,1929,0.138,
MUS,1930,0.138,
MUS,1931,0.138,
MUS,1932,0.138,
MUS,1933,0.138,
MUS,1934,0.138,
MUS,1935,0.138,
MUS,1936,0.138,
MUS,1937,0.138,
MUS,1938,0.138,
MUS,1939,0.138,
MUS,1940,0.138,
MUS,1941,0.138,
MUS,1942,0.138,
MUS,1943,0.138,
MUS,1944,0.138,
MUS,1945,0.138,
MUS,1946,0.138,
MUS,1947,0.138,
MUS,1948,0.138,
MUS,1949,0.287,
MUS,1950,0.287,
MUS,1951,0.287,
MUS,1952,0.287,
MUS,1953,0.287,
MUS,1954,0.287,
MUS,1955,0.287,
MUS,1956,0.287,
MUS,1957,0.287,
MUS,1958,0.287,
MUS,1959,0.287,
MUS,1960,0.304,
MUS,1961,0.304,
MUS,1962,0.304,
MUS,1963,0.304,
MUS,1964,0.304,
MUS,1965,0.304,
MUS,1966,0.304,
MUS,1967,0.304,
MUS,1968,0.482,
MUS,1969,0.491,
MUS,1970,0.543,
MUS,1971,0.543,
MUS,1972,0.543,
MUS,1973,0.543,
MUS,1974,0.543,
MUS,1975,0.543,
MUS,1976,0.543,
MUS,1977,0.543,
MUS,1978,0.543,
MUS,1979,0.543,
MUS,1980,0.543,
MUS,1981,0.543,
MUS,1982,0.543,
MUS,1983,0.543,
MUS,1984,0.543,
MUS,1985,0.543,
MUS,1986,0.543,
MUS,1987,0.543,
MUS,1988,0.543,
MUS,1989,0.543,
MUS,1990,0.466,
MUS,1991,0.466,
MUS,1992,0.466,
MUS,1993,0.466,
MUS,1994,0.466,
MUS,1995,0.466,
MUS,1996,0.466,
MUS,1997,0.466,
MUS,1998,0.466,
MUS,1999,0.466,
MUS,2000,0.466,
MUS,2001,0.466,
MUS,2002,0.466,
MUS,2003,0.466,
MUS,2004,0.466,
MUS,2005,0.466,
MUS,2006,0.466,
MUS,2007,0.466,
MUS,2008,0.466,
MUS,2009,0.466,
MUS,2010,0.422,
MUS,2011,0.422,
MUS,2012,0.422,
MUS,2013,0.439,
MUS,2014,0.439,
MUS,2015,0.457,
MUS,2016,0.457,
MUS,2017,0.49,
MUS,2018,0.498,
MUS,2019,0.489,
MUS,2020,0.49,
MUS,2021,0.49,
MUS,2022,0.489,
MUS,2023,0.497,Africa
MUS,2024,0.454,
MYT,2023,,Africa
OWID_MEC,1789,0.275,
OWID_MEC,1790,0.275,
OWID_MEC,1791,0.275,
OWID_MEC,1792,0.275,
OWID_MEC,1793,0.275,
OWID_MEC,1794,0.275,
OWID_MEC,1795,0.275,
OWID_MEC,1796,0.275,
OWID_MEC,1797,0.275,
OWID_MEC,1798,0.275,
OWID_MEC,1799,0.275,
OWID_MEC,1800,0.275,
OWID_MEC,1801,0.275,
OWID_MEC,1802,0.275,
OWID_MEC,1803,0.275,
OWID_MEC,1804,0.275,
OWID_MEC,1805,0.275,
OWID_MEC,1806,0.275,
OWID_MEC,1807,0.275,
OWID_MEC,1808,0.275,
OWID_MEC,1809,0.275,
OWID_MEC,1810,0.275,
OWID_MEC,1811,0.275,
OWID_MEC,1812,0.275,
OWID_MEC,1813,0.275,
OWID_MEC,1814,0.275,
OWID_MEC,1815,0.256,
OWID_MEC,1816,0.256,
OWID_MEC,1817,0.256,
OWID_MEC,1818,0.256,
OWID_MEC,1819,0.256,
OWID_MEC,1820,0.256,
OWID_MEC,1821,0.256,
OWID_MEC,1822,0.256,
OWID_MEC,1823,0.256,
OWID_MEC,1824,0.256,
OWID_MEC,1825,0.256,
OWID_MEC,1826,0.256,
OWID_MEC,1827,0.256,
OWID_MEC,1828,0.256,
OWID_MEC,1829,0.256,
OWID_MEC,1830,0.256,
OWID_MEC,1831,0.256,
OWID_MEC,1832,0.256,
OWID_MEC,1833,0.256,
OWID_MEC,1834,0.256,
OWID_MEC,1835,0.256,
OWID_MEC,1836,0.256,
OWID_MEC,1837,0.256,
OWID_MEC,1838,0.256,
OWID_MEC,1839,0.256,
OWID_MEC,1840,0.256,
OWID_MEC,1841,0.256,
OWID_MEC,1842,0.256,
OWID_MEC,1843,0.256,
OWID_MEC,1844,0.256,
OWID_MEC,1845,0.256,
OWID_MEC,1846,0.256,
OWID_MEC,1847,0.256,
OWID_MEC,1848,0.256,
OWID_MEC,1849,0.256,
OWID_MEC,1850,0.256,
OWID_MEC,1851,0.256,
OWID_MEC,1852,0.256,
OWID_MEC,1853,0.256,
OWID_MEC,1854,0.256,
OWID_MEC,1855,0.256,
OWID_MEC,1856,0.256,
OWID_MEC,1857,0.256,
OWID_MEC,1858,0.256,
OWID_MEC,1859,0.256,
OWID_MEC,1860,0.256,
OWID_MEC,1861,0.256,
OWID_MEC,1862,0.256,
OWID_MEC,1863,0.256,
OWID_MEC,1864,0.256,
OWID_MEC,1865,0.256,
OWID_MEC,1866,0.256,
OWID_MEC,1867,0.256,
MEX,1789,0.674,
MEX,1790,0.674,
MEX,1791,0.674,
MEX,1792,0.674,
MEX,1793,0.674,
MEX,1794,0.674,
MEX,1795,0.674,
MEX,1796,0.674,
MEX,1797,0.674,
MEX,1798,0.674,
MEX,1799,0.674,
MEX,1800,0.674,
MEX,1801,0.674,
MEX,1802,0.674,
MEX,1803,0.674,
MEX,1804,0.674,
MEX,1805,0.674,
MEX,1806,0.674,
MEX,1807,0.674,
MEX,1808,0.674,
MEX,1809,0.674,
MEX,1810,0.674,
MEX,1811,0.674,
MEX,1812,0.674,
MEX,1813,0.674,
MEX,1814,0.674,
MEX,1815,0.674,
MEX,1816,0.674,
MEX,1817,0.674,
MEX,1818,0.674,
MEX,1819,0.674,
MEX,1820,0.674,
MEX,1821,0.688,
MEX,1822,0.524,
MEX,1823,0.524,
MEX,1824,0.609,
MEX,1825,0.609,
MEX,1826,0.609,
MEX,1827,0.609,
MEX,1828,0.609,
MEX,1829,0.609,
MEX,1830,0.609,
MEX,1831,0.609,
MEX,1832,0.609,
MEX,1833,0.609,
MEX,1834,0.609,
MEX,1835,0.609,
MEX,1836,0.609,
MEX,1837,0.609,
MEX,1838,0.609,
MEX,1839,0.609,
MEX,1840,0.609,
MEX,1841,0.609,
MEX,1842,0.609,
MEX,1843,0.609,
MEX,1844,0.609,
MEX,1845,0.609,
MEX,1846,0.609,
MEX,1847,0.609,
MEX,1848,0.609,
MEX,1849,0.609,
MEX,1850,0.735,
MEX,1851,0.735,
MEX,1852,0.735,
MEX,1853,0.735,
MEX,1854,0.608,
MEX,1855,0.608,
MEX,1856,0.608,
MEX,1857,0.65,
MEX,1858,0.65,
MEX,1859,0.65,
MEX,1860,0.65,
MEX,1861,0.65,
MEX,1862,0.65,
MEX,1863,0.65,
MEX,1864,0.65,
MEX,1865,0.585,
MEX,1866,0.585,
MEX,1867,0.652,
MEX,1868,0.652,
MEX,1869,0.652,
MEX,1870,0.655,
MEX,1871,0.655,
MEX,1872,0.655,
MEX,1873,0.655,
MEX,1874,0.655,
MEX,1875,0.655,
MEX,1876,0.722,
MEX,1877,0.854,
MEX,1878,0.854,
MEX,1879,0.854,
MEX,1880,0.854,
MEX,1881,0.854,
MEX,1882,0.854,
MEX,1883,0.854,
MEX,1884,0.854,
MEX,1885,0.854,
MEX,1886,0.854,
MEX,1887,0.854,
MEX,1888,0.854,
MEX,1889,0.854,
MEX,1890,0.854,
MEX,1891,0.854,
MEX,1892,0.854,
MEX,1893,0.854,
MEX,1894,0.854,
MEX,1895,0.854,
MEX,1896,0.854,
MEX,1897,0.854,
MEX,1898,0.854,
MEX,1899,0.854,
MEX,1900,0.854,
MEX,1901,0.854,
MEX,1902,0.854,
MEX,1903,0.854,
MEX,1904,0.854,
MEX,1905,0.854,
MEX,1906,0.854,
MEX,1907,0.854,
MEX,1908,0.854,
MEX,1909,0.854,
MEX,1910,0.854,
MEX,1911,0.815,
MEX,1912,0.812,
MEX,1913,0.77,
MEX,1914,0.77,
MEX,1915,0.77,
MEX,1916,0.77,
MEX,1917,0.78,
MEX,1918,0.785,
MEX,1919,0.785,
MEX,1920,0.785,
MEX,1921,0.785,
MEX,1922,0.785,
MEX,1923,0.785,
MEX,1924,0.785,
MEX,1925,0.785,
MEX,1926,0.785,
MEX,1927,0.785,
MEX,1928,0.785,
MEX,1929,0.819,
MEX,1930,0.819,
MEX,1931,0.819,
MEX,1932,0.819,
MEX,1933,0.819,
MEX,1934,0.819,
MEX,1935,0.819,
MEX,1936,0.819,
MEX,1937,0.819,
MEX,1938,0.819,
MEX,1939,0.819,
MEX,1940,0.819,
MEX,1941,0.819,
MEX,1942,0.819,
MEX,1943,0.819,
MEX,1944,0.819,
MEX,1945,0.819,
MEX,1946,0.819,
MEX,1947,0.819,
MEX,1948,0.819,
MEX,1949,0.819,
MEX,1950,0.819,
MEX,1951,0.819,
MEX,1952,0.819,
MEX,1953,0.819,
MEX,1954,0.819,
MEX,1955,0.819,
MEX,1956,0.819,
MEX,1957,0.819,
MEX,1958,0.819,
MEX,1959,0.819,
MEX,1960,0.819,
MEX,1961,0.819,
MEX,1962,0.819,
MEX,1963,0.819,
MEX,1964,0.819,
MEX,1965,0.819,
MEX,1966,0.819,
MEX,1967,0.819,
MEX,1968,0.819,
MEX,1969,0.819,
MEX,1970,0.819,
MEX,1971,0.819,
MEX,1972,0.819,
MEX,1973,0.819,
MEX,1974,0.819,
MEX,1975,0.819,
MEX,1976,0.819,
MEX,1977,0.819,
MEX,1978,0.819,
MEX,1979,0.819,
MEX,1980,0.819,
MEX,1981,0.819,
MEX,1982,0.777,
MEX,1983,0.77,
MEX,1984,0.77,
MEX,1985,0.77,
MEX,1986,0.77,
MEX,1987,0.77,
MEX,1988,0.77,
MEX,1989,0.766,
MEX,1990,0.766,
MEX,1991,0.766,
MEX,1992,0.766,
MEX,1993,0.766,
MEX,1994,0.676,
MEX,1995,0.658,
MEX,1996,0.658,
MEX,1997,0.639,
MEX,1998,0.637,
MEX,1999,0.637,
MEX,2000,0.55,
MEX,2001,0.548,
MEX,2002,0.573,
MEX,2003,0.608,
MEX,2004,0.608,
MEX,2005,0.608,
MEX,2006,0.607,
MEX,2007,0.607,
MEX,2008,0.607,
MEX,2009,0.607,
MEX,2010,0.632,
MEX,2011,0.632,
MEX,2012,0.661,
MEX,2013,0.759,
MEX,2014,0.759,
MEX,2015,0.726,
MEX,2016,0.726,
MEX,2017,0.686,
MEX,2018,0.655,
MEX,2019,0.611,
MEX,2020,0.598,
MEX,2021,0.51,
MEX,2022,0.549,
MEX,2023,0.533,North America
MEX,2024,0.564,
FSM,2023,,Oceania
OWID_MOD,1789,0.153,
OWID_MOD,1790,0.153,
OWID_MOD,1791,0.153,
OWID_MOD,1792,0.153,
OWID_MOD,1793,0.153,
OWID_MOD,1794,0.153,
OWID_MOD,1795,0.153,
OWID_MOD,1796,0.222,
OWID_MOD,1797,0.222,
OWID_MOD,1814,0.153,
OWID_MOD,1815,0.153,
OWID_MOD,1816,0.153,
OWID_MOD,1817,0.153,
OWID_MOD,1818,0.153,
OWID_MOD,1819,0.153,
OWID_MOD,1820,0.153,
OWID_MOD,1821,0.153,
OWID_MOD,1822,0.153,
OWID_MOD,1823,0.153,
OWID_MOD,1824,0.153,
OWID_MOD,1825,0.153,
OWID_MOD,1826,0.153,
OWID_MOD,1827,0.153,
OWID_MOD,1828,0.153,
OWID_MOD,1829,0.153,
OWID_MOD,1830,0.153,
OWID_MOD,1831,0.153,
OWID_MOD,1832,0.153,
OWID_MOD,1833,0.153,
OWID_MOD,1834,0.153,
OWID_MOD,1835,0.153,
OWID_MOD,1836,0.153,
OWID_MOD,1837,0.153,
OWID_MOD,1838,0.153,
OWID_MOD,1839,0.153,
OWID_MOD,1840,0.153,
OWID_MOD,1841,0.153,
OWID_MOD,1842,0.153,
OWID_MOD,1843,0.153,
OWID_MOD,1844,0.153,
OWID_MOD,1845,0.153,
OWID_MOD,1846,0.153,
OWID_MOD,1847,0.153,
OWID_MOD,1848,0.153,
OWID_MOD,1849,0.153,
OWID_MOD,1850,0.153,
OWID_MOD,1851,0.153,
OWID_MOD,1852,0.153,
OWID_MOD,1853,0.153,
OWID_MOD,1854,0.153,
OWID_MOD,1855,0.153,
OWID_MOD,1856,0.153,
OWID_MOD,1857,0.153,
OWID_MOD,1858,0.153,
OWID_MOD,1859,0.153,
MDA,1990,0.643,
MDA,1991,0.643,
MDA,1992,0.676,
MDA,1993,0.676,
MDA,1994,0.755,
MDA,1995,0.755,
MDA,1996,0.755,
MDA,1997,0.755,
MDA,1998,0.745,
MDA,1999,0.713,
MDA,2000,0.713,
MDA,2001,0.78,
MDA,2002,0.826,
MDA,2003,0.826,
MDA,2004,0.826,
MDA,2005,0.812,
MDA,2006,0.809,
MDA,2007,0.809,
MDA,2008,0.809,
MDA,2009,0.771,
MDA,2010,0.689,
MDA,2011,0.689,
MDA,2012,0.676,
MDA,2013,0.723,
MDA,2014,0.723,
MDA,2015,0.8,
MDA,2016,0.797,
MDA,2017,0.775,
MDA,2018,0.787,
MDA,2019,0.69,
MDA,2020,0.545,
MDA,2021,0.413,
MDA,2022,0.218,
MDA,2023,0.232,Europe
MDA,2024,0.329,
MCO,2023,,Europe
MNG,1911,0.626,
MNG,1912,0.626,
MNG,1913,0.626,
MNG,1914,0.626,
MNG,1915,0.626,
MNG,1916,0.626,
MNG,1917,0.626,
MNG,1918,0.626,
MNG,1919,0.626,
MNG,1920,0.626,
MNG,1921,0.4,
MNG,1922,0.4,
MNG,1923,0.4,
MNG,1924,0.36,
MNG,1925,0.263,
MNG,1926,0.226,
MNG,1927,0.226,
MNG,1928,0.226,
MNG,1929,0.226,
MNG,1930,0.226,
MNG,1931,0.226,
MNG,1932,0.226,
MNG,1933,0.226,
MNG,1934,0.226,
MNG,1935,0.226,
MNG,1936,0.226,
MNG,1937,0.226,
MNG,1938,0.226,
MNG,1939,0.226,
MNG,1940,0.217,
MNG,1941,0.217,
MNG,1942,0.217,
MNG,1943,0.217,
MNG,1944,0.217,
MNG,1945,0.217,
MNG,1946,0.217,
MNG,1947,0.217,
MNG,1948,0.217,
MNG,1949,0.217,
MNG,1950,0.171,
MNG,1951,0.171,
MNG,1952,0.171,
MNG,1953,0.171,
MNG,1954,0.171,
MNG,1955,0.171,
MNG,1956,0.171,
MNG,1957,0.171,
MNG,1958,0.171,
MNG,1959,0.171,
MNG,1960,0.184,
MNG,1961,0.184,
MNG,1962,0.184,
MNG,1963,0.184,
MNG,1964,0.184,
MNG,1965,0.184,
MNG,1966,0.184,
MNG,1967,0.184,
MNG,1968,0.184,
MNG,1969,0.184,
MNG,1970,0.184,
MNG,1971,0.184,
MNG,1972,0.184,
MNG,1973,0.184,
MNG,1974,0.184,
MNG,1975,0.184,
MNG,1976,0.184,
MNG,1977,0.184,
MNG,1978,0.184,
MNG,1979,0.184,
MNG,1980,0.184,
MNG,1981,0.184,
MNG,1982,0.184,
MNG,1983,0.184,
MNG,1984,0.184,
MNG,1985,0.184,
MNG,1986,0.184,
MNG,1987,0.184,
MNG,1988,0.184,
MNG,1989,0.187,
MNG,1990,0.286,
MNG,1991,0.263,
MNG,1992,0.279,
MNG,1993,0.291,
MNG,1994,0.291,
MNG,1995,0.291,
MNG,1996,0.366,
MNG,1997,0.366,
MNG,1998,0.366,
MNG,1999,0.366,
MNG,2000,0.575,
MNG,2001,0.575,
MNG,2002,0.623,
MNG,2003,0.623,
MNG,2004,0.637,
MNG,2005,0.661,
MNG,2006,0.66,
MNG,2007,0.66,
MNG,2008,0.663,
MNG,2009,0.66,
MNG,2010,0.658,
MNG,2011,0.652,
MNG,2012,0.66,
MNG,2013,0.636,
MNG,2014,0.638,
MNG,2015,0.653,
MNG,2016,0.653,
MNG,2017,0.679,
MNG,2018,0.694,
MNG,2019,0.711,
MNG,2020,0.692,
MNG,2021,0.719,
MNG,2022,0.736,
MNG,2023,0.739,Asia
MNG,2024,0.719,
MNE,1789,0.427,
MNE,1790,0.427,
MNE,1791,0.427,
MNE,1792,0.427,
MNE,1793,0.427,
MNE,1794,0.427,
MNE,1795,0.427,
MNE,1796,0.427,
MNE,1797,0.427,
MNE,1798,0.427,
MNE,1799,0.427,
MNE,1800,0.427,
MNE,1801,0.427,
MNE,1802,0.427,
MNE,1803,0.427,
MNE,1804,0.427,
MNE,1805,0.427,
MNE,1806,0.427,
MNE,1807,0.427,
MNE,1808,0.427,
MNE,1809,0.427,
MNE,1810,0.427,
MNE,1811,0.427,
MNE,1812,0.427,
MNE,1813,0.427,
MNE,1814,0.427,
MNE,1815,0.427,
MNE,1816,0.427,
MNE,1817,0.427,
MNE,1818,0.427,
MNE,1819,0.427,
MNE,1820,0.427,
MNE,1821,0.427,
MNE,1822,0.427,
MNE,1823,0.427,
MNE,1824,0.427,
MNE,1825,0.427,
MNE,1826,0.427,
MNE,1827,0.427,
MNE,1828,0.427,
MNE,1829,0.427,
MNE,1830,0.427,
MNE,1831,0.427,
MNE,1832,0.427,
MNE,1833,0.427,
MNE,1834,0.427,
MNE,1835,0.427,
MNE,1836,0.427,
MNE,1837,0.427,
MNE,1838,0.427,
MNE,1839,0.427,
MNE,1840,0.427,
MNE,1841,0.427,
MNE,1842,0.427,
MNE,1843,0.427,
MNE,1844,0.427,
MNE,1845,0.427,
MNE,1846,0.427,
MNE,1847,0.427,
MNE,1848,0.427,
MNE,1849,0.427,
MNE,1850,0.427,
MNE,1851,0.427,
MNE,1852,0.427,
MNE,1853,0.427,
MNE,1854,0.427,
MNE,1855,0.427,
MNE,1856,0.427,
MNE,1857,0.427,
MNE,1858,0.427,
MNE,1859,0.427,
MNE,1860,0.427,
MNE,1861,0.427,
MNE,1862,0.427,
MNE,1863,0.427,
MNE,1864,0.427,
MNE,1865,0.427,
MNE,1866,0.427,
MNE,1867,0.427,
MNE,1868,0.427,
MNE,1869,0.427,
MNE,1870,0.427,
MNE,1871,0.427,
MNE,1872,0.427,
MNE,1873,0.427,
MNE,1874,0.427,
MNE,1875,0.427,
MNE,1876,0.427,
MNE,1877,0.427,
MNE,1878,0.427,
MNE,1879,0.427,
MNE,1880,0.427,
MNE,1881,0.427,
MNE,1882,0.427,
MNE,1883,0.427,
MNE,1884,0.427,
MNE,1885,0.427,
MNE,1886,0.427,
MNE,1887,0.427,
MNE,1888,0.427,
MNE,1889,0.427,
MNE,1890,0.427,
MNE,1891,0.427,
MNE,1892,0.427,
MNE,1893,0.427,
MNE,1894,0.427,
MNE,1895,0.427,
MNE,1896,0.427,
MNE,1897,0.427,
MNE,1898,0.427,
MNE,1899,0.427,
MNE,1900,0.427,
MNE,1901,0.427,
MNE,1902,0.427,
MNE,1903,0.427,
MNE,1904,0.427,
MNE,1905,0.427,
MNE,1906,0.427,
MNE,1907,0.387,
MNE,1908,0.387,
MNE,1909,0.387,
MNE,1910,0.387,
MNE,1911,0.387,
MNE,1912,0.387,
MNE,1913,0.387,
MNE,1914,0.379,
MNE,1915,0.379,
MNE,1916,0.343,
MNE,1917,0.34,
MNE,1998,0.506,
MNE,1999,0.556,
MNE,2000,0.556,
MNE,2001,0.556,
MNE,2002,0.556,
MNE,2003,0.556,
MNE,2004,0.556,
MNE,2005,0.556,
MNE,2006,0.556,
MNE,2007,0.55,
MNE,2008,0.55,
MNE,2009,0.55,
MNE,2010,0.55,
MNE,2011,0.524,
MNE,2012,0.524,
MNE,2013,0.536,
MNE,2014,0.536,
MNE,2015,0.536,
MNE,2016,0.536,
MNE,2017,0.536,
MNE,2018,0.549,
MNE,2019,0.559,
MNE,2020,0.514,
MNE,2021,0.502,
MNE,2022,0.511,
MNE,2023,0.499,Europe
MNE,2024,0.498,
MSR,2023,,North America
MAR,1789,0.795,
MAR,1790,0.795,
MAR,1791,0.795,
MAR,1792,0.795,
MAR,1793,0.795,
MAR,1794,0.795,
MAR,1795,0.795,
MAR,1796,0.795,
MAR,1797,0.795,
MAR,1798,0.795,
MAR,1799,0.795,
MAR,1800,0.795,
MAR,1801,0.795,
MAR,1802,0.795,
MAR,1803,0.795,
MAR,1804,0.795,
MAR,1805,0.795,
MAR,1806,0.795,
MAR,1807,0.795,
MAR,1808,0.795,
MAR,1809,0.795,
MAR,1810,0.795,
MAR,1811,0.795,
MAR,1812,0.795,
MAR,1813,0.795,
MAR,1814,0.795,
MAR,1815,0.795,
MAR,1816,0.795,
MAR,1817,0.795,
MAR,1818,0.795,
MAR,1819,0.795,
MAR,1820,0.795,
MAR,1821,0.795,
MAR,1822,0.795,
MAR,1823,0.795,
MAR,1824,0.795,
MAR,1825,0.795,
MAR,1826,0.795,
MAR,1827,0.795,
MAR,1828,0.795,
MAR,1829,0.795,
MAR,1830,0.795,
MAR,1831,0.795,
MAR,1832,0.795,
MAR,1833,0.795,
MAR,1834,0.795,
MAR,1835,0.795,
MAR,1836,0.795,
MAR,1837,0.795,
MAR,1838,0.795,
MAR,1839,0.795,
MAR,1840,0.795,
MAR,1841,0.795,
MAR,1842,0.795,
MAR,1843,0.795,
MAR,1844,0.795,
MAR,1845,0.795,
MAR,1846,0.795,
MAR,1847,0.795,
MAR,1848,0.795,
MAR,1849,0.795,
MAR,1850,0.795,
MAR,1851,0.795,
MAR,1852,0.795,
MAR,1853,0.795,
MAR,1854,0.795,
MAR,1855,0.795,
MAR,1856,0.795,
MAR,1857,0.795,
MAR,1858,0.795,
MAR,1859,0.795,
MAR,1860,0.795,
MAR,1861,0.795,
MAR,1862,0.795,
MAR,1863,0.795,
MAR,1864,0.795,
MAR,1865,0.795,
MAR,1866,0.795,
MAR,1867,0.795,
MAR,1868,0.795,
MAR,1869,0.795,
MAR,1870,0.795,
MAR,1871,0.795,
MAR,1872,0.795,
MAR,1873,0.795,
MAR,1874,0.795,
MAR,1875,0.789,
MAR,1876,0.789,
MAR,1877,0.789,
MAR,1878,0.789,
MAR,1879,0.789,
MAR,1880,0.789,
MAR,1881,0.789,
MAR,1882,0.789,
MAR,1883,0.789,
MAR,1884,0.789,
MAR,1885,0.789,
MAR,1886,0.789,
MAR,1887,0.789,
MAR,1888,0.789,
MAR,1889,0.789,
MAR,1890,0.789,
MAR,1891,0.789,
MAR,1892,0.789,
MAR,1893,0.789,
MAR,1894,0.789,
MAR,1895,0.789,
MAR,1896,0.789,
MAR,1897,0.789,
MAR,1898,0.789,
MAR,1899,0.789,
MAR,1900,0.789,
MAR,1901,0.789,
MAR,1902,0.789,
MAR,1903,0.789,
MAR,1904,0.789,
MAR,1905,0.789,
MAR,1906,0.789,
MAR,1907,0.789,
MAR,1908,0.789,
MAR,1909,0.789,
MAR,1910,0.789,
MAR,1911,0.789,
MAR,1912,0.73,
MAR,1913,0.712,
MAR,1914,0.712,
MAR,1915,0.708,
MAR,1916,0.699,
MAR,1917,0.699,
MAR,1918,0.699,
MAR,1919,0.699,
MAR,1920,0.695,
MAR,1921,0.695,
MAR,1922,0.695,
MAR,1923,0.695,
MAR,1924,0.695,
MAR,1925,0.695,
MAR,1926,0.695,
MAR,1927,0.695,
MAR,1928,0.695,
MAR,1929,0.695,
MAR,1930,0.695,
MAR,1931,0.695,
MAR,1932,0.695,
MAR,1933,0.695,
MAR,1934,0.695,
MAR,1935,0.695,
MAR,1936,0.695,
MAR,1937,0.695,
MAR,1938,0.695,
MAR,1939,0.695,
MAR,1940,0.695,
MAR,1941,0.695,
MAR,1942,0.695,
MAR,1943,0.695,
MAR,1944,0.695,
MAR,1945,0.695,
MAR,1946,0.695,
MAR,1947,0.695,
MAR,1948,0.695,
MAR,1949,0.695,
MAR,1950,0.695,
MAR,1951,0.695,
MAR,1952,0.695,
MAR,1953,0.695,
MAR,1954,0.695,
MAR,1955,0.695,
MAR,1956,0.713,
MAR,1957,0.729,
MAR,1958,0.729,
MAR,1959,0.729,
MAR,1960,0.729,
MAR,1961,0.744,
MAR,1962,0.744,
MAR,1963,0.744,
MAR,1964,0.756,
MAR,1965,0.756,
MAR,1966,0.744,
MAR,1967,0.744,
MAR,1968,0.744,
MAR,1969,0.759,
MAR,1970,0.759,
MAR,1971,0.778,
MAR,1972,0.778,
MAR,1973,0.778,
MAR,1974,0.759,
MAR,1975,0.759,
MAR,1976,0.759,
MAR,1977,0.759,
MAR,1978,0.779,
MAR,1979,0.779,
MAR,1980,0.779,
MAR,1981,0.779,
MAR,1982,0.779,
MAR,1983,0.779,
MAR,1984,0.779,
MAR,1985,0.779,
MAR,1986,0.779,
MAR,1987,0.779,
MAR,1988,0.779,
MAR,1989,0.779,
MAR,1990,0.779,
MAR,1991,0.779,
MAR,1992,0.779,
MAR,1993,0.779,
MAR,1994,0.779,
MAR,1995,0.779,
MAR,1996,0.779,
MAR,1997,0.776,
MAR,1998,0.756,
MAR,1999,0.756,
MAR,2000,0.743,
MAR,2001,0.743,
MAR,2002,0.718,
MAR,2003,0.718,
MAR,2004,0.718,
MAR,2005,0.694,
MAR,2006,0.694,
MAR,2007,0.694,
MAR,2008,0.694,
MAR,2009,0.694,
MAR,2010,0.694,
MAR,2011,0.68,
MAR,2012,0.679,
MAR,2013,0.679,
MAR,2014,0.683,
MAR,2015,0.691,
MAR,2016,0.678,
MAR,2017,0.646,
MAR,2018,0.646,
MAR,2019,0.646,
MAR,2020,0.646,
MAR,2021,0.643,
MAR,2022,0.643,
MAR,2023,0.643,Africa
MAR,2024,0.639,
MOZ,1900,0.348,
MOZ,1901,0.348,
MOZ,1902,0.348,
MOZ,1903,0.348,
MOZ,1904,0.348,
MOZ,1905,0.348,
MOZ,1906,0.348,
MOZ,1907,0.348,
MOZ,1908,0.348,
MOZ,1909,0.348,
MOZ,1910,0.348,
MOZ,1911,0.348,
MOZ,1912,0.348,
MOZ,1913,0.348,
MOZ,1914,0.348,
MOZ,1915,0.348,
MOZ,1916,0.348,
MOZ,1917,0.348,
MOZ,1918,0.348,
MOZ,1919,0.348,
MOZ,1920,0.348,
MOZ,1921,0.348,
MOZ,1922,0.348,
MOZ,1923,0.348,
MOZ,1924,0.348,
MOZ,1925,0.348,
MOZ,1926,0.348,
MOZ,1927,0.348,
MOZ,1928,0.348,
MOZ,1929,0.348,
MOZ,1930,0.348,
MOZ,1931,0.348,
MOZ,1932,0.348,
MOZ,1933,0.348,
MOZ,1934,0.348,
MOZ,1935,0.348,
MOZ,1936,0.348,
MOZ,1937,0.348,
MOZ,1938,0.348,
MOZ,1939,0.348,
MOZ,1940,0.348,
MOZ,1941,0.348,
MOZ,1942,0.348,
MOZ,1943,0.348,
MOZ,1944,0.348,
MOZ,1945,0.348,
MOZ,1946,0.348,
MOZ,1947,0.348,
MOZ,1948,0.348,
MOZ,1949,0.348,
MOZ,1950,0.348,
MOZ,1951,0.348,
MOZ,1952,0.348,
MOZ,1953,0.348,
MOZ,1954,0.348,
MOZ,1955,0.348,
MOZ,1956,0.348,
MOZ,1957,0.348,
MOZ,1958,0.348,
MOZ,1959,0.348,
MOZ,1960,0.348,
MOZ,1961,0.348,
MOZ,1962,0.348,
MOZ,1963,0.348,
MOZ,1964,0.348,
MOZ,1965,0.348,
MOZ,1966,0.348,
MOZ,1967,0.348,
MOZ,1968,0.348,
MOZ,1969,0.348,
MOZ,1970,0.348,
MOZ,1971,0.348,
MOZ,1972,0.348,
MOZ,1973,0.348,
MOZ,1974,0.328,
MOZ,1975,0.19,
MOZ,1976,0.186,
MOZ,1977,0.18,
MOZ,1978,0.18,
MOZ,1979,0.18,
MOZ,1980,0.18,
MOZ,1981,0.18,
MOZ,1982,0.18,
MOZ,1983,0.18,
MOZ,1984,0.18,
MOZ,1985,0.18,
MOZ,1986,0.18,
MOZ,1987,0.218,
MOZ,1988,0.218,
MOZ,1989,0.218,
MOZ,1990,0.396,
MOZ,1991,0.404,
MOZ,1992,0.404,
MOZ,1993,0.404,
MOZ,1994,0.436,
MOZ,1995,0.505,
MOZ,1996,0.505,
MOZ,1997,0.505,
MOZ,1998,0.505,
MOZ,1999,0.505,
MOZ,2000,0.52,
MOZ,2001,0.52,
MOZ,2002,0.52,
MOZ,2003,0.52,
MOZ,2004,0.52,
MOZ,2005,0.52,
MOZ,2006,0.52,
MOZ,2007,0.52,
MOZ,2008,0.52,
MOZ,2009,0.52,
MOZ,2010,0.52,
MOZ,2011,0.52,
MOZ,2012,0.52,
MOZ,2013,0.504,
MOZ,2014,0.504,
MOZ,2015,0.499,
MOZ,2016,0.498,
MOZ,2017,0.521,
MOZ,2018,0.55,
MOZ,2019,0.545,
MOZ,2020,0.548,
MOZ,2021,0.572,
MOZ,2022,0.599,
MOZ,2023,0.641,Africa
MOZ,2024,0.729,
MMR,1789,0.768,
MMR,1790,0.768,
MMR,1791,0.768,
MMR,1792,0.768,
MMR,1793,0.768,
MMR,1794,0.768,
MMR,1795,0.768,
MMR,1796,0.768,
MMR,1797,0.768,
MMR,1798,0.768,
MMR,1799,0.768,
MMR,1800,0.768,
MMR,1801,0.768,
MMR,1802,0.768,
MMR,1803,0.768,
MMR,1804,0.768,
MMR,1805,0.768,
MMR,1806,0.768,
MMR,1807,0.768,
MMR,1808,0.768,
MMR,1809,0.768,
MMR,1810,0.768,
MMR,1811,0.768,
MMR,1812,0.768,
MMR,1813,0.768,
MMR,1814,0.768,
MMR,1815,0.768,
MMR,1816,0.768,
MMR,1817,0.768,
MMR,1818,0.768,
MMR,1819,0.768,
MMR,1820,0.768,
MMR,1821,0.768,
MMR,1822,0.768,
MMR,1823,0.768,
MMR,1824,0.768,
MMR,1825,0.768,
MMR,1826,0.768,
MMR,1827,0.768,
MMR,1828,0.768,
MMR,1829,0.768,
MMR,1830,0.768,
MMR,1831,0.768,
MMR,1832,0.768,
MMR,1833,0.768,
MMR,1834,0.768,
MMR,1835,0.768,
MMR,1836,0.768,
MMR,1837,0.768,
MMR,1838,0.768,
MMR,1839,0.768,
MMR,1840,0.768,
MMR,1841,0.768,
MMR,1842,0.768,
MMR,1843,0.768,
MMR,1844,0.768,
MMR,1845,0.768,
MMR,1846,0.768,
MMR,1847,0.768,
MMR,1848,0.768,
MMR,1849,0.768,
MMR,1850,0.768,
MMR,1851,0.768,
MMR,1852,0.768,
MMR,1853,0.768,
MMR,1854,0.768,
MMR,1855,0.768,
MMR,1856,0.768,
MMR,1857,0.768,
MMR,1858,0.768,
MMR,1859,0.768,
MMR,1860,0.768,
MMR,1861,0.768,
MMR,1862,0.768,
MMR,1863,0.768,
MMR,1864,0.768,
MMR,1865,0.768,
MMR,1866,0.657,
MMR,1867,0.657,
MMR,1868,0.657,
MMR,1869,0.657,
MMR,1870,0.657,
MMR,1871,0.657,
MMR,1872,0.657,
MMR,1873,0.657,
MMR,1874,0.657,
MMR,1875,0.657,
MMR,1876,0.657,
MMR,1877,0.657,
MMR,1878,0.657,
MMR,1879,0.657,
MMR,1880,0.657,
MMR,1881,0.657,
MMR,1882,0.657,
MMR,1883,0.657,
MMR,1884,0.657,
MMR,1885,0.698,
MMR,1886,0.353,
MMR,1887,0.353,
MMR,1888,0.353,
MMR,1889,0.353,
MMR,1890,0.353,
MMR,1891,0.353,
MMR,1892,0.353,
MMR,1893,0.353,
MMR,1894,0.353,
MMR,1895,0.353,
MMR,1896,0.353,
MMR,1897,0.353,
MMR,1898,0.353,
MMR,1899,0.353,
MMR,1900,0.353,
MMR,1901,0.353,
MMR,1902,0.353,
MMR,1903,0.353,
MMR,1904,0.353,
MMR,1905,0.353,
MMR,1906,0.353,
MMR,1907,0.353,
MMR,1908,0.353,
MMR,1909,0.353,
MMR,1910,0.353,
MMR,1911,0.353,
MMR,1912,0.353,
MMR,1913,0.353,
MMR,1914,0.353,
MMR,1915,0.353,
MMR,1916,0.353,
MMR,1917,0.353,
MMR,1918,0.353,
MMR,1919,0.353,
MMR,1920,0.353,
MMR,1921,0.353,
MMR,1922,0.353,
MMR,1923,0.321,
MMR,1924,0.321,
MMR,1925,0.321,
MMR,1926,0.321,
MMR,1927,0.321,
MMR,1928,0.321,
MMR,1929,0.321,
MMR,1930,0.321,
MMR,1931,0.321,
MMR,1932,0.321,
MMR,1933,0.321,
MMR,1934,0.321,
MMR,1935,0.33,
MMR,1936,0.33,
MMR,1937,0.33,
MMR,1938,0.33,
MMR,1939,0.33,
MMR,1940,0.33,
MMR,1941,0.33,
MMR,1942,0.365,
MMR,1943,0.365,
MMR,1944,0.365,
MMR,1945,0.356,
MMR,1946,0.356,
MMR,1947,0.352,
MMR,1948,0.414,
MMR,1949,0.414,
MMR,1950,0.414,
MMR,1951,0.414,
MMR,1952,0.414,
MMR,1953,0.409,
MMR,1954,0.409,
MMR,1955,0.409,
MMR,1956,0.409,
MMR,1957,0.409,
MMR,1958,0.425,
MMR,1959,0.425,
MMR,1960,0.425,
MMR,1961,0.425,
MMR,1962,0.633,
MMR,1963,0.812,
MMR,1964,0.812,
MMR,1965,0.812,
MMR,1966,0.812,
MMR,1967,0.812,
MMR,1968,0.812,
MMR,1969,0.812,
MMR,1970,0.812,
MMR,1971,0.812,
MMR,1972,0.812,
MMR,1973,0.812,
MMR,1974,0.812,
MMR,1975,0.814,
MMR,1976,0.814,
MMR,1977,0.814,
MMR,1978,0.814,
MMR,1979,0.814,
MMR,1980,0.814,
MMR,1981,0.814,
MMR,1982,0.814,
MMR,1983,0.814,
MMR,1984,0.814,
MMR,1985,0.814,
MMR,1986,0.814,
MMR,1987,0.814,
MMR,1988,0.882,
MMR,1989,0.887,
MMR,1990,0.887,
MMR,1991,0.887,
MMR,1992,0.887,
MMR,1993,0.887,
MMR,1994,0.887,
MMR,1995,0.887,
MMR,1996,0.887,
MMR,1997,0.887,
MMR,1998,0.887,
MMR,1999,0.887,
MMR,2000,0.887,
MMR,2001,0.887,
MMR,2002,0.887,
MMR,2003,0.887,
MMR,2004,0.887,
MMR,2005,0.887,
MMR,2006,0.887,
MMR,2007,0.887,
MMR,2008,0.887,
MMR,2009,0.887,
MMR,2010,0.862,
MMR,2011,0.751,
MMR,2012,0.72,
MMR,2013,0.605,
MMR,2014,0.605,
MMR,2015,0.569,
MMR,2016,0.433,
MMR,2017,0.432,
MMR,2018,0.348,
MMR,2019,0.384,
MMR,2020,0.383,
MMR,2021,0.64,
MMR,2022,0.772,
MMR,2023,0.803,Asia
MMR,2024,0.831,
NAM,1900,0.466,
NAM,1901,0.466,
NAM,1902,0.466,
NAM,1903,0.466,
NAM,1904,0.466,
NAM,1905,0.466,
NAM,1906,0.466,
NAM,1907,0.466,
NAM,1908,0.466,
NAM,1909,0.466,
NAM,1910,0.466,
NAM,1911,0.466,
NAM,1912,0.466,
NAM,1913,0.466,
NAM,1914,0.466,
NAM,1915,0.466,
NAM,1916,0.466,
NAM,1917,0.466,
NAM,1918,0.466,
NAM,1919,0.466,
NAM,1920,0.466,
NAM,1921,0.466,
NAM,1922,0.466,
NAM,1923,0.466,
NAM,1924,0.466,
NAM,1925,0.466,
NAM,1926,0.466,
NAM,1927,0.359,
NAM,1928,0.359,
NAM,1929,0.359,
NAM,1930,0.359,
NAM,1931,0.359,
NAM,1932,0.359,
NAM,1933,0.359,
NAM,1934,0.359,
NAM,1935,0.359,
NAM,1936,0.359,
NAM,1937,0.359,
NAM,1938,0.359,
NAM,1939,0.359,
NAM,1940,0.359,
NAM,1941,0.359,
NAM,1942,0.359,
NAM,1943,0.359,
NAM,1944,0.359,
NAM,1945,0.359,
NAM,1946,0.359,
NAM,1947,0.359,
NAM,1948,0.359,
NAM,1949,0.359,
NAM,1950,0.359,
NAM,1951,0.359,
NAM,1952,0.359,
NAM,1953,0.359,
NAM,1954,0.359,
NAM,1955,0.359,
NAM,1956,0.359,
NAM,1957,0.359,
NAM,1958,0.359,
NAM,1959,0.359,
NAM,1960,0.359,
NAM,1961,0.359,
NAM,1962,0.359,
NAM,1963,0.359,
NAM,1964,0.359,
NAM,1965,0.359,
NAM,1966,0.359,
NAM,1967,0.359,
NAM,1968,0.359,
NAM,1969,0.359,
NAM,1970,0.359,
NAM,1971,0.359,
NAM,1972,0.359,
NAM,1973,0.359,
NAM,1974,0.359,
NAM,1975,0.359,
NAM,1976,0.359,
NAM,1977,0.359,
NAM,1978,0.359,
NAM,1979,0.466,
NAM,1980,0.385,
NAM,1981,0.385,
NAM,1982,0.385,
NAM,1983,0.49,
NAM,1984,0.49,
NAM,1985,0.489,
NAM,1986,0.378,
NAM,1987,0.378,
NAM,1988,0.372,
NAM,1989,0.362,
NAM,1990,0.19,
NAM,1991,0.19,
NAM,1992,0.19,
NAM,1993,0.19,
NAM,1994,0.19,
NAM,1995,0.19,
NAM,1996,0.19,
NAM,1997,0.19,
NAM,1998,0.19,
NAM,1999,0.19,
NAM,2000,0.19,
NAM,2001,0.19,
NAM,2002,0.19,
NAM,2003,0.19,
NAM,2004,0.19,
NAM,2005,0.19,
NAM,2006,0.19,
NAM,2007,0.19,
NAM,2008,0.19,
NAM,2009,0.19,
NAM,2010,0.19,
NAM,2011,0.19,
NAM,2012,0.19,
NAM,2013,0.19,
NAM,2014,0.19,
NAM,2015,0.189,
NAM,2016,0.189,
NAM,2017,0.194,
NAM,2018,0.194,
NAM,2019,0.267,
NAM,2020,0.285,
NAM,2021,0.295,
NAM,2022,0.332,
NAM,2023,0.332,Africa
NAM,2024,0.279,
NRU,2023,,Oceania
NPL,1789,0.77,
NPL,1790,0.77,
NPL,1791,0.77,
NPL,1792,0.77,
NPL,1793,0.77,
NPL,1794,0.77,
NPL,1795,0.77,
NPL,1796,0.77,
NPL,1797,0.77,
NPL,1798,0.77,
NPL,1799,0.77,
NPL,1800,0.77,
NPL,1801,0.77,
NPL,1802,0.77,
NPL,1803,0.77,
NPL,1804,0.77,
NPL,1805,0.77,
NPL,1806,0.77,
NPL,1807,0.77,
NPL,1808,0.77,
NPL,1809,0.77,
NPL,1810,0.77,
NPL,1811,0.77,
NPL,1812,0.77,
NPL,1813,0.77,
NPL,1814,0.77,
NPL,1815,0.77,
NPL,1816,0.77,
NPL,1817,0.77,
NPL,1818,0.77,
NPL,1819,0.77,
NPL,1820,0.77,
NPL,1821,0.77,
NPL,1822,0.77,
NPL,1823,0.77,
NPL,1824,0.77,
NPL,1825,0.77,
NPL,1826,0.77,
NPL,1827,0.77,
NPL,1828,0.77,
NPL,1829,0.77,
NPL,1830,0.77,
NPL,1831,0.77,
NPL,1832,0.77,
NPL,1833,0.77,
NPL,1834,0.77,
NPL,1835,0.77,
NPL,1836,0.77,
NPL,1837,0.77,
NPL,1838,0.77,
NPL,1839,0.77,
NPL,1840,0.77,
NPL,1841,0.77,
NPL,1842,0.77,
NPL,1843,0.77,
NPL,1844,0.77,
NPL,1845,0.77,
NPL,1846,0.818,
NPL,1847,0.818,
NPL,1848,0.818,
NPL,1849,0.818,
NPL,1850,0.818,
NPL,1851,0.818,
NPL,1852,0.818,
NPL,1853,0.818,
NPL,1854,0.818,
NPL,1855,0.818,
NPL,1856,0.818,
NPL,1857,0.818,
NPL,1858,0.818,
NPL,1859,0.818,
NPL,1860,0.818,
NPL,1861,0.818,
NPL,1862,0.818,
NPL,1863,0.818,
NPL,1864,0.818,
NPL,1865,0.818,
NPL,1866,0.818,
NPL,1867,0.818,
NPL,1868,0.818,
NPL,1869,0.818,
NPL,1870,0.818,
NPL,1871,0.818,
NPL,1872,0.818,
NPL,1873,0.818,
NPL,1874,0.818,
NPL,1875,0.818,
NPL,1876,0.818,
NPL,1877,0.818,
NPL,1878,0.818,
NPL,1879,0.818,
NPL,1880,0.818,
NPL,1881,0.818,
NPL,1882,0.818,
NPL,1883,0.818,
NPL,1884,0.818,
NPL,1885,0.818,
NPL,1886,0.818,
NPL,1887,0.818,
NPL,1888,0.818,
NPL,1889,0.818,
NPL,1890,0.818,
NPL,1891,0.818,
NPL,1892,0.818,
NPL,1893,0.818,
NPL,1894,0.818,
NPL,1895,0.818,
NPL,1896,0.818,
NPL,1897,0.818,
NPL,1898,0.818,
NPL,1899,0.818,
NPL,1900,0.818,
NPL,1901,0.818,
NPL,1902,0.818,
NPL,1903,0.818,
NPL,1904,0.818,
NPL,1905,0.818,
NPL,1906,0.818,
NPL,1907,0.818,
NPL,1908,0.818,
NPL,1909,0.818,
NPL,1910,0.818,
NPL,1911,0.818,
NPL,1912,0.818,
NPL,1913,0.818,
NPL,1914,0.818,
NPL,1915,0.818,
NPL,1916,0.818,
NPL,1917,0.818,
NPL,1918,0.818,
NPL,1919,0.818,
NPL,1920,0.818,
NPL,1921,0.818,
NPL,1922,0.818,
NPL,1923,0.818,
NPL,1924,0.818,
NPL,1925,0.818,
NPL,1926,0.818,
NPL,1927,0.818,
NPL,1928,0.818,
NPL,1929,0.818,
NPL,1930,0.818,
NPL,1931,0.818,
NPL,1932,0.818,
NPL,1933,0.818,
NPL,1934,0.818,
NPL,1935,0.818,
NPL,1936,0.818,
NPL,1937,0.818,
NPL,1938,0.818,
NPL,1939,0.818,
NPL,1940,0.818,
NPL,1941,0.818,
NPL,1942,0.818,
NPL,1943,0.818,
NPL,1944,0.818,
NPL,1945,0.818,
NPL,1946,0.818,
NPL,1947,0.818,
NPL,1948,0.818,
NPL,1949,0.818,
NPL,1950,0.786,
NPL,1951,0.757,
NPL,1952,0.757,
NPL,1953,0.757,
NPL,1954,0.757,
NPL,1955,0.757,
NPL,1956,0.757,
NPL,1957,0.757,
NPL,1958,0.757,
NPL,1959,0.757,
NPL,1960,0.806,
NPL,1961,0.81,
NPL,1962,0.807,
NPL,1963,0.841,
NPL,1964,0.841,
NPL,1965,0.841,
NPL,1966,0.841,
NPL,1967,0.841,
NPL,1968,0.841,
NPL,1969,0.841,
NPL,1970,0.852,
NPL,1971,0.852,
NPL,1972,0.852,
NPL,1973,0.852,
NPL,1974,0.852,
NPL,1975,0.852,
NPL,1976,0.852,
NPL,1977,0.852,
NPL,1978,0.852,
NPL,1979,0.852,
NPL,1980,0.852,
NPL,1981,0.844,
NPL,1982,0.844,
NPL,1983,0.844,
NPL,1984,0.844,
NPL,1985,0.844,
NPL,1986,0.844,
NPL,1987,0.844,
NPL,1988,0.844,
NPL,1989,0.844,
NPL,1990,0.842,
NPL,1991,0.831,
NPL,1992,0.831,
NPL,1993,0.831,
NPL,1994,0.831,
NPL,1995,0.831,
NPL,1996,0.831,
NPL,1997,0.831,
NPL,1998,0.831,
NPL,1999,0.81,
NPL,2000,0.83,
NPL,2001,0.819,
NPL,2002,0.819,
NPL,2003,0.778,
NPL,2004,0.778,
NPL,2005,0.778,
NPL,2006,0.762,
NPL,2007,0.755,
NPL,2008,0.729,
NPL,2009,0.725,
NPL,2010,0.725,
NPL,2011,0.717,
NPL,2012,0.727,
NPL,2013,0.724,
NPL,2014,0.722,
NPL,2015,0.646,
NPL,2016,0.66,
NPL,2017,0.652,
NPL,2018,0.628,
NPL,2019,0.658,
NPL,2020,0.667,
NPL,2021,0.646,
NPL,2022,0.61,
NPL,2023,0.591,Asia
NPL,2024,0.618,
NLD,1789,0.31,
NLD,1790,0.31,
NLD,1791,0.31,
NLD,1792,0.31,
NLD,1793,0.31,
NLD,1794,0.31,
NLD,1795,0.639,
NLD,1796,0.639,
NLD,1797,0.639,
NLD,1798,0.639,
NLD,1799,0.639,
NLD,1800,0.639,
NLD,1801,0.639,
NLD,1802,0.639,
NLD,1803,0.639,
NLD,1804,0.639,
NLD,1805,0.639,
NLD,1806,0.639,
NLD,1807,0.639,
NLD,1808,0.639,
NLD,1809,0.639,
NLD,1810,0.639,
NLD,1813,0.598,
NLD,1814,0.598,
NLD,1815,0.108,
NLD,1816,0.108,
NLD,1817,0.108,
NLD,1818,0.108,
NLD,1819,0.108,
NLD,1820,0.108,
NLD,1821,0.108,
NLD,1822,0.108,
NLD,1823,0.108,
NLD,1824,0.108,
NLD,1825,0.108,
NLD,1826,0.108,
NLD,1827,0.108,
NLD,1828,0.108,
NLD,1829,0.108,
NLD,1830,0.108,
NLD,1831,0.108,
NLD,1832,0.108,
NLD,1833,0.108,
NLD,1834,0.108,
NLD,1835,0.108,
NLD,1836,0.108,
NLD,1837,0.108,
NLD,1838,0.108,
NLD,1839,0.108,
NLD,1840,0.108,
NLD,1841,0.108,
NLD,1842,0.108,
NLD,1843,0.108,
NLD,1844,0.108,
NLD,1845,0.108,
NLD,1846,0.108,
NLD,1847,0.108,
NLD,1848,0.048,
NLD,1849,0.027,
NLD,1850,0.027,
NLD,1851,0.027,
NLD,1852,0.027,
NLD,1853,0.027,
NLD,1854,0.027,
NLD,1855,0.027,
NLD,1856,0.027,
NLD,1857,0.027,
NLD,1858,0.027,
NLD,1859,0.027,
NLD,1860,0.027,
NLD,1861,0.027,
NLD,1862,0.027,
NLD,1863,0.027,
NLD,1864,0.027,
NLD,1865,0.027,
NLD,1866,0.027,
NLD,1867,0.027,
NLD,1868,0.027,
NLD,1869,0.027,
NLD,1870,0.027,
NLD,1871,0.027,
NLD,1872,0.027,
NLD,1873,0.027,
NLD,1874,0.027,
NLD,1875,0.027,
NLD,1876,0.027,
NLD,1877,0.027,
NLD,1878,0.027,
NLD,1879,0.027,
NLD,1880,0.027,
NLD,1881,0.027,
NLD,1882,0.027,
NLD,1883,0.027,
NLD,1884,0.027,
NLD,1885,0.027,
NLD,1886,0.027,
NLD,1887,0.027,
NLD,1888,0.027,
NLD,1889,0.027,
NLD,1890,0.027,
NLD,1891,0.027,
NLD,1892,0.027,
NLD,1893,0.027,
NLD,1894,0.027,
NLD,1895,0.027,
NLD,1896,0.027,
NLD,1897,0.027,
NLD,1898,0.027,
NLD,1899,0.027,
NLD,1900,0.027,
NLD,1901,0.027,
NLD,1902,0.027,
NLD,1903,0.027,
NLD,1904,0.027,
NLD,1905,0.027,
NLD,1906,0.027,
NLD,1907,0.027,
NLD,1908,0.027,
NLD,1909,0.027,
NLD,1910,0.027,
NLD,1911,0.027,
NLD,1912,0.027,
NLD,1913,0.027,
NLD,1914,0.027,
NLD,1915,0.027,
NLD,1916,0.027,
NLD,1917,0.027,
NLD,1918,0.027,
NLD,1919,0.027,
NLD,1920,0.027,
NLD,1921,0.027,
NLD,1922,0.027,
NLD,1923,0.027,
NLD,1924,0.027,
NLD,1925,0.027,
NLD,1926,0.027,
NLD,1927,0.027,
NLD,1928,0.027,
NLD,1929,0.027,
NLD,1930,0.027,
NLD,1931,0.027,
NLD,1932,0.027,
NLD,1933,0.027,
NLD,1934,0.027,
NLD,1935,0.027,
NLD,1936,0.027,
NLD,1937,0.027,
NLD,1938,0.027,
NLD,1939,0.027,
NLD,1940,0.026,
NLD,1941,0.033,
NLD,1942,0.033,
NLD,1943,0.033,
NLD,1944,0.033,
NLD,1945,0.019,
NLD,1946,0.017,
NLD,1947,0.017,
NLD,1948,0.017,
NLD,1949,0.017,
NLD,1950,0.017,
NLD,1951,0.017,
NLD,1952,0.017,
NLD,1953,0.017,
NLD,1954,0.017,
NLD,1955,0.017,
NLD,1956,0.017,
NLD,1957,0.017,
NLD,1958,0.017,
NLD,1959,0.021,
NLD,1960,0.017,
NLD,1961,0.017,
NLD,1962,0.017,
NLD,1963,0.017,
NLD,1964,0.017,
NLD,1965,0.017,
NLD,1966,0.017,
NLD,1967,0.017,
NLD,1968,0.017,
NLD,1969,0.017,
NLD,1970,0.017,
NLD,1971,0.017,
NLD,1972,0.017,
NLD,1973,0.021,
NLD,1974,0.017,
NLD,1975,0.017,
NLD,1976,0.017,
NLD,1977,0.017,
NLD,1978,0.017,
NLD,1979,0.017,
NLD,1980,0.019,
NLD,1981,0.019,
NLD,1982,0.019,
NLD,1983,0.019,
NLD,1984,0.019,
NLD,1985,0.019,
NLD,1986,0.019,
NLD,1987,0.019,
NLD,1988,0.019,
NLD,1989,0.019,
NLD,1990,0.019,
NLD,1991,0.019,
NLD,1992,0.019,
NLD,1993,0.019,
NLD,1994,0.019,
NLD,1995,0.019,
NLD,1996,0.019,
NLD,1997,0.019,
NLD,1998,0.019,
NLD,1999,0.019,
NLD,2000,0.019,
NLD,2001,0.019,
NLD,2002,0.022,
NLD,2003,0.016,
NLD,2004,0.016,
NLD,2005,0.016,
NLD,2006,0.016,
NLD,2007,0.016,
NLD,2008,0.016,
NLD,2009,0.016,
NLD,2010,0.016,
NLD,2011,0.016,
NLD,2012,0.016,
NLD,2013,0.023,
NLD,2014,0.023,
NLD,2015,0.019,
NLD,2016,0.019,
NLD,2017,0.019,
NLD,2018,0.018,
NLD,2019,0.018,
NLD,2020,0.021,
NLD,2021,0.021,
NLD,2022,0.021,
NLD,2023,0.021,Europe
NLD,2024,0.018,
ANT,2023,,North America
NCL,2023,,Oceania
NZL,1853,0.032,
NZL,1854,0.032,
NZL,1855,0.032,
NZL,1856,0.032,
NZL,1857,0.032,
NZL,1858,0.032,
NZL,1859,0.032,
NZL,1860,0.032,
NZL,1861,0.032,
NZL,1862,0.032,
NZL,1863,0.032,
NZL,1864,0.032,
NZL,1865,0.032,
NZL,1866,0.032,
NZL,1867,0.032,
NZL,1868,0.032,
NZL,1869,0.032,
NZL,1870,0.032,
NZL,1871,0.032,
NZL,1872,0.032,
NZL,1873,0.032,
NZL,1874,0.032,
NZL,1875,0.032,
NZL,1876,0.032,
NZL,1877,0.032,
NZL,1878,0.032,
NZL,1879,0.032,
NZL,1880,0.032,
NZL,1881,0.032,
NZL,1882,0.032,
NZL,1883,0.032,
NZL,1884,0.032,
NZL,1885,0.032,
NZL,1886,0.032,
NZL,1887,0.032,
NZL,1888,0.032,
NZL,1889,0.032,
NZL,1890,0.032,
NZL,1891,0.032,
NZL,1892,0.032,
NZL,1893,0.032,
NZL,1894,0.032,
NZL,1895,0.032,
NZL,1896,0.032,
NZL,1897,0.032,
NZL,1898,0.032,
NZL,1899,0.032,
NZL,1900,0.032,
NZL,1901,0.032,
NZL,1902,0.032,
NZL,1903,0.032,
NZL,1904,0.032,
NZL,1905,0.032,
NZL,1906,0.032,
NZL,1907,0.032,
NZL,1908,0.032,
NZL,1909,0.032,
NZL,1910,0.032,
NZL,1911,0.032,
NZL,1912,0.019,
NZL,1913,0.012,
NZL,1914,0.012,
NZL,1915,0.012,
NZL,1916,0.012,
NZL,1917,0.012,
NZL,1918,0.012,
NZL,1919,0.012,
NZL,1920,0.012,
NZL,1921,0.012,
NZL,1922,0.012,
NZL,1923,0.012,
NZL,1924,0.012,
NZL,1925,0.012,
NZL,1926,0.012,
NZL,1927,0.012,
NZL,1928,0.012,
NZL,1929,0.012,
NZL,1930,0.012,
NZL,1931,0.012,
NZL,1932,0.012,
NZL,1933,0.012,
NZL,1934,0.012,
NZL,1935,0.012,
NZL,1936,0.012,
NZL,1937,0.012,
NZL,1938,0.012,
NZL,1939,0.012,
NZL,1940,0.012,
NZL,1941,0.012,
NZL,1942,0.012,
NZL,1943,0.012,
NZL,1944,0.012,
NZL,1945,0.012,
NZL,1946,0.012,
NZL,1947,0.012,
NZL,1948,0.012,
NZL,1949,0.012,
NZL,1950,0.012,
NZL,1951,0.012,
NZL,1952,0.012,
NZL,1953,0.012,
NZL,1954,0.012,
NZL,1955,0.012,
NZL,1956,0.012,
NZL,1957,0.012,
NZL,1958,0.012,
NZL,1959,0.012,
NZL,1960,0.009,
NZL,1961,0.009,
NZL,1962,0.009,
NZL,1963,0.009,
NZL,1964,0.009,
NZL,1965,0.009,
NZL,1966,0.009,
NZL,1967,0.009,
NZL,1968,0.009,
NZL,1969,0.009,
NZL,1970,0.009,
NZL,1971,0.009,
NZL,1972,0.009,
NZL,1973,0.009,
NZL,1974,0.009,
NZL,1975,0.009,
NZL,1976,0.009,
NZL,1977,0.009,
NZL,1978,0.009,
NZL,1979,0.009,
NZL,1980,0.009,
NZL,1981,0.009,
NZL,1982,0.009,
NZL,1983,0.009,
NZL,1984,0.009,
NZL,1985,0.009,
NZL,1986,0.009,
NZL,1987,0.009,
NZL,1988,0.009,
NZL,1989,0.009,
NZL,1990,0.009,
NZL,1991,0.009,
NZL,1992,0.009,
NZL,1993,0.009,
NZL,1994,0.009,
NZL,1995,0.009,
NZL,1996,0.009,
NZL,1997,0.009,
NZL,1998,0.009,
NZL,1999,0.009,
NZL,2000,0.009,
NZL,2001,0.009,
NZL,2002,0.009,
NZL,2003,0.009,
NZL,2004,0.009,
NZL,2005,0.009,
NZL,2006,0.009,
NZL,2007,0.009,
NZL,2008,0.009,
NZL,2009,0.009,
NZL,2010,0.009,
NZL,2011,0.009,
NZL,2012,0.009,
NZL,2013,0.009,
NZL,2014,0.009,
NZL,2015,0.009,
NZL,2016,0.009,
NZL,2017,0.009,
NZL,2018,0.009,
NZL,2019,0.009,
NZL,2020,0.009,
NZL,2021,0.008,
NZL,2022,0.008,
NZL,2023,0.008,Oceania
NZL,2024,0.011,
NIC,1838,0.838,
NIC,1839,0.838,
NIC,1840,0.838,
NIC,1841,0.838,
NIC,1842,0.838,
NIC,1843,0.838,
NIC,1844,0.838,
NIC,1845,0.838,
NIC,1846,0.838,
NIC,1847,0.838,
NIC,1848,0.838,
NIC,1849,0.838,
NIC,1850,0.838,
NIC,1851,0.838,
NIC,1852,0.838,
NIC,1853,0.838,
NIC,1854,0.838,
NIC,1855,0.838,
NIC,1856,0.838,
NIC,1857,0.838,
NIC,1858,0.623,
NIC,1859,0.546,
NIC,1860,0.546,
NIC,1861,0.546,
NIC,1862,0.546,
NIC,1863,0.546,
NIC,1864,0.546,
NIC,1865,0.546,
NIC,1866,0.546,
NIC,1867,0.546,
NIC,1868,0.546,
NIC,1869,0.546,
NIC,1870,0.546,
NIC,1871,0.546,
NIC,1872,0.546,
NIC,1873,0.546,
NIC,1874,0.546,
NIC,1875,0.546,
NIC,1876,0.546,
NIC,1877,0.546,
NIC,1878,0.546,
NIC,1879,0.546,
NIC,1880,0.546,
NIC,1881,0.546,
NIC,1882,0.546,
NIC,1883,0.546,
NIC,1884,0.546,
NIC,1885,0.546,
NIC,1886,0.546,
NIC,1887,0.546,
NIC,1888,0.546,
NIC,1889,0.546,
NIC,1890,0.861,
NIC,1891,0.861,
NIC,1892,0.861,
NIC,1893,0.884,
NIC,1894,0.884,
NIC,1895,0.884,
NIC,1896,0.884,
NIC,1897,0.884,
NIC,1898,0.884,
NIC,1899,0.884,
NIC,1900,0.884,
NIC,1901,0.884,
NIC,1902,0.884,
NIC,1903,0.884,
NIC,1904,0.884,
NIC,1905,0.884,
NIC,1906,0.884,
NIC,1907,0.884,
NIC,1908,0.884,
NIC,1909,0.886,
NIC,1910,0.886,
NIC,1911,0.891,
NIC,1912,0.888,
NIC,1913,0.888,
NIC,1914,0.883,
NIC,1915,0.883,
NIC,1916,0.883,
NIC,1917,0.883,
NIC,1918,0.883,
NIC,1919,0.883,
NIC,1920,0.883,
NIC,1921,0.883,
NIC,1922,0.883,
NIC,1923,0.883,
NIC,1924,0.883,
NIC,1925,0.883,
NIC,1926,0.883,
NIC,1927,0.883,
NIC,1928,0.862,
NIC,1929,0.862,
NIC,1930,0.862,
NIC,1931,0.862,
NIC,1932,0.862,
NIC,1933,0.882,
NIC,1934,0.882,
NIC,1935,0.882,
NIC,1936,0.935,
NIC,1937,0.939,
NIC,1938,0.939,
NIC,1939,0.939,
NIC,1940,0.939,
NIC,1941,0.939,
NIC,1942,0.939,
NIC,1943,0.939,
NIC,1944,0.939,
NIC,1945,0.939,
NIC,1946,0.939,
NIC,1947,0.939,
NIC,1948,0.943,
NIC,1949,0.943,
NIC,1950,0.944,
NIC,1951,0.944,
NIC,1952,0.944,
NIC,1953,0.944,
NIC,1954,0.944,
NIC,1955,0.944,
NIC,1956,0.944,
NIC,1957,0.944,
NIC,1958,0.944,
NIC,1959,0.944,
NIC,1960,0.944,
NIC,1961,0.944,
NIC,1962,0.944,
NIC,1963,0.944,
NIC,1964,0.944,
NIC,1965,0.944,
NIC,1966,0.944,
NIC,1967,0.944,
NIC,1968,0.944,
NIC,1969,0.944,
NIC,1970,0.944,
NIC,1971,0.944,
NIC,1972,0.944,
NIC,1973,0.944,
NIC,1974,0.944,
NIC,1975,0.944,
NIC,1976,0.944,
NIC,1977,0.944,
NIC,1978,0.944,
NIC,1979,0.848,
NIC,1980,0.551,
NIC,1981,0.551,
NIC,1982,0.551,
NIC,1983,0.551,
NIC,1984,0.561,
NIC,1985,0.574,
NIC,1986,0.623,
NIC,1987,0.668,
NIC,1988,0.69,
NIC,1989,0.69,
NIC,1990,0.572,
NIC,1991,0.57,
NIC,1992,0.56,
NIC,1993,0.56,
NIC,1994,0.56,
NIC,1995,0.542,
NIC,1996,0.661,
NIC,1997,0.808,
NIC,1998,0.808,
NIC,1999,0.808,
NIC,2000,0.808,
NIC,2001,0.737,
NIC,2002,0.736,
NIC,2003,0.736,
NIC,2004,0.756,
NIC,2005,0.756,
NIC,2006,0.762,
NIC,2007,0.852,
NIC,2008,0.849,
NIC,2009,0.849,
NIC,2010,0.842,
NIC,2011,0.842,
NIC,2012,0.842,
NIC,2013,0.865,
NIC,2014,0.867,
NIC,2015,0.875,
NIC,2016,0.875,
NIC,2017,0.88,
NIC,2018,0.898,
NIC,2019,0.9,
NIC,2020,0.938,
NIC,2021,0.93,
NIC,2022,0.934,
NIC,2023,0.899,North America
NIC,2024,0.941,
NER,1922,0.743,
NER,1923,0.743,
NER,1924,0.743,
NER,1925,0.743,
NER,1926,0.743,
NER,1927,0.743,
NER,1928,0.743,
NER,1929,0.743,
NER,1930,0.743,
NER,1931,0.743,
NER,1932,0.743,
NER,1933,0.743,
NER,1934,0.743,
NER,1935,0.743,
NER,1936,0.743,
NER,1937,0.743,
NER,1938,0.743,
NER,1939,0.743,
NER,1940,0.743,
NER,1941,0.743,
NER,1942,0.743,
NER,1943,0.743,
NER,1944,0.743,
NER,1945,0.743,
NER,1946,0.743,
NER,1947,0.743,
NER,1948,0.743,
NER,1949,0.743,
NER,1950,0.743,
NER,1951,0.743,
NER,1952,0.743,
NER,1953,0.743,
NER,1954,0.743,
NER,1955,0.743,
NER,1956,0.742,
NER,1957,0.615,
NER,1958,0.615,
NER,1959,0.615,
NER,1960,0.682,
NER,1961,0.682,
NER,1962,0.682,
NER,1963,0.682,
NER,1964,0.682,
NER,1965,0.682,
NER,1966,0.682,
NER,1967,0.682,
NER,1968,0.682,
NER,1969,0.682,
NER,1970,0.682,
NER,1971,0.682,
NER,1972,0.682,
NER,1973,0.682,
NER,1974,0.244,
NER,1975,0.241,
NER,1976,0.241,
NER,1977,0.241,
NER,1978,0.241,
NER,1979,0.241,
NER,1980,0.312,
NER,1981,0.312,
NER,1982,0.312,
NER,1983,0.312,
NER,1984,0.312,
NER,1985,0.312,
NER,1986,0.312,
NER,1987,0.619,
NER,1988,0.694,
NER,1989,0.687,
NER,1990,0.52,
NER,1991,0.475,
NER,1992,0.499,
NER,1993,0.549,
NER,1994,0.549,
NER,1995,0.549,
NER,1996,0.635,
NER,1997,0.625,
NER,1998,0.625,
NER,1999,0.499,
NER,2000,0.586,
NER,2001,0.586,
NER,2002,0.586,
NER,2003,0.586,
NER,2004,0.586,
NER,2005,0.586,
NER,2006,0.586,
NER,2007,0.586,
NER,2008,0.586,
NER,2009,0.73,
NER,2010,0.612,
NER,2011,0.591,
NER,2012,0.547,
NER,2013,0.528,
NER,2014,0.528,
NER,2015,0.528,
NER,2016,0.528,
NER,2017,0.533,
NER,2018,0.533,
NER,2019,0.556,
NER,2020,0.57,
NER,2021,0.568,
NER,2022,0.58,
NER,2023,0.48,Africa
NER,2024,0.566,
NGA,1914,0.805,
NGA,1915,0.805,
NGA,1916,0.805,
NGA,1917,0.805,
NGA,1918,0.805,
NGA,1919,0.805,
NGA,1920,0.805,
NGA,1921,0.805,
NGA,1922,0.805,
NGA,1923,0.707,
NGA,1924,0.707,
NGA,1925,0.707,
NGA,1926,0.707,
NGA,1927,0.707,
NGA,1928,0.707,
NGA,1929,0.707,
NGA,1930,0.707,
NGA,1931,0.707,
NGA,1932,0.707,
NGA,1933,0.707,
NGA,1934,0.707,
NGA,1935,0.707,
NGA,1936,0.707,
NGA,1937,0.707,
NGA,1938,0.707,
NGA,1939,0.707,
NGA,1940,0.707,
NGA,1941,0.707,
NGA,1942,0.707,
NGA,1943,0.707,
NGA,1944,0.707,
NGA,1945,0.707,
NGA,1946,0.707,
NGA,1947,0.707,
NGA,1948,0.707,
NGA,1949,0.707,
NGA,1950,0.707,
NGA,1951,0.707,
NGA,1952,0.707,
NGA,1953,0.707,
NGA,1954,0.707,
NGA,1955,0.707,
NGA,1956,0.707,
NGA,1957,0.707,
NGA,1958,0.707,
NGA,1959,0.812,
NGA,1960,0.841,
NGA,1961,0.841,
NGA,1962,0.841,
NGA,1963,0.841,
NGA,1964,0.841,
NGA,1965,0.841,
NGA,1966,0.856,
NGA,1967,0.813,
NGA,1968,0.816,
NGA,1969,0.816,
NGA,1970,0.816,
NGA,1971,0.816,
NGA,1972,0.816,
NGA,1973,0.816,
NGA,1974,0.816,
NGA,1975,0.813,
NGA,1976,0.81,
NGA,1977,0.81,
NGA,1978,0.81,
NGA,1979,0.891,
NGA,1980,0.905,
NGA,1981,0.905,
NGA,1982,0.905,
NGA,1983,0.916,
NGA,1984,0.819,
NGA,1985,0.819,
NGA,1986,0.837,
NGA,1987,0.837,
NGA,1988,0.837,
NGA,1989,0.837,
NGA,1990,0.837,
NGA,1991,0.837,
NGA,1992,0.837,
NGA,1993,0.837,
NGA,1994,0.837,
NGA,1995,0.837,
NGA,1996,0.837,
NGA,1997,0.837,
NGA,1998,0.837,
NGA,1999,0.923,
NGA,2000,0.934,
NGA,2001,0.934,
NGA,2002,0.934,
NGA,2003,0.934,
NGA,2004,0.934,
NGA,2005,0.934,
NGA,2006,0.935,
NGA,2007,0.934,
NGA,2008,0.934,
NGA,2009,0.935,
NGA,2010,0.948,
NGA,2011,0.952,
NGA,2012,0.952,
NGA,2013,0.951,
NGA,2014,0.951,
NGA,2015,0.931,
NGA,2016,0.916,
NGA,2017,0.913,
NGA,2018,0.931,
NGA,2019,0.934,
NGA,2020,0.935,
NGA,2021,0.939,
NGA,2022,0.929,
NGA,2023,0.921,Africa
NGA,2024,0.928,
NIU,2023,,Oceania
NFK,2023,,Oceania
,1900,0.5575,
,1901,0.56042856,
,1902,0.5574286,
,1903,0.55613333,
,1904,0.55613333,
,1905,0.5614667,
,1906,0.56086665,
,1907,0.5612,
,1908,0.5628667,
,1909,0.56299996,
,1910,0.56,
,1911,0.5576,
,1912,0.55799997,
,1913,0.5535333,
,1914,0.5520667,
,1915,0.5478,
,1916,0.53973335,
,1917,0.5414,
,1918,0.5313333,
,1919,0.5314,
,1920,0.5366667,
,1921,0.53686666,
,1922,0.5377333,
,1923,0.53786665,
,1924,0.54506665,
,1925,0.5444,
,1926,0.5472,
,1927,0.5471333,
,1928,0.54573333,
,1929,0.54873335,
,1930,0.54646665,
,1931,0.5406,
,1932,0.543,
,1933,0.54366666,
,1934,0.54253334,
,1935,0.54253334,
,1936,0.5467333,
,1937,0.547,
,1938,0.547,
,1939,0.5471333,
,1940,0.5418,
,1941,0.5418,
,1942,0.5418,
,1943,0.5418,
,1944,0.5418,
,1945,0.5326,
,1946,0.53360003,
,1947,0.53180003,
,1948,0.53393334,
,1949,0.5308667,
,1950,0.5215333,
,1951,0.52173334,
,1952,0.5258,
,1953,0.52793336,
,1954,0.51853335,
,1955,0.5396,
,1956,0.543,
,1957,0.5452667,
,1958,0.54573333,
,1959,0.5336,
,1960,0.52459997,
,1961,0.52286667,
,1962,0.52993333,
,1963,0.5206,
,1964,0.52926666,
,1965,0.52893335,
,1966,0.533,
,1967,0.5305333,
,1968,0.5349333,
,1969,0.53173333,
,1970,0.53286666,
,1971,0.534,
,1972,0.5328,
,1973,0.53506666,
,1974,0.5354667,
,1975,0.5344,
,1976,0.5314,
,1977,0.5328,
,1978,0.5332,
,1979,0.51960003,
,1980,0.4984,
,1981,0.50086665,
,1982,0.50553334,
,1983,0.4964,
,1984,0.5025333,
,1985,0.5032,
,1986,0.51173335,
,1987,0.51533335,
,1988,0.5168,
,1989,0.5147333,
,1990,0.49966666,
,1991,0.49173334,
,1992,0.491,
,1993,0.48606667,
,1994,0.4782,
,1995,0.4722,
,1996,0.47820002,
,1997,0.4824,
,1998,0.48226666,
,1999,0.48173335,
,2000,0.4774,
,2001,0.474,
,2002,0.4752,
,2003,0.47733334,
,2004,0.4786,
,2005,0.4788,
,2006,0.47726667,
,2007,0.486,
,2008,0.48506668,
,2009,0.48393333,
,2010,0.48520002,
,2011,0.48606667,
,2012,0.488,
,2013,0.48533332,
,2014,0.48493332,
,2015,0.48133332,
,2016,0.47386667,
,2017,0.48073334,
,2018,0.48333332,
,2019,0.47226667,
,2020,0.46526667,
,2021,0.45613334,
,2022,0.45606667,
,2023,0.44953334,
,2024,0.45406666,
,1900,0.25859904,
,1901,0.25856325,
,1902,0.25721917,
,1903,0.25778034,
,1904,0.25699463,
,1905,0.25641862,
,1906,0.25559816,
,1907,0.25524879,
,1908,0.25463006,
,1909,0.25387102,
,1910,0.23949909,
,1911,0.23403685,
,1912,0.23298067,
,1913,0.21616016,
,1914,0.21206947,
,1915,0.20382741,
,1916,0.20233837,
,1917,0.20276158,
,1918,0.20173456,
,1919,0.20118655,
,1920,0.2067823,
,1921,0.21829358,
,1922,0.21866624,
,1923,0.2202727,
,1924,0.20939891,
,1925,0.20361824,
,1926,0.2009229,
,1927,0.20108072,
,1928,0.201141,
,1929,0.20526128,
,1930,0.2051846,
,1931,0.20486556,
,1932,0.2061871,
,1933,0.20720412,
,1934,0.20811328,
,1935,0.20928776,
,1936,0.21091446,
,1937,0.21213111,
,1938,0.2133348,
,1939,0.21478266,
,1940,0.21426672,
,1941,0.21580726,
,1942,0.21746321,
,1943,0.21923205,
,1944,0.22117637,
,1945,0.21626978,
,1946,0.2212202,
,1947,0.2229568,
,1948,0.22545372,
,1949,0.22702298,
,1950,0.22116566,
,1951,0.22240295,
,1952,0.22524546,
,1953,0.22837149,
,1954,0.22914095,
,1955,0.23383231,
,1956,0.23661418,
,1957,0.23852691,
,1958,0.24019168,
,1959,0.23564933,
,1960,0.23381035,
,1961,0.23499714,
,1962,0.23741072,
,1963,0.23737694,
,1964,0.24086252,
,1965,0.23961198,
,1966,0.24256857,
,1967,0.2439644,
,1968,0.24683376,
,1969,0.25523043,
,1970,0.2624828,
,1971,0.2653854,
,1972,0.26771036,
,1973,0.2702567,
,1974,0.2728118,
,1975,0.26443312,
,1976,0.2667263,
,1977,0.26993322,
,1978,0.27237532,
,1979,0.2722717,
,1980,0.2697229,
,1981,0.27648696,
,1982,0.28346705,
,1983,0.2818522,
,1984,0.28491563,
,1985,0.28646743,
,1986,0.2898246,
,1987,0.289631,
,1988,0.29146057,
,1989,0.2895162,
,1990,0.2794879,
,1991,0.2800334,
,1992,0.28166175,
,1993,0.28146613,
,1994,0.26433522,
,1995,0.26116836,
,1996,0.26280424,
,1997,0.26040056,
,1998,0.2609752,
,1999,0.26209262,
,2000,0.24566422,
,2001,0.2456075,
,2002,0.25148767,
,2003,0.2593829,
,2004,0.25982657,
,2005,0.26049334,
,2006,0.2602427,
,2007,0.26228514,
,2008,0.2626672,
,2009,0.2618776,
,2010,0.26739717,
,2011,0.2682297,
,2012,0.27440554,
,2013,0.29395103,
,2014,0.29456425,
,2015,0.28676307,
,2016,0.2943262,
,2017,0.30741552,
,2018,0.3019007,
,2019,0.28938675,
,2020,0.27898023,
,2021,0.24933727,
,2022,0.2524366,
,2023,0.24557039,
,2024,0.25053397,
PRK,1945,0.561,
PRK,1946,0.741,
PRK,1947,0.759,
PRK,1948,0.702,
PRK,1949,0.599,
PRK,1950,0.599,
PRK,1951,0.599,
PRK,1952,0.599,
PRK,1953,0.599,
PRK,1954,0.599,
PRK,1955,0.599,
PRK,1956,0.599,
PRK,1957,0.599,
PRK,1958,0.599,
PRK,1959,0.599,
PRK,1960,0.593,
PRK,1961,0.593,
PRK,1962,0.593,
PRK,1963,0.593,
PRK,1964,0.593,
PRK,1965,0.593,
PRK,1966,0.593,
PRK,1967,0.593,
PRK,1968,0.593,
PRK,1969,0.593,
PRK,1970,0.593,
PRK,1971,0.593,
PRK,1972,0.593,
PRK,1973,0.593,
PRK,1974,0.593,
PRK,1975,0.593,
PRK,1976,0.593,
PRK,1977,0.593,
PRK,1978,0.593,
PRK,1979,0.593,
PRK,1980,0.593,
PRK,1981,0.593,
PRK,1982,0.593,
PRK,1983,0.593,
PRK,1984,0.593,
PRK,1985,0.593,
PRK,1986,0.593,
PRK,1987,0.594,
PRK,1988,0.633,
PRK,1989,0.633,
PRK,1990,0.639,
PRK,1991,0.639,
PRK,1992,0.639,
PRK,1993,0.639,
PRK,1994,0.663,
PRK,1995,0.704,
PRK,1996,0.704,
PRK,1997,0.704,
PRK,1998,0.704,
PRK,1999,0.704,
PRK,2000,0.699,
PRK,2001,0.699,
PRK,2002,0.699,
PRK,2003,0.699,
PRK,2004,0.699,
PRK,2005,0.699,
PRK,2006,0.699,
PRK,2007,0.701,
PRK,2008,0.701,
PRK,2009,0.701,
PRK,2010,0.701,
PRK,2011,0.701,
PRK,2012,0.687,
PRK,2013,0.687,
PRK,2014,0.687,
PRK,2015,0.687,
PRK,2016,0.687,
PRK,2017,0.687,
PRK,2018,0.687,
PRK,2019,0.67,
PRK,2020,0.663,
PRK,2021,0.663,
PRK,2022,0.663,
PRK,2023,0.68,Asia
PRK,2024,0.68,
MKD,1991,0.463,
MKD,1992,0.463,
MKD,1993,0.517,
MKD,1994,0.517,
MKD,1995,0.517,
MKD,1996,0.517,
MKD,1997,0.554,
MKD,1998,0.554,
MKD,1999,0.554,
MKD,2000,0.554,
MKD,2001,0.554,
MKD,2002,0.554,
MKD,2003,0.542,
MKD,2004,0.542,
MKD,2005,0.542,
MKD,2006,0.55,
MKD,2007,0.585,
MKD,2008,0.62,
MKD,2009,0.616,
MKD,2010,0.636,
MKD,2011,0.658,
MKD,2012,0.709,
MKD,2013,0.72,
MKD,2014,0.72,
MKD,2015,0.72,
MKD,2016,0.723,
MKD,2017,0.542,
MKD,2018,0.62,
MKD,2019,0.644,
MKD,2020,0.668,
MKD,2021,0.724,
MKD,2022,0.722,
MKD,2023,0.75,Europe
MKD,2024,0.75,
MNP,2023,,Oceania
NOR,1789,0.194,
NOR,1790,0.194,
NOR,1791,0.194,
NOR,1792,0.194,
NOR,1793,0.194,
NOR,1794,0.194,
NOR,1795,0.194,
NOR,1796,0.194,
NOR,1797,0.194,
NOR,1798,0.194,
NOR,1799,0.194,
NOR,1800,0.194,
NOR,1801,0.194,
NOR,1802,0.194,
NOR,1803,0.194,
NOR,1804,0.194,
NOR,1805,0.194,
NOR,1806,0.194,
NOR,1807,0.194,
NOR,1808,0.194,
NOR,1809,0.194,
NOR,1810,0.194,
NOR,1811,0.194,
NOR,1812,0.194,
NOR,1813,0.194,
NOR,1814,0.094,
NOR,1815,0.026,
NOR,1816,0.026,
NOR,1817,0.026,
NOR,1818,0.026,
NOR,1819,0.026,
NOR,1820,0.026,
NOR,1821,0.026,
NOR,1822,0.026,
NOR,1823,0.026,
NOR,1824,0.026,
NOR,1825,0.026,
NOR,1826,0.026,
NOR,1827,0.026,
NOR,1828,0.026,
NOR,1829,0.026,
NOR,1830,0.026,
NOR,1831,0.026,
NOR,1832,0.026,
NOR,1833,0.026,
NOR,1834,0.026,
NOR,1835,0.026,
NOR,1836,0.026,
NOR,1837,0.026,
NOR,1838,0.026,
NOR,1839,0.026,
NOR,1840,0.026,
NOR,1841,0.026,
NOR,1842,0.026,
NOR,1843,0.026,
NOR,1844,0.026,
NOR,1845,0.026,
NOR,1846,0.026,
NOR,1847,0.026,
NOR,1848,0.026,
NOR,1849,0.026,
NOR,1850,0.026,
NOR,1851,0.026,
NOR,1852,0.026,
NOR,1853,0.026,
NOR,1854,0.026,
NOR,1855,0.026,
NOR,1856,0.026,
NOR,1857,0.026,
NOR,1858,0.026,
NOR,1859,0.026,
NOR,1860,0.026,
NOR,1861,0.026,
NOR,1862,0.026,
NOR,1863,0.026,
NOR,1864,0.026,
NOR,1865,0.026,
NOR,1866,0.026,
NOR,1867,0.026,
NOR,1868,0.026,
NOR,1869,0.026,
NOR,1870,0.026,
NOR,1871,0.026,
NOR,1872,0.026,
NOR,1873,0.026,
NOR,1874,0.026,
NOR,1875,0.026,
NOR,1876,0.026,
NOR,1877,0.026,
NOR,1878,0.026,
NOR,1879,0.026,
NOR,1880,0.026,
NOR,1881,0.026,
NOR,1882,0.026,
NOR,1883,0.026,
NOR,1884,0.026,
NOR,1885,0.026,
NOR,1886,0.026,
NOR,1887,0.026,
NOR,1888,0.026,
NOR,1889,0.026,
NOR,1890,0.026,
NOR,1891,0.026,
NOR,1892,0.026,
NOR,1893,0.026,
NOR,1894,0.026,
NOR,1895,0.026,
NOR,1896,0.026,
NOR,1897,0.026,
NOR,1898,0.026,
NOR,1899,0.026,
NOR,1900,0.026,
NOR,1901,0.026,
NOR,1902,0.026,
NOR,1903,0.026,
NOR,1904,0.026,
NOR,1905,0.026,
NOR,1906,0.026,
NOR,1907,0.026,
NOR,1908,0.026,
NOR,1909,0.026,
NOR,1910,0.026,
NOR,1911,0.026,
NOR,1912,0.026,
NOR,1913,0.026,
NOR,1914,0.026,
NOR,1915,0.026,
NOR,1916,0.026,
NOR,1917,0.026,
NOR,1918,0.026,
NOR,1919,0.026,
NOR,1920,0.026,
NOR,1921,0.026,
NOR,1922,0.026,
NOR,1923,0.026,
NOR,1924,0.026,
NOR,1925,0.026,
NOR,1926,0.022,
NOR,1927,0.022,
NOR,1928,0.022,
NOR,1929,0.022,
NOR,1930,0.022,
NOR,1931,0.022,
NOR,1932,0.022,
NOR,1933,0.022,
NOR,1934,0.022,
NOR,1935,0.022,
NOR,1936,0.022,
NOR,1937,0.022,
NOR,1938,0.022,
NOR,1939,0.022,
NOR,1940,0.03,
NOR,1941,0.038,
NOR,1942,0.038,
NOR,1943,0.038,
NOR,1944,0.038,
NOR,1945,0.015,
NOR,1946,0.014,
NOR,1947,0.014,
NOR,1948,0.014,
NOR,1949,0.014,
NOR,1950,0.014,
NOR,1951,0.014,
NOR,1952,0.014,
NOR,1953,0.009,
NOR,1954,0.006,
NOR,1955,0.006,
NOR,1956,0.006,
NOR,1957,0.006,
NOR,1958,0.006,
NOR,1959,0.006,
NOR,1960,0.006,
NOR,1961,0.006,
NOR,1962,0.006,
NOR,1963,0.006,
NOR,1964,0.006,
NOR,1965,0.006,
NOR,1966,0.006,
NOR,1967,0.006,
NOR,1968,0.006,
NOR,1969,0.006,
NOR,1970,0.006,
NOR,1971,0.006,
NOR,1972,0.006,
NOR,1973,0.006,
NOR,1974,0.006,
NOR,1975,0.006,
NOR,1976,0.006,
NOR,1977,0.006,
NOR,1978,0.006,
NOR,1979,0.006,
NOR,1980,0.006,
NOR,1981,0.006,
NOR,1982,0.006,
NOR,1983,0.006,
NOR,1984,0.006,
NOR,1985,0.006,
NOR,1986,0.006,
NOR,1987,0.006,
NOR,1988,0.006,
NOR,1989,0.006,
NOR,1990,0.006,
NOR,1991,0.006,
NOR,1992,0.006,
NOR,1993,0.006,
NOR,1994,0.006,
NOR,1995,0.006,
NOR,1996,0.006,
NOR,1997,0.006,
NOR,1998,0.006,
NOR,1999,0.006,
NOR,2000,0.006,
NOR,2001,0.006,
NOR,2002,0.006,
NOR,2003,0.006,
NOR,2004,0.006,
NOR,2005,0.006,
NOR,2006,0.006,
NOR,2007,0.006,
NOR,2008,0.006,
NOR,2009,0.006,
NOR,2010,0.006,
NOR,2011,0.006,
NOR,2012,0.006,
NOR,2013,0.006,
NOR,2014,0.006,
NOR,2015,0.006,
NOR,2016,0.006,
NOR,2017,0.009,
NOR,2018,0.009,
NOR,2019,0.009,
NOR,2020,0.011,
NOR,2021,0.011,
NOR,2022,0.011,
NOR,2023,0.011,Europe
NOR,2024,0.011,
,1900,0.18800001,
,1901,0.18933333,
,1902,0.18933333,
,1903,0.18933333,
,1904,0.1895,
,1905,0.1895,
,1906,0.1895,
,1907,0.1895,
,1908,0.1895,
,1909,0.1895,
,1910,0.1895,
,1911,0.1895,
,1912,0.18733333,
,1913,0.18616667,
,1914,0.18616667,
,1915,0.18616667,
,1916,0.18616667,
,1917,0.18616667,
,1918,0.18616667,
,1919,0.18616667,
,1920,0.18616667,
,1921,0.18616667,
,1922,0.18616667,
,1923,0.18616667,
,1924,0.18616667,
,1925,0.18616667,
,1926,0.18616667,
,1927,0.18616667,
,1928,0.18616667,
,1929,0.18616667,
,1930,0.18616667,
,1931,0.18616667,
,1932,0.18616667,
,1933,0.18616667,
,1934,0.18616667,
,1935,0.18616667,
,1936,0.18616667,
,1937,0.18616667,
,1938,0.18616667,
,1939,0.18616667,
,1940,0.18616667,
,1941,0.18616667,
,1942,0.18616667,
,1943,0.18616667,
,1944,0.18616667,
,1945,0.18616667,
,1946,0.18616667,
,1947,0.18616667,
,1948,0.18616667,
,1949,0.18616667,
,1950,0.187,
,1951,0.205,
,1952,0.205,
,1953,0.205,
,1954,0.205,
,1955,0.205,
,1956,0.205,
,1957,0.205,
,1958,0.205,
,1959,0.205,
,1960,0.20033333,
,1961,0.20033333,
,1962,0.20033333,
,1963,0.20033333,
,1964,0.20033333,
,1965,0.20033333,
,1966,0.20033333,
,1967,0.20033333,
,1968,0.20033333,
,1969,0.20033333,
,1970,0.21,
,1971,0.21,
,1972,0.21,
,1973,0.209,
,1974,0.209,
,1975,0.2035,
,1976,0.2005,
,1977,0.2005,
,1978,0.20433334,
,1979,0.203,
,1980,0.2695,
,1981,0.27166668,
,1982,0.27716666,
,1983,0.28116667,
,1984,0.28116667,
,1985,0.279,
,1986,0.279,
,1987,0.2705,
,1988,0.2705,
,1989,0.27266666,
,1990,0.27583334,
,1991,0.28383332,
,1992,0.29183334,
,1993,0.29983333,
,1994,0.29983333,
,1995,0.29983333,
,1996,0.29983333,
,1997,0.29983333,
,1998,0.29983333,
,1999,0.3145,
,2000,0.31566668,
,2001,0.31566668,
,2002,0.32500002,
,2003,0.32500002,
,2004,0.33416668,
,2005,0.33716667,
,2006,0.34033334,
,2007,0.32700002,
,2008,0.32516667,
,2009,0.326,
,2010,0.32716668,
,2011,0.33433333,
,2012,0.33766666,
,2013,0.3385,
,2014,0.33066666,
,2015,0.33583334,
,2016,0.3375,
,2017,0.33733332,
,2018,0.3395,
,2019,0.33983332,
,2020,0.33716667,
,2021,0.34583333,
,2022,0.348,
,2023,0.34083334,
,2024,0.32383332,
,1900,0.117658064,
,1901,0.121836625,
,1902,0.120830745,
,1903,0.11985645,
,1904,0.11891306,
,1905,0.117956184,
,1906,0.117007874,
,1907,0.11606825,
,1908,0.11513713,
,1909,0.11364067,
,1910,0.11162056,
,1911,0.10911383,
,1912,0.10406519,
,1913,0.099536896,
,1914,0.09629628,
,1915,0.0932134,
,1916,0.09028279,
,1917,0.087498926,
,1918,0.08478958,
,1919,0.08259612,
,1920,0.0808864,
,1921,0.07962779,
,1922,0.07878776,
,1923,0.078334115,
,1924,0.07788887,
,1925,0.077451676,
,1926,0.07702237,
,1927,0.076600656,
,1928,0.076186396,
,1929,0.07614433,
,1930,0.07647463,
,1931,0.0771802,
,1932,0.07826652,
,1933,0.07974177,
,1934,0.08126824,
,1935,0.08284723,
,1936,0.08448022,
,1937,0.08616847,
,1938,0.08791337,
,1939,0.08963274,
,1940,0.091322586,
,1941,0.092979446,
,1942,0.094600275,
,1943,0.09618252,
,1944,0.09780973,
,1945,0.0994827,
,1946,0.10120234,
,1947,0.10296938,
,1948,0.10478471,
,1949,0.1062347,
,1950,0.11074878,
,1951,0.124037966,
,1952,0.12384103,
,1953,0.12404105,
,1954,0.124376975,
,1955,0.1246941,
,1956,0.1250168,
,1957,0.12539952,
,1958,0.12582992,
,1959,0.12628682,
,1960,0.12604162,
,1961,0.12636212,
,1962,0.12659909,
,1963,0.12683049,
,1964,0.12701635,
,1965,0.1271648,
,1966,0.12736411,
,1967,0.12771457,
,1968,0.12814645,
,1969,0.1285471,
,1970,0.12958604,
,1971,0.129297,
,1972,0.129398,
,1973,0.12978394,
,1974,0.13024195,
,1975,0.12636138,
,1976,0.12705144,
,1977,0.1279344,
,1978,0.12909693,
,1979,0.1299368,
,1980,0.12633781,
,1981,0.12713063,
,1982,0.12805492,
,1983,0.12896346,
,1984,0.12972297,
,1985,0.130381,
,1986,0.13115004,
,1987,0.13024221,
,1988,0.13083178,
,1989,0.13164277,
,1990,0.13267434,
,1991,0.13419512,
,1992,0.13630627,
,1993,0.13979156,
,1994,0.14185275,
,1995,0.14381325,
,1996,0.14574954,
,1997,0.1478103,
,1998,0.1499573,
,1999,0.1533941,
,2000,0.15497658,
,2001,0.15698756,
,2002,0.16042547,
,2003,0.16228266,
,2004,0.16498868,
,2005,0.16710788,
,2006,0.16910991,
,2007,0.16836335,
,2008,0.1693785,
,2009,0.17070387,
,2010,0.17594513,
,2011,0.18387249,
,2012,0.18739693,
,2013,0.19122456,
,2014,0.1911542,
,2015,0.19303872,
,2016,0.19297844,
,2017,0.19763513,
,2018,0.20203453,
,2019,0.1996064,
,2020,0.19743787,
,2021,0.21038148,
,2022,0.21222822,
,2023,0.21563597,
,2024,0.20795965,
,1789,0.089,
,1790,0.089,
,1791,0.089,
,1792,0.089,
,1793,0.089,
,1794,0.089,
,1795,0.089,
,1796,0.089,
,1797,0.089,
,1798,0.089,
,1799,0.089,
,1800,0.089,
,1801,0.089,
,1802,0.089,
,1803,0.089,
,1804,0.089,
,1805,0.089,
,1806,0.089,
,1807,0.089,
,1808,0.089,
,1809,0.089,
,1810,0.089,
,1813,0.091,
,1814,0.091,
,1815,0.091,
,1816,0.091,
,1817,0.091,
,1818,0.091,
,1819,0.091,
,1820,0.091,
,1821,0.091,
,1822,0.091,
,1823,0.091,
,1824,0.091,
,1825,0.091,
,1826,0.091,
,1827,0.091,
,1828,0.091,
,1829,0.091,
,1830,0.091,
,1831,0.091,
,1832,0.091,
,1833,0.091,
,1834,0.091,
,1835,0.091,
,1836,0.091,
,1837,0.091,
,1838,0.091,
,1839,0.091,
,1840,0.091,
,1841,0.091,
,1842,0.091,
,1843,0.091,
,1844,0.091,
,1845,0.091,
,1846,0.091,
,1847,0.091,
,1848,0.075,
,1849,0.075,
,1850,0.075,
,1851,0.075,
,1852,0.075,
,1853,0.075,
,1854,0.075,
,1855,0.075,
,1856,0.075,
,1857,0.075,
,1858,0.075,
,1859,0.075,
,1860,0.075,
,1861,0.075,
,1862,0.075,
,1863,0.075,
,1864,0.075,
,1865,0.075,
,1866,0.075,
OMN,1789,0.536,
OMN,1790,0.536,
OMN,1791,0.536,
OMN,1792,0.536,
OMN,1793,0.536,
OMN,1794,0.536,
OMN,1795,0.536,
OMN,1796,0.536,
OMN,1797,0.536,
OMN,1798,0.536,
OMN,1799,0.536,
OMN,1800,0.536,
OMN,1801,0.536,
OMN,1802,0.536,
OMN,1803,0.536,
OMN,1804,0.536,
OMN,1805,0.536,
OMN,1806,0.536,
OMN,1807,0.536,
OMN,1808,0.536,
OMN,1809,0.536,
OMN,1810,0.536,
OMN,1811,0.536,
OMN,1812,0.536,
OMN,1813,0.536,
OMN,1814,0.536,
OMN,1815,0.536,
OMN,1816,0.536,
OMN,1817,0.536,
OMN,1818,0.536,
OMN,1819,0.536,
OMN,1820,0.536,
OMN,1821,0.536,
OMN,1822,0.536,
OMN,1823,0.536,
OMN,1824,0.536,
OMN,1825,0.536,
OMN,1826,0.536,
OMN,1827,0.536,
OMN,1828,0.536,
OMN,1829,0.536,
OMN,1830,0.536,
OMN,1831,0.536,
OMN,1832,0.536,
OMN,1833,0.536,
OMN,1834,0.536,
OMN,1835,0.536,
OMN,1836,0.536,
OMN,1837,0.536,
OMN,1838,0.536,
OMN,1839,0.536,
OMN,1840,0.536,
OMN,1841,0.536,
OMN,1842,0.536,
OMN,1843,0.536,
OMN,1844,0.536,
OMN,1845,0.536,
OMN,1846,0.536,
OMN,1847,0.536,
OMN,1848,0.536,
OMN,1849,0.536,
OMN,1850,0.536,
OMN,1851,0.536,
OMN,1852,0.536,
OMN,1853,0.536,
OMN,1854,0.536,
OMN,1855,0.536,
OMN,1856,0.536,
OMN,1857,0.536,
OMN,1858,0.536,
OMN,1859,0.536,
OMN,1860,0.536,
OMN,1861,0.536,
OMN,1862,0.536,
OMN,1863,0.536,
OMN,1864,0.536,
OMN,1865,0.536,
OMN,1866,0.536,
OMN,1867,0.536,
OMN,1868,0.536,
OMN,1869,0.536,
OMN,1870,0.536,
OMN,1871,0.536,
OMN,1872,0.536,
OMN,1873,0.536,
OMN,1874,0.536,
OMN,1875,0.536,
OMN,1876,0.536,
OMN,1877,0.536,
OMN,1878,0.536,
OMN,1879,0.536,
OMN,1880,0.536,
OMN,1881,0.536,
OMN,1882,0.536,
OMN,1883,0.536,
OMN,1884,0.536,
OMN,1885,0.536,
OMN,1886,0.536,
OMN,1887,0.536,
OMN,1888,0.536,
OMN,1889,0.536,
OMN,1890,0.536,
OMN,1891,0.536,
OMN,1892,0.536,
OMN,1893,0.536,
OMN,1894,0.536,
OMN,1895,0.536,
OMN,1896,0.536,
OMN,1897,0.536,
OMN,1898,0.536,
OMN,1899,0.536,
OMN,1900,0.536,
OMN,1901,0.536,
OMN,1902,0.536,
OMN,1903,0.536,
OMN,1904,0.536,
OMN,1905,0.536,
OMN,1906,0.536,
OMN,1907,0.536,
OMN,1908,0.536,
OMN,1909,0.536,
OMN,1910,0.536,
OMN,1911,0.536,
OMN,1912,0.536,
OMN,1913,0.536,
OMN,1914,0.536,
OMN,1915,0.536,
OMN,1916,0.536,
OMN,1917,0.536,
OMN,1918,0.536,
OMN,1919,0.536,
OMN,1920,0.536,
OMN,1921,0.521,
OMN,1922,0.521,
OMN,1923,0.521,
OMN,1924,0.521,
OMN,1925,0.521,
OMN,1926,0.521,
OMN,1927,0.521,
OMN,1928,0.521,
OMN,1929,0.516,
OMN,1930,0.516,
OMN,1931,0.516,
OMN,1932,0.516,
OMN,1933,0.516,
OMN,1934,0.516,
OMN,1935,0.516,
OMN,1936,0.516,
OMN,1937,0.516,
OMN,1938,0.516,
OMN,1939,0.516,
OMN,1940,0.516,
OMN,1941,0.516,
OMN,1942,0.516,
OMN,1943,0.516,
OMN,1944,0.516,
OMN,1945,0.516,
OMN,1946,0.516,
OMN,1947,0.516,
OMN,1948,0.516,
OMN,1949,0.515,
OMN,1950,0.515,
OMN,1951,0.515,
OMN,1952,0.515,
OMN,1953,0.515,
OMN,1954,0.515,
OMN,1955,0.515,
OMN,1956,0.515,
OMN,1957,0.515,
OMN,1958,0.515,
OMN,1959,0.515,
OMN,1960,0.507,
OMN,1961,0.507,
OMN,1962,0.507,
OMN,1963,0.507,
OMN,1964,0.507,
OMN,1965,0.507,
OMN,1966,0.507,
OMN,1967,0.507,
OMN,1968,0.507,
OMN,1969,0.507,
OMN,1970,0.376,
OMN,1971,0.376,
OMN,1972,0.376,
OMN,1973,0.376,
OMN,1974,0.376,
OMN,1975,0.376,
OMN,1976,0.376,
OMN,1977,0.376,
OMN,1978,0.374,
OMN,1979,0.374,
OMN,1980,0.374,
OMN,1981,0.374,
OMN,1982,0.374,
OMN,1983,0.377,
OMN,1984,0.377,
OMN,1985,0.377,
OMN,1986,0.377,
OMN,1987,0.377,
OMN,1988,0.377,
OMN,1989,0.377,
OMN,1990,0.377,
OMN,1991,0.377,
OMN,1992,0.348,
OMN,1993,0.348,
OMN,1994,0.348,
OMN,1995,0.351,
OMN,1996,0.276,
OMN,1997,0.276,
OMN,1998,0.276,
OMN,1999,0.276,
OMN,2000,0.276,
OMN,2001,0.258,
OMN,2002,0.258,
OMN,2003,0.274,
OMN,2004,0.274,
OMN,2005,0.274,
OMN,2006,0.274,
OMN,2007,0.274,
OMN,2008,0.274,
OMN,2009,0.274,
OMN,2010,0.274,
OMN,2011,0.257,
OMN,2012,0.257,
OMN,2013,0.257,
OMN,2014,0.257,
OMN,2015,0.257,
OMN,2016,0.257,
OMN,2017,0.257,
OMN,2018,0.257,
OMN,2019,0.252,
OMN,2020,0.252,
OMN,2021,0.252,
OMN,2022,0.256,
OMN,2023,0.256,Asia
OMN,2024,0.256,
,2023,,Africa
PAK,1947,0.379,
PAK,1948,0.388,
PAK,1949,0.388,
PAK,1950,0.398,
PAK,1951,0.416,
PAK,1952,0.424,
PAK,1953,0.424,
PAK,1954,0.445,
PAK,1955,0.305,
PAK,1956,0.446,
PAK,1957,0.513,
PAK,1958,0.559,
PAK,1959,0.475,
PAK,1960,0.475,
PAK,1961,0.475,
PAK,1962,0.48,
PAK,1963,0.485,
PAK,1964,0.485,
PAK,1965,0.485,
PAK,1966,0.485,
PAK,1967,0.485,
PAK,1968,0.485,
PAK,1969,0.485,
PAK,1970,0.62,
PAK,1971,0.709,
PAK,1972,0.726,
PAK,1973,0.779,
PAK,1974,0.779,
PAK,1975,0.779,
PAK,1976,0.779,
PAK,1977,0.779,
PAK,1978,0.601,
PAK,1979,0.601,
PAK,1980,0.565,
PAK,1981,0.565,
PAK,1982,0.565,
PAK,1983,0.565,
PAK,1984,0.565,
PAK,1985,0.638,
PAK,1986,0.657,
PAK,1987,0.657,
PAK,1988,0.729,
PAK,1989,0.802,
PAK,1990,0.829,
PAK,1991,0.829,
PAK,1992,0.829,
PAK,1993,0.829,
PAK,1994,0.829,
PAK,1995,0.829,
PAK,1996,0.829,
PAK,1997,0.829,
PAK,1998,0.829,
PAK,1999,0.822,
PAK,2000,0.749,
PAK,2001,0.749,
PAK,2002,0.829,
PAK,2003,0.867,
PAK,2004,0.867,
PAK,2005,0.867,
PAK,2006,0.867,
PAK,2007,0.867,
PAK,2008,0.929,
PAK,2009,0.929,
PAK,2010,0.926,
PAK,2011,0.926,
PAK,2012,0.924,
PAK,2013,0.904,
PAK,2014,0.891,
PAK,2015,0.884,
PAK,2016,0.884,
PAK,2017,0.899,
PAK,2018,0.899,
PAK,2019,0.904,
PAK,2020,0.903,
PAK,2021,0.897,
PAK,2022,0.899,
PAK,2023,0.913,Asia
PAK,2024,0.817,
,2023,,Asia
PLW,2023,,Oceania
PSE,1918,0.154,
PSE,1919,0.154,
PSE,1920,0.154,
PSE,1921,0.154,
PSE,1922,0.154,
PSE,1923,0.154,
PSE,1924,0.154,
PSE,1925,0.154,
PSE,1926,0.154,
PSE,1927,0.154,
PSE,1928,0.154,
PSE,1929,0.154,
PSE,1930,0.154,
PSE,1931,0.154,
PSE,1932,0.154,
PSE,1933,0.154,
PSE,1934,0.154,
PSE,1935,0.154,
PSE,1936,0.154,
PSE,1937,0.154,
PSE,1938,0.154,
PSE,1939,0.154,
PSE,1940,0.154,
PSE,1941,0.154,
PSE,1942,0.154,
PSE,1943,0.154,
PSE,1944,0.154,
PSE,1945,0.154,
PSE,1946,0.154,
PSE,1947,0.154,
PSE,1948,0.154,
PSE,2023,,Asia
,1948,0.185,
,1949,0.185,
,1950,0.185,
,1951,0.185,
,1952,0.185,
,1953,0.185,
,1954,0.185,
,1955,0.185,
,1956,0.185,
,1957,0.185,
,1958,0.185,
,1959,0.237,
,1960,0.237,
,1961,0.237,
,1962,0.237,
,1963,0.287,
,1964,0.287,
,1965,0.287,
,1966,0.287,
,2007,0.418,
,2008,0.493,
,2009,0.493,
,2010,0.47,
,2011,0.468,
,2012,0.47,
,2013,0.334,
,2014,0.323,
,2015,0.392,
,2016,0.392,
,2017,0.408,
,2018,0.407,
,2019,0.323,
,2020,0.346,
,2021,0.346,
,2022,0.291,
,2023,0.312,
,2024,0.368,
,1948,0.316,
,1949,0.316,
,1967,0.332,
,1968,0.338,
,1969,0.338,
,1970,0.338,
,1971,0.338,
,1972,0.338,
,1973,0.338,
,1974,0.338,
,1975,0.338,
,1976,0.338,
,1977,0.338,
,1978,0.338,
,1979,0.338,
,1980,0.338,
,1981,0.338,
,1982,0.338,
,1983,0.338,
,1984,0.338,
,1985,0.338,
,1986,0.338,
,1987,0.338,
,1988,0.338,
,1989,0.338,
,1990,0.329,
,1991,0.329,
,1992,0.352,
,1993,0.373,
,1994,0.295,
,1995,0.297,
,1996,0.325,
,1997,0.325,
,1998,0.325,
,1999,0.325,
,2000,0.325,
,2001,0.325,
,2002,0.325,
,2003,0.325,
,2004,0.324,
,2005,0.324,
,2006,0.329,
,2007,0.329,
,2008,0.301,
,2009,0.301,
,2010,0.289,
,2011,0.289,
,2012,0.289,
,2013,0.286,
,2014,0.279,
,2015,0.33,
,2016,0.329,
,2017,0.391,
,2018,0.419,
,2019,0.441,
,2020,0.404,
,2021,0.545,
,2022,0.544,
,2023,0.547,
,2024,0.435,
PAN,1903,0.538,
PAN,1904,0.538,
PAN,1905,0.618,
PAN,1906,0.618,
PAN,1907,0.618,
PAN,1908,0.618,
PAN,1909,0.618,
PAN,1910,0.618,
PAN,1911,0.618,
PAN,1912,0.618,
PAN,1913,0.618,
PAN,1914,0.618,
PAN,1915,0.618,
PAN,1916,0.618,
PAN,1917,0.618,
PAN,1918,0.618,
PAN,1919,0.618,
PAN,1920,0.618,
PAN,1921,0.618,
PAN,1922,0.618,
PAN,1923,0.618,
PAN,1924,0.618,
PAN,1925,0.618,
PAN,1926,0.618,
PAN,1927,0.618,
PAN,1928,0.618,
PAN,1929,0.618,
PAN,1930,0.618,
PAN,1931,0.618,
PAN,1932,0.618,
PAN,1933,0.618,
PAN,1934,0.618,
PAN,1935,0.618,
PAN,1936,0.618,
PAN,1937,0.618,
PAN,1938,0.618,
PAN,1939,0.618,
PAN,1940,0.618,
PAN,1941,0.618,
PAN,1942,0.618,
PAN,1943,0.618,
PAN,1944,0.618,
PAN,1945,0.645,
PAN,1946,0.645,
PAN,1947,0.618,
PAN,1948,0.618,
PAN,1949,0.618,
PAN,1950,0.618,
PAN,1951,0.618,
PAN,1952,0.618,
PAN,1953,0.618,
PAN,1954,0.618,
PAN,1955,0.618,
PAN,1956,0.618,
PAN,1957,0.618,
PAN,1958,0.618,
PAN,1959,0.618,
PAN,1960,0.618,
PAN,1961,0.618,
PAN,1962,0.618,
PAN,1963,0.618,
PAN,1964,0.618,
PAN,1965,0.618,
PAN,1966,0.618,
PAN,1967,0.618,
PAN,1968,0.684,
PAN,1969,0.624,
PAN,1970,0.624,
PAN,1971,0.624,
PAN,1972,0.624,
PAN,1973,0.669,
PAN,1974,0.669,
PAN,1975,0.669,
PAN,1976,0.669,
PAN,1977,0.669,
PAN,1978,0.669,
PAN,1979,0.669,
PAN,1980,0.703,
PAN,1981,0.742,
PAN,1982,0.805,
PAN,1983,0.764,
PAN,1984,0.764,
PAN,1985,0.764,
PAN,1986,0.764,
PAN,1987,0.764,
PAN,1988,0.764,
PAN,1989,0.764,
PAN,1990,0.703,
PAN,1991,0.577,
PAN,1992,0.577,
PAN,1993,0.577,
PAN,1994,0.577,
PAN,1995,0.577,
PAN,1996,0.577,
PAN,1997,0.577,
PAN,1998,0.577,
PAN,1999,0.577,
PAN,2000,0.577,
PAN,2001,0.577,
PAN,2002,0.577,
PAN,2003,0.577,
PAN,2004,0.577,
PAN,2005,0.577,
PAN,2006,0.577,
PAN,2007,0.577,
PAN,2008,0.577,
PAN,2009,0.577,
PAN,2010,0.577,
PAN,2011,0.577,
PAN,2012,0.577,
PAN,2013,0.572,
PAN,2014,0.572,
PAN,2015,0.572,
PAN,2016,0.572,
PAN,2017,0.545,
PAN,2018,0.502,
PAN,2019,0.499,
PAN,2020,0.508,
PAN,2021,0.473,
PAN,2022,0.473,
PAN,2023,0.493,North America
PAN,2024,0.473,
PNG,1900,0.551,
PNG,1901,0.551,
PNG,1902,0.551,
PNG,1903,0.551,
PNG,1904,0.551,
PNG,1905,0.551,
PNG,1906,0.551,
PNG,1907,0.551,
PNG,1908,0.551,
PNG,1909,0.551,
PNG,1910,0.551,
PNG,1911,0.551,
PNG,1912,0.551,
PNG,1913,0.551,
PNG,1914,0.551,
PNG,1915,0.551,
PNG,1916,0.551,
PNG,1917,0.551,
PNG,1918,0.551,
PNG,1919,0.551,
PNG,1920,0.551,
PNG,1921,0.551,
PNG,1922,0.551,
PNG,1923,0.551,
PNG,1924,0.551,
PNG,1925,0.551,
PNG,1926,0.551,
PNG,1927,0.551,
PNG,1928,0.551,
PNG,1929,0.551,
PNG,1930,0.551,
PNG,1931,0.551,
PNG,1932,0.551,
PNG,1933,0.551,
PNG,1934,0.551,
PNG,1935,0.551,
PNG,1936,0.551,
PNG,1937,0.551,
PNG,1938,0.551,
PNG,1939,0.551,
PNG,1940,0.551,
PNG,1941,0.551,
PNG,1942,0.551,
PNG,1943,0.551,
PNG,1944,0.551,
PNG,1945,0.551,
PNG,1946,0.551,
PNG,1947,0.551,
PNG,1948,0.551,
PNG,1949,0.551,
PNG,1950,0.551,
PNG,1951,0.659,
PNG,1952,0.659,
PNG,1953,0.659,
PNG,1954,0.659,
PNG,1955,0.659,
PNG,1956,0.659,
PNG,1957,0.659,
PNG,1958,0.659,
PNG,1959,0.659,
PNG,1960,0.659,
PNG,1961,0.659,
PNG,1962,0.659,
PNG,1963,0.659,
PNG,1964,0.659,
PNG,1965,0.659,
PNG,1966,0.659,
PNG,1967,0.659,
PNG,1968,0.659,
PNG,1969,0.659,
PNG,1970,0.653,
PNG,1971,0.653,
PNG,1972,0.653,
PNG,1973,0.653,
PNG,1974,0.653,
PNG,1975,0.62,
PNG,1976,0.62,
PNG,1977,0.62,
PNG,1978,0.62,
PNG,1979,0.62,
PNG,1980,0.62,
PNG,1981,0.62,
PNG,1982,0.62,
PNG,1983,0.62,
PNG,1984,0.62,
PNG,1985,0.62,
PNG,1986,0.62,
PNG,1987,0.62,
PNG,1988,0.62,
PNG,1989,0.62,
PNG,1990,0.62,
PNG,1991,0.62,
PNG,1992,0.62,
PNG,1993,0.62,
PNG,1994,0.62,
PNG,1995,0.62,
PNG,1996,0.62,
PNG,1997,0.62,
PNG,1998,0.62,
PNG,1999,0.62,
PNG,2000,0.62,
PNG,2001,0.62,
PNG,2002,0.62,
PNG,2003,0.62,
PNG,2004,0.62,
PNG,2005,0.62,
PNG,2006,0.62,
PNG,2007,0.62,
PNG,2008,0.62,
PNG,2009,0.62,
PNG,2010,0.638,
PNG,2011,0.666,
PNG,2012,0.674,
PNG,2013,0.674,
PNG,2014,0.674,
PNG,2015,0.674,
PNG,2016,0.674,
PNG,2017,0.705,
PNG,2018,0.709,
PNG,2019,0.698,
PNG,2020,0.681,
PNG,2021,0.729,
PNG,2022,0.729,
PNG,2023,0.757,Oceania
PNG,2024,0.722,
PRY,1811,0.538,
PRY,1812,0.508,
PRY,1813,0.508,
PRY,1814,0.476,
PRY,1815,0.476,
PRY,1816,0.476,
PRY,1817,0.476,
PRY,1818,0.476,
PRY,1819,0.476,
PRY,1820,0.476,
PRY,1821,0.476,
PRY,1822,0.476,
PRY,1823,0.476,
PRY,1824,0.476,
PRY,1825,0.476,
PRY,1826,0.476,
PRY,1827,0.476,
PRY,1828,0.476,
PRY,1829,0.476,
PRY,1830,0.476,
PRY,1831,0.476,
PRY,1832,0.476,
PRY,1833,0.476,
PRY,1834,0.476,
PRY,1835,0.476,
PRY,1836,0.476,
PRY,1837,0.476,
PRY,1838,0.476,
PRY,1839,0.476,
PRY,1840,0.419,
PRY,1841,0.517,
PRY,1842,0.517,
PRY,1843,0.517,
PRY,1844,0.644,
PRY,1845,0.644,
PRY,1846,0.644,
PRY,1847,0.644,
PRY,1848,0.644,
PRY,1849,0.644,
PRY,1850,0.644,
PRY,1851,0.644,
PRY,1852,0.644,
PRY,1853,0.644,
PRY,1854,0.644,
PRY,1855,0.644,
PRY,1856,0.644,
PRY,1857,0.644,
PRY,1858,0.644,
PRY,1859,0.644,
PRY,1860,0.644,
PRY,1861,0.644,
PRY,1862,0.644,
PRY,1863,0.644,
PRY,1864,0.644,
PRY,1865,0.644,
PRY,1866,0.644,
PRY,1867,0.644,
PRY,1868,0.644,
PRY,1869,0.644,
PRY,1870,0.867,
PRY,1871,0.926,
PRY,1872,0.926,
PRY,1873,0.926,
PRY,1874,0.926,
PRY,1875,0.926,
PRY,1876,0.926,
PRY,1877,0.926,
PRY,1878,0.926,
PRY,1879,0.926,
PRY,1880,0.926,
PRY,1881,0.926,
PRY,1882,0.926,
PRY,1883,0.926,
PRY,1884,0.926,
PRY,1885,0.926,
PRY,1886,0.926,
PRY,1887,0.926,
PRY,1888,0.926,
PRY,1889,0.926,
PRY,1890,0.926,
PRY,1891,0.926,
PRY,1892,0.926,
PRY,1893,0.926,
PRY,1894,0.926,
PRY,1895,0.926,
PRY,1896,0.926,
PRY,1897,0.926,
PRY,1898,0.926,
PRY,1899,0.926,
PRY,1900,0.912,
PRY,1901,0.912,
PRY,1902,0.912,
PRY,1903,0.912,
PRY,1904,0.911,
PRY,1905,0.911,
PRY,1906,0.911,
PRY,1907,0.911,
PRY,1908,0.911,
PRY,1909,0.911,
PRY,1910,0.911,
PRY,1911,0.911,
PRY,1912,0.911,
PRY,1913,0.911,
PRY,1914,0.911,
PRY,1915,0.911,
PRY,1916,0.911,
PRY,1917,0.911,
PRY,1918,0.911,
PRY,1919,0.911,
PRY,1920,0.911,
PRY,1921,0.911,
PRY,1922,0.911,
PRY,1923,0.826,
PRY,1924,0.826,
PRY,1925,0.826,
PRY,1926,0.826,
PRY,1927,0.826,
PRY,1928,0.826,
PRY,1929,0.826,
PRY,1930,0.826,
PRY,1931,0.826,
PRY,1932,0.826,
PRY,1933,0.826,
PRY,1934,0.826,
PRY,1935,0.826,
PRY,1936,0.842,
PRY,1937,0.842,
PRY,1938,0.85,
PRY,1939,0.877,
PRY,1940,0.917,
PRY,1941,0.907,
PRY,1942,0.907,
PRY,1943,0.907,
PRY,1944,0.907,
PRY,1945,0.907,
PRY,1946,0.907,
PRY,1947,0.907,
PRY,1948,0.917,
PRY,1949,0.921,
PRY,1950,0.921,
PRY,1951,0.921,
PRY,1952,0.921,
PRY,1953,0.921,
PRY,1954,0.921,
PRY,1955,0.921,
PRY,1956,0.921,
PRY,1957,0.921,
PRY,1958,0.921,
PRY,1959,0.921,
PRY,1960,0.907,
PRY,1961,0.92,
PRY,1962,0.92,
PRY,1963,0.927,
PRY,1964,0.927,
PRY,1965,0.927,
PRY,1966,0.96,
PRY,1967,0.96,
PRY,1968,0.96,
PRY,1969,0.96,
PRY,1970,0.96,
PRY,1971,0.96,
PRY,1972,0.96,
PRY,1973,0.96,
PRY,1974,0.96,
PRY,1975,0.96,
PRY,1976,0.96,
PRY,1977,0.96,
PRY,1978,0.96,
PRY,1979,0.96,
PRY,1980,0.96,
PRY,1981,0.96,
PRY,1982,0.96,
PRY,1983,0.96,
PRY,1984,0.96,
PRY,1985,0.96,
PRY,1986,0.96,
PRY,1987,0.96,
PRY,1988,0.96,
PRY,1989,0.943,
PRY,1990,0.932,
PRY,1991,0.932,
PRY,1992,0.915,
PRY,1993,0.896,
PRY,1994,0.896,
PRY,1995,0.896,
PRY,1996,0.896,
PRY,1997,0.896,
PRY,1998,0.896,
PRY,1999,0.898,
PRY,2000,0.872,
PRY,2001,0.872,
PRY,2002,0.872,
PRY,2003,0.828,
PRY,2004,0.812,
PRY,2005,0.812,
PRY,2006,0.812,
PRY,2007,0.811,
PRY,2008,0.759,
PRY,2009,0.759,
PRY,2010,0.759,
PRY,2011,0.759,
PRY,2012,0.807,
PRY,2013,0.828,
PRY,2014,0.826,
PRY,2015,0.838,
PRY,2016,0.838,
PRY,2017,0.833,
PRY,2018,0.787,
PRY,2019,0.791,
PRY,2020,0.768,
PRY,2021,0.768,
PRY,2022,0.776,
PRY,2023,0.776,South America
PRY,2024,0.801,
OWID_PMA,1789,0.634,
OWID_PMA,1790,0.634,
OWID_PMA,1791,0.634,
OWID_PMA,1792,0.634,
OWID_PMA,1793,0.634,
OWID_PMA,1794,0.634,
OWID_PMA,1795,0.634,
OWID_PMA,1796,0.634,
OWID_PMA,1797,0.634,
OWID_PMA,1798,0.634,
OWID_PMA,1799,0.634,
OWID_PMA,1800,0.634,
OWID_PMA,1801,0.634,
OWID_PMA,1802,0.634,
OWID_PMA,1814,0.365,
OWID_PMA,1815,0.365,
OWID_PMA,1816,0.365,
OWID_PMA,1817,0.365,
OWID_PMA,1818,0.365,
OWID_PMA,1819,0.365,
OWID_PMA,1820,0.365,
OWID_PMA,1821,0.468,
OWID_PMA,1822,0.363,
OWID_PMA,1823,0.363,
OWID_PMA,1824,0.363,
OWID_PMA,1825,0.363,
OWID_PMA,1826,0.363,
OWID_PMA,1827,0.363,
OWID_PMA,1828,0.363,
OWID_PMA,1829,0.464,
OWID_PMA,1830,0.464,
OWID_PMA,1831,0.325,
OWID_PMA,1832,0.325,
OWID_PMA,1833,0.325,
OWID_PMA,1834,0.325,
OWID_PMA,1835,0.325,
OWID_PMA,1836,0.325,
OWID_PMA,1837,0.325,
OWID_PMA,1838,0.325,
OWID_PMA,1839,0.325,
OWID_PMA,1840,0.325,
OWID_PMA,1841,0.325,
OWID_PMA,1842,0.325,
OWID_PMA,1843,0.325,
OWID_PMA,1844,0.325,
OWID_PMA,1845,0.325,
OWID_PMA,1846,0.325,
OWID_PMA,1847,0.325,
OWID_PMA,1848,0.325,
OWID_PMA,1849,0.325,
OWID_PMA,1850,0.325,
OWID_PMA,1851,0.325,
OWID_PMA,1852,0.325,
OWID_PMA,1853,0.325,
OWID_PMA,1854,0.325,
OWID_PMA,1855,0.325,
OWID_PMA,1856,0.325,
OWID_PMA,1857,0.325,
OWID_PMA,1858,0.325,
OWID_PMA,1859,0.325,
PER,1821,0.664,
PER,1822,0.664,
PER,1823,0.599,
PER,1824,0.599,
PER,1825,0.599,
PER,1826,0.664,
PER,1827,0.603,
PER,1828,0.603,
PER,1829,0.631,
PER,1830,0.631,
PER,1831,0.631,
PER,1832,0.631,
PER,1833,0.631,
PER,1834,0.566,
PER,1835,0.566,
PER,1836,0.605,
PER,1837,0.605,
PER,1838,0.605,
PER,1839,0.605,
PER,1840,0.605,
PER,1841,0.605,
PER,1842,0.605,
PER,1843,0.605,
PER,1844,0.605,
PER,1845,0.628,
PER,1846,0.628,
PER,1847,0.628,
PER,1848,0.628,
PER,1849,0.628,
PER,1850,0.628,
PER,1851,0.696,
PER,1852,0.696,
PER,1853,0.696,
PER,1854,0.696,
PER,1855,0.629,
PER,1856,0.629,
PER,1857,0.629,
PER,1858,0.629,
PER,1859,0.629,
PER,1860,0.624,
PER,1861,0.624,
PER,1862,0.624,
PER,1863,0.661,
PER,1864,0.661,
PER,1865,0.661,
PER,1866,0.625,
PER,1867,0.625,
PER,1868,0.535,
PER,1869,0.728,
PER,1870,0.728,
PER,1871,0.728,
PER,1872,0.534,
PER,1873,0.534,
PER,1874,0.558,
PER,1875,0.533,
PER,1876,0.533,
PER,1877,0.622,
PER,1878,0.622,
PER,1879,0.698,
PER,1880,0.595,
PER,1881,0.595,
PER,1882,0.595,
PER,1883,0.595,
PER,1884,0.7,
PER,1885,0.7,
PER,1886,0.662,
PER,1887,0.662,
PER,1888,0.662,
PER,1889,0.662,
PER,1890,0.662,
PER,1891,0.662,
PER,1892,0.662,
PER,1893,0.662,
PER,1894,0.662,
PER,1895,0.598,
PER,1896,0.598,
PER,1897,0.598,
PER,1898,0.598,
PER,1899,0.598,
PER,1900,0.493,
PER,1901,0.493,
PER,1902,0.493,
PER,1903,0.493,
PER,1904,0.493,
PER,1905,0.516,
PER,1906,0.516,
PER,1907,0.516,
PER,1908,0.554,
PER,1909,0.554,
PER,1910,0.533,
PER,1911,0.533,
PER,1912,0.457,
PER,1913,0.457,
PER,1914,0.533,
PER,1915,0.533,
PER,1916,0.496,
PER,1917,0.496,
PER,1918,0.496,
PER,1919,0.496,
PER,1920,0.618,
PER,1921,0.618,
PER,1922,0.618,
PER,1923,0.618,
PER,1924,0.618,
PER,1925,0.618,
PER,1926,0.618,
PER,1927,0.618,
PER,1928,0.618,
PER,1929,0.618,
PER,1930,0.618,
PER,1931,0.539,
PER,1932,0.539,
PER,1933,0.539,
PER,1934,0.539,
PER,1935,0.539,
PER,1936,0.539,
PER,1937,0.539,
PER,1938,0.539,
PER,1939,0.539,
PER,1940,0.604,
PER,1941,0.604,
PER,1942,0.604,
PER,1943,0.604,
PER,1944,0.604,
PER,1945,0.604,
PER,1946,0.604,
PER,1947,0.604,
PER,1948,0.595,
PER,1949,0.536,
PER,1950,0.536,
PER,1951,0.62,
PER,1952,0.62,
PER,1953,0.62,
PER,1954,0.62,
PER,1955,0.62,
PER,1956,0.558,
PER,1957,0.429,
PER,1958,0.429,
PER,1959,0.429,
PER,1960,0.429,
PER,1961,0.429,
PER,1962,0.363,
PER,1963,0.363,
PER,1964,0.414,
PER,1965,0.414,
PER,1966,0.414,
PER,1967,0.414,
PER,1968,0.363,
PER,1969,0.393,
PER,1970,0.393,
PER,1971,0.393,
PER,1972,0.393,
PER,1973,0.393,
PER,1974,0.393,
PER,1975,0.393,
PER,1976,0.393,
PER,1977,0.393,
PER,1978,0.393,
PER,1979,0.393,
PER,1980,0.357,
PER,1981,0.386,
PER,1982,0.386,
PER,1983,0.386,
PER,1984,0.386,
PER,1985,0.419,
PER,1986,0.462,
PER,1987,0.462,
PER,1988,0.462,
PER,1989,0.462,
PER,1990,0.541,
PER,1991,0.541,
PER,1992,0.562,
PER,1993,0.691,
PER,1994,0.691,
PER,1995,0.691,
PER,1996,0.691,
PER,1997,0.691,
PER,1998,0.683,
PER,1999,0.683,
PER,2000,0.655,
PER,2001,0.474,
PER,2002,0.516,
PER,2003,0.516,
PER,2004,0.516,
PER,2005,0.516,
PER,2006,0.533,
PER,2007,0.533,
PER,2008,0.533,
PER,2009,0.533,
PER,2010,0.542,
PER,2011,0.505,
PER,2012,0.514,
PER,2013,0.538,
PER,2014,0.538,
PER,2015,0.523,
PER,2016,0.525,
PER,2017,0.52,
PER,2018,0.508,
PER,2019,0.526,
PER,2020,0.529,
PER,2021,0.517,
PER,2022,0.618,
PER,2023,0.572,South America
PER,2024,0.66,
PHL,1900,0.693,
PHL,1901,0.643,
PHL,1902,0.643,
PHL,1903,0.643,
PHL,1904,0.643,
PHL,1905,0.643,
PHL,1906,0.643,
PHL,1907,0.643,
PHL,1908,0.661,
PHL,1909,0.661,
PHL,1910,0.661,
PHL,1911,0.661,
PHL,1912,0.661,
PHL,1913,0.661,
PHL,1914,0.661,
PHL,1915,0.661,
PHL,1916,0.661,
PHL,1917,0.661,
PHL,1918,0.661,
PHL,1919,0.661,
PHL,1920,0.661,
PHL,1921,0.661,
PHL,1922,0.661,
PHL,1923,0.661,
PHL,1924,0.661,
PHL,1925,0.661,
PHL,1926,0.661,
PHL,1927,0.661,
PHL,1928,0.661,
PHL,1929,0.661,
PHL,1930,0.661,
PHL,1931,0.661,
PHL,1932,0.661,
PHL,1933,0.661,
PHL,1934,0.661,
PHL,1935,0.659,
PHL,1936,0.679,
PHL,1937,0.679,
PHL,1938,0.679,
PHL,1939,0.679,
PHL,1940,0.679,
PHL,1941,0.685,
PHL,1942,0.751,
PHL,1943,0.751,
PHL,1944,0.789,
PHL,1945,0.787,
PHL,1946,0.705,
PHL,1947,0.705,
PHL,1948,0.705,
PHL,1949,0.705,
PHL,1950,0.705,
PHL,1951,0.705,
PHL,1952,0.705,
PHL,1953,0.705,
PHL,1954,0.705,
PHL,1955,0.705,
PHL,1956,0.705,
PHL,1957,0.705,
PHL,1958,0.714,
PHL,1959,0.714,
PHL,1960,0.714,
PHL,1961,0.714,
PHL,1962,0.714,
PHL,1963,0.714,
PHL,1964,0.714,
PHL,1965,0.733,
PHL,1966,0.749,
PHL,1967,0.749,
PHL,1968,0.749,
PHL,1969,0.773,
PHL,1970,0.773,
PHL,1971,0.804,
PHL,1972,0.876,
PHL,1973,0.868,
PHL,1974,0.868,
PHL,1975,0.868,
PHL,1976,0.868,
PHL,1977,0.868,
PHL,1978,0.884,
PHL,1979,0.89,
PHL,1980,0.89,
PHL,1981,0.89,
PHL,1982,0.89,
PHL,1983,0.89,
PHL,1984,0.89,
PHL,1985,0.887,
PHL,1986,0.785,
PHL,1987,0.765,
PHL,1988,0.758,
PHL,1989,0.758,
PHL,1990,0.758,
PHL,1991,0.726,
PHL,1992,0.711,
PHL,1993,0.711,
PHL,1994,0.719,
PHL,1995,0.719,
PHL,1996,0.719,
PHL,1997,0.719,
PHL,1998,0.76,
PHL,1999,0.769,
PHL,2000,0.769,
PHL,2001,0.765,
PHL,2002,0.749,
PHL,2003,0.749,
PHL,2004,0.809,
PHL,2005,0.809,
PHL,2006,0.809,
PHL,2007,0.809,
PHL,2008,0.809,
PHL,2009,0.809,
PHL,2010,0.729,
PHL,2011,0.721,
PHL,2012,0.721,
PHL,2013,0.719,
PHL,2014,0.719,
PHL,2015,0.719,
PHL,2016,0.736,
PHL,2017,0.746,
PHL,2018,0.746,
PHL,2019,0.755,
PHL,2020,0.779,
PHL,2021,0.784,
PHL,2022,0.817,
PHL,2023,0.83,Asia
PHL,2024,0.849,
,1789,0.242,
,1790,0.242,
,1791,0.242,
,1792,0.242,
,1793,0.242,
,1794,0.242,
,1795,0.242,
,1796,0.242,
,1797,0.242,
,1798,0.242,
,1799,0.242,
,1800,0.203,
,1801,0.203,
,1802,0.242,
,1803,0.242,
,1804,0.242,
,1805,0.242,
,1806,0.242,
,1807,0.242,
,1808,0.242,
,1809,0.242,
,1810,0.242,
,1811,0.242,
,1812,0.242,
,1813,0.242,
,1814,0.242,
,1815,0.242,
,1816,0.242,
,1817,0.242,
,1818,0.242,
,1819,0.242,
,1820,0.242,
,1821,0.242,
,1822,0.242,
,1823,0.242,
,1824,0.242,
,1825,0.242,
,1826,0.242,
,1827,0.242,
,1828,0.242,
,1829,0.242,
,1830,0.242,
,1831,0.242,
,1832,0.242,
,1833,0.242,
,1834,0.242,
,1835,0.242,
,1836,0.242,
,1837,0.242,
,1838,0.242,
,1839,0.242,
,1840,0.242,
,1841,0.242,
,1842,0.242,
,1843,0.242,
,1844,0.242,
,1845,0.242,
,1846,0.242,
,1847,0.242,
,1848,0.239,
,1849,0.239,
,1850,0.239,
,1851,0.239,
,1852,0.239,
,1853,0.239,
,1854,0.239,
,1855,0.239,
,1856,0.239,
,1857,0.239,
,1858,0.239,
,1859,0.239,
,1860,0.239,
PCN,2023,,Oceania
POL,1790,0.865,
POL,1791,0.796,
POL,1792,0.796,
POL,1793,0.904,
POL,1794,0.788,
POL,1795,0.942,
POL,1807,0.315,
POL,1808,0.315,
POL,1809,0.315,
POL,1810,0.315,
POL,1811,0.315,
POL,1812,0.315,
POL,1813,0.536,
POL,1814,0.581,
POL,1815,0.481,
POL,1816,0.481,
POL,1817,0.481,
POL,1818,0.481,
POL,1819,0.481,
POL,1820,0.481,
POL,1821,0.481,
POL,1822,0.481,
POL,1823,0.481,
POL,1824,0.481,
POL,1825,0.481,
POL,1826,0.481,
POL,1827,0.481,
POL,1828,0.481,
POL,1829,0.481,
POL,1830,0.44,
POL,1831,0.308,
POL,1832,0.765,
POL,1833,0.765,
POL,1834,0.765,
POL,1835,0.765,
POL,1836,0.765,
POL,1837,0.765,
POL,1838,0.765,
POL,1839,0.765,
POL,1840,0.765,
POL,1841,0.765,
POL,1842,0.765,
POL,1843,0.765,
POL,1844,0.765,
POL,1845,0.765,
POL,1846,0.765,
POL,1847,0.765,
POL,1848,0.765,
POL,1849,0.765,
POL,1850,0.765,
POL,1851,0.765,
POL,1852,0.765,
POL,1853,0.765,
POL,1854,0.765,
POL,1855,0.765,
POL,1856,0.765,
POL,1857,0.765,
POL,1858,0.765,
POL,1859,0.765,
POL,1860,0.765,
POL,1861,0.765,
POL,1862,0.765,
POL,1863,0.765,
POL,1864,0.765,
POL,1865,0.765,
POL,1866,0.765,
POL,1867,0.765,
POL,1918,0.099,
POL,1919,0.099,
POL,1920,0.151,
POL,1921,0.173,
POL,1922,0.175,
POL,1923,0.175,
POL,1924,0.175,
POL,1925,0.175,
POL,1926,0.152,
POL,1927,0.155,
POL,1928,0.15,
POL,1929,0.155,
POL,1930,0.164,
POL,1931,0.164,
POL,1932,0.164,
POL,1933,0.164,
POL,1934,0.164,
POL,1935,0.164,
POL,1936,0.167,
POL,1937,0.167,
POL,1938,0.167,
POL,1944,0.154,
POL,1945,0.157,
POL,1946,0.157,
POL,1947,0.157,
POL,1948,0.157,
POL,1949,0.157,
POL,1950,0.157,
POL,1951,0.157,
POL,1952,0.157,
POL,1953,0.157,
POL,1954,0.157,
POL,1955,0.157,
POL,1956,0.157,
POL,1957,0.157,
POL,1958,0.157,
POL,1959,0.157,
POL,1960,0.157,
POL,1961,0.157,
POL,1962,0.157,
POL,1963,0.157,
POL,1964,0.157,
POL,1965,0.157,
POL,1966,0.157,
POL,1967,0.157,
POL,1968,0.157,
POL,1969,0.157,
POL,1970,0.172,
POL,1971,0.176,
POL,1972,0.176,
POL,1973,0.176,
POL,1974,0.176,
POL,1975,0.176,
POL,1976,0.182,
POL,1977,0.182,
POL,1978,0.182,
POL,1979,0.182,
POL,1980,0.186,
POL,1981,0.178,
POL,1982,0.156,
POL,1983,0.17,
POL,1984,0.17,
POL,1985,0.175,
POL,1986,0.175,
POL,1987,0.175,
POL,1988,0.175,
POL,1989,0.204,
POL,1990,0.082,
POL,1991,0.082,
POL,1992,0.082,
POL,1993,0.082,
POL,1994,0.082,
POL,1995,0.082,
POL,1996,0.082,
POL,1997,0.082,
POL,1998,0.082,
POL,1999,0.082,
POL,2000,0.082,
POL,2001,0.082,
POL,2002,0.082,
POL,2003,0.082,
POL,2004,0.082,
POL,2005,0.082,
POL,2006,0.081,
POL,2007,0.081,
POL,2008,0.082,
POL,2009,0.082,
POL,2010,0.084,
POL,2011,0.084,
POL,2012,0.084,
POL,2013,0.084,
POL,2014,0.092,
POL,2015,0.072,
POL,2016,0.093,
POL,2017,0.094,
POL,2018,0.105,
POL,2019,0.105,
POL,2020,0.123,
POL,2021,0.137,
POL,2022,0.137,
POL,2023,0.127,Europe
POL,2024,0.097,
PRT,1789,0.545,
PRT,1790,0.545,
PRT,1791,0.545,
PRT,1792,0.545,
PRT,1793,0.545,
PRT,1794,0.545,
PRT,1795,0.545,
PRT,1796,0.545,
PRT,1797,0.545,
PRT,1798,0.545,
PRT,1799,0.545,
PRT,1800,0.545,
PRT,1801,0.545,
PRT,1802,0.545,
PRT,1803,0.545,
PRT,1804,0.545,
PRT,1805,0.545,
PRT,1806,0.545,
PRT,1807,0.545,
PRT,1808,0.545,
PRT,1809,0.545,
PRT,1810,0.545,
PRT,1811,0.545,
PRT,1812,0.545,
PRT,1813,0.545,
PRT,1814,0.545,
PRT,1815,0.545,
PRT,1816,0.545,
PRT,1817,0.545,
PRT,1818,0.545,
PRT,1819,0.545,
PRT,1820,0.526,
PRT,1821,0.526,
PRT,1822,0.526,
PRT,1823,0.526,
PRT,1824,0.526,
PRT,1825,0.526,
PRT,1826,0.526,
PRT,1827,0.489,
PRT,1828,0.489,
PRT,1829,0.489,
PRT,1830,0.489,
PRT,1831,0.489,
PRT,1832,0.489,
PRT,1833,0.489,
PRT,1834,0.556,
PRT,1835,0.58,
PRT,1836,0.58,
PRT,1837,0.58,
PRT,1838,0.58,
PRT,1839,0.58,
PRT,1840,0.58,
PRT,1841,0.58,
PRT,1842,0.58,
PRT,1843,0.58,
PRT,1844,0.58,
PRT,1845,0.58,
PRT,1846,0.58,
PRT,1847,0.58,
PRT,1848,0.58,
PRT,1849,0.58,
PRT,1850,0.58,
PRT,1851,0.496,
PRT,1852,0.473,
PRT,1853,0.439,
PRT,1854,0.439,
PRT,1855,0.439,
PRT,1856,0.439,
PRT,1857,0.439,
PRT,1858,0.439,
PRT,1859,0.439,
PRT,1860,0.367,
PRT,1861,0.367,
PRT,1862,0.367,
PRT,1863,0.367,
PRT,1864,0.367,
PRT,1865,0.367,
PRT,1866,0.367,
PRT,1867,0.367,
PRT,1868,0.367,
PRT,1869,0.367,
PRT,1870,0.367,
PRT,1871,0.367,
PRT,1872,0.367,
PRT,1873,0.367,
PRT,1874,0.367,
PRT,1875,0.367,
PRT,1876,0.367,
PRT,1877,0.367,
PRT,1878,0.367,
PRT,1879,0.367,
PRT,1880,0.367,
PRT,1881,0.367,
PRT,1882,0.367,
PRT,1883,0.367,
PRT,1884,0.367,
PRT,1885,0.367,
PRT,1886,0.367,
PRT,1887,0.367,
PRT,1888,0.367,
PRT,1889,0.367,
PRT,1890,0.367,
PRT,1891,0.367,
PRT,1892,0.328,
PRT,1893,0.328,
PRT,1894,0.328,
PRT,1895,0.328,
PRT,1896,0.328,
PRT,1897,0.328,
PRT,1898,0.328,
PRT,1899,0.328,
PRT,1900,0.328,
PRT,1901,0.328,
PRT,1902,0.328,
PRT,1903,0.328,
PRT,1904,0.328,
PRT,1905,0.328,
PRT,1906,0.328,
PRT,1907,0.328,
PRT,1908,0.328,
PRT,1909,0.328,
PRT,1910,0.244,
PRT,1911,0.244,
PRT,1912,0.319,
PRT,1913,0.319,
PRT,1914,0.319,
PRT,1915,0.319,
PRT,1916,0.319,
PRT,1917,0.319,
PRT,1918,0.319,
PRT,1919,0.319,
PRT,1920,0.319,
PRT,1921,0.319,
PRT,1922,0.319,
PRT,1923,0.319,
PRT,1924,0.319,
PRT,1925,0.319,
PRT,1926,0.214,
PRT,1927,0.214,
PRT,1928,0.214,
PRT,1929,0.214,
PRT,1930,0.214,
PRT,1931,0.214,
PRT,1932,0.27,
PRT,1933,0.262,
PRT,1934,0.263,
PRT,1935,0.263,
PRT,1936,0.263,
PRT,1937,0.263,
PRT,1938,0.263,
PRT,1939,0.263,
PRT,1940,0.263,
PRT,1941,0.263,
PRT,1942,0.263,
PRT,1943,0.263,
PRT,1944,0.263,
PRT,1945,0.263,
PRT,1946,0.263,
PRT,1947,0.263,
PRT,1948,0.263,
PRT,1949,0.263,
PRT,1950,0.263,
PRT,1951,0.263,
PRT,1952,0.263,
PRT,1953,0.263,
PRT,1954,0.263,
PRT,1955,0.263,
PRT,1956,0.263,
PRT,1957,0.263,
PRT,1958,0.263,
PRT,1959,0.263,
PRT,1960,0.251,
PRT,1961,0.251,
PRT,1962,0.251,
PRT,1963,0.251,
PRT,1964,0.251,
PRT,1965,0.243,
PRT,1966,0.243,
PRT,1967,0.243,
PRT,1968,0.243,
PRT,1969,0.243,
PRT,1970,0.243,
PRT,1971,0.243,
PRT,1972,0.243,
PRT,1973,0.243,
PRT,1974,0.135,
PRT,1975,0.083,
PRT,1976,0.083,
PRT,1977,0.089,
PRT,1978,0.089,
PRT,1979,0.089,
PRT,1980,0.109,
PRT,1981,0.109,
PRT,1982,0.109,
PRT,1983,0.109,
PRT,1984,0.109,
PRT,1985,0.109,
PRT,1986,0.106,
PRT,1987,0.106,
PRT,1988,0.106,
PRT,1989,0.106,
PRT,1990,0.106,
PRT,1991,0.106,
PRT,1992,0.1,
PRT,1993,0.1,
PRT,1994,0.1,
PRT,1995,0.1,
PRT,1996,0.094,
PRT,1997,0.089,
PRT,1998,0.089,
PRT,1999,0.089,
PRT,2000,0.089,
PRT,2001,0.089,
PRT,2002,0.089,
PRT,2003,0.089,
PRT,2004,0.089,
PRT,2005,0.089,
PRT,2006,0.092,
PRT,2007,0.092,
PRT,2008,0.092,
PRT,2009,0.092,
PRT,2010,0.092,
PRT,2011,0.092,
PRT,2012,0.09,
PRT,2013,0.093,
PRT,2014,0.093,
PRT,2015,0.096,
PRT,2016,0.108,
PRT,2017,0.096,
PRT,2018,0.101,
PRT,2019,0.106,
PRT,2020,0.122,
PRT,2021,0.131,
PRT,2022,0.14,
PRT,2023,0.172,Europe
PRT,2024,0.164,
PRI,2023,,North America
QAT,1900,0.755,
QAT,1901,0.755,
QAT,1902,0.755,
QAT,1903,0.755,
QAT,1904,0.755,
QAT,1905,0.755,
QAT,1906,0.755,
QAT,1907,0.755,
QAT,1908,0.755,
QAT,1909,0.755,
QAT,1910,0.755,
QAT,1911,0.755,
QAT,1912,0.755,
QAT,1913,0.755,
QAT,1914,0.755,
QAT,1915,0.755,
QAT,1916,0.755,
QAT,1917,0.755,
QAT,1918,0.755,
QAT,1919,0.755,
QAT,1920,0.755,
QAT,1921,0.755,
QAT,1922,0.755,
QAT,1923,0.755,
QAT,1924,0.755,
QAT,1925,0.755,
QAT,1926,0.755,
QAT,1927,0.755,
QAT,1928,0.755,
QAT,1929,0.755,
QAT,1930,0.755,
QAT,1931,0.755,
QAT,1932,0.755,
QAT,1933,0.755,
QAT,1934,0.755,
QAT,1935,0.755,
QAT,1936,0.755,
QAT,1937,0.755,
QAT,1938,0.755,
QAT,1939,0.755,
QAT,1940,0.755,
QAT,1941,0.755,
QAT,1942,0.755,
QAT,1943,0.755,
QAT,1944,0.755,
QAT,1945,0.755,
QAT,1946,0.755,
QAT,1947,0.755,
QAT,1948,0.755,
QAT,1949,0.755,
QAT,1950,0.755,
QAT,1951,0.755,
QAT,1952,0.755,
QAT,1953,0.755,
QAT,1954,0.755,
QAT,1955,0.755,
QAT,1956,0.755,
QAT,1957,0.755,
QAT,1958,0.755,
QAT,1959,0.755,
QAT,1960,0.755,
QAT,1961,0.738,
QAT,1962,0.738,
QAT,1963,0.738,
QAT,1964,0.738,
QAT,1965,0.738,
QAT,1966,0.738,
QAT,1967,0.738,
QAT,1968,0.738,
QAT,1969,0.738,
QAT,1970,0.59,
QAT,1971,0.549,
QAT,1972,0.539,
QAT,1973,0.479,
QAT,1974,0.479,
QAT,1975,0.479,
QAT,1976,0.479,
QAT,1977,0.479,
QAT,1978,0.479,
QAT,1979,0.479,
QAT,1980,0.479,
QAT,1981,0.479,
QAT,1982,0.479,
QAT,1983,0.479,
QAT,1984,0.479,
QAT,1985,0.479,
QAT,1986,0.479,
QAT,1987,0.479,
QAT,1988,0.479,
QAT,1989,0.479,
QAT,1990,0.438,
QAT,1991,0.438,
QAT,1992,0.438,
QAT,1993,0.442,
QAT,1994,0.442,
QAT,1995,0.442,
QAT,1996,0.42,
QAT,1997,0.393,
QAT,1998,0.393,
QAT,1999,0.393,
QAT,2000,0.393,
QAT,2001,0.393,
QAT,2002,0.393,
QAT,2003,0.393,
QAT,2004,0.393,
QAT,2005,0.393,
QAT,2006,0.393,
QAT,2007,0.393,
QAT,2008,0.393,
QAT,2009,0.393,
QAT,2010,0.38,
QAT,2011,0.38,
QAT,2012,0.38,
QAT,2013,0.406,
QAT,2014,0.406,
QAT,2015,0.406,
QAT,2016,0.406,
QAT,2017,0.386,
QAT,2018,0.369,
QAT,2019,0.369,
QAT,2020,0.369,
QAT,2021,0.385,
QAT,2022,0.371,
QAT,2023,0.371,Asia
QAT,2024,0.371,
OWID_RVN,1902,0.475,
OWID_RVN,1903,0.475,
OWID_RVN,1904,0.475,
OWID_RVN,1905,0.475,
OWID_RVN,1906,0.475,
OWID_RVN,1907,0.475,
OWID_RVN,1908,0.475,
OWID_RVN,1909,0.475,
OWID_RVN,1910,0.475,
OWID_RVN,1911,0.475,
OWID_RVN,1912,0.475,
OWID_RVN,1913,0.458,
OWID_RVN,1914,0.44,
OWID_RVN,1915,0.44,
OWID_RVN,1916,0.44,
OWID_RVN,1917,0.44,
OWID_RVN,1918,0.44,
OWID_RVN,1919,0.44,
OWID_RVN,1920,0.44,
OWID_RVN,1921,0.44,
OWID_RVN,1922,0.44,
OWID_RVN,1923,0.44,
OWID_RVN,1924,0.44,
OWID_RVN,1925,0.44,
OWID_RVN,1926,0.44,
OWID_RVN,1927,0.44,
OWID_RVN,1928,0.44,
OWID_RVN,1929,0.44,
OWID_RVN,1930,0.44,
OWID_RVN,1931,0.44,
OWID_RVN,1932,0.44,
OWID_RVN,1933,0.44,
OWID_RVN,1934,0.44,
OWID_RVN,1935,0.44,
OWID_RVN,1936,0.44,
OWID_RVN,1937,0.44,
OWID_RVN,1938,0.44,
OWID_RVN,1939,0.44,
OWID_RVN,1940,0.44,
OWID_RVN,1941,0.44,
OWID_RVN,1942,0.44,
OWID_RVN,1943,0.44,
OWID_RVN,1944,0.44,
OWID_RVN,1945,0.44,
OWID_RVN,1946,0.44,
OWID_RVN,1947,0.44,
OWID_RVN,1948,0.44,
OWID_RVN,1949,0.495,
OWID_RVN,1950,0.495,
OWID_RVN,1951,0.495,
OWID_RVN,1952,0.495,
OWID_RVN,1953,0.495,
OWID_RVN,1954,0.495,
OWID_RVN,1955,0.607,
OWID_RVN,1956,0.607,
OWID_RVN,1957,0.583,
OWID_RVN,1958,0.583,
OWID_RVN,1959,0.583,
OWID_RVN,1960,0.583,
OWID_RVN,1961,0.583,
OWID_RVN,1962,0.583,
OWID_RVN,1963,0.607,
OWID_RVN,1964,0.643,
OWID_RVN,1965,0.643,
OWID_RVN,1966,0.643,
OWID_RVN,1967,0.643,
OWID_RVN,1968,0.607,
OWID_RVN,1969,0.607,
OWID_RVN,1970,0.607,
OWID_RVN,1971,0.607,
OWID_RVN,1972,0.607,
OWID_RVN,1973,0.607,
OWID_RVN,1974,0.607,
OWID_RVN,1975,0.607,
OWID_RVN,2023,,Asia
REU,2023,,Africa
ROU,1900,0.537,
ROU,1901,0.537,
ROU,1902,0.537,
ROU,1903,0.537,
ROU,1904,0.537,
ROU,1905,0.537,
ROU,1906,0.537,
ROU,1907,0.537,
ROU,1908,0.537,
ROU,1909,0.537,
ROU,1910,0.537,
ROU,1911,0.537,
ROU,1912,0.537,
ROU,1913,0.537,
ROU,1914,0.516,
ROU,1915,0.516,
ROU,1916,0.516,
ROU,1917,0.516,
ROU,1918,0.539,
ROU,1919,0.539,
ROU,1920,0.539,
ROU,1921,0.539,
ROU,1922,0.539,
ROU,1923,0.539,
ROU,1924,0.539,
ROU,1925,0.516,
ROU,1926,0.522,
ROU,1927,0.522,
ROU,1928,0.522,
ROU,1929,0.543,
ROU,1930,0.543,
ROU,1931,0.543,
ROU,1932,0.543,
ROU,1933,0.543,
ROU,1934,0.543,
ROU,1935,0.538,
ROU,1936,0.538,
ROU,1937,0.538,
ROU,1938,0.501,
ROU,1939,0.414,
ROU,1940,0.376,
ROU,1941,0.376,
ROU,1942,0.376,
ROU,1943,0.376,
ROU,1944,0.376,
ROU,1945,0.282,
ROU,1946,0.343,
ROU,1947,0.343,
ROU,1948,0.286,
ROU,1949,0.295,
ROU,1950,0.295,
ROU,1951,0.295,
ROU,1952,0.295,
ROU,1953,0.295,
ROU,1954,0.295,
ROU,1955,0.295,
ROU,1956,0.295,
ROU,1957,0.295,
ROU,1958,0.295,
ROU,1959,0.295,
ROU,1960,0.295,
ROU,1961,0.295,
ROU,1962,0.295,
ROU,1963,0.295,
ROU,1964,0.295,
ROU,1965,0.295,
ROU,1966,0.311,
ROU,1967,0.311,
ROU,1968,0.311,
ROU,1969,0.311,
ROU,1970,0.311,
ROU,1971,0.311,
ROU,1972,0.311,
ROU,1973,0.311,
ROU,1974,0.323,
ROU,1975,0.323,
ROU,1976,0.323,
ROU,1977,0.323,
ROU,1978,0.323,
ROU,1979,0.323,
ROU,1980,0.323,
ROU,1981,0.323,
ROU,1982,0.323,
ROU,1983,0.323,
ROU,1984,0.323,
ROU,1985,0.323,
ROU,1986,0.323,
ROU,1987,0.323,
ROU,1988,0.323,
ROU,1989,0.373,
ROU,1990,0.649,
ROU,1991,0.712,
ROU,1992,0.712,
ROU,1993,0.712,
ROU,1994,0.712,
ROU,1995,0.712,
ROU,1996,0.712,
ROU,1997,0.712,
ROU,1998,0.712,
ROU,1999,0.712,
ROU,2000,0.786,
ROU,2001,0.781,
ROU,2002,0.781,
ROU,2003,0.781,
ROU,2004,0.712,
ROU,2005,0.701,
ROU,2006,0.689,
ROU,2007,0.667,
ROU,2008,0.648,
ROU,2009,0.638,
ROU,2010,0.596,
ROU,2011,0.596,
ROU,2012,0.593,
ROU,2013,0.472,
ROU,2014,0.443,
ROU,2015,0.443,
ROU,2016,0.356,
ROU,2017,0.466,
ROU,2018,0.506,
ROU,2019,0.388,
ROU,2020,0.35,
ROU,2021,0.296,
ROU,2022,0.318,
ROU,2023,0.328,Europe
ROU,2024,0.383,
RUS,1789,0.82,
RUS,1790,0.82,
RUS,1791,0.82,
RUS,1792,0.82,
RUS,1793,0.82,
RUS,1794,0.82,
RUS,1795,0.82,
RUS,1796,0.82,
RUS,1797,0.82,
RUS,1798,0.82,
RUS,1799,0.82,
RUS,1800,0.82,
RUS,1801,0.82,
RUS,1802,0.82,
RUS,1803,0.82,
RUS,1804,0.82,
RUS,1805,0.82,
RUS,1806,0.82,
RUS,1807,0.82,
RUS,1808,0.82,
RUS,1809,0.82,
RUS,1810,0.82,
RUS,1811,0.82,
RUS,1812,0.82,
RUS,1813,0.82,
RUS,1814,0.82,
RUS,1815,0.82,
RUS,1816,0.82,
RUS,1817,0.82,
RUS,1818,0.82,
RUS,1819,0.82,
RUS,1820,0.82,
RUS,1821,0.82,
RUS,1822,0.82,
RUS,1823,0.82,
RUS,1824,0.82,
RUS,1825,0.866,
RUS,1826,0.866,
RUS,1827,0.866,
RUS,1828,0.866,
RUS,1829,0.866,
RUS,1830,0.866,
RUS,1831,0.866,
RUS,1832,0.866,
RUS,1833,0.866,
RUS,1834,0.866,
RUS,1835,0.866,
RUS,1836,0.866,
RUS,1837,0.866,
RUS,1838,0.866,
RUS,1839,0.866,
RUS,1840,0.866,
RUS,1841,0.866,
RUS,1842,0.829,
RUS,1843,0.829,
RUS,1844,0.829,
RUS,1845,0.829,
RUS,1846,0.829,
RUS,1847,0.829,
RUS,1848,0.829,
RUS,1849,0.829,
RUS,1850,0.829,
RUS,1851,0.829,
RUS,1852,0.829,
RUS,1853,0.829,
RUS,1854,0.829,
RUS,1855,0.709,
RUS,1856,0.709,
RUS,1857,0.709,
RUS,1858,0.709,
RUS,1859,0.709,
RUS,1860,0.709,
RUS,1861,0.709,
RUS,1862,0.709,
RUS,1863,0.709,
RUS,1864,0.688,
RUS,1865,0.617,
RUS,1866,0.553,
RUS,1867,0.553,
RUS,1868,0.436,
RUS,1869,0.436,
RUS,1870,0.436,
RUS,1871,0.436,
RUS,1872,0.436,
RUS,1873,0.436,
RUS,1874,0.436,
RUS,1875,0.436,
RUS,1876,0.436,
RUS,1877,0.436,
RUS,1878,0.436,
RUS,1879,0.436,
RUS,1880,0.436,
RUS,1881,0.436,
RUS,1882,0.436,
RUS,1883,0.436,
RUS,1884,0.436,
RUS,1885,0.436,
RUS,1886,0.436,
RUS,1887,0.436,
RUS,1888,0.436,
RUS,1889,0.436,
RUS,1890,0.436,
RUS,1891,0.436,
RUS,1892,0.436,
RUS,1893,0.436,
RUS,1894,0.436,
RUS,1895,0.436,
RUS,1896,0.436,
RUS,1897,0.436,
RUS,1898,0.436,
RUS,1899,0.436,
RUS,1900,0.436,
RUS,1901,0.436,
RUS,1902,0.436,
RUS,1903,0.436,
RUS,1904,0.451,
RUS,1905,0.451,
RUS,1906,0.435,
RUS,1907,0.373,
RUS,1908,0.398,
RUS,1909,0.398,
RUS,1910,0.398,
RUS,1911,0.398,
RUS,1912,0.398,
RUS,1913,0.398,
RUS,1914,0.398,
RUS,1915,0.428,
RUS,1916,0.415,
RUS,1917,0.371,
RUS,1918,0.265,
RUS,1919,0.229,
RUS,1920,0.229,
RUS,1921,0.229,
RUS,1922,0.234,
RUS,1923,0.234,
RUS,1924,0.246,
RUS,1925,0.246,
RUS,1926,0.246,
RUS,1927,0.246,
RUS,1928,0.214,
RUS,1929,0.212,
RUS,1930,0.204,
RUS,1931,0.204,
RUS,1932,0.204,
RUS,1933,0.204,
RUS,1934,0.204,
RUS,1935,0.204,
RUS,1936,0.204,
RUS,1937,0.204,
RUS,1938,0.204,
RUS,1939,0.205,
RUS,1940,0.205,
RUS,1941,0.201,
RUS,1942,0.198,
RUS,1943,0.198,
RUS,1944,0.198,
RUS,1945,0.198,
RUS,1946,0.209,
RUS,1947,0.209,
RUS,1948,0.209,
RUS,1949,0.209,
RUS,1950,0.209,
RUS,1951,0.209,
RUS,1952,0.209,
RUS,1953,0.209,
RUS,1954,0.229,
RUS,1955,0.229,
RUS,1956,0.229,
RUS,1957,0.229,
RUS,1958,0.229,
RUS,1959,0.229,
RUS,1960,0.229,
RUS,1961,0.26,
RUS,1962,0.26,
RUS,1963,0.26,
RUS,1964,0.307,
RUS,1965,0.307,
RUS,1966,0.324,
RUS,1967,0.324,
RUS,1968,0.324,
RUS,1969,0.324,
RUS,1970,0.344,
RUS,1971,0.336,
RUS,1972,0.336,
RUS,1973,0.336,
RUS,1974,0.336,
RUS,1975,0.336,
RUS,1976,0.336,
RUS,1977,0.336,
RUS,1978,0.336,
RUS,1979,0.336,
RUS,1980,0.352,
RUS,1981,0.352,
RUS,1982,0.346,
RUS,1983,0.346,
RUS,1984,0.346,
RUS,1985,0.346,
RUS,1986,0.382,
RUS,1987,0.409,
RUS,1988,0.409,
RUS,1989,0.409,
RUS,1990,0.413,
RUS,1991,0.538,
RUS,1992,0.736,
RUS,1993,0.719,
RUS,1994,0.739,
RUS,1995,0.776,
RUS,1996,0.776,
RUS,1997,0.776,
RUS,1998,0.776,
RUS,1999,0.776,
RUS,2000,0.79,
RUS,2001,0.78,
RUS,2002,0.785,
RUS,2003,0.785,
RUS,2004,0.73,
RUS,2005,0.73,
RUS,2006,0.73,
RUS,2007,0.73,
RUS,2008,0.731,
RUS,2009,0.74,
RUS,2010,0.732,
RUS,2011,0.741,
RUS,2012,0.74,
RUS,2013,0.726,
RUS,2014,0.715,
RUS,2015,0.715,
RUS,2016,0.72,
RUS,2017,0.724,
RUS,2018,0.724,
RUS,2019,0.724,
RUS,2020,0.721,
RUS,2021,0.706,
RUS,2022,0.731,
RUS,2023,0.778,Europe
RUS,2024,0.785,
RWA,1916,0.44,
RWA,1917,0.44,
RWA,1918,0.44,
RWA,1919,0.44,
RWA,1920,0.44,
RWA,1921,0.44,
RWA,1922,0.44,
RWA,1923,0.44,
RWA,1924,0.44,
RWA,1925,0.44,
RWA,1926,0.44,
RWA,1927,0.44,
RWA,1928,0.44,
RWA,1929,0.44,
RWA,1930,0.44,
RWA,1931,0.44,
RWA,1932,0.44,
RWA,1933,0.44,
RWA,1934,0.44,
RWA,1935,0.44,
RWA,1936,0.44,
RWA,1937,0.44,
RWA,1938,0.44,
RWA,1939,0.44,
RWA,1940,0.44,
RWA,1941,0.44,
RWA,1942,0.44,
RWA,1943,0.44,
RWA,1944,0.44,
RWA,1945,0.44,
RWA,1946,0.44,
RWA,1947,0.44,
RWA,1948,0.44,
RWA,1949,0.44,
RWA,1950,0.44,
RWA,1951,0.44,
RWA,1952,0.44,
RWA,1953,0.44,
RWA,1954,0.44,
RWA,1955,0.44,
RWA,1956,0.44,
RWA,1957,0.44,
RWA,1958,0.44,
RWA,1959,0.44,
RWA,1960,0.398,
RWA,1961,0.451,
RWA,1962,0.375,
RWA,1963,0.381,
RWA,1964,0.345,
RWA,1965,0.345,
RWA,1966,0.345,
RWA,1967,0.345,
RWA,1968,0.345,
RWA,1969,0.345,
RWA,1970,0.345,
RWA,1971,0.345,
RWA,1972,0.345,
RWA,1973,0.434,
RWA,1974,0.527,
RWA,1975,0.527,
RWA,1976,0.527,
RWA,1977,0.527,
RWA,1978,0.527,
RWA,1979,0.504,
RWA,1980,0.504,
RWA,1981,0.504,
RWA,1982,0.54,
RWA,1983,0.54,
RWA,1984,0.54,
RWA,1985,0.54,
RWA,1986,0.54,
RWA,1987,0.54,
RWA,1988,0.54,
RWA,1989,0.54,
RWA,1990,0.514,
RWA,1991,0.514,
RWA,1992,0.514,
RWA,1993,0.468,
RWA,1994,0.461,
RWA,1995,0.629,
RWA,1996,0.629,
RWA,1997,0.629,
RWA,1998,0.629,
RWA,1999,0.629,
RWA,2000,0.585,
RWA,2001,0.559,
RWA,2002,0.559,
RWA,2003,0.559,
RWA,2004,0.559,
RWA,2005,0.559,
RWA,2006,0.555,
RWA,2007,0.552,
RWA,2008,0.552,
RWA,2009,0.552,
RWA,2010,0.551,
RWA,2011,0.551,
RWA,2012,0.551,
RWA,2013,0.414,
RWA,2014,0.414,
RWA,2015,0.414,
RWA,2016,0.423,
RWA,2017,0.415,
RWA,2018,0.415,
RWA,2019,0.377,
RWA,2020,0.377,
RWA,2021,0.371,
RWA,2022,0.398,
RWA,2023,0.444,Africa
RWA,2024,0.416,
BLM,2023,,North America
SHN,2023,,Africa
KNA,2023,,North America
LCA,2023,,North America
MAF,2023,,North America
SPM,2023,,North America
VCT,2023,,North America
WSM,2023,,Oceania
SMR,2023,,Europe
STP,1900,0.287,
STP,1901,0.287,
STP,1902,0.287,
STP,1903,0.287,
STP,1904,0.287,
STP,1905,0.287,
STP,1906,0.287,
STP,1907,0.287,
STP,1908,0.287,
STP,1909,0.287,
STP,1910,0.287,
STP,1911,0.287,
STP,1912,0.287,
STP,1913,0.287,
STP,1914,0.287,
STP,1915,0.287,
STP,1916,0.287,
STP,1917,0.287,
STP,1918,0.287,
STP,1919,0.287,
STP,1920,0.287,
STP,1921,0.287,
STP,1922,0.287,
STP,1923,0.287,
STP,1924,0.287,
STP,1925,0.287,
STP,1926,0.287,
STP,1927,0.287,
STP,1928,0.287,
STP,1929,0.287,
STP,1930,0.287,
STP,1931,0.287,
STP,1932,0.287,
STP,1933,0.287,
STP,1934,0.287,
STP,1935,0.287,
STP,1936,0.287,
STP,1937,0.287,
STP,1938,0.287,
STP,1939,0.287,
STP,1940,0.287,
STP,1941,0.287,
STP,1942,0.287,
STP,1943,0.287,
STP,1944,0.287,
STP,1945,0.287,
STP,1946,0.287,
STP,1947,0.287,
STP,1948,0.287,
STP,1949,0.287,
STP,1950,0.287,
STP,1951,0.287,
STP,1952,0.287,
STP,1953,0.287,
STP,1954,0.287,
STP,1955,0.287,
STP,1956,0.287,
STP,1957,0.287,
STP,1958,0.287,
STP,1959,0.287,
STP,1960,0.287,
STP,1961,0.287,
STP,1962,0.287,
STP,1963,0.287,
STP,1964,0.287,
STP,1965,0.287,
STP,1966,0.287,
STP,1967,0.287,
STP,1968,0.287,
STP,1969,0.287,
STP,1970,0.287,
STP,1971,0.287,
STP,1972,0.287,
STP,1973,0.287,
STP,1974,0.297,
STP,1975,0.181,
STP,1976,0.181,
STP,1977,0.181,
STP,1978,0.181,
STP,1979,0.181,
STP,1980,0.181,
STP,1981,0.181,
STP,1982,0.181,
STP,1983,0.181,
STP,1984,0.181,
STP,1985,0.181,
STP,1986,0.181,
STP,1987,0.181,
STP,1988,0.181,
STP,1989,0.181,
STP,1990,0.191,
STP,1991,0.251,
STP,1992,0.251,
STP,1993,0.251,
STP,1994,0.251,
STP,1995,0.251,
STP,1996,0.251,
STP,1997,0.251,
STP,1998,0.251,
STP,1999,0.251,
STP,2000,0.328,
STP,2001,0.328,
STP,2002,0.328,
STP,2003,0.328,
STP,2004,0.325,
STP,2005,0.325,
STP,2006,0.325,
STP,2007,0.325,
STP,2008,0.325,
STP,2009,0.325,
STP,2010,0.313,
STP,2011,0.313,
STP,2012,0.313,
STP,2013,0.307,
STP,2014,0.294,
STP,2015,0.294,
STP,2016,0.294,
STP,2017,0.292,
STP,2018,0.294,
STP,2019,0.26,
STP,2020,0.279,
STP,2021,0.279,
STP,2022,0.279,
STP,2023,0.275,Africa
STP,2024,0.275,
SAU,1789,0.665,
SAU,1790,0.665,
SAU,1791,0.665,
SAU,1792,0.665,
SAU,1793,0.665,
SAU,1794,0.665,
SAU,1795,0.665,
SAU,1796,0.665,
SAU,1797,0.665,
SAU,1798,0.665,
SAU,1799,0.665,
SAU,1800,0.665,
SAU,1801,0.665,
SAU,1802,0.665,
SAU,1803,0.665,
SAU,1804,0.665,
SAU,1805,0.665,
SAU,1806,0.665,
SAU,1807,0.665,
SAU,1808,0.665,
SAU,1809,0.665,
SAU,1810,0.665,
SAU,1811,0.665,
SAU,1812,0.665,
SAU,1813,0.665,
SAU,1814,0.665,
SAU,1815,0.665,
SAU,1816,0.665,
SAU,1817,0.665,
SAU,1818,0.665,
SAU,1822,0.573,
SAU,1823,0.573,
SAU,1824,0.573,
SAU,1825,0.573,
SAU,1826,0.573,
SAU,1827,0.573,
SAU,1828,0.573,
SAU,1829,0.573,
SAU,1830,0.573,
SAU,1831,0.573,
SAU,1832,0.573,
SAU,1833,0.573,
SAU,1834,0.573,
SAU,1835,0.573,
SAU,1836,0.573,
SAU,1837,0.573,
SAU,1838,0.573,
SAU,1839,0.573,
SAU,1840,0.573,
SAU,1841,0.573,
SAU,1842,0.573,
SAU,1843,0.573,
SAU,1844,0.573,
SAU,1845,0.573,
SAU,1846,0.573,
SAU,1847,0.573,
SAU,1848,0.573,
SAU,1849,0.573,
SAU,1850,0.573,
SAU,1851,0.573,
SAU,1852,0.573,
SAU,1853,0.573,
SAU,1854,0.573,
SAU,1855,0.573,
SAU,1856,0.573,
SAU,1857,0.573,
SAU,1858,0.573,
SAU,1859,0.573,
SAU,1860,0.573,
SAU,1861,0.573,
SAU,1862,0.573,
SAU,1863,0.573,
SAU,1864,0.573,
SAU,1865,0.573,
SAU,1866,0.573,
SAU,1867,0.573,
SAU,1868,0.573,
SAU,1869,0.573,
SAU,1870,0.573,
SAU,1871,0.573,
SAU,1872,0.573,
SAU,1873,0.573,
SAU,1874,0.573,
SAU,1875,0.573,
SAU,1876,0.573,
SAU,1877,0.573,
SAU,1878,0.573,
SAU,1879,0.573,
SAU,1880,0.573,
SAU,1881,0.573,
SAU,1882,0.573,
SAU,1883,0.573,
SAU,1884,0.573,
SAU,1885,0.573,
SAU,1886,0.573,
SAU,1887,0.573,
SAU,1888,0.573,
SAU,1889,0.573,
SAU,1890,0.573,
SAU,1891,0.573,
SAU,1892,0.573,
SAU,1893,0.573,
SAU,1894,0.573,
SAU,1895,0.573,
SAU,1896,0.573,
SAU,1897,0.573,
SAU,1898,0.573,
SAU,1899,0.573,
SAU,1900,0.573,
SAU,1901,0.573,
SAU,1902,0.573,
SAU,1903,0.573,
SAU,1904,0.573,
SAU,1905,0.573,
SAU,1906,0.573,
SAU,1907,0.573,
SAU,1908,0.573,
SAU,1909,0.573,
SAU,1910,0.573,
SAU,1911,0.573,
SAU,1912,0.573,
SAU,1913,0.573,
SAU,1914,0.573,
SAU,1915,0.573,
SAU,1916,0.573,
SAU,1917,0.573,
SAU,1918,0.573,
SAU,1919,0.573,
SAU,1920,0.573,
SAU,1921,0.573,
SAU,1922,0.573,
SAU,1923,0.573,
SAU,1924,0.573,
SAU,1925,0.573,
SAU,1926,0.573,
SAU,1927,0.573,
SAU,1928,0.573,
SAU,1929,0.573,
SAU,1930,0.573,
SAU,1931,0.573,
SAU,1932,0.471,
SAU,1933,0.471,
SAU,1934,0.471,
SAU,1935,0.471,
SAU,1936,0.471,
SAU,1937,0.471,
SAU,1938,0.471,
SAU,1939,0.471,
SAU,1940,0.471,
SAU,1941,0.471,
SAU,1942,0.471,
SAU,1943,0.471,
SAU,1944,0.471,
SAU,1945,0.471,
SAU,1946,0.471,
SAU,1947,0.471,
SAU,1948,0.471,
SAU,1949,0.471,
SAU,1950,0.471,
SAU,1951,0.471,
SAU,1952,0.465,
SAU,1953,0.46,
SAU,1954,0.46,
SAU,1955,0.46,
SAU,1956,0.46,
SAU,1957,0.46,
SAU,1958,0.46,
SAU,1959,0.46,
SAU,1960,0.46,
SAU,1961,0.46,
SAU,1962,0.45,
SAU,1963,0.441,
SAU,1964,0.441,
SAU,1965,0.434,
SAU,1966,0.434,
SAU,1967,0.434,
SAU,1968,0.434,
SAU,1969,0.434,
SAU,1970,0.434,
SAU,1971,0.434,
SAU,1972,0.434,
SAU,1973,0.434,
SAU,1974,0.434,
SAU,1975,0.438,
SAU,1976,0.431,
SAU,1977,0.431,
SAU,1978,0.431,
SAU,1979,0.431,
SAU,1980,0.431,
SAU,1981,0.431,
SAU,1982,0.431,
SAU,1983,0.431,
SAU,1984,0.431,
SAU,1985,0.431,
SAU,1986,0.431,
SAU,1987,0.431,
SAU,1988,0.431,
SAU,1989,0.431,
SAU,1990,0.431,
SAU,1991,0.431,
SAU,1992,0.431,
SAU,1993,0.431,
SAU,1994,0.431,
SAU,1995,0.431,
SAU,1996,0.47,
SAU,1997,0.47,
SAU,1998,0.47,
SAU,1999,0.47,
SAU,2000,0.47,
SAU,2001,0.47,
SAU,2002,0.472,
SAU,2003,0.472,
SAU,2004,0.472,
SAU,2005,0.472,
SAU,2006,0.472,
SAU,2007,0.472,
SAU,2008,0.472,
SAU,2009,0.472,
SAU,2010,0.472,
SAU,2011,0.472,
SAU,2012,0.472,
SAU,2013,0.472,
SAU,2014,0.472,
SAU,2015,0.472,
SAU,2016,0.472,
SAU,2017,0.472,
SAU,2018,0.449,
SAU,2019,0.409,
SAU,2020,0.393,
SAU,2021,0.381,
SAU,2022,0.326,
SAU,2023,0.326,Asia
SAU,2024,0.326,
,1809,0.035,
,1810,0.035,
,1811,0.035,
,1812,0.035,
,1813,0.035,
,1814,0.035,
,1815,0.035,
,1816,0.035,
,1817,0.035,
,1818,0.035,
,1819,0.035,
,1820,0.035,
,1821,0.035,
,1822,0.035,
,1823,0.035,
,1824,0.035,
,1825,0.035,
,1826,0.035,
,1827,0.035,
,1828,0.035,
,1829,0.035,
,1830,0.035,
,1831,0.035,
,1832,0.035,
,1833,0.035,
,1834,0.035,
,1835,0.035,
,1836,0.035,
,1837,0.035,
,1838,0.035,
,1839,0.035,
,1840,0.035,
,1841,0.035,
,1842,0.035,
,1843,0.035,
,1844,0.035,
,1845,0.035,
,1846,0.035,
,1847,0.035,
,1848,0.035,
,1849,0.035,
,1850,0.035,
,1851,0.035,
,1852,0.035,
,1853,0.035,
,1854,0.035,
,1855,0.035,
,1856,0.035,
,1857,0.035,
,1858,0.035,
,1859,0.035,
,1860,0.035,
,1861,0.035,
,1862,0.035,
,1863,0.035,
,1864,0.035,
,1865,0.035,
,1866,0.035,
,1867,0.035,
OWID_SAX,1789,0.062,
OWID_SAX,1790,0.062,
OWID_SAX,1791,0.062,
OWID_SAX,1792,0.062,
OWID_SAX,1793,0.062,
OWID_SAX,1794,0.062,
OWID_SAX,1795,0.062,
OWID_SAX,1796,0.062,
OWID_SAX,1797,0.062,
OWID_SAX,1798,0.062,
OWID_SAX,1799,0.062,
OWID_SAX,1800,0.062,
OWID_SAX,1801,0.062,
OWID_SAX,1802,0.062,
OWID_SAX,1803,0.062,
OWID_SAX,1804,0.062,
OWID_SAX,1805,0.062,
OWID_SAX,1806,0.062,
OWID_SAX,1807,0.062,
OWID_SAX,1808,0.062,
OWID_SAX,1809,0.062,
OWID_SAX,1810,0.062,
OWID_SAX,1811,0.062,
OWID_SAX,1812,0.062,
OWID_SAX,1813,0.062,
OWID_SAX,1814,0.062,
OWID_SAX,1815,0.062,
OWID_SAX,1816,0.062,
OWID_SAX,1817,0.062,
OWID_SAX,1818,0.062,
OWID_SAX,1819,0.062,
OWID_SAX,1820,0.062,
OWID_SAX,1821,0.062,
OWID_SAX,1822,0.062,
OWID_SAX,1823,0.062,
OWID_SAX,1824,0.062,
OWID_SAX,1825,0.062,
OWID_SAX,1826,0.062,
OWID_SAX,1827,0.062,
OWID_SAX,1828,0.062,
OWID_SAX,1829,0.062,
OWID_SAX,1830,0.042,
OWID_SAX,1831,0.042,
OWID_SAX,1832,0.042,
OWID_SAX,1833,0.042,
OWID_SAX,1834,0.042,
OWID_SAX,1835,0.042,
OWID_SAX,1836,0.042,
OWID_SAX,1837,0.042,
OWID_SAX,1838,0.042,
OWID_SAX,1839,0.042,
OWID_SAX,1840,0.042,
OWID_SAX,1841,0.042,
OWID_SAX,1842,0.042,
OWID_SAX,1843,0.042,
OWID_SAX,1844,0.042,
OWID_SAX,1845,0.042,
OWID_SAX,1846,0.042,
OWID_SAX,1847,0.042,
OWID_SAX,1848,0.042,
OWID_SAX,1849,0.042,
OWID_SAX,1850,0.042,
OWID_SAX,1851,0.042,
OWID_SAX,1852,0.042,
OWID_SAX,1853,0.042,
OWID_SAX,1854,0.042,
OWID_SAX,1855,0.042,
OWID_SAX,1856,0.042,
OWID_SAX,1857,0.042,
OWID_SAX,1858,0.042,
OWID_SAX,1859,0.042,
OWID_SAX,1860,0.042,
OWID_SAX,1861,0.042,
OWID_SAX,1862,0.042,
OWID_SAX,1863,0.042,
OWID_SAX,1864,0.042,
OWID_SAX,1865,0.042,
OWID_SAX,1866,0.042,
OWID_SAX,1867,0.042,
SEN,1904,0.445,
SEN,1905,0.445,
SEN,1906,0.445,
SEN,1907,0.445,
SEN,1908,0.445,
SEN,1909,0.445,
SEN,1910,0.445,
SEN,1911,0.445,
SEN,1912,0.445,
SEN,1913,0.445,
SEN,1914,0.445,
SEN,1915,0.445,
SEN,1916,0.445,
SEN,1917,0.445,
SEN,1918,0.445,
SEN,1919,0.445,
SEN,1920,0.445,
SEN,1921,0.445,
SEN,1922,0.445,
SEN,1923,0.445,
SEN,1924,0.445,
SEN,1925,0.445,
SEN,1926,0.445,
SEN,1927,0.445,
SEN,1928,0.445,
SEN,1929,0.445,
SEN,1930,0.445,
SEN,1931,0.445,
SEN,1932,0.445,
SEN,1933,0.445,
SEN,1934,0.445,
SEN,1935,0.445,
SEN,1936,0.445,
SEN,1937,0.445,
SEN,1938,0.445,
SEN,1939,0.445,
SEN,1940,0.445,
SEN,1941,0.445,
SEN,1942,0.445,
SEN,1943,0.445,
SEN,1944,0.445,
SEN,1945,0.445,
SEN,1946,0.344,
SEN,1947,0.344,
SEN,1948,0.344,
SEN,1949,0.344,
SEN,1950,0.344,
SEN,1951,0.344,
SEN,1952,0.344,
SEN,1953,0.344,
SEN,1954,0.344,
SEN,1955,0.344,
SEN,1956,0.344,
SEN,1957,0.344,
SEN,1958,0.344,
SEN,1959,0.344,
SEN,1960,0.378,
SEN,1961,0.409,
SEN,1962,0.409,
SEN,1963,0.409,
SEN,1964,0.409,
SEN,1965,0.409,
SEN,1966,0.409,
SEN,1967,0.409,
SEN,1968,0.409,
SEN,1969,0.409,
SEN,1970,0.409,
SEN,1971,0.409,
SEN,1972,0.409,
SEN,1973,0.409,
SEN,1974,0.409,
SEN,1975,0.409,
SEN,1976,0.409,
SEN,1977,0.409,
SEN,1978,0.409,
SEN,1979,0.409,
SEN,1980,0.409,
SEN,1981,0.395,
SEN,1982,0.395,
SEN,1983,0.395,
SEN,1984,0.395,
SEN,1985,0.395,
SEN,1986,0.395,
SEN,1987,0.395,
SEN,1988,0.395,
SEN,1989,0.395,
SEN,1990,0.395,
SEN,1991,0.395,
SEN,1992,0.395,
SEN,1993,0.395,
SEN,1994,0.395,
SEN,1995,0.395,
SEN,1996,0.395,
SEN,1997,0.395,
SEN,1998,0.395,
SEN,1999,0.395,
SEN,2000,0.395,
SEN,2001,0.378,
SEN,2002,0.378,
SEN,2003,0.378,
SEN,2004,0.378,
SEN,2005,0.378,
SEN,2006,0.378,
SEN,2007,0.378,
SEN,2008,0.378,
SEN,2009,0.378,
SEN,2010,0.362,
SEN,2011,0.362,
SEN,2012,0.351,
SEN,2013,0.233,
SEN,2014,0.233,
SEN,2015,0.291,
SEN,2016,0.284,
SEN,2017,0.326,
SEN,2018,0.327,
SEN,2019,0.341,
SEN,2020,0.347,
SEN,2021,0.347,
SEN,2022,0.35,
SEN,2023,0.295,Africa
SEN,2024,0.301,
SRB,1804,0.776,
SRB,1805,0.776,
SRB,1806,0.776,
SRB,1807,0.776,
SRB,1808,0.776,
SRB,1809,0.776,
SRB,1810,0.776,
SRB,1811,0.776,
SRB,1812,0.776,
SRB,1813,0.776,
SRB,1815,0.724,
SRB,1816,0.724,
SRB,1817,0.724,
SRB,1818,0.724,
SRB,1819,0.724,
SRB,1820,0.724,
SRB,1821,0.724,
SRB,1822,0.724,
SRB,1823,0.724,
SRB,1824,0.724,
SRB,1825,0.724,
SRB,1826,0.724,
SRB,1827,0.724,
SRB,1828,0.724,
SRB,1829,0.724,
SRB,1830,0.695,
SRB,1831,0.658,
SRB,1832,0.658,
SRB,1833,0.658,
SRB,1834,0.658,
SRB,1835,0.658,
SRB,1836,0.658,
SRB,1837,0.658,
SRB,1838,0.658,
SRB,1839,0.612,
SRB,1840,0.651,
SRB,1841,0.651,
SRB,1842,0.651,
SRB,1843,0.651,
SRB,1844,0.651,
SRB,1845,0.651,
SRB,1846,0.651,
SRB,1847,0.651,
SRB,1848,0.651,
SRB,1849,0.651,
SRB,1850,0.651,
SRB,1851,0.651,
SRB,1852,0.651,
SRB,1853,0.651,
SRB,1854,0.651,
SRB,1855,0.651,
SRB,1856,0.651,
SRB,1857,0.651,
SRB,1858,0.673,
SRB,1859,0.644,
SRB,1860,0.644,
SRB,1861,0.644,
SRB,1862,0.644,
SRB,1863,0.644,
SRB,1864,0.644,
SRB,1865,0.644,
SRB,1866,0.644,
SRB,1867,0.644,
SRB,1868,0.644,
SRB,1869,0.674,
SRB,1870,0.674,
SRB,1871,0.674,
SRB,1872,0.674,
SRB,1873,0.674,
SRB,1874,0.674,
SRB,1875,0.674,
SRB,1876,0.664,
SRB,1877,0.664,
SRB,1878,0.658,
SRB,1879,0.658,
SRB,1880,0.658,
SRB,1881,0.658,
SRB,1882,0.658,
SRB,1883,0.658,
SRB,1884,0.658,
SRB,1885,0.658,
SRB,1886,0.658,
SRB,1887,0.658,
SRB,1888,0.683,
SRB,1889,0.683,
SRB,1890,0.683,
SRB,1891,0.683,
SRB,1892,0.683,
SRB,1893,0.683,
SRB,1894,0.683,
SRB,1895,0.683,
SRB,1896,0.683,
SRB,1897,0.683,
SRB,1898,0.708,
SRB,1899,0.708,
SRB,1900,0.708,
SRB,1901,0.708,
SRB,1902,0.708,
SRB,1903,0.682,
SRB,1904,0.682,
SRB,1905,0.682,
SRB,1906,0.682,
SRB,1907,0.682,
SRB,1908,0.682,
SRB,1909,0.682,
SRB,1910,0.682,
SRB,1911,0.682,
SRB,1912,0.682,
SRB,1913,0.682,
SRB,1914,0.677,
SRB,1915,0.677,
SRB,1916,0.7,
SRB,1917,0.7,
SRB,1918,0.68,
SRB,1919,0.68,
SRB,1920,0.68,
SRB,1921,0.68,
SRB,1922,0.68,
SRB,1923,0.68,
SRB,1924,0.68,
SRB,1925,0.68,
SRB,1926,0.68,
SRB,1927,0.68,
SRB,1928,0.68,
SRB,1929,0.68,
SRB,1930,0.638,
SRB,1931,0.638,
SRB,1932,0.685,
SRB,1933,0.685,
SRB,1934,0.685,
SRB,1935,0.685,
SRB,1936,0.685,
SRB,1937,0.685,
SRB,1938,0.685,
SRB,1939,0.685,
SRB,1940,0.666,
SRB,1941,0.679,
SRB,1942,0.63,
SRB,1943,0.63,
SRB,1944,0.581,
SRB,1945,0.606,
SRB,1946,0.601,
SRB,1947,0.63,
SRB,1948,0.63,
SRB,1949,0.63,
SRB,1950,0.63,
SRB,1951,0.63,
SRB,1952,0.63,
SRB,1953,0.63,
SRB,1954,0.637,
SRB,1955,0.645,
SRB,1956,0.645,
SRB,1957,0.645,
SRB,1958,0.645,
SRB,1959,0.65,
SRB,1960,0.65,
SRB,1961,0.65,
SRB,1962,0.65,
SRB,1963,0.65,
SRB,1964,0.65,
SRB,1965,0.65,
SRB,1966,0.65,
SRB,1967,0.65,
SRB,1968,0.65,
SRB,1969,0.65,
SRB,1970,0.667,
SRB,1971,0.667,
SRB,1972,0.667,
SRB,1973,0.667,
SRB,1974,0.667,
SRB,1975,0.667,
SRB,1976,0.667,
SRB,1977,0.667,
SRB,1978,0.667,
SRB,1979,0.657,
SRB,1980,0.662,
SRB,1981,0.678,
SRB,1982,0.678,
SRB,1983,0.678,
SRB,1984,0.678,
SRB,1985,0.678,
SRB,1986,0.678,
SRB,1987,0.678,
SRB,1988,0.678,
SRB,1989,0.715,
SRB,1990,0.82,
SRB,1991,0.85,
SRB,1992,0.866,
SRB,1993,0.885,
SRB,1994,0.885,
SRB,1995,0.885,
SRB,1996,0.885,
SRB,1997,0.885,
SRB,1998,0.885,
SRB,1999,0.885,
SRB,2000,0.834,
SRB,2001,0.633,
SRB,2002,0.619,
SRB,2003,0.619,
SRB,2004,0.627,
SRB,2005,0.627,
SRB,2006,0.627,
SRB,2007,0.627,
SRB,2008,0.634,
SRB,2009,0.635,
SRB,2010,0.635,
SRB,2011,0.635,
SRB,2012,0.649,
SRB,2013,0.649,
SRB,2014,0.654,
SRB,2015,0.654,
SRB,2016,0.706,
SRB,2017,0.69,
SRB,2018,0.667,
SRB,2019,0.638,
SRB,2020,0.672,
SRB,2021,0.717,
SRB,2022,0.69,
SRB,2023,0.684,Europe
SRB,2024,0.754,
OWID_SRM,2023,,Europe
SYC,1903,0.129,
SYC,1904,0.129,
SYC,1905,0.129,
SYC,1906,0.129,
SYC,1907,0.129,
SYC,1908,0.129,
SYC,1909,0.129,
SYC,1910,0.129,
SYC,1911,0.129,
SYC,1912,0.129,
SYC,1913,0.129,
SYC,1914,0.129,
SYC,1915,0.129,
SYC,1916,0.129,
SYC,1917,0.129,
SYC,1918,0.129,
SYC,1919,0.129,
SYC,1920,0.129,
SYC,1921,0.129,
SYC,1922,0.129,
SYC,1923,0.129,
SYC,1924,0.129,
SYC,1925,0.129,
SYC,1926,0.129,
SYC,1927,0.129,
SYC,1928,0.129,
SYC,1929,0.129,
SYC,1930,0.129,
SYC,1931,0.129,
SYC,1932,0.129,
SYC,1933,0.129,
SYC,1934,0.129,
SYC,1935,0.129,
SYC,1936,0.129,
SYC,1937,0.129,
SYC,1938,0.129,
SYC,1939,0.129,
SYC,1940,0.129,
SYC,1941,0.129,
SYC,1942,0.129,
SYC,1943,0.129,
SYC,1944,0.129,
SYC,1945,0.129,
SYC,1946,0.129,
SYC,1947,0.129,
SYC,1948,0.129,
SYC,1949,0.171,
SYC,1950,0.171,
SYC,1951,0.171,
SYC,1952,0.171,
SYC,1953,0.171,
SYC,1954,0.171,
SYC,1955,0.171,
SYC,1956,0.171,
SYC,1957,0.171,
SYC,1958,0.171,
SYC,1959,0.171,
SYC,1960,0.171,
SYC,1961,0.171,
SYC,1962,0.171,
SYC,1963,0.171,
SYC,1964,0.171,
SYC,1965,0.171,
SYC,1966,0.171,
SYC,1967,0.171,
SYC,1968,0.171,
SYC,1969,0.171,
SYC,1970,0.171,
SYC,1971,0.22,
SYC,1972,0.22,
SYC,1973,0.22,
SYC,1974,0.22,
SYC,1975,0.22,
SYC,1976,0.395,
SYC,1977,0.457,
SYC,1978,0.422,
SYC,1979,0.479,
SYC,1980,0.479,
SYC,1981,0.479,
SYC,1982,0.479,
SYC,1983,0.479,
SYC,1984,0.479,
SYC,1985,0.479,
SYC,1986,0.479,
SYC,1987,0.479,
SYC,1988,0.479,
SYC,1989,0.479,
SYC,1990,0.479,
SYC,1991,0.479,
SYC,1992,0.441,
SYC,1993,0.441,
SYC,1994,0.441,
SYC,1995,0.441,
SYC,1996,0.441,
SYC,1997,0.441,
SYC,1998,0.441,
SYC,1999,0.441,
SYC,2000,0.441,
SYC,2001,0.441,
SYC,2002,0.411,
SYC,2003,0.37,
SYC,2004,0.333,
SYC,2005,0.302,
SYC,2006,0.302,
SYC,2007,0.302,
SYC,2008,0.302,
SYC,2009,0.294,
SYC,2010,0.255,
SYC,2011,0.255,
SYC,2012,0.255,
SYC,2013,0.255,
SYC,2014,0.248,
SYC,2015,0.206,
SYC,2016,0.203,
SYC,2017,0.153,
SYC,2018,0.153,
SYC,2019,0.153,
SYC,2020,0.076,
SYC,2021,0.076,
SYC,2022,0.067,
SYC,2023,0.046,Africa
SYC,2024,0.046,
SLE,1900,0.438,
SLE,1901,0.438,
SLE,1902,0.438,
SLE,1903,0.438,
SLE,1904,0.438,
SLE,1905,0.438,
SLE,1906,0.438,
SLE,1907,0.438,
SLE,1908,0.438,
SLE,1909,0.438,
SLE,1910,0.438,
SLE,1911,0.438,
SLE,1912,0.438,
SLE,1913,0.438,
SLE,1914,0.438,
SLE,1915,0.438,
SLE,1916,0.438,
SLE,1917,0.438,
SLE,1918,0.438,
SLE,1919,0.438,
SLE,1920,0.438,
SLE,1921,0.488,
SLE,1922,0.488,
SLE,1923,0.488,
SLE,1924,0.406,
SLE,1925,0.384,
SLE,1926,0.384,
SLE,1927,0.384,
SLE,1928,0.384,
SLE,1929,0.384,
SLE,1930,0.395,
SLE,1931,0.395,
SLE,1932,0.395,
SLE,1933,0.395,
SLE,1934,0.395,
SLE,1935,0.395,
SLE,1936,0.395,
SLE,1937,0.395,
SLE,1938,0.395,
SLE,1939,0.395,
SLE,1940,0.395,
SLE,1941,0.395,
SLE,1942,0.395,
SLE,1943,0.395,
SLE,1944,0.395,
SLE,1945,0.395,
SLE,1946,0.395,
SLE,1947,0.395,
SLE,1948,0.395,
SLE,1949,0.395,
SLE,1950,0.395,
SLE,1951,0.395,
SLE,1952,0.395,
SLE,1953,0.398,
SLE,1954,0.409,
SLE,1955,0.409,
SLE,1956,0.409,
SLE,1957,0.424,
SLE,1958,0.496,
SLE,1959,0.496,
SLE,1960,0.529,
SLE,1961,0.537,
SLE,1962,0.477,
SLE,1963,0.477,
SLE,1964,0.485,
SLE,1965,0.519,
SLE,1966,0.519,
SLE,1967,0.519,
SLE,1968,0.632,
SLE,1969,0.735,
SLE,1970,0.735,
SLE,1971,0.755,
SLE,1972,0.803,
SLE,1973,0.803,
SLE,1974,0.803,
SLE,1975,0.803,
SLE,1976,0.803,
SLE,1977,0.803,
SLE,1978,0.803,
SLE,1979,0.89,
SLE,1980,0.89,
SLE,1981,0.89,
SLE,1982,0.89,
SLE,1983,0.89,
SLE,1984,0.89,
SLE,1985,0.89,
SLE,1986,0.89,
SLE,1987,0.89,
SLE,1988,0.89,
SLE,1989,0.89,
SLE,1990,0.89,
SLE,1991,0.884,
SLE,1992,0.847,
SLE,1993,0.821,
SLE,1994,0.821,
SLE,1995,0.821,
SLE,1996,0.745,
SLE,1997,0.688,
SLE,1998,0.759,
SLE,1999,0.759,
SLE,2000,0.759,
SLE,2001,0.759,
SLE,2002,0.759,
SLE,2003,0.805,
SLE,2004,0.794,
SLE,2005,0.782,
SLE,2006,0.782,
SLE,2007,0.811,
SLE,2008,0.811,
SLE,2009,0.811,
SLE,2010,0.805,
SLE,2011,0.805,
SLE,2012,0.805,
SLE,2013,0.825,
SLE,2014,0.825,
SLE,2015,0.825,
SLE,2016,0.825,
SLE,2017,0.784,
SLE,2018,0.724,
SLE,2019,0.714,
SLE,2020,0.65,
SLE,2021,0.524,
SLE,2022,0.467,
SLE,2023,0.478,Africa
SLE,2024,0.495,
SGP,1867,0.121,
SGP,1868,0.121,
SGP,1869,0.121,
SGP,1870,0.121,
SGP,1871,0.121,
SGP,1872,0.121,
SGP,1873,0.121,
SGP,1874,0.121,
SGP,1875,0.121,
SGP,1876,0.121,
SGP,1877,0.121,
SGP,1878,0.121,
SGP,1879,0.121,
SGP,1880,0.121,
SGP,1881,0.121,
SGP,1882,0.121,
SGP,1883,0.121,
SGP,1884,0.121,
SGP,1885,0.121,
SGP,1886,0.121,
SGP,1887,0.121,
SGP,1888,0.121,
SGP,1889,0.121,
SGP,1890,0.121,
SGP,1891,0.121,
SGP,1892,0.121,
SGP,1893,0.121,
SGP,1894,0.121,
SGP,1895,0.121,
SGP,1896,0.121,
SGP,1897,0.121,
SGP,1898,0.121,
SGP,1899,0.121,
SGP,1900,0.121,
SGP,1901,0.121,
SGP,1902,0.121,
SGP,1903,0.121,
SGP,1904,0.121,
SGP,1905,0.121,
SGP,1906,0.121,
SGP,1907,0.121,
SGP,1908,0.121,
SGP,1909,0.121,
SGP,1910,0.121,
SGP,1911,0.121,
SGP,1912,0.121,
SGP,1913,0.121,
SGP,1914,0.121,
SGP,1915,0.121,
SGP,1916,0.121,
SGP,1917,0.121,
SGP,1918,0.121,
SGP,1919,0.121,
SGP,1920,0.121,
SGP,1921,0.121,
SGP,1922,0.121,
SGP,1923,0.121,
SGP,1924,0.121,
SGP,1925,0.121,
SGP,1926,0.121,
SGP,1927,0.121,
SGP,1928,0.121,
SGP,1929,0.121,
SGP,1930,0.121,
SGP,1931,0.121,
SGP,1932,0.121,
SGP,1933,0.121,
SGP,1934,0.121,
SGP,1935,0.121,
SGP,1936,0.121,
SGP,1937,0.121,
SGP,1938,0.121,
SGP,1939,0.121,
SGP,1940,0.121,
SGP,1941,0.121,
SGP,1942,0.133,
SGP,1943,0.133,
SGP,1944,0.133,
SGP,1945,0.133,
SGP,1946,0.128,
SGP,1947,0.128,
SGP,1948,0.128,
SGP,1949,0.128,
SGP,1950,0.128,
SGP,1951,0.128,
SGP,1952,0.128,
SGP,1953,0.128,
SGP,1954,0.128,
SGP,1955,0.128,
SGP,1956,0.173,
SGP,1957,0.173,
SGP,1958,0.173,
SGP,1959,0.06,
SGP,1960,0.112,
SGP,1961,0.112,
SGP,1962,0.041,
SGP,1963,0.041,
SGP,1964,0.041,
SGP,1965,0.033,
SGP,1966,0.033,
SGP,1967,0.033,
SGP,1968,0.033,
SGP,1969,0.033,
SGP,1970,0.026,
SGP,1971,0.026,
SGP,1972,0.026,
SGP,1973,0.026,
SGP,1974,0.026,
SGP,1975,0.013,
SGP,1976,0.009,
SGP,1977,0.009,
SGP,1978,0.009,
SGP,1979,0.009,
SGP,1980,0.009,
SGP,1981,0.009,
SGP,1982,0.009,
SGP,1983,0.009,
SGP,1984,0.009,
SGP,1985,0.009,
SGP,1986,0.009,
SGP,1987,0.009,
SGP,1988,0.009,
SGP,1989,0.009,
SGP,1990,0.009,
SGP,1991,0.009,
SGP,1992,0.009,
SGP,1993,0.009,
SGP,1994,0.009,
SGP,1995,0.009,
SGP,1996,0.009,
SGP,1997,0.009,
SGP,1998,0.009,
SGP,1999,0.009,
SGP,2000,0.009,
SGP,2001,0.009,
SGP,2002,0.009,
SGP,2003,0.009,
SGP,2004,0.009,
SGP,2005,0.009,
SGP,2006,0.009,
SGP,2007,0.009,
SGP,2008,0.009,
SGP,2009,0.009,
SGP,2010,0.009,
SGP,2011,0.009,
SGP,2012,0.009,
SGP,2013,0.009,
SGP,2014,0.009,
SGP,2015,0.009,
SGP,2016,0.009,
SGP,2017,0.009,
SGP,2018,0.009,
SGP,2019,0.009,
SGP,2020,0.007,
SGP,2021,0.007,
SGP,2022,0.007,
SGP,2023,0.012,Asia
SGP,2024,0.03,
SXM,2023,,North America
SVK,1939,0.547,
SVK,1940,0.547,
SVK,1941,0.547,
SVK,1942,0.547,
SVK,1943,0.547,
SVK,1944,0.547,
SVK,1993,0.369,
SVK,1994,0.378,
SVK,1995,0.378,
SVK,1996,0.378,
SVK,1997,0.378,
SVK,1998,0.331,
SVK,1999,0.318,
SVK,2000,0.318,
SVK,2001,0.318,
SVK,2002,0.318,
SVK,2003,0.318,
SVK,2004,0.318,
SVK,2005,0.318,
SVK,2006,0.324,
SVK,2007,0.312,
SVK,2008,0.312,
SVK,2009,0.312,
SVK,2010,0.295,
SVK,2011,0.295,
SVK,2012,0.309,
SVK,2013,0.297,
SVK,2014,0.297,
SVK,2015,0.289,
SVK,2016,0.288,
SVK,2017,0.288,
SVK,2018,0.288,
SVK,2019,0.292,
SVK,2020,0.211,
SVK,2021,0.204,
SVK,2022,0.204,
SVK,2023,0.197,Europe
SVK,2024,0.276,
SVN,1989,0.201,
SVN,1990,0.185,
SVN,1991,0.128,
SVN,1992,0.127,
SVN,1993,0.13,
SVN,1994,0.137,
SVN,1995,0.146,
SVN,1996,0.13,
SVN,1997,0.13,
SVN,1998,0.13,
SVN,1999,0.13,
SVN,2000,0.11,
SVN,2001,0.11,
SVN,2002,0.11,
SVN,2003,0.109,
SVN,2004,0.148,
SVN,2005,0.148,
SVN,2006,0.148,
SVN,2007,0.151,
SVN,2008,0.134,
SVN,2009,0.13,
SVN,2010,0.141,
SVN,2011,0.146,
SVN,2012,0.153,
SVN,2013,0.132,
SVN,2014,0.097,
SVN,2015,0.098,
SVN,2016,0.076,
SVN,2017,0.078,
SVN,2018,0.091,
SVN,2019,0.096,
SVN,2020,0.136,
SVN,2021,0.189,
SVN,2022,0.099,
SVN,2023,0.061,Europe
SVN,2024,0.061,
SLB,1900,0.156,
SLB,1901,0.156,
SLB,1902,0.156,
SLB,1903,0.156,
SLB,1904,0.156,
SLB,1905,0.156,
SLB,1906,0.156,
SLB,1907,0.156,
SLB,1908,0.156,
SLB,1909,0.156,
SLB,1910,0.156,
SLB,1911,0.156,
SLB,1912,0.156,
SLB,1913,0.156,
SLB,1914,0.156,
SLB,1915,0.156,
SLB,1916,0.156,
SLB,1917,0.156,
SLB,1918,0.156,
SLB,1919,0.156,
SLB,1920,0.156,
SLB,1921,0.156,
SLB,1922,0.156,
SLB,1923,0.156,
SLB,1924,0.156,
SLB,1925,0.156,
SLB,1926,0.156,
SLB,1927,0.156,
SLB,1928,0.156,
SLB,1929,0.156,
SLB,1930,0.156,
SLB,1931,0.156,
SLB,1932,0.156,
SLB,1933,0.156,
SLB,1934,0.156,
SLB,1935,0.156,
SLB,1936,0.156,
SLB,1937,0.156,
SLB,1938,0.156,
SLB,1939,0.156,
SLB,1940,0.156,
SLB,1941,0.156,
SLB,1942,0.156,
SLB,1943,0.156,
SLB,1944,0.156,
SLB,1945,0.156,
SLB,1946,0.156,
SLB,1947,0.156,
SLB,1948,0.156,
SLB,1949,0.156,
SLB,1950,0.156,
SLB,1951,0.156,
SLB,1952,0.156,
SLB,1953,0.156,
SLB,1954,0.156,
SLB,1955,0.156,
SLB,1956,0.156,
SLB,1957,0.156,
SLB,1958,0.156,
SLB,1959,0.156,
SLB,1960,0.131,
SLB,1961,0.131,
SLB,1962,0.131,
SLB,1963,0.131,
SLB,1964,0.131,
SLB,1965,0.131,
SLB,1966,0.131,
SLB,1967,0.131,
SLB,1968,0.131,
SLB,1969,0.131,
SLB,1970,0.131,
SLB,1971,0.131,
SLB,1972,0.131,
SLB,1973,0.125,
SLB,1974,0.125,
SLB,1975,0.125,
SLB,1976,0.125,
SLB,1977,0.125,
SLB,1978,0.148,
SLB,1979,0.14,
SLB,1980,0.285,
SLB,1981,0.298,
SLB,1982,0.331,
SLB,1983,0.355,
SLB,1984,0.355,
SLB,1985,0.342,
SLB,1986,0.342,
SLB,1987,0.342,
SLB,1988,0.342,
SLB,1989,0.355,
SLB,1990,0.374,
SLB,1991,0.374,
SLB,1992,0.374,
SLB,1993,0.374,
SLB,1994,0.374,
SLB,1995,0.374,
SLB,1996,0.374,
SLB,1997,0.374,
SLB,1998,0.374,
SLB,1999,0.462,
SLB,2000,0.517,
SLB,2001,0.517,
SLB,2002,0.518,
SLB,2003,0.518,
SLB,2004,0.573,
SLB,2005,0.591,
SLB,2006,0.606,
SLB,2007,0.609,
SLB,2008,0.604,
SLB,2009,0.609,
SLB,2010,0.593,
SLB,2011,0.608,
SLB,2012,0.612,
SLB,2013,0.616,
SLB,2014,0.609,
SLB,2015,0.612,
SLB,2016,0.623,
SLB,2017,0.629,
SLB,2018,0.629,
SLB,2019,0.621,
SLB,2020,0.644,
SLB,2021,0.639,
SLB,2022,0.639,
SLB,2023,0.639,Oceania
SLB,2024,0.604,
SOM,1900,0.3,
SOM,1901,0.3,
SOM,1902,0.3,
SOM,1903,0.3,
SOM,1904,0.3,
SOM,1905,0.3,
SOM,1906,0.29,
SOM,1907,0.29,
SOM,1908,0.29,
SOM,1909,0.29,
SOM,1910,0.29,
SOM,1911,0.29,
SOM,1912,0.29,
SOM,1913,0.29,
SOM,1914,0.29,
SOM,1915,0.29,
SOM,1916,0.29,
SOM,1917,0.29,
SOM,1918,0.29,
SOM,1919,0.29,
SOM,1920,0.29,
SOM,1921,0.29,
SOM,1922,0.29,
SOM,1923,0.29,
SOM,1924,0.29,
SOM,1925,0.29,
SOM,1926,0.29,
SOM,1927,0.3,
SOM,1928,0.3,
SOM,1929,0.3,
SOM,1930,0.3,
SOM,1931,0.3,
SOM,1932,0.3,
SOM,1933,0.3,
SOM,1934,0.3,
SOM,1935,0.3,
SOM,1936,0.3,
SOM,1937,0.3,
SOM,1938,0.3,
SOM,1939,0.3,
SOM,1940,0.3,
SOM,1941,0.3,
SOM,1942,0.293,
SOM,1943,0.293,
SOM,1944,0.293,
SOM,1945,0.293,
SOM,1946,0.293,
SOM,1947,0.293,
SOM,1948,0.293,
SOM,1949,0.293,
SOM,1950,0.293,
SOM,1951,0.258,
SOM,1952,0.258,
SOM,1953,0.258,
SOM,1954,0.258,
SOM,1955,0.258,
SOM,1956,0.332,
SOM,1957,0.347,
SOM,1958,0.347,
SOM,1959,0.347,
SOM,1960,0.349,
SOM,1961,0.426,
SOM,1962,0.479,
SOM,1963,0.479,
SOM,1964,0.479,
SOM,1965,0.479,
SOM,1966,0.479,
SOM,1967,0.484,
SOM,1968,0.484,
SOM,1969,0.484,
SOM,1970,0.509,
SOM,1971,0.509,
SOM,1972,0.509,
SOM,1973,0.509,
SOM,1974,0.509,
SOM,1975,0.509,
SOM,1976,0.509,
SOM,1977,0.525,
SOM,1978,0.553,
SOM,1979,0.553,
SOM,1980,0.641,
SOM,1981,0.641,
SOM,1982,0.641,
SOM,1983,0.641,
SOM,1984,0.641,
SOM,1985,0.641,
SOM,1986,0.641,
SOM,1987,0.641,
SOM,1988,0.641,
SOM,1989,0.641,
SOM,1990,0.645,
SOM,1991,0.621,
SOM,1992,0.957,
SOM,1993,0.957,
SOM,1994,0.957,
SOM,1995,0.957,
SOM,1996,0.957,
SOM,1997,0.957,
SOM,1998,0.957,
SOM,1999,0.957,
SOM,2000,0.948,
SOM,2001,0.942,
SOM,2002,0.94,
SOM,2003,0.94,
SOM,2004,0.94,
SOM,2005,0.95,
SOM,2006,0.947,
SOM,2007,0.947,
SOM,2008,0.947,
SOM,2009,0.946,
SOM,2010,0.946,
SOM,2011,0.946,
SOM,2012,0.947,
SOM,2013,0.925,
SOM,2014,0.925,
SOM,2015,0.925,
SOM,2016,0.94,
SOM,2017,0.925,
SOM,2018,0.916,
SOM,2019,0.903,
SOM,2020,0.922,
SOM,2021,0.915,
SOM,2022,0.905,
SOM,2023,0.866,Africa
SOM,2024,0.881,
OWID_SML,1900,0.1,
OWID_SML,1901,0.1,
OWID_SML,1902,0.1,
OWID_SML,1903,0.1,
OWID_SML,1904,0.1,
OWID_SML,1905,0.1,
OWID_SML,1906,0.1,
OWID_SML,1907,0.1,
OWID_SML,1908,0.1,
OWID_SML,1909,0.1,
OWID_SML,1910,0.1,
OWID_SML,1911,0.1,
OWID_SML,1912,0.1,
OWID_SML,1913,0.1,
OWID_SML,1914,0.1,
OWID_SML,1915,0.1,
OWID_SML,1916,0.1,
OWID_SML,1917,0.1,
OWID_SML,1918,0.1,
OWID_SML,1919,0.1,
OWID_SML,1920,0.1,
OWID_SML,1921,0.1,
OWID_SML,1922,0.1,
OWID_SML,1923,0.1,
OWID_SML,1924,0.1,
OWID_SML,1925,0.1,
OWID_SML,1926,0.1,
OWID_SML,1927,0.1,
OWID_SML,1928,0.1,
OWID_SML,1929,0.1,
OWID_SML,1930,0.1,
OWID_SML,1931,0.1,
OWID_SML,1932,0.1,
OWID_SML,1933,0.1,
OWID_SML,1934,0.1,
OWID_SML,1935,0.1,
OWID_SML,1936,0.1,
OWID_SML,1937,0.1,
OWID_SML,1938,0.1,
OWID_SML,1939,0.1,
OWID_SML,1940,0.1,
OWID_SML,1941,0.1,
OWID_SML,1942,0.1,
OWID_SML,1943,0.1,
OWID_SML,1944,0.1,
OWID_SML,1945,0.1,
OWID_SML,1946,0.1,
OWID_SML,1947,0.1,
OWID_SML,1948,0.1,
OWID_SML,1949,0.1,
OWID_SML,1950,0.1,
OWID_SML,1951,0.102,
OWID_SML,1952,0.102,
OWID_SML,1953,0.102,
OWID_SML,1954,0.102,
OWID_SML,1955,0.102,
OWID_SML,1956,0.102,
OWID_SML,1957,0.102,
OWID_SML,1958,0.079,
OWID_SML,1959,0.079,
OWID_SML,1991,0.732,
OWID_SML,1992,0.732,
OWID_SML,1993,0.695,
OWID_SML,1994,0.695,
OWID_SML,1995,0.695,
OWID_SML,1996,0.717,
OWID_SML,1997,0.717,
OWID_SML,1998,0.717,
OWID_SML,1999,0.717,
OWID_SML,2000,0.717,
OWID_SML,2001,0.717,
OWID_SML,2002,0.717,
OWID_SML,2003,0.717,
OWID_SML,2004,0.717,
OWID_SML,2005,0.717,
OWID_SML,2006,0.717,
OWID_SML,2007,0.717,
OWID_SML,2008,0.709,
OWID_SML,2009,0.709,
OWID_SML,2010,0.709,
OWID_SML,2011,0.698,
OWID_SML,2012,0.695,
OWID_SML,2013,0.681,
OWID_SML,2014,0.681,
OWID_SML,2015,0.681,
OWID_SML,2016,0.706,
OWID_SML,2017,0.673,
OWID_SML,2018,0.649,
OWID_SML,2019,0.662,
OWID_SML,2020,0.65,
OWID_SML,2021,0.664,
OWID_SML,2022,0.615,
OWID_SML,2023,0.615,
OWID_SML,2024,0.592,
ZAF,1900,0.42,
ZAF,1901,0.42,
ZAF,1902,0.42,
ZAF,1903,0.42,
ZAF,1904,0.42,
ZAF,1905,0.42,
ZAF,1906,0.42,
ZAF,1907,0.42,
ZAF,1908,0.42,
ZAF,1909,0.42,
ZAF,1910,0.42,
ZAF,1911,0.42,
ZAF,1912,0.42,
ZAF,1913,0.42,
ZAF,1914,0.42,
ZAF,1915,0.42,
ZAF,1916,0.42,
ZAF,1917,0.42,
ZAF,1918,0.42,
ZAF,1919,0.42,
ZAF,1920,0.42,
ZAF,1921,0.42,
ZAF,1922,0.42,
ZAF,1923,0.42,
ZAF,1924,0.42,
ZAF,1925,0.42,
ZAF,1926,0.42,
ZAF,1927,0.42,
ZAF,1928,0.42,
ZAF,1929,0.42,
ZAF,1930,0.42,
ZAF,1931,0.42,
ZAF,1932,0.42,
ZAF,1933,0.42,
ZAF,1934,0.42,
ZAF,1935,0.42,
ZAF,1936,0.42,
ZAF,1937,0.42,
ZAF,1938,0.42,
ZAF,1939,0.42,
ZAF,1940,0.42,
ZAF,1941,0.42,
ZAF,1942,0.42,
ZAF,1943,0.42,
ZAF,1944,0.42,
ZAF,1945,0.42,
ZAF,1946,0.42,
ZAF,1947,0.42,
ZAF,1948,0.425,
ZAF,1949,0.425,
ZAF,1950,0.425,
ZAF,1951,0.425,
ZAF,1952,0.425,
ZAF,1953,0.425,
ZAF,1954,0.425,
ZAF,1955,0.425,
ZAF,1956,0.425,
ZAF,1957,0.425,
ZAF,1958,0.425,
ZAF,1959,0.425,
ZAF,1960,0.425,
ZAF,1961,0.425,
ZAF,1962,0.425,
ZAF,1963,0.425,
ZAF,1964,0.425,
ZAF,1965,0.425,
ZAF,1966,0.425,
ZAF,1967,0.425,
ZAF,1968,0.425,
ZAF,1969,0.425,
ZAF,1970,0.436,
ZAF,1971,0.436,
ZAF,1972,0.436,
ZAF,1973,0.436,
ZAF,1974,0.436,
ZAF,1975,0.436,
ZAF,1976,0.436,
ZAF,1977,0.436,
ZAF,1978,0.436,
ZAF,1979,0.436,
ZAF,1980,0.436,
ZAF,1981,0.436,
ZAF,1982,0.436,
ZAF,1983,0.436,
ZAF,1984,0.436,
ZAF,1985,0.436,
ZAF,1986,0.436,
ZAF,1987,0.436,
ZAF,1988,0.436,
ZAF,1989,0.436,
ZAF,1990,0.436,
ZAF,1991,0.436,
ZAF,1992,0.436,
ZAF,1993,0.436,
ZAF,1994,0.411,
ZAF,1995,0.435,
ZAF,1996,0.412,
ZAF,1997,0.412,
ZAF,1998,0.412,
ZAF,1999,0.412,
ZAF,2000,0.433,
ZAF,2001,0.433,
ZAF,2002,0.433,
ZAF,2003,0.433,
ZAF,2004,0.433,
ZAF,2005,0.433,
ZAF,2006,0.436,
ZAF,2007,0.436,
ZAF,2008,0.437,
ZAF,2009,0.461,
ZAF,2010,0.468,
ZAF,2011,0.468,
ZAF,2012,0.468,
ZAF,2013,0.459,
ZAF,2014,0.461,
ZAF,2015,0.472,
ZAF,2016,0.472,
ZAF,2017,0.48,
ZAF,2018,0.486,
ZAF,2019,0.444,
ZAF,2020,0.404,
ZAF,2021,0.424,
ZAF,2022,0.448,
ZAF,2023,0.5,Africa
ZAF,2024,0.555,
,1900,0.45641667,
,1901,0.4685,
,1902,0.4685,
,1903,0.47641668,
,1904,0.46708333,
,1905,0.46908334,
,1906,0.46916667,
,1907,0.46975,
,1908,0.47291666,
,1909,0.46691668,
,1910,0.46425,
,1911,0.46425,
,1912,0.45791668,
,1913,0.47133332,
,1914,0.47891667,
,1915,0.47825,
,1916,0.47224998,
,1917,0.47133332,
,1918,0.47125,
,1919,0.47125,
,1920,0.47383332,
,1921,0.47566667,
,1922,0.4735,
,1923,0.46641666,
,1924,0.46641666,
,1925,0.46858335,
,1926,0.46408334,
,1927,0.46208334,
,1928,0.46283334,
,1929,0.46375,
,1930,0.46008334,
,1931,0.45316666,
,1932,0.454,
,1933,0.45491666,
,1934,0.4555,
,1935,0.45616665,
,1936,0.44075,
,1937,0.43683332,
,1938,0.43591666,
,1939,0.44183332,
,1940,0.45058334,
,1941,0.4495,
,1942,0.4495,
,1943,0.44983333,
,1944,0.45433334,
,1945,0.45700002,
,1946,0.45175,
,1947,0.45691666,
,1948,0.46041667,
,1949,0.45866668,
,1950,0.44683334,
,1951,0.46375,
,1952,0.46916667,
,1953,0.47275,
,1954,0.47291666,
,1955,0.47291666,
,1956,0.4619167,
,1957,0.44816667,
,1958,0.44758332,
,1959,0.44166666,
,1960,0.44083333,
,1961,0.44266665,
,1962,0.43616667,
,1963,0.42383334,
,1964,0.43433332,
,1965,0.438,
,1966,0.4575,
,1967,0.47883332,
,1968,0.47458333,
,1969,0.48041666,
,1970,0.4845,
,1971,0.48575,
,1972,0.48316666,
,1973,0.49925,
,1974,0.52125,
,1975,0.52099997,
,1976,0.52416664,
,1977,0.5309167,
,1978,0.53008336,
,1979,0.51316667,
,1980,0.5293333,
,1981,0.53291667,
,1982,0.52283335,
,1983,0.49858332,
,1984,0.50558335,
,1985,0.50016665,
,1986,0.5025833,
,1987,0.5043333,
,1988,0.50275,
,1989,0.5135,
,1990,0.50525,
,1991,0.50475,
,1992,0.50425,
,1993,0.50166667,
,1994,0.49516666,
,1995,0.4955,
,1996,0.49483332,
,1997,0.50975,
,1998,0.50533336,
,1999,0.5065,
,2000,0.50733334,
,2001,0.49225,
,2002,0.50525,
,2003,0.50516665,
,2004,0.50041664,
,2005,0.49816668,
,2006,0.50116664,
,2007,0.5000833,
,2008,0.49383333,
,2009,0.49475,
,2010,0.49833333,
,2011,0.49516666,
,2012,0.49941668,
,2013,0.506,
,2014,0.50708336,
,2015,0.48916668,
,2016,0.47583333,
,2017,0.4695,
,2018,0.46575,
,2019,0.47233334,
,2020,0.47441667,
,2021,0.46616668,
,2022,0.48391667,
,2023,0.46675,
,2024,0.47433335,
,1900,0.586598,
,1901,0.5914746,
,1902,0.5912291,
,1903,0.60142577,
,1904,0.59029555,
,1905,0.5920452,
,1906,0.5986762,
,1907,0.5985841,
,1908,0.6013976,
,1909,0.5967556,
,1910,0.5941919,
,1911,0.59409475,
,1912,0.58793443,
,1913,0.593248,
,1914,0.6001922,
,1915,0.5997237,
,1916,0.59477293,
,1917,0.59303695,
,1918,0.5929801,
,1919,0.592876,
,1920,0.5960451,
,1921,0.59629685,
,1922,0.59218925,
,1923,0.5907829,
,1924,0.59036463,
,1925,0.59159684,
,1926,0.5877388,
,1927,0.5858058,
,1928,0.5867762,
,1929,0.5882378,
,1930,0.55858743,
,1931,0.553763,
,1932,0.5574017,
,1933,0.5617338,
,1934,0.5621905,
,1935,0.57808274,
,1936,0.56919396,
,1937,0.55221874,
,1938,0.5520672,
,1939,0.554089,
,1940,0.55965954,
,1941,0.55976474,
,1942,0.56021017,
,1943,0.5628426,
,1944,0.57187223,
,1945,0.5767622,
,1946,0.5573467,
,1947,0.58204865,
,1948,0.58511513,
,1949,0.5832129,
,1950,0.5702892,
,1951,0.588874,
,1952,0.5914307,
,1953,0.5933779,
,1954,0.59409505,
,1955,0.59461325,
,1956,0.5835661,
,1957,0.57344407,
,1958,0.56863093,
,1959,0.5549652,
,1960,0.5552163,
,1961,0.5565326,
,1962,0.5523708,
,1963,0.5380541,
,1964,0.5283502,
,1965,0.53177786,
,1966,0.54263884,
,1967,0.573888,
,1968,0.5707868,
,1969,0.57442456,
,1970,0.5741475,
,1971,0.5750132,
,1972,0.5748137,
,1973,0.5840039,
,1974,0.59642035,
,1975,0.59659106,
,1976,0.598442,
,1977,0.6083464,
,1978,0.6077251,
,1979,0.6023793,
,1980,0.60355854,
,1981,0.60676146,
,1982,0.60417587,
,1983,0.5733312,
,1984,0.5833405,
,1985,0.5827281,
,1986,0.5805107,
,1987,0.58051187,
,1988,0.5747411,
,1989,0.5980193,
,1990,0.57339394,
,1991,0.57326955,
,1992,0.5703446,
,1993,0.5568551,
,1994,0.5286513,
,1995,0.5293612,
,1996,0.52892864,
,1997,0.529591,
,1998,0.5289731,
,1999,0.5311972,
,2000,0.52262264,
,2001,0.5090485,
,2002,0.5403578,
,2003,0.54418164,
,2004,0.5436331,
,2005,0.51947695,
,2006,0.52095145,
,2007,0.5211856,
,2008,0.519629,
,2009,0.5211545,
,2010,0.5209963,
,2011,0.51754135,
,2012,0.51823187,
,2013,0.52267003,
,2014,0.5293251,
,2015,0.5241323,
,2016,0.52078664,
,2017,0.51493526,
,2018,0.51406544,
,2019,0.5234887,
,2020,0.5262078,
,2021,0.5240512,
,2022,0.5352416,
,2023,0.48341644,
,2024,0.47973996,
SGS,2023,,South America
KOR,1789,0.567,
KOR,1790,0.567,
KOR,1791,0.567,
KOR,1792,0.567,
KOR,1793,0.567,
KOR,1794,0.567,
KOR,1795,0.567,
KOR,1796,0.567,
KOR,1797,0.567,
KOR,1798,0.567,
KOR,1799,0.567,
KOR,1800,0.627,
KOR,1801,0.627,
KOR,1802,0.627,
KOR,1803,0.627,
KOR,1804,0.627,
KOR,1805,0.627,
KOR,1806,0.627,
KOR,1807,0.627,
KOR,1808,0.627,
KOR,1809,0.627,
KOR,1810,0.627,
KOR,1811,0.627,
KOR,1812,0.627,
KOR,1813,0.627,
KOR,1814,0.627,
KOR,1815,0.627,
KOR,1816,0.627,
KOR,1817,0.627,
KOR,1818,0.627,
KOR,1819,0.627,
KOR,1820,0.627,
KOR,1821,0.627,
KOR,1822,0.627,
KOR,1823,0.627,
KOR,1824,0.627,
KOR,1825,0.627,
KOR,1826,0.627,
KOR,1827,0.627,
KOR,1828,0.627,
KOR,1829,0.627,
KOR,1830,0.627,
KOR,1831,0.627,
KOR,1832,0.627,
KOR,1833,0.627,
KOR,1834,0.627,
KOR,1835,0.627,
KOR,1836,0.627,
KOR,1837,0.627,
KOR,1838,0.627,
KOR,1839,0.627,
KOR,1840,0.661,
KOR,1841,0.661,
KOR,1842,0.661,
KOR,1843,0.661,
KOR,1844,0.661,
KOR,1845,0.661,
KOR,1846,0.661,
KOR,1847,0.661,
KOR,1848,0.661,
KOR,1849,0.677,
KOR,1850,0.677,
KOR,1851,0.677,
KOR,1852,0.677,
KOR,1853,0.677,
KOR,1854,0.677,
KOR,1855,0.677,
KOR,1856,0.677,
KOR,1857,0.677,
KOR,1858,0.677,
KOR,1859,0.677,
KOR,1860,0.677,
KOR,1861,0.677,
KOR,1862,0.677,
KOR,1863,0.677,
KOR,1864,0.567,
KOR,1865,0.567,
KOR,1866,0.567,
KOR,1867,0.567,
KOR,1868,0.567,
KOR,1869,0.567,
KOR,1870,0.567,
KOR,1871,0.567,
KOR,1872,0.567,
KOR,1873,0.567,
KOR,1874,0.627,
KOR,1875,0.627,
KOR,1876,0.627,
KOR,1877,0.627,
KOR,1878,0.627,
KOR,1879,0.627,
KOR,1880,0.676,
KOR,1881,0.676,
KOR,1882,0.676,
KOR,1883,0.676,
KOR,1884,0.676,
KOR,1885,0.676,
KOR,1886,0.676,
KOR,1887,0.676,
KOR,1888,0.676,
KOR,1889,0.676,
KOR,1890,0.676,
KOR,1891,0.676,
KOR,1892,0.676,
KOR,1893,0.676,
KOR,1894,0.676,
KOR,1895,0.676,
KOR,1896,0.676,
KOR,1897,0.63,
KOR,1898,0.63,
KOR,1899,0.63,
KOR,1900,0.63,
KOR,1901,0.63,
KOR,1902,0.63,
KOR,1903,0.63,
KOR,1904,0.63,
KOR,1905,0.63,
KOR,1906,0.63,
KOR,1907,0.63,
KOR,1908,0.63,
KOR,1909,0.63,
KOR,1910,0.613,
KOR,1911,0.602,
KOR,1912,0.602,
KOR,1913,0.602,
KOR,1914,0.602,
KOR,1915,0.602,
KOR,1916,0.602,
KOR,1917,0.602,
KOR,1918,0.602,
KOR,1919,0.602,
KOR,1920,0.602,
KOR,1921,0.602,
KOR,1922,0.602,
KOR,1923,0.602,
KOR,1924,0.602,
KOR,1925,0.602,
KOR,1926,0.602,
KOR,1927,0.602,
KOR,1928,0.602,
KOR,1929,0.602,
KOR,1930,0.602,
KOR,1931,0.602,
KOR,1932,0.602,
KOR,1933,0.602,
KOR,1934,0.602,
KOR,1935,0.602,
KOR,1936,0.602,
KOR,1937,0.602,
KOR,1938,0.602,
KOR,1939,0.602,
KOR,1940,0.602,
KOR,1941,0.602,
KOR,1942,0.602,
KOR,1943,0.602,
KOR,1944,0.602,
KOR,1945,0.568,
KOR,1946,0.501,
KOR,1947,0.501,
KOR,1948,0.511,
KOR,1949,0.612,
KOR,1950,0.624,
KOR,1951,0.624,
KOR,1952,0.624,
KOR,1953,0.624,
KOR,1954,0.624,
KOR,1955,0.624,
KOR,1956,0.624,
KOR,1957,0.624,
KOR,1958,0.624,
KOR,1959,0.624,
KOR,1960,0.525,
KOR,1961,0.546,
KOR,1962,0.569,
KOR,1963,0.569,
KOR,1964,0.569,
KOR,1965,0.569,
KOR,1966,0.569,
KOR,1967,0.569,
KOR,1968,0.569,
KOR,1969,0.569,
KOR,1970,0.569,
KOR,1971,0.569,
KOR,1972,0.571,
KOR,1973,0.571,
KOR,1974,0.571,
KOR,1975,0.571,
KOR,1976,0.571,
KOR,1977,0.571,
KOR,1978,0.571,
KOR,1979,0.571,
KOR,1980,0.575,
KOR,1981,0.575,
KOR,1982,0.575,
KOR,1983,0.566,
KOR,1984,0.566,
KOR,1985,0.566,
KOR,1986,0.566,
KOR,1987,0.511,
KOR,1988,0.457,
KOR,1989,0.457,
KOR,1990,0.457,
KOR,1991,0.457,
KOR,1992,0.442,
KOR,1993,0.291,
KOR,1994,0.307,
KOR,1995,0.307,
KOR,1996,0.291,
KOR,1997,0.291,
KOR,1998,0.26,
KOR,1999,0.259,
KOR,2000,0.238,
KOR,2001,0.238,
KOR,2002,0.202,
KOR,2003,0.145,
KOR,2004,0.132,
KOR,2005,0.132,
KOR,2006,0.132,
KOR,2007,0.132,
KOR,2008,0.17,
KOR,2009,0.17,
KOR,2010,0.179,
KOR,2011,0.179,
KOR,2012,0.195,
KOR,2013,0.212,
KOR,2014,0.212,
KOR,2015,0.232,
KOR,2016,0.232,
KOR,2017,0.134,
KOR,2018,0.13,
KOR,2019,0.114,
KOR,2020,0.114,
KOR,2021,0.164,
KOR,2022,0.125,
KOR,2023,0.157,Asia
KOR,2024,0.156,
SSD,2011,0.798,
SSD,2012,0.798,
SSD,2013,0.864,
SSD,2014,0.864,
SSD,2015,0.864,
SSD,2016,0.899,
SSD,2017,0.842,
SSD,2018,0.869,
SSD,2019,0.941,
SSD,2020,0.93,
SSD,2021,0.795,
SSD,2022,0.805,
SSD,2023,0.829,Africa
SSD,2024,0.829,
ESP,1789,0.52,
ESP,1790,0.52,
ESP,1791,0.52,
ESP,1792,0.52,
ESP,1793,0.52,
ESP,1794,0.52,
ESP,1795,0.52,
ESP,1796,0.52,
ESP,1797,0.52,
ESP,1798,0.52,
ESP,1799,0.52,
ESP,1800,0.52,
ESP,1801,0.52,
ESP,1802,0.52,
ESP,1803,0.52,
ESP,1804,0.52,
ESP,1805,0.52,
ESP,1806,0.52,
ESP,1807,0.52,
ESP,1808,0.52,
ESP,1809,0.575,
ESP,1810,0.575,
ESP,1811,0.575,
ESP,1812,0.444,
ESP,1813,0.444,
ESP,1814,0.504,
ESP,1815,0.504,
ESP,1816,0.504,
ESP,1817,0.504,
ESP,1818,0.504,
ESP,1819,0.504,
ESP,1820,0.404,
ESP,1821,0.404,
ESP,1822,0.404,
ESP,1823,0.404,
ESP,1824,0.504,
ESP,1825,0.504,
ESP,1826,0.504,
ESP,1827,0.504,
ESP,1828,0.504,
ESP,1829,0.504,
ESP,1830,0.504,
ESP,1831,0.504,
ESP,1832,0.504,
ESP,1833,0.504,
ESP,1834,0.578,
ESP,1835,0.578,
ESP,1836,0.578,
ESP,1837,0.578,
ESP,1838,0.578,
ESP,1839,0.578,
ESP,1840,0.578,
ESP,1841,0.578,
ESP,1842,0.578,
ESP,1843,0.578,
ESP,1844,0.578,
ESP,1845,0.578,
ESP,1846,0.578,
ESP,1847,0.578,
ESP,1848,0.578,
ESP,1849,0.578,
ESP,1850,0.578,
ESP,1851,0.578,
ESP,1852,0.533,
ESP,1853,0.533,
ESP,1854,0.533,
ESP,1855,0.533,
ESP,1856,0.533,
ESP,1857,0.533,
ESP,1858,0.533,
ESP,1859,0.533,
ESP,1860,0.533,
ESP,1861,0.533,
ESP,1862,0.533,
ESP,1863,0.533,
ESP,1864,0.533,
ESP,1865,0.533,
ESP,1866,0.533,
ESP,1867,0.533,
ESP,1868,0.533,
ESP,1869,0.502,
ESP,1870,0.502,
ESP,1871,0.502,
ESP,1872,0.502,
ESP,1873,0.502,
ESP,1874,0.502,
ESP,1875,0.502,
ESP,1876,0.502,
ESP,1877,0.502,
ESP,1878,0.502,
ESP,1879,0.502,
ESP,1880,0.502,
ESP,1881,0.502,
ESP,1882,0.484,
ESP,1883,0.484,
ESP,1884,0.484,
ESP,1885,0.484,
ESP,1886,0.484,
ESP,1887,0.484,
ESP,1888,0.484,
ESP,1889,0.484,
ESP,1890,0.484,
ESP,1891,0.484,
ESP,1892,0.484,
ESP,1893,0.484,
ESP,1894,0.484,
ESP,1895,0.484,
ESP,1896,0.484,
ESP,1897,0.484,
ESP,1898,0.484,
ESP,1899,0.484,
ESP,1900,0.484,
ESP,1901,0.484,
ESP,1902,0.484,
ESP,1903,0.484,
ESP,1904,0.484,
ESP,1905,0.484,
ESP,1906,0.484,
ESP,1907,0.484,
ESP,1908,0.484,
ESP,1909,0.484,
ESP,1910,0.484,
ESP,1911,0.484,
ESP,1912,0.484,
ESP,1913,0.484,
ESP,1914,0.484,
ESP,1915,0.484,
ESP,1916,0.484,
ESP,1917,0.484,
ESP,1918,0.484,
ESP,1919,0.484,
ESP,1920,0.484,
ESP,1921,0.484,
ESP,1922,0.484,
ESP,1923,0.47,
ESP,1924,0.47,
ESP,1925,0.47,
ESP,1926,0.47,
ESP,1927,0.47,
ESP,1928,0.47,
ESP,1929,0.47,
ESP,1930,0.47,
ESP,1931,0.266,
ESP,1932,0.313,
ESP,1933,0.313,
ESP,1934,0.313,
ESP,1935,0.313,
ESP,1936,0.313,
ESP,1937,0.313,
ESP,1938,0.354,
ESP,1939,0.254,
ESP,1940,0.356,
ESP,1941,0.356,
ESP,1942,0.356,
ESP,1943,0.465,
ESP,1944,0.493,
ESP,1945,0.493,
ESP,1946,0.493,
ESP,1947,0.493,
ESP,1948,0.493,
ESP,1949,0.493,
ESP,1950,0.493,
ESP,1951,0.493,
ESP,1952,0.493,
ESP,1953,0.493,
ESP,1954,0.493,
ESP,1955,0.493,
ESP,1956,0.493,
ESP,1957,0.493,
ESP,1958,0.493,
ESP,1959,0.493,
ESP,1960,0.478,
ESP,1961,0.478,
ESP,1962,0.478,
ESP,1963,0.478,
ESP,1964,0.478,
ESP,1965,0.478,
ESP,1966,0.478,
ESP,1967,0.478,
ESP,1968,0.478,
ESP,1969,0.478,
ESP,1970,0.478,
ESP,1971,0.478,
ESP,1972,0.478,
ESP,1973,0.462,
ESP,1974,0.449,
ESP,1975,0.375,
ESP,1976,0.351,
ESP,1977,0.164,
ESP,1978,0.046,
ESP,1979,0.041,
ESP,1980,0.041,
ESP,1981,0.041,
ESP,1982,0.041,
ESP,1983,0.041,
ESP,1984,0.041,
ESP,1985,0.041,
ESP,1986,0.039,
ESP,1987,0.039,
ESP,1988,0.039,
ESP,1989,0.039,
ESP,1990,0.039,
ESP,1991,0.039,
ESP,1992,0.039,
ESP,1993,0.039,
ESP,1994,0.039,
ESP,1995,0.039,
ESP,1996,0.039,
ESP,1997,0.039,
ESP,1998,0.039,
ESP,1999,0.039,
ESP,2000,0.039,
ESP,2001,0.039,
ESP,2002,0.039,
ESP,2003,0.039,
ESP,2004,0.039,
ESP,2005,0.039,
ESP,2006,0.039,
ESP,2007,0.039,
ESP,2008,0.039,
ESP,2009,0.039,
ESP,2010,0.039,
ESP,2011,0.042,
ESP,2012,0.046,
ESP,2013,0.054,
ESP,2014,0.054,
ESP,2015,0.054,
ESP,2016,0.063,
ESP,2017,0.051,
ESP,2018,0.037,
ESP,2019,0.037,
ESP,2020,0.034,
ESP,2021,0.038,
ESP,2022,0.051,
ESP,2023,0.07,Europe
ESP,2024,0.103,
LKA,1900,0.056,
LKA,1901,0.056,
LKA,1902,0.056,
LKA,1903,0.056,
LKA,1904,0.056,
LKA,1905,0.056,
LKA,1906,0.056,
LKA,1907,0.056,
LKA,1908,0.056,
LKA,1909,0.056,
LKA,1910,0.056,
LKA,1911,0.056,
LKA,1912,0.056,
LKA,1913,0.056,
LKA,1914,0.056,
LKA,1915,0.056,
LKA,1916,0.056,
LKA,1917,0.056,
LKA,1918,0.056,
LKA,1919,0.056,
LKA,1920,0.056,
LKA,1921,0.056,
LKA,1922,0.056,
LKA,1923,0.056,
LKA,1924,0.056,
LKA,1925,0.056,
LKA,1926,0.056,
LKA,1927,0.056,
LKA,1928,0.056,
LKA,1929,0.056,
LKA,1930,0.056,
LKA,1931,0.064,
LKA,1932,0.068,
LKA,1933,0.068,
LKA,1934,0.068,
LKA,1935,0.068,
LKA,1936,0.068,
LKA,1937,0.068,
LKA,1938,0.068,
LKA,1939,0.068,
LKA,1940,0.068,
LKA,1941,0.068,
LKA,1942,0.068,
LKA,1943,0.068,
LKA,1944,0.068,
LKA,1945,0.068,
LKA,1946,0.068,
LKA,1947,0.072,
LKA,1948,0.127,
LKA,1949,0.127,
LKA,1950,0.127,
LKA,1951,0.127,
LKA,1952,0.127,
LKA,1953,0.127,
LKA,1954,0.127,
LKA,1955,0.127,
LKA,1956,0.127,
LKA,1957,0.127,
LKA,1958,0.127,
LKA,1959,0.127,
LKA,1960,0.127,
LKA,1961,0.127,
LKA,1962,0.127,
LKA,1963,0.127,
LKA,1964,0.127,
LKA,1965,0.127,
LKA,1966,0.127,
LKA,1967,0.127,
LKA,1968,0.127,
LKA,1969,0.127,
LKA,1970,0.138,
LKA,1971,0.138,
LKA,1972,0.138,
LKA,1973,0.138,
LKA,1974,0.138,
LKA,1975,0.138,
LKA,1976,0.138,
LKA,1977,0.149,
LKA,1978,0.306,
LKA,1979,0.306,
LKA,1980,0.306,
LKA,1981,0.306,
LKA,1982,0.306,
LKA,1983,0.306,
LKA,1984,0.306,
LKA,1985,0.306,
LKA,1986,0.306,
LKA,1987,0.306,
LKA,1988,0.306,
LKA,1989,0.413,
LKA,1990,0.413,
LKA,1991,0.413,
LKA,1992,0.413,
LKA,1993,0.413,
LKA,1994,0.435,
LKA,1995,0.435,
LKA,1996,0.435,
LKA,1997,0.435,
LKA,1998,0.435,
LKA,1999,0.435,
LKA,2000,0.435,
LKA,2001,0.425,
LKA,2002,0.425,
LKA,2003,0.425,
LKA,2004,0.425,
LKA,2005,0.565,
LKA,2006,0.565,
LKA,2007,0.565,
LKA,2008,0.565,
LKA,2009,0.572,
LKA,2010,0.636,
LKA,2011,0.636,
LKA,2012,0.636,
LKA,2013,0.644,
LKA,2014,0.651,
LKA,2015,0.517,
LKA,2016,0.493,
LKA,2017,0.491,
LKA,2018,0.507,
LKA,2019,0.507,
LKA,2020,0.61,
LKA,2021,0.633,
LKA,2022,0.553,
LKA,2023,0.553,Asia
LKA,2024,0.462,
SDN,1900,0.118,
SDN,1901,0.118,
SDN,1902,0.118,
SDN,1903,0.118,
SDN,1904,0.118,
SDN,1905,0.118,
SDN,1906,0.118,
SDN,1907,0.118,
SDN,1908,0.118,
SDN,1909,0.118,
SDN,1910,0.118,
SDN,1911,0.118,
SDN,1912,0.118,
SDN,1913,0.118,
SDN,1914,0.118,
SDN,1915,0.118,
SDN,1916,0.118,
SDN,1917,0.118,
SDN,1918,0.118,
SDN,1919,0.118,
SDN,1920,0.118,
SDN,1921,0.118,
SDN,1922,0.118,
SDN,1923,0.118,
SDN,1924,0.118,
SDN,1925,0.118,
SDN,1926,0.118,
SDN,1927,0.118,
SDN,1928,0.118,
SDN,1929,0.118,
SDN,1930,0.118,
SDN,1931,0.118,
SDN,1932,0.118,
SDN,1933,0.118,
SDN,1934,0.118,
SDN,1935,0.118,
SDN,1936,0.118,
SDN,1937,0.118,
SDN,1938,0.118,
SDN,1939,0.118,
SDN,1940,0.118,
SDN,1941,0.118,
SDN,1942,0.118,
SDN,1943,0.118,
SDN,1944,0.118,
SDN,1945,0.118,
SDN,1946,0.118,
SDN,1947,0.118,
SDN,1948,0.118,
SDN,1949,0.234,
SDN,1950,0.234,
SDN,1951,0.234,
SDN,1952,0.234,
SDN,1953,0.273,
SDN,1954,0.273,
SDN,1955,0.273,
SDN,1956,0.363,
SDN,1957,0.387,
SDN,1958,0.343,
SDN,1959,0.343,
SDN,1960,0.343,
SDN,1961,0.343,
SDN,1962,0.343,
SDN,1963,0.343,
SDN,1964,0.278,
SDN,1965,0.278,
SDN,1966,0.278,
SDN,1967,0.278,
SDN,1968,0.278,
SDN,1969,0.382,
SDN,1970,0.471,
SDN,1971,0.486,
SDN,1972,0.495,
SDN,1973,0.507,
SDN,1974,0.507,
SDN,1975,0.563,
SDN,1976,0.563,
SDN,1977,0.563,
SDN,1978,0.563,
SDN,1979,0.563,
SDN,1980,0.563,
SDN,1981,0.563,
SDN,1982,0.563,
SDN,1983,0.563,
SDN,1984,0.563,
SDN,1985,0.383,
SDN,1986,0.367,
SDN,1987,0.458,
SDN,1988,0.458,
SDN,1989,0.655,
SDN,1990,0.792,
SDN,1991,0.792,
SDN,1992,0.792,
SDN,1993,0.83,
SDN,1994,0.83,
SDN,1995,0.83,
SDN,1996,0.83,
SDN,1997,0.83,
SDN,1998,0.83,
SDN,1999,0.792,
SDN,2000,0.796,
SDN,2001,0.818,
SDN,2002,0.818,
SDN,2003,0.818,
SDN,2004,0.818,
SDN,2005,0.814,
SDN,2006,0.814,
SDN,2007,0.814,
SDN,2008,0.814,
SDN,2009,0.814,
SDN,2010,0.808,
SDN,2011,0.838,
SDN,2012,0.838,
SDN,2013,0.852,
SDN,2014,0.852,
SDN,2015,0.852,
SDN,2016,0.854,
SDN,2017,0.787,
SDN,2018,0.796,
SDN,2019,0.748,
SDN,2020,0.741,
SDN,2021,0.694,
SDN,2022,0.706,
SDN,2023,0.738,Africa
SDN,2024,0.804,
,2023,,Africa
SUR,1900,0.133,
SUR,1901,0.133,
SUR,1902,0.133,
SUR,1903,0.133,
SUR,1904,0.133,
SUR,1905,0.133,
SUR,1906,0.133,
SUR,1907,0.133,
SUR,1908,0.133,
SUR,1909,0.133,
SUR,1910,0.133,
SUR,1911,0.133,
SUR,1912,0.133,
SUR,1913,0.133,
SUR,1914,0.133,
SUR,1915,0.133,
SUR,1916,0.133,
SUR,1917,0.133,
SUR,1918,0.133,
SUR,1919,0.133,
SUR,1920,0.133,
SUR,1921,0.133,
SUR,1922,0.133,
SUR,1923,0.133,
SUR,1924,0.133,
SUR,1925,0.133,
SUR,1926,0.133,
SUR,1927,0.133,
SUR,1928,0.133,
SUR,1929,0.133,
SUR,1930,0.133,
SUR,1931,0.133,
SUR,1932,0.133,
SUR,1933,0.133,
SUR,1934,0.133,
SUR,1935,0.133,
SUR,1936,0.133,
SUR,1937,0.133,
SUR,1938,0.133,
SUR,1939,0.133,
SUR,1940,0.133,
SUR,1941,0.133,
SUR,1942,0.133,
SUR,1943,0.133,
SUR,1944,0.133,
SUR,1945,0.133,
SUR,1946,0.133,
SUR,1947,0.133,
SUR,1948,0.133,
SUR,1949,0.133,
SUR,1950,0.108,
SUR,1951,0.108,
SUR,1952,0.108,
SUR,1953,0.108,
SUR,1954,0.108,
SUR,1955,0.108,
SUR,1956,0.108,
SUR,1957,0.108,
SUR,1958,0.108,
SUR,1959,0.108,
SUR,1960,0.108,
SUR,1961,0.108,
SUR,1962,0.108,
SUR,1963,0.108,
SUR,1964,0.108,
SUR,1965,0.108,
SUR,1966,0.108,
SUR,1967,0.108,
SUR,1968,0.108,
SUR,1969,0.108,
SUR,1970,0.108,
SUR,1971,0.108,
SUR,1972,0.108,
SUR,1973,0.108,
SUR,1974,0.108,
SUR,1975,0.112,
SUR,1976,0.144,
SUR,1977,0.144,
SUR,1978,0.144,
SUR,1979,0.144,
SUR,1980,0.198,
SUR,1981,0.198,
SUR,1982,0.198,
SUR,1983,0.198,
SUR,1984,0.198,
SUR,1985,0.19,
SUR,1986,0.19,
SUR,1987,0.228,
SUR,1988,0.221,
SUR,1989,0.229,
SUR,1990,0.2,
SUR,1991,0.2,
SUR,1992,0.228,
SUR,1993,0.222,
SUR,1994,0.222,
SUR,1995,0.222,
SUR,1996,0.205,
SUR,1997,0.205,
SUR,1998,0.205,
SUR,1999,0.205,
SUR,2000,0.205,
SUR,2001,0.205,
SUR,2002,0.205,
SUR,2003,0.205,
SUR,2004,0.205,
SUR,2005,0.205,
SUR,2006,0.205,
SUR,2007,0.205,
SUR,2008,0.205,
SUR,2009,0.205,
SUR,2010,0.214,
SUR,2011,0.214,
SUR,2012,0.214,
SUR,2013,0.235,
SUR,2014,0.235,
SUR,2015,0.235,
SUR,2016,0.257,
SUR,2017,0.277,
SUR,2018,0.286,
SUR,2019,0.286,
SUR,2020,0.212,
SUR,2021,0.205,
SUR,2022,0.205,
SUR,2023,0.202,South America
SUR,2024,0.173,
SWE,1789,0.321,
SWE,1790,0.321,
SWE,1791,0.321,
SWE,1792,0.321,
SWE,1793,0.321,
SWE,1794,0.321,
SWE,1795,0.321,
SWE,1796,0.321,
SWE,1797,0.321,
SWE,1798,0.321,
SWE,1799,0.321,
SWE,1800,0.321,
SWE,1801,0.321,
SWE,1802,0.321,
SWE,1803,0.321,
SWE,1804,0.321,
SWE,1805,0.321,
SWE,1806,0.321,
SWE,1807,0.321,
SWE,1808,0.321,
SWE,1809,0.358,
SWE,1810,0.358,
SWE,1811,0.121,
SWE,1812,0.121,
SWE,1813,0.121,
SWE,1814,0.121,
SWE,1815,0.121,
SWE,1816,0.121,
SWE,1817,0.121,
SWE,1818,0.121,
SWE,1819,0.121,
SWE,1820,0.121,
SWE,1821,0.121,
SWE,1822,0.121,
SWE,1823,0.121,
SWE,1824,0.121,
SWE,1825,0.121,
SWE,1826,0.121,
SWE,1827,0.121,
SWE,1828,0.121,
SWE,1829,0.121,
SWE,1830,0.121,
SWE,1831,0.121,
SWE,1832,0.121,
SWE,1833,0.121,
SWE,1834,0.121,
SWE,1835,0.121,
SWE,1836,0.121,
SWE,1837,0.121,
SWE,1838,0.121,
SWE,1839,0.121,
SWE,1840,0.121,
SWE,1841,0.121,
SWE,1842,0.121,
SWE,1843,0.121,
SWE,1844,0.121,
SWE,1845,0.121,
SWE,1846,0.121,
SWE,1847,0.121,
SWE,1848,0.121,
SWE,1849,0.121,
SWE,1850,0.121,
SWE,1851,0.121,
SWE,1852,0.121,
SWE,1853,0.121,
SWE,1854,0.121,
SWE,1855,0.121,
SWE,1856,0.121,
SWE,1857,0.121,
SWE,1858,0.121,
SWE,1859,0.121,
SWE,1860,0.029,
SWE,1861,0.029,
SWE,1862,0.029,
SWE,1863,0.029,
SWE,1864,0.029,
SWE,1865,0.029,
SWE,1866,0.029,
SWE,1867,0.029,
SWE,1868,0.029,
SWE,1869,0.029,
SWE,1870,0.029,
SWE,1871,0.029,
SWE,1872,0.029,
SWE,1873,0.029,
SWE,1874,0.029,
SWE,1875,0.029,
SWE,1876,0.029,
SWE,1877,0.029,
SWE,1878,0.029,
SWE,1879,0.029,
SWE,1880,0.017,
SWE,1881,0.017,
SWE,1882,0.017,
SWE,1883,0.017,
SWE,1884,0.017,
SWE,1885,0.017,
SWE,1886,0.017,
SWE,1887,0.017,
SWE,1888,0.017,
SWE,1889,0.017,
SWE,1890,0.008,
SWE,1891,0.008,
SWE,1892,0.008,
SWE,1893,0.008,
SWE,1894,0.008,
SWE,1895,0.008,
SWE,1896,0.008,
SWE,1897,0.008,
SWE,1898,0.008,
SWE,1899,0.008,
SWE,1900,0.008,
SWE,1901,0.008,
SWE,1902,0.008,
SWE,1903,0.008,
SWE,1904,0.008,
SWE,1905,0.008,
SWE,1906,0.008,
SWE,1907,0.008,
SWE,1908,0.008,
SWE,1909,0.008,
SWE,1910,0.008,
SWE,1911,0.008,
SWE,1912,0.008,
SWE,1913,0.008,
SWE,1914,0.008,
SWE,1915,0.008,
SWE,1916,0.008,
SWE,1917,0.008,
SWE,1918,0.008,
SWE,1919,0.008,
SWE,1920,0.008,
SWE,1921,0.008,
SWE,1922,0.008,
SWE,1923,0.008,
SWE,1924,0.008,
SWE,1925,0.008,
SWE,1926,0.008,
SWE,1927,0.008,
SWE,1928,0.008,
SWE,1929,0.008,
SWE,1930,0.008,
SWE,1931,0.008,
SWE,1932,0.008,
SWE,1933,0.008,
SWE,1934,0.008,
SWE,1935,0.008,
SWE,1936,0.008,
SWE,1937,0.008,
SWE,1938,0.008,
SWE,1939,0.008,
SWE,1940,0.008,
SWE,1941,0.008,
SWE,1942,0.008,
SWE,1943,0.008,
SWE,1944,0.008,
SWE,1945,0.008,
SWE,1946,0.004,
SWE,1947,0.004,
SWE,1948,0.004,
SWE,1949,0.004,
SWE,1950,0.004,
SWE,1951,0.004,
SWE,1952,0.004,
SWE,1953,0.004,
SWE,1954,0.004,
SWE,1955,0.004,
SWE,1956,0.004,
SWE,1957,0.004,
SWE,1958,0.004,
SWE,1959,0.004,
SWE,1960,0.004,
SWE,1961,0.004,
SWE,1962,0.004,
SWE,1963,0.004,
SWE,1964,0.004,
SWE,1965,0.004,
SWE,1966,0.004,
SWE,1967,0.004,
SWE,1968,0.004,
SWE,1969,0.004,
SWE,1970,0.004,
SWE,1971,0.004,
SWE,1972,0.004,
SWE,1973,0.004,
SWE,1974,0.004,
SWE,1975,0.004,
SWE,1976,0.004,
SWE,1977,0.004,
SWE,1978,0.004,
SWE,1979,0.004,
SWE,1980,0.004,
SWE,1981,0.004,
SWE,1982,0.004,
SWE,1983,0.004,
SWE,1984,0.004,
SWE,1985,0.004,
SWE,1986,0.004,
SWE,1987,0.004,
SWE,1988,0.004,
SWE,1989,0.004,
SWE,1990,0.004,
SWE,1991,0.004,
SWE,1992,0.004,
SWE,1993,0.004,
SWE,1994,0.004,
SWE,1995,0.004,
SWE,1996,0.004,
SWE,1997,0.004,
SWE,1998,0.004,
SWE,1999,0.004,
SWE,2000,0.004,
SWE,2001,0.004,
SWE,2002,0.004,
SWE,2003,0.004,
SWE,2004,0.004,
SWE,2005,0.004,
SWE,2006,0.004,
SWE,2007,0.004,
SWE,2008,0.004,
SWE,2009,0.004,
SWE,2010,0.004,
SWE,2011,0.004,
SWE,2012,0.004,
SWE,2013,0.004,
SWE,2014,0.004,
SWE,2015,0.008,
SWE,2016,0.008,
SWE,2017,0.008,
SWE,2018,0.008,
SWE,2019,0.009,
SWE,2020,0.008,
SWE,2021,0.008,
SWE,2022,0.01,
SWE,2023,0.01,Europe
SWE,2024,0.01,
CHE,1798,0.015,
CHE,1799,0.015,
CHE,1800,0.015,
CHE,1801,0.015,
CHE,1802,0.015,
CHE,1803,0.015,
CHE,1804,0.013,
CHE,1805,0.013,
CHE,1806,0.013,
CHE,1807,0.013,
CHE,1808,0.013,
CHE,1809,0.013,
CHE,1810,0.013,
CHE,1811,0.013,
CHE,1812,0.013,
CHE,1813,0.013,
CHE,1814,0.013,
CHE,1815,0.013,
CHE,1816,0.013,
CHE,1817,0.013,
CHE,1818,0.013,
CHE,1819,0.013,
CHE,1820,0.013,
CHE,1821,0.013,
CHE,1822,0.013,
CHE,1823,0.013,
CHE,1824,0.013,
CHE,1825,0.013,
CHE,1826,0.013,
CHE,1827,0.013,
CHE,1828,0.013,
CHE,1829,0.013,
CHE,1830,0.013,
CHE,1831,0.013,
CHE,1832,0.013,
CHE,1833,0.013,
CHE,1834,0.013,
CHE,1835,0.013,
CHE,1836,0.013,
CHE,1837,0.013,
CHE,1838,0.013,
CHE,1839,0.013,
CHE,1840,0.013,
CHE,1841,0.013,
CHE,1842,0.013,
CHE,1843,0.013,
CHE,1844,0.013,
CHE,1845,0.013,
CHE,1846,0.013,
CHE,1847,0.013,
CHE,1848,0.017,
CHE,1849,0.017,
CHE,1850,0.017,
CHE,1851,0.017,
CHE,1852,0.017,
CHE,1853,0.017,
CHE,1854,0.017,
CHE,1855,0.017,
CHE,1856,0.017,
CHE,1857,0.017,
CHE,1858,0.017,
CHE,1859,0.017,
CHE,1860,0.017,
CHE,1861,0.017,
CHE,1862,0.017,
CHE,1863,0.017,
CHE,1864,0.017,
CHE,1865,0.017,
CHE,1866,0.017,
CHE,1867,0.017,
CHE,1868,0.017,
CHE,1869,0.017,
CHE,1870,0.017,
CHE,1871,0.017,
CHE,1872,0.017,
CHE,1873,0.017,
CHE,1874,0.017,
CHE,1875,0.017,
CHE,1876,0.017,
CHE,1877,0.017,
CHE,1878,0.017,
CHE,1879,0.017,
CHE,1880,0.017,
CHE,1881,0.017,
CHE,1882,0.017,
CHE,1883,0.017,
CHE,1884,0.017,
CHE,1885,0.017,
CHE,1886,0.017,
CHE,1887,0.017,
CHE,1888,0.017,
CHE,1889,0.017,
CHE,1890,0.017,
CHE,1891,0.017,
CHE,1892,0.017,
CHE,1893,0.017,
CHE,1894,0.017,
CHE,1895,0.017,
CHE,1896,0.017,
CHE,1897,0.017,
CHE,1898,0.017,
CHE,1899,0.017,
CHE,1900,0.017,
CHE,1901,0.017,
CHE,1902,0.017,
CHE,1903,0.017,
CHE,1904,0.017,
CHE,1905,0.017,
CHE,1906,0.017,
CHE,1907,0.017,
CHE,1908,0.017,
CHE,1909,0.017,
CHE,1910,0.017,
CHE,1911,0.017,
CHE,1912,0.017,
CHE,1913,0.017,
CHE,1914,0.017,
CHE,1915,0.017,
CHE,1916,0.017,
CHE,1917,0.017,
CHE,1918,0.017,
CHE,1919,0.017,
CHE,1920,0.017,
CHE,1921,0.017,
CHE,1922,0.017,
CHE,1923,0.017,
CHE,1924,0.017,
CHE,1925,0.017,
CHE,1926,0.017,
CHE,1927,0.017,
CHE,1928,0.017,
CHE,1929,0.017,
CHE,1930,0.017,
CHE,1931,0.017,
CHE,1932,0.017,
CHE,1933,0.017,
CHE,1934,0.017,
CHE,1935,0.017,
CHE,1936,0.017,
CHE,1937,0.017,
CHE,1938,0.017,
CHE,1939,0.017,
CHE,1940,0.017,
CHE,1941,0.017,
CHE,1942,0.017,
CHE,1943,0.017,
CHE,1944,0.017,
CHE,1945,0.017,
CHE,1946,0.017,
CHE,1947,0.017,
CHE,1948,0.017,
CHE,1949,0.017,
CHE,1950,0.017,
CHE,1951,0.017,
CHE,1952,0.017,
CHE,1953,0.017,
CHE,1954,0.017,
CHE,1955,0.017,
CHE,1956,0.017,
CHE,1957,0.017,
CHE,1958,0.017,
CHE,1959,0.017,
CHE,1960,0.017,
CHE,1961,0.017,
CHE,1962,0.017,
CHE,1963,0.017,
CHE,1964,0.017,
CHE,1965,0.017,
CHE,1966,0.017,
CHE,1967,0.017,
CHE,1968,0.017,
CHE,1969,0.017,
CHE,1970,0.022,
CHE,1971,0.022,
CHE,1972,0.022,
CHE,1973,0.022,
CHE,1974,0.022,
CHE,1975,0.022,
CHE,1976,0.022,
CHE,1977,0.022,
CHE,1978,0.022,
CHE,1979,0.022,
CHE,1980,0.022,
CHE,1981,0.022,
CHE,1982,0.022,
CHE,1983,0.022,
CHE,1984,0.022,
CHE,1985,0.022,
CHE,1986,0.022,
CHE,1987,0.022,
CHE,1988,0.022,
CHE,1989,0.022,
CHE,1990,0.022,
CHE,1991,0.022,
CHE,1992,0.022,
CHE,1993,0.022,
CHE,1994,0.022,
CHE,1995,0.022,
CHE,1996,0.022,
CHE,1997,0.022,
CHE,1998,0.022,
CHE,1999,0.022,
CHE,2000,0.022,
CHE,2001,0.022,
CHE,2002,0.022,
CHE,2003,0.022,
CHE,2004,0.022,
CHE,2005,0.022,
CHE,2006,0.022,
CHE,2007,0.022,
CHE,2008,0.024,
CHE,2009,0.024,
CHE,2010,0.022,
CHE,2011,0.024,
CHE,2012,0.024,
CHE,2013,0.024,
CHE,2014,0.024,
CHE,2015,0.02,
CHE,2016,0.02,
CHE,2017,0.022,
CHE,2018,0.022,
CHE,2019,0.022,
CHE,2020,0.022,
CHE,2021,0.02,
CHE,2022,0.019,
CHE,2023,0.022,Europe
CHE,2024,0.022,
SYR,1918,0.083,
SYR,1919,0.085,
SYR,1922,0.234,
SYR,1923,0.234,
SYR,1924,0.234,
SYR,1925,0.234,
SYR,1926,0.234,
SYR,1927,0.234,
SYR,1928,0.236,
SYR,1929,0.234,
SYR,1930,0.234,
SYR,1931,0.234,
SYR,1932,0.231,
SYR,1933,0.234,
SYR,1934,0.234,
SYR,1935,0.234,
SYR,1936,0.233,
SYR,1937,0.218,
SYR,1938,0.218,
SYR,1939,0.234,
SYR,1940,0.22,
SYR,1941,0.22,
SYR,1942,0.22,
SYR,1943,0.236,
SYR,1944,0.247,
SYR,1945,0.219,
SYR,1946,0.174,
SYR,1947,0.121,
SYR,1948,0.136,
SYR,1949,0.15,
SYR,1950,0.15,
SYR,1951,0.15,
SYR,1952,0.23,
SYR,1953,0.23,
SYR,1954,0.216,
SYR,1955,0.136,
SYR,1956,0.136,
SYR,1957,0.136,
SYR,1958,0.172,
SYR,1959,0.203,
SYR,1960,0.203,
SYR,1961,0.204,
SYR,1962,0.22,
SYR,1963,0.289,
SYR,1964,0.373,
SYR,1965,0.373,
SYR,1966,0.301,
SYR,1967,0.301,
SYR,1968,0.301,
SYR,1969,0.301,
SYR,1970,0.749,
SYR,1971,0.785,
SYR,1972,0.785,
SYR,1973,0.785,
SYR,1974,0.785,
SYR,1975,0.785,
SYR,1976,0.785,
SYR,1977,0.785,
SYR,1978,0.785,
SYR,1979,0.785,
SYR,1980,0.874,
SYR,1981,0.874,
SYR,1982,0.874,
SYR,1983,0.874,
SYR,1984,0.874,
SYR,1985,0.874,
SYR,1986,0.874,
SYR,1987,0.874,
SYR,1988,0.874,
SYR,1989,0.874,
SYR,1990,0.874,
SYR,1991,0.874,
SYR,1992,0.874,
SYR,1993,0.874,
SYR,1994,0.874,
SYR,1995,0.874,
SYR,1996,0.874,
SYR,1997,0.874,
SYR,1998,0.874,
SYR,1999,0.874,
SYR,2000,0.904,
SYR,2001,0.904,
SYR,2002,0.904,
SYR,2003,0.904,
SYR,2004,0.904,
SYR,2005,0.904,
SYR,2006,0.904,
SYR,2007,0.904,
SYR,2008,0.904,
SYR,2009,0.904,
SYR,2010,0.904,
SYR,2011,0.898,
SYR,2012,0.912,
SYR,2013,0.929,
SYR,2014,0.929,
SYR,2015,0.929,
SYR,2016,0.929,
SYR,2017,0.929,
SYR,2018,0.929,
SYR,2019,0.921,
SYR,2020,0.919,
SYR,2021,0.914,
SYR,2022,0.917,
SYR,2023,0.895,Asia
SYR,2024,0.74,
TWN,1900,0.183,
TWN,1901,0.183,
TWN,1902,0.183,
TWN,1903,0.183,
TWN,1904,0.183,
TWN,1905,0.183,
TWN,1906,0.183,
TWN,1907,0.183,
TWN,1908,0.183,
TWN,1909,0.183,
TWN,1910,0.183,
TWN,1911,0.183,
TWN,1912,0.183,
TWN,1913,0.183,
TWN,1914,0.183,
TWN,1915,0.183,
TWN,1916,0.183,
TWN,1917,0.183,
TWN,1918,0.183,
TWN,1919,0.183,
TWN,1920,0.183,
TWN,1921,0.183,
TWN,1922,0.183,
TWN,1923,0.183,
TWN,1924,0.183,
TWN,1925,0.183,
TWN,1926,0.183,
TWN,1927,0.183,
TWN,1928,0.183,
TWN,1929,0.183,
TWN,1930,0.183,
TWN,1931,0.183,
TWN,1932,0.183,
TWN,1933,0.183,
TWN,1934,0.183,
TWN,1935,0.183,
TWN,1936,0.198,
TWN,1937,0.198,
TWN,1938,0.198,
TWN,1939,0.198,
TWN,1940,0.198,
TWN,1941,0.198,
TWN,1942,0.198,
TWN,1943,0.198,
TWN,1944,0.198,
TWN,1945,0.431,
TWN,1946,0.704,
TWN,1947,0.709,
TWN,1948,0.725,
TWN,1949,0.725,
TWN,1950,0.63,
TWN,1951,0.623,
TWN,1952,0.636,
TWN,1953,0.611,
TWN,1954,0.611,
TWN,1955,0.606,
TWN,1956,0.606,
TWN,1957,0.606,
TWN,1958,0.606,
TWN,1959,0.606,
TWN,1960,0.588,
TWN,1961,0.588,
TWN,1962,0.588,
TWN,1963,0.588,
TWN,1964,0.588,
TWN,1965,0.588,
TWN,1966,0.588,
TWN,1967,0.588,
TWN,1968,0.588,
TWN,1969,0.588,
TWN,1970,0.588,
TWN,1971,0.588,
TWN,1972,0.586,
TWN,1973,0.586,
TWN,1974,0.586,
TWN,1975,0.538,
TWN,1976,0.534,
TWN,1977,0.534,
TWN,1978,0.523,
TWN,1979,0.523,
TWN,1980,0.523,
TWN,1981,0.523,
TWN,1982,0.523,
TWN,1983,0.523,
TWN,1984,0.523,
TWN,1985,0.523,
TWN,1986,0.523,
TWN,1987,0.523,
TWN,1988,0.453,
TWN,1989,0.411,
TWN,1990,0.379,
TWN,1991,0.379,
TWN,1992,0.378,
TWN,1993,0.378,
TWN,1994,0.378,
TWN,1995,0.378,
TWN,1996,0.378,
TWN,1997,0.378,
TWN,1998,0.378,
TWN,1999,0.378,
TWN,2000,0.348,
TWN,2001,0.321,
TWN,2002,0.321,
TWN,2003,0.321,
TWN,2004,0.321,
TWN,2005,0.331,
TWN,2006,0.331,
TWN,2007,0.331,
TWN,2008,0.336,
TWN,2009,0.336,
TWN,2010,0.336,
TWN,2011,0.336,
TWN,2012,0.336,
TWN,2013,0.32,
TWN,2014,0.32,
TWN,2015,0.32,
TWN,2016,0.28,
TWN,2017,0.256,
TWN,2018,0.26,
TWN,2019,0.286,
TWN,2020,0.195,
TWN,2021,0.223,
TWN,2022,0.226,
TWN,2023,0.249,Asia
TWN,2024,0.23,
TJK,1990,0.563,
TJK,1991,0.654,
TJK,1992,0.772,
TJK,1993,0.791,
TJK,1994,0.791,
TJK,1995,0.78,
TJK,1996,0.805,
TJK,1997,0.805,
TJK,1998,0.832,
TJK,1999,0.842,
TJK,2000,0.916,
TJK,2001,0.916,
TJK,2002,0.922,
TJK,2003,0.922,
TJK,2004,0.922,
TJK,2005,0.922,
TJK,2006,0.925,
TJK,2007,0.928,
TJK,2008,0.928,
TJK,2009,0.928,
TJK,2010,0.928,
TJK,2011,0.928,
TJK,2012,0.928,
TJK,2013,0.939,
TJK,2014,0.939,
TJK,2015,0.939,
TJK,2016,0.923,
TJK,2017,0.927,
TJK,2018,0.891,
TJK,2019,0.905,
TJK,2020,0.837,
TJK,2021,0.843,
TJK,2022,0.847,
TJK,2023,0.847,Asia
TJK,2024,0.847,
TZA,1914,0.645,
TZA,1915,0.645,
TZA,1916,0.645,
TZA,1917,0.645,
TZA,1918,0.645,
TZA,1919,0.645,
TZA,1920,0.645,
TZA,1921,0.645,
TZA,1922,0.645,
TZA,1923,0.645,
TZA,1924,0.645,
TZA,1925,0.645,
TZA,1926,0.644,
TZA,1927,0.488,
TZA,1928,0.488,
TZA,1929,0.488,
TZA,1930,0.488,
TZA,1931,0.488,
TZA,1932,0.488,
TZA,1933,0.488,
TZA,1934,0.488,
TZA,1935,0.488,
TZA,1936,0.488,
TZA,1937,0.488,
TZA,1938,0.488,
TZA,1939,0.488,
TZA,1940,0.488,
TZA,1941,0.488,
TZA,1942,0.488,
TZA,1943,0.488,
TZA,1944,0.488,
TZA,1945,0.488,
TZA,1946,0.488,
TZA,1947,0.488,
TZA,1948,0.488,
TZA,1949,0.488,
TZA,1950,0.488,
TZA,1951,0.488,
TZA,1952,0.488,
TZA,1953,0.488,
TZA,1954,0.488,
TZA,1955,0.488,
TZA,1956,0.488,
TZA,1957,0.488,
TZA,1958,0.488,
TZA,1959,0.488,
TZA,1960,0.505,
TZA,1961,0.437,
TZA,1962,0.214,
TZA,1963,0.214,
TZA,1964,0.218,
TZA,1965,0.17,
TZA,1966,0.17,
TZA,1967,0.17,
TZA,1968,0.17,
TZA,1969,0.17,
TZA,1970,0.177,
TZA,1971,0.177,
TZA,1972,0.177,
TZA,1973,0.177,
TZA,1974,0.177,
TZA,1975,0.177,
TZA,1976,0.177,
TZA,1977,0.177,
TZA,1978,0.177,
TZA,1979,0.177,
TZA,1980,0.182,
TZA,1981,0.182,
TZA,1982,0.182,
TZA,1983,0.182,
TZA,1984,0.182,
TZA,1985,0.26,
TZA,1986,0.355,
TZA,1987,0.355,
TZA,1988,0.355,
TZA,1989,0.355,
TZA,1990,0.398,
TZA,1991,0.398,
TZA,1992,0.411,
TZA,1993,0.421,
TZA,1994,0.434,
TZA,1995,0.441,
TZA,1996,0.479,
TZA,1997,0.479,
TZA,1998,0.479,
TZA,1999,0.479,
TZA,2000,0.479,
TZA,2001,0.479,
TZA,2002,0.479,
TZA,2003,0.479,
TZA,2004,0.479,
TZA,2005,0.479,
TZA,2006,0.472,
TZA,2007,0.47,
TZA,2008,0.47,
TZA,2009,0.47,
TZA,2010,0.47,
TZA,2011,0.47,
TZA,2012,0.47,
TZA,2013,0.474,
TZA,2014,0.474,
TZA,2015,0.442,
TZA,2016,0.365,
TZA,2017,0.335,
TZA,2018,0.309,
TZA,2019,0.318,
TZA,2020,0.295,
TZA,2021,0.319,
TZA,2022,0.252,
TZA,2023,0.28,Africa
TZA,2024,0.253,
THA,1789,0.784,
THA,1790,0.784,
THA,1791,0.784,
THA,1792,0.784,
THA,1793,0.784,
THA,1794,0.784,
THA,1795,0.784,
THA,1796,0.784,
THA,1797,0.784,
THA,1798,0.784,
THA,1799,0.784,
THA,1800,0.784,
THA,1801,0.784,
THA,1802,0.784,
THA,1803,0.784,
THA,1804,0.784,
THA,1805,0.784,
THA,1806,0.784,
THA,1807,0.784,
THA,1808,0.784,
THA,1809,0.784,
THA,1810,0.784,
THA,1811,0.784,
THA,1812,0.784,
THA,1813,0.784,
THA,1814,0.784,
THA,1815,0.784,
THA,1816,0.784,
THA,1817,0.784,
THA,1818,0.784,
THA,1819,0.784,
THA,1820,0.784,
THA,1821,0.784,
THA,1822,0.784,
THA,1823,0.784,
THA,1824,0.784,
THA,1825,0.784,
THA,1826,0.784,
THA,1827,0.784,
THA,1828,0.784,
THA,1829,0.784,
THA,1830,0.784,
THA,1831,0.784,
THA,1832,0.784,
THA,1833,0.784,
THA,1834,0.784,
THA,1835,0.784,
THA,1836,0.784,
THA,1837,0.784,
THA,1838,0.784,
THA,1839,0.784,
THA,1840,0.784,
THA,1841,0.784,
THA,1842,0.784,
THA,1843,0.784,
THA,1844,0.784,
THA,1845,0.784,
THA,1846,0.784,
THA,1847,0.784,
THA,1848,0.784,
THA,1849,0.784,
THA,1850,0.784,
THA,1851,0.784,
THA,1852,0.784,
THA,1853,0.784,
THA,1854,0.784,
THA,1855,0.784,
THA,1856,0.784,
THA,1857,0.784,
THA,1858,0.784,
THA,1859,0.784,
THA,1860,0.784,
THA,1861,0.784,
THA,1862,0.784,
THA,1863,0.784,
THA,1864,0.784,
THA,1865,0.784,
THA,1866,0.784,
THA,1867,0.784,
THA,1868,0.784,
THA,1869,0.784,
THA,1870,0.784,
THA,1871,0.784,
THA,1872,0.784,
THA,1873,0.771,
THA,1874,0.771,
THA,1875,0.771,
THA,1876,0.771,
THA,1877,0.771,
THA,1878,0.771,
THA,1879,0.771,
THA,1880,0.771,
THA,1881,0.771,
THA,1882,0.771,
THA,1883,0.771,
THA,1884,0.771,
THA,1885,0.771,
THA,1886,0.771,
THA,1887,0.771,
THA,1888,0.771,
THA,1889,0.771,
THA,1890,0.771,
THA,1891,0.771,
THA,1892,0.771,
THA,1893,0.771,
THA,1894,0.771,
THA,1895,0.771,
THA,1896,0.771,
THA,1897,0.771,
THA,1898,0.771,
THA,1899,0.771,
THA,1900,0.771,
THA,1901,0.771,
THA,1902,0.771,
THA,1903,0.771,
THA,1904,0.771,
THA,1905,0.771,
THA,1906,0.771,
THA,1907,0.771,
THA,1908,0.771,
THA,1909,0.771,
THA,1910,0.771,
THA,1911,0.771,
THA,1912,0.771,
THA,1913,0.771,
THA,1914,0.771,
THA,1915,0.771,
THA,1916,0.771,
THA,1917,0.771,
THA,1918,0.771,
THA,1919,0.771,
THA,1920,0.771,
THA,1921,0.771,
THA,1922,0.771,
THA,1923,0.771,
THA,1924,0.771,
THA,1925,0.771,
THA,1926,0.771,
THA,1927,0.771,
THA,1928,0.771,
THA,1929,0.771,
THA,1930,0.771,
THA,1931,0.771,
THA,1932,0.766,
THA,1933,0.806,
THA,1934,0.806,
THA,1935,0.806,
THA,1936,0.806,
THA,1937,0.806,
THA,1938,0.806,
THA,1939,0.806,
THA,1940,0.806,
THA,1941,0.806,
THA,1942,0.806,
THA,1943,0.806,
THA,1944,0.806,
THA,1945,0.806,
THA,1946,0.806,
THA,1947,0.806,
THA,1948,0.806,
THA,1949,0.807,
THA,1950,0.807,
THA,1951,0.807,
THA,1952,0.807,
THA,1953,0.807,
THA,1954,0.807,
THA,1955,0.807,
THA,1956,0.807,
THA,1957,0.807,
THA,1958,0.807,
THA,1959,0.75,
THA,1960,0.75,
THA,1961,0.75,
THA,1962,0.75,
THA,1963,0.75,
THA,1964,0.75,
THA,1965,0.75,
THA,1966,0.75,
THA,1967,0.75,
THA,1968,0.75,
THA,1969,0.75,
THA,1970,0.806,
THA,1971,0.806,
THA,1972,0.806,
THA,1973,0.806,
THA,1974,0.806,
THA,1975,0.806,
THA,1976,0.806,
THA,1977,0.806,
THA,1978,0.806,
THA,1979,0.806,
THA,1980,0.799,
THA,1981,0.799,
THA,1982,0.799,
THA,1983,0.799,
THA,1984,0.799,
THA,1985,0.799,
THA,1986,0.799,
THA,1987,0.799,
THA,1988,0.773,
THA,1989,0.773,
THA,1990,0.773,
THA,1991,0.773,
THA,1992,0.763,
THA,1993,0.763,
THA,1994,0.763,
THA,1995,0.763,
THA,1996,0.763,
THA,1997,0.713,
THA,1998,0.717,
THA,1999,0.717,
THA,2000,0.677,
THA,2001,0.677,
THA,2002,0.677,
THA,2003,0.677,
THA,2004,0.677,
THA,2005,0.677,
THA,2006,0.677,
THA,2007,0.666,
THA,2008,0.672,
THA,2009,0.68,
THA,2010,0.684,
THA,2011,0.684,
THA,2012,0.684,
THA,2013,0.682,
THA,2014,0.705,
THA,2015,0.701,
THA,2016,0.701,
THA,2017,0.701,
THA,2018,0.712,
THA,2019,0.72,
THA,2020,0.705,
THA,2021,0.705,
THA,2022,0.674,
THA,2023,0.674,Asia
THA,2024,0.659,
TGO,1916,0.409,
TGO,1917,0.409,
TGO,1918,0.409,
TGO,1919,0.409,
TGO,1920,0.409,
TGO,1921,0.409,
TGO,1922,0.409,
TGO,1923,0.409,
TGO,1924,0.409,
TGO,1925,0.409,
TGO,1926,0.409,
TGO,1927,0.409,
TGO,1928,0.409,
TGO,1929,0.409,
TGO,1930,0.409,
TGO,1931,0.409,
TGO,1932,0.409,
TGO,1933,0.409,
TGO,1934,0.409,
TGO,1935,0.409,
TGO,1936,0.409,
TGO,1937,0.409,
TGO,1938,0.409,
TGO,1939,0.409,
TGO,1940,0.409,
TGO,1941,0.409,
TGO,1942,0.409,
TGO,1943,0.409,
TGO,1944,0.409,
TGO,1945,0.415,
TGO,1946,0.415,
TGO,1947,0.328,
TGO,1948,0.328,
TGO,1949,0.328,
TGO,1950,0.328,
TGO,1951,0.328,
TGO,1952,0.328,
TGO,1953,0.328,
TGO,1954,0.328,
TGO,1955,0.328,
TGO,1956,0.257,
TGO,1957,0.257,
TGO,1958,0.294,
TGO,1959,0.294,
TGO,1960,0.318,
TGO,1961,0.34,
TGO,1962,0.34,
TGO,1963,0.387,
TGO,1964,0.387,
TGO,1965,0.387,
TGO,1966,0.387,
TGO,1967,0.603,
TGO,1968,0.713,
TGO,1969,0.713,
TGO,1970,0.713,
TGO,1971,0.713,
TGO,1972,0.713,
TGO,1973,0.713,
TGO,1974,0.713,
TGO,1975,0.713,
TGO,1976,0.713,
TGO,1977,0.713,
TGO,1978,0.713,
TGO,1979,0.713,
TGO,1980,0.671,
TGO,1981,0.662,
TGO,1982,0.662,
TGO,1983,0.662,
TGO,1984,0.662,
TGO,1985,0.662,
TGO,1986,0.662,
TGO,1987,0.662,
TGO,1988,0.662,
TGO,1989,0.662,
TGO,1990,0.693,
TGO,1991,0.807,
TGO,1992,0.807,
TGO,1993,0.82,
TGO,1994,0.849,
TGO,1995,0.849,
TGO,1996,0.778,
TGO,1997,0.847,
TGO,1998,0.847,
TGO,1999,0.847,
TGO,2000,0.807,
TGO,2001,0.807,
TGO,2002,0.807,
TGO,2003,0.807,
TGO,2004,0.807,
TGO,2005,0.802,
TGO,2006,0.785,
TGO,2007,0.785,
TGO,2008,0.768,
TGO,2009,0.766,
TGO,2010,0.754,
TGO,2011,0.754,
TGO,2012,0.74,
TGO,2013,0.741,
TGO,2014,0.741,
TGO,2015,0.739,
TGO,2016,0.739,
TGO,2017,0.723,
TGO,2018,0.728,
TGO,2019,0.73,
TGO,2020,0.729,
TGO,2021,0.756,
TGO,2022,0.732,
TGO,2023,0.764,Africa
TGO,2024,0.762,
TKL,2023,,Oceania
TON,2023,,Oceania
TTO,1900,0.087,
TTO,1901,0.087,
TTO,1902,0.087,
TTO,1903,0.087,
TTO,1904,0.087,
TTO,1905,0.087,
TTO,1906,0.087,
TTO,1907,0.087,
TTO,1908,0.087,
TTO,1909,0.087,
TTO,1910,0.087,
TTO,1911,0.087,
TTO,1912,0.087,
TTO,1913,0.087,
TTO,1914,0.087,
TTO,1915,0.087,
TTO,1916,0.087,
TTO,1917,0.087,
TTO,1918,0.087,
TTO,1919,0.087,
TTO,1920,0.087,
TTO,1921,0.087,
TTO,1922,0.087,
TTO,1923,0.087,
TTO,1924,0.087,
TTO,1925,0.087,
TTO,1926,0.142,
TTO,1927,0.142,
TTO,1928,0.142,
TTO,1929,0.142,
TTO,1930,0.142,
TTO,1931,0.142,
TTO,1932,0.142,
TTO,1933,0.142,
TTO,1934,0.142,
TTO,1935,0.142,
TTO,1936,0.142,
TTO,1937,0.142,
TTO,1938,0.142,
TTO,1939,0.142,
TTO,1940,0.142,
TTO,1941,0.142,
TTO,1942,0.142,
TTO,1943,0.142,
TTO,1944,0.142,
TTO,1945,0.142,
TTO,1946,0.142,
TTO,1947,0.142,
TTO,1948,0.142,
TTO,1949,0.142,
TTO,1950,0.142,
TTO,1951,0.142,
TTO,1952,0.142,
TTO,1953,0.142,
TTO,1954,0.142,
TTO,1955,0.142,
TTO,1956,0.154,
TTO,1957,0.154,
TTO,1958,0.154,
TTO,1959,0.154,
TTO,1960,0.154,
TTO,1961,0.154,
TTO,1962,0.172,
TTO,1963,0.172,
TTO,1964,0.172,
TTO,1965,0.172,
TTO,1966,0.172,
TTO,1967,0.172,
TTO,1968,0.172,
TTO,1969,0.172,
TTO,1970,0.172,
TTO,1971,0.181,
TTO,1972,0.189,
TTO,1973,0.189,
TTO,1974,0.189,
TTO,1975,0.189,
TTO,1976,0.144,
TTO,1977,0.133,
TTO,1978,0.133,
TTO,1979,0.133,
TTO,1980,0.133,
TTO,1981,0.133,
TTO,1982,0.133,
TTO,1983,0.133,
TTO,1984,0.133,
TTO,1985,0.133,
TTO,1986,0.133,
TTO,1987,0.133,
TTO,1988,0.133,
TTO,1989,0.133,
TTO,1990,0.145,
TTO,1991,0.145,
TTO,1992,0.145,
TTO,1993,0.145,
TTO,1994,0.145,
TTO,1995,0.154,
TTO,1996,0.154,
TTO,1997,0.154,
TTO,1998,0.154,
TTO,1999,0.154,
TTO,2000,0.154,
TTO,2001,0.154,
TTO,2002,0.143,
TTO,2003,0.143,
TTO,2004,0.143,
TTO,2005,0.143,
TTO,2006,0.143,
TTO,2007,0.143,
TTO,2008,0.143,
TTO,2009,0.15,
TTO,2010,0.161,
TTO,2011,0.161,
TTO,2012,0.161,
TTO,2013,0.161,
TTO,2014,0.161,
TTO,2015,0.161,
TTO,2016,0.097,
TTO,2017,0.118,
TTO,2018,0.104,
TTO,2019,0.094,
TTO,2020,0.098,
TTO,2021,0.085,
TTO,2022,0.085,
TTO,2023,0.089,North America
TTO,2024,0.089,
TUN,1789,0.711,
TUN,1790,0.711,
TUN,1791,0.711,
TUN,1792,0.711,
TUN,1793,0.711,
TUN,1794,0.711,
TUN,1795,0.711,
TUN,1796,0.711,
TUN,1797,0.711,
TUN,1798,0.711,
TUN,1799,0.711,
TUN,1800,0.711,
TUN,1801,0.711,
TUN,1802,0.711,
TUN,1803,0.711,
TUN,1804,0.711,
TUN,1805,0.711,
TUN,1806,0.711,
TUN,1807,0.711,
TUN,1808,0.711,
TUN,1809,0.711,
TUN,1810,0.711,
TUN,1811,0.711,
TUN,1812,0.711,
TUN,1813,0.711,
TUN,1814,0.711,
TUN,1815,0.711,
TUN,1816,0.711,
TUN,1817,0.711,
TUN,1818,0.711,
TUN,1819,0.711,
TUN,1820,0.711,
TUN,1821,0.711,
TUN,1822,0.711,
TUN,1823,0.711,
TUN,1824,0.711,
TUN,1825,0.711,
TUN,1826,0.711,
TUN,1827,0.711,
TUN,1828,0.711,
TUN,1829,0.711,
TUN,1830,0.711,
TUN,1831,0.711,
TUN,1832,0.711,
TUN,1833,0.711,
TUN,1834,0.711,
TUN,1835,0.711,
TUN,1836,0.711,
TUN,1837,0.711,
TUN,1838,0.711,
TUN,1839,0.711,
TUN,1840,0.711,
TUN,1841,0.711,
TUN,1842,0.711,
TUN,1843,0.711,
TUN,1844,0.711,
TUN,1845,0.711,
TUN,1846,0.711,
TUN,1847,0.711,
TUN,1848,0.711,
TUN,1849,0.711,
TUN,1850,0.711,
TUN,1851,0.711,
TUN,1852,0.711,
TUN,1853,0.711,
TUN,1854,0.711,
TUN,1855,0.711,
TUN,1856,0.711,
TUN,1857,0.633,
TUN,1858,0.633,
TUN,1859,0.583,
TUN,1860,0.583,
TUN,1861,0.583,
TUN,1862,0.583,
TUN,1863,0.583,
TUN,1864,0.583,
TUN,1865,0.737,
TUN,1866,0.737,
TUN,1867,0.737,
TUN,1868,0.737,
TUN,1869,0.737,
TUN,1870,0.672,
TUN,1871,0.618,
TUN,1872,0.618,
TUN,1873,0.618,
TUN,1874,0.618,
TUN,1875,0.618,
TUN,1876,0.618,
TUN,1877,0.618,
TUN,1878,0.735,
TUN,1879,0.735,
TUN,1880,0.735,
TUN,1881,0.763,
TUN,1882,0.747,
TUN,1883,0.747,
TUN,1884,0.747,
TUN,1885,0.747,
TUN,1886,0.747,
TUN,1887,0.747,
TUN,1888,0.747,
TUN,1889,0.747,
TUN,1890,0.747,
TUN,1891,0.747,
TUN,1892,0.747,
TUN,1893,0.747,
TUN,1894,0.747,
TUN,1895,0.747,
TUN,1896,0.747,
TUN,1897,0.747,
TUN,1898,0.747,
TUN,1899,0.747,
TUN,1900,0.747,
TUN,1901,0.747,
TUN,1902,0.747,
TUN,1903,0.747,
TUN,1904,0.747,
TUN,1905,0.747,
TUN,1906,0.747,
TUN,1907,0.747,
TUN,1908,0.747,
TUN,1909,0.747,
TUN,1910,0.747,
TUN,1911,0.747,
TUN,1912,0.747,
TUN,1913,0.747,
TUN,1914,0.747,
TUN,1915,0.747,
TUN,1916,0.747,
TUN,1917,0.747,
TUN,1918,0.747,
TUN,1919,0.747,
TUN,1920,0.747,
TUN,1921,0.747,
TUN,1922,0.747,
TUN,1923,0.747,
TUN,1924,0.747,
TUN,1925,0.747,
TUN,1926,0.782,
TUN,1927,0.782,
TUN,1928,0.782,
TUN,1929,0.782,
TUN,1930,0.782,
TUN,1931,0.782,
TUN,1932,0.782,
TUN,1933,0.782,
TUN,1934,0.782,
TUN,1935,0.782,
TUN,1936,0.782,
TUN,1937,0.782,
TUN,1938,0.782,
TUN,1939,0.782,
TUN,1940,0.782,
TUN,1941,0.782,
TUN,1942,0.773,
TUN,1943,0.768,
TUN,1944,0.776,
TUN,1945,0.776,
TUN,1946,0.776,
TUN,1947,0.764,
TUN,1948,0.764,
TUN,1949,0.764,
TUN,1950,0.753,
TUN,1951,0.753,
TUN,1952,0.788,
TUN,1953,0.788,
TUN,1954,0.755,
TUN,1955,0.748,
TUN,1956,0.611,
TUN,1957,0.611,
TUN,1958,0.388,
TUN,1959,0.389,
TUN,1960,0.475,
TUN,1961,0.475,
TUN,1962,0.475,
TUN,1963,0.475,
TUN,1964,0.475,
TUN,1965,0.475,
TUN,1966,0.475,
TUN,1967,0.475,
TUN,1968,0.475,
TUN,1969,0.479,
TUN,1970,0.493,
TUN,1971,0.493,
TUN,1972,0.507,
TUN,1973,0.507,
TUN,1974,0.507,
TUN,1975,0.507,
TUN,1976,0.507,
TUN,1977,0.507,
TUN,1978,0.507,
TUN,1979,0.507,
TUN,1980,0.525,
TUN,1981,0.525,
TUN,1982,0.525,
TUN,1983,0.525,
TUN,1984,0.525,
TUN,1985,0.525,
TUN,1986,0.525,
TUN,1987,0.59,
TUN,1988,0.873,
TUN,1989,0.873,
TUN,1990,0.873,
TUN,1991,0.873,
TUN,1992,0.873,
TUN,1993,0.873,
TUN,1994,0.873,
TUN,1995,0.873,
TUN,1996,0.873,
TUN,1997,0.873,
TUN,1998,0.873,
TUN,1999,0.873,
TUN,2000,0.873,
TUN,2001,0.873,
TUN,2002,0.873,
TUN,2003,0.873,
TUN,2004,0.873,
TUN,2005,0.873,
TUN,2006,0.873,
TUN,2007,0.873,
TUN,2008,0.871,
TUN,2009,0.873,
TUN,2010,0.861,
TUN,2011,0.334,
TUN,2012,0.327,
TUN,2013,0.345,
TUN,2014,0.341,
TUN,2015,0.323,
TUN,2016,0.37,
TUN,2017,0.383,
TUN,2018,0.377,
TUN,2019,0.377,
TUN,2020,0.372,
TUN,2021,0.441,
TUN,2022,0.415,
TUN,2023,0.415,Africa
TUN,2024,0.409,
TUR,1789,0.675,
TUR,1790,0.675,
TUR,1791,0.675,
TUR,1792,0.675,
TUR,1793,0.675,
TUR,1794,0.675,
TUR,1795,0.675,
TUR,1796,0.675,
TUR,1797,0.675,
TUR,1798,0.675,
TUR,1799,0.675,
TUR,1800,0.675,
TUR,1801,0.675,
TUR,1802,0.675,
TUR,1803,0.675,
TUR,1804,0.675,
TUR,1805,0.675,
TUR,1806,0.675,
TUR,1807,0.675,
TUR,1808,0.675,
TUR,1809,0.666,
TUR,1810,0.666,
TUR,1811,0.666,
TUR,1812,0.666,
TUR,1813,0.666,
TUR,1814,0.666,
TUR,1815,0.666,
TUR,1816,0.666,
TUR,1817,0.666,
TUR,1818,0.666,
TUR,1819,0.666,
TUR,1820,0.666,
TUR,1821,0.666,
TUR,1822,0.666,
TUR,1823,0.666,
TUR,1824,0.666,
TUR,1825,0.666,
TUR,1826,0.666,
TUR,1827,0.666,
TUR,1828,0.666,
TUR,1829,0.666,
TUR,1830,0.666,
TUR,1831,0.666,
TUR,1832,0.666,
TUR,1833,0.666,
TUR,1834,0.666,
TUR,1835,0.666,
TUR,1836,0.666,
TUR,1837,0.666,
TUR,1838,0.666,
TUR,1839,0.72,
TUR,1840,0.785,
TUR,1841,0.785,
TUR,1842,0.785,
TUR,1843,0.785,
TUR,1844,0.785,
TUR,1845,0.785,
TUR,1846,0.785,
TUR,1847,0.785,
TUR,1848,0.785,
TUR,1849,0.785,
TUR,1850,0.785,
TUR,1851,0.785,
TUR,1852,0.785,
TUR,1853,0.785,
TUR,1854,0.785,
TUR,1855,0.785,
TUR,1856,0.785,
TUR,1857,0.785,
TUR,1858,0.785,
TUR,1859,0.785,
TUR,1860,0.785,
TUR,1861,0.785,
TUR,1862,0.785,
TUR,1863,0.785,
TUR,1864,0.785,
TUR,1865,0.785,
TUR,1866,0.785,
TUR,1867,0.785,
TUR,1868,0.785,
TUR,1869,0.785,
TUR,1870,0.785,
TUR,1871,0.785,
TUR,1872,0.785,
TUR,1873,0.785,
TUR,1874,0.785,
TUR,1875,0.785,
TUR,1876,0.606,
TUR,1877,0.575,
TUR,1878,0.742,
TUR,1879,0.742,
TUR,1880,0.742,
TUR,1881,0.742,
TUR,1882,0.742,
TUR,1883,0.742,
TUR,1884,0.742,
TUR,1885,0.742,
TUR,1886,0.742,
TUR,1887,0.742,
TUR,1888,0.742,
TUR,1889,0.742,
TUR,1890,0.742,
TUR,1891,0.742,
TUR,1892,0.742,
TUR,1893,0.742,
TUR,1894,0.742,
TUR,1895,0.742,
TUR,1896,0.742,
TUR,1897,0.742,
TUR,1898,0.742,
TUR,1899,0.742,
TUR,1900,0.742,
TUR,1901,0.742,
TUR,1902,0.742,
TUR,1903,0.742,
TUR,1904,0.742,
TUR,1905,0.742,
TUR,1906,0.742,
TUR,1907,0.742,
TUR,1908,0.72,
TUR,1909,0.642,
TUR,1910,0.642,
TUR,1911,0.642,
TUR,1912,0.642,
TUR,1913,0.544,
TUR,1914,0.544,
TUR,1915,0.544,
TUR,1916,0.544,
TUR,1917,0.544,
TUR,1918,0.544,
TUR,1919,0.518,
TUR,1920,0.516,
TUR,1921,0.48,
TUR,1922,0.48,
TUR,1923,0.191,
TUR,1924,0.191,
TUR,1925,0.276,
TUR,1926,0.276,
TUR,1927,0.276,
TUR,1928,0.276,
TUR,1929,0.276,
TUR,1930,0.276,
TUR,1931,0.276,
TUR,1932,0.276,
TUR,1933,0.276,
TUR,1934,0.276,
TUR,1935,0.276,
TUR,1936,0.276,
TUR,1937,0.276,
TUR,1938,0.276,
TUR,1939,0.276,
TUR,1940,0.289,
TUR,1941,0.289,
TUR,1942,0.289,
TUR,1943,0.289,
TUR,1944,0.289,
TUR,1945,0.289,
TUR,1946,0.289,
TUR,1947,0.289,
TUR,1948,0.289,
TUR,1949,0.289,
TUR,1950,0.41,
TUR,1951,0.491,
TUR,1952,0.491,
TUR,1953,0.491,
TUR,1954,0.491,
TUR,1955,0.491,
TUR,1956,0.491,
TUR,1957,0.491,
TUR,1958,0.491,
TUR,1959,0.491,
TUR,1960,0.392,
TUR,1961,0.294,
TUR,1962,0.361,
TUR,1963,0.361,
TUR,1964,0.361,
TUR,1965,0.361,
TUR,1966,0.379,
TUR,1967,0.379,
TUR,1968,0.379,
TUR,1969,0.379,
TUR,1970,0.366,
TUR,1971,0.351,
TUR,1972,0.351,
TUR,1973,0.351,
TUR,1974,0.363,
TUR,1975,0.363,
TUR,1976,0.363,
TUR,1977,0.363,
TUR,1978,0.363,
TUR,1979,0.363,
TUR,1980,0.246,
TUR,1981,0.246,
TUR,1982,0.246,
TUR,1983,0.425,
TUR,1984,0.438,
TUR,1985,0.438,
TUR,1986,0.438,
TUR,1987,0.479,
TUR,1988,0.479,
TUR,1989,0.479,
TUR,1990,0.479,
TUR,1991,0.479,
TUR,1992,0.479,
TUR,1993,0.479,
TUR,1994,0.479,
TUR,1995,0.479,
TUR,1996,0.479,
TUR,1997,0.479,
TUR,1998,0.479,
TUR,1999,0.507,
TUR,2000,0.503,
TUR,2001,0.503,
TUR,2002,0.518,
TUR,2003,0.518,
TUR,2004,0.532,
TUR,2005,0.532,
TUR,2006,0.537,
TUR,2007,0.551,
TUR,2008,0.585,
TUR,2009,0.585,
TUR,2010,0.657,
TUR,2011,0.675,
TUR,2012,0.693,
TUR,2013,0.716,
TUR,2014,0.782,
TUR,2015,0.785,
TUR,2016,0.829,
TUR,2017,0.843,
TUR,2018,0.839,
TUR,2019,0.851,
TUR,2020,0.854,
TUR,2021,0.842,
TUR,2022,0.847,
TUR,2023,0.846,Asia
TUR,2024,0.821,
TKM,1990,0.859,
TKM,1991,0.906,
TKM,1992,0.905,
TKM,1993,0.905,
TKM,1994,0.905,
TKM,1995,0.905,
TKM,1996,0.905,
TKM,1997,0.905,
TKM,1998,0.905,
TKM,1999,0.905,
TKM,2000,0.905,
TKM,2001,0.905,
TKM,2002,0.905,
TKM,2003,0.905,
TKM,2004,0.905,
TKM,2005,0.905,
TKM,2006,0.905,
TKM,2007,0.905,
TKM,2008,0.913,
TKM,2009,0.925,
TKM,2010,0.925,
TKM,2011,0.925,
TKM,2012,0.925,
TKM,2013,0.931,
TKM,2014,0.931,
TKM,2015,0.931,
TKM,2016,0.931,
TKM,2017,0.911,
TKM,2018,0.911,
TKM,2019,0.913,
TKM,2020,0.909,
TKM,2021,0.909,
TKM,2022,0.909,
TKM,2023,0.891,Asia
TKM,2024,0.891,
TCA,2023,,North America
OWID_TUS,1789,0.42,
OWID_TUS,1790,0.42,
OWID_TUS,1791,0.42,
OWID_TUS,1792,0.42,
OWID_TUS,1793,0.42,
OWID_TUS,1794,0.42,
OWID_TUS,1795,0.42,
OWID_TUS,1796,0.42,
OWID_TUS,1797,0.42,
OWID_TUS,1798,0.42,
OWID_TUS,1799,0.42,
OWID_TUS,1800,0.42,
OWID_TUS,1801,0.42,
OWID_TUS,1802,0.42,
OWID_TUS,1803,0.42,
OWID_TUS,1804,0.42,
OWID_TUS,1805,0.42,
OWID_TUS,1806,0.42,
OWID_TUS,1807,0.42,
OWID_TUS,1814,0.424,
OWID_TUS,1815,0.424,
OWID_TUS,1816,0.424,
OWID_TUS,1817,0.424,
OWID_TUS,1818,0.424,
OWID_TUS,1819,0.424,
OWID_TUS,1820,0.424,
OWID_TUS,1821,0.424,
OWID_TUS,1822,0.424,
OWID_TUS,1823,0.424,
OWID_TUS,1824,0.424,
OWID_TUS,1825,0.424,
OWID_TUS,1826,0.424,
OWID_TUS,1827,0.424,
OWID_TUS,1828,0.424,
OWID_TUS,1829,0.424,
OWID_TUS,1830,0.424,
OWID_TUS,1831,0.424,
OWID_TUS,1832,0.424,
OWID_TUS,1833,0.424,
OWID_TUS,1834,0.424,
OWID_TUS,1835,0.424,
OWID_TUS,1836,0.424,
OWID_TUS,1837,0.424,
OWID_TUS,1838,0.424,
OWID_TUS,1839,0.424,
OWID_TUS,1840,0.424,
OWID_TUS,1841,0.424,
OWID_TUS,1842,0.424,
OWID_TUS,1843,0.424,
OWID_TUS,1844,0.424,
OWID_TUS,1845,0.424,
OWID_TUS,1846,0.424,
OWID_TUS,1847,0.424,
OWID_TUS,1848,0.283,
OWID_TUS,1849,0.283,
OWID_TUS,1850,0.419,
OWID_TUS,1851,0.419,
OWID_TUS,1852,0.419,
OWID_TUS,1853,0.419,
OWID_TUS,1854,0.419,
OWID_TUS,1855,0.419,
OWID_TUS,1856,0.419,
OWID_TUS,1857,0.419,
OWID_TUS,1858,0.419,
OWID_TUS,1859,0.419,
OWID_TUS,1860,0.419,
OWID_TUS,1861,0.419,
TUV,2023,,Oceania
OWID_SIC,1790,0.634,
OWID_SIC,1791,0.634,
OWID_SIC,1792,0.634,
OWID_SIC,1793,0.634,
OWID_SIC,1794,0.634,
OWID_SIC,1795,0.634,
OWID_SIC,1796,0.634,
OWID_SIC,1797,0.634,
OWID_SIC,1798,0.634,
OWID_SIC,1799,0.478,
OWID_SIC,1800,0.634,
OWID_SIC,1801,0.634,
OWID_SIC,1802,0.634,
OWID_SIC,1803,0.634,
OWID_SIC,1804,0.634,
OWID_SIC,1805,0.634,
OWID_SIC,1806,0.592,
OWID_SIC,1807,0.592,
OWID_SIC,1808,0.592,
OWID_SIC,1809,0.592,
OWID_SIC,1810,0.592,
OWID_SIC,1811,0.592,
OWID_SIC,1812,0.592,
OWID_SIC,1813,0.592,
OWID_SIC,1814,0.592,
OWID_SIC,1815,0.592,
OWID_SIC,1816,0.592,
OWID_SIC,1817,0.592,
OWID_SIC,1818,0.592,
OWID_SIC,1819,0.592,
OWID_SIC,1820,0.592,
OWID_SIC,1821,0.592,
OWID_SIC,1822,0.592,
OWID_SIC,1823,0.592,
OWID_SIC,1824,0.592,
OWID_SIC,1825,0.592,
OWID_SIC,1826,0.592,
OWID_SIC,1827,0.592,
OWID_SIC,1828,0.592,
OWID_SIC,1829,0.592,
OWID_SIC,1830,0.592,
OWID_SIC,1831,0.592,
OWID_SIC,1832,0.592,
OWID_SIC,1833,0.592,
OWID_SIC,1834,0.592,
OWID_SIC,1835,0.592,
OWID_SIC,1836,0.592,
OWID_SIC,1837,0.592,
OWID_SIC,1838,0.592,
OWID_SIC,1839,0.592,
OWID_SIC,1840,0.592,
OWID_SIC,1841,0.592,
OWID_SIC,1842,0.592,
OWID_SIC,1843,0.592,
OWID_SIC,1844,0.592,
OWID_SIC,1845,0.592,
OWID_SIC,1846,0.592,
OWID_SIC,1847,0.592,
OWID_SIC,1848,0.592,
OWID_SIC,1849,0.592,
OWID_SIC,1850,0.592,
OWID_SIC,1851,0.592,
OWID_SIC,1852,0.592,
OWID_SIC,1853,0.592,
OWID_SIC,1854,0.592,
OWID_SIC,1855,0.592,
OWID_SIC,1856,0.592,
OWID_SIC,1857,0.592,
OWID_SIC,1858,0.592,
OWID_SIC,1859,0.592,
OWID_SIC,1860,0.592,
OWID_USS,2023,,Europe
UGA,1900,0.445,
UGA,1901,0.445,
UGA,1902,0.445,
UGA,1903,0.445,
UGA,1904,0.445,
UGA,1905,0.445,
UGA,1906,0.445,
UGA,1907,0.445,
UGA,1908,0.445,
UGA,1909,0.445,
UGA,1910,0.445,
UGA,1911,0.445,
UGA,1912,0.445,
UGA,1913,0.445,
UGA,1914,0.445,
UGA,1915,0.445,
UGA,1916,0.445,
UGA,1917,0.445,
UGA,1918,0.445,
UGA,1919,0.445,
UGA,1920,0.445,
UGA,1921,0.35,
UGA,1922,0.35,
UGA,1923,0.35,
UGA,1924,0.35,
UGA,1925,0.35,
UGA,1926,0.35,
UGA,1927,0.35,
UGA,1928,0.35,
UGA,1929,0.35,
UGA,1930,0.35,
UGA,1931,0.35,
UGA,1932,0.35,
UGA,1933,0.35,
UGA,1934,0.35,
UGA,1935,0.35,
UGA,1936,0.35,
UGA,1937,0.35,
UGA,1938,0.35,
UGA,1939,0.35,
UGA,1940,0.35,
UGA,1941,0.35,
UGA,1942,0.35,
UGA,1943,0.35,
UGA,1944,0.35,
UGA,1945,0.35,
UGA,1946,0.35,
UGA,1947,0.35,
UGA,1948,0.35,
UGA,1949,0.35,
UGA,1950,0.35,
UGA,1951,0.35,
UGA,1952,0.35,
UGA,1953,0.35,
UGA,1954,0.358,
UGA,1955,0.358,
UGA,1956,0.358,
UGA,1957,0.358,
UGA,1958,0.366,
UGA,1959,0.366,
UGA,1960,0.387,
UGA,1961,0.384,
UGA,1962,0.462,
UGA,1963,0.484,
UGA,1964,0.484,
UGA,1965,0.484,
UGA,1966,0.526,
UGA,1967,0.579,
UGA,1968,0.59,
UGA,1969,0.59,
UGA,1970,0.586,
UGA,1971,0.9,
UGA,1972,0.936,
UGA,1973,0.949,
UGA,1974,0.949,
UGA,1975,0.949,
UGA,1976,0.949,
UGA,1977,0.949,
UGA,1978,0.949,
UGA,1979,0.949,
UGA,1980,0.791,
UGA,1981,0.812,
UGA,1982,0.812,
UGA,1983,0.812,
UGA,1984,0.812,
UGA,1985,0.791,
UGA,1986,0.67,
UGA,1987,0.645,
UGA,1988,0.622,
UGA,1989,0.63,
UGA,1990,0.611,
UGA,1991,0.611,
UGA,1992,0.611,
UGA,1993,0.62,
UGA,1994,0.641,
UGA,1995,0.644,
UGA,1996,0.71,
UGA,1997,0.74,
UGA,1998,0.74,
UGA,1999,0.748,
UGA,2000,0.784,
UGA,2001,0.787,
UGA,2002,0.787,
UGA,2003,0.787,
UGA,2004,0.805,
UGA,2005,0.798,
UGA,2006,0.811,
UGA,2007,0.809,
UGA,2008,0.809,
UGA,2009,0.809,
UGA,2010,0.793,
UGA,2011,0.802,
UGA,2012,0.797,
UGA,2013,0.789,
UGA,2014,0.793,
UGA,2015,0.808,
UGA,2016,0.807,
UGA,2017,0.818,
UGA,2018,0.805,
UGA,2019,0.824,
UGA,2020,0.768,
UGA,2021,0.759,
UGA,2022,0.716,
UGA,2023,0.755,Africa
UGA,2024,0.802,
UKR,1990,0.381,
UKR,1991,0.426,
UKR,1992,0.57,
UKR,1993,0.653,
UKR,1994,0.672,
UKR,1995,0.773,
UKR,1996,0.8,
UKR,1997,0.8,
UKR,1998,0.875,
UKR,1999,0.879,
UKR,2000,0.863,
UKR,2001,0.868,
UKR,2002,0.873,
UKR,2003,0.882,
UKR,2004,0.844,
UKR,2005,0.829,
UKR,2006,0.846,
UKR,2007,0.847,
UKR,2008,0.843,
UKR,2009,0.864,
UKR,2010,0.881,
UKR,2011,0.89,
UKR,2012,0.89,
UKR,2013,0.884,
UKR,2014,0.803,
UKR,2015,0.783,
UKR,2016,0.76,
UKR,2017,0.753,
UKR,2018,0.744,
UKR,2019,0.664,
UKR,2020,0.687,
UKR,2021,0.667,
UKR,2022,0.595,
UKR,2023,0.607,Europe
UKR,2024,0.609,
ARE,1971,0.26,
ARE,1972,0.26,
ARE,1973,0.26,
ARE,1974,0.26,
ARE,1975,0.223,
ARE,1976,0.223,
ARE,1977,0.223,
ARE,1978,0.263,
ARE,1979,0.249,
ARE,1980,0.224,
ARE,1981,0.225,
ARE,1982,0.225,
ARE,1983,0.225,
ARE,1984,0.225,
ARE,1985,0.225,
ARE,1986,0.211,
ARE,1987,0.211,
ARE,1988,0.211,
ARE,1989,0.211,
ARE,1990,0.224,
ARE,1991,0.224,
ARE,1992,0.211,
ARE,1993,0.203,
ARE,1994,0.135,
ARE,1995,0.135,
ARE,1996,0.135,
ARE,1997,0.135,
ARE,1998,0.135,
ARE,1999,0.135,
ARE,2000,0.135,
ARE,2001,0.135,
ARE,2002,0.136,
ARE,2003,0.136,
ARE,2004,0.136,
ARE,2005,0.136,
ARE,2006,0.136,
ARE,2007,0.121,
ARE,2008,0.116,
ARE,2009,0.116,
ARE,2010,0.116,
ARE,2011,0.116,
ARE,2012,0.116,
ARE,2013,0.116,
ARE,2014,0.116,
ARE,2015,0.116,
ARE,2016,0.116,
ARE,2017,0.116,
ARE,2018,0.116,
ARE,2019,0.116,
ARE,2020,0.116,
ARE,2021,0.108,
ARE,2022,0.116,
ARE,2023,0.121,Asia
ARE,2024,0.105,
GBR,1789,0.45,
GBR,1790,0.45,
GBR,1791,0.45,
GBR,1792,0.45,
GBR,1793,0.45,
GBR,1794,0.45,
GBR,1795,0.45,
GBR,1796,0.45,
GBR,1797,0.45,
GBR,1798,0.45,
GBR,1799,0.45,
GBR,1800,0.45,
GBR,1801,0.45,
GBR,1802,0.45,
GBR,1803,0.45,
GBR,1804,0.45,
GBR,1805,0.45,
GBR,1806,0.45,
GBR,1807,0.45,
GBR,1808,0.45,
GBR,1809,0.45,
GBR,1810,0.45,
GBR,1811,0.45,
GBR,1812,0.45,
GBR,1813,0.45,
GBR,1814,0.45,
GBR,1815,0.45,
GBR,1816,0.45,
GBR,1817,0.45,
GBR,1818,0.45,
GBR,1819,0.45,
GBR,1820,0.347,
GBR,1821,0.347,
GBR,1822,0.347,
GBR,1823,0.347,
GBR,1824,0.347,
GBR,1825,0.347,
GBR,1826,0.347,
GBR,1827,0.347,
GBR,1828,0.347,
GBR,1829,0.347,
GBR,1830,0.347,
GBR,1831,0.347,
GBR,1832,0.347,
GBR,1833,0.247,
GBR,1834,0.247,
GBR,1835,0.247,
GBR,1836,0.247,
GBR,1837,0.247,
GBR,1838,0.247,
GBR,1839,0.247,
GBR,1840,0.247,
GBR,1841,0.247,
GBR,1842,0.247,
GBR,1843,0.247,
GBR,1844,0.247,
GBR,1845,0.247,
GBR,1846,0.247,
GBR,1847,0.247,
GBR,1848,0.247,
GBR,1849,0.247,
GBR,1850,0.247,
GBR,1851,0.185,
GBR,1852,0.185,
GBR,1853,0.185,
GBR,1854,0.185,
GBR,1855,0.185,
GBR,1856,0.185,
GBR,1857,0.185,
GBR,1858,0.185,
GBR,1859,0.185,
GBR,1860,0.185,
GBR,1861,0.185,
GBR,1862,0.185,
GBR,1863,0.185,
GBR,1864,0.185,
GBR,1865,0.185,
GBR,1866,0.185,
GBR,1867,0.185,
GBR,1868,0.185,
GBR,1869,0.086,
GBR,1870,0.04,
GBR,1871,0.04,
GBR,1872,0.04,
GBR,1873,0.04,
GBR,1874,0.04,
GBR,1875,0.04,
GBR,1876,0.04,
GBR,1877,0.04,
GBR,1878,0.04,
GBR,1879,0.04,
GBR,1880,0.04,
GBR,1881,0.04,
GBR,1882,0.04,
GBR,1883,0.027,
GBR,1884,0.027,
GBR,1885,0.027,
GBR,1886,0.027,
GBR,1887,0.027,
GBR,1888,0.027,
GBR,1889,0.027,
GBR,1890,0.027,
GBR,1891,0.027,
GBR,1892,0.027,
GBR,1893,0.027,
GBR,1894,0.027,
GBR,1895,0.027,
GBR,1896,0.027,
GBR,1897,0.027,
GBR,1898,0.027,
GBR,1899,0.027,
GBR,1900,0.027,
GBR,1901,0.027,
GBR,1902,0.027,
GBR,1903,0.027,
GBR,1904,0.027,
GBR,1905,0.027,
GBR,1906,0.027,
GBR,1907,0.027,
GBR,1908,0.027,
GBR,1909,0.027,
GBR,1910,0.027,
GBR,1911,0.027,
GBR,1912,0.027,
GBR,1913,0.027,
GBR,1914,0.027,
GBR,1915,0.027,
GBR,1916,0.029,
GBR,1917,0.027,
GBR,1918,0.027,
GBR,1919,0.027,
GBR,1920,0.027,
GBR,1921,0.027,
GBR,1922,0.026,
GBR,1923,0.026,
GBR,1924,0.026,
GBR,1925,0.026,
GBR,1926,0.026,
GBR,1927,0.026,
GBR,1928,0.026,
GBR,1929,0.026,
GBR,1930,0.026,
GBR,1931,0.026,
GBR,1932,0.026,
GBR,1933,0.026,
GBR,1934,0.026,
GBR,1935,0.026,
GBR,1936,0.026,
GBR,1937,0.026,
GBR,1938,0.026,
GBR,1939,0.026,
GBR,1940,0.023,
GBR,1941,0.023,
GBR,1942,0.023,
GBR,1943,0.023,
GBR,1944,0.023,
GBR,1945,0.023,
GBR,1946,0.017,
GBR,1947,0.017,
GBR,1948,0.017,
GBR,1949,0.017,
GBR,1950,0.017,
GBR,1951,0.017,
GBR,1952,0.017,
GBR,1953,0.017,
GBR,1954,0.017,
GBR,1955,0.017,
GBR,1956,0.017,
GBR,1957,0.017,
GBR,1958,0.017,
GBR,1959,0.017,
GBR,1960,0.017,
GBR,1961,0.017,
GBR,1962,0.017,
GBR,1963,0.017,
GBR,1964,0.017,
GBR,1965,0.017,
GBR,1966,0.017,
GBR,1967,0.017,
GBR,1968,0.017,
GBR,1969,0.017,
GBR,1970,0.02,
GBR,1971,0.028,
GBR,1972,0.028,
GBR,1973,0.028,
GBR,1974,0.028,
GBR,1975,0.028,
GBR,1976,0.028,
GBR,1977,0.028,
GBR,1978,0.028,
GBR,1979,0.028,
GBR,1980,0.031,
GBR,1981,0.031,
GBR,1982,0.031,
GBR,1983,0.031,
GBR,1984,0.031,
GBR,1985,0.031,
GBR,1986,0.031,
GBR,1987,0.031,
GBR,1988,0.031,
GBR,1989,0.031,
GBR,1990,0.031,
GBR,1991,0.031,
GBR,1992,0.031,
GBR,1993,0.031,
GBR,1994,0.031,
GBR,1995,0.031,
GBR,1996,0.031,
GBR,1997,0.031,
GBR,1998,0.033,
GBR,1999,0.033,
GBR,2000,0.033,
GBR,2001,0.04,
GBR,2002,0.04,
GBR,2003,0.04,
GBR,2004,0.04,
GBR,2005,0.04,
GBR,2006,0.04,
GBR,2007,0.04,
GBR,2008,0.04,
GBR,2009,0.04,
GBR,2010,0.04,
GBR,2011,0.04,
GBR,2012,0.04,
GBR,2013,0.04,
GBR,2014,0.04,
GBR,2015,0.04,
GBR,2016,0.04,
GBR,2017,0.038,
GBR,2018,0.038,
GBR,2019,0.041,
GBR,2020,0.043,
GBR,2021,0.053,
GBR,2022,0.053,
GBR,2023,0.051,Europe
GBR,2024,0.042,
USA,1789,0.119,
USA,1790,0.119,
USA,1791,0.119,
USA,1792,0.119,
USA,1793,0.119,
USA,1794,0.119,
USA,1795,0.119,
USA,1796,0.119,
USA,1797,0.119,
USA,1798,0.119,
USA,1799,0.119,
USA,1800,0.119,
USA,1801,0.119,
USA,1802,0.119,
USA,1803,0.119,
USA,1804,0.119,
USA,1805,0.119,
USA,1806,0.119,
USA,1807,0.119,
USA,1808,0.119,
USA,1809,0.119,
USA,1810,0.119,
USA,1811,0.119,
USA,1812,0.119,
USA,1813,0.119,
USA,1814,0.119,
USA,1815,0.119,
USA,1816,0.119,
USA,1817,0.119,
USA,1818,0.119,
USA,1819,0.119,
USA,1820,0.119,
USA,1821,0.119,
USA,1822,0.119,
USA,1823,0.119,
USA,1824,0.119,
USA,1825,0.119,
USA,1826,0.119,
USA,1827,0.119,
USA,1828,0.119,
USA,1829,0.119,
USA,1830,0.119,
USA,1831,0.119,
USA,1832,0.119,
USA,1833,0.119,
USA,1834,0.119,
USA,1835,0.119,
USA,1836,0.119,
USA,1837,0.119,
USA,1838,0.119,
USA,1839,0.119,
USA,1840,0.119,
USA,1841,0.119,
USA,1842,0.119,
USA,1843,0.119,
USA,1844,0.119,
USA,1845,0.119,
USA,1846,0.119,
USA,1847,0.119,
USA,1848,0.119,
USA,1849,0.119,
USA,1850,0.119,
USA,1851,0.119,
USA,1852,0.119,
USA,1853,0.119,
USA,1854,0.119,
USA,1855,0.119,
USA,1856,0.119,
USA,1857,0.119,
USA,1858,0.119,
USA,1859,0.119,
USA,1860,0.119,
USA,1861,0.119,
USA,1862,0.119,
USA,1863,0.119,
USA,1864,0.119,
USA,1865,0.119,
USA,1866,0.119,
USA,1867,0.119,
USA,1868,0.119,
USA,1869,0.141,
USA,1870,0.141,
USA,1871,0.141,
USA,1872,0.141,
USA,1873,0.141,
USA,1874,0.141,
USA,1875,0.141,
USA,1876,0.141,
USA,1877,0.141,
USA,1878,0.141,
USA,1879,0.141,
USA,1880,0.141,
USA,1881,0.141,
USA,1882,0.141,
USA,1883,0.141,
USA,1884,0.141,
USA,1885,0.141,
USA,1886,0.141,
USA,1887,0.141,
USA,1888,0.141,
USA,1889,0.141,
USA,1890,0.141,
USA,1891,0.141,
USA,1892,0.141,
USA,1893,0.141,
USA,1894,0.141,
USA,1895,0.141,
USA,1896,0.141,
USA,1897,0.141,
USA,1898,0.141,
USA,1899,0.141,
USA,1900,0.115,
USA,1901,0.115,
USA,1902,0.115,
USA,1903,0.115,
USA,1904,0.115,
USA,1905,0.115,
USA,1906,0.115,
USA,1907,0.115,
USA,1908,0.115,
USA,1909,0.115,
USA,1910,0.097,
USA,1911,0.097,
USA,1912,0.097,
USA,1913,0.082,
USA,1914,0.078,
USA,1915,0.069,
USA,1916,0.069,
USA,1917,0.069,
USA,1918,0.069,
USA,1919,0.069,
USA,1920,0.077,
USA,1921,0.093,
USA,1922,0.093,
USA,1923,0.095,
USA,1924,0.079,
USA,1925,0.071,
USA,1926,0.067,
USA,1927,0.067,
USA,1928,0.067,
USA,1929,0.067,
USA,1930,0.066,
USA,1931,0.066,
USA,1932,0.066,
USA,1933,0.066,
USA,1934,0.066,
USA,1935,0.066,
USA,1936,0.066,
USA,1937,0.066,
USA,1938,0.066,
USA,1939,0.066,
USA,1940,0.066,
USA,1941,0.066,
USA,1942,0.066,
USA,1943,0.066,
USA,1944,0.066,
USA,1945,0.059,
USA,1946,0.063,
USA,1947,0.063,
USA,1948,0.063,
USA,1949,0.063,
USA,1950,0.061,
USA,1951,0.061,
USA,1952,0.061,
USA,1953,0.061,
USA,1954,0.061,
USA,1955,0.061,
USA,1956,0.061,
USA,1957,0.061,
USA,1958,0.061,
USA,1959,0.061,
USA,1960,0.06,
USA,1961,0.06,
USA,1962,0.06,
USA,1963,0.06,
USA,1964,0.06,
USA,1965,0.055,
USA,1966,0.055,
USA,1967,0.055,
USA,1968,0.055,
USA,1969,0.064,
USA,1970,0.071,
USA,1971,0.072,
USA,1972,0.072,
USA,1973,0.072,
USA,1974,0.072,
USA,1975,0.055,
USA,1976,0.055,
USA,1977,0.055,
USA,1978,0.055,
USA,1979,0.055,
USA,1980,0.053,
USA,1981,0.061,
USA,1982,0.081,
USA,1983,0.081,
USA,1984,0.081,
USA,1985,0.081,
USA,1986,0.081,
USA,1987,0.077,
USA,1988,0.077,
USA,1989,0.073,
USA,1990,0.057,
USA,1991,0.057,
USA,1992,0.057,
USA,1993,0.057,
USA,1994,0.057,
USA,1995,0.057,
USA,1996,0.057,
USA,1997,0.057,
USA,1998,0.057,
USA,1999,0.057,
USA,2000,0.057,
USA,2001,0.057,
USA,2002,0.057,
USA,2003,0.057,
USA,2004,0.057,
USA,2005,0.057,
USA,2006,0.057,
USA,2007,0.057,
USA,2008,0.057,
USA,2009,0.055,
USA,2010,0.055,
USA,2011,0.055,
USA,2012,0.054,
USA,2013,0.054,
USA,2014,0.054,
USA,2015,0.054,
USA,2016,0.07,
USA,2017,0.104,
USA,2018,0.101,
USA,2019,0.097,
USA,2020,0.088,
USA,2021,0.068,
USA,2022,0.059,
USA,2023,0.055,North America
USA,2024,0.051,
VIR,2023,,North America
URY,1825,0.89,
URY,1826,0.89,
URY,1827,0.89,
URY,1828,0.89,
URY,1829,0.89,
URY,1830,0.557,
URY,1831,0.557,
URY,1832,0.557,
URY,1833,0.557,
URY,1834,0.557,
URY,1835,0.479,
URY,1836,0.479,
URY,1837,0.479,
URY,1838,0.479,
URY,1839,0.479,
URY,1840,0.557,
URY,1841,0.557,
URY,1842,0.508,
URY,1843,0.448,
URY,1844,0.448,
URY,1845,0.448,
URY,1846,0.448,
URY,1847,0.448,
URY,1848,0.448,
URY,1849,0.448,
URY,1850,0.448,
URY,1851,0.406,
URY,1852,0.384,
URY,1853,0.384,
URY,1854,0.35,
URY,1855,0.35,
URY,1856,0.35,
URY,1857,0.35,
URY,1858,0.35,
URY,1859,0.35,
URY,1860,0.35,
URY,1861,0.35,
URY,1862,0.35,
URY,1863,0.35,
URY,1864,0.35,
URY,1865,0.433,
URY,1866,0.433,
URY,1867,0.433,
URY,1868,0.351,
URY,1869,0.351,
URY,1870,0.351,
URY,1871,0.351,
URY,1872,0.351,
URY,1873,0.351,
URY,1874,0.351,
URY,1875,0.351,
URY,1876,0.2,
URY,1877,0.2,
URY,1878,0.2,
URY,1879,0.2,
URY,1880,0.282,
URY,1881,0.282,
URY,1882,0.282,
URY,1883,0.282,
URY,1884,0.282,
URY,1885,0.282,
URY,1886,0.256,
URY,1887,0.141,
URY,1888,0.141,
URY,1889,0.141,
URY,1890,0.075,
URY,1891,0.075,
URY,1892,0.075,
URY,1893,0.075,
URY,1894,0.075,
URY,1895,0.075,
URY,1896,0.075,
URY,1897,0.075,
URY,1898,0.075,
URY,1899,0.075,
URY,1900,0.075,
URY,1901,0.075,
URY,1902,0.075,
URY,1903,0.059,
URY,1904,0.059,
URY,1905,0.059,
URY,1906,0.059,
URY,1907,0.059,
URY,1908,0.059,
URY,1909,0.059,
URY,1910,0.059,
URY,1911,0.059,
URY,1912,0.059,
URY,1913,0.059,
URY,1914,0.059,
URY,1915,0.059,
URY,1916,0.059,
URY,1917,0.059,
URY,1918,0.058,
URY,1919,0.058,
URY,1920,0.058,
URY,1921,0.08,
URY,1922,0.08,
URY,1923,0.08,
URY,1924,0.08,
URY,1925,0.08,
URY,1926,0.08,
URY,1927,0.08,
URY,1928,0.08,
URY,1929,0.08,
URY,1930,0.08,
URY,1931,0.08,
URY,1932,0.08,
URY,1933,0.077,
URY,1934,0.084,
URY,1935,0.085,
URY,1936,0.085,
URY,1937,0.085,
URY,1938,0.085,
URY,1939,0.085,
URY,1940,0.085,
URY,1941,0.085,
URY,1942,0.085,
URY,1943,0.077,
URY,1944,0.077,
URY,1945,0.077,
URY,1946,0.077,
URY,1947,0.077,
URY,1948,0.077,
URY,1949,0.077,
URY,1950,0.077,
URY,1951,0.077,
URY,1952,0.077,
URY,1953,0.077,
URY,1954,0.077,
URY,1955,0.077,
URY,1956,0.077,
URY,1957,0.077,
URY,1958,0.077,
URY,1959,0.11,
URY,1960,0.11,
URY,1961,0.11,
URY,1962,0.11,
URY,1963,0.11,
URY,1964,0.11,
URY,1965,0.11,
URY,1966,0.11,
URY,1967,0.11,
URY,1968,0.11,
URY,1969,0.11,
URY,1970,0.11,
URY,1971,0.11,
URY,1972,0.11,
URY,1973,0.165,
URY,1974,0.215,
URY,1975,0.215,
URY,1976,0.215,
URY,1977,0.215,
URY,1978,0.215,
URY,1979,0.215,
URY,1980,0.215,
URY,1981,0.215,
URY,1982,0.215,
URY,1983,0.215,
URY,1984,0.215,
URY,1985,0.042,
URY,1986,0.039,
URY,1987,0.039,
URY,1988,0.039,
URY,1989,0.039,
URY,1990,0.047,
URY,1991,0.047,
URY,1992,0.047,
URY,1993,0.047,
URY,1994,0.047,
URY,1995,0.042,
URY,1996,0.042,
URY,1997,0.042,
URY,1998,0.042,
URY,1999,0.042,
URY,2000,0.042,
URY,2001,0.042,
URY,2002,0.042,
URY,2003,0.042,
URY,2004,0.042,
URY,2005,0.042,
URY,2006,0.042,
URY,2007,0.042,
URY,2008,0.042,
URY,2009,0.042,
URY,2010,0.042,
URY,2011,0.042,
URY,2012,0.042,
URY,2013,0.05,
URY,2014,0.05,
URY,2015,0.044,
URY,2016,0.044,
URY,2017,0.044,
URY,2018,0.044,
URY,2019,0.044,
URY,2020,0.056,
URY,2021,0.066,
URY,2022,0.083,
URY,2023,0.07,South America
URY,2024,0.053,
UZB,1789,0.751,
UZB,1790,0.751,
UZB,1791,0.751,
UZB,1792,0.751,
UZB,1793,0.751,
UZB,1794,0.751,
UZB,1795,0.751,
UZB,1796,0.751,
UZB,1797,0.751,
UZB,1798,0.751,
UZB,1799,0.751,
UZB,1800,0.751,
UZB,1801,0.751,
UZB,1802,0.751,
UZB,1803,0.751,
UZB,1804,0.751,
UZB,1805,0.751,
UZB,1806,0.751,
UZB,1807,0.751,
UZB,1808,0.751,
UZB,1809,0.751,
UZB,1810,0.751,
UZB,1811,0.751,
UZB,1812,0.751,
UZB,1813,0.751,
UZB,1814,0.751,
UZB,1815,0.751,
UZB,1816,0.751,
UZB,1817,0.751,
UZB,1818,0.751,
UZB,1819,0.751,
UZB,1820,0.751,
UZB,1821,0.751,
UZB,1822,0.751,
UZB,1823,0.751,
UZB,1824,0.751,
UZB,1825,0.751,
UZB,1826,0.751,
UZB,1827,0.751,
UZB,1828,0.751,
UZB,1829,0.751,
UZB,1830,0.751,
UZB,1831,0.751,
UZB,1832,0.751,
UZB,1833,0.751,
UZB,1834,0.751,
UZB,1835,0.751,
UZB,1836,0.751,
UZB,1837,0.751,
UZB,1838,0.751,
UZB,1839,0.751,
UZB,1840,0.751,
UZB,1841,0.751,
UZB,1842,0.751,
UZB,1843,0.751,
UZB,1844,0.751,
UZB,1845,0.751,
UZB,1846,0.751,
UZB,1847,0.751,
UZB,1848,0.751,
UZB,1849,0.751,
UZB,1850,0.751,
UZB,1851,0.751,
UZB,1852,0.751,
UZB,1853,0.751,
UZB,1854,0.751,
UZB,1855,0.751,
UZB,1856,0.751,
UZB,1857,0.751,
UZB,1858,0.751,
UZB,1859,0.751,
UZB,1860,0.751,
UZB,1861,0.751,
UZB,1862,0.751,
UZB,1863,0.751,
UZB,1864,0.751,
UZB,1865,0.751,
UZB,1866,0.751,
UZB,1867,0.751,
UZB,1868,0.751,
UZB,1869,0.751,
UZB,1870,0.751,
UZB,1871,0.751,
UZB,1872,0.751,
UZB,1873,0.751,
UZB,1874,0.751,
UZB,1875,0.751,
UZB,1876,0.751,
UZB,1877,0.751,
UZB,1878,0.751,
UZB,1879,0.751,
UZB,1880,0.751,
UZB,1881,0.751,
UZB,1882,0.751,
UZB,1883,0.751,
UZB,1884,0.751,
UZB,1885,0.751,
UZB,1886,0.751,
UZB,1887,0.751,
UZB,1888,0.751,
UZB,1889,0.751,
UZB,1890,0.751,
UZB,1891,0.751,
UZB,1892,0.751,
UZB,1893,0.751,
UZB,1894,0.751,
UZB,1895,0.751,
UZB,1896,0.751,
UZB,1897,0.751,
UZB,1898,0.751,
UZB,1899,0.751,
UZB,1900,0.751,
UZB,1901,0.751,
UZB,1902,0.751,
UZB,1903,0.751,
UZB,1904,0.751,
UZB,1905,0.751,
UZB,1906,0.751,
UZB,1907,0.751,
UZB,1908,0.751,
UZB,1909,0.751,
UZB,1910,0.751,
UZB,1911,0.751,
UZB,1912,0.751,
UZB,1913,0.751,
UZB,1914,0.751,
UZB,1915,0.751,
UZB,1916,0.751,
UZB,1917,0.751,
UZB,1918,0.751,
UZB,1919,0.751,
UZB,1920,0.566,
UZB,1990,0.682,
UZB,1991,0.682,
UZB,1992,0.784,
UZB,1993,0.787,
UZB,1994,0.794,
UZB,1995,0.812,
UZB,1996,0.812,
UZB,1997,0.814,
UZB,1998,0.836,
UZB,1999,0.836,
UZB,2000,0.836,
UZB,2001,0.836,
UZB,2002,0.836,
UZB,2003,0.855,
UZB,2004,0.857,
UZB,2005,0.867,
UZB,2006,0.865,
UZB,2007,0.865,
UZB,2008,0.865,
UZB,2009,0.851,
UZB,2010,0.849,
UZB,2011,0.849,
UZB,2012,0.849,
UZB,2013,0.849,
UZB,2014,0.849,
UZB,2015,0.852,
UZB,2016,0.853,
UZB,2017,0.798,
UZB,2018,0.799,
UZB,2019,0.784,
UZB,2020,0.777,
UZB,2021,0.789,
UZB,2022,0.826,
UZB,2023,0.827,Asia
UZB,2024,0.831,
VUT,1900,0.112,
VUT,1901,0.112,
VUT,1902,0.112,
VUT,1903,0.112,
VUT,1904,0.112,
VUT,1905,0.112,
VUT,1906,0.112,
VUT,1907,0.112,
VUT,1908,0.112,
VUT,1909,0.112,
VUT,1910,0.112,
VUT,1911,0.112,
VUT,1912,0.112,
VUT,1913,0.112,
VUT,1914,0.112,
VUT,1915,0.112,
VUT,1916,0.112,
VUT,1917,0.112,
VUT,1918,0.112,
VUT,1919,0.112,
VUT,1920,0.112,
VUT,1921,0.112,
VUT,1922,0.112,
VUT,1923,0.112,
VUT,1924,0.112,
VUT,1925,0.112,
VUT,1926,0.112,
VUT,1927,0.112,
VUT,1928,0.112,
VUT,1929,0.112,
VUT,1930,0.112,
VUT,1931,0.112,
VUT,1932,0.112,
VUT,1933,0.112,
VUT,1934,0.112,
VUT,1935,0.112,
VUT,1936,0.112,
VUT,1937,0.112,
VUT,1938,0.112,
VUT,1939,0.112,
VUT,1940,0.112,
VUT,1941,0.112,
VUT,1942,0.112,
VUT,1943,0.112,
VUT,1944,0.112,
VUT,1945,0.112,
VUT,1946,0.112,
VUT,1947,0.112,
VUT,1948,0.112,
VUT,1949,0.112,
VUT,1950,0.112,
VUT,1951,0.112,
VUT,1952,0.112,
VUT,1953,0.112,
VUT,1954,0.112,
VUT,1955,0.112,
VUT,1956,0.112,
VUT,1957,0.112,
VUT,1958,0.112,
VUT,1959,0.112,
VUT,1960,0.112,
VUT,1961,0.112,
VUT,1962,0.112,
VUT,1963,0.112,
VUT,1964,0.112,
VUT,1965,0.112,
VUT,1966,0.112,
VUT,1967,0.112,
VUT,1968,0.112,
VUT,1969,0.112,
VUT,1970,0.112,
VUT,1971,0.112,
VUT,1972,0.112,
VUT,1973,0.112,
VUT,1974,0.112,
VUT,1975,0.112,
VUT,1976,0.094,
VUT,1977,0.094,
VUT,1978,0.094,
VUT,1979,0.094,
VUT,1980,0.359,
VUT,1981,0.359,
VUT,1982,0.359,
VUT,1983,0.359,
VUT,1984,0.359,
VUT,1985,0.359,
VUT,1986,0.359,
VUT,1987,0.359,
VUT,1988,0.359,
VUT,1989,0.359,
VUT,1990,0.359,
VUT,1991,0.407,
VUT,1992,0.455,
VUT,1993,0.455,
VUT,1994,0.455,
VUT,1995,0.455,
VUT,1996,0.455,
VUT,1997,0.455,
VUT,1998,0.455,
VUT,1999,0.455,
VUT,2000,0.455,
VUT,2001,0.455,
VUT,2002,0.455,
VUT,2003,0.455,
VUT,2004,0.455,
VUT,2005,0.455,
VUT,2006,0.455,
VUT,2007,0.455,
VUT,2008,0.455,
VUT,2009,0.455,
VUT,2010,0.455,
VUT,2011,0.455,
VUT,2012,0.455,
VUT,2013,0.455,
VUT,2014,0.438,
VUT,2015,0.438,
VUT,2016,0.438,
VUT,2017,0.407,
VUT,2018,0.407,
VUT,2019,0.408,
VUT,2020,0.367,
VUT,2021,0.344,
VUT,2022,0.329,
VUT,2023,0.329,Oceania
VUT,2024,0.294,
VAT,1789,0.433,
VAT,1790,0.433,
VAT,1791,0.433,
VAT,1792,0.433,
VAT,1793,0.433,
VAT,1794,0.433,
VAT,1795,0.433,
VAT,1796,0.433,
VAT,1797,0.433,
VAT,1798,0.348,
VAT,1799,0.348,
VAT,1800,0.429,
VAT,1801,0.429,
VAT,1802,0.429,
VAT,1803,0.429,
VAT,1804,0.429,
VAT,1805,0.429,
VAT,1806,0.429,
VAT,1807,0.429,
VAT,1808,0.429,
VAT,1809,0.429,
VAT,1814,0.433,
VAT,1815,0.433,
VAT,1816,0.433,
VAT,1817,0.433,
VAT,1818,0.433,
VAT,1819,0.433,
VAT,1820,0.433,
VAT,1821,0.433,
VAT,1822,0.433,
VAT,1823,0.433,
VAT,1824,0.433,
VAT,1825,0.433,
VAT,1826,0.433,
VAT,1827,0.433,
VAT,1828,0.433,
VAT,1829,0.433,
VAT,1830,0.433,
VAT,1831,0.433,
VAT,1832,0.433,
VAT,1833,0.433,
VAT,1834,0.433,
VAT,1835,0.433,
VAT,1836,0.433,
VAT,1837,0.433,
VAT,1838,0.433,
VAT,1839,0.433,
VAT,1840,0.433,
VAT,1841,0.433,
VAT,1842,0.433,
VAT,1843,0.433,
VAT,1844,0.433,
VAT,1845,0.433,
VAT,1846,0.433,
VAT,1847,0.433,
VAT,1848,0.347,
VAT,1849,0.301,
VAT,1850,0.446,
VAT,1851,0.446,
VAT,1852,0.446,
VAT,1853,0.446,
VAT,1854,0.446,
VAT,1855,0.446,
VAT,1856,0.446,
VAT,1857,0.446,
VAT,1858,0.446,
VAT,1859,0.446,
VAT,1860,0.446,
VAT,1861,0.389,
VAT,1862,0.389,
VAT,1863,0.389,
VAT,1864,0.389,
VAT,1865,0.389,
VAT,1866,0.389,
VAT,1867,0.389,
VAT,1868,0.389,
VAT,1869,0.389,
VAT,1870,0.389,
VAT,2023,,Europe
VEN,1789,0.321,
VEN,1790,0.321,
VEN,1791,0.321,
VEN,1792,0.321,
VEN,1793,0.321,
VEN,1794,0.321,
VEN,1795,0.321,
VEN,1796,0.321,
VEN,1797,0.321,
VEN,1798,0.321,
VEN,1799,0.321,
VEN,1800,0.321,
VEN,1801,0.321,
VEN,1802,0.321,
VEN,1803,0.321,
VEN,1804,0.321,
VEN,1805,0.321,
VEN,1806,0.321,
VEN,1807,0.321,
VEN,1808,0.321,
VEN,1809,0.321,
VEN,1810,0.275,
VEN,1811,0.275,
VEN,1812,0.275,
VEN,1813,0.308,
VEN,1814,0.469,
VEN,1815,0.469,
VEN,1816,0.469,
VEN,1817,0.469,
VEN,1818,0.469,
VEN,1819,0.469,
VEN,1830,0.212,
VEN,1831,0.212,
VEN,1832,0.212,
VEN,1833,0.212,
VEN,1834,0.212,
VEN,1835,0.212,
VEN,1836,0.212,
VEN,1837,0.212,
VEN,1838,0.212,
VEN,1839,0.212,
VEN,1840,0.283,
VEN,1841,0.283,
VEN,1842,0.283,
VEN,1843,0.283,
VEN,1844,0.283,
VEN,1845,0.283,
VEN,1846,0.302,
VEN,1847,0.302,
VEN,1848,0.58,
VEN,1849,0.629,
VEN,1850,0.593,
VEN,1851,0.593,
VEN,1852,0.593,
VEN,1853,0.593,
VEN,1854,0.593,
VEN,1855,0.593,
VEN,1856,0.593,
VEN,1857,0.593,
VEN,1858,0.57,
VEN,1859,0.496,
VEN,1860,0.496,
VEN,1861,0.496,
VEN,1862,0.496,
VEN,1863,0.496,
VEN,1864,0.515,
VEN,1865,0.515,
VEN,1866,0.515,
VEN,1867,0.515,
VEN,1868,0.515,
VEN,1869,0.515,
VEN,1870,0.551,
VEN,1871,0.551,
VEN,1872,0.551,
VEN,1873,0.551,
VEN,1874,0.551,
VEN,1875,0.551,
VEN,1876,0.551,
VEN,1877,0.551,
VEN,1878,0.551,
VEN,1879,0.551,
VEN,1880,0.551,
VEN,1881,0.551,
VEN,1882,0.551,
VEN,1883,0.551,
VEN,1884,0.551,
VEN,1885,0.551,
VEN,1886,0.551,
VEN,1887,0.551,
VEN,1888,0.551,
VEN,1889,0.551,
VEN,1890,0.551,
VEN,1891,0.551,
VEN,1892,0.551,
VEN,1893,0.551,
VEN,1894,0.551,
VEN,1895,0.551,
VEN,1896,0.551,
VEN,1897,0.551,
VEN,1898,0.551,
VEN,1899,0.551,
VEN,1900,0.577,
VEN,1901,0.577,
VEN,1902,0.577,
VEN,1903,0.577,
VEN,1904,0.577,
VEN,1905,0.577,
VEN,1906,0.577,
VEN,1907,0.577,
VEN,1908,0.577,
VEN,1909,0.505,
VEN,1910,0.494,
VEN,1911,0.494,
VEN,1912,0.494,
VEN,1913,0.494,
VEN,1914,0.509,
VEN,1915,0.501,
VEN,1916,0.53,
VEN,1917,0.532,
VEN,1918,0.532,
VEN,1919,0.532,
VEN,1920,0.532,
VEN,1921,0.532,
VEN,1922,0.532,
VEN,1923,0.532,
VEN,1924,0.532,
VEN,1925,0.532,
VEN,1926,0.532,
VEN,1927,0.532,
VEN,1928,0.532,
VEN,1929,0.532,
VEN,1930,0.532,
VEN,1931,0.532,
VEN,1932,0.532,
VEN,1933,0.532,
VEN,1934,0.532,
VEN,1935,0.532,
VEN,1936,0.332,
VEN,1937,0.291,
VEN,1938,0.291,
VEN,1939,0.291,
VEN,1940,0.291,
VEN,1941,0.285,
VEN,1942,0.285,
VEN,1943,0.285,
VEN,1944,0.285,
VEN,1945,0.28,
VEN,1946,0.249,
VEN,1947,0.249,
VEN,1948,0.359,
VEN,1949,0.393,
VEN,1950,0.401,
VEN,1951,0.401,
VEN,1952,0.422,
VEN,1953,0.457,
VEN,1954,0.457,
VEN,1955,0.457,
VEN,1956,0.457,
VEN,1957,0.448,
VEN,1958,0.53,
VEN,1959,0.544,
VEN,1960,0.532,
VEN,1961,0.532,
VEN,1962,0.532,
VEN,1963,0.532,
VEN,1964,0.537,
VEN,1965,0.537,
VEN,1966,0.537,
VEN,1967,0.537,
VEN,1968,0.537,
VEN,1969,0.537,
VEN,1970,0.554,
VEN,1971,0.554,
VEN,1972,0.565,
VEN,1973,0.652,
VEN,1974,0.663,
VEN,1975,0.668,
VEN,1976,0.668,
VEN,1977,0.671,
VEN,1978,0.671,
VEN,1979,0.701,
VEN,1980,0.706,
VEN,1981,0.706,
VEN,1982,0.706,
VEN,1983,0.706,
VEN,1984,0.716,
VEN,1985,0.716,
VEN,1986,0.716,
VEN,1987,0.716,
VEN,1988,0.716,
VEN,1989,0.716,
VEN,1990,0.7,
VEN,1991,0.7,
VEN,1992,0.706,
VEN,1993,0.697,
VEN,1994,0.697,
VEN,1995,0.69,
VEN,1996,0.69,
VEN,1997,0.695,
VEN,1998,0.695,
VEN,1999,0.732,
VEN,2000,0.898,
VEN,2001,0.898,
VEN,2002,0.905,
VEN,2003,0.905,
VEN,2004,0.916,
VEN,2005,0.934,
VEN,2006,0.934,
VEN,2007,0.947,
VEN,2008,0.943,
VEN,2009,0.947,
VEN,2010,0.955,
VEN,2011,0.958,
VEN,2012,0.958,
VEN,2013,0.967,
VEN,2014,0.967,
VEN,2015,0.938,
VEN,2016,0.846,
VEN,2017,0.849,
VEN,2018,0.917,
VEN,2019,0.957,
VEN,2020,0.962,
VEN,2021,0.969,
VEN,2022,0.971,
VEN,2023,0.969,South America
VEN,2024,0.97,
VNM,1976,0.253,
VNM,1977,0.253,
VNM,1978,0.253,
VNM,1979,0.253,
VNM,1980,0.319,
VNM,1981,0.322,
VNM,1982,0.31,
VNM,1983,0.31,
VNM,1984,0.31,
VNM,1985,0.31,
VNM,1986,0.458,
VNM,1987,0.485,
VNM,1988,0.485,
VNM,1989,0.485,
VNM,1990,0.485,
VNM,1991,0.495,
VNM,1992,0.51,
VNM,1993,0.534,
VNM,1994,0.534,
VNM,1995,0.534,
VNM,1996,0.534,
VNM,1997,0.534,
VNM,1998,0.544,
VNM,1999,0.544,
VNM,2000,0.557,
VNM,2001,0.557,
VNM,2002,0.557,
VNM,2003,0.557,
VNM,2004,0.557,
VNM,2005,0.568,
VNM,2006,0.568,
VNM,2007,0.568,
VNM,2008,0.568,
VNM,2009,0.568,
VNM,2010,0.568,
VNM,2011,0.568,
VNM,2012,0.568,
VNM,2013,0.51,
VNM,2014,0.51,
VNM,2015,0.51,
VNM,2016,0.51,
VNM,2017,0.493,
VNM,2018,0.493,
VNM,2019,0.496,
VNM,2020,0.488,
VNM,2021,0.502,
VNM,2022,0.481,
VNM,2023,0.495,Asia
VNM,2024,0.485,
WLF,2023,,Oceania
OWID_GFR,1949,0.02,
OWID_GFR,1950,0.018,
OWID_GFR,1951,0.018,
OWID_GFR,1952,0.018,
OWID_GFR,1953,0.018,
OWID_GFR,1954,0.017,
OWID_GFR,1955,0.015,
OWID_GFR,1956,0.015,
OWID_GFR,1957,0.014,
OWID_GFR,1958,0.012,
OWID_GFR,1959,0.012,
OWID_GFR,1960,0.012,
OWID_GFR,1961,0.012,
OWID_GFR,1962,0.012,
OWID_GFR,1963,0.012,
OWID_GFR,1964,0.012,
OWID_GFR,1965,0.012,
OWID_GFR,1966,0.012,
OWID_GFR,1967,0.012,
OWID_GFR,1968,0.012,
OWID_GFR,1969,0.012,
OWID_GFR,1970,0.012,
OWID_GFR,1971,0.012,
OWID_GFR,1972,0.012,
OWID_GFR,1973,0.012,
OWID_GFR,1974,0.012,
OWID_GFR,1975,0.012,
OWID_GFR,1976,0.012,
OWID_GFR,1977,0.012,
OWID_GFR,1978,0.012,
OWID_GFR,1979,0.012,
OWID_GFR,1980,0.012,
OWID_GFR,1981,0.012,
OWID_GFR,1982,0.012,
OWID_GFR,1983,0.012,
OWID_GFR,1984,0.012,
OWID_GFR,1985,0.012,
OWID_GFR,1986,0.012,
OWID_GFR,1987,0.012,
OWID_GFR,1988,0.012,
OWID_GFR,1989,0.012,
OWID_GFR,1990,0.011,
OWID_GFR,2023,,Europe
ESH,2023,,Africa
,1789,0.539,
,1790,0.539,
,1791,0.539,
,1792,0.539,
,1793,0.539,
,1794,0.539,
,1795,0.539,
,1796,0.539,
,1797,0.539,
,1798,0.539,
,1799,0.539,
,1800,0.539,
,1801,0.539,
,1802,0.539,
,1803,0.539,
,1804,0.539,
,1805,0.539,
,1806,0.545,
,1807,0.545,
,1808,0.545,
,1809,0.545,
,1810,0.545,
,1811,0.545,
,1812,0.545,
,1813,0.545,
,1814,0.545,
,1815,0.545,
,1816,0.545,
,1817,0.545,
,1818,0.545,
,1819,0.402,
,1820,0.142,
,1821,0.142,
,1822,0.142,
,1823,0.142,
,1824,0.142,
,1825,0.142,
,1826,0.142,
,1827,0.142,
,1828,0.142,
,1829,0.142,
,1830,0.142,
,1831,0.142,
,1832,0.142,
,1833,0.142,
,1834,0.142,
,1835,0.142,
,1836,0.142,
,1837,0.142,
,1838,0.142,
,1839,0.142,
,1840,0.142,
,1841,0.142,
,1842,0.142,
,1843,0.142,
,1844,0.142,
,1845,0.142,
,1846,0.142,
,1847,0.142,
,1848,0.142,
,1849,0.142,
,1850,0.142,
,1851,0.142,
,1852,0.142,
,1853,0.142,
,1854,0.142,
,1855,0.142,
,1856,0.142,
,1857,0.142,
,1858,0.142,
,1859,0.142,
,1860,0.142,
,1861,0.142,
,1862,0.142,
,1863,0.142,
,1864,0.142,
,1865,0.142,
,1866,0.142,
,1867,0.142,
,1868,0.142,
,1869,0.142,
,1870,0.142,
,1871,0.142,
YEM,1789,0.743,
YEM,1790,0.743,
YEM,1791,0.743,
YEM,1792,0.743,
YEM,1793,0.743,
YEM,1794,0.743,
YEM,1795,0.743,
YEM,1796,0.743,
YEM,1797,0.743,
YEM,1798,0.743,
YEM,1799,0.743,
YEM,1800,0.743,
YEM,1801,0.743,
YEM,1802,0.743,
YEM,1803,0.743,
YEM,1804,0.743,
YEM,1805,0.743,
YEM,1806,0.743,
YEM,1807,0.743,
YEM,1808,0.743,
YEM,1809,0.743,
YEM,1810,0.743,
YEM,1811,0.743,
YEM,1812,0.743,
YEM,1813,0.743,
YEM,1814,0.743,
YEM,1815,0.743,
YEM,1816,0.743,
YEM,1817,0.743,
YEM,1818,0.743,
YEM,1819,0.743,
YEM,1820,0.743,
YEM,1821,0.743,
YEM,1822,0.743,
YEM,1823,0.743,
YEM,1824,0.743,
YEM,1825,0.743,
YEM,1826,0.743,
YEM,1827,0.743,
YEM,1828,0.743,
YEM,1829,0.743,
YEM,1830,0.743,
YEM,1831,0.743,
YEM,1832,0.743,
YEM,1833,0.743,
YEM,1834,0.743,
YEM,1835,0.743,
YEM,1836,0.743,
YEM,1837,0.743,
YEM,1838,0.743,
YEM,1839,0.743,
YEM,1840,0.743,
YEM,1841,0.743,
YEM,1842,0.743,
YEM,1843,0.743,
YEM,1844,0.743,
YEM,1845,0.743,
YEM,1846,0.743,
YEM,1847,0.743,
YEM,1848,0.743,
YEM,1849,0.743,
YEM,1850,0.743,
YEM,1991,0.727,
YEM,1992,0.727,
YEM,1993,0.727,
YEM,1994,0.722,
YEM,1995,0.872,
YEM,1996,0.872,
YEM,1997,0.872,
YEM,1998,0.872,
YEM,1999,0.872,
YEM,2000,0.886,
YEM,2001,0.886,
YEM,2002,0.886,
YEM,2003,0.899,
YEM,2004,0.899,
YEM,2005,0.899,
YEM,2006,0.899,
YEM,2007,0.899,
YEM,2008,0.899,
YEM,2009,0.899,
YEM,2010,0.897,
YEM,2011,0.889,
YEM,2012,0.862,
YEM,2013,0.881,
YEM,2014,0.881,
YEM,2015,0.89,
YEM,2016,0.894,
YEM,2017,0.921,
YEM,2018,0.921,
YEM,2019,0.904,
YEM,2020,0.92,
YEM,2021,0.935,
YEM,2022,0.916,
YEM,2023,0.928,Asia
YEM,2024,0.911,
OWID_YAR,1918,0.63,
OWID_YAR,1919,0.63,
OWID_YAR,1920,0.63,
OWID_YAR,1921,0.63,
OWID_YAR,1922,0.63,
OWID_YAR,1923,0.63,
OWID_YAR,1924,0.63,
OWID_YAR,1925,0.63,
OWID_YAR,1926,0.63,
OWID_YAR,1927,0.63,
OWID_YAR,1928,0.63,
OWID_YAR,1929,0.63,
OWID_YAR,1930,0.63,
OWID_YAR,1931,0.63,
OWID_YAR,1932,0.63,
OWID_YAR,1933,0.63,
OWID_YAR,1934,0.63,
OWID_YAR,1935,0.63,
OWID_YAR,1936,0.63,
OWID_YAR,1937,0.63,
OWID_YAR,1938,0.63,
OWID_YAR,1939,0.63,
OWID_YAR,1940,0.63,
OWID_YAR,1941,0.63,
OWID_YAR,1942,0.63,
OWID_YAR,1943,0.63,
OWID_YAR,1944,0.63,
OWID_YAR,1945,0.63,
OWID_YAR,1946,0.63,
OWID_YAR,1947,0.63,
OWID_YAR,1948,0.63,
OWID_YAR,1949,0.465,
OWID_YAR,1950,0.465,
OWID_YAR,1951,0.465,
OWID_YAR,1952,0.465,
OWID_YAR,1953,0.465,
OWID_YAR,1954,0.465,
OWID_YAR,1955,0.465,
OWID_YAR,1956,0.465,
OWID_YAR,1957,0.465,
OWID_YAR,1958,0.465,
OWID_YAR,1959,0.465,
OWID_YAR,1960,0.465,
OWID_YAR,1961,0.465,
OWID_YAR,1962,0.38,
OWID_YAR,1963,0.226,
OWID_YAR,1964,0.226,
OWID_YAR,1965,0.226,
OWID_YAR,1966,0.226,
OWID_YAR,1967,0.226,
OWID_YAR,1968,0.226,
OWID_YAR,1969,0.226,
OWID_YAR,1970,0.226,
OWID_YAR,1971,0.226,
OWID_YAR,1972,0.214,
OWID_YAR,1973,0.214,
OWID_YAR,1974,0.209,
OWID_YAR,1975,0.192,
OWID_YAR,1976,0.192,
OWID_YAR,1977,0.192,
OWID_YAR,1978,0.341,
OWID_YAR,1979,0.365,
OWID_YAR,1980,0.365,
OWID_YAR,1981,0.365,
OWID_YAR,1982,0.365,
OWID_YAR,1983,0.365,
OWID_YAR,1984,0.365,
OWID_YAR,1985,0.365,
OWID_YAR,1986,0.38,
OWID_YAR,1987,0.38,
OWID_YAR,1988,0.364,
OWID_YAR,1989,0.364,
OWID_YAR,1990,0.716,
OWID_YAR,2023,,Asia
OWID_YPR,1900,0.157,
OWID_YPR,1901,0.157,
OWID_YPR,1902,0.157,
OWID_YPR,1903,0.157,
OWID_YPR,1904,0.157,
OWID_YPR,1905,0.157,
OWID_YPR,1906,0.157,
OWID_YPR,1907,0.157,
OWID_YPR,1908,0.157,
OWID_YPR,1909,0.157,
OWID_YPR,1910,0.157,
OWID_YPR,1911,0.157,
OWID_YPR,1912,0.157,
OWID_YPR,1913,0.157,
OWID_YPR,1914,0.157,
OWID_YPR,1915,0.157,
OWID_YPR,1916,0.157,
OWID_YPR,1917,0.157,
OWID_YPR,1918,0.157,
OWID_YPR,1919,0.157,
OWID_YPR,1920,0.157,
OWID_YPR,1921,0.157,
OWID_YPR,1922,0.157,
OWID_YPR,1923,0.157,
OWID_YPR,1924,0.157,
OWID_YPR,1925,0.157,
OWID_YPR,1926,0.157,
OWID_YPR,1927,0.157,
OWID_YPR,1928,0.157,
OWID_YPR,1929,0.157,
OWID_YPR,1930,0.157,
OWID_YPR,1931,0.157,
OWID_YPR,1932,0.157,
OWID_YPR,1933,0.157,
OWID_YPR,1934,0.157,
OWID_YPR,1935,0.157,
OWID_YPR,1936,0.157,
OWID_YPR,1937,0.157,
OWID_YPR,1938,0.129,
OWID_YPR,1939,0.129,
OWID_YPR,1940,0.129,
OWID_YPR,1941,0.129,
OWID_YPR,1942,0.129,
OWID_YPR,1943,0.129,
OWID_YPR,1944,0.129,
OWID_YPR,1945,0.129,
OWID_YPR,1946,0.129,
OWID_YPR,1947,0.148,
OWID_YPR,1948,0.148,
OWID_YPR,1949,0.148,
OWID_YPR,1950,0.148,
OWID_YPR,1951,0.148,
OWID_YPR,1952,0.148,
OWID_YPR,1953,0.148,
OWID_YPR,1954,0.148,
OWID_YPR,1955,0.148,
OWID_YPR,1956,0.148,
OWID_YPR,1957,0.148,
OWID_YPR,1958,0.148,
OWID_YPR,1959,0.148,
OWID_YPR,1960,0.148,
OWID_YPR,1961,0.148,
OWID_YPR,1962,0.148,
OWID_YPR,1963,0.148,
OWID_YPR,1964,0.148,
OWID_YPR,1965,0.148,
OWID_YPR,1966,0.148,
OWID_YPR,1967,0.129,
OWID_YPR,1968,0.155,
OWID_YPR,1969,0.155,
OWID_YPR,1970,0.136,
OWID_YPR,1971,0.136,
OWID_YPR,1972,0.136,
OWID_YPR,1973,0.136,
OWID_YPR,1974,0.136,
OWID_YPR,1975,0.136,
OWID_YPR,1976,0.136,
OWID_YPR,1977,0.136,
OWID_YPR,1978,0.102,
OWID_YPR,1979,0.087,
OWID_YPR,1980,0.087,
OWID_YPR,1981,0.087,
OWID_YPR,1982,0.087,
OWID_YPR,1983,0.087,
OWID_YPR,1984,0.087,
OWID_YPR,1985,0.087,
OWID_YPR,1986,0.087,
OWID_YPR,1987,0.081,
OWID_YPR,1988,0.081,
OWID_YPR,1989,0.081,
OWID_YPR,1990,0.081,
OWID_YPR,2023,,Asia
OWID_YGS,2023,,Europe
ZMB,1911,0.032,
ZMB,1912,0.032,
ZMB,1913,0.032,
ZMB,1914,0.032,
ZMB,1915,0.032,
ZMB,1916,0.032,
ZMB,1917,0.032,
ZMB,1918,0.032,
ZMB,1919,0.032,
ZMB,1920,0.032,
ZMB,1921,0.032,
ZMB,1922,0.032,
ZMB,1923,0.036,
ZMB,1924,0.062,
ZMB,1925,0.062,
ZMB,1926,0.054,
ZMB,1927,0.054,
ZMB,1928,0.054,
ZMB,1929,0.054,
ZMB,1930,0.054,
ZMB,1931,0.054,
ZMB,1932,0.054,
ZMB,1933,0.054,
ZMB,1934,0.054,
ZMB,1935,0.054,
ZMB,1936,0.054,
ZMB,1937,0.054,
ZMB,1938,0.054,
ZMB,1939,0.054,
ZMB,1940,0.054,
ZMB,1941,0.054,
ZMB,1942,0.054,
ZMB,1943,0.054,
ZMB,1944,0.054,
ZMB,1945,0.054,
ZMB,1946,0.054,
ZMB,1947,0.054,
ZMB,1948,0.054,
ZMB,1949,0.054,
ZMB,1950,0.054,
ZMB,1951,0.054,
ZMB,1952,0.05,
ZMB,1953,0.039,
ZMB,1954,0.039,
ZMB,1955,0.039,
ZMB,1956,0.039,
ZMB,1957,0.039,
ZMB,1958,0.039,
ZMB,1959,0.039,
ZMB,1960,0.039,
ZMB,1961,0.039,
ZMB,1962,0.039,
ZMB,1963,0.039,
ZMB,1964,0.171,
ZMB,1965,0.17,
ZMB,1966,0.17,
ZMB,1967,0.17,
ZMB,1968,0.17,
ZMB,1969,0.17,
ZMB,1970,0.17,
ZMB,1971,0.17,
ZMB,1972,0.17,
ZMB,1973,0.179,
ZMB,1974,0.211,
ZMB,1975,0.211,
ZMB,1976,0.211,
ZMB,1977,0.211,
ZMB,1978,0.211,
ZMB,1979,0.211,
ZMB,1980,0.211,
ZMB,1981,0.211,
ZMB,1982,0.211,
ZMB,1983,0.211,
ZMB,1984,0.211,
ZMB,1985,0.211,
ZMB,1986,0.211,
ZMB,1987,0.211,
ZMB,1988,0.211,
ZMB,1989,0.211,
ZMB,1990,0.224,
ZMB,1991,0.448,
ZMB,1992,0.577,
ZMB,1993,0.577,
ZMB,1994,0.577,
ZMB,1995,0.577,
ZMB,1996,0.577,
ZMB,1997,0.577,
ZMB,1998,0.572,
ZMB,1999,0.485,
ZMB,2000,0.485,
ZMB,2001,0.45,
ZMB,2002,0.265,
ZMB,2003,0.265,
ZMB,2004,0.265,
ZMB,2005,0.207,
ZMB,2006,0.207,
ZMB,2007,0.202,
ZMB,2008,0.344,
ZMB,2009,0.378,
ZMB,2010,0.346,
ZMB,2011,0.311,
ZMB,2012,0.21,
ZMB,2013,0.258,
ZMB,2014,0.258,
ZMB,2015,0.296,
ZMB,2016,0.324,
ZMB,2017,0.367,
ZMB,2018,0.439,
ZMB,2019,0.542,
ZMB,2020,0.44,
ZMB,2021,0.468,
ZMB,2022,0.378,
ZMB,2023,0.324,Africa
ZMB,2024,0.355,
OWID_ZAN,1856,0.515,
OWID_ZAN,1857,0.515,
OWID_ZAN,1858,0.515,
OWID_ZAN,1859,0.515,
OWID_ZAN,1860,0.515,
OWID_ZAN,1861,0.515,
OWID_ZAN,1862,0.515,
OWID_ZAN,1863,0.515,
OWID_ZAN,1864,0.515,
OWID_ZAN,1865,0.515,
OWID_ZAN,1866,0.515,
OWID_ZAN,1867,0.515,
OWID_ZAN,1868,0.515,
OWID_ZAN,1869,0.515,
OWID_ZAN,1870,0.515,
OWID_ZAN,1871,0.515,
OWID_ZAN,1872,0.515,
OWID_ZAN,1873,0.515,
OWID_ZAN,1874,0.515,
OWID_ZAN,1875,0.515,
OWID_ZAN,1876,0.515,
OWID_ZAN,1877,0.515,
OWID_ZAN,1878,0.515,
OWID_ZAN,1879,0.515,
OWID_ZAN,1880,0.515,
OWID_ZAN,1881,0.515,
OWID_ZAN,1882,0.515,
OWID_ZAN,1883,0.515,
OWID_ZAN,1884,0.515,
OWID_ZAN,1885,0.515,
OWID_ZAN,1886,0.515,
OWID_ZAN,1887,0.515,
OWID_ZAN,1888,0.515,
OWID_ZAN,1889,0.515,
OWID_ZAN,1890,0.437,
OWID_ZAN,1891,0.214,
OWID_ZAN,1892,0.214,
OWID_ZAN,1893,0.214,
OWID_ZAN,1894,0.214,
OWID_ZAN,1895,0.214,
OWID_ZAN,1896,0.214,
OWID_ZAN,1897,0.214,
OWID_ZAN,1898,0.214,
OWID_ZAN,1899,0.214,
OWID_ZAN,1900,0.214,
OWID_ZAN,1901,0.214,
OWID_ZAN,1902,0.214,
OWID_ZAN,1903,0.214,
OWID_ZAN,1904,0.214,
OWID_ZAN,1905,0.214,
OWID_ZAN,1906,0.214,
OWID_ZAN,1907,0.214,
OWID_ZAN,1908,0.214,
OWID_ZAN,1909,0.214,
OWID_ZAN,1910,0.214,
OWID_ZAN,1911,0.214,
OWID_ZAN,1912,0.214,
OWID_ZAN,1913,0.214,
OWID_ZAN,1914,0.214,
OWID_ZAN,1915,0.214,
OWID_ZAN,1916,0.214,
OWID_ZAN,1917,0.214,
OWID_ZAN,1918,0.214,
OWID_ZAN,1919,0.214,
OWID_ZAN,1920,0.216,
OWID_ZAN,1921,0.216,
OWID_ZAN,1922,0.216,
OWID_ZAN,1923,0.216,
OWID_ZAN,1924,0.216,
OWID_ZAN,1925,0.216,
OWID_ZAN,1926,0.203,
OWID_ZAN,1927,0.175,
OWID_ZAN,1928,0.175,
OWID_ZAN,1929,0.175,
OWID_ZAN,1930,0.175,
OWID_ZAN,1931,0.175,
OWID_ZAN,1932,0.175,
OWID_ZAN,1933,0.175,
OWID_ZAN,1934,0.175,
OWID_ZAN,1935,0.175,
OWID_ZAN,1936,0.175,
OWID_ZAN,1937,0.175,
OWID_ZAN,1938,0.175,
OWID_ZAN,1939,0.175,
OWID_ZAN,1940,0.175,
OWID_ZAN,1941,0.175,
OWID_ZAN,1942,0.175,
OWID_ZAN,1943,0.175,
OWID_ZAN,1944,0.175,
OWID_ZAN,1945,0.175,
OWID_ZAN,1946,0.175,
OWID_ZAN,1947,0.175,
OWID_ZAN,1948,0.175,
OWID_ZAN,1949,0.175,
OWID_ZAN,1950,0.175,
OWID_ZAN,1951,0.175,
OWID_ZAN,1952,0.175,
OWID_ZAN,1953,0.175,
OWID_ZAN,1954,0.175,
OWID_ZAN,1955,0.175,
OWID_ZAN,1956,0.175,
OWID_ZAN,1957,0.175,
OWID_ZAN,1958,0.175,
OWID_ZAN,1959,0.175,
OWID_ZAN,1960,0.161,
OWID_ZAN,1961,0.17,
OWID_ZAN,1962,0.17,
OWID_ZAN,1963,0.161,
OWID_ZAN,1964,0.66,
OWID_ZAN,1965,0.665,
OWID_ZAN,1966,0.665,
OWID_ZAN,1967,0.665,
OWID_ZAN,1968,0.665,
OWID_ZAN,1969,0.665,
OWID_ZAN,1970,0.665,
OWID_ZAN,1971,0.665,
OWID_ZAN,1972,0.665,
OWID_ZAN,1973,0.635,
OWID_ZAN,1974,0.635,
OWID_ZAN,1975,0.635,
OWID_ZAN,1976,0.635,
OWID_ZAN,1977,0.627,
OWID_ZAN,1978,0.612,
OWID_ZAN,1979,0.612,
OWID_ZAN,1980,0.618,
OWID_ZAN,1981,0.618,
OWID_ZAN,1982,0.618,
OWID_ZAN,1983,0.618,
OWID_ZAN,1984,0.52,
OWID_ZAN,1985,0.52,
OWID_ZAN,1986,0.535,
OWID_ZAN,1987,0.535,
OWID_ZAN,1988,0.628,
OWID_ZAN,1989,0.628,
OWID_ZAN,1990,0.711,
OWID_ZAN,1991,0.711,
OWID_ZAN,1992,0.711,
OWID_ZAN,1993,0.711,
OWID_ZAN,1994,0.711,
OWID_ZAN,1995,0.711,
OWID_ZAN,1996,0.711,
OWID_ZAN,1997,0.711,
OWID_ZAN,1998,0.711,
OWID_ZAN,1999,0.711,
OWID_ZAN,2000,0.711,
OWID_ZAN,2001,0.711,
OWID_ZAN,2002,0.711,
OWID_ZAN,2003,0.711,
OWID_ZAN,2004,0.711,
OWID_ZAN,2005,0.68,
OWID_ZAN,2006,0.673,
OWID_ZAN,2007,0.664,
OWID_ZAN,2008,0.661,
OWID_ZAN,2009,0.668,
OWID_ZAN,2010,0.66,
OWID_ZAN,2011,0.677,
OWID_ZAN,2012,0.666,
OWID_ZAN,2013,0.67,
OWID_ZAN,2014,0.664,
OWID_ZAN,2015,0.664,
OWID_ZAN,2016,0.664,
OWID_ZAN,2017,0.659,
OWID_ZAN,2018,0.659,
OWID_ZAN,2019,0.695,
OWID_ZAN,2020,0.693,
OWID_ZAN,2021,0.707,
OWID_ZAN,2022,0.657,
OWID_ZAN,2023,0.546,
OWID_ZAN,2024,0.546,
ZWE,1900,0.193,
ZWE,1901,0.193,
ZWE,1902,0.193,
ZWE,1903,0.193,
ZWE,1904,0.193,
ZWE,1905,0.193,
ZWE,1906,0.193,
ZWE,1907,0.193,
ZWE,1908,0.193,
ZWE,1909,0.193,
ZWE,1910,0.193,
ZWE,1911,0.193,
ZWE,1912,0.193,
ZWE,1913,0.193,
ZWE,1914,0.193,
ZWE,1915,0.193,
ZWE,1916,0.193,
ZWE,1917,0.193,
ZWE,1918,0.193,
ZWE,1919,0.193,
ZWE,1920,0.193,
ZWE,1921,0.193,
ZWE,1922,0.193,
ZWE,1923,0.193,
ZWE,1924,0.183,
ZWE,1925,0.183,
ZWE,1926,0.183,
ZWE,1927,0.183,
ZWE,1928,0.183,
ZWE,1929,0.183,
ZWE,1930,0.183,
ZWE,1931,0.183,
ZWE,1932,0.183,
ZWE,1933,0.183,
ZWE,1934,0.183,
ZWE,1935,0.183,
ZWE,1936,0.183,
ZWE,1937,0.183,
ZWE,1938,0.183,
ZWE,1939,0.183,
ZWE,1940,0.183,
ZWE,1941,0.183,
ZWE,1942,0.183,
ZWE,1943,0.183,
ZWE,1944,0.183,
ZWE,1945,0.183,
ZWE,1946,0.183,
ZWE,1947,0.183,
ZWE,1948,0.183,
ZWE,1949,0.183,
ZWE,1950,0.183,
ZWE,1951,0.183,
ZWE,1952,0.183,
ZWE,1953,0.185,
ZWE,1954,0.185,
ZWE,1955,0.185,
ZWE,1956,0.185,
ZWE,1957,0.185,
ZWE,1958,0.185,
ZWE,1959,0.185,
ZWE,1960,0.185,
ZWE,1961,0.185,
ZWE,1962,0.185,
ZWE,1963,0.185,
ZWE,1964,0.185,
ZWE,1965,0.236,
ZWE,1966,0.236,
ZWE,1967,0.236,
ZWE,1968,0.236,
ZWE,1969,0.236,
ZWE,1970,0.236,
ZWE,1971,0.236,
ZWE,1972,0.236,
ZWE,1973,0.236,
ZWE,1974,0.236,
ZWE,1975,0.236,
ZWE,1976,0.236,
ZWE,1977,0.236,
ZWE,1978,0.236,
ZWE,1979,0.236,
ZWE,1980,0.47,
ZWE,1981,0.47,
ZWE,1982,0.47,
ZWE,1983,0.47,
ZWE,1984,0.47,
ZWE,1985,0.47,
ZWE,1986,0.47,
ZWE,1987,0.47,
ZWE,1988,0.47,
ZWE,1989,0.47,
ZWE,1990,0.51,
ZWE,1991,0.526,
ZWE,1992,0.526,
ZWE,1993,0.526,
ZWE,1994,0.526,
ZWE,1995,0.526,
ZWE,1996,0.526,
ZWE,1997,0.526,
ZWE,1998,0.585,
ZWE,1999,0.585,
ZWE,2000,0.784,
ZWE,2001,0.784,
ZWE,2002,0.784,
ZWE,2003,0.811,
ZWE,2004,0.811,
ZWE,2005,0.811,
ZWE,2006,0.811,
ZWE,2007,0.811,
ZWE,2008,0.811,
ZWE,2009,0.802,
ZWE,2010,0.789,
ZWE,2011,0.789,
ZWE,2012,0.788,
ZWE,2013,0.743,
ZWE,2014,0.743,
ZWE,2015,0.743,
ZWE,2016,0.762,
ZWE,2017,0.739,
ZWE,2018,0.762,
ZWE,2019,0.765,
ZWE,2020,0.795,
ZWE,2021,0.826,
ZWE,2022,0.806,
ZWE,2023,0.862,Africa
ZWE,2024,0.818,
