Code,Year,Population - Sex: all - Age: all - Variant: estimates,Population - Sex: all - Age: all - Variant: medium
AFG,1950,7776180,
AFG,1951,7879343,
AFG,1952,7987784,
AFG,1953,8096703,
AFG,1954,8207954,
AFG,1955,8326981,
AFG,1956,8454303,
AFG,1957,8588340,
AFG,1958,8723412,
AFG,1959,8869270,
AFG,1960,9035048,
AFG,1961,9214082,
AFG,1962,9404410,
AFG,1963,9604491,
AFG,1964,9814317,
AFG,1965,10036003,
AFG,1966,10266397,
AFG,1967,10505961,
AFG,1968,10756924,
AFG,1969,11017417,
AFG,1970,11290134,
AFG,1971,11567672,
AFG,1972,11853698,
AFG,1973,12158000,
AFG,1974,12469127,
AFG,1975,12773966,
AFG,1976,13059861,
AFG,1977,13340758,
AFG,1978,13611444,
AFG,1979,13655575,
AFG,1980,13169313,
AFG,1981,11937586,
AFG,1982,10991380,
AFG,1983,10917985,
AFG,1984,11190222,
AFG,1985,11426855,
AFG,1986,11420074,
AFG,1987,11387822,
AFG,1988,11523299,
AFG,1989,11874089,
AFG,1990,12045664,
AFG,1991,12238879,
AFG,1992,13278983,
AFG,1993,14943175,
AFG,1994,16250800,
AFG,1995,17065837,
AFG,1996,17763266,
AFG,1997,18452100,
AFG,1998,19159996,
AFG,1999,19887792,
AFG,2000,20130334,
AFG,2001,20284303,
AFG,2002,21378123,
AFG,2003,22733053,
AFG,2004,23560656,
AFG,2005,24404575,
AFG,2006,25424100,
AFG,2007,25909852,
AFG,2008,26482631,
AFG,2009,27466102,
AFG,2010,28284088,
AFG,2011,29347708,
AFG,2012,30560036,
AFG,2013,31622709,
AFG,2014,32792528,
AFG,2015,33831767,
AFG,2016,34700613,
AFG,2017,35688941,
AFG,2018,36743040,
AFG,2019,37856125,
AFG,2020,39068977,
AFG,2021,40000410,
AFG,2022,40578847,
AFG,2023,41454762,
AFG,2024,,42647502
AFG,2025,,43844116
AFG,2026,,45047067
AFG,2027,,46258913
AFG,2028,,47470571
AFG,2029,,48725719
AFG,2030,,50039404
AFG,2031,,51376002
AFG,2032,,52707848
AFG,2033,,54044254
AFG,2034,,55359464
AFG,2035,,56647234
AFG,2036,,57953665
AFG,2037,,59279039
AFG,2038,,60597844
AFG,2039,,61944474
AFG,2040,,63347877
AFG,2041,,64738850
AFG,2042,,66060222
AFG,2043,,67375164
AFG,2044,,68703966
AFG,2045,,70021200
AFG,2046,,71384699
AFG,2047,,72756306
AFG,2048,,74109735
AFG,2049,,75515605
AFG,2050,,76885136
AFG,2051,,78155058
AFG,2052,,79457287
AFG,2053,,80821888
AFG,2054,,82196806
AFG,2055,,83578886
AFG,2056,,84980654
AFG,2057,,86393653
AFG,2058,,87773546
AFG,2059,,89081741
AFG,2060,,90362734
AFG,2061,,91633727
AFG,2062,,92931632
AFG,2063,,94276120
AFG,2064,,95639084
AFG,2065,,97024252
AFG,2066,,98338762
AFG,2067,,99577253
AFG,2068,,100850617
AFG,2069,,102132888
AFG,2070,,103416642
AFG,2071,,104657101
AFG,2072,,105836157
AFG,2073,,107063249
AFG,2074,,108265524
AFG,2075,,109352874
AFG,2076,,110399883
AFG,2077,,111475827
AFG,2078,,112514314
AFG,2079,,113583424
AFG,2080,,114673793
AFG,2081,,115634319
AFG,2082,,116516233
AFG,2083,,117378534
AFG,2084,,118292970
AFG,2085,,119224276
AFG,2086,,120043236
AFG,2087,,120858254
AFG,2088,,121694041
AFG,2089,,122483525
AFG,2090,,123304494
AFG,2091,,124110008
AFG,2092,,124854169
AFG,2093,,125589410
AFG,2094,,126306884
AFG,2095,,126990147
AFG,2096,,127647762
AFG,2097,,128305491
AFG,2098,,128964754
AFG,2099,,129616115
AFG,2100,,130216736
,1950,227776420,
,1951,232556973,
,1952,237539543,
,1953,242685066,
,1954,248005819,
,1955,253537849,
,1956,259271438,
,1957,265128663,
,1958,271041740,
,1959,277271605,
,1960,283921952,
,1961,290813749,
,1962,297959634,
,1963,305371042,
,1964,313060397,
,1965,321013252,
,1966,329251993,
,1967,337850713,
,1968,346800642,
,1969,356032259,
,1970,365551873,
,1971,375326099,
,1972,385311885,
,1973,395821649,
,1974,406869977,
,1975,418433158,
,1976,430496629,
,1977,442660134,
,1978,455538926,
,1979,469198177,
,1980,483051385,
,1981,497620643,
,1982,512958548,
,1983,528232408,
,1984,543637779,
,1985,559663769,
,1986,575967004,
,1987,592601035,
,1988,609387393,
,1989,626358878,
,1990,643775035,
,1991,661103507,
,1992,678557816,
,1993,696621487,
,1994,714502385,
,1995,732695149,
,1996,751473489,
,1997,770384408,
,1998,789981452,
,1999,810079555,
,2000,830582526,
,2001,851690089,
,2002,873411062,
,2003,895734228,
,2004,918778214,
,2005,942546385,
,2006,966932140,
,2007,992055603,
,2008,1018065280,
,2009,1044777531,
,2010,1072216494,
,2011,1100148604,
,2012,1128843458,
,2013,1158780293,
,2014,1189220342,
,2015,1220075491,
,2016,1251208462,
,2017,1282902113,
,2018,1315409772,
,2019,1348005494,
,2020,1380821169,
,2021,1413753046,
,2022,1446883650,
,2023,1480770518,
,2024,,1515140850
,2025,,1549867575
,2026,,1584985258
,2027,,1620262067
,2028,,1655677478
,2029,,1691327026
,2030,,1727213462
,2031,,1763341325
,2032,,1799677854
,2033,,1836165171
,2034,,1872848569
,2035,,1909745183
,2036,,1946779564
,2037,,1983888826
,2038,,2021068891
,2039,,2058325999
,2040,,2095653381
,2041,,2133011267
,2042,,2170362486
,2043,,2207713439
,2044,,2245033358
,2045,,2282241715
,2046,,2319336204
,2047,,2356367850
,2048,,2393301288
,2049,,2430064262
,2050,,2466647620
,2051,,2503122516
,2052,,2539451373
,2053,,2575522782
,2054,,2611380457
,2055,,2647051970
,2056,,2682482474
,2057,,2717607367
,2058,,2752440398
,2059,,2787096127
,2060,,2821497087
,2061,,2855583532
,2062,,2889314507
,2063,,2922620945
,2064,,2955590718
,2065,,2988210866
,2066,,3020431493
,2067,,3052276113
,2068,,3083691198
,2069,,3114659620
,2070,,3145215298
,2071,,3175353103
,2072,,3205068478
,2073,,3234288654
,2074,,3263034377
,2075,,3291312263
,2076,,3319032004
,2077,,3346261903
,2078,,3373019608
,2079,,3399165506
,2080,,3424700639
,2081,,3449654770
,2082,,3474067601
,2083,,3497973773
,2084,,3521288023
,2085,,3544047843
,2086,,3566322718
,2087,,3587962920
,2088,,3608879961
,2089,,3629227521
,2090,,3649045624
,2091,,3668203744
,2092,,3686701888
,2093,,3704607597
,2094,,3721931323
,2095,,3738661361
,2096,,3754852618
,2097,,3770482448
,2098,,3785518318
,2099,,3799971485
,2100,,3813883603
ALB,1950,1247854,
ALB,1951,1276365,
ALB,1952,1308368,
ALB,1953,1343581,
ALB,1954,1381088,
ALB,1955,1418855,
ALB,1956,1456823,
ALB,1957,1497954,
ALB,1958,1543982,
ALB,1959,1595021,
ALB,1960,1649393,
ALB,1961,1698801,
ALB,1962,1743739,
ALB,1963,1791289,
ALB,1964,1841445,
ALB,1965,1894317,
ALB,1966,1950049,
ALB,1967,2008524,
ALB,1968,2068848,
ALB,1969,2126885,
ALB,1970,2181226,
ALB,1971,2234995,
ALB,1972,2289265,
ALB,1973,2344108,
ALB,1974,2399397,
ALB,1975,2454861,
ALB,1976,2510579,
ALB,1977,2566603,
ALB,1978,2624620,
ALB,1979,2681393,
ALB,1980,2735424,
ALB,1981,2790413,
ALB,1982,2846910,
ALB,1983,2905128,
ALB,1984,2964961,
ALB,1985,3026245,
ALB,1986,3087658,
ALB,1987,3148843,
ALB,1988,3212924,
ALB,1989,3260369,
ALB,1990,3277965,
ALB,1991,3282608,
ALB,1992,3282506,
ALB,1993,3277831,
ALB,1994,3269417,
ALB,1995,3258573,
ALB,1996,3245680,
ALB,1997,3229665,
ALB,1998,3210134,
ALB,1999,3188598,
ALB,2000,3166147,
ALB,2001,3147943,
ALB,2002,3134095,
ALB,2003,3118093,
ALB,2004,3098662,
ALB,2005,3076156,
ALB,2006,3050805,
ALB,2007,3022887,
ALB,2008,2992933,
ALB,2009,2961487,
ALB,2010,2928731,
ALB,2011,2911499,
ALB,2012,2910003,
ALB,2013,2907571,
ALB,2014,2903748,
ALB,2015,2898634,
ALB,2016,2897868,
ALB,2017,2898245,
ALB,2018,2894229,
ALB,2019,2885011,
ALB,2020,2871950,
ALB,2021,2849641,
ALB,2022,2827614,
ALB,2023,2811660,
ALB,2024,,2791756
ALB,2025,,2771507
ALB,2026,,2751025
ALB,2027,,2731222
ALB,2028,,2711665
ALB,2029,,2691909
ALB,2030,,2671882
ALB,2031,,2651879
ALB,2032,,2632163
ALB,2033,,2612049
ALB,2034,,2591313
ALB,2035,,2570587
ALB,2036,,2549688
ALB,2037,,2528236
ALB,2038,,2506595
ALB,2039,,2484368
ALB,2040,,2461865
ALB,2041,,2439527
ALB,2042,,2417265
ALB,2043,,2395167
ALB,2044,,2373263
ALB,2045,,2351282
ALB,2046,,2328949
ALB,2047,,2306872
ALB,2048,,2284843
ALB,2049,,2262551
ALB,2050,,2240170
ALB,2051,,2218015
ALB,2052,,2195842
ALB,2053,,2173327
ALB,2054,,2150770
ALB,2055,,2128296
ALB,2056,,2106077
ALB,2057,,2083965
ALB,2058,,2061947
ALB,2059,,2039982
ALB,2060,,2017999
ALB,2061,,1996204
ALB,2062,,1974549
ALB,2063,,1952814
ALB,2064,,1931104
ALB,2065,,1909490
ALB,2066,,1888153
ALB,2067,,1866856
ALB,2068,,1845406
ALB,2069,,1824104
ALB,2070,,1802822
ALB,2071,,1781411
ALB,2072,,1759876
ALB,2073,,1738324
ALB,2074,,1716477
ALB,2075,,1694382
ALB,2076,,1672509
ALB,2077,,1650551
ALB,2078,,1628469
ALB,2079,,1606481
ALB,2080,,1584306
ALB,2081,,1561892
ALB,2082,,1539382
ALB,2083,,1516785
ALB,2084,,1494291
ALB,2085,,1471971
ALB,2086,,1449871
ALB,2087,,1428113
ALB,2088,,1406583
ALB,2089,,1385274
ALB,2090,,1364423
ALB,2091,,1344058
ALB,2092,,1324192
ALB,2093,,1304881
ALB,2094,,1286144
ALB,2095,,1268012
ALB,2096,,1250427
ALB,2097,,1233361
ALB,2098,,1216784
ALB,2099,,1200681
ALB,2100,,1184999
DZA,1950,9018423,
DZA,1951,9269870,
DZA,1952,9521212,
DZA,1953,9772644,
DZA,1954,10014393,
DZA,1955,10247429,
DZA,1956,10482183,
DZA,1957,10717503,
DZA,1958,10953641,
DZA,1959,11189621,
DZA,1960,11424930,
DZA,1961,11628877,
DZA,1962,11800768,
DZA,1963,11982121,
DZA,1964,12179807,
DZA,1965,12365979,
DZA,1966,12590068,
DZA,1967,12876115,
DZA,1968,13172615,
DZA,1969,13475959,
DZA,1970,13783722,
DZA,1971,14098937,
DZA,1972,14427075,
DZA,1973,14771150,
DZA,1974,15133508,
DZA,1975,15678603,
DZA,1976,16409171,
DZA,1977,17015988,
DZA,1978,17506977,
DZA,1979,18036655,
DZA,1980,18607175,
DZA,1981,19220708,
DZA,1982,19872353,
DZA,1983,20558120,
DZA,1984,21271969,
DZA,1985,22008542,
DZA,1986,22745501,
DZA,1987,23443627,
DZA,1988,24109538,
DZA,1989,24754488,
DZA,1990,25375815,
DZA,1991,25987937,
DZA,1992,26628570,
DZA,1993,27277042,
DZA,1994,27887277,
DZA,1995,28470194,
DZA,1996,29033045,
DZA,1997,29579299,
DZA,1998,30054135,
DZA,1999,30474360,
DZA,2000,30903894,
DZA,2001,31331226,
DZA,2002,31750832,
DZA,2003,32175813,
DZA,2004,32628286,
DZA,2005,33109258,
DZA,2006,33623505,
DZA,2007,34189420,
DZA,2008,34816963,
DZA,2009,35490442,
DZA,2010,36188237,
DZA,2011,36903374,
DZA,2012,37646165,
DZA,2013,38414176,
DZA,2014,39205035,
DZA,2015,40019528,
DZA,2016,40850719,
DZA,2017,41689302,
DZA,2018,42505033,
DZA,2019,43294551,
DZA,2020,44042094,
DZA,2021,44761099,
DZA,2022,45477391,
DZA,2023,46164222,
DZA,2024,,46814302
DZA,2025,,47435310
DZA,2026,,48028337
DZA,2027,,48593413
DZA,2028,,49135526
DZA,2029,,49655380
DZA,2030,,50154160
DZA,2031,,50637360
DZA,2032,,51113499
DZA,2033,,51584243
DZA,2034,,52048003
DZA,2035,,52516788
DZA,2036,,52986270
DZA,2037,,53452782
DZA,2038,,53921841
DZA,2039,,54396257
DZA,2040,,54873474
DZA,2041,,55351989
DZA,2042,,55834547
DZA,2043,,56319599
DZA,2044,,56806178
DZA,2045,,57290154
DZA,2046,,57767674
DZA,2047,,58234176
DZA,2048,,58690886
DZA,2049,,59136158
DZA,2050,,59565550
DZA,2051,,59975604
DZA,2052,,60357130
DZA,2053,,60714898
DZA,2054,,61054227
DZA,2055,,61368723
DZA,2056,,61662096
DZA,2057,,61929853
DZA,2058,,62171436
DZA,2059,,62392706
DZA,2060,,62589963
DZA,2061,,62763869
DZA,2062,,62925691
DZA,2063,,63074908
DZA,2064,,63211556
DZA,2065,,63340463
DZA,2066,,63457818
DZA,2067,,63567478
DZA,2068,,63671453
DZA,2069,,63770660
DZA,2070,,63858957
DZA,2071,,63949915
DZA,2072,,64051596
DZA,2073,,64149758
DZA,2074,,64245957
DZA,2075,,64342157
DZA,2076,,64431150
DZA,2077,,64514919
DZA,2078,,64597245
DZA,2079,,64675917
DZA,2080,,64750723
DZA,2081,,64815560
DZA,2082,,64870707
DZA,2083,,64921809
DZA,2084,,64969833
DZA,2085,,65014715
DZA,2086,,65055633
DZA,2087,,65087125
DZA,2088,,65107979
DZA,2089,,65115449
DZA,2090,,65115469
DZA,2091,,65105742
DZA,2092,,65081099
DZA,2093,,65052820
DZA,2094,,65010259
DZA,2095,,64951513
DZA,2096,,64882625
DZA,2097,,64802066
DZA,2098,,64709155
DZA,2099,,64602941
DZA,2100,,64487526
ASM,1950,19070,
ASM,1951,19450,
ASM,1952,19576,
ASM,1953,19691,
ASM,1954,19782,
ASM,1955,19877,
ASM,1956,19960,
ASM,1957,19983,
ASM,1958,19950,
ASM,1959,19931,
ASM,1960,20159,
ASM,1961,20686,
ASM,1962,21317,
ASM,1963,21992,
ASM,1964,22692,
ASM,1965,23429,
ASM,1966,24157,
ASM,1967,24891,
ASM,1968,25629,
ASM,1969,26393,
ASM,1970,27052,
ASM,1971,27556,
ASM,1972,28019,
ASM,1973,28465,
ASM,1974,28896,
ASM,1975,29407,
ASM,1976,29981,
ASM,1977,30543,
ASM,1978,31098,
ASM,1979,31632,
ASM,1980,32427,
ASM,1981,33606,
ASM,1982,34937,
ASM,1983,36291,
ASM,1984,37690,
ASM,1985,39128,
ASM,1986,40588,
ASM,1987,42095,
ASM,1988,43634,
ASM,1989,45207,
ASM,1990,46659,
ASM,1991,47903,
ASM,1992,49054,
ASM,1993,50178,
ASM,1994,51273,
ASM,1995,52339,
ASM,1996,53378,
ASM,1997,54385,
ASM,1998,55354,
ASM,1999,56267,
ASM,2000,56877,
ASM,2001,57072,
ASM,2002,57081,
ASM,2003,56988,
ASM,2004,56841,
ASM,2005,56638,
ASM,2006,56391,
ASM,2007,56134,
ASM,2008,55848,
ASM,2009,55542,
ASM,2010,55246,
ASM,2011,54917,
ASM,2012,54506,
ASM,2013,54026,
ASM,2014,53489,
ASM,2015,52896,
ASM,2016,52260,
ASM,2017,51605,
ASM,2018,50927,
ASM,2019,50230,
ASM,2020,49779,
ASM,2021,49249,
ASM,2022,48365,
ASM,2023,47544,
ASM,2024,,46792
ASM,2025,,46053
ASM,2026,,45342
ASM,2027,,44677
ASM,2028,,44082
ASM,2029,,43511
ASM,2030,,42981
ASM,2031,,42499
ASM,2032,,42045
ASM,2033,,41617
ASM,2034,,41230
ASM,2035,,40863
ASM,2036,,40530
ASM,2037,,40228
ASM,2038,,39947
ASM,2039,,39677
ASM,2040,,39407
ASM,2041,,39170
ASM,2042,,38957
ASM,2043,,38761
ASM,2044,,38572
ASM,2045,,38393
ASM,2046,,38231
ASM,2047,,38050
ASM,2048,,37890
ASM,2049,,37726
ASM,2050,,37570
ASM,2051,,37411
ASM,2052,,37245
ASM,2053,,37070
ASM,2054,,36894
ASM,2055,,36709
ASM,2056,,36513
ASM,2057,,36322
ASM,2058,,36126
ASM,2059,,35942
ASM,2060,,35760
ASM,2061,,35591
ASM,2062,,35419
ASM,2063,,35255
ASM,2064,,35103
ASM,2065,,34966
ASM,2066,,34832
ASM,2067,,34713
ASM,2068,,34605
ASM,2069,,34517
ASM,2070,,34434
ASM,2071,,34364
ASM,2072,,34295
ASM,2073,,34239
ASM,2074,,34190
ASM,2075,,34156
ASM,2076,,34120
ASM,2077,,34085
ASM,2078,,34053
ASM,2079,,34034
ASM,2080,,34003
ASM,2081,,33973
ASM,2082,,33946
ASM,2083,,33916
ASM,2084,,33876
ASM,2085,,33833
ASM,2086,,33784
ASM,2087,,33733
ASM,2088,,33674
ASM,2089,,33613
ASM,2090,,33539
ASM,2091,,33451
ASM,2092,,33351
ASM,2093,,33248
ASM,2094,,33133
ASM,2095,,33012
ASM,2096,,32885
ASM,2097,,32747
ASM,2098,,32600
ASM,2099,,32455
ASM,2100,,32316
,1950,335791496,
,1951,342809279,
,1952,350086867,
,1953,357599609,
,1954,365377091,
,1955,373407276,
,1956,381692163,
,1957,390249080,
,1958,398992351,
,1959,408077039,
,1960,417520523,
,1961,427225742,
,1962,437118236,
,1963,447027459,
,1964,456963600,
,1965,466843178,
,1966,476580530,
,1967,486190006,
,1968,495698218,
,1969,505217480,
,1970,515080521,
,1971,525203247,
,1972,535104029,
,1973,544799461,
,1974,554515598,
,1975,564296858,
,1976,574121361,
,1977,584093311,
,1978,594231921,
,1979,604509081,
,1980,614995559,
,1981,625567978,
,1982,636207174,
,1983,646988452,
,1984,657807334,
,1985,668598299,
,1986,679322517,
,1987,690036435,
,1988,700864741,
,1989,711800736,
,1990,723167029,
,1991,734827529,
,1992,746446435,
,1993,757897506,
,1994,769066719,
,1995,780097788,
,1996,790984090,
,1997,801748680,
,1998,812545221,
,1999,823277582,
,2000,833823329,
,2001,844243626,
,2002,854486140,
,2003,864557890,
,2004,874538474,
,2005,884494788,
,2006,894470073,
,2007,904530240,
,2008,914594515,
,2009,924521281,
,2010,934293894,
,2011,944029797,
,2012,953741209,
,2013,963367755,
,2014,972890539,
,2015,982256771,
,2016,991580857,
,2017,1000714164,
,2018,1009489473,
,2019,1017894603,
,2020,1024463737,
,2021,1029207261,
,2022,1034848561,
,2023,1041794257,
,2024,,1048761178
,2025,,1055416957
,2026,,1061764384
,2027,,1067878006
,2028,,1073825961
,2029,,1079592915
,2030,,1085173076
,2031,,1090588082
,2032,,1095832643
,2033,,1100899151
,2034,,1105806470
,2035,,1110538996
,2036,,1115074970
,2037,,1119428915
,2038,,1123606008
,2039,,1127572252
,2040,,1131309755
,2041,,1134830966
,2042,,1138151189
,2043,,1141252278
,2044,,1144106929
,2045,,1146736461
,2046,,1149134851
,2047,,1151321433
,2048,,1153304286
,2049,,1155063026
,2050,,1156636631
,2051,,1158044039
,2052,,1159268982
,2053,,1160314191
,2054,,1161165709
,2055,,1161832899
,2056,,1162356751
,2057,,1162771409
,2058,,1163103012
,2059,,1163312320
,2060,,1163362016
,2061,,1163304715
,2062,,1163161836
,2063,,1162909591
,2064,,1162534461
,2065,,1162042718
,2066,,1161460016
,2067,,1160799545
,2068,,1160033115
,2069,,1159156079
,2070,,1158158763
,2071,,1157050989
,2072,,1155827457
,2073,,1154466264
,2074,,1152990519
,2075,,1151433386
,2076,,1149786038
,2077,,1147994640
,2078,,1146083485
,2079,,1144055782
,2080,,1141903874
,2081,,1139709937
,2082,,1137451502
,2083,,1135089517
,2084,,1132659372
,2085,,1130123897
,2086,,1127523076
,2087,,1124900235
,2088,,1122277186
,2089,,1119626973
,2090,,1116898528
,2091,,1114150509
,2092,,1111400806
,2093,,1108616678
,2094,,1105809797
,2095,,1102984511
,2096,,1100111825
,2097,,1097223442
,2098,,1094316053
,2099,,1091379506
,2100,,1088413248
AND,1950,6018,
AND,1951,5843,
AND,1952,5474,
AND,1953,5346,
AND,1954,5623,
AND,1955,6187,
AND,1956,6788,
AND,1957,7420,
AND,1958,8090,
AND,1959,8794,
AND,1960,9532,
AND,1961,10307,
AND,1962,11107,
AND,1963,11936,
AND,1964,12787,
AND,1965,13656,
AND,1966,14649,
AND,1967,15860,
AND,1968,17201,
AND,1969,18581,
AND,1970,19999,
AND,1971,21466,
AND,1972,22978,
AND,1973,24544,
AND,1974,26153,
AND,1975,27799,
AND,1976,29457,
AND,1977,31125,
AND,1978,32758,
AND,1979,34326,
AND,1980,35802,
AND,1981,37194,
AND,1982,38785,
AND,1983,40586,
AND,1984,42291,
AND,1985,43845,
AND,1986,45758,
AND,1987,47677,
AND,1988,49441,
AND,1989,50638,
AND,1990,52616,
AND,1991,56691,
AND,1992,60217,
AND,1993,63293,
AND,1994,64631,
AND,1995,63936,
AND,1996,64006,
AND,1997,64722,
AND,1998,65400,
AND,1999,65732,
AND,2000,65703,
AND,2001,65874,
AND,2002,66528,
AND,2003,69507,
AND,2004,74342,
AND,2005,77436,
AND,2006,79609,
AND,2007,81901,
AND,2008,83513,
AND,2009,83907,
AND,2010,80727,
AND,2011,77801,
AND,2012,76858,
AND,2013,75220,
AND,2014,73755,
AND,2015,72195,
AND,2016,72197,
AND,2017,73780,
AND,2018,75181,
AND,2019,76492,
AND,2020,77397,
AND,2021,78379,
AND,2022,79722,
AND,2023,80869,
AND,2024,,81955
AND,2025,,82920
AND,2026,,83774
AND,2027,,84481
AND,2028,,84973
AND,2029,,85365
AND,2030,,85693
AND,2031,,85902
AND,2032,,86001
AND,2033,,86075
AND,2034,,86122
AND,2035,,86188
AND,2036,,86134
AND,2037,,86026
AND,2038,,85957
AND,2039,,85858
AND,2040,,85684
AND,2041,,85489
AND,2042,,85299
AND,2043,,85032
AND,2044,,84694
AND,2045,,84304
AND,2046,,83935
AND,2047,,83529
AND,2048,,83111
AND,2049,,82659
AND,2050,,82213
AND,2051,,81685
AND,2052,,81094
AND,2053,,80471
AND,2054,,79783
AND,2055,,79071
AND,2056,,78342
AND,2057,,77589
AND,2058,,76823
AND,2059,,76041
AND,2060,,75237
AND,2061,,74413
AND,2062,,73600
AND,2063,,72776
AND,2064,,71942
AND,2065,,71118
AND,2066,,70359
AND,2067,,69610
AND,2068,,68798
AND,2069,,67997
AND,2070,,67228
AND,2071,,66517
AND,2072,,65806
AND,2073,,65082
AND,2074,,64388
AND,2075,,63688
AND,2076,,62991
AND,2077,,62275
AND,2078,,61533
AND,2079,,60808
AND,2080,,60109
AND,2081,,59410
AND,2082,,58696
AND,2083,,57984
AND,2084,,57317
AND,2085,,56681
AND,2086,,56039
AND,2087,,55377
AND,2088,,54730
AND,2089,,54078
AND,2090,,53436
AND,2091,,52801
AND,2092,,52157
AND,2093,,51505
AND,2094,,50865
AND,2095,,50228
AND,2096,,49604
AND,2097,,48992
AND,2098,,48396
AND,2099,,47810
AND,2100,,47241
AGO,1950,4551869,
AGO,1951,4602567,
AGO,1952,4651693,
AGO,1953,4706357,
AGO,1954,4766716,
AGO,1955,4832775,
AGO,1956,4904275,
AGO,1957,4980650,
AGO,1958,5061137,
AGO,1959,5145107,
AGO,1960,5231664,
AGO,1961,5301584,
AGO,1962,5354315,
AGO,1963,5408334,
AGO,1964,5464186,
AGO,1965,5521982,
AGO,1966,5581391,
AGO,1967,5641810,
AGO,1968,5702706,
AGO,1969,5763693,
AGO,1970,5852790,
AGO,1971,5991114,
AGO,1972,6174269,
AGO,1973,6388534,
AGO,1974,6613368,
AGO,1975,6842952,
AGO,1976,7074668,
AGO,1977,7317837,
AGO,1978,7576742,
AGO,1979,7847207,
AGO,1980,8133867,
AGO,1981,8435605,
AGO,1982,8751653,
AGO,1983,9082985,
AGO,1984,9425921,
AGO,1985,9779125,
AGO,1986,10139459,
AGO,1987,10497863,
AGO,1988,10861299,
AGO,1989,11238562,
AGO,1990,11626361,
AGO,1991,12023532,
AGO,1992,12423717,
AGO,1993,12827136,
AGO,1994,13249763,
AGO,1995,13699780,
AGO,1996,14170973,
AGO,1997,14660419,
AGO,1998,15159378,
AGO,1999,15667235,
AGO,2000,16194873,
AGO,2001,16747204,
AGO,2002,17327701,
AGO,2003,17943718,
AGO,2004,18600426,
AGO,2005,19291160,
AGO,2006,20015281,
AGO,2007,20778570,
AGO,2008,21578656,
AGO,2009,22414775,
AGO,2010,23294822,
AGO,2011,24218358,
AGO,2012,25177398,
AGO,2013,26165616,
AGO,2014,27160767,
AGO,2015,28157802,
AGO,2016,29183072,
AGO,2017,30234836,
AGO,2018,31297160,
AGO,2019,32375633,
AGO,2020,33451139,
AGO,2021,34532427,
AGO,2022,35635028,
AGO,2023,36749909,
AGO,2024,,37885854
AGO,2025,,39040034
AGO,2026,,40215180
AGO,2027,,41415124
AGO,2028,,42641683
AGO,2029,,43891852
AGO,2030,,45160457
AGO,2031,,46449968
AGO,2032,,47759511
AGO,2033,,49091477
AGO,2034,,50447456
AGO,2035,,51821718
AGO,2036,,53215943
AGO,2037,,54625866
AGO,2038,,56053784
AGO,2039,,57501914
AGO,2040,,58965326
AGO,2041,,60441185
AGO,2042,,61927907
AGO,2043,,63430881
AGO,2044,,64945301
AGO,2045,,66464328
AGO,2046,,68000596
AGO,2047,,69554166
AGO,2048,,71118785
AGO,2049,,72701389
AGO,2050,,74295397
AGO,2051,,75892821
AGO,2052,,77501971
AGO,2053,,79123453
AGO,2054,,80752713
AGO,2055,,82392215
AGO,2056,,84032202
AGO,2057,,85679411
AGO,2058,,87336040
AGO,2059,,88991590
AGO,2060,,90647915
AGO,2061,,92310986
AGO,2062,,93969987
AGO,2063,,95625119
AGO,2064,,97282775
AGO,2065,,98933226
AGO,2066,,100578472
AGO,2067,,102219409
AGO,2068,,103858185
AGO,2069,,105498664
AGO,2070,,107137079
AGO,2071,,108767793
AGO,2072,,110391409
AGO,2073,,112014394
AGO,2074,,113630808
AGO,2075,,115220836
AGO,2076,,116788428
AGO,2077,,118356154
AGO,2078,,119925104
AGO,2079,,121471112
AGO,2080,,123012398
AGO,2081,,124542888
AGO,2082,,126039001
AGO,2083,,127515740
AGO,2084,,128986048
AGO,2085,,130454008
AGO,2086,,131908573
AGO,2087,,133334691
AGO,2088,,134748100
AGO,2089,,136163364
AGO,2090,,137556708
AGO,2091,,138919843
AGO,2092,,140249385
AGO,2093,,141550053
AGO,2094,,142835151
AGO,2095,,144102529
AGO,2096,,145340839
AGO,2097,,146549583
AGO,2098,,147743370
AGO,2099,,148912810
AGO,2100,,150045577
AIA,1950,5022,
AIA,1951,5229,
AIA,1952,5389,
AIA,1953,5522,
AIA,1954,5668,
AIA,1955,5763,
AIA,1956,5802,
AIA,1957,5823,
AIA,1958,5819,
AIA,1959,5800,
AIA,1960,5801,
AIA,1961,5846,
AIA,1962,5899,
AIA,1963,5943,
AIA,1964,5994,
AIA,1965,6040,
AIA,1966,6095,
AIA,1967,6150,
AIA,1968,6207,
AIA,1969,6257,
AIA,1970,6324,
AIA,1971,6376,
AIA,1972,6427,
AIA,1973,6466,
AIA,1974,6502,
AIA,1975,6519,
AIA,1976,6545,
AIA,1977,6567,
AIA,1978,6587,
AIA,1979,6602,
AIA,1980,6612,
AIA,1981,6628,
AIA,1982,6653,
AIA,1983,6672,
AIA,1984,6764,
AIA,1985,6978,
AIA,1986,7245,
AIA,1987,7519,
AIA,1988,7807,
AIA,1989,8116,
AIA,1990,8422,
AIA,1991,8728,
AIA,1992,9005,
AIA,1993,9252,
AIA,1994,9489,
AIA,1995,9738,
AIA,1996,10000,
AIA,1997,10278,
AIA,1998,10557,
AIA,1999,10864,
AIA,2000,11196,
AIA,2001,11497,
AIA,2002,11714,
AIA,2003,11903,
AIA,2004,12092,
AIA,2005,12290,
AIA,2006,12493,
AIA,2007,12697,
AIA,2008,12911,
AIA,2009,13138,
AIA,2010,13372,
AIA,2011,13593,
AIA,2012,13401,
AIA,2013,13272,
AIA,2014,13748,
AIA,2015,14235,
AIA,2016,14344,
AIA,2017,14450,
AIA,2018,14747,
AIA,2019,14845,
AIA,2020,14864,
AIA,2021,14503,
AIA,2022,14202,
AIA,2023,14435,
AIA,2024,,14623
AIA,2025,,14750
AIA,2026,,14846
AIA,2027,,14899
AIA,2028,,14939
AIA,2029,,14973
AIA,2030,,15000
AIA,2031,,15026
AIA,2032,,15053
AIA,2033,,15072
AIA,2034,,15084
AIA,2035,,15106
AIA,2036,,15110
AIA,2037,,15099
AIA,2038,,15080
AIA,2039,,15058
AIA,2040,,15039
AIA,2041,,15028
AIA,2042,,15017
AIA,2043,,14999
AIA,2044,,14965
AIA,2045,,14914
AIA,2046,,14862
AIA,2047,,14788
AIA,2048,,14710
AIA,2049,,14647
AIA,2050,,14572
AIA,2051,,14490
AIA,2052,,14410
AIA,2053,,14319
AIA,2054,,14235
AIA,2055,,14151
AIA,2056,,14055
AIA,2057,,13953
AIA,2058,,13860
AIA,2059,,13759
AIA,2060,,13659
AIA,2061,,13560
AIA,2062,,13456
AIA,2063,,13345
AIA,2064,,13226
AIA,2065,,13120
AIA,2066,,13005
AIA,2067,,12892
AIA,2068,,12792
AIA,2069,,12680
AIA,2070,,12570
AIA,2071,,12470
AIA,2072,,12367
AIA,2073,,12263
AIA,2074,,12159
AIA,2075,,12051
AIA,2076,,11948
AIA,2077,,11840
AIA,2078,,11733
AIA,2079,,11631
AIA,2080,,11518
AIA,2081,,11419
AIA,2082,,11310
AIA,2083,,11197
AIA,2084,,11091
AIA,2085,,10979
AIA,2086,,10871
AIA,2087,,10759
AIA,2088,,10650
AIA,2089,,10546
AIA,2090,,10435
AIA,2091,,10317
AIA,2092,,10209
AIA,2093,,10100
AIA,2094,,9988
AIA,2095,,9878
AIA,2096,,9770
AIA,2097,,9657
AIA,2098,,9547
AIA,2099,,9442
AIA,2100,,9329
ATG,1950,45462,
ATG,1951,46444,
ATG,1952,47416,
ATG,1953,48400,
ATG,1954,49392,
ATG,1955,50395,
ATG,1956,51400,
ATG,1957,52426,
ATG,1958,53473,
ATG,1959,54549,
ATG,1960,55621,
ATG,1961,56554,
ATG,1962,57351,
ATG,1963,58157,
ATG,1964,59035,
ATG,1965,59987,
ATG,1966,60911,
ATG,1967,61857,
ATG,1968,62832,
ATG,1969,63832,
ATG,1970,64549,
ATG,1971,64747,
ATG,1972,64631,
ATG,1973,64362,
ATG,1974,64074,
ATG,1975,63856,
ATG,1976,63779,
ATG,1977,63882,
ATG,1978,64055,
ATG,1979,64297,
ATG,1980,64531,
ATG,1981,64686,
ATG,1982,64802,
ATG,1983,64952,
ATG,1984,64899,
ATG,1985,64606,
ATG,1986,64292,
ATG,1987,63964,
ATG,1988,63641,
ATG,1989,63346,
ATG,1990,63087,
ATG,1991,63406,
ATG,1992,64422,
ATG,1993,65601,
ATG,1994,66860,
ATG,1995,68210,
ATG,1996,69629,
ATG,1997,71071,
ATG,1998,72430,
ATG,1999,73681,
ATG,2000,74929,
ATG,2001,76082,
ATG,2002,77049,
ATG,2003,77896,
ATG,2004,78734,
ATG,2005,79628,
ATG,2006,80619,
ATG,2007,81716,
ATG,2008,82926,
ATG,2009,84193,
ATG,2010,85337,
ATG,2011,86350,
ATG,2012,87275,
ATG,2013,88074,
ATG,2014,88784,
ATG,2015,89421,
ATG,2016,89980,
ATG,2017,90483,
ATG,2018,90942,
ATG,2019,91377,
ATG,2020,91864,
ATG,2021,92358,
ATG,2022,92850,
ATG,2023,93331,
ATG,2024,,93782
ATG,2025,,94222
ATG,2026,,94631
ATG,2027,,95019
ATG,2028,,95379
ATG,2029,,95720
ATG,2030,,96007
ATG,2031,,96263
ATG,2032,,96485
ATG,2033,,96691
ATG,2034,,96870
ATG,2035,,97021
ATG,2036,,97120
ATG,2037,,97170
ATG,2038,,97191
ATG,2039,,97184
ATG,2040,,97143
ATG,2041,,97059
ATG,2042,,96951
ATG,2043,,96803
ATG,2044,,96629
ATG,2045,,96423
ATG,2046,,96202
ATG,2047,,95952
ATG,2048,,95681
ATG,2049,,95390
ATG,2050,,95062
ATG,2051,,94720
ATG,2052,,94364
ATG,2053,,93976
ATG,2054,,93566
ATG,2055,,93140
ATG,2056,,92727
ATG,2057,,92318
ATG,2058,,91868
ATG,2059,,91422
ATG,2060,,90990
ATG,2061,,90516
ATG,2062,,90048
ATG,2063,,89563
ATG,2064,,89067
ATG,2065,,88564
ATG,2066,,88047
ATG,2067,,87517
ATG,2068,,86974
ATG,2069,,86427
ATG,2070,,85880
ATG,2071,,85312
ATG,2072,,84731
ATG,2073,,84150
ATG,2074,,83570
ATG,2075,,82984
ATG,2076,,82414
ATG,2077,,81803
ATG,2078,,81184
ATG,2079,,80558
ATG,2080,,79930
ATG,2081,,79319
ATG,2082,,78694
ATG,2083,,78072
ATG,2084,,77450
ATG,2085,,76837
ATG,2086,,76220
ATG,2087,,75586
ATG,2088,,74969
ATG,2089,,74361
ATG,2090,,73754
ATG,2091,,73146
ATG,2092,,72535
ATG,2093,,71941
ATG,2094,,71359
ATG,2095,,70776
ATG,2096,,70202
ATG,2097,,69631
ATG,2098,,69078
ATG,2099,,68538
ATG,2100,,67996
ARG,1950,17018032,
ARG,1951,17356467,
ARG,1952,17698882,
ARG,1953,18041299,
ARG,1954,18381211,
ARG,1955,18716036,
ARG,1956,19049973,
ARG,1957,19383045,
ARG,1958,19714264,
ARG,1959,20049604,
ARG,1960,20386055,
ARG,1961,20726280,
ARG,1962,21072543,
ARG,1963,21421702,
ARG,1964,21769451,
ARG,1965,22112634,
ARG,1966,22453898,
ARG,1967,22799063,
ARG,1968,23150580,
ARG,1969,23508716,
ARG,1970,23878330,
ARG,1971,24257212,
ARG,1972,24644332,
ARG,1973,25046007,
ARG,1974,25461352,
ARG,1975,25874106,
ARG,1976,26282282,
ARG,1977,26701815,
ARG,1978,27132162,
ARG,1979,27568894,
ARG,1980,28011597,
ARG,1981,28463956,
ARG,1982,28924268,
ARG,1983,29391334,
ARG,1984,29863090,
ARG,1985,30336448,
ARG,1986,30811982,
ARG,1987,31291764,
ARG,1988,31780534,
ARG,1989,32270958,
ARG,1990,32755907,
ARG,1991,33230293,
ARG,1992,33693532,
ARG,1993,34152719,
ARG,1994,34613492,
ARG,1995,35070016,
ARG,1996,35513795,
ARG,1997,35947790,
ARG,1998,36372862,
ARG,1999,36794687,
ARG,2000,37213986,
ARG,2001,37624817,
ARG,2002,38029345,
ARG,2003,38424283,
ARG,2004,38815915,
ARG,2005,39216786,
ARG,2006,39622113,
ARG,2007,40016767,
ARG,2008,40424151,
ARG,2009,40854832,
ARG,2010,41288694,
ARG,2011,41730655,
ARG,2012,42161718,
ARG,2013,42582453,
ARG,2014,43024071,
ARG,2015,43477011,
ARG,2016,43900312,
ARG,2017,44288898,
ARG,2018,44654876,
ARG,2019,44973469,
ARG,2020,45191960,
ARG,2021,45312282,
ARG,2022,45407904,
ARG,2023,45538402,
ARG,2024,,45696153
ARG,2025,,45851379
ARG,2026,,46003732
ARG,2027,,46153343
ARG,2028,,46299942
ARG,2029,,46443768
ARG,2030,,46585024
ARG,2031,,46723737
ARG,2032,,46859876
ARG,2033,,46993523
ARG,2034,,47124538
ARG,2035,,47251991
ARG,2036,,47375357
ARG,2037,,47494513
ARG,2038,,47608786
ARG,2039,,47716828
ARG,2040,,47817642
ARG,2041,,47910485
ARG,2042,,47994507
ARG,2043,,48069553
ARG,2044,,48135523
ARG,2045,,48191837
ARG,2046,,48237673
ARG,2047,,48272486
ARG,2048,,48296028
ARG,2049,,48308269
ARG,2050,,48308945
ARG,2051,,48297090
ARG,2052,,48272370
ARG,2053,,48234734
ARG,2054,,48184616
ARG,2055,,48122228
ARG,2056,,48047354
ARG,2057,,47960610
ARG,2058,,47862865
ARG,2059,,47755330
ARG,2060,,47638688
ARG,2061,,47513469
ARG,2062,,47380750
ARG,2063,,47241185
ARG,2064,,47095286
ARG,2065,,46943416
ARG,2066,,46786069
ARG,2067,,46623476
ARG,2068,,46455029
ARG,2069,,46280515
ARG,2070,,46100470
ARG,2071,,45914884
ARG,2072,,45723830
ARG,2073,,45527207
ARG,2074,,45324185
ARG,2075,,45115120
ARG,2076,,44900127
ARG,2077,,44679065
ARG,2078,,44451503
ARG,2079,,44217090
ARG,2080,,43976229
ARG,2081,,43728850
ARG,2082,,43474939
ARG,2083,,43214640
ARG,2084,,42948616
ARG,2085,,42677130
ARG,2086,,42400661
ARG,2087,,42120021
ARG,2088,,41835497
ARG,2089,,41547114
ARG,2090,,41255037
ARG,2091,,40959936
ARG,2092,,40662494
ARG,2093,,40363214
ARG,2094,,40062935
ARG,2095,,39761858
ARG,2096,,39460115
ARG,2097,,39158398
ARG,2098,,38857018
ARG,2099,,38556121
ARG,2100,,38255992
ARM,1950,1382896,
ARM,1951,1417286,
ARM,1952,1454108,
ARM,1953,1493580,
ARM,1954,1535981,
ARM,1955,1581511,
ARM,1956,1630823,
ARM,1957,1684147,
ARM,1958,1740888,
ARM,1959,1801014,
ARM,1960,1863710,
ARM,1961,1927488,
ARM,1962,1991686,
ARM,1963,2056024,
ARM,1964,2120135,
ARM,1965,2183635,
ARM,1966,2246162,
ARM,1967,2307497,
ARM,1968,2367326,
ARM,1969,2424034,
ARM,1970,2475628,
ARM,1971,2525348,
ARM,1972,2577081,
ARM,1973,2630860,
ARM,1974,2686442,
ARM,1975,2743665,
ARM,1976,2818168,
ARM,1977,2912833,
ARM,1978,3012808,
ARM,1979,3078505,
ARM,1980,3107418,
ARM,1981,3135354,
ARM,1982,3163145,
ARM,1983,3191549,
ARM,1984,3224549,
ARM,1985,3260438,
ARM,1986,3294857,
ARM,1987,3328525,
ARM,1988,3355123,
ARM,1989,3443095,
ARM,1990,3552130,
ARM,1991,3613978,
ARM,1992,3571870,
ARM,1993,3453339,
ARM,1994,3364620,
ARM,1995,3307586,
ARM,1996,3278738,
ARM,1997,3246292,
ARM,1998,3208399,
ARM,1999,3167282,
ARM,2000,3125630,
ARM,2001,3084350,
ARM,2002,3055636,
ARM,2003,3038976,
ARM,2004,3022544,
ARM,2005,3006360,
ARM,2006,2990371,
ARM,2007,2974825,
ARM,2008,2959996,
ARM,2009,2945518,
ARM,2010,2931083,
ARM,2011,2923269,
ARM,2012,2922529,
ARM,2013,2922526,
ARM,2014,2922433,
ARM,2015,2921179,
ARM,2016,2918796,
ARM,2017,2914966,
ARM,2018,2909971,
ARM,2019,2903975,
ARM,2020,2890893,
ARM,2021,2870339,
ARM,2022,2880880,
ARM,2023,2943398,
ARM,2024,,2973843
ARM,2025,,2952355
ARM,2026,,2930918
ARM,2027,,2910495
ARM,2028,,2890806
ARM,2029,,2871007
ARM,2030,,2851289
ARM,2031,,2831831
ARM,2032,,2812793
ARM,2033,,2794036
ARM,2034,,2775356
ARM,2035,,2756733
ARM,2036,,2738173
ARM,2037,,2719939
ARM,2038,,2701969
ARM,2039,,2683821
ARM,2040,,2665529
ARM,2041,,2647719
ARM,2042,,2630121
ARM,2043,,2612704
ARM,2044,,2595826
ARM,2045,,2579225
ARM,2046,,2562512
ARM,2047,,2545698
ARM,2048,,2528842
ARM,2049,,2511986
ARM,2050,,2495200
ARM,2051,,2478351
ARM,2052,,2461258
ARM,2053,,2444633
ARM,2054,,2428068
ARM,2055,,2411277
ARM,2056,,2394615
ARM,2057,,2377614
ARM,2058,,2360635
ARM,2059,,2343629
ARM,2060,,2326389
ARM,2061,,2309101
ARM,2062,,2291874
ARM,2063,,2274520
ARM,2064,,2256810
ARM,2065,,2238880
ARM,2066,,2220734
ARM,2067,,2202468
ARM,2068,,2184004
ARM,2069,,2165470
ARM,2070,,2146967
ARM,2071,,2128450
ARM,2072,,2109845
ARM,2073,,2091135
ARM,2074,,2072512
ARM,2075,,2054123
ARM,2076,,2036145
ARM,2077,,2018465
ARM,2078,,2000864
ARM,2079,,1983527
ARM,2080,,1966510
ARM,2081,,1949733
ARM,2082,,1933253
ARM,2083,,1917262
ARM,2084,,1901750
ARM,2085,,1886563
ARM,2086,,1871669
ARM,2087,,1857172
ARM,2088,,1843176
ARM,2089,,1829555
ARM,2090,,1816236
ARM,2091,,1803141
ARM,2092,,1790314
ARM,2093,,1777672
ARM,2094,,1765143
ARM,2095,,1752810
ARM,2096,,1740656
ARM,2097,,1728529
ARM,2098,,1716389
ARM,2099,,1704283
ARM,2100,,1692198
ABW,1950,42763,
ABW,1951,43880,
ABW,1952,45052,
ABW,1953,46269,
ABW,1954,47516,
ABW,1955,48786,
ABW,1956,50084,
ABW,1957,51383,
ABW,1958,52687,
ABW,1959,54003,
ABW,1960,54938,
ABW,1961,55599,
ABW,1962,56337,
ABW,1963,57019,
ABW,1964,57637,
ABW,1965,58208,
ABW,1966,58709,
ABW,1967,59012,
ABW,1968,59086,
ABW,1969,59070,
ABW,1970,58967,
ABW,1971,58798,
ABW,1972,58913,
ABW,1973,59456,
ABW,1974,60144,
ABW,1975,60825,
ABW,1976,61292,
ABW,1977,61532,
ABW,1978,61733,
ABW,1979,61914,
ABW,1980,62051,
ABW,1981,62279,
ABW,1982,62676,
ABW,1983,63114,
ABW,1984,63484,
ABW,1985,63674,
ABW,1986,63640,
ABW,1987,63419,
ABW,1988,63221,
ABW,1989,63413,
ABW,1990,64452,
ABW,1991,66564,
ABW,1992,68889,
ABW,1993,71091,
ABW,1994,73475,
ABW,1995,75930,
ABW,1996,78497,
ABW,1997,81123,
ABW,1998,83788,
ABW,1999,86483,
ABW,2000,88772,
ABW,2001,90320,
ABW,2002,91393,
ABW,2003,92324,
ABW,2004,93223,
ABW,2005,94239,
ABW,2006,95403,
ABW,2007,96604,
ABW,2008,97815,
ABW,2009,99040,
ABW,2010,100127,
ABW,2011,100995,
ABW,2012,101774,
ABW,2013,102570,
ABW,2014,103381,
ABW,2015,104200,
ABW,2016,104989,
ABW,2017,105737,
ABW,2018,106447,
ABW,2019,107089,
ABW,2020,107411,
ABW,2021,107565,
ABW,2022,107792,
ABW,2023,107946,
ABW,2024,,108076
ABW,2025,,108157
ABW,2026,,108172
ABW,2027,,108152
ABW,2028,,108097
ABW,2029,,108000
ABW,2030,,107870
ABW,2031,,107689
ABW,2032,,107480
ABW,2033,,107250
ABW,2034,,106968
ABW,2035,,106686
ABW,2036,,106371
ABW,2037,,106040
ABW,2038,,105672
ABW,2039,,105293
ABW,2040,,104890
ABW,2041,,104493
ABW,2042,,104080
ABW,2043,,103657
ABW,2044,,103195
ABW,2045,,102710
ABW,2046,,102187
ABW,2047,,101654
ABW,2048,,101123
ABW,2049,,100574
ABW,2050,,100006
ABW,2051,,99421
ABW,2052,,98819
ABW,2053,,98208
ABW,2054,,97595
ABW,2055,,97003
ABW,2056,,96451
ABW,2057,,95887
ABW,2058,,95332
ABW,2059,,94778
ABW,2060,,94208
ABW,2061,,93664
ABW,2062,,93129
ABW,2063,,92600
ABW,2064,,92087
ABW,2065,,91588
ABW,2066,,91104
ABW,2067,,90632
ABW,2068,,90174
ABW,2069,,89698
ABW,2070,,89253
ABW,2071,,88813
ABW,2072,,88381
ABW,2073,,87952
ABW,2074,,87525
ABW,2075,,87095
ABW,2076,,86673
ABW,2077,,86244
ABW,2078,,85805
ABW,2079,,85378
ABW,2080,,84947
ABW,2081,,84508
ABW,2082,,84065
ABW,2083,,83613
ABW,2084,,83148
ABW,2085,,82674
ABW,2086,,82207
ABW,2087,,81736
ABW,2088,,81249
ABW,2089,,80762
ABW,2090,,80269
ABW,2091,,79765
ABW,2092,,79267
ABW,2093,,78753
ABW,2094,,78245
ABW,2095,,77731
ABW,2096,,77215
ABW,2097,,76698
ABW,2098,,76189
ABW,2099,,75678
ABW,2100,,75189
,1950,1368075411,
,1951,1394810956,
,1952,1424440993,
,1953,1456150769,
,1954,1488943455,
,1955,1523680036,
,1956,1558805654,
,1957,1595227782,
,1958,1632429828,
,1959,1665271772,
,1960,1692348930,
,1961,1718751817,
,1962,1753920101,
,1963,1799912164,
,1964,1848054064,
,1965,1894647597,
,1966,1940809591,
,1967,1986937257,
,1968,2035404651,
,1969,2086069575,
,1970,2137559042,
,1971,2188326583,
,1972,2238486510,
,1973,2289518335,
,1974,2340061173,
,1975,2389170028,
,1976,2437129374,
,1977,2484896145,
,1978,2532509772,
,1979,2581432942,
,1980,2632326520,
,1981,2684687839,
,1982,2739365885,
,1983,2794764048,
,1984,2850199048,
,1985,2906963741,
,1986,2965641178,
,1987,3026396336,
,1988,3087409013,
,1989,3148471019,
,1990,3209882606,
,1991,3269006370,
,1992,3325622560,
,1993,3380865845,
,1994,3434524761,
,1995,3487680501,
,1996,3540729987,
,1997,3593265317,
,1998,3645256153,
,1999,3696551715,
,2000,3747780310,
,2001,3798918119,
,2002,3848340930,
,2003,3896798913,
,2004,3945396132,
,2005,3993926580,
,2006,4042825703,
,2007,4091636908,
,2008,4140358383,
,2009,4189938668,
,2010,4239822664,
,2011,4289496399,
,2012,4339608811,
,2013,4388941156,
,2014,4436946289,
,2015,4483307895,
,2016,4528415184,
,2017,4572478814,
,2018,4613623510,
,2019,4652385287,
,2020,4688113368,
,2021,4718316369,
,2022,4747661026,
,2023,4778004486,
,2024,,4806898011
,2025,,4835320061
,2026,,4863327393
,2027,,4890963059
,2028,,4917843752
,2029,,4943926455
,2030,,4969233390
,2031,,4993723005
,2032,,5017352073
,2033,,5040129153
,2034,,5062015154
,2035,,5082984234
,2036,,5103100907
,2037,,5122349847
,2038,,5140673146
,2039,,5158094357
,2040,,5174593426
,2041,,5190087823
,2042,,5204528688
,2043,,5217954615
,2044,,5230375972
,2045,,5241726793
,2046,,5251949946
,2047,,5260932944
,2048,,5268643448
,2049,,5275145135
,2050,,5280378402
,2051,,5284230203
,2052,,5286754898
,2053,,5288123867
,2054,,5288307731
,2055,,5287300443
,2056,,5285221154
,2057,,5282112969
,2058,,5277983407
,2059,,5272838495
,2060,,5266840001
,2061,,5260047769
,2062,,5252560173
,2063,,5244518564
,2064,,5235886561
,2065,,5226686839
,2066,,5216941568
,2067,,5206602078
,2068,,5195749921
,2069,,5184405355
,2070,,5172528449
,2071,,5160113564
,2072,,5147107942
,2073,,5133579817
,2074,,5119486933
,2075,,5104719774
,2076,,5089367907
,2077,,5073455511
,2078,,5056912462
,2079,,5039867969
,2080,,5022367491
,2081,,5004314228
,2082,,4985789045
,2083,,4966848462
,2084,,4947568671
,2085,,4928012782
,2086,,4908093348
,2087,,4887935828
,2088,,4867641584
,2089,,4847151753
,2090,,4826503633
,2091,,4805756134
,2092,,4784907331
,2093,,4763909134
,2094,,4742729610
,2095,,4721401903
,2096,,4699926199
,2097,,4678293688
,2098,,4656524087
,2099,,4634655672
,2100,,4612667566
AUS,1950,8176751,
AUS,1951,8418616,
AUS,1952,8630707,
AUS,1953,8816085,
AUS,1954,8999384,
AUS,1955,9205189,
AUS,1956,9424660,
AUS,1957,9638773,
AUS,1958,9847636,
AUS,1959,10060033,
AUS,1960,10280815,
AUS,1961,10500441,
AUS,1962,10707235,
AUS,1963,10913270,
AUS,1964,11128257,
AUS,1965,11357479,
AUS,1966,11592485,
AUS,1967,11810521,
AUS,1968,12030009,
AUS,1969,12272387,
AUS,1970,12599414,
AUS,1971,12997963,
AUS,1972,13304897,
AUS,1973,13518689,
AUS,1974,13719499,
AUS,1975,13893988,
AUS,1976,14046758,
AUS,1977,14203511,
AUS,1978,14367099,
AUS,1979,14533034,
AUS,1980,14721345,
AUS,1981,14949210,
AUS,1982,15192484,
AUS,1983,15414891,
AUS,1984,15620653,
AUS,1985,15835743,
AUS,1986,16069631,
AUS,1987,16322272,
AUS,1988,16594104,
AUS,1989,16869362,
AUS,1990,17126304,
AUS,1991,17353191,
AUS,1992,17549286,
AUS,1993,17722905,
AUS,1994,17897433,
AUS,1995,18095340,
AUS,1996,18305305,
AUS,1997,18504911,
AUS,1998,18701710,
AUS,1999,18909980,
AUS,2000,19132472,
AUS,2001,19365438,
AUS,2002,19595356,
AUS,2003,19819449,
AUS,2004,20046679,
AUS,2005,20294490,
AUS,2006,20590566,
AUS,2007,20954545,
AUS,2008,21370595,
AUS,2009,21783014,
AUS,2010,22141583,
AUS,2011,22479779,
AUS,2012,22852648,
AUS,2013,23236271,
AUS,2014,23595599,
AUS,2015,23947997,
AUS,2016,24329963,
AUS,2017,24731044,
AUS,2018,25119700,
AUS,2019,25482714,
AUS,2020,25743787,
AUS,2021,25956417,
AUS,2022,26200987,
AUS,2023,26451126,
AUS,2024,,26713206
AUS,2025,,26974024
AUS,2026,,27227097
AUS,2027,,27474269
AUS,2028,,27718849
AUS,2029,,27956570
AUS,2030,,28188539
AUS,2031,,28417797
AUS,2032,,28641916
AUS,2033,,28861608
AUS,2034,,29078997
AUS,2035,,29296170
AUS,2036,,29513614
AUS,2037,,29726633
AUS,2038,,29938045
AUS,2039,,30148424
AUS,2040,,30357454
AUS,2041,,30570274
AUS,2042,,30786333
AUS,2043,,31002217
AUS,2044,,31216096
AUS,2045,,31431129
AUS,2046,,31650482
AUS,2047,,31866218
AUS,2048,,32081619
AUS,2049,,32297181
AUS,2050,,32506964
AUS,2051,,32716088
AUS,2052,,32921912
AUS,2053,,33125568
AUS,2054,,33331255
AUS,2055,,33539311
AUS,2056,,33745347
AUS,2057,,33949051
AUS,2058,,34156817
AUS,2059,,34362634
AUS,2060,,34562678
AUS,2061,,34764692
AUS,2062,,34969209
AUS,2063,,35175463
AUS,2064,,35377573
AUS,2065,,35577434
AUS,2066,,35784847
AUS,2067,,35997271
AUS,2068,,36211017
AUS,2069,,36424697
AUS,2070,,36635120
AUS,2071,,36839673
AUS,2072,,37041405
AUS,2073,,37245063
AUS,2074,,37451849
AUS,2075,,37659590
AUS,2076,,37865663
AUS,2077,,38073797
AUS,2078,,38284003
AUS,2079,,38492852
AUS,2080,,38700844
AUS,2081,,38913378
AUS,2082,,39127226
AUS,2083,,39341143
AUS,2084,,39552738
AUS,2085,,39759316
AUS,2086,,39970338
AUS,2087,,40188441
AUS,2088,,40416299
AUS,2089,,40646492
AUS,2090,,40876703
AUS,2091,,41111413
AUS,2092,,41344704
AUS,2093,,41574724
AUS,2094,,41797137
AUS,2095,,42016473
AUS,2096,,42243354
AUS,2097,,42477126
AUS,2098,,42706740
AUS,2099,,42926634
AUS,2100,,43143685
AUT,1950,6936455,
AUT,1951,6930487,
AUT,1952,6927254,
AUT,1953,6932083,
AUT,1954,6939893,
AUT,1955,6946659,
AUT,1956,6952266,
AUT,1957,6965838,
AUT,1958,6987345,
AUT,1959,7014270,
AUT,1960,7047274,
AUT,1961,7086060,
AUT,1962,7129581,
AUT,1963,7175502,
AUT,1964,7223392,
AUT,1965,7270413,
AUT,1966,7321524,
AUT,1967,7376293,
AUT,1968,7414627,
AUT,1969,7440306,
AUT,1970,7466320,
AUT,1971,7499635,
AUT,1972,7543263,
AUT,1973,7585107,
AUT,1974,7597963,
AUT,1975,7577833,
AUT,1976,7564457,
AUT,1977,7567332,
AUT,1978,7561203,
AUT,1979,7548345,
AUT,1980,7548407,
AUT,1981,7567550,
AUT,1982,7573078,
AUT,1983,7561166,
AUT,1984,7560715,
AUT,1985,7564310,
AUT,1986,7569397,
AUT,1987,7574314,
AUT,1988,7585346,
AUT,1989,7620405,
AUT,1990,7679627,
AUT,1991,7757140,
AUT,1992,7842715,
AUT,1993,7907492,
AUT,1994,7938157,
AUT,1995,7950322,
AUT,1996,7960917,
AUT,1997,7969804,
AUT,1998,7978465,
AUT,1999,7993894,
AUT,2000,8012929,
AUT,2001,8042233,
AUT,2002,8081640,
AUT,2003,8122604,
AUT,2004,8173496,
AUT,2005,8229204,
AUT,2006,8269901,
AUT,2007,8296948,
AUT,2008,8323250,
AUT,2009,8345073,
AUT,2010,8365087,
AUT,2011,8393272,
AUT,2012,8431599,
AUT,2013,8481411,
AUT,2014,8547812,
AUT,2015,8644037,
AUT,2016,8737920,
AUT,2017,8798779,
AUT,2018,8841653,
AUT,2019,8880876,
AUT,2020,8921402,
AUT,2021,8967053,
AUT,2022,9064678,
AUT,2023,9130434,
AUT,2024,,9120815
AUT,2025,,9113578
AUT,2026,,9107265
AUT,2027,,9101492
AUT,2028,,9096273
AUT,2029,,9089766
AUT,2030,,9080344
AUT,2031,,9069085
AUT,2032,,9056502
AUT,2033,,9043483
AUT,2034,,9029410
AUT,2035,,9014206
AUT,2036,,8999243
AUT,2037,,8982694
AUT,2038,,8966408
AUT,2039,,8950784
AUT,2040,,8934065
AUT,2041,,8917554
AUT,2042,,8900670
AUT,2043,,8883179
AUT,2044,,8864499
AUT,2045,,8844732
AUT,2046,,8824206
AUT,2047,,8801905
AUT,2048,,8777843
AUT,2049,,8751755
AUT,2050,,8724335
AUT,2051,,8696688
AUT,2052,,8667917
AUT,2053,,8636703
AUT,2054,,8603889
AUT,2055,,8570632
AUT,2056,,8537009
AUT,2057,,8501897
AUT,2058,,8465820
AUT,2059,,8430066
AUT,2060,,8394697
AUT,2061,,8360106
AUT,2062,,8325616
AUT,2063,,8291171
AUT,2064,,8258214
AUT,2065,,8225770
AUT,2066,,8193042
AUT,2067,,8161529
AUT,2068,,8131306
AUT,2069,,8101561
AUT,2070,,8072755
AUT,2071,,8045280
AUT,2072,,8017716
AUT,2073,,7990446
AUT,2074,,7963622
AUT,2075,,7937312
AUT,2076,,7911659
AUT,2077,,7884736
AUT,2078,,7857199
AUT,2079,,7830803
AUT,2080,,7805755
AUT,2081,,7781116
AUT,2082,,7755987
AUT,2083,,7730749
AUT,2084,,7705352
AUT,2085,,7680366
AUT,2086,,7656849
AUT,2087,,7634723
AUT,2088,,7612694
AUT,2089,,7590338
AUT,2090,,7569183
AUT,2091,,7549436
AUT,2092,,7530929
AUT,2093,,7513397
AUT,2094,,7496580
AUT,2095,,7479872
AUT,2096,,7462944
AUT,2097,,7446096
AUT,2098,,7429820
AUT,2099,,7414450
AUT,2100,,7399337
AZE,1950,3131979,
AZE,1951,3187157,
AZE,1952,3247007,
AZE,1953,3312610,
AZE,1954,3384707,
AZE,1955,3464090,
AZE,1956,3551389,
AZE,1957,3646865,
AZE,1958,3750701,
AZE,1959,3862828,
AZE,1960,3982711,
AZE,1961,4108981,
AZE,1962,4239411,
AZE,1963,4372047,
AZE,1964,4503659,
AZE,1965,4630315,
AZE,1966,4751910,
AZE,1967,4867309,
AZE,1968,4976488,
AZE,1969,5081769,
AZE,1970,5183827,
AZE,1971,5283502,
AZE,1972,5380920,
AZE,1973,5476614,
AZE,1974,5572229,
AZE,1975,5669260,
AZE,1976,5791042,
AZE,1977,5937643,
AZE,1978,6075081,
AZE,1979,6187137,
AZE,1980,6284707,
AZE,1981,6385607,
AZE,1982,6491433,
AZE,1983,6602330,
AZE,1984,6706289,
AZE,1985,6799823,
AZE,1986,6891349,
AZE,1987,6977658,
AZE,1988,7081404,
AZE,1989,7167583,
AZE,1990,7231084,
AZE,1991,7314317,
AZE,1992,7405781,
AZE,1993,7504119,
AZE,1994,7608894,
AZE,1995,7719283,
AZE,1996,7830981,
AZE,1997,7936220,
AZE,1998,8025808,
AZE,1999,8100472,
AZE,2000,8174784,
AZE,2001,8251776,
AZE,2002,8326141,
AZE,2003,8400528,
AZE,2004,8489874,
AZE,2005,8597248,
AZE,2006,8711380,
AZE,2007,8828313,
AZE,2008,8942637,
AZE,2009,9046336,
AZE,2010,9146852,
AZE,2011,9256156,
AZE,2012,9376179,
AZE,2013,9504417,
AZE,2014,9631136,
AZE,2015,9752859,
AZE,2016,9868434,
AZE,2017,9968510,
AZE,2018,10039782,
AZE,2019,10110483,
AZE,2020,10181736,
AZE,2021,10234372,
AZE,2022,10295307,
AZE,2023,10318209,
AZE,2024,,10336577
AZE,2025,,10397712
AZE,2026,,10454854
AZE,2027,,10509426
AZE,2028,,10562599
AZE,2029,,10614756
AZE,2030,,10665383
AZE,2031,,10714635
AZE,2032,,10762931
AZE,2033,,10809815
AZE,2034,,10855009
AZE,2035,,10898667
AZE,2036,,10940352
AZE,2037,,10979739
AZE,2038,,11016357
AZE,2039,,11050287
AZE,2040,,11081342
AZE,2041,,11108923
AZE,2042,,11133346
AZE,2043,,11154829
AZE,2044,,11173133
AZE,2045,,11188805
AZE,2046,,11201690
AZE,2047,,11211754
AZE,2048,,11219462
AZE,2049,,11223545
AZE,2050,,11224921
AZE,2051,,11224454
AZE,2052,,11221890
AZE,2053,,11217139
AZE,2054,,11210468
AZE,2055,,11201975
AZE,2056,,11191299
AZE,2057,,11178772
AZE,2058,,11165390
AZE,2059,,11151250
AZE,2060,,11135565
AZE,2061,,11118796
AZE,2062,,11101945
AZE,2063,,11084950
AZE,2064,,11067068
AZE,2065,,11047935
AZE,2066,,11027887
AZE,2067,,11006876
AZE,2068,,10984627
AZE,2069,,10961640
AZE,2070,,10937189
AZE,2071,,10911248
AZE,2072,,10884509
AZE,2073,,10856739
AZE,2074,,10828365
AZE,2075,,10799160
AZE,2076,,10769240
AZE,2077,,10738948
AZE,2078,,10708241
AZE,2079,,10676978
AZE,2080,,10644861
AZE,2081,,10612558
AZE,2082,,10580464
AZE,2083,,10548990
AZE,2084,,10517857
AZE,2085,,10486657
AZE,2086,,10455852
AZE,2087,,10425359
AZE,2088,,10395108
AZE,2089,,10365193
AZE,2090,,10335113
AZE,2091,,10305146
AZE,2092,,10275344
AZE,2093,,10245240
AZE,2094,,10214734
AZE,2095,,10183693
AZE,2096,,10152434
AZE,2097,,10120836
AZE,2098,,10088349
AZE,2099,,10055169
AZE,2100,,10021317
BHS,1950,83505,
BHS,1951,84603,
BHS,1952,86175,
BHS,1953,88255,
BHS,1954,90840,
BHS,1955,93933,
BHS,1956,97520,
BHS,1957,101549,
BHS,1958,106007,
BHS,1959,110929,
BHS,1960,116328,
BHS,1961,122211,
BHS,1962,128507,
BHS,1963,135099,
BHS,1964,141538,
BHS,1965,147969,
BHS,1966,154884,
BHS,1967,162279,
BHS,1968,170102,
BHS,1969,177993,
BHS,1970,184995,
BHS,1971,190869,
BHS,1972,196060,
BHS,1973,200800,
BHS,1974,205357,
BHS,1975,209897,
BHS,1976,214517,
BHS,1977,219169,
BHS,1978,223770,
BHS,1979,228244,
BHS,1980,232540,
BHS,1981,236626,
BHS,1982,240624,
BHS,1983,244718,
BHS,1984,248879,
BHS,1985,253169,
BHS,1986,257547,
BHS,1987,261947,
BHS,1988,266457,
BHS,1989,271187,
BHS,1990,275954,
BHS,1991,280745,
BHS,1992,285938,
BHS,1993,291350,
BHS,1994,296519,
BHS,1995,301471,
BHS,1996,306281,
BHS,1997,310914,
BHS,1998,315376,
BHS,1999,319623,
BHS,2000,323846,
BHS,2001,327847,
BHS,2002,331625,
BHS,2003,335625,
BHS,2004,339794,
BHS,2005,343905,
BHS,2006,348386,
BHS,2007,353343,
BHS,2008,358133,
BHS,2009,362806,
BHS,2010,367482,
BHS,2011,371738,
BHS,2012,375474,
BHS,2013,378957,
BHS,2014,382312,
BHS,2015,385355,
BHS,2016,388060,
BHS,2017,390496,
BHS,2018,392718,
BHS,2019,394684,
BHS,2020,395874,
BHS,2021,396381,
BHS,2022,397542,
BHS,2023,399452,
BHS,2024,,401282
BHS,2025,,403040
BHS,2026,,404634
BHS,2027,,406125
BHS,2028,,407559
BHS,2029,,408949
BHS,2030,,410267
BHS,2031,,411542
BHS,2032,,412723
BHS,2033,,413845
BHS,2034,,414940
BHS,2035,,415981
BHS,2036,,416937
BHS,2037,,417845
BHS,2038,,418751
BHS,2039,,419594
BHS,2040,,420346
BHS,2041,,421077
BHS,2042,,421745
BHS,2043,,422342
BHS,2044,,422827
BHS,2045,,423267
BHS,2046,,423678
BHS,2047,,423950
BHS,2048,,424122
BHS,2049,,424249
BHS,2050,,424272
BHS,2051,,424206
BHS,2052,,424103
BHS,2053,,423945
BHS,2054,,423732
BHS,2055,,423442
BHS,2056,,423130
BHS,2057,,422788
BHS,2058,,422449
BHS,2059,,421987
BHS,2060,,421467
BHS,2061,,420955
BHS,2062,,420415
BHS,2063,,419829
BHS,2064,,419208
BHS,2065,,418563
BHS,2066,,417876
BHS,2067,,417177
BHS,2068,,416418
BHS,2069,,415661
BHS,2070,,414933
BHS,2071,,414156
BHS,2072,,413283
BHS,2073,,412344
BHS,2074,,411442
BHS,2075,,410593
BHS,2076,,409693
BHS,2077,,408771
BHS,2078,,407856
BHS,2079,,406924
BHS,2080,,405972
BHS,2081,,405010
BHS,2082,,404017
BHS,2083,,402958
BHS,2084,,401856
BHS,2085,,400750
BHS,2086,,399630
BHS,2087,,398473
BHS,2088,,397310
BHS,2089,,396171
BHS,2090,,395056
BHS,2091,,393967
BHS,2092,,392898
BHS,2093,,391864
BHS,2094,,390842
BHS,2095,,389799
BHS,2096,,388777
BHS,2097,,387830
BHS,2098,,386883
BHS,2099,,385924
BHS,2100,,384960
BHR,1950,117275,
BHR,1951,120764,
BHR,1952,124466,
BHR,1953,128386,
BHR,1954,132575,
BHR,1955,137080,
BHR,1956,141931,
BHR,1957,147163,
BHR,1958,152823,
BHR,1959,158935,
BHR,1960,165490,
BHR,1961,172358,
BHR,1962,179361,
BHR,1963,186512,
BHR,1964,193830,
BHR,1965,200877,
BHR,1966,207550,
BHR,1967,214198,
BHR,1968,219347,
BHR,1969,222480,
BHR,1970,224817,
BHR,1971,230744,
BHR,1972,242129,
BHR,1973,255334,
BHR,1974,269047,
BHR,1975,283251,
BHR,1976,297871,
BHR,1977,312825,
BHR,1978,328059,
BHR,1979,343461,
BHR,1980,358990,
BHR,1981,373534,
BHR,1982,386992,
BHR,1983,400721,
BHR,1984,415164,
BHR,1985,430365,
BHR,1986,446290,
BHR,1987,462862,
BHR,1988,479931,
BHR,1989,497329,
BHR,1990,514799,
BHR,1991,531883,
BHR,1992,547753,
BHR,1993,562820,
BHR,1994,577960,
BHR,1995,593230,
BHR,1996,608593,
BHR,1997,624019,
BHR,1998,639391,
BHR,1999,654622,
BHR,2000,669589,
BHR,2001,699964,
BHR,2002,752205,
BHR,2003,811276,
BHR,2004,871446,
BHR,2005,932618,
BHR,2006,994626,
BHR,2007,1057419,
BHR,2008,1120718,
BHR,2009,1183616,
BHR,2010,1213248,
BHR,2011,1206733,
BHR,2012,1216307,
BHR,2013,1257206,
BHR,2014,1312857,
BHR,2015,1369656,
BHR,2016,1429609,
BHR,2017,1482003,
BHR,2018,1497634,
BHR,2019,1485675,
BHR,2020,1483081,
BHR,2021,1501762,
BHR,2022,1533460,
BHR,2023,1569674,
BHR,2024,,1607059
BHR,2025,,1643338
BHR,2026,,1675573
BHR,2027,,1703184
BHR,2028,,1726512
BHR,2029,,1746859
BHR,2030,,1765214
BHR,2031,,1783166
BHR,2032,,1801270
BHR,2033,,1819530
BHR,2034,,1837954
BHR,2035,,1856538
BHR,2036,,1875283
BHR,2037,,1894143
BHR,2038,,1913109
BHR,2039,,1932138
BHR,2040,,1951237
BHR,2041,,1970374
BHR,2042,,1989491
BHR,2043,,2008563
BHR,2044,,2027569
BHR,2045,,2046477
BHR,2046,,2065262
BHR,2047,,2083944
BHR,2048,,2102514
BHR,2049,,2121014
BHR,2050,,2139472
BHR,2051,,2157872
BHR,2052,,2176254
BHR,2053,,2194615
BHR,2054,,2212964
BHR,2055,,2231292
BHR,2056,,2249623
BHR,2057,,2267974
BHR,2058,,2286391
BHR,2059,,2304899
BHR,2060,,2323454
BHR,2061,,2342089
BHR,2062,,2360814
BHR,2063,,2379644
BHR,2064,,2398571
BHR,2065,,2417526
BHR,2066,,2436545
BHR,2067,,2455645
BHR,2068,,2474773
BHR,2069,,2493900
BHR,2070,,2513020
BHR,2071,,2532135
BHR,2072,,2551262
BHR,2073,,2570343
BHR,2074,,2589419
BHR,2075,,2608446
BHR,2076,,2627407
BHR,2077,,2646361
BHR,2078,,2665303
BHR,2079,,2684236
BHR,2080,,2703179
BHR,2081,,2722151
BHR,2082,,2741163
BHR,2083,,2760203
BHR,2084,,2779263
BHR,2085,,2798335
BHR,2086,,2817449
BHR,2087,,2836566
BHR,2088,,2855764
BHR,2089,,2875013
BHR,2090,,2894321
BHR,2091,,2913725
BHR,2092,,2933176
BHR,2093,,2952680
BHR,2094,,2972217
BHR,2095,,2991815
BHR,2096,,3011433
BHR,2097,,3031114
BHR,2098,,3050841
BHR,2099,,3070576
BHR,2100,,3090323
BGD,1950,41206857,
BGD,1951,42022311,
BGD,1952,42893013,
BGD,1953,43791390,
BGD,1954,44741299,
BGD,1955,45767686,
BGD,1956,46854418,
BGD,1957,48004664,
BGD,1958,49184052,
BGD,1959,50441766,
BGD,1960,51828663,
BGD,1961,53310344,
BGD,1962,54881154,
BGD,1963,56504406,
BGD,1964,58178372,
BGD,1965,59902522,
BGD,1966,61669811,
BGD,1967,63510933,
BGD,1968,65408278,
BGD,1969,67294130,
BGD,1970,69058898,
BGD,1971,70276757,
BGD,1972,71641525,
BGD,1973,73722297,
BGD,1974,75839352,
BGD,1975,77854352,
BGD,1976,79855318,
BGD,1977,81867267,
BGD,1978,83889660,
BGD,1979,85935070,
BGD,1980,88016435,
BGD,1981,90303104,
BGD,1982,92814506,
BGD,1983,95335162,
BGD,1984,97814965,
BGD,1985,100253825,
BGD,1986,102635569,
BGD,1987,104959291,
BGD,1988,107216011,
BGD,1989,109433805,
BGD,1990,111633722,
BGD,1991,113787112,
BGD,1992,115952198,
BGD,1993,118132363,
BGD,1994,120343183,
BGD,1995,122600372,
BGD,1996,124862185,
BGD,1997,127198070,
BGD,1998,129622332,
BGD,1999,132108065,
BGD,2000,134544303,
BGD,2001,136805810,
BGD,2002,138933659,
BGD,2003,140970355,
BGD,2004,142902857,
BGD,2005,144715789,
BGD,2006,146405983,
BGD,2007,147989282,
BGD,2008,149474264,
BGD,2009,150873716,
BGD,2010,152201978,
BGD,2011,153591074,
BGD,2012,155070110,
BGD,2013,156532134,
BGD,2014,157964931,
BGD,2015,159383179,
BGD,2016,160811934,
BGD,2017,162186146,
BGD,2018,163523109,
BGD,2019,164913060,
BGD,2020,166298024,
BGD,2021,167658855,
BGD,2022,169384891,
BGD,2023,171466986,
BGD,2024,,173562366
BGD,2025,,175686904
BGD,2026,,177818039
BGD,2027,,179930175
BGD,2028,,182014770
BGD,2029,,184064620
BGD,2030,,186072401
BGD,2031,,188025197
BGD,2032,,189904570
BGD,2033,,191717185
BGD,2034,,193461166
BGD,2035,,195130370
BGD,2036,,196740579
BGD,2037,,198288199
BGD,2038,,199776954
BGD,2039,,201208774
BGD,2040,,202589427
BGD,2041,,203939084
BGD,2042,,205259489
BGD,2043,,206545481
BGD,2044,,207801053
BGD,2045,,209029596
BGD,2046,,210231187
BGD,2047,,211402171
BGD,2048,,212537929
BGD,2049,,213638539
BGD,2050,,214709097
BGD,2051,,215750557
BGD,2052,,216751162
BGD,2053,,217708533
BGD,2054,,218621851
BGD,2055,,219497454
BGD,2056,,220331178
BGD,2057,,221117323
BGD,2058,,221856047
BGD,2059,,222532398
BGD,2060,,223149353
BGD,2061,,223712341
BGD,2062,,224214830
BGD,2063,,224655227
BGD,2064,,225032675
BGD,2065,,225351998
BGD,2066,,225618885
BGD,2067,,225829712
BGD,2068,,225982509
BGD,2069,,226078163
BGD,2070,,226125803
BGD,2071,,226129886
BGD,2072,,226087242
BGD,2073,,225993848
BGD,2074,,225856196
BGD,2075,,225676966
BGD,2076,,225447129
BGD,2077,,225166040
BGD,2078,,224849224
BGD,2079,,224489422
BGD,2080,,224081202
BGD,2081,,223633232
BGD,2082,,223153947
BGD,2083,,222646487
BGD,2084,,222104938
BGD,2085,,221529992
BGD,2086,,220909876
BGD,2087,,220249672
BGD,2088,,219555050
BGD,2089,,218822222
BGD,2090,,218048098
BGD,2091,,217237471
BGD,2092,,216389236
BGD,2093,,215502989
BGD,2094,,214584169
BGD,2095,,213637773
BGD,2096,,212673363
BGD,2097,,211687521
BGD,2098,,210676520
BGD,2099,,209642384
BGD,2100,,208596514
BRB,1950,209928,
BRB,1951,213410,
BRB,1952,216517,
BRB,1953,219244,
BRB,1954,221568,
BRB,1955,223296,
BRB,1956,224519,
BRB,1957,225803,
BRB,1958,227266,
BRB,1959,228789,
BRB,1960,230901,
BRB,1961,233155,
BRB,1962,235236,
BRB,1963,237566,
BRB,1964,239969,
BRB,1965,242421,
BRB,1966,245010,
BRB,1967,247099,
BRB,1968,248554,
BRB,1969,249447,
BRB,1970,249398,
BRB,1971,249177,
BRB,1972,249666,
BRB,1973,250330,
BRB,1974,250786,
BRB,1975,251188,
BRB,1976,251454,
BRB,1977,251630,
BRB,1978,251566,
BRB,1979,251277,
BRB,1980,251533,
BRB,1981,252274,
BRB,1982,253098,
BRB,1983,253993,
BRB,1984,254930,
BRB,1985,255831,
BRB,1986,256628,
BRB,1987,257288,
BRB,1988,257768,
BRB,1989,258113,
BRB,1990,258583,
BRB,1991,259382,
BRB,1992,260272,
BRB,1993,261036,
BRB,1994,261625,
BRB,1995,262046,
BRB,1996,262290,
BRB,1997,262405,
BRB,1998,262434,
BRB,1999,262521,
BRB,2000,262071,
BRB,2001,262429,
BRB,2002,264155,
BRB,2003,265789,
BRB,2004,267297,
BRB,2005,268717,
BRB,2006,270011,
BRB,2007,271298,
BRB,2008,272719,
BRB,2009,274137,
BRB,2010,275251,
BRB,2011,276150,
BRB,2012,276949,
BRB,2013,277669,
BRB,2014,278355,
BRB,2015,278999,
BRB,2016,279604,
BRB,2017,280177,
BRB,2018,280719,
BRB,2019,281216,
BRB,2020,281706,
BRB,2021,282157,
BRB,2022,282324,
BRB,2023,282347,
BRB,2024,,282476
BRB,2025,,282628
BRB,2026,,282728
BRB,2027,,282789
BRB,2028,,282801
BRB,2029,,282699
BRB,2030,,282496
BRB,2031,,282212
BRB,2032,,281854
BRB,2033,,281411
BRB,2034,,280913
BRB,2035,,280353
BRB,2036,,279706
BRB,2037,,278971
BRB,2038,,278156
BRB,2039,,277285
BRB,2040,,276354
BRB,2041,,275360
BRB,2042,,274302
BRB,2043,,273154
BRB,2044,,271963
BRB,2045,,270782
BRB,2046,,269542
BRB,2047,,268233
BRB,2048,,266896
BRB,2049,,265557
BRB,2050,,264225
BRB,2051,,262877
BRB,2052,,261522
BRB,2053,,260194
BRB,2054,,258870
BRB,2055,,257527
BRB,2056,,256184
BRB,2057,,254868
BRB,2058,,253557
BRB,2059,,252227
BRB,2060,,250884
BRB,2061,,249518
BRB,2062,,248165
BRB,2063,,246796
BRB,2064,,245440
BRB,2065,,244094
BRB,2066,,242745
BRB,2067,,241389
BRB,2068,,240021
BRB,2069,,238659
BRB,2070,,237290
BRB,2071,,235937
BRB,2072,,234611
BRB,2073,,233254
BRB,2074,,231876
BRB,2075,,230497
BRB,2076,,229094
BRB,2077,,227665
BRB,2078,,226249
BRB,2079,,224828
BRB,2080,,223396
BRB,2081,,221969
BRB,2082,,220527
BRB,2083,,219097
BRB,2084,,217655
BRB,2085,,216204
BRB,2086,,214747
BRB,2087,,213301
BRB,2088,,211867
BRB,2089,,210448
BRB,2090,,208995
BRB,2091,,207536
BRB,2092,,206065
BRB,2093,,204611
BRB,2094,,203157
BRB,2095,,201727
BRB,2096,,200303
BRB,2097,,198898
BRB,2098,,197494
BRB,2099,,196092
BRB,2100,,194711
BLR,1950,7127595,
BLR,1951,7189431,
BLR,1952,7264611,
BLR,1953,7350643,
BLR,1954,7448883,
BLR,1955,7560678,
BLR,1956,7682876,
BLR,1957,7811337,
BLR,1958,7944094,
BLR,1959,8081319,
BLR,1960,8208003,
BLR,1961,8320428,
BLR,1962,8424480,
BLR,1963,8517706,
BLR,1964,8602840,
BLR,1965,8679938,
BLR,1966,8752970,
BLR,1967,8823252,
BLR,1968,8891333,
BLR,1969,8954603,
BLR,1970,9014901,
BLR,1971,9079747,
BLR,1972,9144638,
BLR,1973,9205707,
BLR,1974,9265673,
BLR,1975,9324290,
BLR,1976,9380093,
BLR,1977,9434946,
BLR,1978,9485806,
BLR,1979,9537697,
BLR,1980,9603173,
BLR,1981,9678048,
BLR,1982,9748285,
BLR,1983,9815555,
BLR,1984,9881698,
BLR,1985,9944184,
BLR,1986,10004289,
BLR,1987,10057608,
BLR,1988,10107636,
BLR,1989,10158779,
BLR,1990,10186258,
BLR,1991,10193889,
BLR,1992,10217561,
BLR,1993,10241320,
BLR,1994,10230193,
BLR,1995,10197466,
BLR,1996,10164025,
BLR,1997,10122365,
BLR,1998,10080579,
BLR,1999,10039221,
BLR,2000,9991310,
BLR,2001,9938068,
BLR,2002,9873451,
BLR,2003,9803175,
BLR,2004,9735089,
BLR,2005,9667833,
BLR,2006,9608041,
BLR,2007,9563135,
BLR,2008,9529357,
BLR,2009,9507334,
BLR,2010,9490752,
BLR,2011,9472738,
BLR,2012,9463075,
BLR,2013,9464454,
BLR,2014,9472704,
BLR,2015,9487289,
BLR,2016,9499066,
BLR,2017,9495793,
BLR,2018,9480031,
BLR,2019,9435415,
BLR,2020,9350943,
BLR,2021,9251368,
BLR,2022,9173240,
BLR,2023,9115679,
BLR,2024,,9056696
BLR,2025,,8997601
BLR,2026,,8937018
BLR,2027,,8875630
BLR,2028,,8813868
BLR,2029,,8751056
BLR,2030,,8687631
BLR,2031,,8624462
BLR,2032,,8561292
BLR,2033,,8497927
BLR,2034,,8434839
BLR,2035,,8372269
BLR,2036,,8310226
BLR,2037,,8248676
BLR,2038,,8187277
BLR,2039,,8125768
BLR,2040,,8064471
BLR,2041,,8003446
BLR,2042,,7943010
BLR,2043,,7883219
BLR,2044,,7823424
BLR,2045,,7763465
BLR,2046,,7703318
BLR,2047,,7642600
BLR,2048,,7580623
BLR,2049,,7517481
BLR,2050,,7453542
BLR,2051,,7388571
BLR,2052,,7322187
BLR,2053,,7254283
BLR,2054,,7185163
BLR,2055,,7114778
BLR,2056,,7043344
BLR,2057,,6971340
BLR,2058,,6899072
BLR,2059,,6826541
BLR,2060,,6753791
BLR,2061,,6681195
BLR,2062,,6608841
BLR,2063,,6536557
BLR,2064,,6464527
BLR,2065,,6392852
BLR,2066,,6321654
BLR,2067,,6251086
BLR,2068,,6181418
BLR,2069,,6112590
BLR,2070,,6044485
BLR,2071,,5977047
BLR,2072,,5910452
BLR,2073,,5844722
BLR,2074,,5779796
BLR,2075,,5715779
BLR,2076,,5652580
BLR,2077,,5590069
BLR,2078,,5528397
BLR,2079,,5467668
BLR,2080,,5407684
BLR,2081,,5348625
BLR,2082,,5290581
BLR,2083,,5233517
BLR,2084,,5177398
BLR,2085,,5122141
BLR,2086,,5067765
BLR,2087,,5014231
BLR,2088,,4961453
BLR,2089,,4909295
BLR,2090,,4857563
BLR,2091,,4806303
BLR,2092,,4755350
BLR,2093,,4704490
BLR,2094,,4653759
BLR,2095,,4603207
BLR,2096,,4552798
BLR,2097,,4502444
BLR,2098,,4452013
BLR,2099,,4401462
BLR,2100,,4350961
BEL,1950,8617442,
BEL,1951,8655755,
BEL,1952,8696639,
BEL,1953,8741858,
BEL,1954,8788383,
BEL,1955,8835492,
BEL,1956,8882161,
BEL,1957,8931862,
BEL,1958,8986120,
BEL,1959,9045745,
BEL,1960,9102172,
BEL,1961,9158208,
BEL,1962,9217669,
BEL,1963,9275198,
BEL,1964,9337681,
BEL,1965,9399851,
BEL,1966,9455000,
BEL,1967,9505919,
BEL,1968,9549702,
BEL,1969,9589190,
BEL,1970,9630508,
BEL,1971,9666524,
BEL,1972,9694853,
BEL,1973,9718032,
BEL,1974,9735809,
BEL,1975,9748472,
BEL,1976,9758905,
BEL,1977,9774018,
BEL,1978,9791812,
BEL,1979,9811367,
BEL,1980,9833093,
BEL,1981,9850674,
BEL,1982,9862329,
BEL,1983,9869136,
BEL,1984,9874586,
BEL,1985,9880338,
BEL,1986,9886981,
BEL,1987,9899150,
BEL,1988,9916566,
BEL,1989,9936575,
BEL,1990,9960968,
BEL,1991,9998962,
BEL,1992,10045988,
BEL,1993,10084932,
BEL,1994,10116005,
BEL,1995,10137264,
BEL,1996,10156972,
BEL,1997,10181465,
BEL,1998,10203185,
BEL,1999,10226681,
BEL,2000,10251719,
BEL,2001,10287005,
BEL,2002,10332975,
BEL,2003,10376262,
BEL,2004,10421298,
BEL,2005,10478883,
BEL,2006,10548445,
BEL,2007,10625488,
BEL,2008,10709711,
BEL,2009,10812936,
BEL,2010,10936619,
BEL,2011,11038624,
BEL,2012,11107522,
BEL,2013,11160277,
BEL,2014,11210113,
BEL,2015,11275332,
BEL,2016,11332707,
BEL,2017,11376583,
BEL,2018,11428608,
BEL,2019,11490623,
BEL,2020,11540102,
BEL,2021,11570843,
BEL,2022,11641814,
BEL,2023,11712891,
BEL,2024,,11738761
BEL,2025,,11758601
BEL,2026,,11774647
BEL,2027,,11788643
BEL,2028,,11801625
BEL,2029,,11813659
BEL,2030,,11824139
BEL,2031,,11833012
BEL,2032,,11841126
BEL,2033,,11849240
BEL,2034,,11856868
BEL,2035,,11863581
BEL,2036,,11869957
BEL,2037,,11876533
BEL,2038,,11882908
BEL,2039,,11888112
BEL,2040,,11892204
BEL,2041,,11895957
BEL,2042,,11898972
BEL,2043,,11900654
BEL,2044,,11901549
BEL,2045,,11900982
BEL,2046,,11898554
BEL,2047,,11894557
BEL,2048,,11888628
BEL,2049,,11880653
BEL,2050,,11870903
BEL,2051,,11859002
BEL,2052,,11844316
BEL,2053,,11827232
BEL,2054,,11809035
BEL,2055,,11790124
BEL,2056,,11769787
BEL,2057,,11747800
BEL,2058,,11726486
BEL,2059,,11705882
BEL,2060,,11684662
BEL,2061,,11662417
BEL,2062,,11639830
BEL,2063,,11618141
BEL,2064,,11597062
BEL,2065,,11577022
BEL,2066,,11558128
BEL,2067,,11540444
BEL,2068,,11523334
BEL,2069,,11506722
BEL,2070,,11490792
BEL,2071,,11476217
BEL,2072,,11463028
BEL,2073,,11449957
BEL,2074,,11436979
BEL,2075,,11424659
BEL,2076,,11413128
BEL,2077,,11401156
BEL,2078,,11387793
BEL,2079,,11374349
BEL,2080,,11361050
BEL,2081,,11348176
BEL,2082,,11335100
BEL,2083,,11321442
BEL,2084,,11308000
BEL,2085,,11294425
BEL,2086,,11280644
BEL,2087,,11265956
BEL,2088,,11250777
BEL,2089,,11236090
BEL,2090,,11221813
BEL,2091,,11207571
BEL,2092,,11192505
BEL,2093,,11176898
BEL,2094,,11161122
BEL,2095,,11145150
BEL,2096,,11129652
BEL,2097,,11114017
BEL,2098,,11097064
BEL,2099,,11079071
BEL,2100,,11060849
BLZ,1950,69085,
BLZ,1951,71137,
BLZ,1952,73364,
BLZ,1953,75529,
BLZ,1954,77691,
BLZ,1955,79867,
BLZ,1956,82089,
BLZ,1957,84356,
BLZ,1958,86672,
BLZ,1959,89008,
BLZ,1960,91330,
BLZ,1961,93646,
BLZ,1962,96060,
BLZ,1963,98715,
BLZ,1964,101619,
BLZ,1965,104689,
BLZ,1966,107916,
BLZ,1967,111291,
BLZ,1968,114731,
BLZ,1969,118052,
BLZ,1970,120746,
BLZ,1971,122820,
BLZ,1972,124688,
BLZ,1973,126461,
BLZ,1974,128200,
BLZ,1975,130403,
BLZ,1976,133117,
BLZ,1977,135904,
BLZ,1978,138721,
BLZ,1979,141693,
BLZ,1980,145072,
BLZ,1981,148802,
BLZ,1982,152561,
BLZ,1983,156310,
BLZ,1984,160060,
BLZ,1985,163812,
BLZ,1986,167568,
BLZ,1987,171349,
BLZ,1988,175195,
BLZ,1989,179124,
BLZ,1990,183090,
BLZ,1991,187056,
BLZ,1992,190995,
BLZ,1993,194916,
BLZ,1994,199101,
BLZ,1995,204165,
BLZ,1996,210321,
BLZ,1997,217459,
BLZ,1998,225186,
BLZ,1999,233066,
BLZ,2000,240809,
BLZ,2001,248393,
BLZ,2002,256019,
BLZ,2003,263794,
BLZ,2004,271695,
BLZ,2005,279747,
BLZ,2006,287889,
BLZ,2007,296117,
BLZ,2008,304373,
BLZ,2009,312619,
BLZ,2010,320256,
BLZ,2011,327306,
BLZ,2012,334421,
BLZ,2013,341635,
BLZ,2014,348934,
BLZ,2015,356341,
BLZ,2016,364717,
BLZ,2017,373215,
BLZ,2018,380232,
BLZ,2019,385833,
BLZ,2020,390819,
BLZ,2021,395355,
BLZ,2022,402741,
BLZ,2023,411112,
BLZ,2024,,417077
BLZ,2025,,422927
BLZ,2026,,428658
BLZ,2027,,434220
BLZ,2028,,439595
BLZ,2029,,444800
BLZ,2030,,449852
BLZ,2031,,454739
BLZ,2032,,459525
BLZ,2033,,464208
BLZ,2034,,468784
BLZ,2035,,473131
BLZ,2036,,477238
BLZ,2037,,481166
BLZ,2038,,484885
BLZ,2039,,488343
BLZ,2040,,491601
BLZ,2041,,494734
BLZ,2042,,497703
BLZ,2043,,500521
BLZ,2044,,503180
BLZ,2045,,505699
BLZ,2046,,508124
BLZ,2047,,510431
BLZ,2048,,512664
BLZ,2049,,514729
BLZ,2050,,516628
BLZ,2051,,518394
BLZ,2052,,520003
BLZ,2053,,521465
BLZ,2054,,522733
BLZ,2055,,523900
BLZ,2056,,524908
BLZ,2057,,525785
BLZ,2058,,526535
BLZ,2059,,527149
BLZ,2060,,527581
BLZ,2061,,527825
BLZ,2062,,527963
BLZ,2063,,528022
BLZ,2064,,527939
BLZ,2065,,527705
BLZ,2066,,527323
BLZ,2067,,526793
BLZ,2068,,526051
BLZ,2069,,525095
BLZ,2070,,524075
BLZ,2071,,522896
BLZ,2072,,521543
BLZ,2073,,520053
BLZ,2074,,518404
BLZ,2075,,516667
BLZ,2076,,514816
BLZ,2077,,512738
BLZ,2078,,510502
BLZ,2079,,508234
BLZ,2080,,505899
BLZ,2081,,503488
BLZ,2082,,500974
BLZ,2083,,498330
BLZ,2084,,495634
BLZ,2085,,492907
BLZ,2086,,490147
BLZ,2087,,487266
BLZ,2088,,484304
BLZ,2089,,481376
BLZ,2090,,478431
BLZ,2091,,475412
BLZ,2092,,472379
BLZ,2093,,469335
BLZ,2094,,466240
BLZ,2095,,463100
BLZ,2096,,459950
BLZ,2097,,456827
BLZ,2098,,453702
BLZ,2099,,450560
BLZ,2100,,447380
BEN,1950,2250476,
BEN,1951,2267310,
BEN,1952,2285780,
BEN,1953,2306205,
BEN,1954,2328786,
BEN,1955,2353653,
BEN,1956,2380894,
BEN,1957,2410774,
BEN,1958,2443431,
BEN,1959,2478921,
BEN,1960,2517289,
BEN,1961,2559229,
BEN,1962,2604667,
BEN,1963,2652911,
BEN,1964,2704005,
BEN,1965,2757936,
BEN,1966,2814321,
BEN,1967,2873000,
BEN,1968,2934261,
BEN,1969,2998230,
BEN,1970,3065061,
BEN,1971,3134768,
BEN,1972,3207549,
BEN,1973,3283500,
BEN,1974,3362629,
BEN,1975,3445406,
BEN,1976,3532198,
BEN,1977,3623200,
BEN,1978,3718308,
BEN,1979,3818536,
BEN,1980,3925258,
BEN,1981,4038308,
BEN,1982,4156593,
BEN,1983,4278981,
BEN,1984,4405902,
BEN,1985,4538017,
BEN,1986,4675421,
BEN,1987,4818487,
BEN,1988,4967343,
BEN,1989,5121659,
BEN,1990,5281482,
BEN,1991,5446935,
BEN,1992,5617847,
BEN,1993,5872707,
BEN,1994,6096510,
BEN,1995,6226775,
BEN,1996,6391861,
BEN,1997,6583375,
BEN,1998,6789492,
BEN,1999,7002818,
BEN,2000,7221618,
BEN,2001,7445599,
BEN,2002,7675430,
BEN,2003,7913074,
BEN,2004,8159098,
BEN,2005,8426145,
BEN,2006,8693243,
BEN,2007,8953973,
BEN,2008,9228468,
BEN,2009,9509431,
BEN,2010,9797488,
BEN,2011,10093626,
BEN,2012,10397659,
BEN,2013,10708831,
BEN,2014,11030008,
BEN,2015,11360681,
BEN,2016,11697845,
BEN,2017,12039777,
BEN,2018,12383349,
BEN,2019,12726760,
BEN,2020,13070169,
BEN,2021,13413423,
BEN,2022,13759507,
BEN,2023,14111035,
BEN,2024,,14462721
BEN,2025,,14814460
BEN,2026,,15170419
BEN,2027,,15529418
BEN,2028,,15890287
BEN,2029,,16253925
BEN,2030,,16618825
BEN,2031,,16985936
BEN,2032,,17357066
BEN,2033,,17731445
BEN,2034,,18109919
BEN,2035,,18492632
BEN,2036,,18878047
BEN,2037,,19264502
BEN,2038,,19655283
BEN,2039,,20049970
BEN,2040,,20445762
BEN,2041,,20843266
BEN,2042,,21242980
BEN,2043,,21643645
BEN,2044,,22042577
BEN,2045,,22443649
BEN,2046,,22846195
BEN,2047,,23245144
BEN,2048,,23642195
BEN,2049,,24038610
BEN,2050,,24433814
BEN,2051,,24827843
BEN,2052,,25220856
BEN,2053,,25610351
BEN,2054,,25998163
BEN,2055,,26386126
BEN,2056,,26768354
BEN,2057,,27146961
BEN,2058,,27524086
BEN,2059,,27899073
BEN,2060,,28272765
BEN,2061,,28643204
BEN,2062,,29011908
BEN,2063,,29379351
BEN,2064,,29746079
BEN,2065,,30111487
BEN,2066,,30471402
BEN,2067,,30825986
BEN,2068,,31177488
BEN,2069,,31528713
BEN,2070,,31879284
BEN,2071,,32224062
BEN,2072,,32564724
BEN,2073,,32900616
BEN,2074,,33229129
BEN,2075,,33548439
BEN,2076,,33860334
BEN,2077,,34169267
BEN,2078,,34473297
BEN,2079,,34771312
BEN,2080,,35063026
BEN,2081,,35348909
BEN,2082,,35632349
BEN,2083,,35910582
BEN,2084,,36178045
BEN,2085,,36438986
BEN,2086,,36693859
BEN,2087,,36942734
BEN,2088,,37186925
BEN,2089,,37424137
BEN,2090,,37651977
BEN,2091,,37871226
BEN,2092,,38086116
BEN,2093,,38295125
BEN,2094,,38500329
BEN,2095,,38700680
BEN,2096,,38892733
BEN,2097,,39074805
BEN,2098,,39249868
BEN,2099,,39421857
BEN,2100,,39587567
BMU,1950,37241,
BMU,1951,37820,
BMU,1952,38358,
BMU,1953,38850,
BMU,1954,39365,
BMU,1955,39874,
BMU,1956,40360,
BMU,1957,40815,
BMU,1958,41229,
BMU,1959,41663,
BMU,1960,42231,
BMU,1961,43143,
BMU,1962,44262,
BMU,1963,45362,
BMU,1964,46430,
BMU,1965,47484,
BMU,1966,48556,
BMU,1967,49535,
BMU,1968,50425,
BMU,1969,51330,
BMU,1970,52147,
BMU,1971,52628,
BMU,1972,52825,
BMU,1973,52963,
BMU,1974,53077,
BMU,1975,53148,
BMU,1976,53232,
BMU,1977,53346,
BMU,1978,53451,
BMU,1979,53538,
BMU,1980,53693,
BMU,1981,54020,
BMU,1982,54407,
BMU,1983,54802,
BMU,1984,55189,
BMU,1985,55569,
BMU,1986,55907,
BMU,1987,56285,
BMU,1988,56714,
BMU,1989,57149,
BMU,1990,57584,
BMU,1991,58007,
BMU,1992,58430,
BMU,1993,58834,
BMU,1994,59214,
BMU,1995,59549,
BMU,1996,59836,
BMU,1997,60194,
BMU,1998,60659,
BMU,1999,61142,
BMU,2000,61569,
BMU,2001,61887,
BMU,2002,62163,
BMU,2003,62405,
BMU,2004,62576,
BMU,2005,62730,
BMU,2006,62855,
BMU,2007,63030,
BMU,2008,63319,
BMU,2009,63587,
BMU,2010,63748,
BMU,2011,63753,
BMU,2012,63665,
BMU,2013,63593,
BMU,2014,63551,
BMU,2015,63482,
BMU,2016,63466,
BMU,2017,63603,
BMU,2018,63852,
BMU,2019,64130,
BMU,2020,64404,
BMU,2021,64672,
BMU,2022,64772,
BMU,2023,64721,
BMU,2024,,64660
BMU,2025,,64574
BMU,2026,,64476
BMU,2027,,64362
BMU,2028,,64219
BMU,2029,,64067
BMU,2030,,63891
BMU,2031,,63705
BMU,2032,,63507
BMU,2033,,63297
BMU,2034,,63065
BMU,2035,,62801
BMU,2036,,62523
BMU,2037,,62227
BMU,2038,,61912
BMU,2039,,61580
BMU,2040,,61235
BMU,2041,,60885
BMU,2042,,60503
BMU,2043,,60107
BMU,2044,,59702
BMU,2045,,59282
BMU,2046,,58851
BMU,2047,,58397
BMU,2048,,57933
BMU,2049,,57453
BMU,2050,,56957
BMU,2051,,56463
BMU,2052,,55952
BMU,2053,,55429
BMU,2054,,54894
BMU,2055,,54367
BMU,2056,,53829
BMU,2057,,53298
BMU,2058,,52776
BMU,2059,,52250
BMU,2060,,51720
BMU,2061,,51203
BMU,2062,,50685
BMU,2063,,50176
BMU,2064,,49685
BMU,2065,,49199
BMU,2066,,48706
BMU,2067,,48231
BMU,2068,,47757
BMU,2069,,47287
BMU,2070,,46832
BMU,2071,,46372
BMU,2072,,45930
BMU,2073,,45494
BMU,2074,,45062
BMU,2075,,44630
BMU,2076,,44207
BMU,2077,,43794
BMU,2078,,43387
BMU,2079,,42972
BMU,2080,,42581
BMU,2081,,42203
BMU,2082,,41826
BMU,2083,,41450
BMU,2084,,41079
BMU,2085,,40721
BMU,2086,,40364
BMU,2087,,40011
BMU,2088,,39661
BMU,2089,,39324
BMU,2090,,38978
BMU,2091,,38639
BMU,2092,,38305
BMU,2093,,37972
BMU,2094,,37634
BMU,2095,,37314
BMU,2096,,36991
BMU,2097,,36661
BMU,2098,,36335
BMU,2099,,36014
BMU,2100,,35691
BTN,1950,169991,
BTN,1951,174615,
BTN,1952,179392,
BTN,1953,184345,
BTN,1954,189467,
BTN,1955,194759,
BTN,1956,200245,
BTN,1957,205913,
BTN,1958,211766,
BTN,1959,217827,
BTN,1960,224098,
BTN,1961,230617,
BTN,1962,237648,
BTN,1963,245168,
BTN,1964,252997,
BTN,1965,261210,
BTN,1966,269830,
BTN,1967,278855,
BTN,1968,288320,
BTN,1969,298220,
BTN,1970,308536,
BTN,1971,319219,
BTN,1972,330265,
BTN,1973,341713,
BTN,1974,353548,
BTN,1975,365800,
BTN,1976,378499,
BTN,1977,391649,
BTN,1978,405256,
BTN,1979,419208,
BTN,1980,433412,
BTN,1981,447851,
BTN,1982,462495,
BTN,1983,477473,
BTN,1984,492794,
BTN,1985,508399,
BTN,1986,524327,
BTN,1987,540570,
BTN,1988,557002,
BTN,1989,573593,
BTN,1990,589295,
BTN,1991,599789,
BTN,1992,577780,
BTN,1993,554680,
BTN,1994,554509,
BTN,1995,547995,
BTN,1996,548792,
BTN,1997,558698,
BTN,1998,569439,
BTN,1999,582589,
BTN,2000,596871,
BTN,2001,610801,
BTN,2002,624417,
BTN,2003,637667,
BTN,2004,650559,
BTN,2005,661875,
BTN,2006,670803,
BTN,2007,678643,
BTN,2008,686359,
BTN,2009,693994,
BTN,2010,701638,
BTN,2011,709387,
BTN,2012,717288,
BTN,2013,725282,
BTN,2014,733151,
BTN,2015,740623,
BTN,2016,747878,
BTN,2017,754343,
BTN,2018,759766,
BTN,2019,764830,
BTN,2020,770013,
BTN,2021,775450,
BTN,2022,780921,
BTN,2023,786386,
BTN,2024,,791530
BTN,2025,,796689
BTN,2026,,802219
BTN,2027,,807272
BTN,2028,,811843
BTN,2029,,816272
BTN,2030,,820698
BTN,2031,,825471
BTN,2032,,830355
BTN,2033,,834992
BTN,2034,,839053
BTN,2035,,843207
BTN,2036,,847707
BTN,2037,,851852
BTN,2038,,855566
BTN,2039,,858926
BTN,2040,,862134
BTN,2041,,865160
BTN,2042,,868160
BTN,2043,,871108
BTN,2044,,873741
BTN,2045,,876186
BTN,2046,,878169
BTN,2047,,879458
BTN,2048,,880496
BTN,2049,,881440
BTN,2050,,882345
BTN,2051,,883388
BTN,2052,,883872
BTN,2053,,883504
BTN,2054,,883445
BTN,2055,,883409
BTN,2056,,882513
BTN,2057,,881870
BTN,2058,,881155
BTN,2059,,879853
BTN,2060,,878273
BTN,2061,,876302
BTN,2062,,874122
BTN,2063,,872037
BTN,2064,,869965
BTN,2065,,867238
BTN,2066,,863862
BTN,2067,,860410
BTN,2068,,856944
BTN,2069,,853259
BTN,2070,,849503
BTN,2071,,845473
BTN,2072,,840955
BTN,2073,,836055
BTN,2074,,830871
BTN,2075,,825865
BTN,2076,,821105
BTN,2077,,816389
BTN,2078,,811316
BTN,2079,,805703
BTN,2080,,799952
BTN,2081,,794105
BTN,2082,,788328
BTN,2083,,782515
BTN,2084,,776784
BTN,2085,,771295
BTN,2086,,765710
BTN,2087,,759753
BTN,2088,,753664
BTN,2089,,747682
BTN,2090,,741736
BTN,2091,,735823
BTN,2092,,730051
BTN,2093,,724733
BTN,2094,,719577
BTN,2095,,714357
BTN,2096,,709415
BTN,2097,,704688
BTN,2098,,700080
BTN,2099,,695411
BTN,2100,,690432
BOL,1950,3089975,
BOL,1951,3137299,
BOL,1952,3187538,
BOL,1953,3240967,
BOL,1954,3297841,
BOL,1955,3358005,
BOL,1956,3421344,
BOL,1957,3487565,
BOL,1958,3556554,
BOL,1959,3628189,
BOL,1960,3702323,
BOL,1961,3778735,
BOL,1962,3857495,
BOL,1963,3938914,
BOL,1964,4023009,
BOL,1965,4109800,
BOL,1966,4199555,
BOL,1967,4292574,
BOL,1968,4388946,
BOL,1969,4488231,
BOL,1970,4590008,
BOL,1971,4694351,
BOL,1972,4800985,
BOL,1973,4910200,
BOL,1974,5022480,
BOL,1975,5137540,
BOL,1976,5256497,
BOL,1977,5379169,
BOL,1978,5504131,
BOL,1979,5630853,
BOL,1980,5758905,
BOL,1981,5888114,
BOL,1982,6018091,
BOL,1983,6149066,
BOL,1984,6281868,
BOL,1985,6416193,
BOL,1986,6552481,
BOL,1987,6692168,
BOL,1988,6835507,
BOL,1989,6981771,
BOL,1990,7130143,
BOL,1991,7280294,
BOL,1992,7430337,
BOL,1993,7579196,
BOL,1994,7727320,
BOL,1995,7874676,
BOL,1996,8021742,
BOL,1997,8167911,
BOL,1998,8313400,
BOL,1999,8459810,
BOL,2000,8606330,
BOL,2001,8752740,
BOL,2002,8900358,
BOL,2003,9050703,
BOL,2004,9204297,
BOL,2005,9360758,
BOL,2006,9521685,
BOL,2007,9685960,
BOL,2008,9850859,
BOL,2009,10016279,
BOL,2010,10182345,
BOL,2011,10348931,
BOL,2012,10515814,
BOL,2013,10682612,
BOL,2014,10848889,
BOL,2015,11014707,
BOL,2016,11180020,
BOL,2017,11344591,
BOL,2018,11508370,
BOL,2019,11671386,
BOL,2020,11816301,
BOL,2021,11937369,
BOL,2022,12077156,
BOL,2023,12244161,
BOL,2024,,12413318
BOL,2025,,12581847
BOL,2026,,12749296
BOL,2027,,12915587
BOL,2028,,13080495
BOL,2029,,13243777
BOL,2030,,13405563
BOL,2031,,13565510
BOL,2032,,13723370
BOL,2033,,13879053
BOL,2034,,14032579
BOL,2035,,14183827
BOL,2036,,14332316
BOL,2037,,14478107
BOL,2038,,14621406
BOL,2039,,14761951
BOL,2040,,14899398
BOL,2041,,15033988
BOL,2042,,15165746
BOL,2043,,15294509
BOL,2044,,15420213
BOL,2045,,15542788
BOL,2046,,15662317
BOL,2047,,15778749
BOL,2048,,15892254
BOL,2049,,16002814
BOL,2050,,16110163
BOL,2051,,16214299
BOL,2052,,16315133
BOL,2053,,16412655
BOL,2054,,16507183
BOL,2055,,16598477
BOL,2056,,16686508
BOL,2057,,16771482
BOL,2058,,16853246
BOL,2059,,16931878
BOL,2060,,17007286
BOL,2061,,17079617
BOL,2062,,17148878
BOL,2063,,17215094
BOL,2064,,17278405
BOL,2065,,17338473
BOL,2066,,17395367
BOL,2067,,17449193
BOL,2068,,17499502
BOL,2069,,17546434
BOL,2070,,17590203
BOL,2071,,17631028
BOL,2072,,17669099
BOL,2073,,17704042
BOL,2074,,17736126
BOL,2075,,17765652
BOL,2076,,17792184
BOL,2077,,17815466
BOL,2078,,17835573
BOL,2079,,17852881
BOL,2080,,17867667
BOL,2081,,17880018
BOL,2082,,17890036
BOL,2083,,17897867
BOL,2084,,17903685
BOL,2085,,17907413
BOL,2086,,17909125
BOL,2087,,17908955
BOL,2088,,17907182
BOL,2089,,17903943
BOL,2090,,17899008
BOL,2091,,17892237
BOL,2092,,17883839
BOL,2093,,17874094
BOL,2094,,17863058
BOL,2095,,17850425
BOL,2096,,17835925
BOL,2097,,17819661
BOL,2098,,17801593
BOL,2099,,17781877
BOL,2100,,17760559
BES,1950,7023,
BES,1951,7052,
BES,1952,7141,
BES,1953,7249,
BES,1954,7460,
BES,1955,7628,
BES,1956,7638,
BES,1957,7653,
BES,1958,7699,
BES,1959,7761,
BES,1960,7853,
BES,1961,7983,
BES,1962,8122,
BES,1963,8286,
BES,1964,8472,
BES,1965,8677,
BES,1966,8893,
BES,1967,9129,
BES,1968,9368,
BES,1969,9625,
BES,1970,9885,
BES,1971,10148,
BES,1972,10377,
BES,1973,10558,
BES,1974,10715,
BES,1975,10878,
BES,1976,11057,
BES,1977,11242,
BES,1978,11437,
BES,1979,11621,
BES,1980,11804,
BES,1981,11962,
BES,1982,12078,
BES,1983,12177,
BES,1984,12284,
BES,1985,12391,
BES,1986,12494,
BES,1987,12601,
BES,1988,12714,
BES,1989,12830,
BES,1990,12958,
BES,1991,13070,
BES,1992,13186,
BES,1993,13297,
BES,1994,13407,
BES,1995,13531,
BES,1996,13670,
BES,1997,13812,
BES,1998,13959,
BES,1999,14101,
BES,2000,14256,
BES,2001,14526,
BES,2002,15033,
BES,2003,15666,
BES,2004,16330,
BES,2005,17002,
BES,2006,17701,
BES,2007,18408,
BES,2008,19118,
BES,2009,19847,
BES,2010,20583,
BES,2011,21650,
BES,2012,22847,
BES,2013,23835,
BES,2014,24491,
BES,2015,24638,
BES,2016,24567,
BES,2017,24821,
BES,2018,25184,
BES,2019,25652,
BES,2020,26476,
BES,2021,27347,
BES,2022,28654,
BES,2023,29920,
BES,2024,,30699
BES,2025,,31364
BES,2026,,31932
BES,2027,,32447
BES,2028,,32884
BES,2029,,33231
BES,2030,,33531
BES,2031,,33783
BES,2032,,34002
BES,2033,,34199
BES,2034,,34357
BES,2035,,34481
BES,2036,,34570
BES,2037,,34637
BES,2038,,34716
BES,2039,,34776
BES,2040,,34825
BES,2041,,34874
BES,2042,,34911
BES,2043,,34930
BES,2044,,34941
BES,2045,,34950
BES,2046,,34943
BES,2047,,34913
BES,2048,,34875
BES,2049,,34820
BES,2050,,34760
BES,2051,,34704
BES,2052,,34630
BES,2053,,34567
BES,2054,,34479
BES,2055,,34379
BES,2056,,34302
BES,2057,,34236
BES,2058,,34163
BES,2059,,34095
BES,2060,,34027
BES,2061,,33943
BES,2062,,33825
BES,2063,,33701
BES,2064,,33587
BES,2065,,33487
BES,2066,,33373
BES,2067,,33259
BES,2068,,33144
BES,2069,,33018
BES,2070,,32908
BES,2071,,32782
BES,2072,,32657
BES,2073,,32527
BES,2074,,32385
BES,2075,,32229
BES,2076,,32074
BES,2077,,31908
BES,2078,,31734
BES,2079,,31572
BES,2080,,31404
BES,2081,,31218
BES,2082,,31039
BES,2083,,30861
BES,2084,,30678
BES,2085,,30497
BES,2086,,30315
BES,2087,,30140
BES,2088,,29969
BES,2089,,29794
BES,2090,,29616
BES,2091,,29436
BES,2092,,29274
BES,2093,,29116
BES,2094,,28951
BES,2095,,28775
BES,2096,,28600
BES,2097,,28418
BES,2098,,28229
BES,2099,,28054
BES,2100,,27880
BIH,1950,2690407,
BIH,1951,2730245,
BIH,1952,2774688,
BIH,1953,2829229,
BIH,1954,2890205,
BIH,1955,2952172,
BIH,1956,3015555,
BIH,1957,3079942,
BIH,1958,3145429,
BIH,1959,3212369,
BIH,1960,3281387,
BIH,1961,3348038,
BIH,1962,3407536,
BIH,1963,3461941,
BIH,1964,3513443,
BIH,1965,3562844,
BIH,1966,3610570,
BIH,1967,3656227,
BIH,1968,3698804,
BIH,1969,3737769,
BIH,1970,3773248,
BIH,1971,3809388,
BIH,1972,3848278,
BIH,1973,3887374,
BIH,1974,3926471,
BIH,1975,3965749,
BIH,1976,4004560,
BIH,1977,4042136,
BIH,1978,4078246,
BIH,1979,4113302,
BIH,1980,4148427,
BIH,1981,4184220,
BIH,1982,4221104,
BIH,1983,4258736,
BIH,1984,4295538,
BIH,1985,4330362,
BIH,1986,4362114,
BIH,1987,4390248,
BIH,1988,4414409,
BIH,1989,4433985,
BIH,1990,4448658,
BIH,1991,4458350,
BIH,1992,4234620,
BIH,1993,3904484,
BIH,1994,3725412,
BIH,1995,3715565,
BIH,1996,3875246,
BIH,1997,4018228,
BIH,1998,4089357,
BIH,1999,4130312,
BIH,2000,4159785,
BIH,2001,4179446,
BIH,2002,4188006,
BIH,2003,4178523,
BIH,2004,4140990,
BIH,2005,4096493,
BIH,2006,4063269,
BIH,2007,4013420,
BIH,2008,3947545,
BIH,2009,3879798,
BIH,2010,3811480,
BIH,2011,3741799,
BIH,2012,3670109,
BIH,2013,3610857,
BIH,2014,3564831,
BIH,2015,3518541,
BIH,2016,3472997,
BIH,2017,3428684,
BIH,2018,3386999,
BIH,2019,3345532,
BIH,2020,3299352,
BIH,2021,3244912,
BIH,2022,3204802,
BIH,2023,3185072,
BIH,2024,,3164256
BIH,2025,,3140098
BIH,2026,,3114247
BIH,2027,,3088095
BIH,2028,,3062438
BIH,2029,,3037872
BIH,2030,,3013975
BIH,2031,,2990097
BIH,2032,,2964777
BIH,2033,,2937845
BIH,2034,,2909786
BIH,2035,,2881546
BIH,2036,,2854436
BIH,2037,,2827720
BIH,2038,,2801183
BIH,2039,,2773793
BIH,2040,,2745013
BIH,2041,,2715222
BIH,2042,,2685732
BIH,2043,,2657001
BIH,2044,,2628414
BIH,2045,,2599928
BIH,2046,,2570924
BIH,2047,,2541515
BIH,2048,,2512790
BIH,2049,,2484044
BIH,2050,,2455171
BIH,2051,,2426281
BIH,2052,,2397624
BIH,2053,,2369441
BIH,2054,,2341312
BIH,2055,,2312501
BIH,2056,,2282626
BIH,2057,,2253602
BIH,2058,,2225784
BIH,2059,,2198522
BIH,2060,,2171311
BIH,2061,,2144354
BIH,2062,,2118181
BIH,2063,,2092361
BIH,2064,,2066403
BIH,2065,,2040180
BIH,2066,,2014195
BIH,2067,,1988549
BIH,2068,,1963775
BIH,2069,,1939990
BIH,2070,,1916073
BIH,2071,,1892407
BIH,2072,,1869421
BIH,2073,,1846942
BIH,2074,,1824585
BIH,2075,,1802052
BIH,2076,,1779975
BIH,2077,,1758692
BIH,2078,,1737869
BIH,2079,,1717421
BIH,2080,,1697351
BIH,2081,,1677782
BIH,2082,,1658688
BIH,2083,,1639693
BIH,2084,,1620975
BIH,2085,,1602993
BIH,2086,,1585565
BIH,2087,,1568593
BIH,2088,,1551992
BIH,2089,,1535508
BIH,2090,,1519510
BIH,2091,,1504004
BIH,2092,,1488580
BIH,2093,,1472911
BIH,2094,,1457355
BIH,2095,,1442030
BIH,2096,,1426507
BIH,2097,,1410623
BIH,2098,,1395215
BIH,2099,,1380712
BIH,2100,,1366473
BWA,1950,413708,
BWA,1951,423568,
BWA,1952,433719,
BWA,1953,443979,
BWA,1954,454051,
BWA,1955,463935,
BWA,1956,473785,
BWA,1957,483798,
BWA,1958,494112,
BWA,1959,504883,
BWA,1960,516174,
BWA,1961,527952,
BWA,1962,540189,
BWA,1963,552977,
BWA,1964,566282,
BWA,1965,574670,
BWA,1966,577876,
BWA,1967,580938,
BWA,1968,583974,
BWA,1969,587078,
BWA,1970,590338,
BWA,1971,600488,
BWA,1972,622416,
BWA,1973,652420,
BWA,1974,685455,
BWA,1975,720389,
BWA,1976,758514,
BWA,1977,799587,
BWA,1978,849246,
BWA,1979,901754,
BWA,1980,937493,
BWA,1981,970003,
BWA,1982,1009273,
BWA,1983,1046148,
BWA,1984,1083665,
BWA,1985,1121954,
BWA,1986,1160655,
BWA,1987,1199180,
BWA,1988,1235488,
BWA,1989,1270279,
BWA,1990,1305699,
BWA,1991,1341767,
BWA,1992,1380038,
BWA,1993,1420120,
BWA,1994,1460030,
BWA,1995,1498842,
BWA,1996,1535917,
BWA,1997,1571700,
BWA,1998,1606906,
BWA,1999,1642006,
BWA,2000,1677384,
BWA,2001,1712264,
BWA,2002,1744765,
BWA,2003,1775744,
BWA,2004,1807153,
BWA,2005,1839881,
BWA,2006,1874526,
BWA,2007,1911200,
BWA,2008,1949973,
BWA,2009,1990671,
BWA,2010,2033110,
BWA,2011,2073538,
BWA,2012,2108617,
BWA,2013,2140687,
BWA,2014,2172053,
BWA,2015,2203276,
BWA,2016,2234784,
BWA,2017,2266749,
BWA,2018,2299149,
BWA,2019,2332082,
BWA,2020,2365895,
BWA,2021,2401448,
BWA,2022,2439895,
BWA,2023,2480242,
BWA,2024,,2521145
BWA,2025,,2562125
BWA,2026,,2603392
BWA,2027,,2644647
BWA,2028,,2685608
BWA,2029,,2726049
BWA,2030,,2765920
BWA,2031,,2804994
BWA,2032,,2843234
BWA,2033,,2880988
BWA,2034,,2917979
BWA,2035,,2954419
BWA,2036,,2990138
BWA,2037,,3025230
BWA,2038,,3059533
BWA,2039,,3093379
BWA,2040,,3126644
BWA,2041,,3159138
BWA,2042,,3190976
BWA,2043,,3222567
BWA,2044,,3254020
BWA,2045,,3285305
BWA,2046,,3317005
BWA,2047,,3348498
BWA,2048,,3379112
BWA,2049,,3408772
BWA,2050,,3437433
BWA,2051,,3465407
BWA,2052,,3493077
BWA,2053,,3519981
BWA,2054,,3545429
BWA,2055,,3570059
BWA,2056,,3594094
BWA,2057,,3617758
BWA,2058,,3641213
BWA,2059,,3662866
BWA,2060,,3682971
BWA,2061,,3702549
BWA,2062,,3720808
BWA,2063,,3737291
BWA,2064,,3752681
BWA,2065,,3767445
BWA,2066,,3780897
BWA,2067,,3793358
BWA,2068,,3804745
BWA,2069,,3814867
BWA,2070,,3823502
BWA,2071,,3830660
BWA,2072,,3837863
BWA,2073,,3844511
BWA,2074,,3850180
BWA,2075,,3855877
BWA,2076,,3861538
BWA,2077,,3866645
BWA,2078,,3871224
BWA,2079,,3874908
BWA,2080,,3877223
BWA,2081,,3878568
BWA,2082,,3880012
BWA,2083,,3881696
BWA,2084,,3883107
BWA,2085,,3884066
BWA,2086,,3884583
BWA,2087,,3885187
BWA,2088,,3885443
BWA,2089,,3885039
BWA,2090,,3883333
BWA,2091,,3879756
BWA,2092,,3875611
BWA,2093,,3871638
BWA,2094,,3867510
BWA,2095,,3863243
BWA,2096,,3858671
BWA,2097,,3853604
BWA,2098,,3847965
BWA,2099,,3842429
BWA,2100,,3836826
BRA,1950,53408551,
BRA,1951,55018849,
BRA,1952,56694872,
BRA,1953,58433756,
BRA,1954,60235125,
BRA,1955,62101393,
BRA,1956,64033997,
BRA,1957,66031498,
BRA,1958,68092148,
BRA,1959,70214470,
BRA,1960,72388124,
BRA,1961,74605442,
BRA,1962,76865322,
BRA,1963,79164237,
BRA,1964,81488598,
BRA,1965,83817586,
BRA,1966,86139356,
BRA,1967,88446119,
BRA,1968,90741243,
BRA,1969,93045768,
BRA,1970,95375656,
BRA,1971,97739280,
BRA,1972,100146794,
BRA,1973,102600970,
BRA,1974,105089675,
BRA,1975,107619567,
BRA,1976,110213353,
BRA,1977,112875287,
BRA,1978,115600943,
BRA,1979,118380819,
BRA,1980,121207451,
BRA,1981,124063113,
BRA,1982,126923156,
BRA,1983,129790081,
BRA,1984,132658861,
BRA,1985,135515593,
BRA,1986,138336371,
BRA,1987,141104946,
BRA,1988,143826357,
BRA,1989,146502975,
BRA,1990,149143223,
BRA,1991,151724253,
BRA,1992,154275077,
BRA,1993,156794574,
BRA,1994,159265011,
BRA,1995,161735079,
BRA,1996,164202549,
BRA,1997,166661662,
BRA,1998,169159651,
BRA,1999,171641544,
BRA,2000,174018278,
BRA,2001,176301201,
BRA,2002,178503485,
BRA,2003,180622688,
BRA,2004,182675144,
BRA,2005,184688101,
BRA,2006,186653099,
BRA,2007,188552311,
BRA,2008,190367297,
BRA,2009,192079958,
BRA,2010,193701931,
BRA,2011,195284736,
BRA,2012,196876113,
BRA,2013,198478290,
BRA,2014,200085126,
BRA,2015,201675534,
BRA,2016,203218108,
BRA,2017,204703440,
BRA,2018,206107265,
BRA,2019,207455459,
BRA,2020,208660845,
BRA,2021,209550291,
BRA,2022,210306411,
BRA,2023,211140731,
BRA,2024,,211998565
BRA,2025,,212812397
BRA,2026,,213562666
BRA,2027,,214261029
BRA,2028,,214911379
BRA,2029,,215515169
BRA,2030,,216074416
BRA,2031,,216587346
BRA,2032,,217055383
BRA,2033,,217479386
BRA,2034,,217860884
BRA,2035,,218199705
BRA,2036,,218495206
BRA,2037,,218747237
BRA,2038,,218955564
BRA,2039,,219118376
BRA,2040,,219237077
BRA,2041,,219307150
BRA,2042,,219319762
BRA,2043,,219276520
BRA,2044,,219178994
BRA,2045,,219026200
BRA,2046,,218821036
BRA,2047,,218565371
BRA,2048,,218258217
BRA,2049,,217897823
BRA,2050,,217489300
BRA,2051,,217040326
BRA,2052,,216546445
BRA,2053,,216005323
BRA,2054,,215419902
BRA,2055,,214791956
BRA,2056,,214123888
BRA,2057,,213414294
BRA,2058,,212662996
BRA,2059,,211870762
BRA,2060,,211038809
BRA,2061,,210170463
BRA,2062,,209264203
BRA,2063,,208321477
BRA,2064,,207347939
BRA,2065,,206343449
BRA,2066,,205306679
BRA,2067,,204242526
BRA,2068,,203151117
BRA,2069,,202033239
BRA,2070,,200893057
BRA,2071,,199730066
BRA,2072,,198546033
BRA,2073,,197343264
BRA,2074,,196125077
BRA,2075,,194895909
BRA,2076,,193656034
BRA,2077,,192404847
BRA,2078,,191143681
BRA,2079,,189874554
BRA,2080,,188598789
BRA,2081,,187316365
BRA,2082,,186029705
BRA,2083,,184743959
BRA,2084,,183460417
BRA,2085,,182177767
BRA,2086,,180894222
BRA,2087,,179611126
BRA,2088,,178330394
BRA,2089,,177054238
BRA,2090,,175780964
BRA,2091,,174510794
BRA,2092,,173245419
BRA,2093,,171986044
BRA,2094,,170732551
BRA,2095,,169483297
BRA,2096,,168241139
BRA,2097,,167006436
BRA,2098,,165782108
BRA,2099,,164569628
BRA,2100,,163364063
VGB,1950,7397,
VGB,1951,7410,
VGB,1952,7398,
VGB,1953,7410,
VGB,1954,7469,
VGB,1955,7516,
VGB,1956,7557,
VGB,1957,7615,
VGB,1958,7702,
VGB,1959,7832,
VGB,1960,7974,
VGB,1961,8059,
VGB,1962,8093,
VGB,1963,8136,
VGB,1964,8192,
VGB,1965,8283,
VGB,1966,8438,
VGB,1967,8671,
VGB,1968,9023,
VGB,1969,9554,
VGB,1970,9967,
VGB,1971,10117,
VGB,1972,10256,
VGB,1973,10388,
VGB,1974,10521,
VGB,1975,10627,
VGB,1976,10733,
VGB,1977,10823,
VGB,1978,10904,
VGB,1979,10986,
VGB,1980,11148,
VGB,1981,11499,
VGB,1982,11944,
VGB,1983,12388,
VGB,1984,12844,
VGB,1985,13291,
VGB,1986,13749,
VGB,1987,14213,
VGB,1988,14704,
VGB,1989,15201,
VGB,1990,15727,
VGB,1991,16208,
VGB,1992,16615,
VGB,1993,17008,
VGB,1994,17430,
VGB,1995,17863,
VGB,1996,18308,
VGB,1997,18783,
VGB,1998,19262,
VGB,1999,19755,
VGB,2000,20266,
VGB,2001,20825,
VGB,2002,21454,
VGB,2003,22155,
VGB,2004,22905,
VGB,2005,23693,
VGB,2006,24519,
VGB,2007,25391,
VGB,2008,26308,
VGB,2009,27240,
VGB,2010,27698,
VGB,2011,28733,
VGB,2012,30369,
VGB,2013,31727,
VGB,2014,32988,
VGB,2015,34523,
VGB,2016,33904,
VGB,2017,32724,
VGB,2018,34682,
VGB,2019,36423,
VGB,2020,37161,
VGB,2021,37833,
VGB,2022,38346,
VGB,2023,39009,
VGB,2024,,39498
VGB,2025,,39750
VGB,2026,,39960
VGB,2027,,40136
VGB,2028,,40309
VGB,2029,,40473
VGB,2030,,40614
VGB,2031,,40731
VGB,2032,,40834
VGB,2033,,40934
VGB,2034,,41014
VGB,2035,,41090
VGB,2036,,41171
VGB,2037,,41192
VGB,2038,,41207
VGB,2039,,41230
VGB,2040,,41226
VGB,2041,,41217
VGB,2042,,41193
VGB,2043,,41149
VGB,2044,,41080
VGB,2045,,40991
VGB,2046,,40893
VGB,2047,,40778
VGB,2048,,40671
VGB,2049,,40537
VGB,2050,,40360
VGB,2051,,40188
VGB,2052,,40048
VGB,2053,,39915
VGB,2054,,39742
VGB,2055,,39542
VGB,2056,,39315
VGB,2057,,39079
VGB,2058,,38851
VGB,2059,,38617
VGB,2060,,38364
VGB,2061,,38085
VGB,2062,,37790
VGB,2063,,37478
VGB,2064,,37189
VGB,2065,,36928
VGB,2066,,36629
VGB,2067,,36316
VGB,2068,,36019
VGB,2069,,35718
VGB,2070,,35427
VGB,2071,,35115
VGB,2072,,34792
VGB,2073,,34485
VGB,2074,,34158
VGB,2075,,33837
VGB,2076,,33547
VGB,2077,,33290
VGB,2078,,33043
VGB,2079,,32763
VGB,2080,,32485
VGB,2081,,32221
VGB,2082,,31965
VGB,2083,,31707
VGB,2084,,31438
VGB,2085,,31163
VGB,2086,,30897
VGB,2087,,30659
VGB,2088,,30424
VGB,2089,,30196
VGB,2090,,29997
VGB,2091,,29819
VGB,2092,,29610
VGB,2093,,29390
VGB,2094,,29166
VGB,2095,,28951
VGB,2096,,28762
VGB,2097,,28558
VGB,2098,,28327
VGB,2099,,28115
VGB,2100,,27912
BRN,1950,48316,
BRN,1951,51213,
BRN,1952,54252,
BRN,1953,57582,
BRN,1954,61227,
BRN,1955,65228,
BRN,1956,69568,
BRN,1957,74183,
BRN,1958,78989,
BRN,1959,83860,
BRN,1960,88359,
BRN,1961,92529,
BRN,1962,96737,
BRN,1963,101171,
BRN,1964,105936,
BRN,1965,110856,
BRN,1966,115890,
BRN,1967,121036,
BRN,1968,126237,
BRN,1969,131456,
BRN,1970,135157,
BRN,1971,137931,
BRN,1972,142197,
BRN,1973,147381,
BRN,1974,152669,
BRN,1975,158081,
BRN,1976,163621,
BRN,1977,169287,
BRN,1978,174902,
BRN,1979,180430,
BRN,1980,186121,
BRN,1981,191990,
BRN,1982,198177,
BRN,1983,204754,
BRN,1984,211673,
BRN,1985,218928,
BRN,1986,226510,
BRN,1987,233876,
BRN,1988,240928,
BRN,1989,248077,
BRN,1990,255307,
BRN,1991,262604,
BRN,1992,269848,
BRN,1993,276978,
BRN,1994,284098,
BRN,1995,291207,
BRN,1996,298283,
BRN,1997,305357,
BRN,1998,312398,
BRN,1999,319412,
BRN,2000,326429,
BRN,2001,333353,
BRN,2002,340108,
BRN,2003,346650,
BRN,2004,352921,
BRN,2005,358930,
BRN,2006,364670,
BRN,2007,370883,
BRN,2008,377800,
BRN,2009,384965,
BRN,2010,392340,
BRN,2011,399395,
BRN,2012,405564,
BRN,2013,411205,
BRN,2014,416757,
BRN,2015,422223,
BRN,2016,427571,
BRN,2017,432787,
BRN,2018,437811,
BRN,2019,442690,
BRN,2020,447411,
BRN,2021,451722,
BRN,2022,455374,
BRN,2023,458959,
BRN,2024,,462734
BRN,2025,,466338
BRN,2026,,469780
BRN,2027,,473160
BRN,2028,,476438
BRN,2029,,479500
BRN,2030,,482450
BRN,2031,,485320
BRN,2032,,487955
BRN,2033,,490437
BRN,2034,,492900
BRN,2035,,495300
BRN,2036,,497558
BRN,2037,,499708
BRN,2038,,501924
BRN,2039,,504076
BRN,2040,,505983
BRN,2041,,507814
BRN,2042,,509546
BRN,2043,,511138
BRN,2044,,512601
BRN,2045,,514062
BRN,2046,,515424
BRN,2047,,516611
BRN,2048,,517708
BRN,2049,,518699
BRN,2050,,519557
BRN,2051,,520271
BRN,2052,,520780
BRN,2053,,521063
BRN,2054,,521258
BRN,2055,,521341
BRN,2056,,521306
BRN,2057,,521160
BRN,2058,,520879
BRN,2059,,520530
BRN,2060,,520130
BRN,2061,,519666
BRN,2062,,519163
BRN,2063,,518559
BRN,2064,,517791
BRN,2065,,516879
BRN,2066,,515846
BRN,2067,,514629
BRN,2068,,513321
BRN,2069,,512031
BRN,2070,,510803
BRN,2071,,509613
BRN,2072,,508294
BRN,2073,,506816
BRN,2074,,505215
BRN,2075,,503479
BRN,2076,,501831
BRN,2077,,500283
BRN,2078,,498752
BRN,2079,,497224
BRN,2080,,495650
BRN,2081,,494045
BRN,2082,,492389
BRN,2083,,490718
BRN,2084,,489094
BRN,2085,,487490
BRN,2086,,485930
BRN,2087,,484418
BRN,2088,,482828
BRN,2089,,481198
BRN,2090,,479631
BRN,2091,,478137
BRN,2092,,476648
BRN,2093,,475158
BRN,2094,,473672
BRN,2095,,472211
BRN,2096,,470744
BRN,2097,,469301
BRN,2098,,467839
BRN,2099,,466320
BRN,2100,,464806
BGR,1950,7248509,
BGR,1951,7314426,
BGR,1952,7361958,
BGR,1953,7415922,
BGR,1954,7476266,
BGR,1955,7533657,
BGR,1956,7587165,
BGR,1957,7649543,
BGR,1958,7724893,
BGR,1959,7794176,
BGR,1960,7862935,
BGR,1961,7938308,
BGR,1962,8008328,
BGR,1963,8073731,
BGR,1964,8140074,
BGR,1965,8202417,
BGR,1966,8258787,
BGR,1967,8311127,
BGR,1968,8370645,
BGR,1969,8435273,
BGR,1970,8490822,
BGR,1971,8538900,
BGR,1972,8579912,
BGR,1973,8624799,
BGR,1974,8682750,
BGR,1975,8723145,
BGR,1976,8759433,
BGR,1977,8804690,
BGR,1978,8813742,
BGR,1979,8824994,
BGR,1980,8859539,
BGR,1981,8887803,
BGR,1982,8912738,
BGR,1983,8933328,
BGR,1984,8952608,
BGR,1985,8958855,
BGR,1986,8963473,
BGR,1987,8976206,
BGR,1988,8985721,
BGR,1989,8936386,
BGR,1990,8822366,
BGR,1991,8695798,
BGR,1992,8559091,
BGR,1993,8466533,
BGR,1994,8416924,
BGR,1995,8357576,
BGR,1996,8291402,
BGR,1997,8217101,
BGR,1998,8138193,
BGR,1999,8067464,
BGR,2000,8000519,
BGR,2001,7928455,
BGR,2002,7861949,
BGR,2003,7804405,
BGR,2004,7749430,
BGR,2005,7695047,
BGR,2006,7640292,
BGR,2007,7586896,
BGR,2008,7535589,
BGR,2009,7488016,
BGR,2010,7437594,
BGR,2011,7380023,
BGR,2012,7317020,
BGR,2013,7264605,
BGR,2014,7223450,
BGR,2015,7177515,
BGR,2016,7127436,
BGR,2017,7075642,
BGR,2018,7024745,
BGR,2019,6975466,
BGR,2020,6933656,
BGR,2021,6877222,
BGR,2022,6825862,
BGR,2023,6795805,
BGR,2024,,6757686
BGR,2025,,6714556
BGR,2026,,6667663
BGR,2027,,6617825
BGR,2028,,6566013
BGR,2029,,6512782
BGR,2030,,6458244
BGR,2031,,6403154
BGR,2032,,6348400
BGR,2033,,6293471
BGR,2034,,6238208
BGR,2035,,6183106
BGR,2036,,6127663
BGR,2037,,6071893
BGR,2038,,6016841
BGR,2039,,5962187
BGR,2040,,5907731
BGR,2041,,5854059
BGR,2042,,5801387
BGR,2043,,5749670
BGR,2044,,5698612
BGR,2045,,5648259
BGR,2046,,5598424
BGR,2047,,5548708
BGR,2048,,5499398
BGR,2049,,5450676
BGR,2050,,5402218
BGR,2051,,5354142
BGR,2052,,5306437
BGR,2053,,5258693
BGR,2054,,5210893
BGR,2055,,5163244
BGR,2056,,5115851
BGR,2057,,5068666
BGR,2058,,5021582
BGR,2059,,4974223
BGR,2060,,4926390
BGR,2061,,4878499
BGR,2062,,4830914
BGR,2063,,4783588
BGR,2064,,4736312
BGR,2065,,4689244
BGR,2066,,4642624
BGR,2067,,4596680
BGR,2068,,4551627
BGR,2069,,4507405
BGR,2070,,4463715
BGR,2071,,4420785
BGR,2072,,4378834
BGR,2073,,4337611
BGR,2074,,4297014
BGR,2075,,4257604
BGR,2076,,4219621
BGR,2077,,4182538
BGR,2078,,4146351
BGR,2079,,4111021
BGR,2080,,4076462
BGR,2081,,4043366
BGR,2082,,4011527
BGR,2083,,3980550
BGR,2084,,3950391
BGR,2085,,3920956
BGR,2086,,3892420
BGR,2087,,3864748
BGR,2088,,3837898
BGR,2089,,3811654
BGR,2090,,3785854
BGR,2091,,3760386
BGR,2092,,3735004
BGR,2093,,3709665
BGR,2094,,3684339
BGR,2095,,3659091
BGR,2096,,3633685
BGR,2097,,3608077
BGR,2098,,3582562
BGR,2099,,3556974
BGR,2100,,3531199
BFA,1950,4213152,
BFA,1951,4260391,
BFA,1952,4310353,
BFA,1953,4361322,
BFA,1954,4413878,
BFA,1955,4469051,
BFA,1956,4526657,
BFA,1957,4586570,
BFA,1958,4647287,
BFA,1959,4710848,
BFA,1960,4778626,
BFA,1961,4848222,
BFA,1962,4919673,
BFA,1963,4993619,
BFA,1964,5071040,
BFA,1965,5152834,
BFA,1966,5237939,
BFA,1967,5326349,
BFA,1968,5418644,
BFA,1969,5513179,
BFA,1970,5610307,
BFA,1971,5708002,
BFA,1972,5807238,
BFA,1973,5911926,
BFA,1974,6024905,
BFA,1975,6147575,
BFA,1976,6280638,
BFA,1977,6428739,
BFA,1978,6590987,
BFA,1979,6763902,
BFA,1980,6947900,
BFA,1981,7140270,
BFA,1982,7340199,
BFA,1983,7551136,
BFA,1984,7772260,
BFA,1985,7999935,
BFA,1986,8228847,
BFA,1987,8457112,
BFA,1988,8687441,
BFA,1989,8921178,
BFA,1990,9159358,
BFA,1991,9394631,
BFA,1992,9629280,
BFA,1993,9871715,
BFA,1994,10123807,
BFA,1995,10386723,
BFA,1996,10655943,
BFA,1997,10934222,
BFA,1998,11240668,
BFA,1999,11574930,
BFA,2000,11925548,
BFA,2001,12294996,
BFA,2002,12680904,
BFA,2003,13082530,
BFA,2004,13500536,
BFA,2005,13932127,
BFA,2006,14373713,
BFA,2007,14816313,
BFA,2008,15258103,
BFA,2009,15710067,
BFA,2010,16176503,
BFA,2011,16661907,
BFA,2012,17172284,
BFA,2013,17695411,
BFA,2014,18229466,
BFA,2015,18777488,
BFA,2016,19334854,
BFA,2017,19894413,
BFA,2018,20438289,
BFA,2019,20961956,
BFA,2020,21478691,
BFA,2021,21995249,
BFA,2022,22509038,
BFA,2023,23025777,
BFA,2024,,23548782
BFA,2025,,24074582
BFA,2026,,24601699
BFA,2027,,25130913
BFA,2028,,25661937
BFA,2029,,26194611
BFA,2030,,26730318
BFA,2031,,27270867
BFA,2032,,27815176
BFA,2033,,28363851
BFA,2034,,28916946
BFA,2035,,29469752
BFA,2036,,30019877
BFA,2037,,30567564
BFA,2038,,31112529
BFA,2039,,31654872
BFA,2040,,32193646
BFA,2041,,32728839
BFA,2042,,33260948
BFA,2043,,33788602
BFA,2044,,34311738
BFA,2045,,34829695
BFA,2046,,35339505
BFA,2047,,35842182
BFA,2048,,36336704
BFA,2049,,36823430
BFA,2050,,37304387
BFA,2051,,37777227
BFA,2052,,38242572
BFA,2053,,38701583
BFA,2054,,39152195
BFA,2055,,39594571
BFA,2056,,40029938
BFA,2057,,40459360
BFA,2058,,40882719
BFA,2059,,41296892
BFA,2060,,41703266
BFA,2061,,42104628
BFA,2062,,42497034
BFA,2063,,42879260
BFA,2064,,43255067
BFA,2065,,43621043
BFA,2066,,43977058
BFA,2067,,44325779
BFA,2068,,44665712
BFA,2069,,44996492
BFA,2070,,45317077
BFA,2071,,45627050
BFA,2072,,45928079
BFA,2073,,46220200
BFA,2074,,46499297
BFA,2075,,46763511
BFA,2076,,47017349
BFA,2077,,47261632
BFA,2078,,47491506
BFA,2079,,47706653
BFA,2080,,47909729
BFA,2081,,48101232
BFA,2082,,48280452
BFA,2083,,48448864
BFA,2084,,48606403
BFA,2085,,48752492
BFA,2086,,48888623
BFA,2087,,49016577
BFA,2088,,49135258
BFA,2089,,49242230
BFA,2090,,49338639
BFA,2091,,49423431
BFA,2092,,49500273
BFA,2093,,49570115
BFA,2094,,49630281
BFA,2095,,49681954
BFA,2096,,49728795
BFA,2097,,49771490
BFA,2098,,49806208
BFA,2099,,49833585
BFA,2100,,49854237
BDI,1950,2254942,
BDI,1951,2305749,
BDI,1952,2355807,
BDI,1953,2405189,
BDI,1954,2454593,
BDI,1955,2504658,
BDI,1956,2555312,
BDI,1957,2606484,
BDI,1958,2657416,
BDI,1959,2709604,
BDI,1960,2764265,
BDI,1961,2835122,
BDI,1962,2907945,
BDI,1963,2969844,
BDI,1964,3055656,
BDI,1965,3141371,
BDI,1966,3217962,
BDI,1967,3300699,
BDI,1968,3380389,
BDI,1969,3454598,
BDI,1970,3530431,
BDI,1971,3617295,
BDI,1972,3617134,
BDI,1973,3611994,
BDI,1974,3703604,
BDI,1975,3796617,
BDI,1976,3882626,
BDI,1977,3983585,
BDI,1978,4100342,
BDI,1979,4203533,
BDI,1980,4383713,
BDI,1981,4566017,
BDI,1982,4681397,
BDI,1983,4808530,
BDI,1984,4926477,
BDI,1985,5034043,
BDI,1986,5129423,
BDI,1987,5247790,
BDI,1988,5365332,
BDI,1989,5471706,
BDI,1990,5587051,
BDI,1991,5703860,
BDI,1992,5858405,
BDI,1993,5676847,
BDI,1994,5713856,
BDI,1995,6066319,
BDI,1996,6070510,
BDI,1997,6070038,
BDI,1998,6187114,
BDI,1999,6337155,
BDI,2000,6470196,
BDI,2001,6634368,
BDI,2002,6824139,
BDI,2003,7043158,
BDI,2004,7310656,
BDI,2005,7587303,
BDI,2006,7865545,
BDI,2007,8161879,
BDI,2008,8505643,
BDI,2009,8947653,
BDI,2010,9376448,
BDI,2011,9717980,
BDI,2012,10071033,
BDI,2013,10439346,
BDI,2014,10799789,
BDI,2015,11047581,
BDI,2016,11239459,
BDI,2017,11506764,
BDI,2018,11859444,
BDI,2019,12255339,
BDI,2020,12617041,
BDI,2021,12965487,
BDI,2022,13321102,
BDI,2023,13689455,
BDI,2024,,14047788
BDI,2025,,14390015
BDI,2026,,14729163
BDI,2027,,15076979
BDI,2028,,15444023
BDI,2029,,15815857
BDI,2030,,16182016
BDI,2031,,16555036
BDI,2032,,16935234
BDI,2033,,17317638
BDI,2034,,17700810
BDI,2035,,18085841
BDI,2036,,18483051
BDI,2037,,18893264
BDI,2038,,19305535
BDI,2039,,19718525
BDI,2040,,20131320
BDI,2041,,20537562
BDI,2042,,20951562
BDI,2043,,21370849
BDI,2044,,21785700
BDI,2045,,22197891
BDI,2046,,22586215
BDI,2047,,22970059
BDI,2048,,23358501
BDI,2049,,23748954
BDI,2050,,24131721
BDI,2051,,24498530
BDI,2052,,24871152
BDI,2053,,25245546
BDI,2054,,25619875
BDI,2055,,25984929
BDI,2056,,26343382
BDI,2057,,26695958
BDI,2058,,27038597
BDI,2059,,27384216
BDI,2060,,27730969
BDI,2061,,28076070
BDI,2062,,28421074
BDI,2063,,28759217
BDI,2064,,29095183
BDI,2065,,29449562
BDI,2066,,29807607
BDI,2067,,30158823
BDI,2068,,30505795
BDI,2069,,30843198
BDI,2070,,31182957
BDI,2071,,31506407
BDI,2072,,31818372
BDI,2073,,32138561
BDI,2074,,32450611
BDI,2075,,32760372
BDI,2076,,33059260
BDI,2077,,33354541
BDI,2078,,33650366
BDI,2079,,33929287
BDI,2080,,34187555
BDI,2081,,34443598
BDI,2082,,34704072
BDI,2083,,34938908
BDI,2084,,35161171
BDI,2085,,35393145
BDI,2086,,35615851
BDI,2087,,35813563
BDI,2088,,36010789
BDI,2089,,36216275
BDI,2090,,36403373
BDI,2091,,36570006
BDI,2092,,36733616
BDI,2093,,36895773
BDI,2094,,37063887
BDI,2095,,37221704
BDI,2096,,37359559
BDI,2097,,37495700
BDI,2098,,37634311
BDI,2099,,37763561
BDI,2100,,37873955
KHM,1950,4375252,
KHM,1951,4475694,
KHM,1952,4577965,
KHM,1953,4680458,
KHM,1954,4783832,
KHM,1955,4890375,
KHM,1956,4999483,
KHM,1957,5110435,
KHM,1958,5220837,
KHM,1959,5332933,
KHM,1960,5449964,
KHM,1961,5571174,
KHM,1962,5697559,
KHM,1963,5823012,
KHM,1964,5946186,
KHM,1965,6072288,
KHM,1966,6201235,
KHM,1967,6332946,
KHM,1968,6467323,
KHM,1969,6604731,
KHM,1970,6639187,
KHM,1971,6620880,
KHM,1972,6673890,
KHM,1973,6739737,
KHM,1974,6783251,
KHM,1975,6581373,
KHM,1976,6134989,
KHM,1977,5668561,
KHM,1978,5211654,
KHM,1979,5088812,
KHM,1980,5199874,
KHM,1981,5284493,
KHM,1982,5436436,
KHM,1983,5636206,
KHM,1984,5845115,
KHM,1985,6043782,
KHM,1986,6285699,
KHM,1987,6557971,
KHM,1988,6812012,
KHM,1989,7073472,
KHM,1990,7374754,
KHM,1991,7686857,
KHM,1992,8113085,
KHM,1993,8616383,
KHM,1994,9239160,
KHM,1995,10018500,
KHM,1996,10801268,
KHM,1997,11570986,
KHM,1998,12058180,
KHM,1999,12265734,
KHM,2000,12462343,
KHM,2001,12658486,
KHM,2002,12855249,
KHM,2003,13050977,
KHM,2004,13244737,
KHM,2005,13439203,
KHM,2006,13639032,
KHM,2007,13841773,
KHM,2008,14053479,
KHM,2009,14276819,
KHM,2010,14500730,
KHM,2011,14722587,
KHM,2012,14945090,
KHM,2013,15170210,
KHM,2014,15396771,
KHM,2015,15623253,
KHM,2016,15852802,
KHM,2017,16073374,
KHM,2018,16274522,
KHM,2019,16481305,
KHM,2020,16725484,
KHM,2021,16974309,
KHM,2022,17201721,
KHM,2023,17423884,
KHM,2024,,17638804
KHM,2025,,17847981
KHM,2026,,18051219
KHM,2027,,18250142
KHM,2028,,18446773
KHM,2029,,18639399
KHM,2030,,18827384
KHM,2031,,19012055
KHM,2032,,19193353
KHM,2033,,19371581
KHM,2034,,19546872
KHM,2035,,19720140
KHM,2036,,19889529
KHM,2037,,20055502
KHM,2038,,20220803
KHM,2039,,20382862
KHM,2040,,20540682
KHM,2041,,20695383
KHM,2042,,20848373
KHM,2043,,20998541
KHM,2044,,21144577
KHM,2045,,21286234
KHM,2046,,21424344
KHM,2047,,21558221
KHM,2048,,21687191
KHM,2049,,21812189
KHM,2050,,21931455
KHM,2051,,22045831
KHM,2052,,22155643
KHM,2053,,22259418
KHM,2054,,22358452
KHM,2055,,22452159
KHM,2056,,22540620
KHM,2057,,22625412
KHM,2058,,22706121
KHM,2059,,22781993
KHM,2060,,22852984
KHM,2061,,22918441
KHM,2062,,22977431
KHM,2063,,23031333
KHM,2064,,23082379
KHM,2065,,23127852
KHM,2066,,23168696
KHM,2067,,23207957
KHM,2068,,23242406
KHM,2069,,23271424
KHM,2070,,23296116
KHM,2071,,23317479
KHM,2072,,23336579
KHM,2073,,23351637
KHM,2074,,23363973
KHM,2075,,23373134
KHM,2076,,23379783
KHM,2077,,23385529
KHM,2078,,23387216
KHM,2079,,23384651
KHM,2080,,23379537
KHM,2081,,23373533
KHM,2082,,23366458
KHM,2083,,23356263
KHM,2084,,23341553
KHM,2085,,23324013
KHM,2086,,23304189
KHM,2087,,23281151
KHM,2088,,23257254
KHM,2089,,23229900
KHM,2090,,23198285
KHM,2091,,23166443
KHM,2092,,23131654
KHM,2093,,23092839
KHM,2094,,23050681
KHM,2095,,23006632
KHM,2096,,22960050
KHM,2097,,22908590
KHM,2098,,22853599
KHM,2099,,22797223
KHM,2100,,22738860
CMR,1950,4330088,
CMR,1951,4395365,
CMR,1952,4464718,
CMR,1953,4538446,
CMR,1954,4616889,
CMR,1955,4700267,
CMR,1956,4788341,
CMR,1957,4878935,
CMR,1958,4972220,
CMR,1959,5070072,
CMR,1960,5159059,
CMR,1961,5239281,
CMR,1962,5338626,
CMR,1963,5456615,
CMR,1964,5578261,
CMR,1965,5704688,
CMR,1966,5837300,
CMR,1967,5977315,
CMR,1968,6125860,
CMR,1969,6283470,
CMR,1970,6449795,
CMR,1971,6624415,
CMR,1972,6806873,
CMR,1973,6996661,
CMR,1974,7193589,
CMR,1975,7397126,
CMR,1976,7597962,
CMR,1977,7796510,
CMR,1978,8011917,
CMR,1979,8239642,
CMR,1980,8512217,
CMR,1981,8816377,
CMR,1982,9028676,
CMR,1983,9215395,
CMR,1984,9475085,
CMR,1985,9761728,
CMR,1986,10060342,
CMR,1987,10370753,
CMR,1988,10684972,
CMR,1989,11002749,
CMR,1990,11331827,
CMR,1991,11667186,
CMR,1992,12006362,
CMR,1993,12353131,
CMR,1994,12704900,
CMR,1995,13058517,
CMR,1996,13414761,
CMR,1997,13775216,
CMR,1998,14144857,
CMR,1999,14525145,
CMR,2000,14912632,
CMR,2001,15309489,
CMR,2002,15725534,
CMR,2003,16160340,
CMR,2004,16610485,
CMR,2005,17074599,
CMR,2006,17550403,
CMR,2007,18049897,
CMR,2008,18574052,
CMR,2009,19113978,
CMR,2010,19668063,
CMR,2011,20232312,
CMR,2012,20809530,
CMR,2013,21402379,
CMR,2014,22059894,
CMR,2015,22763418,
CMR,2016,23454165,
CMR,2017,24128609,
CMR,2018,24806377,
CMR,2019,25506095,
CMR,2020,26210566,
CMR,2021,26915765,
CMR,2022,27632770,
CMR,2023,28372690,
CMR,2024,,29123748
CMR,2025,,29879341
CMR,2026,,30640815
CMR,2027,,31410383
CMR,2028,,32190672
CMR,2029,,32979281
CMR,2030,,33777188
CMR,2031,,34584123
CMR,2032,,35399672
CMR,2033,,36223486
CMR,2034,,37054809
CMR,2035,,37893824
CMR,2036,,38742467
CMR,2037,,39600374
CMR,2038,,40463013
CMR,2039,,41332847
CMR,2040,,42208006
CMR,2041,,43089981
CMR,2042,,43976021
CMR,2043,,44857800
CMR,2044,,45741476
CMR,2045,,46629042
CMR,2046,,47519037
CMR,2047,,48413784
CMR,2048,,49308770
CMR,2049,,50203275
CMR,2050,,51096324
CMR,2051,,51989014
CMR,2052,,52885712
CMR,2053,,53780181
CMR,2054,,54670867
CMR,2055,,55557084
CMR,2056,,56438112
CMR,2057,,57320855
CMR,2058,,58204681
CMR,2059,,59084929
CMR,2060,,59960893
CMR,2061,,60830911
CMR,2062,,61695075
CMR,2063,,62554751
CMR,2064,,63411695
CMR,2065,,64266379
CMR,2066,,65117250
CMR,2067,,65962220
CMR,2068,,66799153
CMR,2069,,67630712
CMR,2070,,68458223
CMR,2071,,69281004
CMR,2072,,70100398
CMR,2073,,70912207
CMR,2074,,71716681
CMR,2075,,72513578
CMR,2076,,73296753
CMR,2077,,74071100
CMR,2078,,74837848
CMR,2079,,75593961
CMR,2080,,76344370
CMR,2081,,77085037
CMR,2082,,77810055
CMR,2083,,78523926
CMR,2084,,79226077
CMR,2085,,79916767
CMR,2086,,80595174
CMR,2087,,81262718
CMR,2088,,81920826
CMR,2089,,82567875
CMR,2090,,83203327
CMR,2091,,83825945
CMR,2092,,84434007
CMR,2093,,85029323
CMR,2094,,85616516
CMR,2095,,86190168
CMR,2096,,86750797
CMR,2097,,87301730
CMR,2098,,87838654
CMR,2099,,88362382
CMR,2100,,88875686
CAN,1950,13741740,
CAN,1951,14083298,
CAN,1952,14482799,
CAN,1953,14897877,
CAN,1954,15318987,
CAN,1955,15728281,
CAN,1956,16159621,
CAN,1957,16641329,
CAN,1958,17104091,
CAN,1959,17515522,
CAN,1960,17898793,
CAN,1961,18263078,
CAN,1962,18613597,
CAN,1963,18964258,
CAN,1964,19321670,
CAN,1965,19685517,
CAN,1966,20053667,
CAN,1967,20408776,
CAN,1968,20734173,
CAN,1969,21037620,
CAN,1970,21440022,
CAN,1971,21895694,
CAN,1972,22230876,
CAN,1973,22512229,
CAN,1974,22824085,
CAN,1975,23148981,
CAN,1976,23455783,
CAN,1977,23730341,
CAN,1978,23978742,
CAN,1979,24237173,
CAN,1980,24533779,
CAN,1981,24844977,
CAN,1982,25140164,
CAN,1983,25412605,
CAN,1984,25670376,
CAN,1985,25927463,
CAN,1986,26211036,
CAN,1987,26540913,
CAN,1988,26927938,
CAN,1989,27366046,
CAN,1990,27789437,
CAN,1991,28157154,
CAN,1992,28500066,
CAN,1993,28830635,
CAN,1994,29147383,
CAN,1995,29459138,
CAN,1996,29767210,
CAN,1997,30059088,
CAN,1998,30329971,
CAN,1999,30599458,
CAN,2000,30891800,
CAN,2001,31213578,
CAN,2002,31535579,
CAN,2003,31836483,
CAN,2004,32132680,
CAN,2005,32440172,
CAN,2006,32759174,
CAN,2007,33092171,
CAN,2008,33449088,
CAN,2009,33826370,
CAN,2010,34196900,
CAN,2011,34555449,
CAN,2012,34922513,
CAN,2013,35293421,
CAN,2014,35634265,
CAN,2015,35962236,
CAN,2016,36353345,
CAN,2017,36808498,
CAN,2018,37294996,
CAN,2019,37782934,
CAN,2020,38171903,
CAN,2021,38454058,
CAN,2022,38821259,
CAN,2023,39299098,
CAN,2024,,39742429
CAN,2025,,40126728
CAN,2026,,40467724
CAN,2027,,40782232
CAN,2028,,41085503
CAN,2029,,41376294
CAN,2030,,41655587
CAN,2031,,41928615
CAN,2032,,42191768
CAN,2033,,42438026
CAN,2034,,42676475
CAN,2035,,42905261
CAN,2036,,43124450
CAN,2037,,43343002
CAN,2038,,43555948
CAN,2039,,43759361
CAN,2040,,43951420
CAN,2041,,44137906
CAN,2042,,44321950
CAN,2043,,44501141
CAN,2044,,44675806
CAN,2045,,44850091
CAN,2046,,45016754
CAN,2047,,45173482
CAN,2048,,45329223
CAN,2049,,45476946
CAN,2050,,45621880
CAN,2051,,45771460
CAN,2052,,45922957
CAN,2053,,46071011
CAN,2054,,46213218
CAN,2055,,46357072
CAN,2056,,46504141
CAN,2057,,46655786
CAN,2058,,46816191
CAN,2059,,46982138
CAN,2060,,47145292
CAN,2061,,47309917
CAN,2062,,47481925
CAN,2063,,47656828
CAN,2064,,47829976
CAN,2065,,48002033
CAN,2066,,48174159
CAN,2067,,48350941
CAN,2068,,48525238
CAN,2069,,48692306
CAN,2070,,48857803
CAN,2071,,49022935
CAN,2072,,49187294
CAN,2073,,49346190
CAN,2074,,49501803
CAN,2075,,49661526
CAN,2076,,49826109
CAN,2077,,49984252
CAN,2078,,50140225
CAN,2079,,50297171
CAN,2080,,50449255
CAN,2081,,50606319
CAN,2082,,50759610
CAN,2083,,50910756
CAN,2084,,51064690
CAN,2085,,51211736
CAN,2086,,51357623
CAN,2087,,51502221
CAN,2088,,51658548
CAN,2089,,51815706
CAN,2090,,51956740
CAN,2091,,52105250
CAN,2092,,52259692
CAN,2093,,52414813
CAN,2094,,52573700
CAN,2095,,52734104
CAN,2096,,52898267
CAN,2097,,53074355
CAN,2098,,53258348
CAN,2099,,53436910
CAN,2100,,53612233
CPV,1950,184986,
CPV,1951,187208,
CPV,1952,189445,
CPV,1953,191560,
CPV,1954,193557,
CPV,1955,195622,
CPV,1956,197856,
CPV,1957,200300,
CPV,1958,203100,
CPV,1959,206367,
CPV,1960,210034,
CPV,1961,215095,
CPV,1962,221930,
CPV,1963,229386,
CPV,1964,237017,
CPV,1965,244868,
CPV,1966,252989,
CPV,1967,261409,
CPV,1968,270172,
CPV,1969,279254,
CPV,1970,287895,
CPV,1971,294052,
CPV,1972,297388,
CPV,1973,299890,
CPV,1974,302578,
CPV,1975,305853,
CPV,1976,309462,
CPV,1977,312843,
CPV,1978,316163,
CPV,1979,319485,
CPV,1980,323310,
CPV,1981,327859,
CPV,1982,332729,
CPV,1983,337661,
CPV,1984,342511,
CPV,1985,347370,
CPV,1986,352321,
CPV,1987,357308,
CPV,1988,362339,
CPV,1989,367820,
CPV,1990,375437,
CPV,1991,384603,
CPV,1992,393426,
CPV,1993,401977,
CPV,1994,410230,
CPV,1995,418116,
CPV,1996,425592,
CPV,1997,432803,
CPV,1998,439789,
CPV,1999,446528,
CPV,2000,453335,
CPV,2001,460300,
CPV,2002,467056,
CPV,2003,473384,
CPV,2004,479377,
CPV,2005,485128,
CPV,2006,490728,
CPV,2007,496196,
CPV,2008,501362,
CPV,2009,506148,
CPV,2010,509793,
CPV,2011,511453,
CPV,2012,511966,
CPV,2013,512231,
CPV,2014,512334,
CPV,2015,512405,
CPV,2016,512556,
CPV,2017,512899,
CPV,2018,513418,
CPV,2019,514116,
CPV,2020,514683,
CPV,2021,516655,
CPV,2022,519750,
CPV,2023,522335,
CPV,2024,,524878
CPV,2025,,527333
CPV,2026,,529641
CPV,2027,,531876
CPV,2028,,534121
CPV,2029,,536346
CPV,2030,,538618
CPV,2031,,540771
CPV,2032,,542803
CPV,2033,,544770
CPV,2034,,546655
CPV,2035,,548595
CPV,2036,,550482
CPV,2037,,552294
CPV,2038,,554087
CPV,2039,,555803
CPV,2040,,557378
CPV,2041,,558820
CPV,2042,,560140
CPV,2043,,561352
CPV,2044,,562469
CPV,2045,,563485
CPV,2046,,564359
CPV,2047,,565019
CPV,2048,,565513
CPV,2049,,565898
CPV,2050,,566142
CPV,2051,,566201
CPV,2052,,566149
CPV,2053,,565918
CPV,2054,,565412
CPV,2055,,564667
CPV,2056,,563789
CPV,2057,,562748
CPV,2058,,561509
CPV,2059,,560059
CPV,2060,,558433
CPV,2061,,556659
CPV,2062,,554682
CPV,2063,,552577
CPV,2064,,550404
CPV,2065,,548119
CPV,2066,,545633
CPV,2067,,542945
CPV,2068,,540172
CPV,2069,,537332
CPV,2070,,534404
CPV,2071,,531507
CPV,2072,,528567
CPV,2073,,525474
CPV,2074,,522290
CPV,2075,,518979
CPV,2076,,515554
CPV,2077,,512087
CPV,2078,,508547
CPV,2079,,504883
CPV,2080,,501059
CPV,2081,,497144
CPV,2082,,493165
CPV,2083,,489170
CPV,2084,,485117
CPV,2085,,480956
CPV,2086,,476786
CPV,2087,,472597
CPV,2088,,468376
CPV,2089,,464070
CPV,2090,,459739
CPV,2091,,455443
CPV,2092,,451171
CPV,2093,,446843
CPV,2094,,442510
CPV,2095,,438188
CPV,2096,,433905
CPV,2097,,429647
CPV,2098,,425426
CPV,2099,,421194
CPV,2100,,416947
CYM,1950,7022,
CYM,1951,7156,
CYM,1952,7281,
CYM,1953,7426,
CYM,1954,7574,
CYM,1955,7718,
CYM,1956,7865,
CYM,1957,8011,
CYM,1958,8155,
CYM,1959,8292,
CYM,1960,8449,
CYM,1961,8620,
CYM,1962,8802,
CYM,1963,8992,
CYM,1964,9190,
CYM,1965,9379,
CYM,1966,9585,
CYM,1967,9792,
CYM,1968,9993,
CYM,1969,10186,
CYM,1970,10541,
CYM,1971,11119,
CYM,1972,11786,
CYM,1973,12460,
CYM,1974,13135,
CYM,1975,13811,
CYM,1976,14477,
CYM,1977,15130,
CYM,1978,15746,
CYM,1979,16376,
CYM,1980,17102,
CYM,1981,17924,
CYM,1982,18776,
CYM,1983,19620,
CYM,1984,20480,
CYM,1985,21349,
CYM,1986,22221,
CYM,1987,23095,
CYM,1988,23969,
CYM,1989,24901,
CYM,1990,26023,
CYM,1991,27316,
CYM,1992,28642,
CYM,1993,29999,
CYM,1994,31379,
CYM,1995,32764,
CYM,1996,34168,
CYM,1997,35568,
CYM,1998,36949,
CYM,1999,38305,
CYM,2000,39699,
CYM,2001,41109,
CYM,2002,42534,
CYM,2003,43952,
CYM,2004,45372,
CYM,2005,46809,
CYM,2006,48252,
CYM,2007,49709,
CYM,2008,51175,
CYM,2009,52639,
CYM,2010,54120,
CYM,2011,55630,
CYM,2012,57155,
CYM,2013,58678,
CYM,2014,60179,
CYM,2015,61665,
CYM,2016,63121,
CYM,2017,64561,
CYM,2018,65962,
CYM,2019,67346,
CYM,2020,68703,
CYM,2021,70126,
CYM,2022,71610,
CYM,2023,73055,
CYM,2024,,74476
CYM,2025,,75861
CYM,2026,,77217
CYM,2027,,78552
CYM,2028,,79872
CYM,2029,,81167
CYM,2030,,82432
CYM,2031,,83697
CYM,2032,,84937
CYM,2033,,86147
CYM,2034,,87342
CYM,2035,,88480
CYM,2036,,89619
CYM,2037,,90765
CYM,2038,,91891
CYM,2039,,93007
CYM,2040,,94125
CYM,2041,,95230
CYM,2042,,96311
CYM,2043,,97377
CYM,2044,,98412
CYM,2045,,99397
CYM,2046,,100356
CYM,2047,,101283
CYM,2048,,102215
CYM,2049,,103102
CYM,2050,,103970
CYM,2051,,104853
CYM,2052,,105656
CYM,2053,,106396
CYM,2054,,107118
CYM,2055,,107816
CYM,2056,,108517
CYM,2057,,109152
CYM,2058,,109706
CYM,2059,,110248
CYM,2060,,110744
CYM,2061,,111184
CYM,2062,,111601
CYM,2063,,111989
CYM,2064,,112335
CYM,2065,,112644
CYM,2066,,112935
CYM,2067,,113235
CYM,2068,,113559
CYM,2069,,113873
CYM,2070,,114163
CYM,2071,,114445
CYM,2072,,114711
CYM,2073,,114947
CYM,2074,,115149
CYM,2075,,115347
CYM,2076,,115517
CYM,2077,,115716
CYM,2078,,115892
CYM,2079,,116035
CYM,2080,,116171
CYM,2081,,116305
CYM,2082,,116455
CYM,2083,,116604
CYM,2084,,116760
CYM,2085,,116916
CYM,2086,,117049
CYM,2087,,117171
CYM,2088,,117284
CYM,2089,,117376
CYM,2090,,117503
CYM,2091,,117664
CYM,2092,,117802
CYM,2093,,117902
CYM,2094,,117984
CYM,2095,,118048
CYM,2096,,118097
CYM,2097,,118134
CYM,2098,,118131
CYM,2099,,118089
CYM,2100,,118033
CAF,1950,1438062,
CAF,1951,1461255,
CAF,1952,1484828,
CAF,1953,1508951,
CAF,1954,1533762,
CAF,1955,1559371,
CAF,1956,1585850,
CAF,1957,1613283,
CAF,1958,1641677,
CAF,1959,1671336,
CAF,1960,1702346,
CAF,1961,1734583,
CAF,1962,1768124,
CAF,1963,1803067,
CAF,1964,1839582,
CAF,1965,1877856,
CAF,1966,1918087,
CAF,1967,1960450,
CAF,1968,2005104,
CAF,1969,2051517,
CAF,1970,2097513,
CAF,1971,2141455,
CAF,1972,2183773,
CAF,1973,2226007,
CAF,1974,2269345,
CAF,1975,2313925,
CAF,1976,2348567,
CAF,1977,2372932,
CAF,1978,2397963,
CAF,1979,2423800,
CAF,1980,2450537,
CAF,1981,2478413,
CAF,1982,2507374,
CAF,1983,2537407,
CAF,1984,2568610,
CAF,1985,2600939,
CAF,1986,2634262,
CAF,1987,2669154,
CAF,1988,2713967,
CAF,1989,2783977,
CAF,1990,2871915,
CAF,1991,2963195,
CAF,1992,3058837,
CAF,1993,3157842,
CAF,1994,3257956,
CAF,1995,3348062,
CAF,1996,3435973,
CAF,1997,3531700,
CAF,1998,3628833,
CAF,1999,3729452,
CAF,2000,3833421,
CAF,2001,3919498,
CAF,2002,4006079,
CAF,2003,4103092,
CAF,2004,4192828,
CAF,2005,4288814,
CAF,2006,4377582,
CAF,2007,4462777,
CAF,2008,4558989,
CAF,2009,4529051,
CAF,2010,4493003,
CAF,2011,4565023,
CAF,2012,4610848,
CAF,2013,4642423,
CAF,2014,4623187,
CAF,2015,4629322,
CAF,2016,4713663,
CAF,2017,4793512,
CAF,2018,4878663,
CAF,2019,4944708,
CAF,2020,5026629,
CAF,2021,5112103,
CAF,2022,5098038,
CAF,2023,5152415,
CAF,2024,,5330691
CAF,2025,,5513286
CAF,2026,,5698990
CAF,2027,,5888126
CAF,2028,,6082467
CAF,2029,,6279729
CAF,2030,,6478253
CAF,2031,,6680055
CAF,2032,,6884145
CAF,2033,,7089447
CAF,2034,,7296252
CAF,2035,,7502587
CAF,2036,,7707568
CAF,2037,,7911637
CAF,2038,,8115868
CAF,2039,,8321554
CAF,2040,,8526458
CAF,2041,,8729077
CAF,2042,,8931169
CAF,2043,,9134995
CAF,2044,,9341765
CAF,2045,,9550897
CAF,2046,,9761450
CAF,2047,,9972761
CAF,2048,,10186024
CAF,2049,,10400628
CAF,2050,,10616753
CAF,2051,,10834360
CAF,2052,,11052356
CAF,2053,,11271690
CAF,2054,,11491192
CAF,2055,,11710163
CAF,2056,,11928611
CAF,2057,,12146813
CAF,2058,,12364357
CAF,2059,,12580152
CAF,2060,,12794253
CAF,2061,,13005381
CAF,2062,,13214263
CAF,2063,,13423527
CAF,2064,,13629234
CAF,2065,,13830257
CAF,2066,,14030005
CAF,2067,,14229121
CAF,2068,,14425336
CAF,2069,,14618135
CAF,2070,,14809846
CAF,2071,,14997825
CAF,2072,,15178491
CAF,2073,,15355548
CAF,2074,,15528206
CAF,2075,,15697691
CAF,2076,,15868018
CAF,2077,,16035526
CAF,2078,,16196834
CAF,2079,,16350363
CAF,2080,,16502027
CAF,2081,,16652250
CAF,2082,,16799365
CAF,2083,,16945092
CAF,2084,,17086357
CAF,2085,,17221561
CAF,2086,,17354295
CAF,2087,,17483565
CAF,2088,,17607043
CAF,2089,,17724416
CAF,2090,,17838601
CAF,2091,,17951023
CAF,2092,,18059042
CAF,2093,,18162238
CAF,2094,,18261244
CAF,2095,,18358756
CAF,2096,,18451741
CAF,2097,,18538428
CAF,2098,,18622115
CAF,2099,,18703144
CAF,2100,,18779151
TCD,1950,2525457,
TCD,1951,2570410,
TCD,1952,2616313,
TCD,1953,2663776,
TCD,1954,2713010,
TCD,1955,2764252,
TCD,1956,2817660,
TCD,1957,2873095,
TCD,1958,2930371,
TCD,1959,2989326,
TCD,1960,3049843,
TCD,1961,3111956,
TCD,1962,3175599,
TCD,1963,3240909,
TCD,1964,3307482,
TCD,1965,3374220,
TCD,1966,3440907,
TCD,1967,3508513,
TCD,1968,3578228,
TCD,1969,3651121,
TCD,1970,3727834,
TCD,1971,3807326,
TCD,1972,3893253,
TCD,1973,3985914,
TCD,1974,4078363,
TCD,1975,4167237,
TCD,1976,4251299,
TCD,1977,4331668,
TCD,1978,4411370,
TCD,1979,4505384,
TCD,1980,4515461,
TCD,1981,4520965,
TCD,1982,4738486,
TCD,1983,4979137,
TCD,1984,5045152,
TCD,1985,5096274,
TCD,1986,5251074,
TCD,1987,5438311,
TCD,1988,5625601,
TCD,1989,5819588,
TCD,1990,5982838,
TCD,1991,6205688,
TCD,1992,6474651,
TCD,1993,6629147,
TCD,1994,6783456,
TCD,1995,7089063,
TCD,1996,7410107,
TCD,1997,7670371,
TCD,1998,7938841,
TCD,1999,8222710,
TCD,2000,8512092,
TCD,2001,8804122,
TCD,2002,9116195,
TCD,2003,9487830,
TCD,2004,9920036,
TCD,2005,10328094,
TCD,2006,10706426,
TCD,2007,11081667,
TCD,2008,11476299,
TCD,2009,11893753,
TCD,2010,12312580,
TCD,2011,12755004,
TCD,2012,13211006,
TCD,2013,13691081,
TCD,2014,14188680,
TCD,2015,14647626,
TCD,2016,15114652,
TCD,2017,15622756,
TCD,2018,16156535,
TCD,2019,16685223,
TCD,2020,17224686,
TCD,2021,17828274,
TCD,2022,18455319,
TCD,2023,19319075,
TCD,2024,,20299131
TCD,2025,,21003701
TCD,2026,,21560385
TCD,2027,,22175382
TCD,2028,,22847750
TCD,2029,,23526044
TCD,2030,,24207490
TCD,2031,,24897239
TCD,2032,,25596234
TCD,2033,,26297840
TCD,2034,,26997405
TCD,2035,,27697278
TCD,2036,,28410500
TCD,2037,,29132971
TCD,2038,,29856463
TCD,2039,,30584709
TCD,2040,,31307342
TCD,2041,,32035122
TCD,2042,,32777674
TCD,2043,,33525251
TCD,2044,,34272327
TCD,2045,,35026398
TCD,2046,,35788070
TCD,2047,,36546924
TCD,2048,,37317474
TCD,2049,,38088929
TCD,2050,,38857686
TCD,2051,,39636029
TCD,2052,,40417242
TCD,2053,,41198789
TCD,2054,,41975495
TCD,2055,,42754653
TCD,2056,,43535496
TCD,2057,,44307101
TCD,2058,,45076268
TCD,2059,,45852726
TCD,2060,,46632973
TCD,2061,,47394756
TCD,2062,,48138591
TCD,2063,,48877553
TCD,2064,,49618996
TCD,2065,,50353310
TCD,2066,,51077562
TCD,2067,,51782715
TCD,2068,,52470760
TCD,2069,,53159583
TCD,2070,,53842135
TCD,2071,,54524659
TCD,2072,,55209886
TCD,2073,,55884822
TCD,2074,,56539265
TCD,2075,,57185790
TCD,2076,,57827025
TCD,2077,,58458812
TCD,2078,,59090656
TCD,2079,,59717799
TCD,2080,,60327436
TCD,2081,,60926277
TCD,2082,,61499868
TCD,2083,,62056321
TCD,2084,,62614533
TCD,2085,,63162285
TCD,2086,,63691685
TCD,2087,,64204338
TCD,2088,,64696817
TCD,2089,,65177198
TCD,2090,,65661963
TCD,2091,,66127374
TCD,2092,,66573219
TCD,2093,,67005884
TCD,2094,,67409187
TCD,2095,,67793403
TCD,2096,,68175869
TCD,2097,,68557149
TCD,2098,,68907301
TCD,2099,,69227472
TCD,2100,,69546606
CHL,1950,6628577,
CHL,1951,6756666,
CHL,1952,6891992,
CHL,1953,7033534,
CHL,1954,7180570,
CHL,1955,7332311,
CHL,1956,7489537,
CHL,1957,7651307,
CHL,1958,7815995,
CHL,1959,7983432,
CHL,1960,8153356,
CHL,1961,8324802,
CHL,1962,8497068,
CHL,1963,8670148,
CHL,1964,8842536,
CHL,1965,9012944,
CHL,1966,9181729,
CHL,1967,9348941,
CHL,1968,9514712,
CHL,1969,9680281,
CHL,1970,9845347,
CHL,1971,10009698,
CHL,1972,10174678,
CHL,1973,10340367,
CHL,1974,10505817,
CHL,1975,10671567,
CHL,1976,10838255,
CHL,1977,11005518,
CHL,1978,11172698,
CHL,1979,11339778,
CHL,1980,11508553,
CHL,1981,11678714,
CHL,1982,11850214,
CHL,1983,12026139,
CHL,1984,12207731,
CHL,1985,12395277,
CHL,1986,12588923,
CHL,1987,12790156,
CHL,1988,12999426,
CHL,1989,13215015,
CHL,1990,13437181,
CHL,1991,13662482,
CHL,1992,13884579,
CHL,1993,14102276,
CHL,1994,14316263,
CHL,1995,14527382,
CHL,1996,14734049,
CHL,1997,14932436,
CHL,1998,15127799,
CHL,1999,15319311,
CHL,2000,15503638,
CHL,2001,15683852,
CHL,2002,15857926,
CHL,2003,16024755,
CHL,2004,16187324,
CHL,2005,16348780,
CHL,2006,16509195,
CHL,2007,16671571,
CHL,2008,16838987,
CHL,2009,17009730,
CHL,2010,17181463,
CHL,2011,17351810,
CHL,2012,17519116,
CHL,2013,17687006,
CHL,2014,17864192,
CHL,2015,18047630,
CHL,2016,18267225,
CHL,2017,18558868,
CHL,2018,18893185,
CHL,2019,19197748,
CHL,2020,19370621,
CHL,2021,19456323,
CHL,2022,19553033,
CHL,2023,19658833,
CHL,2024,,19764774
CHL,2025,,19859919
CHL,2026,,19945850
CHL,2027,,20026151
CHL,2028,,20100933
CHL,2029,,20169622
CHL,2030,,20233186
CHL,2031,,20290983
CHL,2032,,20341800
CHL,2033,,20385073
CHL,2034,,20422548
CHL,2035,,20455939
CHL,2036,,20485083
CHL,2037,,20507952
CHL,2038,,20524484
CHL,2039,,20535711
CHL,2040,,20542099
CHL,2041,,20543286
CHL,2042,,20539912
CHL,2043,,20532922
CHL,2044,,20519680
CHL,2045,,20499140
CHL,2046,,20473287
CHL,2047,,20443724
CHL,2048,,20408330
CHL,2049,,20366438
CHL,2050,,20320305
CHL,2051,,20269202
CHL,2052,,20211418
CHL,2053,,20146395
CHL,2054,,20075220
CHL,2055,,19998266
CHL,2056,,19915518
CHL,2057,,19827630
CHL,2058,,19735663
CHL,2059,,19638748
CHL,2060,,19536583
CHL,2061,,19430026
CHL,2062,,19318420
CHL,2063,,19201091
CHL,2064,,19077778
CHL,2065,,18951113
CHL,2066,,18820958
CHL,2067,,18687539
CHL,2068,,18552326
CHL,2069,,18415489
CHL,2070,,18276828
CHL,2071,,18135284
CHL,2072,,17992062
CHL,2073,,17847729
CHL,2074,,17700421
CHL,2075,,17549403
CHL,2076,,17395723
CHL,2077,,17239829
CHL,2078,,17081477
CHL,2079,,16921163
CHL,2080,,16758881
CHL,2081,,16594893
CHL,2082,,16430966
CHL,2083,,16265893
CHL,2084,,16098428
CHL,2085,,15928821
CHL,2086,,15757590
CHL,2087,,15585571
CHL,2088,,15412000
CHL,2089,,15237935
CHL,2090,,15064885
CHL,2091,,14893265
CHL,2092,,14723842
CHL,2093,,14555966
CHL,2094,,14389262
CHL,2095,,14224290
CHL,2096,,14061320
CHL,2097,,13901090
CHL,2098,,13742672
CHL,2099,,13585677
CHL,2100,,13430615
CHN,1950,544044355,
CHN,1951,553758251,
CHN,1952,565131435,
CHN,1953,577557140,
CHN,1954,590113859,
CHN,1955,603547014,
CHN,1956,616558585,
CHN,1957,630356210,
CHN,1958,644219478,
CHN,1959,652708211,
CHN,1960,654802068,
CHN,1961,655773484,
CHN,1962,665073690,
CHN,1963,684552646,
CHN,1964,704798263,
CHN,1965,723415737,
CHN,1966,742402206,
CHN,1967,761026025,
CHN,1968,781011030,
CHN,1969,802140341,
CHN,1970,823308964,
CHN,1971,844069870,
CHN,1972,863677810,
CHN,1973,882576945,
CHN,1974,900307580,
CHN,1975,916116796,
CHN,1976,930372293,
CHN,1977,943546374,
CHN,1978,956161482,
CHN,1979,969288071,
CHN,1980,983163540,
CHN,1981,997721072,
CHN,1982,1013588177,
CHN,1983,1029064952,
CHN,1984,1043849645,
CHN,1985,1059807818,
CHN,1986,1077233607,
CHN,1987,1096217445,
CHN,1988,1115244168,
CHN,1989,1133991006,
CHN,1990,1153582725,
CHN,1991,1170788533,
CHN,1992,1184574236,
CHN,1993,1197308574,
CHN,1994,1209003099,
CHN,1995,1220133929,
CHN,1996,1230944809,
CHN,1997,1241139623,
CHN,1998,1250847122,
CHN,1999,1260176650,
CHN,2000,1269581174,
CHN,2001,1278725061,
CHN,2002,1286866835,
CHN,2003,1294517323,
CHN,2004,1302100316,
CHN,2005,1310027135,
CHN,2006,1318054030,
CHN,2007,1325813576,
CHN,2008,1333821011,
CHN,2009,1342522717,
CHN,2010,1351561505,
CHN,2011,1360250658,
CHN,2012,1369520866,
CHN,2013,1379008040,
CHN,2014,1387951970,
CHN,2015,1396134171,
CHN,2016,1404052628,
CHN,2017,1412354730,
CHN,2018,1419008954,
CHN,2019,1423520357,
CHN,2020,1426106093,
CHN,2021,1426437269,
CHN,2022,1425179562,
CHN,2023,1422584930,
CHN,2024,,1419321284
CHN,2025,,1416096093
CHN,2026,,1412914090
CHN,2027,,1409679406
CHN,2028,,1406136744
CHN,2029,,1402282747
CHN,2030,,1398153829
CHN,2031,,1393748664
CHN,2032,,1389060034
CHN,2033,,1384096522
CHN,2034,,1378876940
CHN,2035,,1373427526
CHN,2036,,1367742784
CHN,2037,,1361830056
CHN,2038,,1355722712
CHN,2039,,1349394719
CHN,2040,,1342816657
CHN,2041,,1335990231
CHN,2042,,1328909234
CHN,2043,,1321590801
CHN,2044,,1314015988
CHN,2045,,1306113781
CHN,2046,,1297817582
CHN,2047,,1289120432
CHN,2048,,1279992585
CHN,2049,,1270381149
CHN,2050,,1260289089
CHN,2051,,1249692538
CHN,2052,,1238557130
CHN,2053,,1226929853
CHN,2054,,1214853342
CHN,2055,,1202342470
CHN,2056,,1189440667
CHN,2057,,1176217941
CHN,2058,,1162722702
CHN,2059,,1149002165
CHN,2060,,1135127187
CHN,2061,,1121174714
CHN,2062,,1107207131
CHN,2063,,1093276698
CHN,2064,,1079407880
CHN,2065,,1065632522
CHN,2066,,1051989135
CHN,2067,,1038472810
CHN,2068,,1025103452
CHN,2069,,1011878187
CHN,2070,,998784320
CHN,2071,,985806546
CHN,2072,,972905676
CHN,2073,,960055379
CHN,2074,,947249408
CHN,2075,,934466657
CHN,2076,,921677632
CHN,2077,,908874537
CHN,2078,,896043788
CHN,2079,,883166964
CHN,2080,,870252336
CHN,2081,,857328716
CHN,2082,,844439194
CHN,2083,,831604662
CHN,2084,,818815360
CHN,2085,,806115053
CHN,2086,,793559251
CHN,2087,,781153712
CHN,2088,,768899126
CHN,2089,,756809106
CHN,2090,,744902835
CHN,2091,,733179447
CHN,2092,,721612750
CHN,2093,,710185967
CHN,2094,,698893771
CHN,2095,,687724077
CHN,2096,,676660870
CHN,2097,,665695505
CHN,2098,,654825387
CHN,2099,,644049392
CHN,2100,,633368105
COL,1950,11766991,
COL,1951,12078813,
COL,1952,12405851,
COL,1953,12746037,
COL,1954,13100844,
COL,1955,13473060,
COL,1956,13861805,
COL,1957,14270276,
COL,1958,14693292,
COL,1959,15136219,
COL,1960,15606209,
COL,1961,16095207,
COL,1962,16599031,
COL,1963,17113824,
COL,1964,17637416,
COL,1965,18169053,
COL,1966,18702693,
COL,1967,19235624,
COL,1968,19766802,
COL,1969,20291937,
COL,1970,20811790,
COL,1971,21319099,
COL,1972,21819572,
COL,1973,22325375,
COL,1974,22833475,
COL,1975,23344650,
COL,1976,23858815,
COL,1977,24393499,
COL,1978,24950342,
COL,1979,25515627,
COL,1980,26104503,
COL,1981,26713267,
COL,1982,27338334,
COL,1983,27988176,
COL,1984,28642690,
COL,1985,29268470,
COL,1986,29879114,
COL,1987,30499471,
COL,1988,31130530,
COL,1989,31776280,
COL,1990,32440064,
COL,1991,33098373,
COL,1992,33760571,
COL,1993,34441479,
COL,1994,35127408,
COL,1995,35804670,
COL,1996,36462740,
COL,1997,37121155,
COL,1998,37792169,
COL,1999,38454861,
COL,2000,39089939,
COL,2001,39709263,
COL,2002,40324684,
COL,2003,40937426,
COL,2004,41543177,
COL,2005,42128978,
COL,2006,42691081,
COL,2007,43235374,
COL,2008,43758805,
COL,2009,44271543,
COL,2010,44777325,
COL,2011,45259614,
COL,2012,45715807,
COL,2013,46151583,
COL,2014,46565426,
COL,2015,46969938,
COL,2016,47437513,
COL,2017,48131076,
COL,2018,49024463,
COL,2019,49907987,
COL,2020,50629997,
COL,2021,51188174,
COL,2022,51737944,
COL,2023,52321152,
COL,2024,,52886360
COL,2025,,53425629
COL,2026,,53936231
COL,2027,,54422272
COL,2028,,54885120
COL,2029,,55322624
COL,2030,,55736472
COL,2031,,56125963
COL,2032,,56490493
COL,2033,,56832261
COL,2034,,57151616
COL,2035,,57445752
COL,2036,,57716866
COL,2037,,57965297
COL,2038,,58190079
COL,2039,,58394307
COL,2040,,58576448
COL,2041,,58736882
COL,2042,,58878122
COL,2043,,59000359
COL,2044,,59104588
COL,2045,,59190823
COL,2046,,59259755
COL,2047,,59313128
COL,2048,,59351259
COL,2049,,59375009
COL,2050,,59385352
COL,2051,,59382963
COL,2052,,59368286
COL,2053,,59341505
COL,2054,,59302996
COL,2055,,59252861
COL,2056,,59191340
COL,2057,,59118665
COL,2058,,59034730
COL,2059,,58939679
COL,2060,,58833432
COL,2061,,58715999
COL,2062,,58587058
COL,2063,,58446676
COL,2064,,58294746
COL,2065,,58131053
COL,2066,,57955171
COL,2067,,57766691
COL,2068,,57565955
COL,2069,,57353302
COL,2070,,57128476
COL,2071,,56891285
COL,2072,,56642334
COL,2073,,56382062
COL,2074,,56110524
COL,2075,,55827985
COL,2076,,55535062
COL,2077,,55231935
COL,2078,,54918953
COL,2079,,54597430
COL,2080,,54267955
COL,2081,,53930888
COL,2082,,53586880
COL,2083,,53236619
COL,2084,,52881135
COL,2085,,52520930
COL,2086,,52156798
COL,2087,,51789200
COL,2088,,51418570
COL,2089,,51046498
COL,2090,,50674505
COL,2091,,50303180
COL,2092,,49933005
COL,2093,,49564335
COL,2094,,49197687
COL,2095,,48834472
COL,2096,,48475982
COL,2097,,48121487
COL,2098,,47770268
COL,2099,,47423145
COL,2100,,47080758
COM,1950,161951,
COM,1951,165543,
COM,1952,168983,
COM,1953,172609,
COM,1954,176152,
COM,1955,179597,
COM,1956,182966,
COM,1957,186578,
COM,1958,190577,
COM,1959,194298,
COM,1960,197710,
COM,1961,201210,
COM,1962,204712,
COM,1963,208199,
COM,1964,211651,
COM,1965,214981,
COM,1966,218670,
COM,1967,223869,
COM,1968,230258,
COM,1969,237008,
COM,1970,244196,
COM,1971,251878,
COM,1972,260085,
COM,1973,268827,
COM,1974,278084,
COM,1975,287702,
COM,1976,297547,
COM,1977,307588,
COM,1978,317695,
COM,1979,327805,
COM,1980,337728,
COM,1981,347393,
COM,1982,357150,
COM,1983,367241,
COM,1984,377644,
COM,1985,388357,
COM,1986,399328,
COM,1987,410445,
COM,1988,421697,
COM,1989,433110,
COM,1990,444601,
COM,1991,455563,
COM,1992,465118,
COM,1993,473681,
COM,1994,482148,
COM,1995,490594,
COM,1996,499113,
COM,1997,507779,
COM,1998,516606,
COM,1999,525894,
COM,2000,536084,
COM,2001,547221,
COM,2002,558927,
COM,2003,569808,
COM,2004,580711,
COM,2005,592679,
COM,2006,604752,
COM,2007,616935,
COM,2008,629314,
COM,2009,641949,
COM,2010,654846,
COM,2011,668064,
COM,2012,681637,
COM,2013,696203,
COM,2014,711512,
COM,2015,726685,
COM,2016,741745,
COM,2017,756672,
COM,2018,771597,
COM,2019,786582,
COM,2020,802172,
COM,2021,818178,
COM,2022,834191,
COM,2023,850390,
COM,2024,,866632
COM,2025,,882851
COM,2026,,899015
COM,2027,,915183
COM,2028,,931436
COM,2029,,947809
COM,2030,,964273
COM,2031,,980776
COM,2032,,997348
COM,2033,,1014071
COM,2034,,1030872
COM,2035,,1047768
COM,2036,,1064855
COM,2037,,1082007
COM,2038,,1099153
COM,2039,,1116426
COM,2040,,1133784
COM,2041,,1151154
COM,2042,,1168513
COM,2043,,1185962
COM,2044,,1203544
COM,2045,,1221075
COM,2046,,1238462
COM,2047,,1255719
COM,2048,,1273043
COM,2049,,1290374
COM,2050,,1307561
COM,2051,,1324691
COM,2052,,1341722
COM,2053,,1358537
COM,2054,,1375096
COM,2055,,1391505
COM,2056,,1407732
COM,2057,,1423740
COM,2058,,1439574
COM,2059,,1455277
COM,2060,,1470865
COM,2061,,1486306
COM,2062,,1501451
COM,2063,,1516385
COM,2064,,1531208
COM,2065,,1545867
COM,2066,,1560379
COM,2067,,1574799
COM,2068,,1589019
COM,2069,,1602962
COM,2070,,1616594
COM,2071,,1630130
COM,2072,,1643548
COM,2073,,1656715
COM,2074,,1669677
COM,2075,,1682482
COM,2076,,1695142
COM,2077,,1707467
COM,2078,,1719492
COM,2079,,1731172
COM,2080,,1742535
COM,2081,,1753687
COM,2082,,1764612
COM,2083,,1775406
COM,2084,,1785887
COM,2085,,1795940
COM,2086,,1805707
COM,2087,,1815165
COM,2088,,1824312
COM,2089,,1833233
COM,2090,,1841869
COM,2091,,1850201
COM,2092,,1858158
COM,2093,,1865734
COM,2094,,1873051
COM,2095,,1880189
COM,2096,,1886980
COM,2097,,1893463
COM,2098,,1899651
COM,2099,,1905485
COM,2100,,1911042
COG,1950,835269,
COG,1951,853643,
COG,1952,872684,
COG,1953,892461,
COG,1954,913023,
COG,1955,934435,
COG,1956,956825,
COG,1957,980204,
COG,1958,1004629,
COG,1959,1030164,
COG,1960,1056738,
COG,1961,1084392,
COG,1962,1113180,
COG,1963,1143269,
COG,1964,1174823,
COG,1965,1207886,
COG,1966,1242544,
COG,1967,1278697,
COG,1968,1316525,
COG,1969,1356188,
COG,1970,1397640,
COG,1971,1441047,
COG,1972,1486478,
COG,1973,1533685,
COG,1974,1582304,
COG,1975,1627033,
COG,1976,1667233,
COG,1977,1707572,
COG,1978,1748098,
COG,1979,1788523,
COG,1980,1828991,
COG,1981,1869764,
COG,1982,1910429,
COG,1983,1950328,
COG,1984,1999533,
COG,1985,2059317,
COG,1986,2120604,
COG,1987,2183478,
COG,1988,2247653,
COG,1989,2313562,
COG,1990,2380562,
COG,1991,2449235,
COG,1992,2519467,
COG,1993,2595127,
COG,1994,2673147,
COG,1995,2749464,
COG,1996,2826786,
COG,1997,2887862,
COG,1998,2952062,
COG,1999,3032876,
COG,2000,3151349,
COG,2001,3272542,
COG,2002,3350770,
COG,2003,3445758,
COG,2004,3565565,
COG,2005,3696399,
COG,2006,3837411,
COG,2007,3980430,
COG,2008,4113514,
COG,2009,4281218,
COG,2010,4462304,
COG,2011,4609728,
COG,2012,4740457,
COG,2013,4857104,
COG,2014,4975887,
COG,2015,5097583,
COG,2016,5222545,
COG,2017,5351013,
COG,2018,5483128,
COG,2019,5616656,
COG,2020,5752792,
COG,2021,5892187,
COG,2022,6035104,
COG,2023,6182890,
COG,2024,,6332969
COG,2025,,6484437
COG,2026,,6637786
COG,2027,,6794298
COG,2028,,6953976
COG,2029,,7116467
COG,2030,,7282271
COG,2031,,7452416
COG,2032,,7626485
COG,2033,,7803000
COG,2034,,7981349
COG,2035,,8160735
COG,2036,,8341717
COG,2037,,8524810
COG,2038,,8709730
COG,2039,,8896176
COG,2040,,9083972
COG,2041,,9274668
COG,2042,,9466759
COG,2043,,9658848
COG,2044,,9850506
COG,2045,,10041906
COG,2046,,10234375
COG,2047,,10427912
COG,2048,,10621395
COG,2049,,10813655
COG,2050,,11006470
COG,2051,,11200451
COG,2052,,11394549
COG,2053,,11588708
COG,2054,,11783772
COG,2055,,11977760
COG,2056,,12170779
COG,2057,,12364406
COG,2058,,12558480
COG,2059,,12754016
COG,2060,,12950785
COG,2061,,13148497
COG,2062,,13348740
COG,2063,,13549291
COG,2064,,13747445
COG,2065,,13945148
COG,2066,,14143859
COG,2067,,14340891
COG,2068,,14536299
COG,2069,,14733638
COG,2070,,14929963
COG,2071,,15124136
COG,2072,,15317704
COG,2073,,15510184
COG,2074,,15700218
COG,2075,,15888664
COG,2076,,16074472
COG,2077,,16257208
COG,2078,,16440552
COG,2079,,16622255
COG,2080,,16802274
COG,2081,,16980264
COG,2082,,17158123
COG,2083,,17336309
COG,2084,,17511546
COG,2085,,17683686
COG,2086,,17854604
COG,2087,,18025472
COG,2088,,18195512
COG,2089,,18362315
COG,2090,,18525577
COG,2091,,18687356
COG,2092,,18847002
COG,2093,,19003270
COG,2094,,19155563
COG,2095,,19305620
COG,2096,,19454160
COG,2097,,19600621
COG,2098,,19745456
COG,2099,,19887450
COG,2100,,20025639
COK,1950,14714,
COK,1951,15075,
COK,1952,15363,
COK,1953,15631,
COK,1954,15908,
COK,1955,16189,
COK,1956,16455,
COK,1957,16710,
COK,1958,16988,
COK,1959,17315,
COK,1960,17685,
COK,1961,18060,
COK,1962,18310,
COK,1963,18445,
COK,1964,18609,
COK,1965,18804,
COK,1966,19039,
COK,1967,19348,
COK,1968,19712,
COK,1969,20100,
COK,1970,20512,
COK,1971,20889,
COK,1972,20795,
COK,1973,20211,
COK,1974,19583,
COK,1975,18920,
COK,1976,18270,
COK,1977,17933,
COK,1978,17872,
COK,1979,17799,
COK,1980,17719,
COK,1981,17623,
COK,1982,17498,
COK,1983,17304,
COK,1984,17085,
COK,1985,16853,
COK,1986,16626,
COK,1987,16601,
COK,1988,16771,
COK,1989,16958,
COK,1990,17146,
COK,1991,17329,
COK,1992,17495,
COK,1993,17615,
COK,1994,17710,
COK,1995,17801,
COK,1996,17880,
COK,1997,17648,
COK,1998,17102,
COK,1999,16508,
COK,2000,15876,
COK,2001,15259,
COK,2002,14994,
COK,2003,15049,
COK,2004,15103,
COK,2005,15153,
COK,2006,15233,
COK,2007,15519,
COK,2008,16003,
COK,2009,16497,
COK,2010,17000,
COK,2011,17480,
COK,2012,17690,
COK,2013,17629,
COK,2014,17556,
COK,2015,17471,
COK,2016,17360,
COK,2017,17066,
COK,2018,16623,
COK,2019,16151,
COK,2020,15664,
COK,2021,15205,
COK,2022,14747,
COK,2023,14244,
COK,2024,,13750
COK,2025,,13280
COK,2026,,12851
COK,2027,,12461
COK,2028,,12113
COK,2029,,11797
COK,2030,,11519
COK,2031,,11281
COK,2032,,11079
COK,2033,,10893
COK,2034,,10727
COK,2035,,10563
COK,2036,,10409
COK,2037,,10283
COK,2038,,10168
COK,2039,,10070
COK,2040,,9969
COK,2041,,9880
COK,2042,,9819
COK,2043,,9766
COK,2044,,9709
COK,2045,,9646
COK,2046,,9584
COK,2047,,9535
COK,2048,,9475
COK,2049,,9423
COK,2050,,9359
COK,2051,,9298
COK,2052,,9233
COK,2053,,9162
COK,2054,,9090
COK,2055,,9013
COK,2056,,8942
COK,2057,,8874
COK,2058,,8806
COK,2059,,8732
COK,2060,,8668
COK,2061,,8597
COK,2062,,8530
COK,2063,,8473
COK,2064,,8426
COK,2065,,8374
COK,2066,,8332
COK,2067,,8294
COK,2068,,8265
COK,2069,,8239
COK,2070,,8213
COK,2071,,8195
COK,2072,,8186
COK,2073,,8177
COK,2074,,8182
COK,2075,,8173
COK,2076,,8175
COK,2077,,8173
COK,2078,,8178
COK,2079,,8181
COK,2080,,8177
COK,2081,,8182
COK,2082,,8188
COK,2083,,8193
COK,2084,,8192
COK,2085,,8190
COK,2086,,8190
COK,2087,,8188
COK,2088,,8181
COK,2089,,8173
COK,2090,,8165
COK,2091,,8147
COK,2092,,8127
COK,2093,,8109
COK,2094,,8091
COK,2095,,8061
COK,2096,,8042
COK,2097,,8017
COK,2098,,7994
COK,2099,,7957
COK,2100,,7922
CRI,1950,926761,
CRI,1951,958418,
CRI,1952,991800,
CRI,1953,1027010,
CRI,1954,1064117,
CRI,1955,1103056,
CRI,1956,1143854,
CRI,1957,1186638,
CRI,1958,1231561,
CRI,1959,1278593,
CRI,1960,1327501,
CRI,1961,1377918,
CRI,1962,1429445,
CRI,1963,1481605,
CRI,1964,1533966,
CRI,1965,1586214,
CRI,1966,1638119,
CRI,1967,1689534,
CRI,1968,1739734,
CRI,1969,1789281,
CRI,1970,1838946,
CRI,1971,1888548,
CRI,1972,1938261,
CRI,1973,1988348,
CRI,1974,2039649,
CRI,1975,2092716,
CRI,1976,2147772,
CRI,1977,2205035,
CRI,1978,2264516,
CRI,1979,2326490,
CRI,1980,2390641,
CRI,1981,2456643,
CRI,1982,2524811,
CRI,1983,2595155,
CRI,1984,2667597,
CRI,1985,2741903,
CRI,1986,2817219,
CRI,1987,2892698,
CRI,1988,2968102,
CRI,1989,3043826,
CRI,1990,3121707,
CRI,1991,3202182,
CRI,1992,3284261,
CRI,1993,3367436,
CRI,1994,3451122,
CRI,1995,3535179,
CRI,1996,3619012,
CRI,1997,3701713,
CRI,1998,3782840,
CRI,1999,3862103,
CRI,2000,3937737,
CRI,2001,4008951,
CRI,2002,4075710,
CRI,2003,4138791,
CRI,2004,4200079,
CRI,2005,4261240,
CRI,2006,4321337,
CRI,2007,4380250,
CRI,2008,4440058,
CRI,2009,4499788,
CRI,2010,4555965,
CRI,2011,4609834,
CRI,2012,4663930,
CRI,2013,4716153,
CRI,2014,4767126,
CRI,2015,4818045,
CRI,2016,4867003,
CRI,2017,4913177,
CRI,2018,4957813,
CRI,2019,4999549,
CRI,2020,5034323,
CRI,2021,5059991,
CRI,2022,5081764,
CRI,2023,5105526,
CRI,2024,,5129909
CRI,2025,,5152949
CRI,2026,,5174781
CRI,2027,,5195558
CRI,2028,,5215249
CRI,2029,,5233878
CRI,2030,,5251497
CRI,2031,,5268140
CRI,2032,,5283810
CRI,2033,,5298517
CRI,2034,,5312162
CRI,2035,,5324699
CRI,2036,,5336135
CRI,2037,,5346411
CRI,2038,,5355520
CRI,2039,,5363366
CRI,2040,,5369808
CRI,2041,,5374937
CRI,2042,,5378673
CRI,2043,,5380918
CRI,2044,,5381723
CRI,2045,,5381017
CRI,2046,,5378760
CRI,2047,,5374947
CRI,2048,,5369580
CRI,2049,,5362653
CRI,2050,,5354149
CRI,2051,,5344063
CRI,2052,,5332368
CRI,2053,,5319062
CRI,2054,,5304303
CRI,2055,,5288192
CRI,2056,,5270742
CRI,2057,,5252040
CRI,2058,,5232199
CRI,2059,,5211257
CRI,2060,,5189194
CRI,2061,,5166104
CRI,2062,,5142203
CRI,2063,,5117403
CRI,2064,,5091738
CRI,2065,,5065285
CRI,2066,,5038052
CRI,2067,,5010154
CRI,2068,,4981492
CRI,2069,,4951921
CRI,2070,,4921502
CRI,2071,,4890274
CRI,2072,,4858195
CRI,2073,,4825248
CRI,2074,,4791444
CRI,2075,,4756840
CRI,2076,,4721494
CRI,2077,,4685392
CRI,2078,,4648552
CRI,2079,,4611039
CRI,2080,,4572923
CRI,2081,,4534229
CRI,2082,,4495016
CRI,2083,,4455404
CRI,2084,,4415431
CRI,2085,,4375133
CRI,2086,,4334576
CRI,2087,,4293842
CRI,2088,,4253049
CRI,2089,,4212259
CRI,2090,,4171465
CRI,2091,,4130730
CRI,2092,,4090170
CRI,2093,,4049832
CRI,2094,,4009799
CRI,2095,,3970035
CRI,2096,,3930584
CRI,2097,,3891495
CRI,2098,,3852799
CRI,2099,,3814488
CRI,2100,,3776476
CIV,1950,2735187,
CIV,1951,2809368,
CIV,1952,2885718,
CIV,1953,2965133,
CIV,1954,3048539,
CIV,1955,3136631,
CIV,1956,3230013,
CIV,1957,3329283,
CIV,1958,3435088,
CIV,1959,3548954,
CIV,1960,3673672,
CIV,1961,3810152,
CIV,1962,3956950,
CIV,1963,4112070,
CIV,1964,4273955,
CIV,1965,4442384,
CIV,1966,4617522,
CIV,1967,4799743,
CIV,1968,4990023,
CIV,1969,5192227,
CIV,1970,5411573,
CIV,1971,5650875,
CIV,1972,5909721,
CIV,1973,6184949,
CIV,1974,6474062,
CIV,1975,6776303,
CIV,1976,7057963,
CIV,1977,7321955,
CIV,1978,7603134,
CIV,1979,7902266,
CIV,1980,8220717,
CIV,1981,8556600,
CIV,1982,8907942,
CIV,1983,9272742,
CIV,1984,9650523,
CIV,1985,10040486,
CIV,1986,10440924,
CIV,1987,10851481,
CIV,1988,11275194,
CIV,1989,11719774,
CIV,1990,12189780,
CIV,1991,12683875,
CIV,1992,13200313,
CIV,1993,13735955,
CIV,1994,14287211,
CIV,1995,14855566,
CIV,1996,15442322,
CIV,1997,16047178,
CIV,1998,16663948,
CIV,1999,17215937,
CIV,2000,17699007,
CIV,2001,18178920,
CIV,2002,18654772,
CIV,2003,19125546,
CIV,2004,19594997,
CIV,2005,20068468,
CIV,2006,20546808,
CIV,2007,21030558,
CIV,2008,21514446,
CIV,2009,21997936,
CIV,2010,22488068,
CIV,2011,22982003,
CIV,2012,23467083,
CIV,2013,23939775,
CIV,2014,24527393,
CIV,2015,25246347,
CIV,2016,25989404,
CIV,2017,26733376,
CIV,2018,27464175,
CIV,2019,28193014,
CIV,2020,28915452,
CIV,2021,29639737,
CIV,2022,30395004,
CIV,2023,31165653,
CIV,2024,,31934229
CIV,2025,,32711546
CIV,2026,,33494339
CIV,2027,,34281127
CIV,2028,,35077093
CIV,2029,,35883463
CIV,2030,,36699006
CIV,2031,,37529367
CIV,2032,,38376611
CIV,2033,,39244386
CIV,2034,,40132805
CIV,2035,,41033847
CIV,2036,,41948466
CIV,2037,,42880002
CIV,2038,,43824360
CIV,2039,,44778749
CIV,2040,,45743920
CIV,2041,,46717433
CIV,2042,,47702161
CIV,2043,,48700668
CIV,2044,,49709047
CIV,2045,,50716070
CIV,2046,,51718054
CIV,2047,,52721463
CIV,2048,,53730592
CIV,2049,,54739403
CIV,2050,,55746985
CIV,2051,,56759562
CIV,2052,,57772651
CIV,2053,,58783273
CIV,2054,,59797636
CIV,2055,,60815800
CIV,2056,,61826434
CIV,2057,,62831829
CIV,2058,,63843642
CIV,2059,,64855747
CIV,2060,,65861372
CIV,2061,,66872834
CIV,2062,,67888436
CIV,2063,,68908170
CIV,2064,,69935321
CIV,2065,,70968223
CIV,2066,,72013854
CIV,2067,,73059533
CIV,2068,,74101981
CIV,2069,,75138747
CIV,2070,,76166280
CIV,2071,,77193747
CIV,2072,,78211562
CIV,2073,,79219660
CIV,2074,,80225055
CIV,2075,,81235635
CIV,2076,,82241365
CIV,2077,,83234030
CIV,2078,,84223324
CIV,2079,,85204420
CIV,2080,,86179854
CIV,2081,,87153992
CIV,2082,,88121009
CIV,2083,,89080805
CIV,2084,,90020562
CIV,2085,,90946506
CIV,2086,,91879536
CIV,2087,,92807676
CIV,2088,,93723587
CIV,2089,,94638953
CIV,2090,,95557108
CIV,2091,,96471121
CIV,2092,,97374907
CIV,2093,,98256243
CIV,2094,,99121205
CIV,2095,,99975736
CIV,2096,,100815098
CIV,2097,,101636475
CIV,2098,,102447192
CIV,2099,,103251943
CIV,2100,,104042818
HRV,1950,3864992,
HRV,1951,3911673,
HRV,1952,3957409,
HRV,1953,4006128,
HRV,1954,4048121,
HRV,1955,4080737,
HRV,1956,4110129,
HRV,1957,4136705,
HRV,1958,4160698,
HRV,1959,4182085,
HRV,1960,4200272,
HRV,1961,4223431,
HRV,1962,4255020,
HRV,1963,4287267,
HRV,1964,4317755,
HRV,1965,4346708,
HRV,1966,4374307,
HRV,1967,4400271,
HRV,1968,4423830,
HRV,1969,4444451,
HRV,1970,4462673,
HRV,1971,4480165,
HRV,1972,4497888,
HRV,1973,4515760,
HRV,1974,4533946,
HRV,1975,4552725,
HRV,1976,4571754,
HRV,1977,4590620,
HRV,1978,4609021,
HRV,1979,4626955,
HRV,1980,4643900,
HRV,1981,4664258,
HRV,1982,4689152,
HRV,1983,4712882,
HRV,1984,4734489,
HRV,1985,4754549,
HRV,1986,4773054,
HRV,1987,4790208,
HRV,1988,4806029,
HRV,1989,4820729,
HRV,1990,4835067,
HRV,1991,4825159,
HRV,1992,4782235,
HRV,1993,4729734,
HRV,1994,4675517,
HRV,1995,4619362,
HRV,1996,4562290,
HRV,1997,4504627,
HRV,1998,4445669,
HRV,1999,4385823,
HRV,2000,4326105,
HRV,2001,4301079,
HRV,2002,4305783,
HRV,2003,4306683,
HRV,2004,4310050,
HRV,2005,4313946,
HRV,2006,4315802,
HRV,2007,4315959,
HRV,2008,4314635,
HRV,2009,4310537,
HRV,2010,4301150,
HRV,2011,4280827,
HRV,2012,4259233,
HRV,2013,4242403,
HRV,2014,4219485,
HRV,2015,4183732,
HRV,2016,4136438,
HRV,2017,4079198,
HRV,2018,4024868,
HRV,2019,3986338,
HRV,2020,3953956,
HRV,2021,3924607,
HRV,2022,3907031,
HRV,2023,3896023,
HRV,2024,,3875325
HRV,2025,,3848164
HRV,2026,,3822346
HRV,2027,,3797351
HRV,2028,,3773297
HRV,2029,,3749596
HRV,2030,,3725768
HRV,2031,,3701679
HRV,2032,,3677456
HRV,2033,,3653761
HRV,2034,,3630277
HRV,2035,,3607218
HRV,2036,,3584369
HRV,2037,,3560763
HRV,2038,,3536619
HRV,2039,,3512500
HRV,2040,,3488305
HRV,2041,,3463776
HRV,2042,,3438934
HRV,2043,,3413969
HRV,2044,,3388572
HRV,2045,,3362962
HRV,2046,,3337508
HRV,2047,,3311884
HRV,2048,,3286005
HRV,2049,,3260126
HRV,2050,,3234155
HRV,2051,,3208228
HRV,2052,,3182597
HRV,2053,,3157016
HRV,2054,,3131462
HRV,2055,,3105968
HRV,2056,,3080264
HRV,2057,,3054625
HRV,2058,,3029124
HRV,2059,,3003645
HRV,2060,,2978216
HRV,2061,,2952809
HRV,2062,,2927568
HRV,2063,,2902534
HRV,2064,,2878016
HRV,2065,,2853837
HRV,2066,,2829611
HRV,2067,,2805560
HRV,2068,,2781702
HRV,2069,,2758145
HRV,2070,,2735389
HRV,2071,,2713020
HRV,2072,,2690481
HRV,2073,,2668169
HRV,2074,,2646255
HRV,2075,,2624398
HRV,2076,,2602610
HRV,2077,,2581030
HRV,2078,,2559767
HRV,2079,,2538844
HRV,2080,,2518230
HRV,2081,,2498023
HRV,2082,,2478023
HRV,2083,,2458209
HRV,2084,,2438562
HRV,2085,,2419118
HRV,2086,,2399983
HRV,2087,,2381094
HRV,2088,,2362143
HRV,2089,,2343164
HRV,2090,,2324529
HRV,2091,,2306034
HRV,2092,,2287416
HRV,2093,,2268887
HRV,2094,,2250351
HRV,2095,,2231789
HRV,2096,,2213330
HRV,2097,,2195111
HRV,2098,,2177103
HRV,2099,,2159168
HRV,2100,,2141436
CUB,1950,5924519,
CUB,1951,6042205,
CUB,1952,6162183,
CUB,1953,6285749,
CUB,1954,6412849,
CUB,1955,6543104,
CUB,1956,6676062,
CUB,1957,6811726,
CUB,1958,6950291,
CUB,1959,7092337,
CUB,1960,7238083,
CUB,1961,7387120,
CUB,1962,7541103,
CUB,1963,7701665,
CUB,1964,7866016,
CUB,1965,8030806,
CUB,1966,8193453,
CUB,1967,8352627,
CUB,1968,8509522,
CUB,1969,8666638,
CUB,1970,8824389,
CUB,1971,8979089,
CUB,1972,9123895,
CUB,1973,9255332,
CUB,1974,9374184,
CUB,1975,9479729,
CUB,1976,9571240,
CUB,1977,9648443,
CUB,1978,9711985,
CUB,1979,9763358,
CUB,1980,9804798,
CUB,1981,9849325,
CUB,1982,9912681,
CUB,1983,9991027,
CUB,1984,10073306,
CUB,1985,10157229,
CUB,1986,10244250,
CUB,1987,10335337,
CUB,1988,10432590,
CUB,1989,10533249,
CUB,1990,10631796,
CUB,1991,10717640,
CUB,1992,10785807,
CUB,1993,10841040,
CUB,1994,10886022,
CUB,1995,10925362,
CUB,1996,10962009,
CUB,1997,10997933,
CUB,1998,11034716,
CUB,1999,11072230,
CUB,2000,11109112,
CUB,2001,11144134,
CUB,2002,11177422,
CUB,2003,11209379,
CUB,2004,11238756,
CUB,2005,11262553,
CUB,2006,11278550,
CUB,2007,11287274,
CUB,2008,11291764,
CUB,2009,11294719,
CUB,2010,11297414,
CUB,2011,11301578,
CUB,2012,11303172,
CUB,2013,11298163,
CUB,2014,11285780,
CUB,2015,11275069,
CUB,2016,11265615,
CUB,2017,11247824,
CUB,2018,11227116,
CUB,2019,11202847,
CUB,2020,11176349,
CUB,2021,11122169,
CUB,2022,11059822,
CUB,2023,11019932,
CUB,2024,,10979781
CUB,2025,,10937203
CUB,2026,,10892659
CUB,2027,,10846708
CUB,2028,,10799586
CUB,2029,,10750889
CUB,2030,,10700819
CUB,2031,,10649671
CUB,2032,,10597335
CUB,2033,,10543538
CUB,2034,,10488269
CUB,2035,,10431761
CUB,2036,,10373923
CUB,2037,,10314338
CUB,2038,,10253201
CUB,2039,,10190463
CUB,2040,,10125837
CUB,2041,,10059298
CUB,2042,,9990897
CUB,2043,,9920670
CUB,2044,,9848751
CUB,2045,,9775205
CUB,2046,,9699828
CUB,2047,,9622706
CUB,2048,,9544141
CUB,2049,,9463925
CUB,2050,,9381995
CUB,2051,,9298546
CUB,2052,,9213507
CUB,2053,,9126958
CUB,2054,,9038992
CUB,2055,,8950039
CUB,2056,,8860389
CUB,2057,,8770323
CUB,2058,,8680190
CUB,2059,,8590036
CUB,2060,,8500007
CUB,2061,,8410625
CUB,2062,,8322189
CUB,2063,,8234924
CUB,2064,,8148927
CUB,2065,,8064204
CUB,2066,,7980976
CUB,2067,,7899224
CUB,2068,,7818889
CUB,2069,,7739906
CUB,2070,,7662110
CUB,2071,,7585662
CUB,2072,,7510274
CUB,2073,,7435680
CUB,2074,,7361779
CUB,2075,,7288322
CUB,2076,,7215285
CUB,2077,,7142355
CUB,2078,,7069441
CUB,2079,,6996641
CUB,2080,,6923875
CUB,2081,,6851189
CUB,2082,,6778580
CUB,2083,,6706198
CUB,2084,,6634193
CUB,2085,,6562452
CUB,2086,,6491129
CUB,2087,,6420541
CUB,2088,,6350812
CUB,2089,,6281849
CUB,2090,,6213690
CUB,2091,,6146541
CUB,2092,,6080259
CUB,2093,,6014704
CUB,2094,,5950034
CUB,2095,,5886122
CUB,2096,,5822918
CUB,2097,,5760505
CUB,2098,,5698793
CUB,2099,,5637712
CUB,2100,,5577282
CUW,1950,101781,
CUW,1951,104422,
CUW,1952,107182,
CUW,1953,110061,
CUW,1954,113030,
CUW,1955,116117,
CUW,1956,119319,
CUW,1957,122607,
CUW,1958,125993,
CUW,1959,129454,
CUW,1960,132198,
CUW,1961,134313,
CUW,1962,136469,
CUW,1963,138536,
CUW,1964,140541,
CUW,1965,142471,
CUW,1966,144331,
CUW,1967,146110,
CUW,1968,147813,
CUW,1969,149407,
CUW,1970,150885,
CUW,1971,152199,
CUW,1972,153294,
CUW,1973,154096,
CUW,1974,154689,
CUW,1975,155208,
CUW,1976,155635,
CUW,1977,155980,
CUW,1978,156265,
CUW,1979,156492,
CUW,1980,156665,
CUW,1981,156805,
CUW,1982,156850,
CUW,1983,156837,
CUW,1984,156797,
CUW,1985,156713,
CUW,1986,156598,
CUW,1987,156456,
CUW,1988,156259,
CUW,1989,156031,
CUW,1990,155750,
CUW,1991,155455,
CUW,1992,155101,
CUW,1993,154504,
CUW,1994,153677,
CUW,1995,152705,
CUW,1996,151582,
CUW,1997,150316,
CUW,1998,148874,
CUW,1999,147276,
CUW,2000,145540,
CUW,2001,144758,
CUW,2002,145911,
CUW,2003,147923,
CUW,2004,149805,
CUW,2005,151324,
CUW,2006,152516,
CUW,2007,153672,
CUW,2008,154784,
CUW,2009,155832,
CUW,2010,156881,
CUW,2011,158572,
CUW,2012,160904,
CUW,2013,163122,
CUW,2014,165041,
CUW,2015,166621,
CUW,2016,167787,
CUW,2017,168525,
CUW,2018,181590,
CUW,2019,189555,
CUW,2020,185029,
CUW,2021,185324,
CUW,2022,185350,
CUW,2023,185437,
CUW,2024,,185482
CUW,2025,,185495
CUW,2026,,185457
CUW,2027,,185371
CUW,2028,,185256
CUW,2029,,185076
CUW,2030,,184835
CUW,2031,,184545
CUW,2032,,184228
CUW,2033,,183871
CUW,2034,,183460
CUW,2035,,183035
CUW,2036,,182560
CUW,2037,,182066
CUW,2038,,181556
CUW,2039,,181007
CUW,2040,,180407
CUW,2041,,179807
CUW,2042,,179186
CUW,2043,,178546
CUW,2044,,177889
CUW,2045,,177202
CUW,2046,,176519
CUW,2047,,175802
CUW,2048,,175049
CUW,2049,,174291
CUW,2050,,173500
CUW,2051,,172688
CUW,2052,,171856
CUW,2053,,170995
CUW,2054,,170081
CUW,2055,,169157
CUW,2056,,168223
CUW,2057,,167282
CUW,2058,,166388
CUW,2059,,165470
CUW,2060,,164540
CUW,2061,,163606
CUW,2062,,162679
CUW,2063,,161742
CUW,2064,,160810
CUW,2065,,159879
CUW,2066,,158937
CUW,2067,,157997
CUW,2068,,157058
CUW,2069,,156095
CUW,2070,,155122
CUW,2071,,154151
CUW,2072,,153138
CUW,2073,,152116
CUW,2074,,151067
CUW,2075,,150005
CUW,2076,,148929
CUW,2077,,147851
CUW,2078,,146727
CUW,2079,,145576
CUW,2080,,144396
CUW,2081,,143220
CUW,2082,,142027
CUW,2083,,140803
CUW,2084,,139561
CUW,2085,,138291
CUW,2086,,137030
CUW,2087,,135765
CUW,2088,,134495
CUW,2089,,133235
CUW,2090,,131995
CUW,2091,,130760
CUW,2092,,129553
CUW,2093,,128370
CUW,2094,,127188
CUW,2095,,126014
CUW,2096,,124878
CUW,2097,,123758
CUW,2098,,122642
CUW,2099,,121546
CUW,2100,,120466
CYP,1950,493883,
CYP,1951,501062,
CYP,1952,508693,
CYP,1953,516733,
CYP,1954,525118,
CYP,1955,533874,
CYP,1956,543081,
CYP,1957,552831,
CYP,1958,563291,
CYP,1959,574569,
CYP,1960,586493,
CYP,1961,595522,
CYP,1962,601471,
CYP,1963,607254,
CYP,1964,612531,
CYP,1965,617743,
CYP,1966,623394,
CYP,1967,629255,
CYP,1968,635164,
CYP,1969,641196,
CYP,1970,647443,
CYP,1971,654058,
CYP,1972,661067,
CYP,1973,665946,
CYP,1974,663265,
CYP,1975,659408,
CYP,1976,662045,
CYP,1977,667104,
CYP,1978,672259,
CYP,1979,677552,
CYP,1980,683082,
CYP,1981,688895,
CYP,1982,696503,
CYP,1983,707224,
CYP,1984,719345,
CYP,1985,731290,
CYP,1986,743116,
CYP,1987,754796,
CYP,1988,766238,
CYP,1989,777429,
CYP,1990,788355,
CYP,1991,798950,
CYP,1992,810344,
CYP,1993,826042,
CYP,1994,844669,
CYP,1995,862698,
CYP,1996,880295,
CYP,1997,897574,
CYP,1998,914552,
CYP,1999,931235,
CYP,2000,947667,
CYP,2001,964129,
CYP,2002,981443,
CYP,2003,999600,
CYP,2004,1017875,
CYP,2005,1036156,
CYP,2006,1054424,
CYP,2007,1072727,
CYP,2008,1091029,
CYP,2009,1109377,
CYP,2010,1127826,
CYP,2011,1146493,
CYP,2012,1165403,
CYP,2013,1183899,
CYP,2014,1201806,
CYP,2015,1219504,
CYP,2016,1237114,
CYP,2017,1254274,
CYP,2018,1270743,
CYP,2019,1286669,
CYP,2020,1302250,
CYP,2021,1317311,
CYP,2022,1331376,
CYP,2023,1344981,
CYP,2024,,1358287
CYP,2025,,1370754
CYP,2026,,1382337
CYP,2027,,1393338
CYP,2028,,1403782
CYP,2029,,1413345
CYP,2030,,1422322
CYP,2031,,1430681
CYP,2032,,1438507
CYP,2033,,1445962
CYP,2034,,1452847
CYP,2035,,1459195
CYP,2036,,1465176
CYP,2037,,1470717
CYP,2038,,1475797
CYP,2039,,1480545
CYP,2040,,1484850
CYP,2041,,1488693
CYP,2042,,1492049
CYP,2043,,1494988
CYP,2044,,1497657
CYP,2045,,1500067
CYP,2046,,1502261
CYP,2047,,1504228
CYP,2048,,1505915
CYP,2049,,1507317
CYP,2050,,1508484
CYP,2051,,1509485
CYP,2052,,1509900
CYP,2053,,1509754
CYP,2054,,1509427
CYP,2055,,1509011
CYP,2056,,1508535
CYP,2057,,1507819
CYP,2058,,1506666
CYP,2059,,1505297
CYP,2060,,1503700
CYP,2061,,1501666
CYP,2062,,1498960
CYP,2063,,1495633
CYP,2064,,1492004
CYP,2065,,1488003
CYP,2066,,1483600
CYP,2067,,1478655
CYP,2068,,1473090
CYP,2069,,1467152
CYP,2070,,1460984
CYP,2071,,1454574
CYP,2072,,1447693
CYP,2073,,1440334
CYP,2074,,1432793
CYP,2075,,1425107
CYP,2076,,1417481
CYP,2077,,1409751
CYP,2078,,1401911
CYP,2079,,1394107
CYP,2080,,1386266
CYP,2081,,1378469
CYP,2082,,1370978
CYP,2083,,1363800
CYP,2084,,1356765
CYP,2085,,1349861
CYP,2086,,1343102
CYP,2087,,1336776
CYP,2088,,1330917
CYP,2089,,1325299
CYP,2090,,1319946
CYP,2091,,1314925
CYP,2092,,1310110
CYP,2093,,1305625
CYP,2094,,1301388
CYP,2095,,1297066
CYP,2096,,1292720
CYP,2097,,1288479
CYP,2098,,1284142
CYP,2099,,1279721
CYP,2100,,1275356
CZE,1950,8916715,
CZE,1951,8997247,
CZE,1952,9077207,
CZE,1953,9152603,
CZE,1954,9221188,
CZE,1955,9289429,
CZE,1956,9358023,
CZE,1957,9418969,
CZE,1958,9469710,
CZE,1959,9508387,
CZE,1960,9541605,
CZE,1961,9573386,
CZE,1962,9597463,
CZE,1963,9627331,
CZE,1964,9668745,
CZE,1965,9706844,
CZE,1966,9736244,
CZE,1967,9758984,
CZE,1968,9775112,
CZE,1969,9787790,
CZE,1970,9801253,
CZE,1971,9822783,
CZE,1972,9858071,
CZE,1973,9906214,
CZE,1974,9965950,
CZE,1975,10030787,
CZE,1976,10092941,
CZE,1977,10149369,
CZE,1978,10200753,
CZE,1979,10246154,
CZE,1980,10275404,
CZE,1981,10289518,
CZE,1982,10299006,
CZE,1983,10302947,
CZE,1984,10303816,
CZE,1985,10305141,
CZE,1986,10304374,
CZE,1987,10303422,
CZE,1988,10305448,
CZE,1989,10305609,
CZE,1990,10301989,
CZE,1991,10304420,
CZE,1992,10312449,
CZE,1993,10320404,
CZE,1994,10322332,
CZE,1995,10312041,
CZE,1996,10296140,
CZE,1997,10280049,
CZE,1998,10265430,
CZE,1999,10251385,
CZE,2000,10236809,
CZE,2001,10231942,
CZE,2002,10239474,
CZE,2003,10248907,
CZE,2004,10261453,
CZE,2005,10280155,
CZE,2006,10304592,
CZE,2007,10337539,
CZE,2008,10378298,
CZE,2009,10420985,
CZE,2010,10464035,
CZE,2011,10495508,
CZE,2012,10507339,
CZE,2013,10511164,
CZE,2014,10517223,
CZE,2015,10524418,
CZE,2016,10531946,
CZE,2017,10541343,
CZE,2018,10548934,
CZE,2019,10554872,
CZE,2020,10550129,
CZE,2021,10530683,
CZE,2022,10673216,
CZE,2023,10809722,
CZE,2024,,10735857
CZE,2025,,10609241
CZE,2026,,10527784
CZE,2027,,10505709
CZE,2028,,10481069
CZE,2029,,10453898
CZE,2030,,10425095
CZE,2031,,10394941
CZE,2032,,10363596
CZE,2033,,10331409
CZE,2034,,10298792
CZE,2035,,10265954
CZE,2036,,10233376
CZE,2037,,10200964
CZE,2038,,10168996
CZE,2039,,10137728
CZE,2040,,10107227
CZE,2041,,10077470
CZE,2042,,10048350
CZE,2043,,10020092
CZE,2044,,9992433
CZE,2045,,9965088
CZE,2046,,9937600
CZE,2047,,9910067
CZE,2048,,9882446
CZE,2049,,9854500
CZE,2050,,9825542
CZE,2051,,9795297
CZE,2052,,9764004
CZE,2053,,9731214
CZE,2054,,9696471
CZE,2055,,9659908
CZE,2056,,9621577
CZE,2057,,9581298
CZE,2058,,9539418
CZE,2059,,9496132
CZE,2060,,9451245
CZE,2061,,9404765
CZE,2062,,9356970
CZE,2063,,9308141
CZE,2064,,9258795
CZE,2065,,9209093
CZE,2066,,9159544
CZE,2067,,9111041
CZE,2068,,9063720
CZE,2069,,9017565
CZE,2070,,8972731
CZE,2071,,8929609
CZE,2072,,8888331
CZE,2073,,8849017
CZE,2074,,8811824
CZE,2075,,8776584
CZE,2076,,8743464
CZE,2077,,8712384
CZE,2078,,8682789
CZE,2079,,8654532
CZE,2080,,8627722
CZE,2081,,8602360
CZE,2082,,8578315
CZE,2083,,8555662
CZE,2084,,8534109
CZE,2085,,8513348
CZE,2086,,8493104
CZE,2087,,8473405
CZE,2088,,8454706
CZE,2089,,8436578
CZE,2090,,8418478
CZE,2091,,8400760
CZE,2092,,8383256
CZE,2093,,8365483
CZE,2094,,8347324
CZE,2095,,8328810
CZE,2096,,8309702
CZE,2097,,8290190
CZE,2098,,8270346
CZE,2099,,8249702
CZE,2100,,8228074
COD,1950,12294293,
COD,1951,12542651,
COD,1952,12803638,
COD,1953,13069453,
COD,1954,13343040,
COD,1955,13630350,
COD,1956,13929950,
COD,1957,14242284,
COD,1958,14557795,
COD,1959,14891587,
COD,1960,15264853,
COD,1961,15662373,
COD,1962,16075729,
COD,1963,16507610,
COD,1964,16955329,
COD,1965,17427807,
COD,1966,17931933,
COD,1967,18462787,
COD,1968,19012194,
COD,1969,19570447,
COD,1970,20137442,
COD,1971,20695568,
COD,1972,21251166,
COD,1973,21827663,
COD,1974,22418883,
COD,1975,23021102,
COD,1976,23624035,
COD,1977,24229060,
COD,1978,24992694,
COD,1979,25886782,
COD,1980,26711098,
COD,1981,27500518,
COD,1982,28338193,
COD,1983,29250969,
COD,1984,30245088,
COD,1985,31264819,
COD,1986,32265200,
COD,1987,33298910,
COD,1988,34382756,
COD,1989,35486863,
COD,1990,36684065,
COD,1991,37925828,
COD,1992,39228908,
COD,1993,40656338,
COD,1994,42626873,
COD,1995,44433718,
COD,1996,45296125,
COD,1997,46029907,
COD,1998,47297595,
COD,1999,48912972,
COD,2000,50507445,
COD,2001,52132646,
COD,2002,53750529,
COD,2003,55343873,
COD,2004,56997740,
COD,2005,58775726,
COD,2006,60615909,
COD,2007,62477753,
COD,2008,64390658,
COD,2009,66412038,
COD,2010,68563038,
COD,2011,70849311,
COD,2012,73254623,
COD,2013,75789397,
COD,2014,78403248,
COD,2015,81035532,
COD,2016,83956416,
COD,2017,87083400,
COD,2018,90047647,
COD,2019,92947450,
COD,2020,95990000,
COD,2021,99148930,
COD,2022,102396974,
COD,2023,105789733,
COD,2024,,109276264
COD,2025,,112832475
COD,2026,,116452162
COD,2027,,120129742
COD,2028,,123871553
COD,2029,,127674140
COD,2030,,131532199
COD,2031,,135447495
COD,2032,,139408613
COD,2033,,143414029
COD,2034,,147468140
COD,2035,,151560101
COD,2036,,155689452
COD,2037,,159848574
COD,2038,,164045608
COD,2039,,168296692
COD,2040,,172595578
COD,2041,,176946261
COD,2042,,181350406
COD,2043,,185805168
COD,2044,,190312003
COD,2045,,194865384
COD,2046,,199464486
COD,2047,,204105925
COD,2048,,208783691
COD,2049,,213497691
COD,2050,,218246071
COD,2051,,223027957
COD,2052,,227837017
COD,2053,,232664925
COD,2054,,237508263
COD,2055,,242361215
COD,2056,,247217772
COD,2057,,252076411
COD,2058,,256940363
COD,2059,,261810595
COD,2060,,266679137
COD,2061,,271539691
COD,2062,,276386345
COD,2063,,281214649
COD,2064,,286020053
COD,2065,,290802817
COD,2066,,295566361
COD,2067,,300307031
COD,2068,,305024367
COD,2069,,309717275
COD,2070,,314382305
COD,2071,,319008019
COD,2072,,323597047
COD,2073,,328151395
COD,2074,,332668932
COD,2075,,337148983
COD,2076,,341591956
COD,2077,,345997827
COD,2078,,350356778
COD,2079,,354663933
COD,2080,,358920651
COD,2081,,363127575
COD,2082,,367286362
COD,2083,,371405061
COD,2084,,375476382
COD,2085,,379483690
COD,2086,,383424206
COD,2087,,387295720
COD,2088,,391094837
COD,2089,,394825384
COD,2090,,398480926
COD,2091,,402059258
COD,2092,,405554500
COD,2093,,408970515
COD,2094,,412322019
COD,2095,,415597744
COD,2096,,418781543
COD,2097,,421876795
COD,2098,,424898167
COD,2099,,427842831
COD,2100,,430709450
DNK,1950,4268408,
DNK,1951,4300262,
DNK,1952,4332237,
DNK,1953,4369107,
DNK,1954,4406404,
DNK,1955,4438843,
DNK,1956,4466342,
DNK,1957,4489659,
DNK,1958,4516072,
DNK,1959,4548480,
DNK,1960,4579347,
DNK,1961,4611358,
DNK,1962,4647466,
DNK,1963,4684268,
DNK,1964,4721889,
DNK,1965,4758837,
DNK,1966,4797199,
DNK,1967,4835223,
DNK,1968,4864801,
DNK,1969,4891798,
DNK,1970,4928674,
DNK,1971,4963064,
DNK,1972,4991569,
DNK,1973,5021765,
DNK,1974,5045639,
DNK,1975,5060403,
DNK,1976,5072803,
DNK,1977,5088571,
DNK,1978,5104341,
DNK,1979,5116862,
DNK,1980,5123079,
DNK,1981,5121628,
DNK,1982,5117897,
DNK,1983,5114468,
DNK,1984,5111831,
DNK,1985,5113878,
DNK,1986,5120691,
DNK,1987,5127134,
DNK,1988,5129650,
DNK,1989,5132717,
DNK,1990,5141024,
DNK,1991,5154346,
DNK,1992,5171372,
DNK,1993,5188638,
DNK,1994,5206188,
DNK,1995,5233364,
DNK,1996,5263071,
DNK,1997,5285041,
DNK,1998,5304263,
DNK,1999,5321814,
DNK,2000,5339659,
DNK,2001,5358825,
DNK,2002,5375967,
DNK,2003,5390621,
DNK,2004,5404594,
DNK,2005,5419550,
DNK,2006,5437425,
DNK,2007,5461604,
DNK,2008,5493762,
DNK,2009,5523169,
DNK,2010,5547865,
DNK,2011,5570848,
DNK,2012,5591911,
DNK,2013,5615333,
DNK,2014,5643795,
DNK,2015,5683698,
DNK,2016,5728196,
DNK,2017,5765164,
DNK,2018,5793824,
DNK,2019,5814618,
DNK,2020,5831529,
DNK,2021,5856774,
DNK,2022,5902901,
DNK,2023,5948134,
DNK,2024,,5977417
DNK,2025,,6002515
DNK,2026,,6023518
DNK,2027,,6041440
DNK,2028,,6057185
DNK,2029,,6070618
DNK,2030,,6081991
DNK,2031,,6091945
DNK,2032,,6100376
DNK,2033,,6107591
DNK,2034,,6114217
DNK,2035,,6119801
DNK,2036,,6124310
DNK,2037,,6127822
DNK,2038,,6130873
DNK,2039,,6133190
DNK,2040,,6134661
DNK,2041,,6135557
DNK,2042,,6135751
DNK,2043,,6135681
DNK,2044,,6135221
DNK,2045,,6134655
DNK,2046,,6133619
DNK,2047,,6131861
DNK,2048,,6129985
DNK,2049,,6127729
DNK,2050,,6124830
DNK,2051,,6121372
DNK,2052,,6117678
DNK,2053,,6113510
DNK,2054,,6108900
DNK,2055,,6103883
DNK,2056,,6098373
DNK,2057,,6093055
DNK,2058,,6088194
DNK,2059,,6083418
DNK,2060,,6078232
DNK,2061,,6072978
DNK,2062,,6067892
DNK,2063,,6062957
DNK,2064,,6058181
DNK,2065,,6053334
DNK,2066,,6049064
DNK,2067,,6045433
DNK,2068,,6042141
DNK,2069,,6039216
DNK,2070,,6036604
DNK,2071,,6034393
DNK,2072,,6032485
DNK,2073,,6030143
DNK,2074,,6027507
DNK,2075,,6025043
DNK,2076,,6022065
DNK,2077,,6018853
DNK,2078,,6015853
DNK,2079,,6012544
DNK,2080,,6008792
DNK,2081,,6004848
DNK,2082,,6000133
DNK,2083,,5994229
DNK,2084,,5987675
DNK,2085,,5980585
DNK,2086,,5973041
DNK,2087,,5965215
DNK,2088,,5957390
DNK,2089,,5949369
DNK,2090,,5940881
DNK,2091,,5932464
DNK,2092,,5924287
DNK,2093,,5916282
DNK,2094,,5908292
DNK,2095,,5900520
DNK,2096,,5893162
DNK,2097,,5885654
DNK,2098,,5878103
DNK,2099,,5870620
DNK,2100,,5863205
DJI,1950,62349,
DJI,1951,64326,
DJI,1952,66371,
DJI,1953,68501,
DJI,1954,70723,
DJI,1955,73023,
DJI,1956,75403,
DJI,1957,77884,
DJI,1958,80457,
DJI,1959,83102,
DJI,1960,86040,
DJI,1961,89407,
DJI,1962,93305,
DJI,1963,97887,
DJI,1964,103214,
DJI,1965,109108,
DJI,1966,115284,
DJI,1967,121659,
DJI,1968,128264,
DJI,1969,136090,
DJI,1970,145188,
DJI,1971,155152,
DJI,1972,166268,
DJI,1973,178460,
DJI,1974,192622,
DJI,1975,209922,
DJI,1976,230747,
DJI,1977,254629,
DJI,1978,280042,
DJI,1979,304525,
DJI,1980,325822,
DJI,1981,343056,
DJI,1982,356887,
DJI,1983,369558,
DJI,1984,384072,
DJI,1985,402691,
DJI,1986,426345,
DJI,1987,454409,
DJI,1988,484531,
DJI,1989,523362,
DJI,1990,579544,
DJI,1991,631096,
DJI,1992,626016,
DJI,1993,614247,
DJI,1994,626717,
DJI,1995,633075,
DJI,1996,648354,
DJI,1997,671826,
DJI,1998,699355,
DJI,1999,724228,
DJI,2000,747326,
DJI,2001,771311,
DJI,2002,795576,
DJI,2003,813528,
DJI,2004,826133,
DJI,2005,839174,
DJI,2006,855767,
DJI,2007,874530,
DJI,2008,892739,
DJI,2009,911524,
DJI,2010,930252,
DJI,2011,948565,
DJI,2012,966754,
DJI,2013,984833,
DJI,2014,1002720,
DJI,2015,1020316,
DJI,2016,1037660,
DJI,2017,1054844,
DJI,2018,1071886,
DJI,2019,1088710,
DJI,2020,1105193,
DJI,2021,1121251,
DJI,2022,1137101,
DJI,2023,1152951,
DJI,2024,,1168726
DJI,2025,,1184082
DJI,2026,,1199458
DJI,2027,,1215025
DJI,2028,,1230590
DJI,2029,,1246675
DJI,2030,,1262684
DJI,2031,,1278346
DJI,2032,,1293449
DJI,2033,,1307802
DJI,2034,,1321617
DJI,2035,,1335501
DJI,2036,,1349363
DJI,2037,,1363484
DJI,2038,,1377789
DJI,2039,,1391881
DJI,2040,,1406634
DJI,2041,,1421795
DJI,2042,,1436446
DJI,2043,,1449563
DJI,2044,,1461645
DJI,2045,,1474042
DJI,2046,,1486464
DJI,2047,,1498050
DJI,2048,,1508880
DJI,2049,,1519722
DJI,2050,,1530546
DJI,2051,,1540676
DJI,2052,,1551189
DJI,2053,,1563322
DJI,2054,,1575389
DJI,2055,,1585527
DJI,2056,,1596244
DJI,2057,,1608921
DJI,2058,,1620980
DJI,2059,,1631692
DJI,2060,,1641576
DJI,2061,,1650916
DJI,2062,,1660270
DJI,2063,,1668396
DJI,2064,,1675189
DJI,2065,,1682962
DJI,2066,,1692203
DJI,2067,,1701046
DJI,2068,,1708898
DJI,2069,,1715727
DJI,2070,,1721908
DJI,2071,,1728305
DJI,2072,,1733915
DJI,2073,,1739119
DJI,2074,,1745548
DJI,2075,,1752293
DJI,2076,,1758377
DJI,2077,,1763801
DJI,2078,,1768277
DJI,2079,,1772771
DJI,2080,,1776611
DJI,2081,,1779752
DJI,2082,,1783929
DJI,2083,,1788203
DJI,2084,,1792326
DJI,2085,,1797218
DJI,2086,,1801632
DJI,2087,,1805471
DJI,2088,,1809860
DJI,2089,,1813902
DJI,2090,,1816931
DJI,2091,,1819199
DJI,2092,,1821227
DJI,2093,,1824784
DJI,2094,,1828094
DJI,2095,,1830020
DJI,2096,,1831877
DJI,2097,,1834660
DJI,2098,,1838053
DJI,2099,,1840305
DJI,2100,,1841537
DMA,1950,50219,
DMA,1951,50464,
DMA,1952,50862,
DMA,1953,51401,
DMA,1954,52103,
DMA,1955,52974,
DMA,1956,54006,
DMA,1957,55216,
DMA,1958,56606,
DMA,1959,58123,
DMA,1960,59386,
DMA,1961,60230,
DMA,1962,60969,
DMA,1963,61759,
DMA,1964,62602,
DMA,1965,63522,
DMA,1966,64522,
DMA,1967,65598,
DMA,1968,66751,
DMA,1969,67956,
DMA,1970,68927,
DMA,1971,69548,
DMA,1972,70072,
DMA,1973,70603,
DMA,1974,71106,
DMA,1975,71589,
DMA,1976,72036,
DMA,1977,72424,
DMA,1978,72741,
DMA,1979,72978,
DMA,1980,73102,
DMA,1981,73004,
DMA,1982,72704,
DMA,1983,72385,
DMA,1984,72075,
DMA,1985,71768,
DMA,1986,71426,
DMA,1987,71044,
DMA,1988,70628,
DMA,1989,70171,
DMA,1990,69644,
DMA,1991,69321,
DMA,1992,69344,
DMA,1993,69453,
DMA,1994,69493,
DMA,1995,69490,
DMA,1996,69422,
DMA,1997,69315,
DMA,1998,69144,
DMA,1999,68883,
DMA,2000,68527,
DMA,2001,68299,
DMA,2002,68385,
DMA,2003,68552,
DMA,2004,68664,
DMA,2005,68750,
DMA,2006,68823,
DMA,2007,68862,
DMA,2008,68866,
DMA,2009,68879,
DMA,2010,68872,
DMA,2011,69073,
DMA,2012,69138,
DMA,2013,69733,
DMA,2014,70387,
DMA,2015,70429,
DMA,2016,69627,
DMA,2017,68514,
DMA,2018,68195,
DMA,2019,67901,
DMA,2020,67588,
DMA,2021,67222,
DMA,2022,66847,
DMA,2023,66531,
DMA,2024,,66226
DMA,2025,,65892
DMA,2026,,65530
DMA,2027,,65182
DMA,2028,,64830
DMA,2029,,64496
DMA,2030,,64191
DMA,2031,,63971
DMA,2032,,63847
DMA,2033,,63797
DMA,2034,,63778
DMA,2035,,63785
DMA,2036,,63779
DMA,2037,,63792
DMA,2038,,63806
DMA,2039,,63813
DMA,2040,,63820
DMA,2041,,63826
DMA,2042,,63800
DMA,2043,,63753
DMA,2044,,63699
DMA,2045,,63651
DMA,2046,,63596
DMA,2047,,63523
DMA,2048,,63432
DMA,2049,,63325
DMA,2050,,63212
DMA,2051,,63087
DMA,2052,,62930
DMA,2053,,62772
DMA,2054,,62620
DMA,2055,,62447
DMA,2056,,62269
DMA,2057,,62079
DMA,2058,,61869
DMA,2059,,61668
DMA,2060,,61449
DMA,2061,,61222
DMA,2062,,60990
DMA,2063,,60768
DMA,2064,,60540
DMA,2065,,60289
DMA,2066,,60043
DMA,2067,,59798
DMA,2068,,59534
DMA,2069,,59266
DMA,2070,,58983
DMA,2071,,58686
DMA,2072,,58390
DMA,2073,,58076
DMA,2074,,57765
DMA,2075,,57450
DMA,2076,,57132
DMA,2077,,56824
DMA,2078,,56512
DMA,2079,,56186
DMA,2080,,55858
DMA,2081,,55550
DMA,2082,,55247
DMA,2083,,54926
DMA,2084,,54610
DMA,2085,,54287
DMA,2086,,53958
DMA,2087,,53622
DMA,2088,,53282
DMA,2089,,52933
DMA,2090,,52590
DMA,2091,,52251
DMA,2092,,51930
DMA,2093,,51604
DMA,2094,,51278
DMA,2095,,50933
DMA,2096,,50597
DMA,2097,,50265
DMA,2098,,49895
DMA,2099,,49518
DMA,2100,,49137
DOM,1950,2379896,
DOM,1951,2450150,
DOM,1952,2525056,
DOM,1953,2604818,
DOM,1954,2689101,
DOM,1955,2777636,
DOM,1956,2870034,
DOM,1957,2965778,
DOM,1958,3064350,
DOM,1959,3165304,
DOM,1960,3268341,
DOM,1961,3373237,
DOM,1962,3479940,
DOM,1963,3588293,
DOM,1964,3698563,
DOM,1965,3808965,
DOM,1966,3921849,
DOM,1967,4038932,
DOM,1968,4157191,
DOM,1969,4277039,
DOM,1970,4399294,
DOM,1971,4524238,
DOM,1972,4651892,
DOM,1973,4782235,
DOM,1974,4914198,
DOM,1975,5046783,
DOM,1976,5180404,
DOM,1977,5315446,
DOM,1978,5451891,
DOM,1979,5589694,
DOM,1980,5729043,
DOM,1981,5868459,
DOM,1982,6007115,
DOM,1983,6147244,
DOM,1984,6289048,
DOM,1985,6430404,
DOM,1986,6571213,
DOM,1987,6712519,
DOM,1988,6855737,
DOM,1989,7002300,
DOM,1990,7151165,
DOM,1991,7299849,
DOM,1992,7447476,
DOM,1993,7594567,
DOM,1994,7741694,
DOM,1995,7888120,
DOM,1996,8032895,
DOM,1997,8174081,
DOM,1998,8310369,
DOM,1999,8446207,
DOM,2000,8584196,
DOM,2001,8720287,
DOM,2002,8852231,
DOM,2003,8980626,
DOM,2004,9104889,
DOM,2005,9225035,
DOM,2006,9341187,
DOM,2007,9455663,
DOM,2008,9573135,
DOM,2009,9695270,
DOM,2010,9820180,
DOM,2011,9945623,
DOM,2012,10070409,
DOM,2013,10193838,
DOM,2014,10315523,
DOM,2015,10434826,
DOM,2016,10551430,
DOM,2017,10666846,
DOM,2018,10782048,
DOM,2019,10894043,
DOM,2020,11008298,
DOM,2021,11123480,
DOM,2022,11230734,
DOM,2023,11331269,
DOM,2024,,11427558
DOM,2025,,11520483
DOM,2026,,11609499
DOM,2027,,11695937
DOM,2028,,11779931
DOM,2029,,11860816
DOM,2030,,11938856
DOM,2031,,12014151
DOM,2032,,12086671
DOM,2033,,12156526
DOM,2034,,12224123
DOM,2035,,12289433
DOM,2036,,12352231
DOM,2037,,12412545
DOM,2038,,12470658
DOM,2039,,12526158
DOM,2040,,12579323
DOM,2041,,12630682
DOM,2042,,12680022
DOM,2043,,12727292
DOM,2044,,12772653
DOM,2045,,12816006
DOM,2046,,12856886
DOM,2047,,12895161
DOM,2048,,12931168
DOM,2049,,12964844
DOM,2050,,12996292
DOM,2051,,13025145
DOM,2052,,13050630
DOM,2053,,13073026
DOM,2054,,13092433
DOM,2055,,13108950
DOM,2056,,13122622
DOM,2057,,13133874
DOM,2058,,13143072
DOM,2059,,13149294
DOM,2060,,13152503
DOM,2061,,13153093
DOM,2062,,13151035
DOM,2063,,13146556
DOM,2064,,13139443
DOM,2065,,13129733
DOM,2066,,13118070
DOM,2067,,13104574
DOM,2068,,13088725
DOM,2069,,13070724
DOM,2070,,13050525
DOM,2071,,13028409
DOM,2072,,13004416
DOM,2073,,12978262
DOM,2074,,12950017
DOM,2075,,12920050
DOM,2076,,12888479
DOM,2077,,12854686
DOM,2078,,12819026
DOM,2079,,12781710
DOM,2080,,12742400
DOM,2081,,12701353
DOM,2082,,12658564
DOM,2083,,12614431
DOM,2084,,12568887
DOM,2085,,12521532
DOM,2086,,12472637
DOM,2087,,12422459
DOM,2088,,12371315
DOM,2089,,12318790
DOM,2090,,12264877
DOM,2091,,12209981
DOM,2092,,12154095
DOM,2093,,12097055
DOM,2094,,12039032
DOM,2095,,11980233
DOM,2096,,11920655
DOM,2097,,11860527
DOM,2098,,11799536
DOM,2099,,11737619
DOM,2100,,11674908
TLS,1950,414767,
TLS,1951,418266,
TLS,1952,422428,
TLS,1953,426994,
TLS,1954,431906,
TLS,1955,437160,
TLS,1956,442703,
TLS,1957,448566,
TLS,1958,454756,
TLS,1959,461278,
TLS,1960,468130,
TLS,1961,475300,
TLS,1962,482782,
TLS,1963,490572,
TLS,1964,498664,
TLS,1965,507041,
TLS,1966,515698,
TLS,1967,524651,
TLS,1968,533880,
TLS,1969,543360,
TLS,1970,553079,
TLS,1971,562974,
TLS,1972,572975,
TLS,1973,582862,
TLS,1974,590831,
TLS,1975,598168,
TLS,1976,607632,
TLS,1977,618319,
TLS,1978,628780,
TLS,1979,638725,
TLS,1980,649877,
TLS,1981,660503,
TLS,1982,669156,
TLS,1983,677704,
TLS,1984,686786,
TLS,1985,696671,
TLS,1986,707191,
TLS,1987,718487,
TLS,1988,730753,
TLS,1989,744860,
TLS,1990,760348,
TLS,1991,778286,
TLS,1992,799323,
TLS,1993,821445,
TLS,1994,844501,
TLS,1995,868152,
TLS,1996,892289,
TLS,1997,917189,
TLS,1998,942537,
TLS,1999,834699,
TLS,2000,745095,
TLS,2001,812253,
TLS,2002,879170,
TLS,2003,916876,
TLS,2004,929081,
TLS,2005,948310,
TLS,2006,976610,
TLS,2007,1004898,
TLS,2008,1032431,
TLS,2009,1058783,
TLS,2010,1084688,
TLS,2011,1110212,
TLS,2012,1134891,
TLS,2013,1158697,
TLS,2014,1181913,
TLS,2015,1205133,
TLS,2016,1228314,
TLS,2017,1251711,
TLS,2018,1275962,
TLS,2019,1300946,
TLS,2020,1326051,
TLS,2021,1350142,
TLS,2022,1369299,
TLS,2023,1384292,
TLS,2024,,1400638
TLS,2025,,1418520
TLS,2026,,1436937
TLS,2027,,1456335
TLS,2028,,1476852
TLS,2029,,1498120
TLS,2030,,1519805
TLS,2031,,1540662
TLS,2032,,1559713
TLS,2033,,1578115
TLS,2034,,1597447
TLS,2035,,1618802
TLS,2036,,1639721
TLS,2037,,1659330
TLS,2038,,1678955
TLS,2039,,1698893
TLS,2040,,1718252
TLS,2041,,1736479
TLS,2042,,1755848
TLS,2043,,1776067
TLS,2044,,1793759
TLS,2045,,1809637
TLS,2046,,1825552
TLS,2047,,1841561
TLS,2048,,1858312
TLS,2049,,1873848
TLS,2050,,1889248
TLS,2051,,1902809
TLS,2052,,1914569
TLS,2053,,1929096
TLS,2054,,1941289
TLS,2055,,1951793
TLS,2056,,1965172
TLS,2057,,1978203
TLS,2058,,1989853
TLS,2059,,2000693
TLS,2060,,2009634
TLS,2061,,2016261
TLS,2062,,2022622
TLS,2063,,2030462
TLS,2064,,2038609
TLS,2065,,2045913
TLS,2066,,2053551
TLS,2067,,2061008
TLS,2068,,2067566
TLS,2069,,2073628
TLS,2070,,2077656
TLS,2071,,2082767
TLS,2072,,2088472
TLS,2073,,2090504
TLS,2074,,2091542
TLS,2075,,2092212
TLS,2076,,2092354
TLS,2077,,2092188
TLS,2078,,2090448
TLS,2079,,2089601
TLS,2080,,2088570
TLS,2081,,2085228
TLS,2082,,2082064
TLS,2083,,2078174
TLS,2084,,2072692
TLS,2085,,2067103
TLS,2086,,2062922
TLS,2087,,2057654
TLS,2088,,2050840
TLS,2089,,2043959
TLS,2090,,2036932
TLS,2091,,2030369
TLS,2092,,2024165
TLS,2093,,2018793
TLS,2094,,2012785
TLS,2095,,2005309
TLS,2096,,1997296
TLS,2097,,1990092
TLS,2098,,1983509
TLS,2099,,1977729
TLS,2100,,1972927
ECU,1950,3516791,
ECU,1951,3607837,
ECU,1952,3702403,
ECU,1953,3800296,
ECU,1954,3901514,
ECU,1955,4006189,
ECU,1956,4114537,
ECU,1957,4226856,
ECU,1958,4343499,
ECU,1959,4464761,
ECU,1960,4590893,
ECU,1961,4722334,
ECU,1962,4859272,
ECU,1963,5001721,
ECU,1964,5149925,
ECU,1965,5303960,
ECU,1966,5463749,
ECU,1967,5629060,
ECU,1968,5799683,
ECU,1969,5975234,
ECU,1970,6155392,
ECU,1971,6340056,
ECU,1972,6529040,
ECU,1973,6722036,
ECU,1974,6918571,
ECU,1975,7118258,
ECU,1976,7320913,
ECU,1977,7526826,
ECU,1978,7736176,
ECU,1979,7948871,
ECU,1980,8165882,
ECU,1981,8386913,
ECU,1982,8611296,
ECU,1983,8840424,
ECU,1984,9074783,
ECU,1985,9311152,
ECU,1986,9545999,
ECU,1987,9779290,
ECU,1988,10010804,
ECU,1989,10241859,
ECU,1990,10473674,
ECU,1991,10702377,
ECU,1992,10930128,
ECU,1993,11154283,
ECU,1994,11372197,
ECU,1995,11590519,
ECU,1996,11810954,
ECU,1997,12031129,
ECU,1998,12251188,
ECU,1999,12470800,
ECU,2000,12689215,
ECU,2001,12910736,
ECU,2002,13138473,
ECU,2003,13372304,
ECU,2004,13608700,
ECU,2005,13846162,
ECU,2006,14086138,
ECU,2007,14328783,
ECU,2008,14575201,
ECU,2009,14825960,
ECU,2010,15076697,
ECU,2011,15326232,
ECU,2012,15572195,
ECU,2013,15807132,
ECU,2014,16035127,
ECU,2015,16266229,
ECU,2016,16505142,
ECU,2017,16759515,
ECU,2018,17049542,
ECU,2019,17340017,
ECU,2020,17546058,
ECU,2021,17682454,
ECU,2022,17823900,
ECU,2023,17980079,
ECU,2024,,18135478
ECU,2025,,18289898
ECU,2026,,18444504
ECU,2027,,18600319
ECU,2028,,18757227
ECU,2029,,18914102
ECU,2030,,19069715
ECU,2031,,19222815
ECU,2032,,19372493
ECU,2033,,19518750
ECU,2034,,19661347
ECU,2035,,19800129
ECU,2036,,19935160
ECU,2037,,20066382
ECU,2038,,20193574
ECU,2039,,20316268
ECU,2040,,20434223
ECU,2041,,20547454
ECU,2042,,20655762
ECU,2043,,20759126
ECU,2044,,20857467
ECU,2045,,20950630
ECU,2046,,21038533
ECU,2047,,21121166
ECU,2048,,21198614
ECU,2049,,21270655
ECU,2050,,21337230
ECU,2051,,21398372
ECU,2052,,21454112
ECU,2053,,21504687
ECU,2054,,21550215
ECU,2055,,21590752
ECU,2056,,21626331
ECU,2057,,21657055
ECU,2058,,21682837
ECU,2059,,21703721
ECU,2060,,21719863
ECU,2061,,21731325
ECU,2062,,21738120
ECU,2063,,21740226
ECU,2064,,21737590
ECU,2065,,21730190
ECU,2066,,21718325
ECU,2067,,21702070
ECU,2068,,21681229
ECU,2069,,21655756
ECU,2070,,21625448
ECU,2071,,21590427
ECU,2072,,21550790
ECU,2073,,21506458
ECU,2074,,21457513
ECU,2075,,21404280
ECU,2076,,21346772
ECU,2077,,21284799
ECU,2078,,21218537
ECU,2079,,21148153
ECU,2080,,21074012
ECU,2081,,20996371
ECU,2082,,20915402
ECU,2083,,20831316
ECU,2084,,20744221
ECU,2085,,20654315
ECU,2086,,20561575
ECU,2087,,20466354
ECU,2088,,20369036
ECU,2089,,20269675
ECU,2090,,20168412
ECU,2091,,20065446
ECU,2092,,19960970
ECU,2093,,19855305
ECU,2094,,19748658
ECU,2095,,19641072
ECU,2096,,19532661
ECU,2097,,19423472
ECU,2098,,19313637
ECU,2099,,19203144
ECU,2100,,19092166
EGY,1950,21148168,
EGY,1951,21605922,
EGY,1952,22104946,
EGY,1953,22644148,
EGY,1954,23212564,
EGY,1955,23795234,
EGY,1956,24387350,
EGY,1957,24994417,
EGY,1958,25600327,
EGY,1959,26226866,
EGY,1960,26896480,
EGY,1961,27600903,
EGY,1962,28337017,
EGY,1963,29091868,
EGY,1964,29858925,
EGY,1965,30629174,
EGY,1966,31406543,
EGY,1967,32196366,
EGY,1968,32998322,
EGY,1969,33811619,
EGY,1970,34623990,
EGY,1971,35433370,
EGY,1972,36258327,
EGY,1973,37102044,
EGY,1974,37969667,
EGY,1975,38875326,
EGY,1976,39795558,
EGY,1977,40748878,
EGY,1978,41761437,
EGY,1979,42818635,
EGY,1980,43950413,
EGY,1981,45147226,
EGY,1982,46407612,
EGY,1983,47786401,
EGY,1984,49247336,
EGY,1985,50734974,
EGY,1986,52206296,
EGY,1987,53674436,
EGY,1988,55187680,
EGY,1989,56710641,
EGY,1990,58396625,
EGY,1991,60029001,
EGY,1992,61480663,
EGY,1993,62915681,
EGY,1994,64285596,
EGY,1995,65652621,
EGY,1996,67028045,
EGY,1997,68431738,
EGY,1998,69943297,
EGY,1999,71520953,
EGY,2000,73083287,
EGY,2001,74652035,
EGY,2002,76239140,
EGY,2003,77853548,
EGY,2004,79477441,
EGY,2005,81101012,
EGY,2006,82700404,
EGY,2007,84276224,
EGY,2008,85864791,
EGY,2009,87501635,
EGY,2010,89196073,
EGY,2011,91093066,
EGY,2012,93161000,
EGY,2013,95333551,
EGY,2014,97528655,
EGY,2015,99597334,
EGY,2016,101644583,
EGY,2017,103696055,
EGY,2018,105682092,
EGY,2019,107553159,
EGY,2020,109315118,
EGY,2021,110957005,
EGY,2022,112618252,
EGY,2023,114535772,
EGY,2024,,116538256
EGY,2025,,118365995
EGY,2026,,120101178
EGY,2027,,121847620
EGY,2028,,123608455
EGY,2029,,125373056
EGY,2030,,127139321
EGY,2031,,128912255
EGY,2032,,130695083
EGY,2033,,132485611
EGY,2034,,134287836
EGY,2035,,136097208
EGY,2036,,137913261
EGY,2037,,139738698
EGY,2038,,141565833
EGY,2039,,143393266
EGY,2040,,145213660
EGY,2041,,147018552
EGY,2042,,148800782
EGY,2043,,150547654
EGY,2044,,152255330
EGY,2045,,153919189
EGY,2046,,155535950
EGY,2047,,157114402
EGY,2048,,158657390
EGY,2049,,160161613
EGY,2050,,161630196
EGY,2051,,163063537
EGY,2052,,164468975
EGY,2053,,165849957
EGY,2054,,167203823
EGY,2055,,168531681
EGY,2056,,169835154
EGY,2057,,171117530
EGY,2058,,172379099
EGY,2059,,173622460
EGY,2060,,174845209
EGY,2061,,176046981
EGY,2062,,177229968
EGY,2063,,178398630
EGY,2064,,179552858
EGY,2065,,180677451
EGY,2066,,181775601
EGY,2067,,182855187
EGY,2068,,183911494
EGY,2069,,184941150
EGY,2070,,185940687
EGY,2071,,186912360
EGY,2072,,187857200
EGY,2073,,188769059
EGY,2074,,189649294
EGY,2075,,190502717
EGY,2076,,191327320
EGY,2077,,192118605
EGY,2078,,192875362
EGY,2079,,193602705
EGY,2080,,194292901
EGY,2081,,194947820
EGY,2082,,195572347
EGY,2083,,196164360
EGY,2084,,196727672
EGY,2085,,197258866
EGY,2086,,197760951
EGY,2087,,198240473
EGY,2088,,198692013
EGY,2089,,199110322
EGY,2090,,199500192
EGY,2091,,199868279
EGY,2092,,200211941
EGY,2093,,200529822
EGY,2094,,200820192
EGY,2095,,201078017
EGY,2096,,201300653
EGY,2097,,201487949
EGY,2098,,201650872
EGY,2099,,201787327
EGY,2100,,201895187
SLV,1950,2183513,
SLV,1951,2235309,
SLV,1952,2287960,
SLV,1953,2341981,
SLV,1954,2397832,
SLV,1955,2456598,
SLV,1956,2518179,
SLV,1957,2582514,
SLV,1958,2648670,
SLV,1959,2717539,
SLV,1960,2791448,
SLV,1961,2870022,
SLV,1962,2949211,
SLV,1963,3028678,
SLV,1964,3111893,
SLV,1965,3199474,
SLV,1966,3290962,
SLV,1967,3385192,
SLV,1968,3480775,
SLV,1969,3576488,
SLV,1970,3668799,
SLV,1971,3757531,
SLV,1972,3846835,
SLV,1973,3938073,
SLV,1974,4029675,
SLV,1975,4120451,
SLV,1976,4210312,
SLV,1977,4301259,
SLV,1978,4394126,
SLV,1979,4480389,
SLV,1980,4540377,
SLV,1981,4570602,
SLV,1982,4622478,
SLV,1983,4707368,
SLV,1984,4798003,
SLV,1985,4894703,
SLV,1986,4992772,
SLV,1987,5092443,
SLV,1988,5195828,
SLV,1989,5298977,
SLV,1990,5399728,
SLV,1991,5495081,
SLV,1992,5585611,
SLV,1993,5659959,
SLV,1994,5714138,
SLV,1995,5762135,
SLV,1996,5805286,
SLV,1997,5844578,
SLV,1998,5880786,
SLV,1999,5913908,
SLV,2000,5943363,
SLV,2001,5968058,
SLV,2002,5986629,
SLV,2003,5998597,
SLV,2004,6004673,
SLV,2005,6005583,
SLV,2006,6002321,
SLV,2007,6009820,
SLV,2008,6029302,
SLV,2009,6048284,
SLV,2010,6068253,
SLV,2011,6090128,
SLV,2012,6113977,
SLV,2013,6138845,
SLV,2014,6162952,
SLV,2015,6183675,
SLV,2016,6200808,
SLV,2017,6213538,
SLV,2018,6219803,
SLV,2019,6222316,
SLV,2020,6234679,
SLV,2021,6255780,
SLV,2022,6280316,
SLV,2023,6309629,
SLV,2024,,6338197
SLV,2025,,6365506
SLV,2026,,6391255
SLV,2027,,6416444
SLV,2028,,6440938
SLV,2029,,6464420
SLV,2030,,6486207
SLV,2031,,6506406
SLV,2032,,6525794
SLV,2033,,6544663
SLV,2034,,6562189
SLV,2035,,6578186
SLV,2036,,6593332
SLV,2037,,6607021
SLV,2038,,6619821
SLV,2039,,6631174
SLV,2040,,6640756
SLV,2041,,6649295
SLV,2042,,6656215
SLV,2043,,6661892
SLV,2044,,6665755
SLV,2045,,6668035
SLV,2046,,6669409
SLV,2047,,6669838
SLV,2048,,6669227
SLV,2049,,6666763
SLV,2050,,6663348
SLV,2051,,6658585
SLV,2052,,6652324
SLV,2053,,6645250
SLV,2054,,6636015
SLV,2055,,6624746
SLV,2056,,6612213
SLV,2057,,6598566
SLV,2058,,6584686
SLV,2059,,6570280
SLV,2060,,6554200
SLV,2061,,6537101
SLV,2062,,6519114
SLV,2063,,6499527
SLV,2064,,6478352
SLV,2065,,6455859
SLV,2066,,6432658
SLV,2067,,6408809
SLV,2068,,6383581
SLV,2069,,6357179
SLV,2070,,6329846
SLV,2071,,6301662
SLV,2072,,6272866
SLV,2073,,6241822
SLV,2074,,6209159
SLV,2075,,6175899
SLV,2076,,6140614
SLV,2077,,6103698
SLV,2078,,6065628
SLV,2079,,6026035
SLV,2080,,5985030
SLV,2081,,5942986
SLV,2082,,5900184
SLV,2083,,5856531
SLV,2084,,5811608
SLV,2085,,5765725
SLV,2086,,5719485
SLV,2087,,5672918
SLV,2088,,5626264
SLV,2089,,5579417
SLV,2090,,5532372
SLV,2091,,5485398
SLV,2092,,5438514
SLV,2093,,5391710
SLV,2094,,5344859
SLV,2095,,5298054
SLV,2096,,5251564
SLV,2097,,5205943
SLV,2098,,5161155
SLV,2099,,5116886
SLV,2100,,5073225
GNQ,1950,226570,
GNQ,1951,230628,
GNQ,1952,234690,
GNQ,1953,238805,
GNQ,1954,242985,
GNQ,1955,247228,
GNQ,1956,251534,
GNQ,1957,255931,
GNQ,1958,260397,
GNQ,1959,265003,
GNQ,1960,269813,
GNQ,1961,274907,
GNQ,1962,280294,
GNQ,1963,285974,
GNQ,1964,291954,
GNQ,1965,298248,
GNQ,1966,304868,
GNQ,1967,311814,
GNQ,1968,318853,
GNQ,1969,322525,
GNQ,1970,320815,
GNQ,1971,315946,
GNQ,1972,309474,
GNQ,1973,302293,
GNQ,1974,294957,
GNQ,1975,287912,
GNQ,1976,281042,
GNQ,1977,276784,
GNQ,1978,276534,
GNQ,1979,279848,
GNQ,1980,288652,
GNQ,1981,303262,
GNQ,1982,322226,
GNQ,1983,343429,
GNQ,1984,364905,
GNQ,1985,385553,
GNQ,1986,404740,
GNQ,1987,422529,
GNQ,1988,439659,
GNQ,1989,456821,
GNQ,1990,474289,
GNQ,1991,492220,
GNQ,1992,510775,
GNQ,1993,530030,
GNQ,1994,550148,
GNQ,1995,571274,
GNQ,1996,593496,
GNQ,1997,616897,
GNQ,1998,641478,
GNQ,1999,667222,
GNQ,2000,703287,
GNQ,2001,749836,
GNQ,2002,797968,
GNQ,2003,847867,
GNQ,2004,899924,
GNQ,2005,947370,
GNQ,2006,990349,
GNQ,2007,1036053,
GNQ,2008,1084538,
GNQ,2009,1135683,
GNQ,2010,1189097,
GNQ,2011,1241843,
GNQ,2012,1293485,
GNQ,2013,1346220,
GNQ,2014,1399829,
GNQ,2015,1453925,
GNQ,2016,1508192,
GNQ,2017,1562401,
GNQ,2018,1616425,
GNQ,2019,1670184,
GNQ,2020,1716479,
GNQ,2021,1758796,
GNQ,2022,1803549,
GNQ,2023,1847556,
GNQ,2024,,1892523
GNQ,2025,,1938436
GNQ,2026,,1984472
GNQ,2027,,2030758
GNQ,2028,,2077262
GNQ,2029,,2123708
GNQ,2030,,2170443
GNQ,2031,,2218087
GNQ,2032,,2267034
GNQ,2033,,2316000
GNQ,2034,,2364856
GNQ,2035,,2414274
GNQ,2036,,2463891
GNQ,2037,,2513964
GNQ,2038,,2564854
GNQ,2039,,2615427
GNQ,2040,,2665587
GNQ,2041,,2715489
GNQ,2042,,2764776
GNQ,2043,,2813781
GNQ,2044,,2862523
GNQ,2045,,2911239
GNQ,2046,,2959101
GNQ,2047,,3005562
GNQ,2048,,3051492
GNQ,2049,,3097638
GNQ,2050,,3143731
GNQ,2051,,3190138
GNQ,2052,,3237097
GNQ,2053,,3284244
GNQ,2054,,3331644
GNQ,2055,,3379137
GNQ,2056,,3425911
GNQ,2057,,3472111
GNQ,2058,,3518916
GNQ,2059,,3565519
GNQ,2060,,3610535
GNQ,2061,,3654516
GNQ,2062,,3697764
GNQ,2063,,3740629
GNQ,2064,,3784119
GNQ,2065,,3827945
GNQ,2066,,3870744
GNQ,2067,,3912457
GNQ,2068,,3953185
GNQ,2069,,3994225
GNQ,2070,,4036255
GNQ,2071,,4077615
GNQ,2072,,4118439
GNQ,2073,,4159068
GNQ,2074,,4199394
GNQ,2075,,4240152
GNQ,2076,,4281145
GNQ,2077,,4320752
GNQ,2078,,4358631
GNQ,2079,,4396378
GNQ,2080,,4433207
GNQ,2081,,4468441
GNQ,2082,,4502423
GNQ,2083,,4535219
GNQ,2084,,4568719
GNQ,2085,,4601319
GNQ,2086,,4631729
GNQ,2087,,4661871
GNQ,2088,,4692340
GNQ,2089,,4722945
GNQ,2090,,4751863
GNQ,2091,,4778442
GNQ,2092,,4805067
GNQ,2093,,4832463
GNQ,2094,,4859882
GNQ,2095,,4886364
GNQ,2096,,4910973
GNQ,2097,,4934744
GNQ,2098,,4958291
GNQ,2099,,4981044
GNQ,2100,,5003220
ERI,1950,814880,
ERI,1951,827035,
ERI,1952,840352,
ERI,1953,854708,
ERI,1954,870030,
ERI,1955,886245,
ERI,1956,903421,
ERI,1957,918807,
ERI,1958,932595,
ERI,1959,950562,
ERI,1960,972558,
ERI,1961,995576,
ERI,1962,1019789,
ERI,1963,1045096,
ERI,1964,1071293,
ERI,1965,1098337,
ERI,1966,1124959,
ERI,1967,1152345,
ERI,1968,1181742,
ERI,1969,1212005,
ERI,1970,1243457,
ERI,1971,1276160,
ERI,1972,1309248,
ERI,1973,1342677,
ERI,1974,1375687,
ERI,1975,1408218,
ERI,1976,1443811,
ERI,1977,1482567,
ERI,1978,1522382,
ERI,1979,1563332,
ERI,1980,1605800,
ERI,1981,1649946,
ERI,1982,1695465,
ERI,1983,1736163,
ERI,1984,1771736,
ERI,1985,1807812,
ERI,1986,1845169,
ERI,1987,1888672,
ERI,1988,1938264,
ERI,1989,1987021,
ERI,1990,2032749,
ERI,1991,1919575,
ERI,1992,1798750,
ERI,1993,1856017,
ERI,1994,1913919,
ERI,1995,2025273,
ERI,1996,2128464,
ERI,1997,2152146,
ERI,1998,2180423,
ERI,1999,2212785,
ERI,2000,2247036,
ERI,2001,2312083,
ERI,2002,2392981,
ERI,2003,2493906,
ERI,2004,2598288,
ERI,2005,2661215,
ERI,2006,2703501,
ERI,2007,2743226,
ERI,2008,2816331,
ERI,2009,2887887,
ERI,2010,2945184,
ERI,2011,2998493,
ERI,2012,3036998,
ERI,2013,3074367,
ERI,2014,3095168,
ERI,2015,3105554,
ERI,2016,3124700,
ERI,2017,3150350,
ERI,2018,3192763,
ERI,2019,3240194,
ERI,2020,3291277,
ERI,2021,3350185,
ERI,2022,3409450,
ERI,2023,3470391,
ERI,2024,,3535610
ERI,2025,,3607003
ERI,2026,,3682667
ERI,2027,,3760375
ERI,2028,,3840142
ERI,2029,,3920475
ERI,2030,,4002678
ERI,2031,,4085046
ERI,2032,,4166515
ERI,2033,,4249509
ERI,2034,,4334735
ERI,2035,,4420923
ERI,2036,,4509762
ERI,2037,,4601943
ERI,2038,,4692350
ERI,2039,,4780478
ERI,2040,,4868678
ERI,2041,,4954491
ERI,2042,,5039308
ERI,2043,,5124267
ERI,2044,,5207869
ERI,2045,,5292767
ERI,2046,,5375974
ERI,2047,,5456498
ERI,2048,,5537549
ERI,2049,,5617359
ERI,2050,,5696064
ERI,2051,,5775744
ERI,2052,,5858070
ERI,2053,,5941194
ERI,2054,,6018823
ERI,2055,,6095237
ERI,2056,,6170191
ERI,2057,,6243959
ERI,2058,,6321633
ERI,2059,,6399809
ERI,2060,,6478359
ERI,2061,,6556900
ERI,2062,,6632333
ERI,2063,,6709272
ERI,2064,,6784085
ERI,2065,,6852240
ERI,2066,,6922396
ERI,2067,,6992731
ERI,2068,,7061499
ERI,2069,,7129181
ERI,2070,,7194167
ERI,2071,,7257209
ERI,2072,,7318847
ERI,2073,,7381157
ERI,2074,,7439766
ERI,2075,,7497517
ERI,2076,,7555653
ERI,2077,,7610588
ERI,2078,,7664753
ERI,2079,,7716193
ERI,2080,,7768722
ERI,2081,,7816267
ERI,2082,,7858173
ERI,2083,,7901718
ERI,2084,,7946509
ERI,2085,,7992733
ERI,2086,,8036911
ERI,2087,,8076331
ERI,2088,,8112915
ERI,2089,,8148192
ERI,2090,,8182356
ERI,2091,,8214604
ERI,2092,,8247063
ERI,2093,,8277315
ERI,2094,,8302907
ERI,2095,,8328760
ERI,2096,,8352722
ERI,2097,,8374828
ERI,2098,,8397344
ERI,2099,,8420967
ERI,2100,,8444383
EST,1950,1102046,
EST,1951,1116196,
EST,1952,1129878,
EST,1953,1142644,
EST,1954,1154811,
EST,1955,1166878,
EST,1956,1178166,
EST,1957,1188785,
EST,1958,1200410,
EST,1959,1209942,
EST,1960,1220464,
EST,1961,1235168,
EST,1962,1249633,
EST,1963,1263754,
EST,1964,1278341,
EST,1965,1292807,
EST,1966,1306445,
EST,1967,1320059,
EST,1968,1334308,
EST,1969,1348696,
EST,1970,1361872,
EST,1971,1374523,
EST,1972,1387217,
EST,1973,1399344,
EST,1974,1411552,
EST,1975,1423506,
EST,1976,1434868,
EST,1977,1446571,
EST,1978,1458228,
EST,1979,1468020,
EST,1980,1476465,
EST,1981,1485343,
EST,1982,1494911,
EST,1983,1505247,
EST,1984,1515613,
EST,1985,1525281,
EST,1986,1535594,
EST,1987,1547258,
EST,1988,1559101,
EST,1989,1567590,
EST,1990,1570309,
EST,1991,1565380,
EST,1992,1540214,
EST,1993,1504344,
EST,1994,1475716,
EST,1995,1452774,
EST,1996,1434655,
EST,1997,1421494,
EST,1998,1411206,
EST,1999,1403578,
EST,2000,1397001,
EST,2001,1388174,
EST,2002,1379438,
EST,2003,1370849,
EST,2004,1362682,
EST,2005,1354847,
EST,2006,1346885,
EST,2007,1340709,
EST,2008,1337078,
EST,2009,1334528,
EST,2010,1331450,
EST,2011,1327366,
EST,2012,1322615,
EST,2013,1317920,
EST,2014,1314457,
EST,2015,1314580,
EST,2016,1315850,
EST,2017,1317430,
EST,2018,1321972,
EST,2019,1326822,
EST,2020,1329675,
EST,2021,1331750,
EST,2022,1350093,
EST,2023,1367195,
EST,2024,,1360548
EST,2025,,1344236
EST,2026,,1331063
EST,2027,,1323968
EST,2028,,1316871
EST,2029,,1309807
EST,2030,,1302778
EST,2031,,1295727
EST,2032,,1288719
EST,2033,,1281799
EST,2034,,1274972
EST,2035,,1268269
EST,2036,,1261702
EST,2037,,1255268
EST,2038,,1249012
EST,2039,,1242868
EST,2040,,1236793
EST,2041,,1230731
EST,2042,,1224637
EST,2043,,1218547
EST,2044,,1212396
EST,2045,,1206186
EST,2046,,1199954
EST,2047,,1193657
EST,2048,,1187355
EST,2049,,1180914
EST,2050,,1174264
EST,2051,,1167474
EST,2052,,1160579
EST,2053,,1153576
EST,2054,,1146433
EST,2055,,1139108
EST,2056,,1131597
EST,2057,,1124002
EST,2058,,1116282
EST,2059,,1108450
EST,2060,,1100471
EST,2061,,1092378
EST,2062,,1084302
EST,2063,,1076226
EST,2064,,1068136
EST,2065,,1060042
EST,2066,,1051984
EST,2067,,1043948
EST,2068,,1035950
EST,2069,,1027973
EST,2070,,1019982
EST,2071,,1012039
EST,2072,,1004218
EST,2073,,996487
EST,2074,,988852
EST,2075,,981341
EST,2076,,973940
EST,2077,,966573
EST,2078,,959259
EST,2079,,952046
EST,2080,,944960
EST,2081,,938033
EST,2082,,931200
EST,2083,,924403
EST,2084,,917663
EST,2085,,911085
EST,2086,,904701
EST,2087,,898463
EST,2088,,892464
EST,2089,,886622
EST,2090,,880866
EST,2091,,875210
EST,2092,,869648
EST,2093,,864109
EST,2094,,858589
EST,2095,,853064
EST,2096,,847500
EST,2097,,841989
EST,2098,,836550
EST,2099,,831075
EST,2100,,825509
SWZ,1950,271670,
SWZ,1951,278618,
SWZ,1952,285637,
SWZ,1953,292742,
SWZ,1954,299943,
SWZ,1955,307222,
SWZ,1956,314620,
SWZ,1957,322131,
SWZ,1958,329770,
SWZ,1959,337521,
SWZ,1960,345339,
SWZ,1961,353265,
SWZ,1962,361376,
SWZ,1963,369768,
SWZ,1964,378660,
SWZ,1965,388342,
SWZ,1966,398773,
SWZ,1967,409044,
SWZ,1968,419154,
SWZ,1969,429884,
SWZ,1970,441223,
SWZ,1971,453192,
SWZ,1972,465791,
SWZ,1973,479043,
SWZ,1974,493004,
SWZ,1975,507675,
SWZ,1976,523339,
SWZ,1977,540353,
SWZ,1978,558446,
SWZ,1979,577208,
SWZ,1980,596657,
SWZ,1981,616816,
SWZ,1982,637656,
SWZ,1983,658958,
SWZ,1984,680790,
SWZ,1985,706204,
SWZ,1986,734736,
SWZ,1987,763812,
SWZ,1988,799806,
SWZ,1989,837810,
SWZ,1990,872436,
SWZ,1991,908193,
SWZ,1992,943426,
SWZ,1993,971327,
SWZ,1994,971221,
SWZ,1995,970439,
SWZ,1996,989847,
SWZ,1997,1006647,
SWZ,1998,1019657,
SWZ,1999,1030785,
SWZ,2000,1041428,
SWZ,2001,1051066,
SWZ,2002,1059456,
SWZ,2003,1066706,
SWZ,2004,1073170,
SWZ,2005,1079022,
SWZ,2006,1084442,
SWZ,2007,1090713,
SWZ,2008,1098098,
SWZ,2009,1105158,
SWZ,2010,1111651,
SWZ,2011,1117845,
SWZ,2012,1123870,
SWZ,2013,1130000,
SWZ,2014,1136305,
SWZ,2015,1142822,
SWZ,2016,1149516,
SWZ,2017,1158198,
SWZ,2018,1168933,
SWZ,2019,1179885,
SWZ,2020,1192734,
SWZ,2021,1206598,
SWZ,2022,1218921,
SWZ,2023,1230507,
SWZ,2024,,1242829
SWZ,2025,,1256178
SWZ,2026,,1269863
SWZ,2027,,1283232
SWZ,2028,,1295973
SWZ,2029,,1308352
SWZ,2030,,1320914
SWZ,2031,,1333169
SWZ,2032,,1344903
SWZ,2033,,1356745
SWZ,2034,,1368355
SWZ,2035,,1379422
SWZ,2036,,1390158
SWZ,2037,,1400450
SWZ,2038,,1410507
SWZ,2039,,1420453
SWZ,2040,,1429782
SWZ,2041,,1439052
SWZ,2042,,1448117
SWZ,2043,,1456459
SWZ,2044,,1464370
SWZ,2045,,1472146
SWZ,2046,,1479614
SWZ,2047,,1486505
SWZ,2048,,1493028
SWZ,2049,,1499435
SWZ,2050,,1505338
SWZ,2051,,1510786
SWZ,2052,,1515944
SWZ,2053,,1520485
SWZ,2054,,1524366
SWZ,2055,,1527669
SWZ,2056,,1530619
SWZ,2057,,1533359
SWZ,2058,,1536019
SWZ,2059,,1538253
SWZ,2060,,1539570
SWZ,2061,,1540358
SWZ,2062,,1540959
SWZ,2063,,1541078
SWZ,2064,,1540787
SWZ,2065,,1540166
SWZ,2066,,1539339
SWZ,2067,,1538066
SWZ,2068,,1536171
SWZ,2069,,1533902
SWZ,2070,,1531457
SWZ,2071,,1528714
SWZ,2072,,1525555
SWZ,2073,,1522101
SWZ,2074,,1518060
SWZ,2075,,1513674
SWZ,2076,,1509068
SWZ,2077,,1504250
SWZ,2078,,1499646
SWZ,2079,,1494931
SWZ,2080,,1489796
SWZ,2081,,1484438
SWZ,2082,,1478634
SWZ,2083,,1472254
SWZ,2084,,1465484
SWZ,2085,,1458350
SWZ,2086,,1451221
SWZ,2087,,1444221
SWZ,2088,,1437189
SWZ,2089,,1429876
SWZ,2090,,1422376
SWZ,2091,,1414665
SWZ,2092,,1406865
SWZ,2093,,1399099
SWZ,2094,,1391142
SWZ,2095,,1383009
SWZ,2096,,1374858
SWZ,2097,,1366744
SWZ,2098,,1358518
SWZ,2099,,1349840
SWZ,2100,,1340878
ETH,1950,17670418,
ETH,1951,17989060,
ETH,1952,18326176,
ETH,1953,18674772,
ETH,1954,19038036,
ETH,1955,19419768,
ETH,1956,19818886,
ETH,1957,20173747,
ETH,1958,20480281,
ETH,1959,20878098,
ETH,1960,21376688,
ETH,1961,21906102,
ETH,1962,22465125,
ETH,1963,23051639,
ETH,1964,23666547,
ETH,1965,24310615,
ETH,1966,24952691,
ETH,1967,25620283,
ETH,1968,26337933,
ETH,1969,27072575,
ETH,1970,27829135,
ETH,1971,28600114,
ETH,1972,29374611,
ETH,1973,30166789,
ETH,1974,30957277,
ETH,1975,31723255,
ETH,1976,32534428,
ETH,1977,33167276,
ETH,1978,33734601,
ETH,1979,34238655,
ETH,1980,34428515,
ETH,1981,35304010,
ETH,1982,36701293,
ETH,1983,37740821,
ETH,1984,38735728,
ETH,1985,39842136,
ETH,1986,41037658,
ETH,1987,42460039,
ETH,1988,44150834,
ETH,1989,45879686,
ETH,1990,47609760,
ETH,1991,49717203,
ETH,1992,51853756,
ETH,1993,53708892,
ETH,1994,55611514,
ETH,1995,57537340,
ETH,1996,59467640,
ETH,1997,61404541,
ETH,1998,63363523,
ETH,1999,65374561,
ETH,2000,67411496,
ETH,2001,69487767,
ETH,2002,71635521,
ETH,2003,73832664,
ETH,2004,76077211,
ETH,2005,78367476,
ETH,2006,80703495,
ETH,2007,83103218,
ETH,2008,85543670,
ETH,2009,88007641,
ETH,2010,90538518,
ETH,2011,93149977,
ETH,2012,95798771,
ETH,2013,98438752,
ETH,2014,101115615,
ETH,2015,103867140,
ETH,2016,106718163,
ETH,2017,109666482,
ETH,2018,112664157,
ETH,2019,115737384,
ETH,2020,118917670,
ETH,2021,122138588,
ETH,2022,125384285,
ETH,2023,128691695,
ETH,2024,,132059770
ETH,2025,,135472048
ETH,2026,,138902185
ETH,2027,,142364803
ETH,2028,,145841259
ETH,2029,,149336059
ETH,2030,,152855355
ETH,2031,,156382430
ETH,2032,,159923900
ETH,2033,,163453313
ETH,2034,,166978795
ETH,2035,,170532958
ETH,2036,,174097777
ETH,2037,,177661136
ETH,2038,,181235896
ETH,2039,,184835106
ETH,2040,,188450905
ETH,2041,,192068634
ETH,2042,,195695300
ETH,2043,,199347982
ETH,2044,,203014375
ETH,2045,,206673632
ETH,2046,,210337849
ETH,2047,,214023505
ETH,2048,,217710207
ETH,2049,,221377334
ETH,2050,,225021870
ETH,2051,,228687203
ETH,2052,,232351180
ETH,2053,,235962633
ETH,2054,,239552287
ETH,2055,,243110905
ETH,2056,,246680486
ETH,2057,,250236658
ETH,2058,,253710524
ETH,2059,,257197864
ETH,2060,,260708342
ETH,2061,,264199559
ETH,2062,,267645237
ETH,2063,,271030549
ETH,2064,,274384527
ETH,2065,,277696135
ETH,2066,,280962135
ETH,2067,,284228957
ETH,2068,,287470096
ETH,2069,,290649760
ETH,2070,,293790935
ETH,2071,,296898921
ETH,2072,,299991560
ETH,2073,,303031547
ETH,2074,,306045183
ETH,2075,,309057813
ETH,2076,,312022574
ETH,2077,,314937460
ETH,2078,,317795956
ETH,2079,,320556436
ETH,2080,,323238508
ETH,2081,,325898291
ETH,2082,,328548342
ETH,2083,,331139296
ETH,2084,,333649595
ETH,2085,,336129182
ETH,2086,,338594898
ETH,2087,,340987036
ETH,2088,,343252763
ETH,2089,,345446106
ETH,2090,,347651461
ETH,2091,,349838450
ETH,2092,,351932645
ETH,2093,,353977277
ETH,2094,,356019004
ETH,2095,,357996249
ETH,2096,,359956947
ETH,2097,,361920507
ETH,2098,,363782118
ETH,2099,,365542015
ETH,2100,,367289600
,1950,548867470,
,1951,553834804,
,1952,558789988,
,1953,564143731,
,1954,569744202,
,1955,575443527,
,1956,581156298,
,1957,587187572,
,1958,593619872,
,1959,599820048,
,1960,605817190,
,1961,611861857,
,1962,617815762,
,1963,623592899,
,1964,629154959,
,1965,634412816,
,1966,639413302,
,1967,644103047,
,1968,648613870,
,1969,653138813,
,1970,656998550,
,1971,660956209,
,1972,665521464,
,1973,669799767,
,1974,673741421,
,1975,677279663,
,1976,680656876,
,1977,684099949,
,1978,687433740,
,1979,690745946,
,1980,694278654,
,1981,697593694,
,1982,700451494,
,1983,703278524,
,1984,706110630,
,1985,708940407,
,1986,711992643,
,1987,715168351,
,1988,718375297,
,1989,721424432,
,1990,724139398,
,1991,726483509,
,1992,727616694,
,1993,728005910,
,1994,728884651,
,1995,729380598,
,1996,729369830,
,1997,729425133,
,1998,728864105,
,1999,728217680,
,2000,728164201,
,2001,728237721,
,2002,729126512,
,2003,730376377,
,2004,731246189,
,2005,732046513,
,2006,732684065,
,2007,733896327,
,2008,735549441,
,2009,736935722,
,2010,738145317,
,2011,739359201,
,2012,740458840,
,2013,741470774,
,2014,742640638,
,2015,744237032,
,2016,746003106,
,2017,747429208,
,2018,748564859,
,2019,749504127,
,2020,749524040,
,2021,748613500,
,2022,746964589,
,2023,745602870,
,2024,,745083826
,2025,,744398837
,2026,,743482360
,2027,,742372062
,2028,,741158526
,2029,,739842218
,2030,,738433461
,2031,,736926463
,2032,,735366258
,2033,,733800988
,2034,,732210652
,2035,,730590503
,2036,,728934112
,2037,,727248395
,2038,,725552258
,2039,,723830951
,2040,,722101625
,2041,,720390975
,2042,,718678461
,2043,,716926077
,2044,,715121944
,2045,,713279858
,2046,,711394372
,2047,,709439045
,2048,,707395609
,2049,,705257022
,2050,,703027757
,2051,,700716748
,2052,,698326812
,2053,,695814615
,2054,,693182830
,2055,,690463247
,2056,,687665161
,2057,,684831507
,2058,,681963680
,2059,,679061909
,2060,,676159834
,2061,,673265705
,2062,,670376682
,2063,,667509788
,2064,,664668174
,2065,,661857378
,2066,,659098132
,2067,,656409438
,2068,,653774532
,2069,,651180939
,2070,,648640322
,2071,,646154834
,2072,,643736272
,2073,,641374215
,2074,,639053015
,2075,,636811846
,2076,,634652373
,2077,,632526192
,2078,,630440409
,2079,,628409903
,2080,,626433289
,2081,,624524038
,2082,,622656675
,2083,,620817374
,2084,,619008444
,2085,,617216742
,2086,,615446796
,2087,,613719081
,2088,,612034425
,2089,,610363527
,2090,,608693066
,2091,,607048381
,2092,,605422257
,2093,,603809869
,2094,,602219969
,2095,,600613290
,2096,,598966982
,2097,,597303191
,2098,,595640791
,2099,,593961274
,2100,,592250638
FLK,1950,2214,
FLK,1951,2231,
FLK,1952,2234,
FLK,1953,2232,
FLK,1954,2206,
FLK,1955,2206,
FLK,1956,2210,
FLK,1957,2221,
FLK,1958,2236,
FLK,1959,2263,
FLK,1960,2284,
FLK,1961,2309,
FLK,1962,2330,
FLK,1963,2325,
FLK,1964,2322,
FLK,1965,2315,
FLK,1966,2316,
FLK,1967,2308,
FLK,1968,2300,
FLK,1969,2299,
FLK,1970,2298,
FLK,1971,2295,
FLK,1972,2298,
FLK,1973,2302,
FLK,1974,2309,
FLK,1975,2316,
FLK,1976,2320,
FLK,1977,2314,
FLK,1978,2304,
FLK,1979,2284,
FLK,1980,2271,
FLK,1981,2268,
FLK,1982,2270,
FLK,1983,2268,
FLK,1984,2265,
FLK,1985,2259,
FLK,1986,2261,
FLK,1987,2280,
FLK,1988,2308,
FLK,1989,2339,
FLK,1990,2368,
FLK,1991,2417,
FLK,1992,2503,
FLK,1993,2596,
FLK,1994,2687,
FLK,1995,2789,
FLK,1996,2871,
FLK,1997,2929,
FLK,1998,2995,
FLK,1999,3055,
FLK,2000,3119,
FLK,2001,3167,
FLK,2002,3193,
FLK,2003,3212,
FLK,2004,3230,
FLK,2005,3242,
FLK,2006,3254,
FLK,2007,3249,
FLK,2008,3244,
FLK,2009,3233,
FLK,2010,3218,
FLK,2011,3205,
FLK,2012,3223,
FLK,2013,3291,
FLK,2014,3362,
FLK,2015,3432,
FLK,2016,3499,
FLK,2017,3541,
FLK,2018,3549,
FLK,2019,3541,
FLK,2020,3537,
FLK,2021,3524,
FLK,2022,3515,
FLK,2023,3498,
FLK,2024,,3492
FLK,2025,,3493
FLK,2026,,3490
FLK,2027,,3486
FLK,2028,,3474
FLK,2029,,3459
FLK,2030,,3445
FLK,2031,,3438
FLK,2032,,3424
FLK,2033,,3416
FLK,2034,,3412
FLK,2035,,3387
FLK,2036,,3376
FLK,2037,,3367
FLK,2038,,3359
FLK,2039,,3354
FLK,2040,,3343
FLK,2041,,3327
FLK,2042,,3313
FLK,2043,,3299
FLK,2044,,3285
FLK,2045,,3275
FLK,2046,,3256
FLK,2047,,3246
FLK,2048,,3233
FLK,2049,,3219
FLK,2050,,3198
FLK,2051,,3181
FLK,2052,,3168
FLK,2053,,3141
FLK,2054,,3118
FLK,2055,,3093
FLK,2056,,3066
FLK,2057,,3045
FLK,2058,,3015
FLK,2059,,2995
FLK,2060,,2968
FLK,2061,,2944
FLK,2062,,2915
FLK,2063,,2880
FLK,2064,,2854
FLK,2065,,2824
FLK,2066,,2797
FLK,2067,,2775
FLK,2068,,2744
FLK,2069,,2723
FLK,2070,,2698
FLK,2071,,2670
FLK,2072,,2644
FLK,2073,,2622
FLK,2074,,2602
FLK,2075,,2581
FLK,2076,,2565
FLK,2077,,2543
FLK,2078,,2519
FLK,2079,,2493
FLK,2080,,2477
FLK,2081,,2467
FLK,2082,,2456
FLK,2083,,2439
FLK,2084,,2420
FLK,2085,,2409
FLK,2086,,2401
FLK,2087,,2389
FLK,2088,,2378
FLK,2089,,2360
FLK,2090,,2351
FLK,2091,,2344
FLK,2092,,2338
FLK,2093,,2331
FLK,2094,,2324
FLK,2095,,2316
FLK,2096,,2304
FLK,2097,,2291
FLK,2098,,2284
FLK,2099,,2275
FLK,2100,,2266
FRO,1950,31690,
FRO,1951,31929,
FRO,1952,32038,
FRO,1953,32065,
FRO,1954,32094,
FRO,1955,32137,
FRO,1956,32349,
FRO,1957,32750,
FRO,1958,33195,
FRO,1959,33677,
FRO,1960,34150,
FRO,1961,34580,
FRO,1962,34988,
FRO,1963,35413,
FRO,1964,35866,
FRO,1965,36372,
FRO,1966,36840,
FRO,1967,37226,
FRO,1968,37586,
FRO,1969,37929,
FRO,1970,38294,
FRO,1971,38723,
FRO,1972,39199,
FRO,1973,39659,
FRO,1974,40134,
FRO,1975,40591,
FRO,1976,41045,
FRO,1977,41487,
FRO,1978,41989,
FRO,1979,42544,
FRO,1980,43092,
FRO,1981,43653,
FRO,1982,44193,
FRO,1983,44696,
FRO,1984,45168,
FRO,1985,45599,
FRO,1986,46028,
FRO,1987,46486,
FRO,1988,46981,
FRO,1989,47536,
FRO,1990,47525,
FRO,1991,46839,
FRO,1992,46043,
FRO,1993,45160,
FRO,1994,44195,
FRO,1995,43863,
FRO,1996,44203,
FRO,1997,44568,
FRO,1998,44920,
FRO,1999,45242,
FRO,2000,45687,
FRO,2001,46262,
FRO,2002,46852,
FRO,2003,47448,
FRO,2004,48041,
FRO,2005,48386,
FRO,2006,48456,
FRO,2007,48498,
FRO,2008,48528,
FRO,2009,48512,
FRO,2010,48191,
FRO,2011,47957,
FRO,2012,48113,
FRO,2013,48297,
FRO,2014,48515,
FRO,2015,48916,
FRO,2016,49554,
FRO,2017,50268,
FRO,2018,51062,
FRO,2019,51868,
FRO,2020,52615,
FRO,2021,53324,
FRO,2022,54039,
FRO,2023,54738,
FRO,2024,,55419
FRO,2025,,56023
FRO,2026,,56554
FRO,2027,,57034
FRO,2028,,57468
FRO,2029,,57859
FRO,2030,,58232
FRO,2031,,58584
FRO,2032,,58928
FRO,2033,,59247
FRO,2034,,59551
FRO,2035,,59825
FRO,2036,,60095
FRO,2037,,60360
FRO,2038,,60601
FRO,2039,,60835
FRO,2040,,61065
FRO,2041,,61294
FRO,2042,,61519
FRO,2043,,61733
FRO,2044,,61949
FRO,2045,,62163
FRO,2046,,62354
FRO,2047,,62558
FRO,2048,,62742
FRO,2049,,62904
FRO,2050,,63060
FRO,2051,,63218
FRO,2052,,63343
FRO,2053,,63472
FRO,2054,,63578
FRO,2055,,63671
FRO,2056,,63743
FRO,2057,,63813
FRO,2058,,63901
FRO,2059,,63971
FRO,2060,,64057
FRO,2061,,64140
FRO,2062,,64210
FRO,2063,,64292
FRO,2064,,64385
FRO,2065,,64472
FRO,2066,,64530
FRO,2067,,64578
FRO,2068,,64635
FRO,2069,,64702
FRO,2070,,64765
FRO,2071,,64825
FRO,2072,,64866
FRO,2073,,64913
FRO,2074,,64954
FRO,2075,,65007
FRO,2076,,65040
FRO,2077,,65057
FRO,2078,,65077
FRO,2079,,65083
FRO,2080,,65073
FRO,2081,,65048
FRO,2082,,65018
FRO,2083,,64979
FRO,2084,,64946
FRO,2085,,64895
FRO,2086,,64833
FRO,2087,,64773
FRO,2088,,64686
FRO,2089,,64596
FRO,2090,,64501
FRO,2091,,64403
FRO,2092,,64297
FRO,2093,,64185
FRO,2094,,64072
FRO,2095,,63953
FRO,2096,,63835
FRO,2097,,63708
FRO,2098,,63568
FRO,2099,,63424
FRO,2100,,63272
FJI,1950,309525,
FJI,1951,316137,
FJI,1952,323374,
FJI,1953,331225,
FJI,1954,339754,
FJI,1955,349084,
FJI,1956,359218,
FJI,1957,369923,
FJI,1958,381079,
FJI,1959,392770,
FJI,1960,404901,
FJI,1961,417418,
FJI,1962,430550,
FJI,1963,444288,
FJI,1964,458333,
FJI,1965,472583,
FJI,1966,486493,
FJI,1967,498881,
FJI,1968,510008,
FJI,1969,520805,
FJI,1970,531198,
FJI,1971,541132,
FJI,1972,550508,
FJI,1973,559232,
FJI,1974,567498,
FJI,1975,575919,
FJI,1976,585544,
FJI,1977,597811,
FJI,1978,612101,
FJI,1979,626876,
FJI,1980,641985,
FJI,1981,657473,
FJI,1982,673422,
FJI,1983,689845,
FJI,1984,706722,
FJI,1985,723767,
FJI,1986,739320,
FJI,1987,750551,
FJI,1988,758707,
FJI,1989,766331,
FJI,1990,773325,
FJI,1991,779666,
FJI,1992,785349,
FJI,1993,790380,
FJI,1994,794779,
FJI,1995,798750,
FJI,1996,803788,
FJI,1997,812145,
FJI,1998,822259,
FJI,1999,831835,
FJI,2000,840913,
FJI,2001,849606,
FJI,2002,858057,
FJI,2003,866297,
FJI,2004,874369,
FJI,2005,882384,
FJI,2006,890370,
FJI,2007,897843,
FJI,2008,903403,
FJI,2009,907248,
FJI,2010,910427,
FJI,2011,912991,
FJI,2012,914920,
FJI,2013,916359,
FJI,2014,917589,
FJI,2015,918585,
FJI,2016,919167,
FJI,2017,918762,
FJI,2018,917185,
FJI,2019,914906,
FJI,2020,914971,
FJI,2021,916718,
FJI,2022,919428,
FJI,2023,924150,
FJI,2024,,928800
FJI,2025,,933159
FJI,2026,,937283
FJI,2027,,941322
FJI,2028,,945367
FJI,2029,,949288
FJI,2030,,953112
FJI,2031,,956705
FJI,2032,,960075
FJI,2033,,963359
FJI,2034,,966536
FJI,2035,,969633
FJI,2036,,972659
FJI,2037,,975663
FJI,2038,,978553
FJI,2039,,981288
FJI,2040,,983863
FJI,2041,,986429
FJI,2042,,988830
FJI,2043,,990872
FJI,2044,,992752
FJI,2045,,994457
FJI,2046,,995978
FJI,2047,,997340
FJI,2048,,998565
FJI,2049,,999550
FJI,2050,,1000265
FJI,2051,,1000855
FJI,2052,,1001254
FJI,2053,,1001535
FJI,2054,,1001664
FJI,2055,,1001592
FJI,2056,,1001338
FJI,2057,,1000960
FJI,2058,,1000427
FJI,2059,,999766
FJI,2060,,999039
FJI,2061,,998176
FJI,2062,,997110
FJI,2063,,995907
FJI,2064,,994452
FJI,2065,,992809
FJI,2066,,991194
FJI,2067,,989514
FJI,2068,,987716
FJI,2069,,985723
FJI,2070,,983381
FJI,2071,,980929
FJI,2072,,978428
FJI,2073,,975849
FJI,2074,,973168
FJI,2075,,970443
FJI,2076,,967688
FJI,2077,,964965
FJI,2078,,962221
FJI,2079,,959282
FJI,2080,,956127
FJI,2081,,952855
FJI,2082,,949518
FJI,2083,,946163
FJI,2084,,942726
FJI,2085,,939166
FJI,2086,,935469
FJI,2087,,931760
FJI,2088,,928097
FJI,2089,,924398
FJI,2090,,920662
FJI,2091,,916882
FJI,2092,,913071
FJI,2093,,909187
FJI,2094,,905160
FJI,2095,,901041
FJI,2096,,896847
FJI,2097,,892654
FJI,2098,,888342
FJI,2099,,883879
FJI,2100,,879377
FIN,1950,4008410,
FIN,1951,4047646,
FIN,1952,4090839,
FIN,1953,4139764,
FIN,1954,4187256,
FIN,1955,4235197,
FIN,1956,4281930,
FIN,1957,4324192,
FIN,1958,4359882,
FIN,1959,4394750,
FIN,1960,4429631,
FIN,1961,4460998,
FIN,1962,4491739,
FIN,1963,4523897,
FIN,1964,4549092,
FIN,1965,4564150,
FIN,1966,4581446,
FIN,1967,4606642,
FIN,1968,4627352,
FIN,1969,4624083,
FIN,1970,4606308,
FIN,1971,4612135,
FIN,1972,4639548,
FIN,1973,4665909,
FIN,1974,4690366,
FIN,1975,4711172,
FIN,1976,4725340,
FIN,1977,4738581,
FIN,1978,4752243,
FIN,1979,4764437,
FIN,1980,4779358,
FIN,1981,4799849,
FIN,1982,4826884,
FIN,1983,4855791,
FIN,1984,4881827,
FIN,1985,4902262,
FIN,1986,4918256,
FIN,1987,4932257,
FIN,1988,4946629,
FIN,1989,4964525,
FIN,1990,4986576,
FIN,1991,5013889,
FIN,1992,5042145,
FIN,1993,5066594,
FIN,1994,5088454,
FIN,1995,5107919,
FIN,1996,5124715,
FIN,1997,5139927,
FIN,1998,5153545,
FIN,1999,5165516,
FIN,2000,5176197,
FIN,2001,5187970,
FIN,2002,5200548,
FIN,2003,5212958,
FIN,2004,5228147,
FIN,2005,5246078,
FIN,2006,5266248,
FIN,2007,5288715,
FIN,2008,5313379,
FIN,2009,5338854,
FIN,2010,5363347,
FIN,2011,5388236,
FIN,2012,5413978,
FIN,2013,5439057,
FIN,2014,5461686,
FIN,2015,5479719,
FIN,2016,5495468,
FIN,2017,5508398,
FIN,2018,5515730,
FIN,2019,5521754,
FIN,2020,5529616,
FIN,2021,5541069,
FIN,2022,5569300,
FIN,2023,5601185,
FIN,2024,,5617311
FIN,2025,,5623328
FIN,2026,,5621731
FIN,2027,,5615999
FIN,2028,,5608807
FIN,2029,,5600775
FIN,2030,,5592044
FIN,2031,,5582720
FIN,2032,,5572879
FIN,2033,,5562632
FIN,2034,,5551881
FIN,2035,,5540653
FIN,2036,,5529046
FIN,2037,,5517118
FIN,2038,,5504989
FIN,2039,,5492754
FIN,2040,,5480517
FIN,2041,,5468305
FIN,2042,,5456010
FIN,2043,,5443569
FIN,2044,,5431001
FIN,2045,,5418352
FIN,2046,,5405569
FIN,2047,,5392603
FIN,2048,,5379290
FIN,2049,,5365644
FIN,2050,,5351645
FIN,2051,,5337093
FIN,2052,,5322069
FIN,2053,,5306876
FIN,2054,,5291383
FIN,2055,,5275472
FIN,2056,,5259380
FIN,2057,,5243487
FIN,2058,,5228231
FIN,2059,,5213219
FIN,2060,,5198119
FIN,2061,,5183362
FIN,2062,,5169006
FIN,2063,,5154808
FIN,2064,,5140663
FIN,2065,,5126562
FIN,2066,,5112847
FIN,2067,,5099546
FIN,2068,,5086191
FIN,2069,,5072909
FIN,2070,,5059520
FIN,2071,,5045909
FIN,2072,,5032180
FIN,2073,,5018155
FIN,2074,,5003707
FIN,2075,,4988994
FIN,2076,,4974020
FIN,2077,,4958820
FIN,2078,,4943722
FIN,2079,,4928460
FIN,2080,,4912830
FIN,2081,,4897037
FIN,2082,,4881288
FIN,2083,,4865751
FIN,2084,,4850467
FIN,2085,,4834928
FIN,2086,,4819065
FIN,2087,,4803142
FIN,2088,,4787438
FIN,2089,,4771960
FIN,2090,,4756413
FIN,2091,,4740888
FIN,2092,,4725623
FIN,2093,,4710434
FIN,2094,,4695270
FIN,2095,,4680085
FIN,2096,,4664822
FIN,2097,,4649386
FIN,2098,,4633583
FIN,2099,,4617545
FIN,2100,,4601057
FRA,1950,41883122,
FRA,1951,42333662,
FRA,1952,42780274,
FRA,1953,43227873,
FRA,1954,43676898,
FRA,1955,44136093,
FRA,1956,44588525,
FRA,1957,45036374,
FRA,1958,45493502,
FRA,1959,45963766,
FRA,1960,46428136,
FRA,1961,46893841,
FRA,1962,47352626,
FRA,1963,47817823,
FRA,1964,48319087,
FRA,1965,48772824,
FRA,1966,49184651,
FRA,1967,49574907,
FRA,1968,49947252,
FRA,1969,50355300,
FRA,1970,50813071,
FRA,1971,51293056,
FRA,1972,51743877,
FRA,1973,52162210,
FRA,1974,52504744,
FRA,1975,52746324,
FRA,1976,52959120,
FRA,1977,53197133,
FRA,1978,53429668,
FRA,1979,53660898,
FRA,1980,53941061,
FRA,1981,54255004,
FRA,1982,54582405,
FRA,1983,54889407,
FRA,1984,55176626,
FRA,1985,55467153,
FRA,1986,55752833,
FRA,1987,56048366,
FRA,1988,56361846,
FRA,1989,56685081,
FRA,1990,56990239,
FRA,1991,57271564,
FRA,1992,57554867,
FRA,1993,57801261,
FRA,1994,57999868,
FRA,1995,58192207,
FRA,1996,58380638,
FRA,1997,58568662,
FRA,1998,58778817,
FRA,1999,59084209,
FRA,2000,59483716,
FRA,2001,59905131,
FRA,2002,60327247,
FRA,2003,60741119,
FRA,2004,61175244,
FRA,2005,61625031,
FRA,2006,62049831,
FRA,2007,62432438,
FRA,2008,62780187,
FRA,2009,63106460,
FRA,2010,63417366,
FRA,2011,63733776,
FRA,2012,64058465,
FRA,2013,64387736,
FRA,2014,64692495,
FRA,2015,64916337,
FRA,2016,65086853,
FRA,2017,65284775,
FRA,2018,65519537,
FRA,2019,65729460,
FRA,2020,65905273,
FRA,2021,66083547,
FRA,2022,66277412,
FRA,2023,66438828,
FRA,2024,,66548532
FRA,2025,,66650804
FRA,2026,,66746398
FRA,2027,,66838262
FRA,2028,,66928636
FRA,2029,,67018331
FRA,2030,,67107690
FRA,2031,,67194857
FRA,2032,,67281986
FRA,2033,,67369321
FRA,2034,,67458153
FRA,2035,,67547942
FRA,2036,,67635323
FRA,2037,,67721114
FRA,2038,,67801927
FRA,2039,,67873408
FRA,2040,,67938905
FRA,2041,,68002578
FRA,2042,,68063860
FRA,2043,,68115787
FRA,2044,,68157082
FRA,2045,,68190957
FRA,2046,,68214671
FRA,2047,,68229077
FRA,2048,,68235299
FRA,2049,,68231376
FRA,2050,,68219681
FRA,2051,,68200255
FRA,2052,,68175779
FRA,2053,,68146930
FRA,2054,,68111010
FRA,2055,,68067631
FRA,2056,,68022156
FRA,2057,,67978668
FRA,2058,,67935852
FRA,2059,,67892957
FRA,2060,,67850297
FRA,2061,,67810550
FRA,2062,,67772612
FRA,2063,,67739667
FRA,2064,,67713647
FRA,2065,,67691808
FRA,2066,,67677301
FRA,2067,,67669051
FRA,2068,,67664283
FRA,2069,,67668109
FRA,2070,,67678907
FRA,2071,,67698394
FRA,2072,,67724508
FRA,2073,,67752339
FRA,2074,,67784580
FRA,2075,,67822259
FRA,2076,,67863937
FRA,2077,,67905317
FRA,2078,,67945203
FRA,2079,,67984812
FRA,2080,,68024940
FRA,2081,,68066811
FRA,2082,,68108435
FRA,2083,,68153328
FRA,2084,,68198946
FRA,2085,,68237655
FRA,2086,,68276455
FRA,2087,,68316289
FRA,2088,,68354444
FRA,2089,,68389695
FRA,2090,,68421874
FRA,2091,,68451049
FRA,2092,,68475270
FRA,2093,,68498696
FRA,2094,,68518862
FRA,2095,,68529644
FRA,2096,,68529524
FRA,2097,,68523857
FRA,2098,,68516583
FRA,2099,,68503749
FRA,2100,,68484560
GUF,1950,23418,
GUF,1951,23718,
GUF,1952,24022,
GUF,1953,24351,
GUF,1954,24747,
GUF,1955,25454,
GUF,1956,26479,
GUF,1957,27563,
GUF,1958,28692,
GUF,1959,29873,
GUF,1960,31105,
GUF,1961,32400,
GUF,1962,33798,
GUF,1963,35331,
GUF,1964,36967,
GUF,1965,38700,
GUF,1966,40492,
GUF,1967,42255,
GUF,1968,43704,
GUF,1969,44949,
GUF,1970,46298,
GUF,1971,47739,
GUF,1972,49242,
GUF,1973,50753,
GUF,1974,52426,
GUF,1975,54481,
GUF,1976,56742,
GUF,1977,59050,
GUF,1978,61419,
GUF,1979,63854,
GUF,1980,66366,
GUF,1981,68956,
GUF,1982,72287,
GUF,1983,76583,
GUF,1984,81259,
GUF,1985,86115,
GUF,1986,91170,
GUF,1987,96427,
GUF,1988,101883,
GUF,1989,107580,
GUF,1990,112699,
GUF,1991,116988,
GUF,1992,121257,
GUF,1993,125658,
GUF,1994,130128,
GUF,1995,134644,
GUF,1996,139180,
GUF,1997,143736,
GUF,1998,148390,
GUF,1999,153752,
GUF,2000,160633,
GUF,2001,168544,
GUF,2002,176719,
GUF,2003,185101,
GUF,2004,193656,
GUF,2005,202452,
GUF,2006,210976,
GUF,2007,219123,
GUF,2008,226106,
GUF,2009,230715,
GUF,2010,234578,
GUF,2011,239525,
GUF,2012,245784,
GUF,2013,253250,
GUF,2014,260564,
GUF,2015,266377,
GUF,2016,271278,
GUF,2017,276158,
GUF,2018,280972,
GUF,2019,285574,
GUF,2020,289063,
GUF,2021,293023,
GUF,2022,298319,
GUF,2023,303408,
GUF,2024,,308538
GUF,2025,,313665
GUF,2026,,318881
GUF,2027,,324235
GUF,2028,,329803
GUF,2029,,335613
GUF,2030,,341739
GUF,2031,,348055
GUF,2032,,354406
GUF,2033,,360790
GUF,2034,,367200
GUF,2035,,373631
GUF,2036,,380073
GUF,2037,,386573
GUF,2038,,393083
GUF,2039,,399616
GUF,2040,,406177
GUF,2041,,412736
GUF,2042,,419263
GUF,2043,,425821
GUF,2044,,432428
GUF,2045,,439032
GUF,2046,,445624
GUF,2047,,452214
GUF,2048,,458791
GUF,2049,,465344
GUF,2050,,471927
GUF,2051,,478448
GUF,2052,,484944
GUF,2053,,491476
GUF,2054,,498062
GUF,2055,,504615
GUF,2056,,511171
GUF,2057,,517738
GUF,2058,,524304
GUF,2059,,530893
GUF,2060,,537434
GUF,2061,,544010
GUF,2062,,550600
GUF,2063,,557169
GUF,2064,,563719
GUF,2065,,570245
GUF,2066,,576769
GUF,2067,,583262
GUF,2068,,589727
GUF,2069,,596224
GUF,2070,,602752
GUF,2071,,609188
GUF,2072,,615576
GUF,2073,,621983
GUF,2074,,628345
GUF,2075,,634693
GUF,2076,,641074
GUF,2077,,647384
GUF,2078,,653590
GUF,2079,,659769
GUF,2080,,665989
GUF,2081,,672145
GUF,2082,,678262
GUF,2083,,684367
GUF,2084,,690381
GUF,2085,,696327
GUF,2086,,702236
GUF,2087,,708042
GUF,2088,,713794
GUF,2089,,719510
GUF,2090,,725139
GUF,2091,,730617
GUF,2092,,735996
GUF,2093,,741224
GUF,2094,,746301
GUF,2095,,751294
GUF,2096,,756302
GUF,2097,,761259
GUF,2098,,766045
GUF,2099,,770687
GUF,2100,,775240
PYF,1950,64360,
PYF,1951,65925,
PYF,1952,67638,
PYF,1953,69505,
PYF,1954,71577,
PYF,1955,73862,
PYF,1956,76343,
PYF,1957,78456,
PYF,1958,80162,
PYF,1959,81912,
PYF,1960,83689,
PYF,1961,85452,
PYF,1962,87278,
PYF,1963,89748,
PYF,1964,92834,
PYF,1965,96033,
PYF,1966,99336,
PYF,1967,102769,
PYF,1968,106369,
PYF,1969,110119,
PYF,1970,114027,
PYF,1971,117959,
PYF,1972,121900,
PYF,1973,125912,
PYF,1974,129974,
PYF,1975,134055,
PYF,1976,138135,
PYF,1977,142321,
PYF,1978,146835,
PYF,1979,151582,
PYF,1980,156485,
PYF,1981,161519,
PYF,1982,166650,
PYF,1983,171758,
PYF,1984,176480,
PYF,1985,181003,
PYF,1986,185685,
PYF,1987,190462,
PYF,1988,195208,
PYF,1989,199650,
PYF,1990,203780,
PYF,1991,207755,
PYF,1992,211570,
PYF,1993,215229,
PYF,1994,218747,
PYF,1995,222128,
PYF,1996,225500,
PYF,1997,229132,
PYF,1998,232898,
PYF,1999,236606,
PYF,2000,240346,
PYF,2001,244107,
PYF,2002,247785,
PYF,2003,251650,
PYF,2004,255663,
PYF,2005,259517,
PYF,2006,263234,
PYF,2007,266448,
PYF,2008,268390,
PYF,2009,269494,
PYF,2010,270590,
PYF,2011,271734,
PYF,2012,273092,
PYF,2013,274736,
PYF,2014,276391,
PYF,2015,277877,
PYF,2016,279180,
PYF,2017,280096,
PYF,2018,279823,
PYF,2019,279040,
PYF,2020,279218,
PYF,2021,279808,
PYF,2022,280388,
PYF,2023,281125,
PYF,2024,,281816
PYF,2025,,282468
PYF,2026,,283086
PYF,2027,,283674
PYF,2028,,284281
PYF,2029,,284900
PYF,2030,,285564
PYF,2031,,286158
PYF,2032,,286699
PYF,2033,,287190
PYF,2034,,287642
PYF,2035,,288079
PYF,2036,,288431
PYF,2037,,288689
PYF,2038,,288915
PYF,2039,,289095
PYF,2040,,289177
PYF,2041,,289135
PYF,2042,,288998
PYF,2043,,288785
PYF,2044,,288493
PYF,2045,,288138
PYF,2046,,287678
PYF,2047,,287125
PYF,2048,,286448
PYF,2049,,285647
PYF,2050,,284761
PYF,2051,,283754
PYF,2052,,282596
PYF,2053,,281339
PYF,2054,,279990
PYF,2055,,278568
PYF,2056,,277065
PYF,2057,,275502
PYF,2058,,273877
PYF,2059,,272194
PYF,2060,,270429
PYF,2061,,268638
PYF,2062,,266817
PYF,2063,,264959
PYF,2064,,263066
PYF,2065,,261105
PYF,2066,,259150
PYF,2067,,257176
PYF,2068,,255175
PYF,2069,,253180
PYF,2070,,251173
PYF,2071,,249167
PYF,2072,,247132
PYF,2073,,245068
PYF,2074,,242987
PYF,2075,,240871
PYF,2076,,238754
PYF,2077,,236614
PYF,2078,,234478
PYF,2079,,232292
PYF,2080,,230098
PYF,2081,,227893
PYF,2082,,225720
PYF,2083,,223531
PYF,2084,,221336
PYF,2085,,219159
PYF,2086,,216964
PYF,2087,,214775
PYF,2088,,212577
PYF,2089,,210386
PYF,2090,,208214
PYF,2091,,206033
PYF,2092,,203875
PYF,2093,,201721
PYF,2094,,199567
PYF,2095,,197430
PYF,2096,,195308
PYF,2097,,193191
PYF,2098,,191083
PYF,2099,,188983
PYF,2100,,186869
GAB,1950,472843,
GAB,1951,475640,
GAB,1952,478588,
GAB,1953,481760,
GAB,1954,485163,
GAB,1955,488818,
GAB,1956,492790,
GAB,1957,497074,
GAB,1958,501738,
GAB,1959,506813,
GAB,1960,512324,
GAB,1961,518275,
GAB,1962,524656,
GAB,1963,531459,
GAB,1964,538665,
GAB,1965,546320,
GAB,1966,554471,
GAB,1967,563114,
GAB,1968,572267,
GAB,1969,583284,
GAB,1970,595856,
GAB,1971,608355,
GAB,1972,620968,
GAB,1973,634003,
GAB,1974,647699,
GAB,1975,662205,
GAB,1976,677631,
GAB,1977,693994,
GAB,1978,711250,
GAB,1979,729380,
GAB,1980,748395,
GAB,1981,768394,
GAB,1982,789291,
GAB,1983,811007,
GAB,1984,833501,
GAB,1985,856737,
GAB,1986,880706,
GAB,1987,905481,
GAB,1988,931023,
GAB,1989,957147,
GAB,1990,983740,
GAB,1991,1010821,
GAB,1992,1038386,
GAB,1993,1066404,
GAB,1994,1094724,
GAB,1995,1123212,
GAB,1996,1152018,
GAB,1997,1181445,
GAB,1998,1211744,
GAB,1999,1243023,
GAB,2000,1275578,
GAB,2001,1309594,
GAB,2002,1345142,
GAB,2003,1382354,
GAB,2004,1421620,
GAB,2005,1463503,
GAB,2006,1508338,
GAB,2007,1556242,
GAB,2008,1607182,
GAB,2009,1661567,
GAB,2010,1719883,
GAB,2011,1781987,
GAB,2012,1846893,
GAB,2013,1913061,
GAB,2014,1978400,
GAB,2015,2040990,
GAB,2016,2100310,
GAB,2017,2156902,
GAB,2018,2212320,
GAB,2019,2267711,
GAB,2020,2322538,
GAB,2021,2376729,
GAB,2022,2430750,
GAB,2023,2484790,
GAB,2024,,2538953
GAB,2025,,2593131
GAB,2026,,2647400
GAB,2027,,2701862
GAB,2028,,2756476
GAB,2029,,2811351
GAB,2030,,2866670
GAB,2031,,2922505
GAB,2032,,2978814
GAB,2033,,3035713
GAB,2034,,3093224
GAB,2035,,3151468
GAB,2036,,3210585
GAB,2037,,3270305
GAB,2038,,3330509
GAB,2039,,3391380
GAB,2040,,3452987
GAB,2041,,3515220
GAB,2042,,3577745
GAB,2043,,3640571
GAB,2044,,3703796
GAB,2045,,3767432
GAB,2046,,3831213
GAB,2047,,3894843
GAB,2048,,3958296
GAB,2049,,4021471
GAB,2050,,4084539
GAB,2051,,4147625
GAB,2052,,4210539
GAB,2053,,4273202
GAB,2054,,4335949
GAB,2055,,4398421
GAB,2056,,4460550
GAB,2057,,4522302
GAB,2058,,4583751
GAB,2059,,4645216
GAB,2060,,4706270
GAB,2061,,4766790
GAB,2062,,4827108
GAB,2063,,4887480
GAB,2064,,4947907
GAB,2065,,5008164
GAB,2066,,5068346
GAB,2067,,5128604
GAB,2068,,5188650
GAB,2069,,5248441
GAB,2070,,5308225
GAB,2071,,5368066
GAB,2072,,5427841
GAB,2073,,5487378
GAB,2074,,5546510
GAB,2075,,5605452
GAB,2076,,5664227
GAB,2077,,5722843
GAB,2078,,5781307
GAB,2079,,5839312
GAB,2080,,5896874
GAB,2081,,5953992
GAB,2082,,6010587
GAB,2083,,6066493
GAB,2084,,6121551
GAB,2085,,6175550
GAB,2086,,6229010
GAB,2087,,6282275
GAB,2088,,6335086
GAB,2089,,6386844
GAB,2090,,6437489
GAB,2091,,6487335
GAB,2092,,6536345
GAB,2093,,6584733
GAB,2094,,6632421
GAB,2095,,6679619
GAB,2096,,6726249
GAB,2097,,6771938
GAB,2098,,6816440
GAB,2099,,6859972
GAB,2100,,6903323
GMB,1950,306745,
GMB,1951,314501,
GMB,1952,322644,
GMB,1953,331095,
GMB,1954,339818,
GMB,1955,348799,
GMB,1956,358040,
GMB,1957,367552,
GMB,1958,377378,
GMB,1959,387547,
GMB,1960,398071,
GMB,1961,408937,
GMB,1962,420171,
GMB,1963,431766,
GMB,1964,443693,
GMB,1965,455960,
GMB,1966,468524,
GMB,1967,481598,
GMB,1968,495278,
GMB,1969,509443,
GMB,1970,524115,
GMB,1971,539394,
GMB,1972,555380,
GMB,1973,572006,
GMB,1974,589093,
GMB,1975,606829,
GMB,1976,625678,
GMB,1977,645781,
GMB,1978,667107,
GMB,1979,689783,
GMB,1980,713921,
GMB,1981,739132,
GMB,1982,765759,
GMB,1983,794528,
GMB,1984,825634,
GMB,1985,858879,
GMB,1986,894019,
GMB,1987,931102,
GMB,1988,970162,
GMB,1989,1011367,
GMB,1990,1054703,
GMB,1991,1099960,
GMB,1992,1145583,
GMB,1993,1188372,
GMB,1994,1227233,
GMB,1995,1264320,
GMB,1996,1301421,
GMB,1997,1338898,
GMB,1998,1376994,
GMB,1999,1415786,
GMB,2000,1455095,
GMB,2001,1495023,
GMB,2002,1535700,
GMB,2003,1577619,
GMB,2004,1621309,
GMB,2005,1667035,
GMB,2006,1715285,
GMB,2007,1765778,
GMB,2008,1817859,
GMB,2009,1871428,
GMB,2010,1926634,
GMB,2011,1983785,
GMB,2012,2043097,
GMB,2013,2103825,
GMB,2014,2164535,
GMB,2015,2224530,
GMB,2016,2283775,
GMB,2017,2342191,
GMB,2018,2399633,
GMB,2019,2456847,
GMB,2020,2515744,
GMB,2021,2576015,
GMB,2022,2636472,
GMB,2023,2697846,
GMB,2024,,2759999
GMB,2025,,2822094
GMB,2026,,2884086
GMB,2027,,2945886
GMB,2028,,3007552
GMB,2029,,3069024
GMB,2030,,3130130
GMB,2031,,3190999
GMB,2032,,3251829
GMB,2033,,3312598
GMB,2034,,3373131
GMB,2035,,3433432
GMB,2036,,3493583
GMB,2037,,3553536
GMB,2038,,3613504
GMB,2039,,3673347
GMB,2040,,3732808
GMB,2041,,3791806
GMB,2042,,3850542
GMB,2043,,3909030
GMB,2044,,3966915
GMB,2045,,4024238
GMB,2046,,4080972
GMB,2047,,4137205
GMB,2048,,4192853
GMB,2049,,4247718
GMB,2050,,4301899
GMB,2051,,4355379
GMB,2052,,4408060
GMB,2053,,4459842
GMB,2054,,4510993
GMB,2055,,4561382
GMB,2056,,4610748
GMB,2057,,4659370
GMB,2058,,4707080
GMB,2059,,4753936
GMB,2060,,4800132
GMB,2061,,4845629
GMB,2062,,4890157
GMB,2063,,4933387
GMB,2064,,4975519
GMB,2065,,5016710
GMB,2066,,5056652
GMB,2067,,5095060
GMB,2068,,5132304
GMB,2069,,5168423
GMB,2070,,5203328
GMB,2071,,5236941
GMB,2072,,5269244
GMB,2073,,5300648
GMB,2074,,5331109
GMB,2075,,5360350
GMB,2076,,5388211
GMB,2077,,5414849
GMB,2078,,5440458
GMB,2079,,5464714
GMB,2080,,5487552
GMB,2081,,5509190
GMB,2082,,5529537
GMB,2083,,5548565
GMB,2084,,5566452
GMB,2085,,5583281
GMB,2086,,5598753
GMB,2087,,5613092
GMB,2088,,5626533
GMB,2089,,5638777
GMB,2090,,5649787
GMB,2091,,5659539
GMB,2092,,5668246
GMB,2093,,5676131
GMB,2094,,5682734
GMB,2095,,5688118
GMB,2096,,5692692
GMB,2097,,5696419
GMB,2098,,5699398
GMB,2099,,5701730
GMB,2100,,5703045
GEO,1950,3497447,
GEO,1951,3541240,
GEO,1952,3586787,
GEO,1953,3633971,
GEO,1954,3682725,
GEO,1955,3734031,
GEO,1956,3789583,
GEO,1957,3849537,
GEO,1958,3913631,
GEO,1959,3981697,
GEO,1960,4053800,
GEO,1961,4129030,
GEO,1962,4205705,
GEO,1963,4282796,
GEO,1964,4358325,
GEO,1965,4429323,
GEO,1966,4503023,
GEO,1967,4582954,
GEO,1968,4663584,
GEO,1969,4743027,
GEO,1970,4804060,
GEO,1971,4843142,
GEO,1972,4877271,
GEO,1973,4911012,
GEO,1974,4944639,
GEO,1975,4979408,
GEO,1976,5015923,
GEO,1977,5053556,
GEO,1978,5091795,
GEO,1979,5128680,
GEO,1980,5165546,
GEO,1981,5205035,
GEO,1982,5246476,
GEO,1983,5290185,
GEO,1984,5334255,
GEO,1985,5376897,
GEO,1986,5419131,
GEO,1987,5461017,
GEO,1988,5500241,
GEO,1989,5499644,
GEO,1990,5448865,
GEO,1991,5379509,
GEO,1992,5294186,
GEO,1993,5178784,
GEO,1994,5046267,
GEO,1995,4925742,
GEO,1996,4812774,
GEO,1997,4695359,
GEO,1998,4576447,
GEO,1999,4455581,
GEO,2000,4328361,
GEO,2001,4209641,
GEO,2002,4127854,
GEO,2003,4085489,
GEO,2004,4056076,
GEO,2005,4026135,
GEO,2006,3996584,
GEO,2007,3967592,
GEO,2008,3941192,
GEO,2009,3918935,
GEO,2010,3895932,
GEO,2011,3868724,
GEO,2012,3839208,
GEO,2013,3809128,
GEO,2014,3792921,
GEO,2015,3791570,
GEO,2016,3792061,
GEO,2017,3792860,
GEO,2018,3794881,
GEO,2019,3796722,
GEO,2020,3795680,
GEO,2021,3788450,
GEO,2022,3794782,
GEO,2023,3807494,
GEO,2024,,3807668
GEO,2025,,3806669
GEO,2026,,3804644
GEO,2027,,3801831
GEO,2028,,3798714
GEO,2029,,3795010
GEO,2030,,3790545
GEO,2031,,3785508
GEO,2032,,3780372
GEO,2033,,3775508
GEO,2034,,3770075
GEO,2035,,3764201
GEO,2036,,3757773
GEO,2037,,3751050
GEO,2038,,3744670
GEO,2039,,3738798
GEO,2040,,3732860
GEO,2041,,3727100
GEO,2042,,3721951
GEO,2043,,3716427
GEO,2044,,3710532
GEO,2045,,3704001
GEO,2046,,3696489
GEO,2047,,3688630
GEO,2048,,3680595
GEO,2049,,3672465
GEO,2050,,3664012
GEO,2051,,3654926
GEO,2052,,3644933
GEO,2053,,3634587
GEO,2054,,3624539
GEO,2055,,3613965
GEO,2056,,3602486
GEO,2057,,3590799
GEO,2058,,3579081
GEO,2059,,3566676
GEO,2060,,3553639
GEO,2061,,3540344
GEO,2062,,3526527
GEO,2063,,3512084
GEO,2064,,3497159
GEO,2065,,3481725
GEO,2066,,3466200
GEO,2067,,3450997
GEO,2068,,3436029
GEO,2069,,3421039
GEO,2070,,3406197
GEO,2071,,3391882
GEO,2072,,3377843
GEO,2073,,3363703
GEO,2074,,3349553
GEO,2075,,3335129
GEO,2076,,3320431
GEO,2077,,3306080
GEO,2078,,3292216
GEO,2079,,3278685
GEO,2080,,3265572
GEO,2081,,3252492
GEO,2082,,3239135
GEO,2083,,3225691
GEO,2084,,3212100
GEO,2085,,3198080
GEO,2086,,3183964
GEO,2087,,3169780
GEO,2088,,3155412
GEO,2089,,3141062
GEO,2090,,3126808
GEO,2091,,3112415
GEO,2092,,3097884
GEO,2093,,3083060
GEO,2094,,3067746
GEO,2095,,3052294
GEO,2096,,3036521
GEO,2097,,3020162
GEO,2098,,3003434
GEO,2099,,2986565
GEO,2100,,2969400
DEU,1950,69847778,
DEU,1951,69782050,
DEU,1952,69826948,
DEU,1953,69935116,
DEU,1954,70104621,
DEU,1955,70334149,
DEU,1956,70613897,
DEU,1957,71088145,
DEU,1958,71694674,
DEU,1959,72241718,
DEU,1960,72811635,
DEU,1961,73376114,
DEU,1962,73997000,
DEU,1963,74698003,
DEU,1964,75313480,
DEU,1965,75966968,
DEU,1966,76611025,
DEU,1967,76970794,
DEU,1968,77321280,
DEU,1969,77944022,
DEU,1970,78205103,
DEU,1971,78345876,
DEU,1972,78719924,
DEU,1973,78966975,
DEU,1974,78996691,
DEU,1975,78701861,
DEU,1976,78364503,
DEU,1977,78185560,
DEU,1978,78115357,
DEU,1979,78147898,
DEU,1980,78315373,
DEU,1981,78448044,
DEU,1982,78393670,
DEU,1983,78224137,
DEU,1984,77998197,
DEU,1985,77863423,
DEU,1986,77923806,
DEU,1987,78062321,
DEU,1988,78385992,
DEU,1989,79007062,
DEU,1990,79707963,
DEU,1991,80303190,
DEU,1992,80934901,
DEU,1993,81486771,
DEU,1994,81773613,
DEU,1995,82019890,
DEU,1996,82263195,
DEU,1997,82389631,
DEU,1998,82011933,
DEU,1999,81678279,
DEU,2000,81797255,
DEU,2001,81933882,
DEU,2002,82068328,
DEU,2003,82111619,
DEU,2004,82092706,
DEU,2005,82046733,
DEU,2006,81701971,
DEU,2007,81298546,
DEU,2008,81110780,
DEU,2009,80935276,
DEU,2010,80830916,
DEU,2011,80857877,
DEU,2012,80916391,
DEU,2013,81041581,
DEU,2014,81376078,
DEU,2015,82077546,
DEU,2016,82760102,
DEU,2017,83104010,
DEU,2018,83368507,
DEU,2019,83559184,
DEU,2020,83628711,
DEU,2021,83697080,
DEU,2022,84086227,
DEU,2023,84548233,
DEU,2024,,84552234
DEU,2025,,84075075
DEU,2026,,83644257
DEU,2027,,83442707
DEU,2028,,83229087
DEU,2029,,83005443
DEU,2030,,82780958
DEU,2031,,82552440
DEU,2032,,82323674
DEU,2033,,82099752
DEU,2034,,81882649
DEU,2035,,81669908
DEU,2036,,81443399
DEU,2037,,81216897
DEU,2038,,80993995
DEU,2039,,80770015
DEU,2040,,80551735
DEU,2041,,80345659
DEU,2042,,80149109
DEU,2043,,79942139
DEU,2044,,79719611
DEU,2045,,79491791
DEU,2046,,79264454
DEU,2047,,79034282
DEU,2048,,78791088
DEU,2049,,78540889
DEU,2050,,78294606
DEU,2051,,78048438
DEU,2052,,77800878
DEU,2053,,77539857
DEU,2054,,77258783
DEU,2055,,76970310
DEU,2056,,76687006
DEU,2057,,76408116
DEU,2058,,76129113
DEU,2059,,75861387
DEU,2060,,75604598
DEU,2061,,75361466
DEU,2062,,75130986
DEU,2063,,74909569
DEU,2064,,74701726
DEU,2065,,74503008
DEU,2066,,74308695
DEU,2067,,74117866
DEU,2068,,73940351
DEU,2069,,73773326
DEU,2070,,73615847
DEU,2071,,73459600
DEU,2072,,73301601
DEU,2073,,73144648
DEU,2074,,72985143
DEU,2075,,72838468
DEU,2076,,72691186
DEU,2077,,72532968
DEU,2078,,72383095
DEU,2079,,72244179
DEU,2080,,72112508
DEU,2081,,71991193
DEU,2082,,71881433
DEU,2083,,71775291
DEU,2084,,71672974
DEU,2085,,71576217
DEU,2086,,71478454
DEU,2087,,71387348
DEU,2088,,71315946
DEU,2089,,71258999
DEU,2090,,71200402
DEU,2091,,71145639
DEU,2092,,71109275
DEU,2093,,71085835
DEU,2094,,71065765
DEU,2095,,71045892
DEU,2096,,71019879
DEU,2097,,70982922
DEU,2098,,70953025
DEU,2099,,70930781
DEU,2100,,70899865
GHA,1950,5080664,
GHA,1951,5229134,
GHA,1952,5387494,
GHA,1953,5553969,
GHA,1954,5729430,
GHA,1955,5914933,
GHA,1956,6109604,
GHA,1957,6312498,
GHA,1958,6520157,
GHA,1959,6735545,
GHA,1960,6961216,
GHA,1961,7162672,
GHA,1962,7337378,
GHA,1963,7514721,
GHA,1964,7695744,
GHA,1965,7882609,
GHA,1966,8074529,
GHA,1967,8271924,
GHA,1968,8475734,
GHA,1969,8690384,
GHA,1970,8925813,
GHA,1971,9176264,
GHA,1972,9438189,
GHA,1973,9714615,
GHA,1974,10000528,
GHA,1975,10294312,
GHA,1976,10594918,
GHA,1977,10911869,
GHA,1978,11248453,
GHA,1979,11597251,
GHA,1980,11941451,
GHA,1981,12281722,
GHA,1982,12643820,
GHA,1983,13029841,
GHA,1984,13370591,
GHA,1985,13661237,
GHA,1986,13965221,
GHA,1987,14289110,
GHA,1988,14636577,
GHA,1989,15006814,
GHA,1990,15394650,
GHA,1991,15787495,
GHA,1992,16184863,
GHA,1993,16589521,
GHA,1994,16993190,
GHA,1995,17399023,
GHA,1996,17810184,
GHA,1997,18238961,
GHA,1998,18688041,
GHA,1999,19149875,
GHA,2000,19637085,
GHA,2001,20167073,
GHA,2002,20729392,
GHA,2003,21296710,
GHA,2004,21868298,
GHA,2005,22449446,
GHA,2006,23040704,
GHA,2007,23642284,
GHA,2008,24249945,
GHA,2009,24862667,
GHA,2010,25475000,
GHA,2011,26095091,
GHA,2012,26734273,
GHA,2013,27386193,
GHA,2014,28041592,
GHA,2015,28696071,
GHA,2016,29356736,
GHA,2017,30008364,
GHA,2018,30637592,
GHA,2019,31258943,
GHA,2020,31887802,
GHA,2021,32518662,
GHA,2022,33149152,
GHA,2023,33787916,
GHA,2024,,34427417
GHA,2025,,35064277
GHA,2026,,35697559
GHA,2027,,36328270
GHA,2028,,36959314
GHA,2029,,37589714
GHA,2030,,38222079
GHA,2031,,38856809
GHA,2032,,39492792
GHA,2033,,40132724
GHA,2034,,40774157
GHA,2035,,41412559
GHA,2036,,42047455
GHA,2037,,42682182
GHA,2038,,43314976
GHA,2039,,43942857
GHA,2040,,44568352
GHA,2041,,45190634
GHA,2042,,45808602
GHA,2043,,46421965
GHA,2044,,47030356
GHA,2045,,47634277
GHA,2046,,48231608
GHA,2047,,48823462
GHA,2048,,49408512
GHA,2049,,49984441
GHA,2050,,50553046
GHA,2051,,51112489
GHA,2052,,51660601
GHA,2053,,52200455
GHA,2054,,52732756
GHA,2055,,53257058
GHA,2056,,53773865
GHA,2057,,54281347
GHA,2058,,54779350
GHA,2059,,55269090
GHA,2060,,55750057
GHA,2061,,56223229
GHA,2062,,56688794
GHA,2063,,57143829
GHA,2064,,57590435
GHA,2065,,58027211
GHA,2066,,58454294
GHA,2067,,58876562
GHA,2068,,59291915
GHA,2069,,59695873
GHA,2070,,60088942
GHA,2071,,60477742
GHA,2072,,60858973
GHA,2073,,61229394
GHA,2074,,61592819
GHA,2075,,61951857
GHA,2076,,62303139
GHA,2077,,62642671
GHA,2078,,62974915
GHA,2079,,63296777
GHA,2080,,63606282
GHA,2081,,63905535
GHA,2082,,64193035
GHA,2083,,64469402
GHA,2084,,64731610
GHA,2085,,64981222
GHA,2086,,65221847
GHA,2087,,65456512
GHA,2088,,65683290
GHA,2089,,65897247
GHA,2090,,66099925
GHA,2091,,66291454
GHA,2092,,66469228
GHA,2093,,66634780
GHA,2094,,66792573
GHA,2095,,66940848
GHA,2096,,67078481
GHA,2097,,67208854
GHA,2098,,67332185
GHA,2099,,67445745
GHA,2100,,67547749
GIB,1950,21680,
GIB,1951,21487,
GIB,1952,21496,
GIB,1953,21624,
GIB,1954,21726,
GIB,1955,21808,
GIB,1956,21869,
GIB,1957,21908,
GIB,1958,21906,
GIB,1959,21891,
GIB,1960,21861,
GIB,1961,21895,
GIB,1962,22218,
GIB,1963,22772,
GIB,1964,23338,
GIB,1965,23897,
GIB,1966,24468,
GIB,1967,25042,
GIB,1968,25601,
GIB,1969,26145,
GIB,1970,26657,
GIB,1971,27044,
GIB,1972,27312,
GIB,1973,27559,
GIB,1974,27775,
GIB,1975,27973,
GIB,1976,28158,
GIB,1977,28323,
GIB,1978,28470,
GIB,1979,28599,
GIB,1980,28698,
GIB,1981,28764,
GIB,1982,28792,
GIB,1983,28754,
GIB,1984,28668,
GIB,1985,28538,
GIB,1986,28352,
GIB,1987,28116,
GIB,1988,27862,
GIB,1989,27568,
GIB,1990,27223,
GIB,1991,26921,
GIB,1992,26900,
GIB,1993,27098,
GIB,1994,27265,
GIB,1995,27402,
GIB,1996,27513,
GIB,1997,27611,
GIB,1998,27676,
GIB,1999,27719,
GIB,2000,27734,
GIB,2001,27685,
GIB,2002,27850,
GIB,2003,28301,
GIB,2004,28741,
GIB,2005,29191,
GIB,2006,29620,
GIB,2007,30032,
GIB,2008,30431,
GIB,2009,30847,
GIB,2010,31271,
GIB,2011,31685,
GIB,2012,32054,
GIB,2013,32429,
GIB,2014,32836,
GIB,2015,33214,
GIB,2016,33682,
GIB,2017,34267,
GIB,2018,34883,
GIB,2019,35518,
GIB,2020,36198,
GIB,2021,36881,
GIB,2022,37631,
GIB,2023,38493,
GIB,2024,,39351
GIB,2025,,40152
GIB,2026,,40888
GIB,2027,,41582
GIB,2028,,42244
GIB,2029,,42884
GIB,2030,,43477
GIB,2031,,44053
GIB,2032,,44605
GIB,2033,,45119
GIB,2034,,45593
GIB,2035,,46041
GIB,2036,,46453
GIB,2037,,46833
GIB,2038,,47198
GIB,2039,,47547
GIB,2040,,47844
GIB,2041,,48115
GIB,2042,,48357
GIB,2043,,48588
GIB,2044,,48790
GIB,2045,,48995
GIB,2046,,49179
GIB,2047,,49361
GIB,2048,,49526
GIB,2049,,49680
GIB,2050,,49819
GIB,2051,,49945
GIB,2052,,50083
GIB,2053,,50223
GIB,2054,,50351
GIB,2055,,50462
GIB,2056,,50567
GIB,2057,,50677
GIB,2058,,50773
GIB,2059,,50853
GIB,2060,,50917
GIB,2061,,50976
GIB,2062,,51034
GIB,2063,,51090
GIB,2064,,51138
GIB,2065,,51172
GIB,2066,,51210
GIB,2067,,51256
GIB,2068,,51289
GIB,2069,,51297
GIB,2070,,51304
GIB,2071,,51297
GIB,2072,,51289
GIB,2073,,51277
GIB,2074,,51257
GIB,2075,,51222
GIB,2076,,51175
GIB,2077,,51131
GIB,2078,,51094
GIB,2079,,51050
GIB,2080,,50999
GIB,2081,,50937
GIB,2082,,50868
GIB,2083,,50790
GIB,2084,,50710
GIB,2085,,50619
GIB,2086,,50514
GIB,2087,,50426
GIB,2088,,50349
GIB,2089,,50265
GIB,2090,,50184
GIB,2091,,50099
GIB,2092,,50017
GIB,2093,,49933
GIB,2094,,49846
GIB,2095,,49754
GIB,2096,,49665
GIB,2097,,49575
GIB,2098,,49479
GIB,2099,,49382
GIB,2100,,49281
GRC,1950,7651080,
GRC,1951,7712877,
GRC,1952,7775541,
GRC,1953,7841269,
GRC,1954,7910864,
GRC,1955,7984712,
GRC,1956,8060991,
GRC,1957,8136981,
GRC,1958,8214992,
GRC,1959,8297715,
GRC,1960,8384484,
GRC,1961,8447008,
GRC,1962,8473374,
GRC,1963,8488371,
GRC,1964,8504000,
GRC,1965,8521368,
GRC,1966,8579991,
GRC,1967,8655153,
GRC,1968,8717916,
GRC,1969,8747069,
GRC,1970,8747778,
GRC,1971,8787031,
GRC,1972,8849379,
GRC,1973,8893404,
GRC,1974,8929111,
GRC,1975,9016969,
GRC,1976,9160211,
GRC,1977,9282025,
GRC,1978,9389966,
GRC,1979,9526008,
GRC,1980,9653419,
GRC,1981,9754398,
GRC,1982,9837470,
GRC,1983,9911493,
GRC,1984,9978779,
GRC,1985,10037038,
GRC,1986,10088766,
GRC,1987,10134533,
GRC,1988,10177007,
GRC,1989,10218041,
GRC,1990,10258494,
GRC,1991,10306645,
GRC,1992,10359895,
GRC,1993,10412752,
GRC,1994,10466266,
GRC,1995,10519233,
GRC,1996,10570083,
GRC,1997,10622327,
GRC,1998,10675411,
GRC,1999,10727953,
GRC,2000,10782638,
GRC,2001,10843166,
GRC,2002,10890287,
GRC,2003,10918467,
GRC,2004,10947369,
GRC,2005,10981340,
GRC,2006,11016107,
GRC,2007,11045737,
GRC,2008,11076874,
GRC,2009,11108067,
GRC,2010,11124666,
GRC,2011,11108838,
GRC,2012,11048291,
GRC,2013,10967534,
GRC,2014,10893169,
GRC,2015,10820902,
GRC,2016,10775506,
GRC,2017,10753532,
GRC,2018,10730846,
GRC,2019,10718581,
GRC,2020,10699370,
GRC,2021,10579561,
GRC,2022,10412481,
GRC,2023,10242910,
GRC,2024,,10047813
GRC,2025,,9938847
GRC,2026,,9897119
GRC,2027,,9853973
GRC,2028,,9810272
GRC,2029,,9766171
GRC,2030,,9721988
GRC,2031,,9677617
GRC,2032,,9632163
GRC,2033,,9586432
GRC,2034,,9541533
GRC,2035,,9496502
GRC,2036,,9451667
GRC,2037,,9407250
GRC,2038,,9362893
GRC,2039,,9319056
GRC,2040,,9275616
GRC,2041,,9232322
GRC,2042,,9189699
GRC,2043,,9146979
GRC,2044,,9103016
GRC,2045,,9058324
GRC,2046,,9013144
GRC,2047,,8965703
GRC,2048,,8916115
GRC,2049,,8864824
GRC,2050,,8812069
GRC,2051,,8758032
GRC,2052,,8702188
GRC,2053,,8645290
GRC,2054,,8586706
GRC,2055,,8525856
GRC,2056,,8463442
GRC,2057,,8399730
GRC,2058,,8334850
GRC,2059,,8269090
GRC,2060,,8203171
GRC,2061,,8137064
GRC,2062,,8070502
GRC,2063,,8003997
GRC,2064,,7937783
GRC,2065,,7872405
GRC,2066,,7807290
GRC,2067,,7742014
GRC,2068,,7676984
GRC,2069,,7612997
GRC,2070,,7550907
GRC,2071,,7490961
GRC,2072,,7432743
GRC,2073,,7376233
GRC,2074,,7322165
GRC,2075,,7270684
GRC,2076,,7221256
GRC,2077,,7173176
GRC,2078,,7126981
GRC,2079,,7082984
GRC,2080,,7040426
GRC,2081,,6999581
GRC,2082,,6960243
GRC,2083,,6922343
GRC,2084,,6885328
GRC,2085,,6848232
GRC,2086,,6811561
GRC,2087,,6775727
GRC,2088,,6740001
GRC,2089,,6703489
GRC,2090,,6666806
GRC,2091,,6630478
GRC,2092,,6593821
GRC,2093,,6556380
GRC,2094,,6518144
GRC,2095,,6479050
GRC,2096,,6439152
GRC,2097,,6398565
GRC,2098,,6357748
GRC,2099,,6316793
GRC,2100,,6275570
GRL,1950,23231,
GRL,1951,23689,
GRL,1952,24194,
GRL,1953,24827,
GRL,1954,25518,
GRL,1955,26283,
GRL,1956,27199,
GRL,1957,28285,
GRL,1958,29457,
GRL,1959,30746,
GRL,1960,32123,
GRL,1961,33435,
GRL,1962,34667,
GRL,1963,35923,
GRL,1964,37225,
GRL,1965,38583,
GRL,1966,39990,
GRL,1967,41421,
GRL,1968,42801,
GRL,1969,44159,
GRL,1970,45485,
GRL,1971,46519,
GRL,1972,47279,
GRL,1973,48000,
GRL,1974,48647,
GRL,1975,49189,
GRL,1976,49612,
GRL,1977,49776,
GRL,1978,49771,
GRL,1979,49802,
GRL,1980,50130,
GRL,1981,50732,
GRL,1982,51354,
GRL,1983,51987,
GRL,1984,52632,
GRL,1985,53234,
GRL,1986,53759,
GRL,1987,54280,
GRL,1988,54819,
GRL,1989,55333,
GRL,1990,55650,
GRL,1991,55740,
GRL,1992,55769,
GRL,1993,55780,
GRL,1994,55766,
GRL,1995,55857,
GRL,1996,56020,
GRL,1997,56115,
GRL,1998,56175,
GRL,1999,56148,
GRL,2000,56228,
GRL,2001,56433,
GRL,2002,56617,
GRL,2003,56781,
GRL,2004,56926,
GRL,2005,56969,
GRL,2006,56901,
GRL,2007,56807,
GRL,2008,56683,
GRL,2009,56547,
GRL,2010,56634,
GRL,2011,56853,
GRL,2012,56797,
GRL,2013,56532,
GRL,2014,56195,
GRL,2015,56048,
GRL,2016,56082,
GRL,2017,56094,
GRL,2018,56100,
GRL,2019,56109,
GRL,2020,56105,
GRL,2021,56065,
GRL,2022,56014,
GRL,2023,55951,
GRL,2024,,55864
GRL,2025,,55767
GRL,2026,,55650
GRL,2027,,55524
GRL,2028,,55390
GRL,2029,,55239
GRL,2030,,55077
GRL,2031,,54904
GRL,2032,,54705
GRL,2033,,54494
GRL,2034,,54262
GRL,2035,,54026
GRL,2036,,53770
GRL,2037,,53514
GRL,2038,,53248
GRL,2039,,52978
GRL,2040,,52694
GRL,2041,,52420
GRL,2042,,52146
GRL,2043,,51862
GRL,2044,,51577
GRL,2045,,51294
GRL,2046,,51006
GRL,2047,,50720
GRL,2048,,50442
GRL,2049,,50174
GRL,2050,,49919
GRL,2051,,49664
GRL,2052,,49395
GRL,2053,,49144
GRL,2054,,48879
GRL,2055,,48628
GRL,2056,,48381
GRL,2057,,48138
GRL,2058,,47885
GRL,2059,,47638
GRL,2060,,47383
GRL,2061,,47119
GRL,2062,,46847
GRL,2063,,46574
GRL,2064,,46306
GRL,2065,,46027
GRL,2066,,45757
GRL,2067,,45476
GRL,2068,,45190
GRL,2069,,44904
GRL,2070,,44615
GRL,2071,,44331
GRL,2072,,44043
GRL,2073,,43761
GRL,2074,,43480
GRL,2075,,43207
GRL,2076,,42921
GRL,2077,,42648
GRL,2078,,42391
GRL,2079,,42131
GRL,2080,,41872
GRL,2081,,41624
GRL,2082,,41373
GRL,2083,,41125
GRL,2084,,40876
GRL,2085,,40638
GRL,2086,,40405
GRL,2087,,40183
GRL,2088,,39951
GRL,2089,,39733
GRL,2090,,39507
GRL,2091,,39281
GRL,2092,,39058
GRL,2093,,38836
GRL,2094,,38608
GRL,2095,,38382
GRL,2096,,38158
GRL,2097,,37935
GRL,2098,,37708
GRL,2099,,37476
GRL,2100,,37248
GRD,1950,77280,
GRD,1951,77952,
GRD,1952,78952,
GRD,1953,80229,
GRD,1954,81795,
GRD,1955,83657,
GRD,1956,85817,
GRD,1957,88168,
GRD,1958,90432,
GRD,1959,92449,
GRD,1960,94074,
GRD,1961,95347,
GRD,1962,96393,
GRD,1963,97212,
GRD,1964,97772,
GRD,1965,98081,
GRD,1966,98137,
GRD,1967,98079,
GRD,1968,98097,
GRD,1969,98220,
GRD,1970,98431,
GRD,1971,98659,
GRD,1972,98793,
GRD,1973,98723,
GRD,1974,98501,
GRD,1975,98144,
GRD,1976,97655,
GRD,1977,97031,
GRD,1978,96322,
GRD,1979,95507,
GRD,1980,94554,
GRD,1981,94066,
GRD,1982,94399,
GRD,1983,94963,
GRD,1984,95518,
GRD,1985,96124,
GRD,1986,96807,
GRD,1987,97537,
GRD,1988,98323,
GRD,1989,99133,
GRD,1990,99973,
GRD,1991,100806,
GRD,1992,101618,
GRD,1993,102398,
GRD,1994,103150,
GRD,1995,103890,
GRD,1996,104599,
GRD,1997,105309,
GRD,1998,106023,
GRD,1999,106744,
GRD,2000,107466,
GRD,2001,107998,
GRD,2002,108414,
GRD,2003,108895,
GRD,2004,109338,
GRD,2005,109744,
GRD,2006,110149,
GRD,2007,110532,
GRD,2008,110911,
GRD,2009,111266,
GRD,2010,111600,
GRD,2011,112093,
GRD,2012,112792,
GRD,2013,113499,
GRD,2014,114148,
GRD,2015,114691,
GRD,2016,115147,
GRD,2017,115448,
GRD,2018,115703,
GRD,2019,115995,
GRD,2020,116353,
GRD,2021,116696,
GRD,2022,116928,
GRD,2023,117094,
GRD,2024,,117218
GRD,2025,,117315
GRD,2026,,117373
GRD,2027,,117411
GRD,2028,,117442
GRD,2029,,117458
GRD,2030,,117477
GRD,2031,,117487
GRD,2032,,117467
GRD,2033,,117417
GRD,2034,,117345
GRD,2035,,117255
GRD,2036,,117151
GRD,2037,,117010
GRD,2038,,116879
GRD,2039,,116713
GRD,2040,,116506
GRD,2041,,116276
GRD,2042,,116025
GRD,2043,,115739
GRD,2044,,115451
GRD,2045,,115133
GRD,2046,,114782
GRD,2047,,114417
GRD,2048,,114042
GRD,2049,,113665
GRD,2050,,113255
GRD,2051,,112812
GRD,2052,,112340
GRD,2053,,111859
GRD,2054,,111351
GRD,2055,,110823
GRD,2056,,110295
GRD,2057,,109742
GRD,2058,,109193
GRD,2059,,108620
GRD,2060,,108013
GRD,2061,,107401
GRD,2062,,106756
GRD,2063,,106077
GRD,2064,,105378
GRD,2065,,104646
GRD,2066,,103885
GRD,2067,,103125
GRD,2068,,102337
GRD,2069,,101539
GRD,2070,,100728
GRD,2071,,99881
GRD,2072,,99006
GRD,2073,,98123
GRD,2074,,97236
GRD,2075,,96322
GRD,2076,,95406
GRD,2077,,94468
GRD,2078,,93506
GRD,2079,,92549
GRD,2080,,91576
GRD,2081,,90607
GRD,2082,,89650
GRD,2083,,88704
GRD,2084,,87767
GRD,2085,,86832
GRD,2086,,85906
GRD,2087,,84967
GRD,2088,,84047
GRD,2089,,83130
GRD,2090,,82226
GRD,2091,,81346
GRD,2092,,80468
GRD,2093,,79610
GRD,2094,,78764
GRD,2095,,77917
GRD,2096,,77095
GRD,2097,,76279
GRD,2098,,75472
GRD,2099,,74680
GRD,2100,,73906
GLP,1950,215523,
GLP,1951,219574,
GLP,1952,225645,
GLP,1953,231981,
GLP,1954,238396,
GLP,1955,244795,
GLP,1956,251286,
GLP,1957,257978,
GLP,1958,264886,
GLP,1959,272044,
GLP,1960,279439,
GLP,1961,286403,
GLP,1962,292012,
GLP,1963,296544,
GLP,1964,300628,
GLP,1965,304581,
GLP,1966,308512,
GLP,1967,312159,
GLP,1968,314900,
GLP,1969,316750,
GLP,1970,318118,
GLP,1971,319086,
GLP,1972,319678,
GLP,1973,320008,
GLP,1974,320574,
GLP,1975,322469,
GLP,1976,325311,
GLP,1977,327718,
GLP,1978,329313,
GLP,1979,330398,
GLP,1980,331218,
GLP,1981,332515,
GLP,1982,335826,
GLP,1983,341393,
GLP,1984,347996,
GLP,1985,354895,
GLP,1986,361927,
GLP,1987,368959,
GLP,1988,376001,
GLP,1989,382812,
GLP,1990,388820,
GLP,1991,393787,
GLP,1992,398165,
GLP,1993,402324,
GLP,1994,406330,
GLP,1995,410191,
GLP,1996,413932,
GLP,1997,417595,
GLP,1998,420476,
GLP,1999,420943,
GLP,2000,419565,
GLP,2001,417844,
GLP,2002,415762,
GLP,2003,413418,
GLP,2004,410859,
GLP,2005,408085,
GLP,2006,407230,
GLP,2007,408303,
GLP,2008,408987,
GLP,2009,408998,
GLP,2010,408815,
GLP,2011,409063,
GLP,2012,409153,
GLP,2013,408367,
GLP,2014,406652,
GLP,2015,403950,
GLP,2016,404642,
GLP,2017,412701,
GLP,2018,415184,
GLP,2019,410266,
GLP,2020,407401,
GLP,2021,399157,
GLP,2022,384702,
GLP,2023,376518,
GLP,2024,,375113
GLP,2025,,373796
GLP,2026,,372458
GLP,2027,,371066
GLP,2028,,369568
GLP,2029,,367975
GLP,2030,,366348
GLP,2031,,364666
GLP,2032,,362949
GLP,2033,,361282
GLP,2034,,359580
GLP,2035,,357880
GLP,2036,,356312
GLP,2037,,354687
GLP,2038,,352886
GLP,2039,,350962
GLP,2040,,348991
GLP,2041,,346968
GLP,2042,,344890
GLP,2043,,342765
GLP,2044,,340603
GLP,2045,,338335
GLP,2046,,336025
GLP,2047,,333704
GLP,2048,,331334
GLP,2049,,328880
GLP,2050,,326331
GLP,2051,,323787
GLP,2052,,321263
GLP,2053,,318719
GLP,2054,,316077
GLP,2055,,313439
GLP,2056,,310869
GLP,2057,,308351
GLP,2058,,305897
GLP,2059,,303482
GLP,2060,,301053
GLP,2061,,298631
GLP,2062,,296275
GLP,2063,,294094
GLP,2064,,292049
GLP,2065,,289962
GLP,2066,,287927
GLP,2067,,286074
GLP,2068,,284325
GLP,2069,,282598
GLP,2070,,280928
GLP,2071,,279358
GLP,2072,,277897
GLP,2073,,276526
GLP,2074,,275215
GLP,2075,,273976
GLP,2076,,272780
GLP,2077,,271616
GLP,2078,,270472
GLP,2079,,269312
GLP,2080,,268157
GLP,2081,,267011
GLP,2082,,265895
GLP,2083,,264774
GLP,2084,,263700
GLP,2085,,262600
GLP,2086,,261470
GLP,2087,,260368
GLP,2088,,259260
GLP,2089,,258113
GLP,2090,,256966
GLP,2091,,255806
GLP,2092,,254591
GLP,2093,,253347
GLP,2094,,252093
GLP,2095,,250890
GLP,2096,,249653
GLP,2097,,248375
GLP,2098,,247043
GLP,2099,,245742
GLP,2100,,244466
GUM,1950,60796,
GUM,1951,61313,
GUM,1952,61896,
GUM,1953,62553,
GUM,1954,63286,
GUM,1955,64099,
GUM,1956,64985,
GUM,1957,65959,
GUM,1958,67006,
GUM,1959,68112,
GUM,1960,69543,
GUM,1961,71322,
GUM,1962,73211,
GUM,1963,75105,
GUM,1964,77021,
GUM,1965,78946,
GUM,1966,80860,
GUM,1967,82732,
GUM,1968,84580,
GUM,1969,86421,
GUM,1970,88380,
GUM,1971,90475,
GUM,1972,92630,
GUM,1973,94794,
GUM,1974,96952,
GUM,1975,99071,
GUM,1976,101177,
GUM,1977,103310,
GUM,1978,105439,
GUM,1979,107657,
GUM,1980,110154,
GUM,1981,112917,
GUM,1982,115729,
GUM,1983,118518,
GUM,1984,121316,
GUM,1985,124133,
GUM,1986,126981,
GUM,1987,129867,
GUM,1988,132816,
GUM,1989,135812,
GUM,1990,138623,
GUM,1991,141093,
GUM,1992,143400,
GUM,1993,145670,
GUM,1994,147882,
GUM,1995,150064,
GUM,1996,152178,
GUM,1997,154225,
GUM,1998,156244,
GUM,1999,158297,
GUM,2000,160078,
GUM,2001,161339,
GUM,2002,162326,
GUM,2003,163146,
GUM,2004,163815,
GUM,2005,164373,
GUM,2006,164848,
GUM,2007,165278,
GUM,2008,165704,
GUM,2009,166189,
GUM,2010,166533,
GUM,2011,166554,
GUM,2012,166348,
GUM,2013,165979,
GUM,2014,165492,
GUM,2015,164914,
GUM,2016,164240,
GUM,2017,163501,
GUM,2018,162689,
GUM,2019,161819,
GUM,2020,162167,
GUM,2021,163741,
GUM,2022,165193,
GUM,2023,166522,
GUM,2024,,167790
GUM,2025,,169014
GUM,2026,,170199
GUM,2027,,171349
GUM,2028,,172475
GUM,2029,,173567
GUM,2030,,174644
GUM,2031,,175690
GUM,2032,,176693
GUM,2033,,177647
GUM,2034,,178568
GUM,2035,,179448
GUM,2036,,180318
GUM,2037,,181153
GUM,2038,,181972
GUM,2039,,182801
GUM,2040,,183628
GUM,2041,,184438
GUM,2042,,185250
GUM,2043,,186052
GUM,2044,,186853
GUM,2045,,187688
GUM,2046,,188486
GUM,2047,,189250
GUM,2048,,189993
GUM,2049,,190732
GUM,2050,,191464
GUM,2051,,192168
GUM,2052,,192856
GUM,2053,,193514
GUM,2054,,194132
GUM,2055,,194729
GUM,2056,,195314
GUM,2057,,195854
GUM,2058,,196372
GUM,2059,,196856
GUM,2060,,197286
GUM,2061,,197713
GUM,2062,,198123
GUM,2063,,198505
GUM,2064,,198923
GUM,2065,,199324
GUM,2066,,199731
GUM,2067,,200138
GUM,2068,,200522
GUM,2069,,200885
GUM,2070,,201248
GUM,2071,,201628
GUM,2072,,202046
GUM,2073,,202457
GUM,2074,,202859
GUM,2075,,203271
GUM,2076,,203664
GUM,2077,,204060
GUM,2078,,204459
GUM,2079,,204844
GUM,2080,,205199
GUM,2081,,205515
GUM,2082,,205782
GUM,2083,,206012
GUM,2084,,206212
GUM,2085,,206396
GUM,2086,,206558
GUM,2087,,206691
GUM,2088,,206817
GUM,2089,,206923
GUM,2090,,206968
GUM,2091,,206970
GUM,2092,,206918
GUM,2093,,206848
GUM,2094,,206730
GUM,2095,,206571
GUM,2096,,206398
GUM,2097,,206208
GUM,2098,,205993
GUM,2099,,205756
GUM,2100,,205505
GTM,1950,3097199,
GTM,1951,3177369,
GTM,1952,3261653,
GTM,1953,3348816,
GTM,1954,3439109,
GTM,1955,3533311,
GTM,1956,3631180,
GTM,1957,3732743,
GTM,1958,3837036,
GTM,1959,3946497,
GTM,1960,4063659,
GTM,1961,4186205,
GTM,1962,4312050,
GTM,1963,4440271,
GTM,1964,4571105,
GTM,1965,4704973,
GTM,1966,4840960,
GTM,1967,4978867,
GTM,1968,5118119,
GTM,1969,5257088,
GTM,1970,5396972,
GTM,1971,5538359,
GTM,1972,5682834,
GTM,1973,5831640,
GTM,1974,5981201,
GTM,1975,6128733,
GTM,1976,6262409,
GTM,1977,6401516,
GTM,1978,6561540,
GTM,1979,6727798,
GTM,1980,6900215,
GTM,1981,7075648,
GTM,1982,7240249,
GTM,1983,7419642,
GTM,1984,7630682,
GTM,1985,7849691,
GTM,1986,8070818,
GTM,1987,8296488,
GTM,1988,8532104,
GTM,1989,8775549,
GTM,1990,9024775,
GTM,1991,9272592,
GTM,1992,9522265,
GTM,1993,9779760,
GTM,1994,10043713,
GTM,1995,10312999,
GTM,1996,10583528,
GTM,1997,10857754,
GTM,1998,11139147,
GTM,1999,11422977,
GTM,2000,11697592,
GTM,2001,11969423,
GTM,2002,12246923,
GTM,2003,12525843,
GTM,2004,12807409,
GTM,2005,13087637,
GTM,2006,13367455,
GTM,2007,13652042,
GTM,2008,13935172,
GTM,2009,14215614,
GTM,2010,14500118,
GTM,2011,14792123,
GTM,2012,15089639,
GTM,2013,15387339,
GTM,2014,15681725,
GTM,2015,15971745,
GTM,2016,16268761,
GTM,2017,16567363,
GTM,2018,16845688,
GTM,2019,17103803,
GTM,2020,17357331,
GTM,2021,17598652,
GTM,2022,17847877,
GTM,2023,18124841,
GTM,2024,,18406366
GTM,2025,,18687881
GTM,2026,,18967983
GTM,2027,,19246014
GTM,2028,,19521509
GTM,2029,,19795175
GTM,2030,,20067261
GTM,2031,,20337375
GTM,2032,,20605394
GTM,2033,,20871093
GTM,2034,,21134176
GTM,2035,,21394241
GTM,2036,,21650339
GTM,2037,,21901965
GTM,2038,,22149207
GTM,2039,,22391089
GTM,2040,,22626869
GTM,2041,,22856770
GTM,2042,,23080849
GTM,2043,,23299237
GTM,2044,,23512016
GTM,2045,,23719090
GTM,2046,,23920461
GTM,2047,,24115745
GTM,2048,,24305651
GTM,2049,,24491011
GTM,2050,,24670861
GTM,2051,,24845338
GTM,2052,,25014900
GTM,2053,,25179260
GTM,2054,,25337524
GTM,2055,,25489384
GTM,2056,,25635335
GTM,2057,,25775504
GTM,2058,,25909359
GTM,2059,,26036445
GTM,2060,,26157017
GTM,2061,,26270890
GTM,2062,,26378119
GTM,2063,,26479305
GTM,2064,,26574157
GTM,2065,,26661733
GTM,2066,,26742215
GTM,2067,,26815798
GTM,2068,,26882206
GTM,2069,,26941117
GTM,2070,,26991952
GTM,2071,,27035518
GTM,2072,,27072266
GTM,2073,,27101815
GTM,2074,,27124191
GTM,2075,,27139988
GTM,2076,,27150051
GTM,2077,,27154263
GTM,2078,,27151928
GTM,2079,,27142803
GTM,2080,,27127635
GTM,2081,,27106936
GTM,2082,,27080323
GTM,2083,,27048315
GTM,2084,,27011404
GTM,2085,,26969560
GTM,2086,,26922659
GTM,2087,,26871044
GTM,2088,,26815801
GTM,2089,,26757267
GTM,2090,,26695109
GTM,2091,,26629101
GTM,2092,,26559546
GTM,2093,,26487011
GTM,2094,,26411864
GTM,2095,,26334170
GTM,2096,,26254115
GTM,2097,,26171581
GTM,2098,,26087013
GTM,2099,,26000596
GTM,2100,,25912090
GGY,1950,44969,
GGY,1951,45850,
GGY,1952,46117,
GGY,1953,46231,
GGY,1954,46335,
GGY,1955,46418,
GGY,1956,46517,
GGY,1957,46683,
GGY,1958,46843,
GGY,1959,47005,
GGY,1960,47191,
GGY,1961,47502,
GGY,1962,48016,
GGY,1963,48644,
GGY,1964,49312,
GGY,1965,49996,
GGY,1966,50676,
GGY,1967,51387,
GGY,1968,52137,
GGY,1969,52884,
GGY,1970,53658,
GGY,1971,54181,
GGY,1972,54307,
GGY,1973,54329,
GGY,1974,54351,
GGY,1975,54297,
GGY,1976,54218,
GGY,1977,54163,
GGY,1978,54110,
GGY,1979,54045,
GGY,1980,53956,
GGY,1981,54055,
GGY,1982,54374,
GGY,1983,54778,
GGY,1984,55238,
GGY,1985,55724,
GGY,1986,56265,
GGY,1987,56873,
GGY,1988,57523,
GGY,1989,58212,
GGY,1990,58921,
GGY,1991,59404,
GGY,1992,59534,
GGY,1993,59524,
GGY,1994,59487,
GGY,1995,59403,
GGY,1996,59415,
GGY,1997,59580,
GGY,1998,59802,
GGY,1999,60048,
GGY,2000,60295,
GGY,2001,60484,
GGY,2002,60611,
GGY,2003,60704,
GGY,2004,60806,
GGY,2005,60897,
GGY,2006,61015,
GGY,2007,61126,
GGY,2008,61255,
GGY,2009,61390,
GGY,2010,61539,
GGY,2011,61699,
GGY,2012,61881,
GGY,2013,62045,
GGY,2014,62188,
GGY,2015,62259,
GGY,2016,62216,
GGY,2017,62214,
GGY,2018,62458,
GGY,2019,62808,
GGY,2020,63128,
GGY,2021,63436,
GGY,2022,63750,
GGY,2023,64043,
GGY,2024,,64306
GGY,2025,,64498
GGY,2026,,64637
GGY,2027,,64726
GGY,2028,,64793
GGY,2029,,64831
GGY,2030,,64849
GGY,2031,,64849
GGY,2032,,64848
GGY,2033,,64832
GGY,2034,,64798
GGY,2035,,64753
GGY,2036,,64685
GGY,2037,,64609
GGY,2038,,64537
GGY,2039,,64450
GGY,2040,,64351
GGY,2041,,64246
GGY,2042,,64133
GGY,2043,,64004
GGY,2044,,63875
GGY,2045,,63729
GGY,2046,,63581
GGY,2047,,63424
GGY,2048,,63240
GGY,2049,,63035
GGY,2050,,62823
GGY,2051,,62601
GGY,2052,,62377
GGY,2053,,62147
GGY,2054,,61927
GGY,2055,,61701
GGY,2056,,61464
GGY,2057,,61237
GGY,2058,,60995
GGY,2059,,60746
GGY,2060,,60496
GGY,2061,,60260
GGY,2062,,60026
GGY,2063,,59800
GGY,2064,,59576
GGY,2065,,59330
GGY,2066,,59096
GGY,2067,,58870
GGY,2068,,58661
GGY,2069,,58454
GGY,2070,,58256
GGY,2071,,58063
GGY,2072,,57868
GGY,2073,,57676
GGY,2074,,57483
GGY,2075,,57291
GGY,2076,,57102
GGY,2077,,56927
GGY,2078,,56750
GGY,2079,,56565
GGY,2080,,56378
GGY,2081,,56201
GGY,2082,,56009
GGY,2083,,55826
GGY,2084,,55634
GGY,2085,,55448
GGY,2086,,55264
GGY,2087,,55083
GGY,2088,,54909
GGY,2089,,54741
GGY,2090,,54562
GGY,2091,,54399
GGY,2092,,54236
GGY,2093,,54076
GGY,2094,,53918
GGY,2095,,53752
GGY,2096,,53585
GGY,2097,,53418
GGY,2098,,53255
GGY,2099,,53090
GGY,2100,,52923
GIN,1950,3013177,
GIN,1951,3061981,
GIN,1952,3111689,
GIN,1953,3162520,
GIN,1954,3214564,
GIN,1955,3267862,
GIN,1956,3322503,
GIN,1957,3378657,
GIN,1958,3436437,
GIN,1959,3495776,
GIN,1960,3556756,
GIN,1961,3619554,
GIN,1962,3684278,
GIN,1963,3750961,
GIN,1964,3819729,
GIN,1965,3890724,
GIN,1966,3964159,
GIN,1967,4040156,
GIN,1968,4118553,
GIN,1969,4198302,
GIN,1970,4277540,
GIN,1971,4355205,
GIN,1972,4431293,
GIN,1973,4506326,
GIN,1974,4580513,
GIN,1975,4653877,
GIN,1976,4727031,
GIN,1977,4801129,
GIN,1978,4877853,
GIN,1979,4959287,
GIN,1980,5047423,
GIN,1981,5143296,
GIN,1982,5247672,
GIN,1983,5359815,
GIN,1984,5480098,
GIN,1985,5610369,
GIN,1986,5750669,
GIN,1987,5900199,
GIN,1988,6056575,
GIN,1989,6215816,
GIN,1990,6434383,
GIN,1991,6697167,
GIN,1992,6914370,
GIN,1993,7128174,
GIN,1994,7345106,
GIN,1995,7553252,
GIN,1996,7770035,
GIN,1997,7931371,
GIN,1998,8081993,
GIN,1999,8265121,
GIN,2000,8428837,
GIN,2001,8539963,
GIN,2002,8674072,
GIN,2003,8870790,
GIN,2004,9062724,
GIN,2005,9245844,
GIN,2006,9441174,
GIN,2007,9662278,
GIN,2008,9898870,
GIN,2009,10143540,
GIN,2010,10396090,
GIN,2011,10656812,
GIN,2012,10921580,
GIN,2013,11191874,
GIN,2014,11472921,
GIN,2015,11767077,
GIN,2016,12073031,
GIN,2017,12385668,
GIN,2018,12704776,
GIN,2019,13034349,
GIN,2020,13371185,
GIN,2021,13710515,
GIN,2022,14055136,
GIN,2023,14405469,
GIN,2024,,14754779
GIN,2025,,15099731
GIN,2026,,15441991
GIN,2027,,15784096
GIN,2028,,16126575
GIN,2029,,16466759
GIN,2030,,16807148
GIN,2031,,17147638
GIN,2032,,17485894
GIN,2033,,17822207
GIN,2034,,18154411
GIN,2035,,18486019
GIN,2036,,18820864
GIN,2037,,19155756
GIN,2038,,19489365
GIN,2039,,19823859
GIN,2040,,20160744
GIN,2041,,20497033
GIN,2042,,20830653
GIN,2043,,21163499
GIN,2044,,21492051
GIN,2045,,21817247
GIN,2046,,22141687
GIN,2047,,22463115
GIN,2048,,22780054
GIN,2049,,23092611
GIN,2050,,23404593
GIN,2051,,23715932
GIN,2052,,24024290
GIN,2053,,24331764
GIN,2054,,24634043
GIN,2055,,24929832
GIN,2056,,25221692
GIN,2057,,25506954
GIN,2058,,25788339
GIN,2059,,26064812
GIN,2060,,26331821
GIN,2061,,26593087
GIN,2062,,26851422
GIN,2063,,27105407
GIN,2064,,27352393
GIN,2065,,27591500
GIN,2066,,27825622
GIN,2067,,28054756
GIN,2068,,28277331
GIN,2069,,28493739
GIN,2070,,28702816
GIN,2071,,28905305
GIN,2072,,29101030
GIN,2073,,29289082
GIN,2074,,29471574
GIN,2075,,29650855
GIN,2076,,29823862
GIN,2077,,29986523
GIN,2078,,30142676
GIN,2079,,30295883
GIN,2080,,30441885
GIN,2081,,30582997
GIN,2082,,30719063
GIN,2083,,30847389
GIN,2084,,30969912
GIN,2085,,31086361
GIN,2086,,31194417
GIN,2087,,31289848
GIN,2088,,31378756
GIN,2089,,31462981
GIN,2090,,31539455
GIN,2091,,31607977
GIN,2092,,31672851
GIN,2093,,31734353
GIN,2094,,31789052
GIN,2095,,31835991
GIN,2096,,31877189
GIN,2097,,31915983
GIN,2098,,31951328
GIN,2099,,31982066
GIN,2100,,32007045
GNB,1950,543632,
GNB,1951,549745,
GNB,1952,553920,
GNB,1953,557634,
GNB,1954,560983,
GNB,1955,564074,
GNB,1956,566981,
GNB,1957,569752,
GNB,1958,572426,
GNB,1959,575035,
GNB,1960,577634,
GNB,1961,582546,
GNB,1962,589479,
GNB,1963,594426,
GNB,1964,588550,
GNB,1965,575012,
GNB,1966,566915,
GNB,1967,569016,
GNB,1968,578180,
GNB,1969,581625,
GNB,1970,584409,
GNB,1971,586230,
GNB,1972,586632,
GNB,1973,592815,
GNB,1974,613346,
GNB,1975,650972,
GNB,1976,694194,
GNB,1977,741796,
GNB,1978,791693,
GNB,1979,819878,
GNB,1980,829314,
GNB,1981,842436,
GNB,1982,855899,
GNB,1983,869596,
GNB,1984,883528,
GNB,1985,897707,
GNB,1986,912129,
GNB,1987,926872,
GNB,1988,942065,
GNB,1989,957792,
GNB,1990,973678,
GNB,1991,994640,
GNB,1992,1024365,
GNB,1993,1058755,
GNB,1994,1092037,
GNB,1995,1119950,
GNB,1996,1143544,
GNB,1997,1165550,
GNB,1998,1187478,
GNB,1999,1210211,
GNB,2000,1234747,
GNB,2001,1261281,
GNB,2002,1289317,
GNB,2003,1318809,
GNB,2004,1349569,
GNB,2005,1381590,
GNB,2006,1415315,
GNB,2007,1450989,
GNB,2008,1488059,
GNB,2009,1526384,
GNB,2010,1566352,
GNB,2011,1608084,
GNB,2012,1651425,
GNB,2013,1695980,
GNB,2014,1741126,
GNB,2015,1786461,
GNB,2016,1831898,
GNB,2017,1877074,
GNB,2018,1922167,
GNB,2019,1967704,
GNB,2020,2013259,
GNB,2021,2058841,
GNB,2022,2105535,
GNB,2023,2153343,
GNB,2024,,2201360
GNB,2025,,2249521
GNB,2026,,2297814
GNB,2027,,2346199
GNB,2028,,2394234
GNB,2029,,2441582
GNB,2030,,2488941
GNB,2031,,2536903
GNB,2032,,2585575
GNB,2033,,2634709
GNB,2034,,2683086
GNB,2035,,2730145
GNB,2036,,2777897
GNB,2037,,2826168
GNB,2038,,2873938
GNB,2039,,2921982
GNB,2040,,2969708
GNB,2041,,3016547
GNB,2042,,3063173
GNB,2043,,3109939
GNB,2044,,3156715
GNB,2045,,3204251
GNB,2046,,3251475
GNB,2047,,3298572
GNB,2048,,3345864
GNB,2049,,3392570
GNB,2050,,3438608
GNB,2051,,3483361
GNB,2052,,3526641
GNB,2053,,3568020
GNB,2054,,3609520
GNB,2055,,3650917
GNB,2056,,3690439
GNB,2057,,3729323
GNB,2058,,3768462
GNB,2059,,3807307
GNB,2060,,3844368
GNB,2061,,3880720
GNB,2062,,3917387
GNB,2063,,3953078
GNB,2064,,3987776
GNB,2065,,4021997
GNB,2066,,4054511
GNB,2067,,4085423
GNB,2068,,4116215
GNB,2069,,4146294
GNB,2070,,4175013
GNB,2071,,4203013
GNB,2072,,4230797
GNB,2073,,4258340
GNB,2074,,4284631
GNB,2075,,4310606
GNB,2076,,4336157
GNB,2077,,4360024
GNB,2078,,4382399
GNB,2079,,4403527
GNB,2080,,4423682
GNB,2081,,4441576
GNB,2082,,4457884
GNB,2083,,4473730
GNB,2084,,4489785
GNB,2085,,4505907
GNB,2086,,4521426
GNB,2087,,4535929
GNB,2088,,4548997
GNB,2089,,4561190
GNB,2090,,4572871
GNB,2091,,4584147
GNB,2092,,4595709
GNB,2093,,4607341
GNB,2094,,4618632
GNB,2095,,4628440
GNB,2096,,4636975
GNB,2097,,4645204
GNB,2098,,4652246
GNB,2099,,4658941
GNB,2100,,4665487
GUY,1950,418045,
GUY,1951,429112,
GUY,1952,441249,
GUY,1953,454563,
GUY,1954,468986,
GUY,1955,484374,
GUY,1956,500583,
GUY,1957,517510,
GUY,1958,535076,
GUY,1959,553074,
GUY,1960,569156,
GUY,1961,582581,
GUY,1962,595468,
GUY,1963,608542,
GUY,1964,621774,
GUY,1965,635135,
GUY,1966,648654,
GUY,1967,662316,
GUY,1968,676171,
GUY,1969,690229,
GUY,1970,702714,
GUY,1971,712672,
GUY,1972,721630,
GUY,1973,730149,
GUY,1974,738063,
GUY,1975,745407,
GUY,1976,752258,
GUY,1977,758659,
GUY,1978,764594,
GUY,1979,770067,
GUY,1980,774372,
GUY,1981,776461,
GUY,1982,776718,
GUY,1983,775897,
GUY,1984,774119,
GUY,1985,771484,
GUY,1986,768104,
GUY,1987,764125,
GUY,1988,759674,
GUY,1989,754873,
GUY,1990,749891,
GUY,1991,747870,
GUY,1992,749919,
GUY,1993,752969,
GUY,1994,755821,
GUY,1995,758395,
GUY,1996,760535,
GUY,1997,762250,
GUY,1998,763596,
GUY,1999,764490,
GUY,2000,764836,
GUY,2001,764484,
GUY,2002,763657,
GUY,2003,763107,
GUY,2004,762424,
GUY,2005,760922,
GUY,2006,758976,
GUY,2007,756874,
GUY,2008,754614,
GUY,2009,752097,
GUY,2010,749259,
GUY,2011,746161,
GUY,2012,746296,
GUY,2013,750020,
GUY,2014,754231,
GUY,2015,758783,
GUY,2016,763553,
GUY,2017,768483,
GUY,2018,791563,
GUY,2019,807668,
GUY,2020,807486,
GUY,2021,815484,
GUY,2022,821638,
GUY,2023,826357,
GUY,2024,,831092
GUY,2025,,835991
GUY,2026,,840888
GUY,2027,,846026
GUY,2028,,851166
GUY,2029,,856046
GUY,2030,,861045
GUY,2031,,866087
GUY,2032,,871245
GUY,2033,,876351
GUY,2034,,881230
GUY,2035,,885941
GUY,2036,,890327
GUY,2037,,894656
GUY,2038,,899029
GUY,2039,,903323
GUY,2040,,907514
GUY,2041,,911731
GUY,2042,,915819
GUY,2043,,919582
GUY,2044,,923129
GUY,2045,,926363
GUY,2046,,929485
GUY,2047,,932491
GUY,2048,,935337
GUY,2049,,938070
GUY,2050,,940608
GUY,2051,,942752
GUY,2052,,944713
GUY,2053,,946875
GUY,2054,,948839
GUY,2055,,950376
GUY,2056,,951561
GUY,2057,,952728
GUY,2058,,954039
GUY,2059,,955443
GUY,2060,,956829
GUY,2061,,957922
GUY,2062,,958833
GUY,2063,,959503
GUY,2064,,959855
GUY,2065,,960044
GUY,2066,,960175
GUY,2067,,960225
GUY,2068,,960149
GUY,2069,,959743
GUY,2070,,959127
GUY,2071,,958436
GUY,2072,,957457
GUY,2073,,956299
GUY,2074,,955187
GUY,2075,,954061
GUY,2076,,952732
GUY,2077,,951252
GUY,2078,,949618
GUY,2079,,947850
GUY,2080,,945883
GUY,2081,,943904
GUY,2082,,941843
GUY,2083,,939707
GUY,2084,,937529
GUY,2085,,935040
GUY,2086,,932345
GUY,2087,,929691
GUY,2088,,927012
GUY,2089,,924142
GUY,2090,,921256
GUY,2091,,918471
GUY,2092,,915556
GUY,2093,,912530
GUY,2094,,909395
GUY,2095,,906162
GUY,2096,,902882
GUY,2097,,899643
GUY,2098,,896253
GUY,2099,,892602
GUY,2100,,888954
HTI,1950,3265716,
HTI,1951,3314920,
HTI,1952,3366271,
HTI,1953,3419842,
HTI,1954,3475540,
HTI,1955,3533747,
HTI,1956,3594808,
HTI,1957,3657822,
HTI,1958,3722713,
HTI,1959,3789692,
HTI,1960,3858447,
HTI,1961,3929036,
HTI,1962,4001578,
HTI,1963,4073068,
HTI,1964,4146245,
HTI,1965,4223822,
HTI,1966,4302647,
HTI,1967,4383003,
HTI,1968,4465327,
HTI,1969,4549340,
HTI,1970,4635126,
HTI,1971,4723251,
HTI,1972,4813866,
HTI,1973,4906746,
HTI,1974,5001803,
HTI,1975,5099095,
HTI,1976,5198354,
HTI,1977,5299480,
HTI,1978,5402580,
HTI,1979,5507590,
HTI,1980,5614494,
HTI,1981,5723727,
HTI,1982,5835939,
HTI,1983,5951101,
HTI,1984,6069238,
HTI,1985,6190868,
HTI,1986,6316123,
HTI,1987,6445125,
HTI,1988,6578150,
HTI,1989,6714732,
HTI,1990,6854444,
HTI,1991,6995455,
HTI,1992,7136577,
HTI,1993,7278182,
HTI,1994,7419776,
HTI,1995,7562551,
HTI,1996,7707560,
HTI,1997,7854304,
HTI,1998,8002144,
HTI,1999,8151301,
HTI,2000,8303151,
HTI,2001,8455917,
HTI,2002,8607648,
HTI,2003,8759913,
HTI,2004,8910267,
HTI,2005,9061274,
HTI,2006,9216569,
HTI,2007,9373300,
HTI,2008,9530782,
HTI,2009,9689585,
HTI,2010,9803299,
HTI,2011,9914904,
HTI,2012,10069770,
HTI,2013,10222365,
HTI,2014,10373241,
HTI,2015,10523249,
HTI,2016,10671462,
HTI,2017,10817759,
HTI,2018,10962373,
HTI,2019,11105165,
HTI,2020,11243846,
HTI,2021,11374592,
HTI,2022,11503603,
HTI,2023,11637402,
HTI,2024,,11772562
HTI,2025,,11906094
HTI,2026,,12037515
HTI,2027,,12167804
HTI,2028,,12297297
HTI,2029,,12425439
HTI,2030,,12552361
HTI,2031,,12677988
HTI,2032,,12802218
HTI,2033,,12924883
HTI,2034,,13045812
HTI,2035,,13165002
HTI,2036,,13282410
HTI,2037,,13398067
HTI,2038,,13512130
HTI,2039,,13624114
HTI,2040,,13733843
HTI,2041,,13841983
HTI,2042,,13948326
HTI,2043,,14052358
HTI,2044,,14153893
HTI,2045,,14252972
HTI,2046,,14349607
HTI,2047,,14443733
HTI,2048,,14535453
HTI,2049,,14624494
HTI,2050,,14710871
HTI,2051,,14794286
HTI,2052,,14873920
HTI,2053,,14949747
HTI,2054,,15021783
HTI,2055,,15090005
HTI,2056,,15154485
HTI,2057,,15215633
HTI,2058,,15273632
HTI,2059,,15327879
HTI,2060,,15378031
HTI,2061,,15424361
HTI,2062,,15467167
HTI,2063,,15506559
HTI,2064,,15542414
HTI,2065,,15574607
HTI,2066,,15603536
HTI,2067,,15629321
HTI,2068,,15651617
HTI,2069,,15670593
HTI,2070,,15686330
HTI,2071,,15699181
HTI,2072,,15709436
HTI,2073,,15716862
HTI,2074,,15721625
HTI,2075,,15723923
HTI,2076,,15723966
HTI,2077,,15721777
HTI,2078,,15717077
HTI,2079,,15710200
HTI,2080,,15701122
HTI,2081,,15689716
HTI,2082,,15676360
HTI,2083,,15661230
HTI,2084,,15644121
HTI,2085,,15624937
HTI,2086,,15603800
HTI,2087,,15580885
HTI,2088,,15556346
HTI,2089,,15529959
HTI,2090,,15502019
HTI,2091,,15472810
HTI,2092,,15442187
HTI,2093,,15410221
HTI,2094,,15377070
HTI,2095,,15342608
HTI,2096,,15306767
HTI,2097,,15269603
HTI,2098,,15231298
HTI,2099,,15191822
HTI,2100,,15151089
,1950,692711431,
,1951,700623675,
,1952,708716902,
,1953,717304261,
,1954,726124752,
,1955,735073313,
,1956,744048990,
,1957,753254089,
,1958,762789206,
,1959,772471862,
,1960,782236784,
,1961,791968956,
,1962,801664774,
,1963,811255645,
,1964,821495475,
,1965,831811245,
,1966,841155571,
,1967,849524522,
,1968,857986037,
,1969,867236896,
,1970,876449242,
,1971,885949676,
,1972,895431161,
,1973,904291169,
,1974,912705443,
,1975,920485040,
,1976,927867085,
,1977,935281713,
,1978,942637134,
,1979,950084821,
,1980,957870126,
,1981,965477507,
,1982,972586020,
,1983,979396833,
,1984,985985143,
,1985,992559423,
,1986,999312486,
,1987,1006224559,
,1988,1013379300,
,1989,1020861879,
,1990,1028284456,
,1991,1036169646,
,1992,1044505522,
,1993,1052086400,
,1994,1059188926,
,1995,1065736169,
,1996,1071920126,
,1997,1078237697,
,1998,1084071428,
,1999,1090028852,
,2000,1096764301,
,2001,1103946187,
,2002,1111450255,
,2003,1119083316,
,2004,1126798828,
,2005,1134613531,
,2006,1142539576,
,2007,1151382222,
,2008,1160658980,
,2009,1169055739,
,2010,1176862153,
,2011,1184863412,
,2012,1192847648,
,2013,1200506756,
,2014,1208317570,
,2015,1216633405,
,2016,1224780418,
,2017,1231575713,
,2018,1237400292,
,2019,1243293722,
,2020,1246978172,
,2021,1248780609,
,2022,1254316691,
,2023,1261155607,
,2024,,1265183129
,2025,,1267864239
,2026,,1270293036
,2027,,1272840230
,2028,,1275150288
,2029,,1277214852
,2030,,1279045228
,2031,,1280692586
,2032,,1282216308
,2033,,1283640514
,2034,,1284971786
,2035,,1286179963
,2036,,1287253140
,2037,,1288244762
,2038,,1289150493
,2039,,1289936128
,2040,,1290598755
,2041,,1291162984
,2042,,1291656198
,2043,,1292041326
,2044,,1292271722
,2045,,1292361141
,2046,,1292316871
,2047,,1292123616
,2048,,1291798637
,2049,,1291331354
,2050,,1290739273
,2051,,1290052093
,2052,,1289237484
,2053,,1288283832
,2054,,1287185322
,2055,,1285949740
,2056,,1284613449
,2057,,1283238679
,2058,,1281869093
,2059,,1280462099
,2060,,1278995465
,2061,,1277544734
,2062,,1276137613
,2063,,1274772828
,2064,,1273419752
,2065,,1272082777
,2066,,1270824401
,2067,,1269659308
,2068,,1268546962
,2069,,1267489469
,2070,,1266481777
,2071,,1265527375
,2072,,1264610686
,2073,,1263700602
,2074,,1262827293
,2075,,1262053700
,2076,,1261365432
,2077,,1260670456
,2078,,1260010731
,2079,,1259379384
,2080,,1258751512
,2081,,1258227987
,2082,,1257757144
,2083,,1257277279
,2084,,1256820751
,2085,,1256336606
,2086,,1255875536
,2087,,1255484756
,2088,,1255183258
,2089,,1254911898
,2090,,1254608446
,2091,,1254360474
,2092,,1254173131
,2093,,1253999581
,2094,,1253831162
,2095,,1253649690
,2096,,1253431666
,2097,,1253207143
,2098,,1252972525
,2099,,1252697677
,2100,,1252363673
HND,1950,1558941,
HND,1951,1601493,
HND,1952,1645832,
HND,1953,1691967,
HND,1954,1739823,
HND,1955,1789399,
HND,1956,1840670,
HND,1957,1893583,
HND,1958,1948157,
HND,1959,2004321,
HND,1960,2062067,
HND,1961,2121245,
HND,1962,2182064,
HND,1963,2244884,
HND,1964,2309861,
HND,1965,2377163,
HND,1966,2446752,
HND,1967,2518650,
HND,1968,2593057,
HND,1969,2670286,
HND,1970,2750721,
HND,1971,2834624,
HND,1972,2922075,
HND,1973,3011471,
HND,1974,3099844,
HND,1975,3193239,
HND,1976,3294460,
HND,1977,3398659,
HND,1978,3505466,
HND,1979,3614990,
HND,1980,3727179,
HND,1981,3841781,
HND,1982,3958735,
HND,1983,4078177,
HND,1984,4199855,
HND,1985,4323338,
HND,1986,4448905,
HND,1987,4576911,
HND,1988,4707683,
HND,1989,4841843,
HND,1990,4980493,
HND,1991,5123797,
HND,1992,5271437,
HND,1993,5423253,
HND,1994,5579247,
HND,1995,5739636,
HND,1996,5903962,
HND,1997,6071458,
HND,1998,6234436,
HND,1999,6400470,
HND,2000,6577781,
HND,2001,6757992,
HND,2002,6938866,
HND,2003,7119213,
HND,2004,7299003,
HND,2005,7478362,
HND,2006,7656832,
HND,2007,7834806,
HND,2008,8012590,
HND,2009,8189904,
HND,2010,8365881,
HND,2011,8540587,
HND,2012,8715081,
HND,2013,8889276,
HND,2014,9063127,
HND,2015,9237306,
HND,2016,9412380,
HND,2017,9588144,
HND,2018,9765209,
HND,2019,9943637,
HND,2020,10119638,
HND,2021,10289881,
HND,2022,10463880,
HND,2023,10644853,
HND,2024,,10825704
HND,2025,,11005852
HND,2026,,11184761
HND,2027,,11362227
HND,2028,,11538367
HND,2029,,11712885
HND,2030,,11885321
HND,2031,,12055535
HND,2032,,12223562
HND,2033,,12389377
HND,2034,,12552873
HND,2035,,12714116
HND,2036,,12873078
HND,2037,,13029499
HND,2038,,13183527
HND,2039,,13335257
HND,2040,,13484652
HND,2041,,13631910
HND,2042,,13776957
HND,2043,,13919667
HND,2044,,14060019
HND,2045,,14197952
HND,2046,,14333295
HND,2047,,14465845
HND,2048,,14595536
HND,2049,,14722488
HND,2050,,14846781
HND,2051,,14968241
HND,2052,,15086705
HND,2053,,15202189
HND,2054,,15314600
HND,2055,,15423742
HND,2056,,15529481
HND,2057,,15631600
HND,2058,,15730279
HND,2059,,15825600
HND,2060,,15917457
HND,2061,,16005834
HND,2062,,16090473
HND,2063,,16171495
HND,2064,,16249068
HND,2065,,16323005
HND,2066,,16393353
HND,2067,,16460212
HND,2068,,16523566
HND,2069,,16583530
HND,2070,,16640170
HND,2071,,16693509
HND,2072,,16743510
HND,2073,,16790104
HND,2074,,16833370
HND,2075,,16873439
HND,2076,,16910302
HND,2077,,16944105
HND,2078,,16974897
HND,2079,,17002636
HND,2080,,17027466
HND,2081,,17049575
HND,2082,,17069033
HND,2083,,17085892
HND,2084,,17100223
HND,2085,,17111997
HND,2086,,17121283
HND,2087,,17128228
HND,2088,,17132926
HND,2089,,17135408
HND,2090,,17135600
HND,2091,,17133530
HND,2092,,17129384
HND,2093,,17123099
HND,2094,,17114857
HND,2095,,17104840
HND,2096,,17093104
HND,2097,,17079966
HND,2098,,17065150
HND,2099,,17048396
HND,2100,,17029975
HKG,1950,1978347,
HKG,1951,2069492,
HKG,1952,2164804,
HKG,1953,2264328,
HKG,1954,2368614,
HKG,1955,2478199,
HKG,1956,2594259,
HKG,1957,2717187,
HKG,1958,2845505,
HKG,1959,2974551,
HKG,1960,3094853,
HKG,1961,3076660,
HKG,1962,2889091,
HKG,1963,2662600,
HKG,1964,3136041,
HKG,1965,3855425,
HKG,1966,4015304,
HKG,1967,3474133,
HKG,1968,3065330,
HKG,1969,3395527,
HKG,1970,3739916,
HKG,1971,3989231,
HKG,1972,4117125,
HKG,1973,4223248,
HKG,1974,4330727,
HKG,1975,4438382,
HKG,1976,4545134,
HKG,1977,4650487,
HKG,1978,4754069,
HKG,1979,4857668,
HKG,1980,4962488,
HKG,1981,5060960,
HKG,1982,5150097,
HKG,1983,5235115,
HKG,1984,5315980,
HKG,1985,5393122,
HKG,1986,5451437,
HKG,1987,5486376,
HKG,1988,5514904,
HKG,1989,5540576,
HKG,1990,5560599,
HKG,1991,5628091,
HKG,1992,5759558,
HKG,1993,5902506,
HKG,1994,6042259,
HKG,1995,6177105,
HKG,1996,6302469,
HKG,1997,6416674,
HKG,1998,6521331,
HKG,1999,6616524,
HKG,2000,6704665,
HKG,2001,6774243,
HKG,2002,6821412,
HKG,2003,6858906,
HKG,2004,6888164,
HKG,2005,6908483,
HKG,2006,6931089,
HKG,2007,6971344,
HKG,2008,7020689,
HKG,2009,7064464,
HKG,2010,7101614,
HKG,2011,7142969,
HKG,2012,7201059,
HKG,2013,7264330,
HKG,2014,7319502,
HKG,2015,7366411,
HKG,2016,7408006,
HKG,2017,7444889,
HKG,2018,7471190,
HKG,2019,7485817,
HKG,2020,7490240,
HKG,2021,7484604,
HKG,2022,7465913,
HKG,2023,7442738,
HKG,2024,,7414914
HKG,2025,,7396075
HKG,2026,,7378600
HKG,2027,,7355038
HKG,2028,,7324895
HKG,2029,,7286614
HKG,2030,,7252646
HKG,2031,,7211727
HKG,2032,,7172172
HKG,2033,,7135055
HKG,2034,,7099985
HKG,2035,,7051630
HKG,2036,,6993043
HKG,2037,,6953129
HKG,2038,,6907317
HKG,2039,,6861299
HKG,2040,,6816565
HKG,2041,,6754836
HKG,2042,,6687103
HKG,2043,,6622819
HKG,2044,,6564103
HKG,2045,,6498691
HKG,2046,,6427938
HKG,2047,,6342742
HKG,2048,,6255876
HKG,2049,,6174431
HKG,2050,,6090616
HKG,2051,,6005231
HKG,2052,,5916805
HKG,2053,,5831464
HKG,2054,,5747057
HKG,2055,,5660107
HKG,2056,,5569448
HKG,2057,,5476516
HKG,2058,,5382088
HKG,2059,,5289482
HKG,2060,,5199359
HKG,2061,,5107877
HKG,2062,,5021442
HKG,2063,,4941779
HKG,2064,,4857560
HKG,2065,,4767797
HKG,2066,,4678692
HKG,2067,,4588711
HKG,2068,,4498307
HKG,2069,,4411923
HKG,2070,,4325088
HKG,2071,,4237279
HKG,2072,,4149423
HKG,2073,,4059298
HKG,2074,,3969842
HKG,2075,,3881300
HKG,2076,,3793368
HKG,2077,,3701962
HKG,2078,,3614337
HKG,2079,,3532111
HKG,2080,,3448211
HKG,2081,,3368577
HKG,2082,,3292623
HKG,2083,,3214879
HKG,2084,,3133444
HKG,2085,,3050957
HKG,2086,,2970661
HKG,2087,,2892953
HKG,2088,,2819213
HKG,2089,,2747342
HKG,2090,,2675400
HKG,2091,,2606647
HKG,2092,,2543049
HKG,2093,,2481783
HKG,2094,,2418042
HKG,2095,,2355373
HKG,2096,,2296537
HKG,2097,,2238966
HKG,2098,,2184778
HKG,2099,,2132696
HKG,2100,,2080294
HUN,1950,9337883,
HUN,1951,9423178,
HUN,1952,9503933,
HUN,1953,9594481,
HUN,1954,9704596,
HUN,1955,9823216,
HUN,1956,9853996,
HUN,1957,9837926,
HUN,1958,9880680,
HUN,1959,9936845,
HUN,1960,9983383,
HUN,1961,10026515,
HUN,1962,10058067,
HUN,1963,10083843,
HUN,1964,10114375,
HUN,1965,10141118,
HUN,1966,10170409,
HUN,1967,10206812,
HUN,1968,10244548,
HUN,1969,10281595,
HUN,1970,10315142,
HUN,1971,10343972,
HUN,1972,10374303,
HUN,1973,10407441,
HUN,1974,10453918,
HUN,1975,10515654,
HUN,1976,10573770,
HUN,1977,10623145,
HUN,1978,10660190,
HUN,1979,10688259,
HUN,1980,10695372,
HUN,1981,10679329,
HUN,1982,10656109,
HUN,1983,10622989,
HUN,1984,10584329,
HUN,1985,10547258,
HUN,1986,10511099,
HUN,1987,10475103,
HUN,1988,10440534,
HUN,1989,10403421,
HUN,1990,10381280,
HUN,1991,10378174,
HUN,1992,10371477,
HUN,1993,10356869,
HUN,1994,10339936,
HUN,1995,10322792,
HUN,1996,10302238,
HUN,1997,10278600,
HUN,1998,10251717,
HUN,1999,10219797,
HUN,2000,10190598,
HUN,2001,10166693,
HUN,2002,10138461,
HUN,2003,10108970,
HUN,2004,10085788,
HUN,2005,10065703,
HUN,2006,10049946,
HUN,2007,10034084,
HUN,2008,10016653,
HUN,2009,10001381,
HUN,2010,9979128,
HUN,2011,9946675,
HUN,2012,9916621,
HUN,2013,9889344,
HUN,2014,9862843,
HUN,2015,9839211,
HUN,2016,9810529,
HUN,2017,9785608,
HUN,2018,9774395,
HUN,2019,9770346,
HUN,2020,9749459,
HUN,2021,9707848,
HUN,2022,9684308,
HUN,2023,9686465,
HUN,2024,,9676135
HUN,2025,,9632286
HUN,2026,,9585819
HUN,2027,,9553242
HUN,2028,,9519891
HUN,2029,,9485110
HUN,2030,,9449118
HUN,2031,,9412410
HUN,2032,,9375019
HUN,2033,,9337098
HUN,2034,,9298725
HUN,2035,,9259903
HUN,2036,,9221117
HUN,2037,,9182269
HUN,2038,,9143648
HUN,2039,,9105452
HUN,2040,,9067620
HUN,2041,,9030578
HUN,2042,,8994159
HUN,2043,,8958564
HUN,2044,,8923743
HUN,2045,,8889219
HUN,2046,,8855138
HUN,2047,,8821754
HUN,2048,,8789133
HUN,2049,,8757030
HUN,2050,,8725349
HUN,2051,,8693972
HUN,2052,,8662648
HUN,2053,,8631347
HUN,2054,,8599599
HUN,2055,,8567292
HUN,2056,,8534340
HUN,2057,,8500952
HUN,2058,,8467490
HUN,2059,,8433033
HUN,2060,,8397580
HUN,2061,,8361842
HUN,2062,,8325672
HUN,2063,,8289215
HUN,2064,,8252256
HUN,2065,,8215195
HUN,2066,,8179076
HUN,2067,,8143843
HUN,2068,,8109144
HUN,2069,,8075225
HUN,2070,,8042276
HUN,2071,,8010392
HUN,2072,,7979868
HUN,2073,,7950789
HUN,2074,,7923082
HUN,2075,,7896832
HUN,2076,,7872087
HUN,2077,,7848706
HUN,2078,,7826640
HUN,2079,,7805378
HUN,2080,,7784772
HUN,2081,,7765076
HUN,2082,,7746134
HUN,2083,,7728002
HUN,2084,,7710704
HUN,2085,,7693491
HUN,2086,,7676147
HUN,2087,,7659357
HUN,2088,,7643382
HUN,2089,,7627609
HUN,2090,,7612094
HUN,2091,,7597025
HUN,2092,,7582218
HUN,2093,,7567303
HUN,2094,,7552181
HUN,2095,,7537199
HUN,2096,,7522326
HUN,2097,,7507564
HUN,2098,,7492513
HUN,2099,,7476779
HUN,2100,,7460740
ISL,1950,142684,
ISL,1951,145432,
ISL,1952,147778,
ISL,1953,150750,
ISL,1954,154272,
ISL,1955,157751,
ISL,1956,161091,
ISL,1957,164767,
ISL,1958,168490,
ISL,1959,172008,
ISL,1960,175572,
ISL,1961,179014,
ISL,1962,182360,
ISL,1963,185658,
ISL,1964,189043,
ISL,1965,192344,
ISL,1966,195604,
ISL,1967,198796,
ISL,1968,201519,
ISL,1969,203383,
ISL,1970,204489,
ISL,1971,206171,
ISL,1972,209209,
ISL,1973,212385,
ISL,1974,215273,
ISL,1975,218029,
ISL,1976,220196,
ISL,1977,221842,
ISL,1978,223580,
ISL,1979,225765,
ISL,1980,228147,
ISL,1981,230754,
ISL,1982,233852,
ISL,1983,236968,
ISL,1984,239513,
ISL,1985,241414,
ISL,1986,243195,
ISL,1987,245864,
ISL,1988,249734,
ISL,1989,252861,
ISL,1990,254842,
ISL,1991,257817,
ISL,1992,261087,
ISL,1993,263760,
ISL,1994,266063,
ISL,1995,267516,
ISL,1996,268967,
ISL,1997,271194,
ISL,1998,274121,
ISL,1999,277450,
ISL,2000,281293,
ISL,2001,285058,
ISL,2002,287609,
ISL,2003,289616,
ISL,2004,292172,
ISL,2005,296852,
ISL,2006,303883,
ISL,2007,311662,
ISL,2008,317519,
ISL,2009,318619,
ISL,2010,318163,
ISL,2011,319139,
ISL,2012,320851,
ISL,2013,323891,
ISL,2014,327517,
ISL,2015,330962,
ISL,2016,335571,
ISL,2017,343537,
ISL,2018,352860,
ISL,2019,360709,
ISL,2020,366626,
ISL,2021,372647,
ISL,2022,380368,
ISL,2023,387559,
ISL,2024,,393404
ISL,2025,,398270
ISL,2026,,402332
ISL,2027,,405846
ISL,2028,,409039
ISL,2029,,411860
ISL,2030,,414356
ISL,2031,,416611
ISL,2032,,418620
ISL,2033,,420431
ISL,2034,,422060
ISL,2035,,423581
ISL,2036,,425026
ISL,2037,,426322
ISL,2038,,427493
ISL,2039,,428546
ISL,2040,,429455
ISL,2041,,430231
ISL,2042,,430925
ISL,2043,,431591
ISL,2044,,432148
ISL,2045,,432493
ISL,2046,,432702
ISL,2047,,432854
ISL,2048,,432950
ISL,2049,,432999
ISL,2050,,432997
ISL,2051,,432987
ISL,2052,,432897
ISL,2053,,432699
ISL,2054,,432501
ISL,2055,,432184
ISL,2056,,431757
ISL,2057,,431243
ISL,2058,,430674
ISL,2059,,430070
ISL,2060,,429368
ISL,2061,,428623
ISL,2062,,427796
ISL,2063,,426892
ISL,2064,,425999
ISL,2065,,425041
ISL,2066,,424009
ISL,2067,,422907
ISL,2068,,421793
ISL,2069,,420666
ISL,2070,,419434
ISL,2071,,418105
ISL,2072,,416670
ISL,2073,,415207
ISL,2074,,413768
ISL,2075,,412221
ISL,2076,,410557
ISL,2077,,408724
ISL,2078,,406804
ISL,2079,,404869
ISL,2080,,402855
ISL,2081,,400800
ISL,2082,,398779
ISL,2083,,396750
ISL,2084,,394677
ISL,2085,,392570
ISL,2086,,390444
ISL,2087,,388299
ISL,2088,,386091
ISL,2089,,383975
ISL,2090,,381943
ISL,2091,,379879
ISL,2092,,377757
ISL,2093,,375704
ISL,2094,,373751
ISL,2095,,371832
ISL,2096,,369919
ISL,2097,,368042
ISL,2098,,366205
ISL,2099,,364400
ISL,2100,,362584
IND,1950,346278818,
IND,1951,353870058,
IND,1952,361874906,
IND,1953,370104570,
IND,1954,378687141,
IND,1955,387700892,
IND,1956,396988905,
IND,1957,406253895,
IND,1958,415777436,
IND,1959,425780669,
IND,1960,435990342,
IND,1961,446564731,
IND,1962,457283091,
IND,1963,468138576,
IND,1964,479229599,
IND,1965,490140142,
IND,1966,500740250,
IND,1967,511606377,
IND,1968,522716893,
IND,1969,533880545,
IND,1970,545864271,
IND,1971,558096385,
IND,1972,570482138,
IND,1973,583465599,
IND,1974,597041391,
IND,1975,611309536,
IND,1976,625861887,
IND,1977,640801106,
IND,1978,655728226,
IND,1979,671155746,
IND,1980,687354029,
IND,1981,703696251,
IND,1982,720313473,
IND,1983,737372683,
IND,1984,754875449,
IND,1985,772647800,
IND,1986,790689977,
IND,1987,808931268,
IND,1988,827342994,
IND,1989,846039528,
IND,1990,864972221,
IND,1991,883927605,
IND,1992,902957075,
IND,1993,922118380,
IND,1994,941163772,
IND,1995,960301046,
IND,1996,979678460,
IND,1997,999133764,
IND,1998,1018665080,
IND,1999,1038225822,
IND,2000,1057922731,
IND,2001,1077898579,
IND,2002,1097600380,
IND,2003,1116803000,
IND,2004,1135991509,
IND,2005,1154676321,
IND,2006,1172878888,
IND,2007,1190676028,
IND,2008,1207930960,
IND,2009,1225524764,
IND,2010,1243481565,
IND,2011,1261224956,
IND,2012,1278674501,
IND,2013,1295829507,
IND,2014,1312277184,
IND,2015,1328024494,
IND,2016,1343944296,
IND,2017,1359657398,
IND,2018,1374659067,
IND,2019,1389030307,
IND,2020,1402617694,
IND,2021,1414203896,
IND,2022,1425423209,
IND,2023,1438069597,
IND,2024,,1450935785
IND,2025,,1463865527
IND,2026,,1476625571
IND,2027,,1489164674
IND,2028,,1501432743
IND,2029,,1513423731
IND,2030,,1525138848
IND,2031,,1536540600
IND,2032,,1547607119
IND,2033,,1558324083
IND,2034,,1568688350
IND,2035,,1578694794
IND,2036,,1588325362
IND,2037,,1597537004
IND,2038,,1606300642
IND,2039,,1614639238
IND,2040,,1622580046
IND,2041,,1630119370
IND,2042,,1637235359
IND,2043,,1643915265
IND,2044,,1650186606
IND,2045,,1656067581
IND,2046,,1661548396
IND,2047,,1666628147
IND,2048,,1671309723
IND,2049,,1675619888
IND,2050,,1679589264
IND,2051,,1683220885
IND,2052,,1686507891
IND,2053,,1689465431
IND,2054,,1692068272
IND,2055,,1694328247
IND,2056,,1696276844
IND,2057,,1697919571
IND,2058,,1699255336
IND,2059,,1700265998
IND,2060,,1700951711
IND,2061,,1701283705
IND,2062,,1701273206
IND,2063,,1700949861
IND,2064,,1700300209
IND,2065,,1699297227
IND,2066,,1697969494
IND,2067,,1696316148
IND,2068,,1694295581
IND,2069,,1691921452
IND,2070,,1689202542
IND,2071,,1686157644
IND,2072,,1682786833
IND,2073,,1679105606
IND,2074,,1675136968
IND,2075,,1670860309
IND,2076,,1666299925
IND,2077,,1661484924
IND,2078,,1656416556
IND,2079,,1651101281
IND,2080,,1645548759
IND,2081,,1639778181
IND,2082,,1633817739
IND,2083,,1627669472
IND,2084,,1621344014
IND,2085,,1614843930
IND,2086,,1608173606
IND,2087,,1601390978
IND,2088,,1594493057
IND,2089,,1587459179
IND,2090,,1580305098
IND,2091,,1573053556
IND,2092,,1565745948
IND,2093,,1558360376
IND,2094,,1550887929
IND,2095,,1543363232
IND,2096,,1535804565
IND,2097,,1528221479
IND,2098,,1520590140
IND,2099,,1512932635
IND,2100,,1505251749
IDN,1950,68799031,
IDN,1951,70286313,
IDN,1952,71876439,
IDN,1953,73569145,
IDN,1954,75367367,
IDN,1955,77273505,
IDN,1956,79282557,
IDN,1957,81390843,
IDN,1958,83592765,
IDN,1959,85892866,
IDN,1960,88296074,
IDN,1961,90791252,
IDN,1962,93375848,
IDN,1963,96051426,
IDN,1964,98833758,
IDN,1965,101365131,
IDN,1966,103792758,
IDN,1967,106526398,
IDN,1968,109450008,
IDN,1969,112517639,
IDN,1970,115657496,
IDN,1971,118833700,
IDN,1972,122039844,
IDN,1973,125288516,
IDN,1974,128555052,
IDN,1975,131843848,
IDN,1976,135173656,
IDN,1977,138533540,
IDN,1978,141953161,
IDN,1979,145434830,
IDN,1980,148950537,
IDN,1981,152485036,
IDN,1982,156052153,
IDN,1983,159651382,
IDN,1984,163251124,
IDN,1985,166776183,
IDN,1986,170175065,
IDN,1987,173511157,
IDN,1988,176855071,
IDN,1989,180201638,
IDN,1990,183501097,
IDN,1991,186778239,
IDN,1992,190043742,
IDN,1993,193305169,
IDN,1994,196591829,
IDN,1995,199888055,
IDN,1996,203204353,
IDN,1997,206536089,
IDN,1998,209826791,
IDN,1999,213004667,
IDN,2000,216077789,
IDN,2001,219097905,
IDN,2002,222088499,
IDN,2003,225048005,
IDN,2004,227926649,
IDN,2005,230871648,
IDN,2006,233951650,
IDN,2007,237062338,
IDN,2008,240157902,
IDN,2009,243220024,
IDN,2010,246305327,
IDN,2011,249470029,
IDN,2012,252698525,
IDN,2013,255852464,
IDN,2014,258877395,
IDN,2015,261799249,
IDN,2016,264627429,
IDN,2017,267346654,
IDN,2018,269951847,
IDN,2019,272489381,
IDN,2020,274814861,
IDN,2021,276758056,
IDN,2022,278830527,
IDN,2023,281190068,
IDN,2024,,283487933
IDN,2025,,285721230
IDN,2026,,287886782
IDN,2027,,289986523
IDN,2028,,292016776
IDN,2029,,293978110
IDN,2030,,295876644
IDN,2031,,297719745
IDN,2032,,299510654
IDN,2033,,301250978
IDN,2034,,302938575
IDN,2035,,304566618
IDN,2036,,306135102
IDN,2037,,307646409
IDN,2038,,309096453
IDN,2039,,310481121
IDN,2040,,311797396
IDN,2041,,313041658
IDN,2042,,314211282
IDN,2043,,315304313
IDN,2044,,316318412
IDN,2045,,317249612
IDN,2046,,318096571
IDN,2047,,318862019
IDN,2048,,319554649
IDN,2049,,320173246
IDN,2050,,320712943
IDN,2051,,321175111
IDN,2052,,321563359
IDN,2053,,321885371
IDN,2054,,322144263
IDN,2055,,322341989
IDN,2056,,322483844
IDN,2057,,322569917
IDN,2058,,322603668
IDN,2059,,322589086
IDN,2060,,322529327
IDN,2061,,322428666
IDN,2062,,322289849
IDN,2063,,322118573
IDN,2064,,321915628
IDN,2065,,321681598
IDN,2066,,321416618
IDN,2067,,321119308
IDN,2068,,320791337
IDN,2069,,320434243
IDN,2070,,320049789
IDN,2071,,319638641
IDN,2072,,319197971
IDN,2073,,318724736
IDN,2074,,318221156
IDN,2075,,317686031
IDN,2076,,317121286
IDN,2077,,316525135
IDN,2078,,315894343
IDN,2079,,315232522
IDN,2080,,314542591
IDN,2081,,313826099
IDN,2082,,313078655
IDN,2083,,312299886
IDN,2084,,311493132
IDN,2085,,310660084
IDN,2086,,309799721
IDN,2087,,308911981
IDN,2088,,308000769
IDN,2089,,307068165
IDN,2090,,306110857
IDN,2091,,305129529
IDN,2092,,304125665
IDN,2093,,303100456
IDN,2094,,302058794
IDN,2095,,301004182
IDN,2096,,299933846
IDN,2097,,298845936
IDN,2098,,297745353
IDN,2099,,296633417
IDN,2100,,295511063
IRN,1950,16510553,
IRN,1951,16921282,
IRN,1952,17344436,
IRN,1953,17778109,
IRN,1954,18226205,
IRN,1955,18700800,
IRN,1956,19204391,
IRN,1957,19726844,
IRN,1958,20266508,
IRN,1959,20846777,
IRN,1960,21470433,
IRN,1961,22125729,
IRN,1962,22807908,
IRN,1963,23519008,
IRN,1964,24262863,
IRN,1965,25036982,
IRN,1966,25829273,
IRN,1967,26628430,
IRN,1968,27437391,
IRN,1969,28273483,
IRN,1970,29145099,
IRN,1971,30029069,
IRN,1972,30921178,
IRN,1973,31839835,
IRN,1974,32796453,
IRN,1975,33802971,
IRN,1976,34837282,
IRN,1977,35933181,
IRN,1978,37126534,
IRN,1979,38424956,
IRN,1980,39842323,
IRN,1981,41989316,
IRN,1982,44272140,
IRN,1983,46029540,
IRN,1984,47793999,
IRN,1985,49582289,
IRN,1986,51446046,
IRN,1987,53323491,
IRN,1988,55072691,
IRN,1989,56704920,
IRN,1990,58380098,
IRN,1991,59986931,
IRN,1992,61184982,
IRN,1993,61403548,
IRN,1994,61520598,
IRN,1995,62205571,
IRN,1996,62881298,
IRN,1997,63639637,
IRN,1998,64519866,
IRN,1999,65445389,
IRN,2000,66418661,
IRN,2001,67452005,
IRN,2002,68011318,
IRN,2003,68769343,
IRN,2004,70256316,
IRN,2005,71828455,
IRN,2006,73392747,
IRN,2007,74602648,
IRN,2008,75514201,
IRN,2009,76457831,
IRN,2010,77420851,
IRN,2011,78383602,
IRN,2012,79370583,
IRN,2013,80414689,
IRN,2014,81502045,
IRN,2015,82619365,
IRN,2016,83812230,
IRN,2017,85026761,
IRN,2018,86117999,
IRN,2019,87051649,
IRN,2020,87723448,
IRN,2021,88455490,
IRN,2022,89524247,
IRN,2023,90608708,
IRN,2024,,91567737
IRN,2025,,92417684
IRN,2026,,93168492
IRN,2027,,93838645
IRN,2028,,94440023
IRN,2029,,94985100
IRN,2030,,95486668
IRN,2031,,95960721
IRN,2032,,96415456
IRN,2033,,96850656
IRN,2034,,97271041
IRN,2035,,97679255
IRN,2036,,98075322
IRN,2037,,98458802
IRN,2038,,98828315
IRN,2039,,99182803
IRN,2040,,99524284
IRN,2041,,99853714
IRN,2042,,100167073
IRN,2043,,100462090
IRN,2044,,100737589
IRN,2045,,100990619
IRN,2046,,101219685
IRN,2047,,101424005
IRN,2048,,101601928
IRN,2049,,101748540
IRN,2050,,101861995
IRN,2051,,101942326
IRN,2052,,101987300
IRN,2053,,101996360
IRN,2054,,101966929
IRN,2055,,101897121
IRN,2056,,101787159
IRN,2057,,101639330
IRN,2058,,101455666
IRN,2059,,101232336
IRN,2060,,100970577
IRN,2061,,100674589
IRN,2062,,100343930
IRN,2063,,99981542
IRN,2064,,99588137
IRN,2065,,99165436
IRN,2066,,98718191
IRN,2067,,98249286
IRN,2068,,97756935
IRN,2069,,97241437
IRN,2070,,96707303
IRN,2071,,96157569
IRN,2072,,95594687
IRN,2073,,95018412
IRN,2074,,94432637
IRN,2075,,93840624
IRN,2076,,93243270
IRN,2077,,92643001
IRN,2078,,92041432
IRN,2079,,91441394
IRN,2080,,90843860
IRN,2081,,90250517
IRN,2082,,89664115
IRN,2083,,89085574
IRN,2084,,88513989
IRN,2085,,87949731
IRN,2086,,87393172
IRN,2087,,86845195
IRN,2088,,86306224
IRN,2089,,85774130
IRN,2090,,85248585
IRN,2091,,84728147
IRN,2092,,84211453
IRN,2093,,83697021
IRN,2094,,83183015
IRN,2095,,82667544
IRN,2096,,82148759
IRN,2097,,81627536
IRN,2098,,81105633
IRN,2099,,80579656
IRN,2100,,80045296
IRQ,1950,5653357,
IRQ,1951,5774132,
IRQ,1952,5913013,
IRQ,1953,6064249,
IRQ,1954,6219477,
IRQ,1955,6366279,
IRQ,1956,6507499,
IRQ,1957,6633379,
IRQ,1958,6741679,
IRQ,1959,6870386,
IRQ,1960,7022057,
IRQ,1961,7194561,
IRQ,1962,7413876,
IRQ,1963,7667932,
IRQ,1964,7929572,
IRQ,1965,8202145,
IRQ,1966,8485103,
IRQ,1967,8778876,
IRQ,1968,9085016,
IRQ,1969,9403356,
IRQ,1970,9735611,
IRQ,1971,10077818,
IRQ,1972,10430169,
IRQ,1973,10795872,
IRQ,1974,11167770,
IRQ,1975,11543643,
IRQ,1976,11927652,
IRQ,1977,12331051,
IRQ,1978,12753355,
IRQ,1979,13170372,
IRQ,1980,13591996,
IRQ,1981,14006379,
IRQ,1982,14406082,
IRQ,1983,14840558,
IRQ,1984,15310729,
IRQ,1985,15683431,
IRQ,1986,16074146,
IRQ,1987,16521051,
IRQ,1988,16908823,
IRQ,1989,17364553,
IRQ,1990,17581208,
IRQ,1991,17767257,
IRQ,1992,18300849,
IRQ,1993,19201195,
IRQ,1994,20139818,
IRQ,1995,20825859,
IRQ,1996,21501321,
IRQ,1997,22176604,
IRQ,1998,22884402,
IRQ,1999,23636530,
IRQ,2000,24424060,
IRQ,2001,25197842,
IRQ,2002,26006558,
IRQ,2003,26802660,
IRQ,2004,27577876,
IRQ,2005,28407450,
IRQ,2006,28616518,
IRQ,2007,28391606,
IRQ,2008,28971042,
IRQ,2009,30058207,
IRQ,2010,31045367,
IRQ,2011,32161425,
IRQ,2012,33654843,
IRQ,2013,35281987,
IRQ,2014,36550058,
IRQ,2015,37560535,
IRQ,2016,38469628,
IRQ,2017,39337358,
IRQ,2018,40265629,
IRQ,2019,41192172,
IRQ,2020,42116602,
IRQ,2021,43071208,
IRQ,2022,44070556,
IRQ,2023,45074055,
IRQ,2024,,46042015
IRQ,2025,,47020778
IRQ,2026,,48007435
IRQ,2027,,48987424
IRQ,2028,,49960954
IRQ,2029,,50943338
IRQ,2030,,51937207
IRQ,2031,,52934371
IRQ,2032,,53953395
IRQ,2033,,54985129
IRQ,2034,,56012640
IRQ,2035,,57035916
IRQ,2036,,58071740
IRQ,2037,,59109258
IRQ,2038,,60132230
IRQ,2039,,61174679
IRQ,2040,,62223206
IRQ,2041,,63249166
IRQ,2042,,64260846
IRQ,2043,,65257000
IRQ,2044,,66237771
IRQ,2045,,67204175
IRQ,2046,,68150060
IRQ,2047,,69098086
IRQ,2048,,70050118
IRQ,2049,,70999566
IRQ,2050,,71928759
IRQ,2051,,72837416
IRQ,2052,,73729287
IRQ,2053,,74612183
IRQ,2054,,75496284
IRQ,2055,,76363104
IRQ,2056,,77222679
IRQ,2057,,78068865
IRQ,2058,,78892369
IRQ,2059,,79699526
IRQ,2060,,80520188
IRQ,2061,,81338277
IRQ,2062,,82123596
IRQ,2063,,82908638
IRQ,2064,,83692283
IRQ,2065,,84455759
IRQ,2066,,85218703
IRQ,2067,,85953868
IRQ,2068,,86644277
IRQ,2069,,87325040
IRQ,2070,,87995947
IRQ,2071,,88649942
IRQ,2072,,89295815
IRQ,2073,,89944359
IRQ,2074,,90564894
IRQ,2075,,91124123
IRQ,2076,,91657803
IRQ,2077,,92181137
IRQ,2078,,92703710
IRQ,2079,,93242895
IRQ,2080,,93761938
IRQ,2081,,94257890
IRQ,2082,,94743645
IRQ,2083,,95208175
IRQ,2084,,95644452
IRQ,2085,,96078060
IRQ,2086,,96520628
IRQ,2087,,96925820
IRQ,2088,,97294654
IRQ,2089,,97662208
IRQ,2090,,98003973
IRQ,2091,,98323120
IRQ,2092,,98655762
IRQ,2093,,98983283
IRQ,2094,,99274394
IRQ,2095,,99536805
IRQ,2096,,99792219
IRQ,2097,,100033697
IRQ,2098,,100251599
IRQ,2099,,100459411
IRQ,2100,,100649053
IRL,1950,2912656,
IRL,1951,2936865,
IRL,1952,2941463,
IRL,1953,2929083,
IRL,1954,2915174,
IRL,1955,2899545,
IRL,1956,2883752,
IRL,1957,2869103,
IRL,1958,2854004,
IRL,1959,2839216,
IRL,1960,2827691,
IRL,1961,2824696,
IRL,1962,2831496,
IRL,1963,2843035,
IRL,1964,2857169,
IRL,1965,2873157,
IRL,1966,2888884,
IRL,1967,2905420,
IRL,1968,2922789,
IRL,1969,2940759,
IRL,1970,2961402,
IRL,1971,2993119,
IRL,1972,3037153,
IRL,1973,3084436,
IRL,1974,3132177,
IRL,1975,3180119,
IRL,1976,3228393,
IRL,1977,3277756,
IRL,1978,3329185,
IRL,1979,3375806,
IRL,1980,3415240,
IRL,1981,3448825,
IRL,1982,3475532,
IRL,1983,3497614,
IRL,1984,3515953,
IRL,1985,3531275,
IRL,1986,3541875,
IRL,1987,3540382,
IRL,1988,3525092,
IRL,1989,3511070,
IRL,1990,3514015,
IRL,1991,3534258,
IRL,1992,3558417,
IRL,1993,3576118,
IRL,1994,3590162,
IRL,1995,3610695,
IRL,1996,3638507,
IRL,1997,3672287,
IRL,1998,3711075,
IRL,1999,3752938,
IRL,2000,3802589,
IRL,2001,3862981,
IRL,2002,3928441,
IRL,2003,3992935,
IRL,2004,4066066,
IRL,2005,4155283,
IRL,2006,4268775,
IRL,2007,4393518,
IRL,2008,4485992,
IRL,2009,4533750,
IRL,2010,4559084,
IRL,2011,4579603,
IRL,2012,4600135,
IRL,2013,4624686,
IRL,2014,4658236,
IRL,2015,4702497,
IRL,2016,4753506,
IRL,2017,4810258,
IRL,2018,4872559,
IRL,2019,4933493,
IRL,2020,4982602,
IRL,2021,5028428,
IRL,2022,5110015,
IRL,2023,5196629,
IRL,2024,,5255016
IRL,2025,,5308035
IRL,2026,,5356945
IRL,2027,,5402893
IRL,2028,,5446617
IRL,2029,,5487478
IRL,2030,,5525092
IRL,2031,,5560661
IRL,2032,,5595089
IRL,2033,,5627712
IRL,2034,,5658294
IRL,2035,,5686867
IRL,2036,,5714204
IRL,2037,,5741475
IRL,2038,,5768256
IRL,2039,,5793369
IRL,2040,,5817565
IRL,2041,,5841488
IRL,2042,,5863232
IRL,2043,,5882467
IRL,2044,,5900432
IRL,2045,,5916935
IRL,2046,,5930827
IRL,2047,,5942850
IRL,2048,,5954176
IRL,2049,,5963611
IRL,2050,,5970040
IRL,2051,,5973838
IRL,2052,,5976150
IRL,2053,,5977055
IRL,2054,,5976539
IRL,2055,,5973915
IRL,2056,,5970259
IRL,2057,,5965123
IRL,2058,,5956854
IRL,2059,,5946216
IRL,2060,,5933913
IRL,2061,,5921723
IRL,2062,,5910032
IRL,2063,,5898063
IRL,2064,,5884667
IRL,2065,,5870132
IRL,2066,,5855123
IRL,2067,,5839787
IRL,2068,,5824174
IRL,2069,,5808107
IRL,2070,,5791492
IRL,2071,,5774747
IRL,2072,,5758129
IRL,2073,,5741402
IRL,2074,,5724555
IRL,2075,,5708190
IRL,2076,,5692409
IRL,2077,,5676939
IRL,2078,,5661976
IRL,2079,,5647282
IRL,2080,,5633976
IRL,2081,,5622560
IRL,2082,,5610958
IRL,2083,,5598163
IRL,2084,,5584761
IRL,2085,,5571094
IRL,2086,,5557432
IRL,2087,,5543227
IRL,2088,,5527765
IRL,2089,,5511287
IRL,2090,,5493727
IRL,2091,,5475494
IRL,2092,,5457082
IRL,2093,,5438243
IRL,2094,,5418987
IRL,2095,,5399256
IRL,2096,,5378261
IRL,2097,,5356069
IRL,2098,,5333302
IRL,2099,,5309950
IRL,2100,,5286118
IMN,1950,55115,
IMN,1951,55090,
IMN,1952,54666,
IMN,1953,54095,
IMN,1954,53469,
IMN,1955,52801,
IMN,1956,52086,
IMN,1957,51329,
IMN,1958,50547,
IMN,1959,49739,
IMN,1960,48887,
IMN,1961,48473,
IMN,1962,48713,
IMN,1963,49170,
IMN,1964,49650,
IMN,1965,50113,
IMN,1966,50775,
IMN,1967,51764,
IMN,1968,52916,
IMN,1969,54094,
IMN,1970,55323,
IMN,1971,56452,
IMN,1972,57393,
IMN,1973,58280,
IMN,1974,59165,
IMN,1975,59986,
IMN,1976,60773,
IMN,1977,61595,
IMN,1978,62424,
IMN,1979,63261,
IMN,1980,64103,
IMN,1981,64622,
IMN,1982,64710,
IMN,1983,64656,
IMN,1984,64552,
IMN,1985,64426,
IMN,1986,64723,
IMN,1987,65624,
IMN,1988,66703,
IMN,1989,67811,
IMN,1990,68943,
IMN,1991,69835,
IMN,1992,70378,
IMN,1993,70797,
IMN,1994,71187,
IMN,1995,71531,
IMN,1996,72066,
IMN,1997,72925,
IMN,1998,73880,
IMN,1999,74808,
IMN,2000,75679,
IMN,2001,76498,
IMN,2002,77294,
IMN,2003,78066,
IMN,2004,78807,
IMN,2005,79535,
IMN,2006,80310,
IMN,2007,81163,
IMN,2008,82045,
IMN,2009,82954,
IMN,2010,83884,
IMN,2011,84398,
IMN,2012,84354,
IMN,2013,84158,
IMN,2014,83912,
IMN,2015,83612,
IMN,2016,83484,
IMN,2017,83625,
IMN,2018,83812,
IMN,2019,83975,
IMN,2020,84078,
IMN,2021,84121,
IMN,2022,84148,
IMN,2023,84182,
IMN,2024,,84182
IMN,2025,,84135
IMN,2026,,84075
IMN,2027,,83981
IMN,2028,,83874
IMN,2029,,83746
IMN,2030,,83610
IMN,2031,,83457
IMN,2032,,83293
IMN,2033,,83117
IMN,2034,,82927
IMN,2035,,82730
IMN,2036,,82493
IMN,2037,,82260
IMN,2038,,82019
IMN,2039,,81771
IMN,2040,,81516
IMN,2041,,81243
IMN,2042,,80930
IMN,2043,,80595
IMN,2044,,80247
IMN,2045,,79891
IMN,2046,,79548
IMN,2047,,79190
IMN,2048,,78820
IMN,2049,,78421
IMN,2050,,77990
IMN,2051,,77541
IMN,2052,,77114
IMN,2053,,76705
IMN,2054,,76295
IMN,2055,,75860
IMN,2056,,75410
IMN,2057,,74951
IMN,2058,,74506
IMN,2059,,74053
IMN,2060,,73594
IMN,2061,,73127
IMN,2062,,72660
IMN,2063,,72190
IMN,2064,,71722
IMN,2065,,71273
IMN,2066,,70830
IMN,2067,,70394
IMN,2068,,69972
IMN,2069,,69549
IMN,2070,,69145
IMN,2071,,68752
IMN,2072,,68368
IMN,2073,,67990
IMN,2074,,67602
IMN,2075,,67224
IMN,2076,,66857
IMN,2077,,66497
IMN,2078,,66136
IMN,2079,,65776
IMN,2080,,65442
IMN,2081,,65094
IMN,2082,,64741
IMN,2083,,64395
IMN,2084,,64039
IMN,2085,,63678
IMN,2086,,63298
IMN,2087,,62927
IMN,2088,,62561
IMN,2089,,62175
IMN,2090,,61798
IMN,2091,,61424
IMN,2092,,61050
IMN,2093,,60675
IMN,2094,,60305
IMN,2095,,59942
IMN,2096,,59570
IMN,2097,,59195
IMN,2098,,58817
IMN,2099,,58448
IMN,2100,,58077
ISR,1950,1289244,
ISR,1951,1351813,
ISR,1952,1414224,
ISR,1953,1476336,
ISR,1954,1538044,
ISR,1955,1599497,
ISR,1956,1660640,
ISR,1957,1720530,
ISR,1958,1779007,
ISR,1959,1836348,
ISR,1960,1891941,
ISR,1961,1956894,
ISR,1962,2040967,
ISR,1963,2135049,
ISR,1964,2231855,
ISR,1965,2331450,
ISR,1966,2433836,
ISR,1967,2538658,
ISR,1968,2645472,
ISR,1969,2754159,
ISR,1970,2864773,
ISR,1971,2977303,
ISR,1972,3079404,
ISR,1973,3163042,
ISR,1974,3239987,
ISR,1975,3318087,
ISR,1976,3398266,
ISR,1977,3479619,
ISR,1978,3560404,
ISR,1979,3640877,
ISR,1980,3721666,
ISR,1981,3802233,
ISR,1982,3883640,
ISR,1983,3959631,
ISR,1984,4033735,
ISR,1985,4105362,
ISR,1986,4168966,
ISR,1987,4236875,
ISR,1988,4307324,
ISR,1989,4381512,
ISR,1990,4544995,
ISR,1991,4779892,
ISR,1992,4957240,
ISR,1993,5086041,
ISR,1994,5216697,
ISR,1995,5354734,
ISR,1996,5499555,
ISR,1997,5646476,
ISR,1998,5790143,
ISR,1999,5946079,
ISR,2000,6111194,
ISR,2001,6259977,
ISR,2002,6387714,
ISR,2003,6502821,
ISR,2004,6615084,
ISR,2005,6728212,
ISR,2006,6844029,
ISR,2007,6962456,
ISR,2008,7082621,
ISR,2009,7206096,
ISR,2010,7336735,
ISR,2011,7471023,
ISR,2012,7607781,
ISR,2013,7749369,
ISR,2014,7897173,
ISR,2015,8052916,
ISR,2016,8210006,
ISR,2017,8361796,
ISR,2018,8510067,
ISR,2019,8657466,
ISR,2020,8800380,
ISR,2021,8942925,
ISR,2022,9103143,
ISR,2023,9256311,
ISR,2024,,9387015
ISR,2025,,9517182
ISR,2026,,9647689
ISR,2027,,9778885
ISR,2028,,9910680
ISR,2029,,10042412
ISR,2030,,10175955
ISR,2031,,10312934
ISR,2032,,10449055
ISR,2033,,10583569
ISR,2034,,10719401
ISR,2035,,10858118
ISR,2036,,10997380
ISR,2037,,11138677
ISR,2038,,11284415
ISR,2039,,11432614
ISR,2040,,11581473
ISR,2041,,11730620
ISR,2042,,11882515
ISR,2043,,12035781
ISR,2044,,12189762
ISR,2045,,12342067
ISR,2046,,12492649
ISR,2047,,12642474
ISR,2048,,12790544
ISR,2049,,12940504
ISR,2050,,13092723
ISR,2051,,13244421
ISR,2052,,13395795
ISR,2053,,13548172
ISR,2054,,13703163
ISR,2055,,13858432
ISR,2056,,14009431
ISR,2057,,14157650
ISR,2058,,14304291
ISR,2059,,14448768
ISR,2060,,14594771
ISR,2061,,14739877
ISR,2062,,14880654
ISR,2063,,15023181
ISR,2064,,15163526
ISR,2065,,15301588
ISR,2066,,15439926
ISR,2067,,15577461
ISR,2068,,15716208
ISR,2069,,15856804
ISR,2070,,15999343
ISR,2071,,16139523
ISR,2072,,16271456
ISR,2073,,16399978
ISR,2074,,16532681
ISR,2075,,16668312
ISR,2076,,16804715
ISR,2077,,16944996
ISR,2078,,17089060
ISR,2079,,17230987
ISR,2080,,17373660
ISR,2081,,17514301
ISR,2082,,17648959
ISR,2083,,17782621
ISR,2084,,17918780
ISR,2085,,18053885
ISR,2086,,18185052
ISR,2087,,18312029
ISR,2088,,18433974
ISR,2089,,18550692
ISR,2090,,18667500
ISR,2091,,18787571
ISR,2092,,18906969
ISR,2093,,19025277
ISR,2094,,19138978
ISR,2095,,19246831
ISR,2096,,19353020
ISR,2097,,19454953
ISR,2098,,19551804
ISR,2099,,19649865
ISR,2100,,19747045
ITA,1950,46391674,
ITA,1951,46751901,
ITA,1952,47018177,
ITA,1953,47410885,
ITA,1954,47832233,
ITA,1955,48130817,
ITA,1956,48401948,
ITA,1957,48657025,
ITA,1958,48927096,
ITA,1959,49219450,
ITA,1960,49514555,
ITA,1961,49815254,
ITA,1962,50170591,
ITA,1963,50570978,
ITA,1964,51019579,
ITA,1965,51480733,
ITA,1966,51919068,
ITA,1967,52338335,
ITA,1968,52712156,
ITA,1969,53060141,
ITA,1970,53390231,
ITA,1971,53707794,
ITA,1972,54067562,
ITA,1973,54450571,
ITA,1974,54821114,
ITA,1975,55166046,
ITA,1976,55459415,
ITA,1977,55714552,
ITA,1978,55938969,
ITA,1979,56132382,
ITA,1980,56412086,
ITA,1981,56646752,
ITA,1982,56719178,
ITA,1983,56766114,
ITA,1984,56810355,
ITA,1985,56855499,
ITA,1986,56875982,
ITA,1987,56891919,
ITA,1988,56928748,
ITA,1989,56976750,
ITA,1990,57031457,
ITA,1991,57075394,
ITA,1992,57124993,
ITA,1993,57170762,
ITA,1994,57420136,
ITA,1995,57403342,
ITA,1996,57162098,
ITA,1997,57189272,
ITA,1998,57215190,
ITA,1999,57240796,
ITA,2000,57272200,
ITA,2001,57305760,
ITA,2002,57420636,
ITA,2003,57739697,
ITA,2004,58176736,
ITA,2005,58519696,
ITA,2006,58754434,
ITA,2007,59108723,
ITA,2008,59561687,
ITA,2009,59904016,
ITA,2010,60164212,
ITA,2011,60367882,
ITA,2012,60531522,
ITA,2013,60653864,
ITA,2014,60664169,
ITA,2015,60575314,
ITA,2016,60478103,
ITA,2017,60390317,
ITA,2018,60277496,
ITA,2019,60130136,
ITA,2020,59912763,
ITA,2021,59729353,
ITA,2022,59619106,
ITA,2023,59499452,
ITA,2024,,59342870
ITA,2025,,59146263
ITA,2026,,58926166
ITA,2027,,58688779
ITA,2028,,58445827
ITA,2029,,58201024
ITA,2030,,57946071
ITA,2031,,57680127
ITA,2032,,57416500
ITA,2033,,57156447
ITA,2034,,56890920
ITA,2035,,56620011
ITA,2036,,56348688
ITA,2037,,56074673
ITA,2038,,55796256
ITA,2039,,55511316
ITA,2040,,55221170
ITA,2041,,54931951
ITA,2042,,54635956
ITA,2043,,54323773
ITA,2044,,54004349
ITA,2045,,53680468
ITA,2046,,53346075
ITA,2047,,52998850
ITA,2048,,52640788
ITA,2049,,52273387
ITA,2050,,51891098
ITA,2051,,51499508
ITA,2052,,51102070
ITA,2053,,50692373
ITA,2054,,50271518
ITA,2055,,49842499
ITA,2056,,49401279
ITA,2057,,48952796
ITA,2058,,48499943
ITA,2059,,48042232
ITA,2060,,47584458
ITA,2061,,47127113
ITA,2062,,46670717
ITA,2063,,46222620
ITA,2064,,45784537
ITA,2065,,45352673
ITA,2066,,44931304
ITA,2067,,44524300
ITA,2068,,44126161
ITA,2069,,43734709
ITA,2070,,43353330
ITA,2071,,42985999
ITA,2072,,42631503
ITA,2073,,42288851
ITA,2074,,41958153
ITA,2075,,41641713
ITA,2076,,41341939
ITA,2077,,41053535
ITA,2078,,40772234
ITA,2079,,40495651
ITA,2080,,40225867
ITA,2081,,39963230
ITA,2082,,39704910
ITA,2083,,39452312
ITA,2084,,39203214
ITA,2085,,38955408
ITA,2086,,38713095
ITA,2087,,38472532
ITA,2088,,38231432
ITA,2089,,37989931
ITA,2090,,37748590
ITA,2091,,37511050
ITA,2092,,37272503
ITA,2093,,37035404
ITA,2094,,36801813
ITA,2095,,36565448
ITA,2096,,36327286
ITA,2097,,36088274
ITA,2098,,35851667
ITA,2099,,35615722
ITA,2100,,35376820
JAM,1950,1407214,
JAM,1951,1447471,
JAM,1952,1481349,
JAM,1953,1509742,
JAM,1954,1533451,
JAM,1955,1553716,
JAM,1956,1571975,
JAM,1957,1589680,
JAM,1958,1608269,
JAM,1959,1628236,
JAM,1960,1650009,
JAM,1961,1673267,
JAM,1962,1696935,
JAM,1963,1721105,
JAM,1964,1745574,
JAM,1965,1769206,
JAM,1966,1791477,
JAM,1967,1812870,
JAM,1968,1833769,
JAM,1969,1855132,
JAM,1970,1878191,
JAM,1971,1903734,
JAM,1972,1931552,
JAM,1973,1961225,
JAM,1974,1990904,
JAM,1975,2018985,
JAM,1976,2045578,
JAM,1977,2070657,
JAM,1978,2094848,
JAM,1979,2119492,
JAM,1980,2145661,
JAM,1981,2173823,
JAM,1982,2203895,
JAM,1983,2234834,
JAM,1984,2264563,
JAM,1985,2290657,
JAM,1986,2312124,
JAM,1987,2329816,
JAM,1988,2345786,
JAM,1989,2361923,
JAM,1990,2379880,
JAM,1991,2400873,
JAM,1992,2424698,
JAM,1993,2449913,
JAM,1994,2475225,
JAM,1995,2500152,
JAM,1996,2524470,
JAM,1997,2547853,
JAM,1998,2569740,
JAM,1999,2589796,
JAM,2000,2607827,
JAM,2001,2624410,
JAM,2002,2640582,
JAM,2003,2656629,
JAM,2004,2672227,
JAM,2005,2687070,
JAM,2006,2700973,
JAM,2007,2713808,
JAM,2008,2725633,
JAM,2009,2737001,
JAM,2010,2748573,
JAM,2011,2760493,
JAM,2012,2772432,
JAM,2013,2783689,
JAM,2014,2793756,
JAM,2015,2802536,
JAM,2016,2809919,
JAM,2017,2815765,
JAM,2018,2820103,
JAM,2019,2823275,
JAM,2020,2830745,
JAM,2021,2837680,
JAM,2022,2839150,
JAM,2023,2839785,
JAM,2024,,2839182
JAM,2025,,2837080
JAM,2026,,2833408
JAM,2027,,2828538
JAM,2028,,2822868
JAM,2029,,2816401
JAM,2030,,2808955
JAM,2031,,2800616
JAM,2032,,2791139
JAM,2033,,2780477
JAM,2034,,2768724
JAM,2035,,2755939
JAM,2036,,2742080
JAM,2037,,2726901
JAM,2038,,2710820
JAM,2039,,2693910
JAM,2040,,2676097
JAM,2041,,2657568
JAM,2042,,2638091
JAM,2043,,2617586
JAM,2044,,2596170
JAM,2045,,2574083
JAM,2046,,2551354
JAM,2047,,2528012
JAM,2048,,2504199
JAM,2049,,2479753
JAM,2050,,2454944
JAM,2051,,2429917
JAM,2052,,2404370
JAM,2053,,2378111
JAM,2054,,2351076
JAM,2055,,2323417
JAM,2056,,2295283
JAM,2057,,2266945
JAM,2058,,2238310
JAM,2059,,2209186
JAM,2060,,2179679
JAM,2061,,2149900
JAM,2062,,2119868
JAM,2063,,2089603
JAM,2064,,2059097
JAM,2065,,2028120
JAM,2066,,1997098
JAM,2067,,1966153
JAM,2068,,1934900
JAM,2069,,1903478
JAM,2070,,1871879
JAM,2071,,1840111
JAM,2072,,1808222
JAM,2073,,1776335
JAM,2074,,1744485
JAM,2075,,1712843
JAM,2076,,1681576
JAM,2077,,1650433
JAM,2078,,1619586
JAM,2079,,1589026
JAM,2080,,1558622
JAM,2081,,1528687
JAM,2082,,1499319
JAM,2083,,1470536
JAM,2084,,1442239
JAM,2085,,1414205
JAM,2086,,1386708
JAM,2087,,1359854
JAM,2088,,1333639
JAM,2089,,1307978
JAM,2090,,1282943
JAM,2091,,1258538
JAM,2092,,1234781
JAM,2093,,1211696
JAM,2094,,1189271
JAM,2095,,1167514
JAM,2096,,1146347
JAM,2097,,1125704
JAM,2098,,1105550
JAM,2099,,1085893
JAM,2100,,1066769
JPN,1950,86443278,
JPN,1951,87849929,
JPN,1952,89135133,
JPN,1953,90324185,
JPN,1954,91407673,
JPN,1955,92425476,
JPN,1956,93342005,
JPN,1957,94108980,
JPN,1958,94846958,
JPN,1959,95622973,
JPN,1960,96399755,
JPN,1961,97217594,
JPN,1962,98076405,
JPN,1963,98958230,
JPN,1964,99890175,
JPN,1965,100916018,
JPN,1966,101887833,
JPN,1967,102965530,
JPN,1968,104237476,
JPN,1969,105475169,
JPN,1970,106712370,
JPN,1971,107952031,
JPN,1972,109238963,
JPN,1973,110614742,
JPN,1974,112009689,
JPN,1975,113321197,
JPN,1976,114502792,
JPN,1977,115574278,
JPN,1978,116576940,
JPN,1979,117521561,
JPN,1980,118358761,
JPN,1981,118994054,
JPN,1982,119485775,
JPN,1983,119948943,
JPN,1984,120384395,
JPN,1985,120832158,
JPN,1986,121366733,
JPN,1987,121943588,
JPN,1988,122476957,
JPN,1989,122947411,
JPN,1990,123399767,
JPN,1991,123889870,
JPN,1992,124383707,
JPN,1993,124839955,
JPN,1994,125286861,
JPN,1995,125672659,
JPN,1996,125975304,
JPN,1997,126265926,
JPN,1998,126549182,
JPN,1999,126801566,
JPN,2000,127027794,
JPN,2001,127260144,
JPN,2002,127484599,
JPN,2003,127671254,
JPN,2004,127815769,
JPN,2005,127913331,
JPN,2006,127997247,
JPN,2007,128087683,
JPN,2008,128155992,
JPN,2009,128192471,
JPN,2010,128185273,
JPN,2011,128096430,
JPN,2012,127928283,
JPN,2013,127723642,
JPN,2014,127486601,
JPN,2015,127275868,
JPN,2016,127159950,
JPN,2017,127064686,
JPN,2018,126913432,
JPN,2019,126699421,
JPN,2020,126304533,
JPN,2021,125679342,
JPN,2022,124997585,
JPN,2023,124370947,
JPN,2024,,123753041
JPN,2025,,123103480
JPN,2026,,122427730
JPN,2027,,121732339
JPN,2028,,121024349
JPN,2029,,120308091
JPN,2030,,119584120
JPN,2031,,118852085
JPN,2032,,118114135
JPN,2033,,117372472
JPN,2034,,116626747
JPN,2035,,115876151
JPN,2036,,115125566
JPN,2037,,114377405
JPN,2038,,113633612
JPN,2039,,112894529
JPN,2040,,112158303
JPN,2041,,111422445
JPN,2042,,110692359
JPN,2043,,109972384
JPN,2044,,109259533
JPN,2045,,108551993
JPN,2046,,107850587
JPN,2047,,107157970
JPN,2048,,106474330
JPN,2049,,105796839
JPN,2050,,105123163
JPN,2051,,104452464
JPN,2052,,103778129
JPN,2053,,103100894
JPN,2054,,102415684
JPN,2055,,101721354
JPN,2056,,101018746
JPN,2057,,100304743
JPN,2058,,99583491
JPN,2059,,98848885
JPN,2060,,98103216
JPN,2061,,97353650
JPN,2062,,96600090
JPN,2063,,95843769
JPN,2064,,95085852
JPN,2065,,94324174
JPN,2066,,93563616
JPN,2067,,92812402
JPN,2068,,92067782
JPN,2069,,91332800
JPN,2070,,90611760
JPN,2071,,89911339
JPN,2072,,89235971
JPN,2073,,88580984
JPN,2074,,87952004
JPN,2075,,87352848
JPN,2076,,86780658
JPN,2077,,86232704
JPN,2078,,85708776
JPN,2079,,85209306
JPN,2080,,84729968
JPN,2081,,84269886
JPN,2082,,83826894
JPN,2083,,83397931
JPN,2084,,82980370
JPN,2085,,82570772
JPN,2086,,82169886
JPN,2087,,81778181
JPN,2088,,81393977
JPN,2089,,81013193
JPN,2090,,80634402
JPN,2091,,80257720
JPN,2092,,79879693
JPN,2093,,79500577
JPN,2094,,79123890
JPN,2095,,78747735
JPN,2096,,78369014
JPN,2097,,77990637
JPN,2098,,77612888
JPN,2099,,77230868
JPN,2100,,76845989
JEY,1950,57134,
JEY,1951,58040,
JEY,1952,58738,
JEY,1953,59385,
JEY,1954,60019,
JEY,1955,60631,
JEY,1956,61206,
JEY,1957,61782,
JEY,1958,62397,
JEY,1959,63024,
JEY,1960,63668,
JEY,1961,64320,
JEY,1962,64983,
JEY,1963,65640,
JEY,1964,66293,
JEY,1965,66936,
JEY,1966,67554,
JEY,1967,68160,
JEY,1968,68707,
JEY,1969,69204,
JEY,1970,69672,
JEY,1971,70418,
JEY,1972,71501,
JEY,1973,72578,
JEY,1974,73586,
JEY,1975,74526,
JEY,1976,75213,
JEY,1977,75603,
JEY,1978,75907,
JEY,1979,76227,
JEY,1980,76549,
JEY,1981,77067,
JEY,1982,77843,
JEY,1983,78681,
JEY,1984,79531,
JEY,1985,80393,
JEY,1986,81190,
JEY,1987,81916,
JEY,1988,82609,
JEY,1989,83331,
JEY,1990,84210,
JEY,1991,84906,
JEY,1992,85239,
JEY,1993,85501,
JEY,1994,85716,
JEY,1995,85887,
JEY,1996,86192,
JEY,1997,86676,
JEY,1998,87137,
JEY,1999,87545,
JEY,2000,87853,
JEY,2001,88401,
JEY,2002,89306,
JEY,2003,90297,
JEY,2004,91271,
JEY,2005,92267,
JEY,2006,93244,
JEY,2007,94227,
JEY,2008,95195,
JEY,2009,96156,
JEY,2010,97121,
JEY,2011,98038,
JEY,2012,98927,
JEY,2013,99759,
JEY,2014,100582,
JEY,2015,101224,
JEY,2016,101700,
JEY,2017,102130,
JEY,2018,102531,
JEY,2019,102866,
JEY,2020,103138,
JEY,2021,103339,
JEY,2022,103493,
JEY,2023,103680,
JEY,2024,,103857
JEY,2025,,104002
JEY,2026,,104118
JEY,2027,,104227
JEY,2028,,104327
JEY,2029,,104431
JEY,2030,,104529
JEY,2031,,104620
JEY,2032,,104706
JEY,2033,,104808
JEY,2034,,104897
JEY,2035,,104968
JEY,2036,,105019
JEY,2037,,105076
JEY,2038,,105135
JEY,2039,,105162
JEY,2040,,105198
JEY,2041,,105228
JEY,2042,,105240
JEY,2043,,105251
JEY,2044,,105236
JEY,2045,,105200
JEY,2046,,105154
JEY,2047,,105091
JEY,2048,,105017
JEY,2049,,104914
JEY,2050,,104780
JEY,2051,,104622
JEY,2052,,104453
JEY,2053,,104273
JEY,2054,,104073
JEY,2055,,103861
JEY,2056,,103631
JEY,2057,,103392
JEY,2058,,103157
JEY,2059,,102927
JEY,2060,,102695
JEY,2061,,102476
JEY,2062,,102260
JEY,2063,,102066
JEY,2064,,101880
JEY,2065,,101695
JEY,2066,,101521
JEY,2067,,101377
JEY,2068,,101244
JEY,2069,,101119
JEY,2070,,100991
JEY,2071,,100868
JEY,2072,,100747
JEY,2073,,100647
JEY,2074,,100550
JEY,2075,,100466
JEY,2076,,100400
JEY,2077,,100328
JEY,2078,,100249
JEY,2079,,100202
JEY,2080,,100161
JEY,2081,,100127
JEY,2082,,100112
JEY,2083,,100098
JEY,2084,,100070
JEY,2085,,100033
JEY,2086,,100005
JEY,2087,,99988
JEY,2088,,100002
JEY,2089,,100011
JEY,2090,,100005
JEY,2091,,99993
JEY,2092,,99978
JEY,2093,,99972
JEY,2094,,99951
JEY,2095,,99938
JEY,2096,,99923
JEY,2097,,99893
JEY,2098,,99864
JEY,2099,,99842
JEY,2100,,99818
JOR,1950,438808,
JOR,1951,471160,
JOR,1952,506449,
JOR,1953,544109,
JOR,1954,583856,
JOR,1955,625572,
JOR,1956,669110,
JOR,1957,714362,
JOR,1958,760829,
JOR,1959,807612,
JOR,1960,853471,
JOR,1961,897599,
JOR,1962,940564,
JOR,1963,984720,
JOR,1964,1035644,
JOR,1965,1099446,
JOR,1966,1178371,
JOR,1967,1271186,
JOR,1968,1372468,
JOR,1969,1473101,
JOR,1970,1565172,
JOR,1971,1645148,
JOR,1972,1714562,
JOR,1973,1778096,
JOR,1974,1839191,
JOR,1975,1899059,
JOR,1976,1958181,
JOR,1977,2019008,
JOR,1978,2083604,
JOR,1979,2153891,
JOR,1980,2234192,
JOR,1981,2325528,
JOR,1982,2426933,
JOR,1983,2537307,
JOR,1984,2654689,
JOR,1985,2778819,
JOR,1986,2909896,
JOR,1987,3047634,
JOR,1988,3193044,
JOR,1989,3349638,
JOR,1990,3621915,
JOR,1991,3915152,
JOR,1992,4127699,
JOR,1993,4348018,
JOR,1994,4561409,
JOR,1995,4752097,
JOR,1996,4912518,
JOR,1997,5046287,
JOR,1998,5164290,
JOR,1999,5276450,
JOR,2000,5386945,
JOR,2001,5498900,
JOR,2002,5616077,
JOR,2003,5741837,
JOR,2004,5882066,
JOR,2005,6029597,
JOR,2006,6427377,
JOR,2007,6827235,
JOR,2008,6989874,
JOR,2009,7141763,
JOR,2010,7297046,
JOR,2011,7480431,
JOR,2012,7587133,
JOR,2013,7991812,
JOR,2014,8791715,
JOR,2015,9544730,
JOR,2016,10006369,
JOR,2017,10234227,
JOR,2018,10462310,
JOR,2019,10671893,
JOR,2020,10865232,
JOR,2021,11066356,
JOR,2022,11256269,
JOR,2023,11439220,
JOR,2024,,11552885
JOR,2025,,11520687
JOR,2026,,11589538
JOR,2027,,11819463
JOR,2028,,12034469
JOR,2029,,12245734
JOR,2030,,12448782
JOR,2031,,12652555
JOR,2032,,12854937
JOR,2033,,13050724
JOR,2034,,13245168
JOR,2035,,13440832
JOR,2036,,13638256
JOR,2037,,13840248
JOR,2038,,14048314
JOR,2039,,14256694
JOR,2040,,14471300
JOR,2041,,14684509
JOR,2042,,14883652
JOR,2043,,15077800
JOR,2044,,15273538
JOR,2045,,15471984
JOR,2046,,15662324
JOR,2047,,15841632
JOR,2048,,16021387
JOR,2049,,16197530
JOR,2050,,16367354
JOR,2051,,16525166
JOR,2052,,16677353
JOR,2053,,16823321
JOR,2054,,16956681
JOR,2055,,17095221
JOR,2056,,17233708
JOR,2057,,17373495
JOR,2058,,17518518
JOR,2059,,17661657
JOR,2060,,17802218
JOR,2061,,17941850
JOR,2062,,18086510
JOR,2063,,18226834
JOR,2064,,18354204
JOR,2065,,18482931
JOR,2066,,18618247
JOR,2067,,18743986
JOR,2068,,18871543
JOR,2069,,18994674
JOR,2070,,19109773
JOR,2071,,19228814
JOR,2072,,19340975
JOR,2073,,19448794
JOR,2074,,19550211
JOR,2075,,19651665
JOR,2076,,19751546
JOR,2077,,19843954
JOR,2078,,19932951
JOR,2079,,20021905
JOR,2080,,20110176
JOR,2081,,20201132
JOR,2082,,20292452
JOR,2083,,20365562
JOR,2084,,20429441
JOR,2085,,20502154
JOR,2086,,20572857
JOR,2087,,20639548
JOR,2088,,20709339
JOR,2089,,20784734
JOR,2090,,20857937
JOR,2091,,20933074
JOR,2092,,21000274
JOR,2093,,21049190
JOR,2094,,21089734
JOR,2095,,21134977
JOR,2096,,21180748
JOR,2097,,21216869
JOR,2098,,21257057
JOR,2099,,21292057
JOR,2100,,21322922
KAZ,1950,6787149,
KAZ,1951,7020910,
KAZ,1952,7258805,
KAZ,1953,7498485,
KAZ,1954,7742036,
KAZ,1955,7993636,
KAZ,1956,8256704,
KAZ,1957,8533907,
KAZ,1958,8822638,
KAZ,1959,9122174,
KAZ,1960,9429982,
KAZ,1961,9742081,
KAZ,1962,10058937,
KAZ,1963,10377471,
KAZ,1964,10690312,
KAZ,1965,10993195,
KAZ,1966,11288989,
KAZ,1967,11584428,
KAZ,1968,11879184,
KAZ,1969,12156219,
KAZ,1970,12419056,
KAZ,1971,12684817,
KAZ,1972,12951805,
KAZ,1973,13208122,
KAZ,1974,13454576,
KAZ,1975,13700850,
KAZ,1976,13998737,
KAZ,1977,14353262,
KAZ,1978,14711507,
KAZ,1979,14978703,
KAZ,1980,15152953,
KAZ,1981,15323086,
KAZ,1982,15492597,
KAZ,1983,15665554,
KAZ,1984,15844620,
KAZ,1985,16031087,
KAZ,1986,16262697,
KAZ,1987,16527717,
KAZ,1988,16781167,
KAZ,1989,16997012,
KAZ,1990,17154060,
KAZ,1991,17278604,
KAZ,1992,17332624,
KAZ,1993,17274487,
KAZ,1994,17043775,
KAZ,1995,16730541,
KAZ,1996,16416036,
KAZ,1997,16043250,
KAZ,1998,15647789,
KAZ,1999,15455877,
KAZ,2000,15501108,
KAZ,2001,15575550,
KAZ,2002,15656680,
KAZ,2003,15747377,
KAZ,2004,15850164,
KAZ,2005,15968118,
KAZ,2006,16103718,
KAZ,2007,16257212,
KAZ,2008,16426527,
KAZ,2009,16619851,
KAZ,2010,16836808,
KAZ,2011,17065996,
KAZ,2012,17306115,
KAZ,2013,17556502,
KAZ,2014,17816285,
KAZ,2015,18084175,
KAZ,2016,18363600,
KAZ,2017,18651931,
KAZ,2018,18932725,
KAZ,2019,19209556,
KAZ,2020,19482116,
KAZ,2021,19743607,
KAZ,2022,20034612,
KAZ,2023,20330109,
KAZ,2024,,20592574
KAZ,2025,,20843758
KAZ,2026,,21083624
KAZ,2027,,21316181
KAZ,2028,,21547643
KAZ,2029,,21777013
KAZ,2030,,22003196
KAZ,2031,,22227050
KAZ,2032,,22452644
KAZ,2033,,22679382
KAZ,2034,,22903214
KAZ,2035,,23125955
KAZ,2036,,23349076
KAZ,2037,,23571238
KAZ,2038,,23793392
KAZ,2039,,24017892
KAZ,2040,,24246827
KAZ,2041,,24477617
KAZ,2042,,24707979
KAZ,2043,,24941025
KAZ,2044,,25175230
KAZ,2045,,25409754
KAZ,2046,,25642874
KAZ,2047,,25875749
KAZ,2048,,26106840
KAZ,2049,,26328904
KAZ,2050,,26544266
KAZ,2051,,26757516
KAZ,2052,,26968776
KAZ,2053,,27178456
KAZ,2054,,27381508
KAZ,2055,,27579344
KAZ,2056,,27775250
KAZ,2057,,27960425
KAZ,2058,,28136675
KAZ,2059,,28312100
KAZ,2060,,28484444
KAZ,2061,,28653108
KAZ,2062,,28818814
KAZ,2063,,28981903
KAZ,2064,,29143060
KAZ,2065,,29303375
KAZ,2066,,29460468
KAZ,2067,,29611758
KAZ,2068,,29761745
KAZ,2069,,29916212
KAZ,2070,,30071403
KAZ,2071,,30222731
KAZ,2072,,30371501
KAZ,2073,,30517496
KAZ,2074,,30665643
KAZ,2075,,30815217
KAZ,2076,,30962531
KAZ,2077,,31108953
KAZ,2078,,31255244
KAZ,2079,,31395504
KAZ,2080,,31531226
KAZ,2081,,31668555
KAZ,2082,,31799874
KAZ,2083,,31929996
KAZ,2084,,32061035
KAZ,2085,,32186676
KAZ,2086,,32310195
KAZ,2087,,32432800
KAZ,2088,,32549352
KAZ,2089,,32659083
KAZ,2090,,32766009
KAZ,2091,,32870137
KAZ,2092,,32969504
KAZ,2093,,33067867
KAZ,2094,,33167332
KAZ,2095,,33265689
KAZ,2096,,33360459
KAZ,2097,,33445672
KAZ,2098,,33523832
KAZ,2099,,33599943
KAZ,2100,,33672176
KEN,1950,5769190,
KEN,1951,5893576,
KEN,1952,6033296,
KEN,1953,6183900,
KEN,1954,6348143,
KEN,1955,6529301,
KEN,1956,6727685,
KEN,1957,6944873,
KEN,1958,7174794,
KEN,1959,7422742,
KEN,1960,7695310,
KEN,1961,7987768,
KEN,1962,8299311,
KEN,1963,8627972,
KEN,1964,8973539,
KEN,1965,9338084,
KEN,1966,9717825,
KEN,1967,10111061,
KEN,1968,10518828,
KEN,1969,10939697,
KEN,1970,11368806,
KEN,1971,11788906,
KEN,1972,12206063,
KEN,1973,12634841,
KEN,1974,13070078,
KEN,1975,13511672,
KEN,1976,13957620,
KEN,1977,14428824,
KEN,1978,14934127,
KEN,1979,15460668,
KEN,1980,16018465,
KEN,1981,16601510,
KEN,1982,17206177,
KEN,1983,17846374,
KEN,1984,18514908,
KEN,1985,19201772,
KEN,1986,19901643,
KEN,1987,20616091,
KEN,1988,21356222,
KEN,1989,22118437,
KEN,1990,22892655,
KEN,1991,23646514,
KEN,1992,24382466,
KEN,1993,25117192,
KEN,1994,25857136,
KEN,1995,26601753,
KEN,1996,27344211,
KEN,1997,28101762,
KEN,1998,28888063,
KEN,1999,29733413,
KEN,2000,30642893,
KEN,2001,31619170,
KEN,2002,32629809,
KEN,2003,33652233,
KEN,2004,34713453,
KEN,2005,35796485,
KEN,2006,36904010,
KEN,2007,38036354,
KEN,2008,39206349,
KEN,2009,40408887,
KEN,2010,41598570,
KEN,2011,42758467,
KEN,2012,43888306,
KEN,2013,44986794,
KEN,2014,46051441,
KEN,2015,47088528,
KEN,2016,48139683,
KEN,2017,49197757,
KEN,2018,50207109,
KEN,2019,51202829,
KEN,2020,52217327,
KEN,2021,53219167,
KEN,2022,54252458,
KEN,2023,55339007,
KEN,2024,,56432946
KEN,2025,,57532491
KEN,2026,,58636406
KEN,2027,,59745754
KEN,2028,,60860447
KEN,2029,,61979189
KEN,2030,,63102241
KEN,2031,,64230111
KEN,2032,,65359034
KEN,2033,,66484807
KEN,2034,,67604631
KEN,2035,,68715910
KEN,2036,,69818890
KEN,2037,,70910405
KEN,2038,,71990931
KEN,2039,,73057762
KEN,2040,,74108861
KEN,2041,,75144360
KEN,2042,,76161722
KEN,2043,,77159122
KEN,2044,,78134980
KEN,2045,,79088835
KEN,2046,,80022374
KEN,2047,,80938638
KEN,2048,,81837660
KEN,2049,,82721768
KEN,2050,,83593234
KEN,2051,,84451672
KEN,2052,,85294268
KEN,2053,,86120945
KEN,2054,,86932927
KEN,2055,,87732156
KEN,2056,,88519874
KEN,2057,,89300076
KEN,2058,,90072741
KEN,2059,,90829761
KEN,2060,,91569583
KEN,2061,,92293869
KEN,2062,,93001109
KEN,2063,,93685080
KEN,2064,,94345002
KEN,2065,,94982481
KEN,2066,,95598343
KEN,2067,,96191423
KEN,2068,,96760576
KEN,2069,,97305741
KEN,2070,,97825659
KEN,2071,,98322810
KEN,2072,,98797655
KEN,2073,,99244967
KEN,2074,,99664910
KEN,2075,,100062627
KEN,2076,,100440791
KEN,2077,,100797991
KEN,2078,,101131618
KEN,2079,,101445389
KEN,2080,,101743624
KEN,2081,,102022678
KEN,2082,,102279087
KEN,2083,,102517575
KEN,2084,,102739284
KEN,2085,,102945212
KEN,2086,,103137631
KEN,2087,,103314927
KEN,2088,,103478201
KEN,2089,,103628694
KEN,2090,,103764121
KEN,2091,,103881422
KEN,2092,,103980502
KEN,2093,,104061380
KEN,2094,,104125115
KEN,2095,,104175475
KEN,2096,,104212775
KEN,2097,,104231299
KEN,2098,,104234505
KEN,2099,,104224941
KEN,2100,,104195498
KIR,1950,37871,
KIR,1951,38644,
KIR,1952,39449,
KIR,1953,40285,
KIR,1954,41151,
KIR,1955,42062,
KIR,1956,43009,
KIR,1957,43992,
KIR,1958,45005,
KIR,1959,46061,
KIR,1960,47177,
KIR,1961,48347,
KIR,1962,49562,
KIR,1963,50812,
KIR,1964,52106,
KIR,1965,53452,
KIR,1966,54449,
KIR,1967,55016,
KIR,1968,55545,
KIR,1969,56380,
KIR,1970,57530,
KIR,1971,58672,
KIR,1972,59796,
KIR,1973,60839,
KIR,1974,61235,
KIR,1975,61011,
KIR,1976,60683,
KIR,1977,60285,
KIR,1978,59878,
KIR,1979,60192,
KIR,1980,61170,
KIR,1981,62137,
KIR,1982,63146,
KIR,1983,64183,
KIR,1984,65245,
KIR,1985,66510,
KIR,1986,68079,
KIR,1987,69749,
KIR,1988,71445,
KIR,1989,73164,
KIR,1990,74872,
KIR,1991,76385,
KIR,1992,77655,
KIR,1993,78853,
KIR,1994,80033,
KIR,1995,81251,
KIR,1996,82637,
KIR,1997,84161,
KIR,1998,85672,
KIR,1999,87139,
KIR,2000,88632,
KIR,2001,90350,
KIR,2002,92281,
KIR,2003,94189,
KIR,2004,96096,
KIR,2005,98045,
KIR,2006,100028,
KIR,2007,102081,
KIR,2008,104235,
KIR,2009,106479,
KIR,2010,108717,
KIR,2011,110660,
KIR,2012,112293,
KIR,2013,113847,
KIR,2014,115339,
KIR,2015,116826,
KIR,2016,118488,
KIR,2017,120288,
KIR,2018,122097,
KIR,2019,123928,
KIR,2020,126110,
KIR,2021,128387,
KIR,2022,130483,
KIR,2023,132540,
KIR,2024,,134521
KIR,2025,,136505
KIR,2026,,138456
KIR,2027,,140410
KIR,2028,,142340
KIR,2029,,144236
KIR,2030,,146135
KIR,2031,,148032
KIR,2032,,149919
KIR,2033,,151773
KIR,2034,,153605
KIR,2035,,155449
KIR,2036,,157318
KIR,2037,,159192
KIR,2038,,161054
KIR,2039,,162900
KIR,2040,,164716
KIR,2041,,166512
KIR,2042,,168331
KIR,2043,,170186
KIR,2044,,172017
KIR,2045,,173824
KIR,2046,,175633
KIR,2047,,177396
KIR,2048,,179157
KIR,2049,,180920
KIR,2050,,182635
KIR,2051,,184268
KIR,2052,,185877
KIR,2053,,187432
KIR,2054,,188945
KIR,2055,,190456
KIR,2056,,191934
KIR,2057,,193397
KIR,2058,,194821
KIR,2059,,196206
KIR,2060,,197519
KIR,2061,,198766
KIR,2062,,199956
KIR,2063,,201134
KIR,2064,,202286
KIR,2065,,203410
KIR,2066,,204498
KIR,2067,,205560
KIR,2068,,206608
KIR,2069,,207559
KIR,2070,,208471
KIR,2071,,209371
KIR,2072,,210225
KIR,2073,,211037
KIR,2074,,211847
KIR,2075,,212629
KIR,2076,,213391
KIR,2077,,214090
KIR,2078,,214772
KIR,2079,,215453
KIR,2080,,216112
KIR,2081,,216726
KIR,2082,,217320
KIR,2083,,217911
KIR,2084,,218466
KIR,2085,,218997
KIR,2086,,219489
KIR,2087,,219954
KIR,2088,,220402
KIR,2089,,220792
KIR,2090,,221165
KIR,2091,,221531
KIR,2092,,221833
KIR,2093,,222074
KIR,2094,,222270
KIR,2095,,222428
KIR,2096,,222526
KIR,2097,,222600
KIR,2098,,222640
KIR,2099,,222652
KIR,2100,,222652
OWID_KOS,1950,778478,
OWID_KOS,1951,794334,
OWID_KOS,1952,811028,
OWID_KOS,1953,828803,
OWID_KOS,1954,847888,
OWID_KOS,1955,868050,
OWID_KOS,1956,888716,
OWID_KOS,1957,910462,
OWID_KOS,1958,933647,
OWID_KOS,1959,958435,
OWID_KOS,1960,984854,
OWID_KOS,1961,1011427,
OWID_KOS,1962,1036956,
OWID_KOS,1963,1062744,
OWID_KOS,1964,1090279,
OWID_KOS,1965,1120177,
OWID_KOS,1966,1152591,
OWID_KOS,1967,1187672,
OWID_KOS,1968,1214211,
OWID_KOS,1969,1231466,
OWID_KOS,1970,1249555,
OWID_KOS,1971,1273025,
OWID_KOS,1972,1301582,
OWID_KOS,1973,1331181,
OWID_KOS,1974,1363127,
OWID_KOS,1975,1397692,
OWID_KOS,1976,1434881,
OWID_KOS,1977,1474465,
OWID_KOS,1978,1516249,
OWID_KOS,1979,1559795,
OWID_KOS,1980,1604825,
OWID_KOS,1981,1646567,
OWID_KOS,1982,1683172,
OWID_KOS,1983,1719252,
OWID_KOS,1984,1756816,
OWID_KOS,1985,1796023,
OWID_KOS,1986,1836981,
OWID_KOS,1987,1880597,
OWID_KOS,1988,1917885,
OWID_KOS,1989,1946342,
OWID_KOS,1990,1973789,
OWID_KOS,1991,2005365,
OWID_KOS,1992,2039723,
OWID_KOS,1993,2072671,
OWID_KOS,1994,2105260,
OWID_KOS,1995,2137514,
OWID_KOS,1996,2168751,
OWID_KOS,1997,2197286,
OWID_KOS,1998,2078972,
OWID_KOS,1999,1871527,
OWID_KOS,2000,1802488,
OWID_KOS,2001,1820013,
OWID_KOS,2002,1829467,
OWID_KOS,2003,1826436,
OWID_KOS,2004,1822778,
OWID_KOS,2005,1818356,
OWID_KOS,2006,1813077,
OWID_KOS,2007,1807098,
OWID_KOS,2008,1800861,
OWID_KOS,2009,1794688,
OWID_KOS,2010,1788756,
OWID_KOS,2011,1791949,
OWID_KOS,2012,1806538,
OWID_KOS,2013,1817171,
OWID_KOS,2014,1808983,
OWID_KOS,2015,1779019,
OWID_KOS,2016,1761765,
OWID_KOS,2017,1768125,
OWID_KOS,2018,1767748,
OWID_KOS,2019,1755048,
OWID_KOS,2020,1751413,
OWID_KOS,2021,1741449,
OWID_KOS,2022,1717950,
OWID_KOS,2023,1700039,
OWID_KOS,2024,,1684796
OWID_KOS,2025,,1674131
OWID_KOS,2026,,1666992
OWID_KOS,2027,,1663094
OWID_KOS,2028,,1661648
OWID_KOS,2029,,1661296
OWID_KOS,2030,,1661290
OWID_KOS,2031,,1662129
OWID_KOS,2032,,1663652
OWID_KOS,2033,,1665406
OWID_KOS,2034,,1667146
OWID_KOS,2035,,1668690
OWID_KOS,2036,,1670499
OWID_KOS,2037,,1672317
OWID_KOS,2038,,1673124
OWID_KOS,2039,,1673548
OWID_KOS,2040,,1673991
OWID_KOS,2041,,1673611
OWID_KOS,2042,,1672559
OWID_KOS,2043,,1671304
OWID_KOS,2044,,1669384
OWID_KOS,2045,,1666554
OWID_KOS,2046,,1662969
OWID_KOS,2047,,1659063
OWID_KOS,2048,,1654458
OWID_KOS,2049,,1649220
OWID_KOS,2050,,1643625
OWID_KOS,2051,,1637267
OWID_KOS,2052,,1630706
OWID_KOS,2053,,1623670
OWID_KOS,2054,,1616068
OWID_KOS,2055,,1608542
OWID_KOS,2056,,1600389
OWID_KOS,2057,,1591704
OWID_KOS,2058,,1583081
OWID_KOS,2059,,1574793
OWID_KOS,2060,,1566396
OWID_KOS,2061,,1557587
OWID_KOS,2062,,1548878
OWID_KOS,2063,,1539822
OWID_KOS,2064,,1530474
OWID_KOS,2065,,1520862
OWID_KOS,2066,,1511299
OWID_KOS,2067,,1501906
OWID_KOS,2068,,1492074
OWID_KOS,2069,,1481916
OWID_KOS,2070,,1471703
OWID_KOS,2071,,1461489
OWID_KOS,2072,,1450838
OWID_KOS,2073,,1439470
OWID_KOS,2074,,1427690
OWID_KOS,2075,,1416052
OWID_KOS,2076,,1404531
OWID_KOS,2077,,1392730
OWID_KOS,2078,,1380741
OWID_KOS,2079,,1368486
OWID_KOS,2080,,1355926
OWID_KOS,2081,,1343399
OWID_KOS,2082,,1330849
OWID_KOS,2083,,1318002
OWID_KOS,2084,,1304937
OWID_KOS,2085,,1291943
OWID_KOS,2086,,1278793
OWID_KOS,2087,,1265594
OWID_KOS,2088,,1252348
OWID_KOS,2089,,1238929
OWID_KOS,2090,,1225542
OWID_KOS,2091,,1212181
OWID_KOS,2092,,1198987
OWID_KOS,2093,,1185844
OWID_KOS,2094,,1172620
OWID_KOS,2095,,1159321
OWID_KOS,2096,,1146066
OWID_KOS,2097,,1133047
OWID_KOS,2098,,1120200
OWID_KOS,2099,,1107447
OWID_KOS,2100,,1094725
KWT,1950,153973,
KWT,1951,158462,
KWT,1952,163169,
KWT,1953,168102,
KWT,1954,173256,
KWT,1955,186125,
KWT,1956,207222,
KWT,1957,227052,
KWT,1958,250216,
KWT,1959,279532,
KWT,1960,311066,
KWT,1961,345953,
KWT,1962,385005,
KWT,1963,427702,
KWT,1964,473122,
KWT,1965,521180,
KWT,1966,572597,
KWT,1967,628104,
KWT,1968,687726,
KWT,1969,749460,
KWT,1970,809118,
KWT,1971,865079,
KWT,1972,920358,
KWT,1973,977665,
KWT,1974,1038354,
KWT,1975,1104869,
KWT,1976,1178717,
KWT,1977,1258029,
KWT,1978,1340323,
KWT,1979,1423523,
KWT,1980,1504789,
KWT,1981,1583428,
KWT,1982,1662489,
KWT,1983,1744302,
KWT,1984,1820692,
KWT,1985,1894255,
KWT,1986,1972520,
KWT,1987,2053007,
KWT,1988,2134708,
KWT,1989,2217470,
KWT,1990,1684833,
KWT,1991,1351403,
KWT,1992,1634968,
KWT,1993,1672158,
KWT,1994,1664371,
KWT,1995,1681518,
KWT,1996,1730255,
KWT,1997,1787692,
KWT,1998,1844308,
KWT,1999,1900035,
KWT,2000,1954713,
KWT,2001,2008127,
KWT,2002,2059983,
KWT,2003,2109886,
KWT,2004,2157329,
KWT,2005,2236797,
KWT,2006,2364741,
KWT,2007,2507890,
KWT,2008,2651433,
KWT,2009,2795489,
KWT,2010,2943374,
KWT,2011,3132815,
KWT,2012,3337025,
KWT,2013,3507755,
KWT,2014,3665769,
KWT,2015,3834465,
KWT,2016,4003976,
KWT,2017,4154686,
KWT,2018,4323389,
KWT,2019,4442201,
KWT,2020,4400146,
KWT,2021,4360748,
KWT,2022,4589514,
KWT,2023,4838781,
KWT,2024,,4934508
KWT,2025,,5026079
KWT,2026,,5102771
KWT,2027,,5168370
KWT,2028,,5224923
KWT,2029,,5276041
KWT,2030,,5324200
KWT,2031,,5371645
KWT,2032,,5419953
KWT,2033,,5469087
KWT,2034,,5519018
KWT,2035,,5569671
KWT,2036,,5620962
KWT,2037,,5672833
KWT,2038,,5725241
KWT,2039,,5778079
KWT,2040,,5831215
KWT,2041,,5884646
KWT,2042,,5938322
KWT,2043,,5992102
KWT,2044,,6045939
KWT,2045,,6099779
KWT,2046,,6153486
KWT,2047,,6207105
KWT,2048,,6260708
KWT,2049,,6314249
KWT,2050,,6367757
KWT,2051,,6421244
KWT,2052,,6474687
KWT,2053,,6528195
KWT,2054,,6581816
KWT,2055,,6635639
KWT,2056,,6689767
KWT,2057,,6744320
KWT,2058,,6799342
KWT,2059,,6854811
KWT,2060,,6910763
KWT,2061,,6967290
KWT,2062,,7024423
KWT,2063,,7082173
KWT,2064,,7140416
KWT,2065,,7199168
KWT,2066,,7258526
KWT,2067,,7318525
KWT,2068,,7379177
KWT,2069,,7440491
KWT,2070,,7502420
KWT,2071,,7564961
KWT,2072,,7628236
KWT,2073,,7692174
KWT,2074,,7756639
KWT,2075,,7821656
KWT,2076,,7887245
KWT,2077,,7953385
KWT,2078,,8020026
KWT,2079,,8087147
KWT,2080,,8154794
KWT,2081,,8222982
KWT,2082,,8291580
KWT,2083,,8360632
KWT,2084,,8430147
KWT,2085,,8500141
KWT,2086,,8570633
KWT,2087,,8641623
KWT,2088,,8713130
KWT,2089,,8785094
KWT,2090,,8857415
KWT,2091,,8930126
KWT,2092,,9003283
KWT,2093,,9076846
KWT,2094,,9150784
KWT,2095,,9225075
KWT,2096,,9299728
KWT,2097,,9374694
KWT,2098,,9449953
KWT,2099,,9525707
KWT,2100,,9602012
KGZ,1950,1751141,
KGZ,1951,1787518,
KGZ,1952,1824592,
KGZ,1953,1862537,
KGZ,1954,1902146,
KGZ,1955,1944409,
KGZ,1956,1989628,
KGZ,1957,2038322,
KGZ,1958,2090857,
KGZ,1959,2149301,
KGZ,1960,2215517,
KGZ,1961,2288672,
KGZ,1962,2367299,
KGZ,1963,2449247,
KGZ,1964,2532153,
KGZ,1965,2615065,
KGZ,1966,2697630,
KGZ,1967,2780172,
KGZ,1968,2862894,
KGZ,1969,2944842,
KGZ,1970,3025143,
KGZ,1971,3101444,
KGZ,1972,3173948,
KGZ,1973,3244873,
KGZ,1974,3314025,
KGZ,1975,3381368,
KGZ,1976,3447009,
KGZ,1977,3514133,
KGZ,1978,3584533,
KGZ,1979,3656193,
KGZ,1980,3729372,
KGZ,1981,3804455,
KGZ,1982,3882820,
KGZ,1983,3965765,
KGZ,1984,4039348,
KGZ,1985,4102389,
KGZ,1986,4168594,
KGZ,1987,4238467,
KGZ,1988,4308022,
KGZ,1989,4381999,
KGZ,1990,4459545,
KGZ,1991,4532124,
KGZ,1992,4600308,
KGZ,1993,4626809,
KGZ,1994,4649190,
KGZ,1995,4713641,
KGZ,1996,4782885,
KGZ,1997,4847998,
KGZ,1998,4907792,
KGZ,1999,4968593,
KGZ,2000,5025150,
KGZ,2001,5071960,
KGZ,2002,5116252,
KGZ,2003,5159422,
KGZ,2004,5203048,
KGZ,2005,5246337,
KGZ,2006,5282451,
KGZ,2007,5313376,
KGZ,2008,5342530,
KGZ,2009,5398013,
KGZ,2010,5491763,
KGZ,2011,5594537,
KGZ,2012,5696521,
KGZ,2013,5797294,
KGZ,2014,5898322,
KGZ,2015,6001876,
KGZ,2016,6108460,
KGZ,2017,6220148,
KGZ,2018,6341733,
KGZ,2019,6494036,
KGZ,2020,6664143,
KGZ,2021,6820483,
KGZ,2022,6955792,
KGZ,2023,7073523,
KGZ,2024,,7186014
KGZ,2025,,7295037
KGZ,2026,,7400471
KGZ,2027,,7503688
KGZ,2028,,7604987
KGZ,2029,,7704599
KGZ,2030,,7803622
KGZ,2031,,7901640
KGZ,2032,,7998032
KGZ,2033,,8093245
KGZ,2034,,8188029
KGZ,2035,,8282418
KGZ,2036,,8376695
KGZ,2037,,8470762
KGZ,2038,,8565550
KGZ,2039,,8661481
KGZ,2040,,8757705
KGZ,2041,,8853444
KGZ,2042,,8947731
KGZ,2043,,9040759
KGZ,2044,,9132379
KGZ,2045,,9222111
KGZ,2046,,9309339
KGZ,2047,,9394478
KGZ,2048,,9478923
KGZ,2049,,9561878
KGZ,2050,,9642949
KGZ,2051,,9722165
KGZ,2052,,9798322
KGZ,2053,,9871981
KGZ,2054,,9943971
KGZ,2055,,10013603
KGZ,2056,,10081937
KGZ,2057,,10149499
KGZ,2058,,10215695
KGZ,2059,,10279568
KGZ,2060,,10341132
KGZ,2061,,10402165
KGZ,2062,,10462846
KGZ,2063,,10522918
KGZ,2064,,10581013
KGZ,2065,,10637333
KGZ,2066,,10693891
KGZ,2067,,10749990
KGZ,2068,,10805111
KGZ,2069,,10859504
KGZ,2070,,10912873
KGZ,2071,,10965152
KGZ,2072,,11016152
KGZ,2073,,11064303
KGZ,2074,,11110546
KGZ,2075,,11157072
KGZ,2076,,11201323
KGZ,2077,,11242315
KGZ,2078,,11281740
KGZ,2079,,11319251
KGZ,2080,,11354768
KGZ,2081,,11388714
KGZ,2082,,11420527
KGZ,2083,,11451085
KGZ,2084,,11481159
KGZ,2085,,11509646
KGZ,2086,,11536084
KGZ,2087,,11560452
KGZ,2088,,11582968
KGZ,2089,,11603779
KGZ,2090,,11622641
KGZ,2091,,11639792
KGZ,2092,,11655430
KGZ,2093,,11670467
KGZ,2094,,11685344
KGZ,2095,,11698455
KGZ,2096,,11709158
KGZ,2097,,11717920
KGZ,2098,,11723982
KGZ,2099,,11727476
KGZ,2100,,11729826
,1950,104396342,
,1951,106630098,
,1952,108934616,
,1953,111300261,
,1954,113736568,
,1955,116267278,
,1956,118907137,
,1957,121597422,
,1958,124314809,
,1959,127237213,
,1960,130398987,
,1961,133721662,
,1962,137173489,
,1963,140711422,
,1964,144375167,
,1965,148133299,
,1966,151923681,
,1967,155810122,
,1968,159819488,
,1969,163870444,
,1970,167940511,
,1971,172050044,
,1972,176139430,
,1973,180348909,
,1974,184771652,
,1975,189262138,
,1976,193925194,
,1977,198580069,
,1978,203217743,
,1979,207478632,
,1980,211076394,
,1981,214780014,
,1982,219422183,
,1983,224757207,
,1984,230303185,
,1985,235994793,
,1986,241767393,
,1987,247971016,
,1988,254598522,
,1989,261455041,
,1990,268153621,
,1991,275286217,
,1992,283262465,
,1993,290731417,
,1994,296136821,
,1995,301744210,
,1996,309365823,
,1997,316921407,
,1998,323883841,
,1999,331036123,
,2000,338056990,
,2001,345163241,
,2002,353522171,
,2003,362511507,
,2004,371251752,
,2005,380169041,
,2006,389461257,
,2007,398488172,
,2008,407885392,
,2009,417913443,
,2010,428110899,
,2011,438841182,
,2012,449724499,
,2013,460534124,
,2014,471366381,
,2015,482099632,
,2016,492884701,
,2017,503808946,
,2018,515439801,
,2019,528050256,
,2020,541140669,
,2021,553891682,
,2022,566128950,
,2023,579184956,
,2024,,592790370
,2025,,605977452
,2026,,619099080
,2027,,632444721
,2028,,646023184
,2029,,659748493
,2030,,673569434
,2031,,687456690
,2032,,701364854
,2033,,715283257
,2034,,729204658
,2035,,743154566
,2036,,757148240
,2037,,771158731
,2038,,785175043
,2039,,799226121
,2040,,813343114
,2041,,827451713
,2042,,841491972
,2043,,855548665
,2044,,869609777
,2045,,883600834
,2046,,897570824
,2047,,911511923
,2048,,925402612
,2049,,939249616
,2050,,952944603
,2051,,966500983
,2052,,980036747
,2053,,993502346
,2054,,1006851898
,2055,,1020080143
,2056,,1033229335
,2057,,1046256843
,2058,,1059105677
,2059,,1071821070
,2060,,1084403636
,2061,,1096848343
,2062,,1109151672
,2063,,1121299898
,2064,,1133331999
,2065,,1145245739
,2066,,1156922436
,2067,,1168395937
,2068,,1179761734
,2069,,1190927923
,2070,,1201924604
,2071,,1212717195
,2072,,1223304388
,2073,,1233759444
,2074,,1243998993
,2075,,1253987284
,2076,,1263743694
,2077,,1273349426
,2078,,1282720450
,2079,,1291833529
,2080,,1300724276
,2081,,1309319551
,2082,,1317658490
,2083,,1325755688
,2084,,1333654031
,2085,,1341345958
,2086,,1348750244
,2087,,1355948593
,2088,,1362881953
,2089,,1369550393
,2090,,1376086162
,2091,,1382341065
,2092,,1388293461
,2093,,1394054353
,2094,,1399618024
,2095,,1404944135
,2096,,1410076056
,2097,,1415036663
,2098,,1419746955
,2099,,1424216570
,2100,,1428478133
LAO,1950,1684556,
LAO,1951,1725246,
LAO,1952,1766187,
LAO,1953,1807820,
LAO,1954,1850134,
LAO,1955,1893226,
LAO,1956,1937237,
LAO,1957,1982140,
LAO,1958,2028028,
LAO,1959,2074484,
LAO,1960,2121517,
LAO,1961,2169800,
LAO,1962,2219918,
LAO,1963,2271068,
LAO,1964,2322828,
LAO,1965,2376200,
LAO,1966,2431088,
LAO,1967,2487719,
LAO,1968,2546381,
LAO,1969,2606965,
LAO,1970,2669703,
LAO,1971,2734637,
LAO,1972,2801657,
LAO,1973,2870578,
LAO,1974,2939759,
LAO,1975,3005524,
LAO,1976,3064882,
LAO,1977,3118926,
LAO,1978,3171753,
LAO,1979,3228198,
LAO,1980,3292575,
LAO,1981,3366638,
LAO,1982,3450022,
LAO,1983,3541003,
LAO,1984,3637845,
LAO,1985,3739985,
LAO,1986,3846720,
LAO,1987,3957624,
LAO,1988,4072608,
LAO,1989,4190972,
LAO,1990,4311960,
LAO,1991,4435121,
LAO,1992,4559650,
LAO,1993,4685064,
LAO,1994,4809223,
LAO,1995,4929410,
LAO,1996,5045686,
LAO,1997,5152015,
LAO,1998,5248273,
LAO,1999,5340784,
LAO,2000,5431213,
LAO,2001,5521481,
LAO,2002,5610888,
LAO,2003,5697944,
LAO,2004,5781627,
LAO,2005,5869531,
LAO,2006,5963199,
LAO,2007,6056237,
LAO,2008,6148974,
LAO,2009,6241649,
LAO,2010,6334198,
LAO,2011,6426592,
LAO,2012,6518981,
LAO,2013,6611385,
LAO,2014,6703170,
LAO,2015,6801647,
LAO,2016,6908800,
LAO,2017,7018150,
LAO,2018,7128043,
LAO,2019,7237635,
LAO,2020,7346534,
LAO,2021,7453192,
LAO,2022,7559008,
LAO,2023,7665001,
LAO,2024,,7769823
LAO,2025,,7873048
LAO,2026,,7974024
LAO,2027,,8072929
LAO,2028,,8169798
LAO,2029,,8264399
LAO,2030,,8357028
LAO,2031,,8447772
LAO,2032,,8536453
LAO,2033,,8622828
LAO,2034,,8706831
LAO,2035,,8788764
LAO,2036,,8868884
LAO,2037,,8947245
LAO,2038,,9023869
LAO,2039,,9097893
LAO,2040,,9169002
LAO,2041,,9238113
LAO,2042,,9305409
LAO,2043,,9370054
LAO,2044,,9432314
LAO,2045,,9492506
LAO,2046,,9550346
LAO,2047,,9605808
LAO,2048,,9659041
LAO,2049,,9709619
LAO,2050,,9757284
LAO,2051,,9802790
LAO,2052,,9845848
LAO,2053,,9886185
LAO,2054,,9923708
LAO,2055,,9958053
LAO,2056,,9989660
LAO,2057,,10019092
LAO,2058,,10045952
LAO,2059,,10069849
LAO,2060,,10090958
LAO,2061,,10109541
LAO,2062,,10125233
LAO,2063,,10138215
LAO,2064,,10148784
LAO,2065,,10156758
LAO,2066,,10162668
LAO,2067,,10166113
LAO,2068,,10166797
LAO,2069,,10164933
LAO,2070,,10160172
LAO,2071,,10153544
LAO,2072,,10145162
LAO,2073,,10134198
LAO,2074,,10120902
LAO,2075,,10105663
LAO,2076,,10089022
LAO,2077,,10070411
LAO,2078,,10049640
LAO,2079,,10027217
LAO,2080,,10003389
LAO,2081,,9978225
LAO,2082,,9951552
LAO,2083,,9923266
LAO,2084,,9893565
LAO,2085,,9862425
LAO,2086,,9829590
LAO,2087,,9795452
LAO,2088,,9759967
LAO,2089,,9723202
LAO,2090,,9685340
LAO,2091,,9646344
LAO,2092,,9606418
LAO,2093,,9565637
LAO,2094,,9523909
LAO,2095,,9481490
LAO,2096,,9438366
LAO,2097,,9394351
LAO,2098,,9349291
LAO,2099,,9303189
LAO,2100,,9256282
,1950,167782164,
,1951,172178661,
,1952,176742748,
,1953,181465137,
,1954,186352240,
,1955,191408098,
,1956,196635242,
,1957,202034636,
,1958,207597407,
,1959,213338420,
,1960,219267876,
,1961,225391661,
,1962,231696480,
,1963,238151653,
,1964,244733712,
,1965,251412632,
,1966,258167633,
,1967,264985011,
,1968,271854378,
,1969,278778842,
,1970,285740931,
,1971,292776290,
,1972,299924706,
,1973,307173853,
,1974,314507393,
,1975,321910244,
,1976,329387956,
,1977,336994366,
,1978,344747765,
,1979,352587364,
,1980,360493168,
,1981,368410523,
,1982,376371991,
,1983,384476546,
,1984,392668981,
,1985,400865350,
,1986,409041727,
,1987,417217346,
,1988,425425705,
,1989,433640825,
,1990,441884652,
,1991,450078869,
,1992,458219793,
,1993,466312638,
,1994,474323146,
,1995,482311059,
,1996,490233948,
,1997,498098883,
,1998,505972763,
,1999,513769070,
,2000,521323343,
,2001,528625862,
,2002,535741246,
,2003,542687947,
,2004,549493922,
,2005,556212183,
,2006,562854899,
,2007,569468003,
,2008,576049107,
,2009,582545349,
,2010,588907847,
,2011,595242690,
,2012,601576915,
,2013,607837506,
,2014,614015229,
,2015,620042605,
,2016,625922637,
,2017,631575439,
,2018,637012157,
,2019,642195534,
,2020,646729383,
,2021,650465295,
,2022,654366789,
,2023,658891516,
,2024,,663466076
,2025,,667888546
,2026,,672135563
,2027,,676242119
,2028,,680211407
,2029,,684041745
,2030,,687743393
,2031,,691312954
,2032,,694747552
,2033,,698044240
,2034,,701205840
,2035,,704227198
,2036,,707097626
,2037,,709812915
,2038,,712378599
,2039,,714786708
,2040,,717030334
,2041,,719105583
,2042,,721007166
,2043,,722733885
,2044,,724286043
,2045,,725664819
,2046,,726872061
,2047,,727916668
,2048,,728798612
,2049,,729507272
,2050,,730056741
,2051,,730453895
,2052,,730692834
,2053,,730775260
,2054,,730698833
,2055,,730474631
,2056,,730104226
,2057,,729585206
,2058,,728928751
,2059,,728133599
,2060,,727195653
,2061,,726127667
,2062,,724931392
,2063,,723606996
,2064,,722160918
,2065,,720589571
,2066,,718893815
,2067,,717084487
,2068,,715163498
,2069,,713131083
,2070,,710988371
,2071,,708741417
,2072,,706395414
,2073,,703947364
,2074,,701403927
,2075,,698771012
,2076,,696049046
,2077,,693237718
,2078,,690336046
,2079,,687350875
,2080,,684287683
,2081,,681150897
,2082,,677950249
,2083,,674691973
,2084,,671375547
,2085,,667998347
,2086,,664562141
,2087,,661078645
,2088,,657557872
,2089,,653999118
,2090,,650403344
,2091,,646778681
,2092,,643132505
,2093,,639460720
,2094,,635766057
,2095,,632057048
,2096,,628336218
,2097,,624611405
,2098,,620885821
,2099,,617164205
,2100,,613447221
LVA,1950,1918725,
LVA,1951,1933918,
LVA,1952,1949540,
LVA,1953,1965203,
LVA,1954,1982039,
LVA,1955,2000467,
LVA,1956,2019509,
LVA,1957,2040121,
LVA,1958,2063294,
LVA,1959,2096983,
LVA,1960,2131169,
LVA,1961,2157173,
LVA,1962,2182287,
LVA,1963,2205804,
LVA,1964,2229753,
LVA,1965,2252769,
LVA,1966,2274356,
LVA,1967,2296080,
LVA,1968,2317286,
LVA,1969,2337663,
LVA,1970,2357559,
LVA,1971,2377075,
LVA,1972,2395871,
LVA,1973,2415773,
LVA,1974,2436994,
LVA,1975,2455780,
LVA,1976,2470541,
LVA,1977,2484605,
LVA,1978,2497364,
LVA,1979,2505526,
LVA,1980,2511756,
LVA,1981,2519972,
LVA,1982,2532020,
LVA,1983,2546976,
LVA,1984,2562773,
LVA,1985,2579237,
LVA,1986,2599784,
LVA,1987,2625969,
LVA,1988,2652250,
LVA,1989,2664839,
LVA,1990,2660131,
LVA,1991,2648933,
LVA,1992,2614833,
LVA,1993,2563820,
LVA,1994,2521238,
LVA,1995,2485948,
LVA,1996,2457907,
LVA,1997,2433229,
LVA,1998,2410217,
LVA,1999,2390822,
LVA,2000,2368320,
LVA,2001,2338299,
LVA,2002,2311358,
LVA,2003,2288983,
LVA,2004,2264179,
LVA,2005,2239787,
LVA,2006,2219039,
LVA,2007,2200774,
LVA,2008,2177710,
LVA,2009,2142044,
LVA,2010,2097834,
LVA,2011,2059940,
LVA,2012,2034639,
LVA,2013,2013004,
LVA,2014,1994153,
LVA,2015,1977874,
LVA,2016,1959863,
LVA,2017,1942599,
LVA,2018,1927586,
LVA,2019,1914267,
LVA,2020,1901119,
LVA,2021,1885593,
LVA,2022,1881059,
LVA,2023,1882399,
LVA,2024,,1871874
LVA,2025,,1853560
LVA,2026,,1835932
LVA,2027,,1821563
LVA,2028,,1807072
LVA,2029,,1792488
LVA,2030,,1777626
LVA,2031,,1762869
LVA,2032,,1748392
LVA,2033,,1734000
LVA,2034,,1719999
LVA,2035,,1706426
LVA,2036,,1693024
LVA,2037,,1679789
LVA,2038,,1666736
LVA,2039,,1653616
LVA,2040,,1640643
LVA,2041,,1627820
LVA,2042,,1615159
LVA,2043,,1602634
LVA,2044,,1590088
LVA,2045,,1577404
LVA,2046,,1564726
LVA,2047,,1552137
LVA,2048,,1539441
LVA,2049,,1526634
LVA,2050,,1513807
LVA,2051,,1501013
LVA,2052,,1487834
LVA,2053,,1474151
LVA,2054,,1460317
LVA,2055,,1446397
LVA,2056,,1432317
LVA,2057,,1418054
LVA,2058,,1403849
LVA,2059,,1389737
LVA,2060,,1375628
LVA,2061,,1361622
LVA,2062,,1347862
LVA,2063,,1334154
LVA,2064,,1320438
LVA,2065,,1306725
LVA,2066,,1293270
LVA,2067,,1280035
LVA,2068,,1266849
LVA,2069,,1253974
LVA,2070,,1241357
LVA,2071,,1228853
LVA,2072,,1216585
LVA,2073,,1204537
LVA,2074,,1192540
LVA,2075,,1180567
LVA,2076,,1168730
LVA,2077,,1157080
LVA,2078,,1145574
LVA,2079,,1134099
LVA,2080,,1122752
LVA,2081,,1111638
LVA,2082,,1100735
LVA,2083,,1089983
LVA,2084,,1079457
LVA,2085,,1069208
LVA,2086,,1059149
LVA,2087,,1049173
LVA,2088,,1039332
LVA,2089,,1029663
LVA,2090,,1020080
LVA,2091,,1010526
LVA,2092,,1001023
LVA,2093,,991619
LVA,2094,,982229
LVA,2095,,972816
LVA,2096,,963365
LVA,2097,,953920
LVA,2098,,944439
LVA,2099,,934903
LVA,2100,,925371
,1950,198760112,
,1951,202652091,
,1952,206709145,
,1953,210878824,
,1954,215203496,
,1955,219741329,
,1956,224471915,
,1957,229334117,
,1958,234249679,
,1959,239467802,
,1960,245116606,
,1961,251053626,
,1962,257242818,
,1963,263627880,
,1964,270265531,
,1965,277173653,
,1966,284294158,
,1967,291716409,
,1968,299449334,
,1969,307336650,
,1970,315180145,
,1971,322596731,
,1972,330325410,
,1973,339083632,
,1974,348129342,
,1975,356932379,
,1976,365647055,
,1977,374384507,
,1978,383761020,
,1979,393811591,
,1980,403106102,
,1981,412147407,
,1982,422663429,
,1983,434246510,
,1984,446053986,
,1985,457975602,
,1986,469954788,
,1987,482189711,
,1988,494517098,
,1989,507111454,
,1990,519816814,
,1991,532721210,
,1992,547033344,
,1993,562620349,
,1994,578161671,
,1995,593744535,
,1996,609544652,
,1997,625406730,
,1998,641541770,
,1999,657759369,
,2000,673774118,
,2001,690025172,
,2002,707416729,
,2003,725265579,
,2004,742875655,
,2005,760903254,
,2006,779395667,
,2007,797685700,
,2008,816441920,
,2009,835864959,
,2010,855529921,
,2011,875870724,
,2012,896874391,
,2013,918462778,
,2014,940480899,
,2015,962708546,
,2016,985618622,
,2017,1009200433,
,2018,1033320496,
,2019,1058226909,
,2020,1083853563,
,2021,1109397234,
,2022,1134811912,
,2023,1161055548,
,2024,,1188013123
,2025,,1215537738
,2026,,1243581858
,2027,,1271821403
,2028,,1300234632
,2029,,1328915268
,2030,,1357820519
,2031,,1386884617
,2032,,1416002249
,2033,,1445155864
,2034,,1474385501
,2035,,1503700072
,2036,,1533093804
,2037,,1562508191
,2038,,1591936903
,2039,,1621440332
,2040,,1651055450
,2041,,1680704265
,2042,,1710330332
,2043,,1740013104
,2044,,1769748135
,2045,,1799464293
,2046,,1829222578
,2047,,1859011306
,2048,,1888771570
,2049,,1918519035
,2050,,1948140101
,2051,,1977629352
,2052,,2007092387
,2053,,2036459775
,2054,,2065706073
,2055,,2094864783
,2056,,2123908395
,2057,,2152733703
,2058,,2181284011
,2059,,2209640839
,2060,,2237786499
,2061,,2265660184
,2062,,2293244653
,2063,,2320501216
,2064,,2347483187
,2065,,2374215189
,2066,,2400562516
,2067,,2426530444
,2068,,2452190752
,2069,,2477502892
,2070,,2502506397
,2071,,2527132996
,2072,,2551368997
,2073,,2575281849
,2074,,2598813371
,2075,,2621855017
,2076,,2644419484
,2077,,2666660825
,2078,,2688513567
,2079,,2709907997
,2080,,2730837718
,2081,,2751200160
,2082,,2771114544
,2083,,2790653457
,2084,,2809796709
,2085,,2828567126
,2086,,2846845747
,2087,,2864584971
,2088,,2881771074
,2089,,2898477680
,2090,,2914794991
,2091,,2930554787
,2092,,2945741051
,2093,,2960478657
,2094,,2974731441
,2095,,2988474701
,2096,,3001808697
,2097,,3014730290
,2098,,3027167297
,2099,,3039134384
,2100,,3050648485
LBN,1950,1349351,
LBN,1951,1387575,
LBN,1952,1427087,
LBN,1953,1468018,
LBN,1954,1510417,
LBN,1955,1554070,
LBN,1956,1599146,
LBN,1957,1645925,
LBN,1958,1693554,
LBN,1959,1742776,
LBN,1960,1794411,
LBN,1961,1850090,
LBN,1962,1909583,
LBN,1963,1970319,
LBN,1964,2030547,
LBN,1965,2088838,
LBN,1966,2148255,
LBN,1967,2206736,
LBN,1968,2266376,
LBN,1969,2328162,
LBN,1970,2386119,
LBN,1971,2446319,
LBN,1972,2509730,
LBN,1973,2572932,
LBN,1974,2635185,
LBN,1975,2693197,
LBN,1976,2726474,
LBN,1977,2762162,
LBN,1978,2822681,
LBN,1979,2882635,
LBN,1980,2944765,
LBN,1981,3008985,
LBN,1982,3054932,
LBN,1983,3095001,
LBN,1984,3152742,
LBN,1985,3217377,
LBN,1986,3300373,
LBN,1987,3385557,
LBN,1988,3454647,
LBN,1989,3525288,
LBN,1990,3595175,
LBN,1991,3668916,
LBN,1992,3747375,
LBN,1993,3820652,
LBN,1994,3889802,
LBN,1995,3960741,
LBN,1996,4034782,
LBN,1997,4108409,
LBN,1998,4181287,
LBN,1999,4255278,
LBN,2000,4329345,
LBN,2001,4401923,
LBN,2002,4463505,
LBN,2003,4525513,
LBN,2004,4599285,
LBN,2005,4671105,
LBN,2006,4751146,
LBN,2007,4844119,
LBN,2008,4925359,
LBN,2009,4992295,
LBN,2010,5041290,
LBN,2011,5096018,
LBN,2012,5235742,
LBN,2013,5743441,
LBN,2014,6346993,
LBN,2015,6472470,
LBN,2016,6323061,
LBN,2017,6160129,
LBN,2018,5984120,
LBN,2019,5794601,
LBN,2020,5702400,
LBN,2021,5718129,
LBN,2022,5744492,
LBN,2023,5773494,
LBN,2024,,5805962
LBN,2025,,5849423
LBN,2026,,5897462
LBN,2027,,5947070
LBN,2028,,5997848
LBN,2029,,6050388
LBN,2030,,6103812
LBN,2031,,6158006
LBN,2032,,6210756
LBN,2033,,6259748
LBN,2034,,6308830
LBN,2035,,6357727
LBN,2036,,6407682
LBN,2037,,6461876
LBN,2038,,6516257
LBN,2039,,6569276
LBN,2040,,6620327
LBN,2041,,6669095
LBN,2042,,6714439
LBN,2043,,6754075
LBN,2044,,6794017
LBN,2045,,6834988
LBN,2046,,6871780
LBN,2047,,6909026
LBN,2048,,6944197
LBN,2049,,6972878
LBN,2050,,6999262
LBN,2051,,7025489
LBN,2052,,7049889
LBN,2053,,7072049
LBN,2054,,7094620
LBN,2055,,7117120
LBN,2056,,7139684
LBN,2057,,7162718
LBN,2058,,7184235
LBN,2059,,7204521
LBN,2060,,7225743
LBN,2061,,7245758
LBN,2062,,7264461
LBN,2063,,7282853
LBN,2064,,7299429
LBN,2065,,7315255
LBN,2066,,7329262
LBN,2067,,7341900
LBN,2068,,7352584
LBN,2069,,7362651
LBN,2070,,7375571
LBN,2071,,7388896
LBN,2072,,7400948
LBN,2073,,7413877
LBN,2074,,7429555
LBN,2075,,7441211
LBN,2076,,7446303
LBN,2077,,7451640
LBN,2078,,7455573
LBN,2079,,7457281
LBN,2080,,7458245
LBN,2081,,7457537
LBN,2082,,7456913
LBN,2083,,7453677
LBN,2084,,7450964
LBN,2085,,7447241
LBN,2086,,7441136
LBN,2087,,7433797
LBN,2088,,7423369
LBN,2089,,7413074
LBN,2090,,7401022
LBN,2091,,7385927
LBN,2092,,7369230
LBN,2093,,7350502
LBN,2094,,7328951
LBN,2095,,7307304
LBN,2096,,7284841
LBN,2097,,7260726
LBN,2098,,7237784
LBN,2099,,7215742
LBN,2100,,7192594
LSO,1950,579554,
LSO,1951,590270,
LSO,1952,601947,
LSO,1953,614478,
LSO,1954,627902,
LSO,1955,642186,
LSO,1956,657317,
LSO,1957,674674,
LSO,1958,694324,
LSO,1959,714949,
LSO,1960,736507,
LSO,1961,758833,
LSO,1962,781819,
LSO,1963,805374,
LSO,1964,829442,
LSO,1965,854094,
LSO,1966,881879,
LSO,1967,913986,
LSO,1968,948108,
LSO,1969,983200,
LSO,1970,1019273,
LSO,1971,1056248,
LSO,1972,1094069,
LSO,1973,1132706,
LSO,1974,1172420,
LSO,1975,1213650,
LSO,1976,1253217,
LSO,1977,1289966,
LSO,1978,1327244,
LSO,1979,1366171,
LSO,1980,1406530,
LSO,1981,1448073,
LSO,1982,1490732,
LSO,1983,1534414,
LSO,1984,1578992,
LSO,1985,1624385,
LSO,1986,1666140,
LSO,1987,1703395,
LSO,1988,1739847,
LSO,1989,1775437,
LSO,1990,1809698,
LSO,1991,1842383,
LSO,1992,1873281,
LSO,1993,1901799,
LSO,1994,1927708,
LSO,1995,1951441,
LSO,1996,1972424,
LSO,1997,1988140,
LSO,1998,1998048,
LSO,1999,2003238,
LSO,2000,2003919,
LSO,2001,2000859,
LSO,2002,1994686,
LSO,2003,1985060,
LSO,2004,1971130,
LSO,2005,1953080,
LSO,2006,1945066,
LSO,2007,1953273,
LSO,2008,1966547,
LSO,2009,1980884,
LSO,2010,1996256,
LSO,2011,2014015,
LSO,2012,2034363,
LSO,2013,2056509,
LSO,2014,2080091,
LSO,2015,2104614,
LSO,2016,2130424,
LSO,2017,2157117,
LSO,2018,2183611,
LSO,2019,2209414,
LSO,2020,2235727,
LSO,2021,2261549,
LSO,2022,2286112,
LSO,2023,2311476,
LSO,2024,,2337428
LSO,2025,,2363330
LSO,2026,,2389341
LSO,2027,,2415372
LSO,2028,,2441441
LSO,2029,,2467682
LSO,2030,,2493822
LSO,2031,,2520020
LSO,2032,,2546495
LSO,2033,,2573113
LSO,2034,,2599784
LSO,2035,,2626567
LSO,2036,,2653509
LSO,2037,,2680086
LSO,2038,,2706204
LSO,2039,,2732145
LSO,2040,,2757875
LSO,2041,,2783367
LSO,2042,,2808545
LSO,2043,,2833262
LSO,2044,,2857507
LSO,2045,,2881341
LSO,2046,,2904786
LSO,2047,,2927866
LSO,2048,,2950417
LSO,2049,,2972164
LSO,2050,,2993088
LSO,2051,,3013567
LSO,2052,,3033468
LSO,2053,,3052324
LSO,2054,,3070104
LSO,2055,,3087289
LSO,2056,,3103874
LSO,2057,,3119747
LSO,2058,,3135133
LSO,2059,,3150021
LSO,2060,,3164305
LSO,2061,,3177873
LSO,2062,,3190884
LSO,2063,,3202922
LSO,2064,,3213882
LSO,2065,,3224032
LSO,2066,,3233719
LSO,2067,,3243288
LSO,2068,,3252551
LSO,2069,,3261249
LSO,2070,,3269329
LSO,2071,,3276549
LSO,2072,,3282696
LSO,2073,,3288162
LSO,2074,,3293328
LSO,2075,,3297642
LSO,2076,,3301215
LSO,2077,,3304589
LSO,2078,,3307454
LSO,2079,,3309742
LSO,2080,,3311356
LSO,2081,,3312339
LSO,2082,,3312874
LSO,2083,,3313001
LSO,2084,,3312879
LSO,2085,,3312365
LSO,2086,,3311725
LSO,2087,,3310749
LSO,2088,,3309200
LSO,2089,,3307347
LSO,2090,,3305225
LSO,2091,,3302680
LSO,2092,,3299291
LSO,2093,,3295483
LSO,2094,,3291604
LSO,2095,,3287139
LSO,2096,,3282249
LSO,2097,,3277010
LSO,2098,,3271340
LSO,2099,,3265515
LSO,2100,,3259301
,1950,1679684746,
,1951,1714241871,
,1952,1752188647,
,1953,1792640016,
,1954,1834623621,
,1955,1879000748,
,1956,1924245262,
,1957,1971234866,
,1958,2019255256,
,1959,2063375190,
,1960,2102341009,
,1961,2141025948,
,1962,2188868749,
,1963,2247929526,
,1964,2309495286,
,1965,2369780357,
,1966,2430052026,
,1967,2490605376,
,1968,2553707523,
,1969,2619382179,
,1970,2686211701,
,1971,2752647543,
,1972,2818753785,
,1973,2886267267,
,1974,2953896037,
,1975,3020759779,
,1976,3087179913,
,1977,3153746989,
,1978,3221093318,
,1979,3290675667,
,1980,3362598770,
,1981,3436923071,
,1982,3514523356,
,1983,3592954025,
,1984,3671671656,
,1985,3752334169,
,1986,3835081542,
,1987,3920193662,
,1988,4005791129,
,1989,4091696806,
,1990,4178458292,
,1991,4262779732,
,1992,4344681244,
,1993,4425817544,
,1994,4505117722,
,1995,4584269213,
,1996,4663925780,
,1997,4743165108,
,1998,4822567858,
,1999,4901733055,
,2000,4981020958,
,2001,5060563632,
,2002,5138827856,
,2003,5216602022,
,2004,5295140664,
,2005,5374298178,
,2006,5454383031,
,2007,5535084728,
,2008,5616574406,
,2009,5699574971,
,2010,5783526152,
,2011,5867818545,
,2012,5953386740,
,2013,6039378781,
,2014,6124495115,
,2015,6208202776,
,2016,6290688522,
,2017,6372441537,
,2018,6451926619,
,2019,6528918960,
,2020,6602624671,
,2021,6670349468,
,2022,6737630528,
,2023,6807234401,
,2024,,6875913453
,2025,,6944356437
,2026,,7012624905
,2027,,7080558919
,2028,,7147750777
,2029,,7214246682
,2030,,7280081769
,2031,,7345215377
,2032,,7409566283
,2033,,7473080482
,2034,,7535767803
,2035,,7597614960
,2036,,7658595200
,2037,,7718623831
,2038,,7777641704
,2039,,7835669925
,2040,,7892676117
,2041,,7948536711
,2042,,8003155079
,2043,,8056571265
,2044,,8108768912
,2045,,8159604504
,2046,,8209017917
,2047,,8256953067
,2048,,8303343031
,2049,,8348171761
,2050,,8391385523
,2051,,8432950148
,2052,,8472884639
,2053,,8511248573
,2054,,8548059424
,2055,,8583350724
,2056,,8617186342
,2057,,8649547255
,2058,,8680461992
,2059,,8710055745
,2060,,8738406982
,2061,,8765519601
,2062,,8791452038
,2063,,8816277327
,2064,,8840053811
,2065,,8862789867
,2066,,8884452778
,2067,,8905019553
,2068,,8924522312
,2069,,8942960599
,2070,,8960325312
,2071,,8976606744
,2072,,8991748104
,2073,,9005744682
,2074,,9018576414
,2075,,9030143827
,2076,,9040449399
,2077,,9049588279
,2078,,9057508323
,2079,,9064204036
,2080,,9069733149
,2081,,9074032817
,2082,,9077232846
,2083,,9079437026
,2084,,9080637655
,2085,,9080935620
,2086,,9080315110
,2087,,9078761776
,2088,,9076300072
,2089,,9073028649
,2090,,9069029216
,2091,,9064237157
,2092,,9058659153
,2093,,9052310781
,2094,,9045170189
,2095,,9037269333
,2096,,9028668855
,2097,,9019342072
,2098,,9009278456
,2099,,8998538364
,2100,,8987142117
,1950,1125868861,
,1951,1150351232,
,1952,1176543028,
,1953,1204167593,
,1954,1233175513,
,1955,1263675971,
,1956,1295434528,
,1957,1328122763,
,1958,1361760452,
,1959,1396869828,
,1960,1433224536,
,1961,1470548986,
,1962,1508861496,
,1963,1548246420,
,1964,1588628673,
,1965,1629118772,
,1966,1669833863,
,1967,1711943332,
,1968,1755157657,
,1969,1799067414,
,1970,1844089673,
,1971,1889203850,
,1972,1935235049,
,1973,1983444063,
,1974,2032954026,
,1975,2083615399,
,1976,2135363602,
,1977,2188298487,
,1978,2242567833,
,1979,2298553000,
,1980,2356140127,
,1981,2415475703,
,1982,2476800042,
,1983,2539360833,
,1984,2602918717,
,1985,2667270263,
,1986,2732287848,
,1987,2798159401,
,1988,2864481514,
,1989,2931407090,
,1990,2998368937,
,1991,3065219094,
,1992,3132993112,
,1993,3201050450,
,1994,3268325094,
,1995,3336024998,
,1996,3404562197,
,1997,3473308409,
,1998,3542727364,
,1999,3612305840,
,2000,3681964945,
,2001,3752172944,
,2002,3822116692,
,2003,3892092620,
,2004,3962924549,
,2005,4034042220,
,2006,4105974529,
,2007,4178770590,
,2008,4252110528,
,2009,4326273941,
,2010,4401076171,
,2011,4476576195,
,2012,4552731410,
,2013,4629090786,
,2014,4705140522,
,2015,4780550751,
,2016,4855007429,
,2017,4928362416,
,2018,5001128383,
,2019,5073567683,
,2020,5144681811,
,2021,5212174863,
,2022,5280860581,
,2023,5353175688,
,2024,,5425243048
,2025,,5497029461
,2026,,5568597736
,2027,,5639892069
,2028,,5710761094
,2029,,5781253543
,2030,,5851358615
,2031,,5921050476
,2032,,5990246530
,2033,,6058881960
,2034,,6126950007
,2035,,6194427328
,2036,,6261288400
,2037,,6327413694
,2038,,6392734339
,2039,,6457290788
,2040,,6521078866
,2041,,6583992604
,2042,,6645930851
,2043,,6706905809
,2044,,6766916506
,2045,,6825904027
,2046,,6883873212
,2047,,6940784142
,2048,,6996586345
,2049,,7051308463
,2050,,7104902345
,2051,,7157355676
,2052,,7208723507
,2053,,7259012740
,2054,,7308200722
,2055,,7356309040
,2056,,7403356694
,2057,,7449254028
,2058,,7493982263
,2059,,7537616912
,2060,,7580163632
,2061,,7621552786
,2062,,7661773535
,2063,,7700843148
,2064,,7738807430
,2065,,7775641967
,2066,,7811269767
,2067,,7845675885
,2068,,7878871128
,2069,,7910851634
,2070,,7941625013
,2071,,7971198525
,2072,,7999554514
,2073,,8026714975
,2074,,8052662469
,2075,,8077318936
,2076,,8100714903
,2077,,8122957629
,2078,,8144002265
,2079,,8163858725
,2080,,8182582759
,2081,,8200077983
,2082,,8216431153
,2083,,8231730331
,2084,,8245980999
,2085,,8259236670
,2086,,8271421313
,2087,,8282515968
,2088,,8292544597
,2089,,8301593601
,2090,,8309727396
,2091,,8316878369
,2092,,8323077284
,2093,,8328360983
,2094,,8332717629
,2095,,8336187524
,2096,,8338844460
,2097,,8340673339
,2098,,8341664980
,2099,,8341881817
,2100,,8341345549
,1950,1480924634,
,1951,1511589786,
,1952,1545479516,
,1953,1581761189,
,1954,1619420138,
,1955,1659259425,
,1956,1699773346,
,1957,1741900749,
,1958,1785005583,
,1959,1823907383,
,1960,1857224412,
,1961,1889972322,
,1962,1931625933,
,1963,1984301650,
,1964,2039229764,
,1965,2092606703,
,1966,2145757878,
,1967,2198888968,
,1968,2254258188,
,1969,2312045516,
,1970,2371031562,
,1971,2430050815,
,1972,2488428375,
,1973,2547183641,
,1974,2605766705,
,1975,2663827400,
,1976,2721532853,
,1977,2779362482,
,1978,2837332283,
,1979,2896864082,
,1980,2959492663,
,1981,3024775658,
,1982,3091859918,
,1983,3158707521,
,1984,3225617665,
,1985,3294358566,
,1986,3365126757,
,1987,3438003942,
,1988,3511274039,
,1989,3584585343,
,1990,3658641467,
,1991,3730058516,
,1992,3797647898,
,1993,3863197198,
,1994,3926956037,
,1995,3990524680,
,1996,4054381120,
,1997,4117758375,
,1998,4181026092,
,1999,4243973689,
,2000,4307246847,
,2001,4370538441,
,2002,4431411128,
,2003,4491336451,
,2004,4552264995,
,2005,4613394932,
,2006,4674987366,
,2007,4737399014,
,2008,4800132480,
,2009,4863710010,
,2010,4927996235,
,2011,4991947818,
,2012,5056512351,
,2013,5120915999,
,2014,5184014203,
,2015,5245494225,
,2016,5305069894,
,2017,5363241103,
,2018,5418606114,
,2019,5470692064,
,2020,5518771105,
,2021,5560952239,
,2022,5602818622,
,2023,5646178859,
,2024,,5687900325
,2025,,5728818691
,2026,,5769043051
,2027,,5808737502
,2028,,5847516152
,2029,,5885331406
,2030,,5922261248
,2031,,5958330764
,2032,,5993564027
,2033,,6027924614
,2034,,6061382307
,2035,,6093914891
,2036,,6125501384
,2037,,6156115635
,2038,,6185704802
,2039,,6214229588
,2040,,6241620667
,2041,,6267832437
,2042,,6292824740
,2043,,6316558164
,2044,,6339020771
,2045,,6360140198
,2046,,6379795334
,2047,,6397941753
,2048,,6414571473
,2049,,6429652723
,2050,,6443245422
,2051,,6455320794
,2052,,6465792241
,2053,,6474788796
,2054,,6482353344
,2055,,6488485940
,2056,,6493277939
,2057,,6496813546
,2058,,6499177976
,2059,,6500414895
,2060,,6500620476
,2061,,6499859412
,2062,,6498207373
,2063,,6495776105
,2064,,6492570616
,2065,,6488574682
,2066,,6483890265
,2067,,6478489106
,2068,,6472331557
,2069,,6465457699
,2070,,6457818908
,2071,,6449473734
,2072,,6440379105
,2073,,6430462829
,2074,,6419763042
,2075,,6408288811
,2076,,6396029906
,2077,,6382927459
,2078,,6368994758
,2079,,6354296034
,2080,,6338895422
,2081,,6322832660
,2082,,6306118309
,2083,,6288783568
,2084,,6270840932
,2085,,6252368492
,2086,,6233469357
,2087,,6214176816
,2088,,6194528998
,2089,,6174550967
,2090,,6154234232
,2091,,6133682370
,2092,,6112918097
,2093,,6091832117
,2094,,6070438744
,2095,,6048794628
,2096,,6026860161
,2097,,6004611781
,2098,,5982111157
,2099,,5959403974
,2100,,5936493623
LBR,1950,918912,
LBR,1951,936416,
LBR,1952,954977,
LBR,1953,974392,
LBR,1954,994771,
LBR,1955,1016396,
LBR,1956,1039157,
LBR,1957,1062947,
LBR,1958,1087253,
LBR,1959,1112560,
LBR,1960,1139519,
LBR,1961,1167721,
LBR,1962,1197042,
LBR,1963,1227417,
LBR,1964,1258749,
LBR,1965,1291155,
LBR,1966,1324390,
LBR,1967,1358439,
LBR,1968,1393532,
LBR,1969,1429612,
LBR,1970,1466677,
LBR,1971,1504082,
LBR,1972,1542674,
LBR,1973,1583590,
LBR,1974,1626363,
LBR,1975,1670914,
LBR,1976,1717071,
LBR,1977,1766028,
LBR,1978,1818255,
LBR,1979,1872714,
LBR,1980,1929260,
LBR,1981,1986864,
LBR,1982,2045076,
LBR,1983,2107114,
LBR,1984,2173314,
LBR,1985,2240549,
LBR,1986,2308516,
LBR,1987,2377233,
LBR,1988,2446942,
LBR,1989,2517864,
LBR,1990,2223667,
LBR,1991,1956523,
LBR,1992,2072466,
LBR,1993,2155135,
LBR,1994,2149929,
LBR,1995,2169167,
LBR,1996,2232286,
LBR,1997,2412995,
LBR,1998,2670128,
LBR,1999,2821689,
LBR,2000,2928117,
LBR,2001,3015343,
LBR,2002,3094793,
LBR,2003,3119534,
LBR,2004,3156893,
LBR,2005,3301016,
LBR,2006,3490792,
LBR,2007,3669050,
LBR,2008,3821006,
LBR,2009,3943035,
LBR,2010,4058897,
LBR,2011,4221177,
LBR,2012,4373046,
LBR,2013,4470246,
LBR,2014,4564299,
LBR,2015,4659436,
LBR,2016,4755607,
LBR,2017,4848927,
LBR,2018,4944728,
LBR,2019,5043719,
LBR,2020,5149470,
LBR,2021,5259327,
LBR,2022,5373297,
LBR,2023,5493035,
LBR,2024,,5612813
LBR,2025,,5731206
LBR,2026,,5853953
LBR,2027,,5986801
LBR,2028,,6118765
LBR,2029,,6245089
LBR,2030,,6366290
LBR,2031,,6486745
LBR,2032,,6614252
LBR,2033,,6744923
LBR,2034,,6873684
LBR,2035,,7003564
LBR,2036,,7142321
LBR,2037,,7278755
LBR,2038,,7408716
LBR,2039,,7545504
LBR,2040,,7681687
LBR,2041,,7817084
LBR,2042,,7954178
LBR,2043,,8077168
LBR,2044,,8194131
LBR,2045,,8310653
LBR,2046,,8428920
LBR,2047,,8552028
LBR,2048,,8673959
LBR,2049,,8795834
LBR,2050,,8910534
LBR,2051,,9020148
LBR,2052,,9131265
LBR,2053,,9244653
LBR,2054,,9354479
LBR,2055,,9464172
LBR,2056,,9582140
LBR,2057,,9697548
LBR,2058,,9803795
LBR,2059,,9919666
LBR,2060,,10038642
LBR,2061,,10146135
LBR,2062,,10252829
LBR,2063,,10357789
LBR,2064,,10457336
LBR,2065,,10556603
LBR,2066,,10653862
LBR,2067,,10751272
LBR,2068,,10844394
LBR,2069,,10933091
LBR,2070,,11024776
LBR,2071,,11118949
LBR,2072,,11211057
LBR,2073,,11300823
LBR,2074,,11398822
LBR,2075,,11491639
LBR,2076,,11577780
LBR,2077,,11660122
LBR,2078,,11735916
LBR,2079,,11811748
LBR,2080,,11888872
LBR,2081,,11960822
LBR,2082,,12014590
LBR,2083,,12061963
LBR,2084,,12112677
LBR,2085,,12168814
LBR,2086,,12232324
LBR,2087,,12280697
LBR,2088,,12313544
LBR,2089,,12354966
LBR,2090,,12402854
LBR,2091,,12437487
LBR,2092,,12462191
LBR,2093,,12492896
LBR,2094,,12524178
LBR,2095,,12549175
LBR,2096,,12577661
LBR,2097,,12608054
LBR,2098,,12631598
LBR,2099,,12647182
LBR,2100,,12665398
LBY,1950,1131471,
LBY,1951,1145389,
LBY,1952,1162480,
LBY,1953,1183300,
LBY,1954,1208183,
LBY,1955,1241389,
LBY,1956,1282962,
LBY,1957,1328858,
LBY,1958,1379206,
LBY,1959,1433965,
LBY,1960,1492890,
LBY,1961,1555703,
LBY,1962,1621960,
LBY,1963,1690458,
LBY,1964,1753692,
LBY,1965,1804016,
LBY,1966,1849066,
LBY,1967,1898203,
LBY,1968,1952789,
LBY,1969,2014294,
LBY,1970,2082597,
LBY,1971,2153537,
LBY,1972,2226105,
LBY,1973,2314200,
LBY,1974,2432218,
LBY,1975,2571563,
LBY,1976,2721246,
LBY,1977,2881540,
LBY,1978,3052532,
LBY,1979,3233849,
LBY,1980,3424375,
LBY,1981,3621488,
LBY,1982,3724772,
LBY,1983,3718966,
LBY,1984,3773639,
LBY,1985,3898746,
LBY,1986,4017403,
LBY,1987,4129743,
LBY,1988,4237757,
LBY,1989,4342927,
LBY,1990,4445243,
LBY,1991,4544404,
LBY,1992,4640360,
LBY,1993,4733053,
LBY,1994,4822039,
LBY,1995,4906851,
LBY,1996,4987402,
LBY,1997,5064642,
LBY,1998,5140711,
LBY,1999,5218039,
LBY,2000,5305020,
LBY,2001,5403639,
LBY,2002,5508412,
LBY,2003,5619405,
LBY,2004,5736696,
LBY,2005,5858793,
LBY,2006,5980212,
LBY,2007,6104381,
LBY,2008,6235433,
LBY,2009,6366689,
LBY,2010,6497837,
LBY,2011,6343210,
LBY,2012,6179327,
LBY,2013,6304636,
LBY,2014,6427260,
LBY,2015,6531825,
LBY,2016,6632130,
LBY,2017,6738771,
LBY,2018,6849058,
LBY,2019,6951040,
LBY,2020,7045403,
LBY,2021,7135179,
LBY,2022,7223804,
LBY,2023,7305659,
LBY,2024,,7381029
LBY,2025,,7458554
LBY,2026,,7539848
LBY,2027,,7627494
LBY,2028,,7716845
LBY,2029,,7802214
LBY,2030,,7885807
LBY,2031,,7969110
LBY,2032,,8048498
LBY,2033,,8126640
LBY,2034,,8206618
LBY,2035,,8283956
LBY,2036,,8357485
LBY,2037,,8431729
LBY,2038,,8506601
LBY,2039,,8579856
LBY,2040,,8651416
LBY,2041,,8719616
LBY,2042,,8786626
LBY,2043,,8854392
LBY,2044,,8920021
LBY,2045,,8983950
LBY,2046,,9043675
LBY,2047,,9098405
LBY,2048,,9154065
LBY,2049,,9208609
LBY,2050,,9260610
LBY,2051,,9310576
LBY,2052,,9359001
LBY,2053,,9406049
LBY,2054,,9450574
LBY,2055,,9488723
LBY,2056,,9517261
LBY,2057,,9545120
LBY,2058,,9574206
LBY,2059,,9602351
LBY,2060,,9626507
LBY,2061,,9646521
LBY,2062,,9667881
LBY,2063,,9684354
LBY,2064,,9700899
LBY,2065,,9721660
LBY,2066,,9740139
LBY,2067,,9755035
LBY,2068,,9771002
LBY,2069,,9790082
LBY,2070,,9807903
LBY,2071,,9822261
LBY,2072,,9838796
LBY,2073,,9857317
LBY,2074,,9870658
LBY,2075,,9882187
LBY,2076,,9894574
LBY,2077,,9903763
LBY,2078,,9908667
LBY,2079,,9917073
LBY,2080,,9928368
LBY,2081,,9939394
LBY,2082,,9949698
LBY,2083,,9955713
LBY,2084,,9960826
LBY,2085,,9967335
LBY,2086,,9970720
LBY,2087,,9969104
LBY,2088,,9961974
LBY,2089,,9951454
LBY,2090,,9938210
LBY,2091,,9925706
LBY,2092,,9913960
LBY,2093,,9899037
LBY,2094,,9885720
LBY,2095,,9874236
LBY,2096,,9860180
LBY,2097,,9841873
LBY,2098,,9821378
LBY,2099,,9802017
LBY,2100,,9783570
LIE,1950,13786,
LIE,1951,14026,
LIE,1952,14251,
LIE,1953,14489,
LIE,1954,14736,
LIE,1955,14992,
LIE,1956,15265,
LIE,1957,15562,
LIE,1958,15878,
LIE,1959,16189,
LIE,1960,16512,
LIE,1961,16883,
LIE,1962,17299,
LIE,1963,17724,
LIE,1964,18170,
LIE,1965,18631,
LIE,1966,19090,
LIE,1967,19575,
LIE,1968,20105,
LIE,1969,20650,
LIE,1970,21170,
LIE,1971,21618,
LIE,1972,22022,
LIE,1973,22421,
LIE,1974,22826,
LIE,1975,23223,
LIE,1976,23610,
LIE,1977,23994,
LIE,1978,24369,
LIE,1979,24749,
LIE,1980,25114,
LIE,1981,25487,
LIE,1982,25870,
LIE,1983,26261,
LIE,1984,26652,
LIE,1985,27036,
LIE,1986,27406,
LIE,1987,27785,
LIE,1988,28171,
LIE,1989,28556,
LIE,1990,28912,
LIE,1991,29303,
LIE,1992,29750,
LIE,1993,30199,
LIE,1994,30623,
LIE,1995,31055,
LIE,1996,31497,
LIE,1997,31925,
LIE,1998,32341,
LIE,1999,32751,
LIE,2000,33137,
LIE,2001,33470,
LIE,2002,33770,
LIE,2003,34089,
LIE,2004,34409,
LIE,2005,34713,
LIE,2006,35002,
LIE,2007,35251,
LIE,2008,35467,
LIE,2009,35740,
LIE,2010,36021,
LIE,2011,36295,
LIE,2012,36621,
LIE,2013,36930,
LIE,2014,37191,
LIE,2015,37424,
LIE,2016,37635,
LIE,2017,37872,
LIE,2018,38157,
LIE,2019,38463,
LIE,2020,38793,
LIE,2021,39062,
LIE,2022,39338,
LIE,2023,39622,
LIE,2024,,39895
LIE,2025,,40154
LIE,2026,,40388
LIE,2027,,40620
LIE,2028,,40829
LIE,2029,,41032
LIE,2030,,41226
LIE,2031,,41416
LIE,2032,,41587
LIE,2033,,41743
LIE,2034,,41888
LIE,2035,,42029
LIE,2036,,42150
LIE,2037,,42257
LIE,2038,,42368
LIE,2039,,42468
LIE,2040,,42555
LIE,2041,,42635
LIE,2042,,42708
LIE,2043,,42775
LIE,2044,,42832
LIE,2045,,42878
LIE,2046,,42919
LIE,2047,,42959
LIE,2048,,42986
LIE,2049,,43010
LIE,2050,,43024
LIE,2051,,43044
LIE,2052,,43055
LIE,2053,,43064
LIE,2054,,43071
LIE,2055,,43069
LIE,2056,,43057
LIE,2057,,43059
LIE,2058,,43064
LIE,2059,,43057
LIE,2060,,43054
LIE,2061,,43045
LIE,2062,,43043
LIE,2063,,43031
LIE,2064,,43031
LIE,2065,,43035
LIE,2066,,43029
LIE,2067,,43024
LIE,2068,,43028
LIE,2069,,43031
LIE,2070,,43030
LIE,2071,,43041
LIE,2072,,43053
LIE,2073,,43066
LIE,2074,,43083
LIE,2075,,43103
LIE,2076,,43134
LIE,2077,,43167
LIE,2078,,43196
LIE,2079,,43223
LIE,2080,,43254
LIE,2081,,43283
LIE,2082,,43300
LIE,2083,,43323
LIE,2084,,43359
LIE,2085,,43384
LIE,2086,,43412
LIE,2087,,43443
LIE,2088,,43467
LIE,2089,,43494
LIE,2090,,43515
LIE,2091,,43526
LIE,2092,,43552
LIE,2093,,43573
LIE,2094,,43575
LIE,2095,,43578
LIE,2096,,43594
LIE,2097,,43605
LIE,2098,,43599
LIE,2099,,43610
LIE,2100,,43613
LTU,1950,2433000,
LTU,1951,2458823,
LTU,1952,2486412,
LTU,1953,2515121,
LTU,1954,2544711,
LTU,1955,2575311,
LTU,1956,2607334,
LTU,1957,2641760,
LTU,1958,2678931,
LTU,1959,2722678,
LTU,1960,2769099,
LTU,1961,2812604,
LTU,1962,2853290,
LTU,1963,2891080,
LTU,1964,2928858,
LTU,1965,2965259,
LTU,1966,3000360,
LTU,1967,3035382,
LTU,1968,3070263,
LTU,1969,3103424,
LTU,1970,3135874,
LTU,1971,3170711,
LTU,1972,3204904,
LTU,1973,3236223,
LTU,1974,3266366,
LTU,1975,3295734,
LTU,1976,3324568,
LTU,1977,3353250,
LTU,1978,3380072,
LTU,1979,3404743,
LTU,1980,3428417,
LTU,1981,3452313,
LTU,1982,3477581,
LTU,1983,3505434,
LTU,1984,3534123,
LTU,1985,3562393,
LTU,1986,3593782,
LTU,1987,3627368,
LTU,1988,3672653,
LTU,1989,3696107,
LTU,1990,3695016,
LTU,1991,3701408,
LTU,1992,3697552,
LTU,1993,3680201,
LTU,1994,3654893,
LTU,1995,3627038,
LTU,1996,3599721,
LTU,1997,3573418,
LTU,1998,3547768,
LTU,1999,3522905,
LTU,2000,3500410,
LTU,2001,3473008,
LTU,2002,3444051,
LTU,2003,3415276,
LTU,2004,3376703,
LTU,2005,3322264,
LTU,2006,3269809,
LTU,2007,3231378,
LTU,2008,3198482,
LTU,2009,3163255,
LTU,2010,3097721,
LTU,2011,3028642,
LTU,2012,2988334,
LTU,2013,2958359,
LTU,2014,2933171,
LTU,2015,2905771,
LTU,2016,2869109,
LTU,2017,2829317,
LTU,2018,2802485,
LTU,2019,2795057,
LTU,2020,2795766,
LTU,2021,2794490,
LTU,2022,2816923,
LTU,2023,2854104,
LTU,2024,,2859112
LTU,2025,,2830150
LTU,2026,,2797337
LTU,2027,,2774222
LTU,2028,,2751178
LTU,2029,,2728540
LTU,2030,,2706358
LTU,2031,,2684467
LTU,2032,,2662809
LTU,2033,,2641150
LTU,2034,,2619273
LTU,2035,,2597387
LTU,2036,,2575498
LTU,2037,,2553087
LTU,2038,,2530465
LTU,2039,,2507570
LTU,2040,,2484839
LTU,2041,,2462454
LTU,2042,,2439832
LTU,2043,,2416942
LTU,2044,,2394331
LTU,2045,,2372141
LTU,2046,,2349909
LTU,2047,,2327242
LTU,2048,,2304359
LTU,2049,,2281741
LTU,2050,,2258767
LTU,2051,,2235296
LTU,2052,,2211552
LTU,2053,,2187828
LTU,2054,,2164014
LTU,2055,,2139756
LTU,2056,,2115392
LTU,2057,,2091116
LTU,2058,,2066926
LTU,2059,,2042820
LTU,2060,,2018846
LTU,2061,,1995251
LTU,2062,,1971978
LTU,2063,,1949084
LTU,2064,,1926552
LTU,2065,,1903846
LTU,2066,,1881174
LTU,2067,,1858818
LTU,2068,,1836713
LTU,2069,,1814681
LTU,2070,,1792879
LTU,2071,,1771450
LTU,2072,,1750197
LTU,2073,,1729087
LTU,2074,,1707775
LTU,2075,,1686325
LTU,2076,,1664949
LTU,2077,,1643651
LTU,2078,,1622384
LTU,2079,,1601170
LTU,2080,,1579995
LTU,2081,,1558792
LTU,2082,,1537665
LTU,2083,,1516733
LTU,2084,,1496072
LTU,2085,,1475574
LTU,2086,,1455409
LTU,2087,,1435615
LTU,2088,,1415938
LTU,2089,,1396578
LTU,2090,,1377676
LTU,2091,,1359110
LTU,2092,,1340921
LTU,2093,,1323188
LTU,2094,,1306016
LTU,2095,,1289080
LTU,2096,,1272404
LTU,2097,,1256181
LTU,2098,,1240218
LTU,2099,,1224404
LTU,2100,,1208673
,1950,112417078,
,1951,113855995,
,1952,115581774,
,1953,117615242,
,1954,119859619,
,1955,122293768,
,1956,124856179,
,1957,127501487,
,1958,130192508,
,1959,133046148,
,1960,136125731,
,1961,139355318,
,1962,142712623,
,1963,146205482,
,1964,149870082,
,1965,153698828,
,1966,157659982,
,1967,161829469,
,1968,166200261,
,1969,170666201,
,1970,175246429,
,1971,179913367,
,1972,184581587,
,1973,189471303,
,1974,194562670,
,1975,199687438,
,1976,204927699,
,1977,210124420,
,1978,215869461,
,1979,221894964,
,1980,226852932,
,1981,231334692,
,1982,236940781,
,1983,243386818,
,1984,249991058,
,1985,256719413,
,1986,263482137,
,1987,270539137,
,1988,277807417,
,1989,285400397,
,1990,292948246,
,1991,300652924,
,1992,309670854,
,1993,319597138,
,1994,329120053,
,1995,338706481,
,1996,348800130,
,1997,358821530,
,1998,369081909,
,1999,379700536,
,2000,390079727,
,2001,400757280,
,2002,412670851,
,2003,425077103,
,2004,437382847,
,2005,450155671,
,2006,463744492,
,2007,477551565,
,2008,491406374,
,2009,505585025,
,2010,520054112,
,2011,534808727,
,2012,549451660,
,2013,563526633,
,2014,577586378,
,2015,592175407,
,2016,607867477,
,2017,624556994,
,2018,642186193,
,2019,660718366,
,2020,679560744,
,2021,698215207,
,2022,716865785,
,2023,736466395,
,2024,,756667869
,2025,,777211777
,2026,,798076061
,2027,,818951123
,2028,,839804020
,2029,,860802908
,2030,,881981940
,2031,,903282350
,2032,,924641114
,2033,,946047078
,2034,,967525902
,2035,,989091448
,2036,,1010727244
,2037,,1032402612
,2038,,1054103128
,2039,,1075873298
,2040,,1097776015
,2041,,1119718809
,2042,,1141628961
,2043,,1163587485
,2044,,1185604174
,2045,,1207624761
,2046,,1229692274
,2047,,1251791352
,2048,,1273899109
,2049,,1296057601
,2050,,1318140770
,2051,,1340125619
,2052,,1362132880
,2053,,1384113943
,2054,,1406044438
,2055,,1427907414
,2056,,1449695315
,2057,,1471326589
,2058,,1492742435
,2059,,1514083200
,2060,,1535318689
,2061,,1556333077
,2062,,1577127216
,2063,,1597690777
,2064,,1618085334
,2065,,1638322466
,2066,,1658264944
,2067,,1677930529
,2068,,1697385803
,2069,,1716566077
,2070,,1735518668
,2071,,1754201355
,2072,,1772597471
,2073,,1790762974
,2074,,1808626140
,2075,,1826116597
,2076,,1843255665
,2077,,1860155815
,2078,,1876746280
,2079,,1893010866
,2080,,1908961034
,2081,,1924462501
,2082,,1939618685
,2083,,1954487913
,2084,,1969049455
,2085,,1983326118
,2086,,1997195583
,2087,,2010654745
,2088,,2023694149
,2089,,2036363394
,2090,,2048770937
,2091,,2060745099
,2092,,2072270687
,2093,,2083473538
,2094,,2094304210
,2095,,2104745265
,2096,,2114883587
,2097,,2124696115
,2098,,2134129048
,2099,,2143203827
,2100,,2151929818
,1950,710724739,
,1951,726051993,
,1952,742174260,
,1953,758887069,
,1954,776342550,
,1955,794696330,
,1956,813718532,
,1957,833154944,
,1958,853227837,
,1959,874216586,
,1960,895787400,
,1961,917845510,
,1962,940367985,
,1963,963442373,
,1964,987059691,
,1965,1010777303,
,1966,1034514236,
,1967,1058899350,
,1968,1083851552,
,1969,1109131262,
,1970,1135199023,
,1971,1161123749,
,1972,1187788437,
,1973,1216172484,
,1974,1245525844,
,1975,1275969482,
,1976,1307169114,
,1977,1339194096,
,1978,1371695383,
,1979,1405616500,
,1980,1442021662,
,1981,1480251813,
,1982,1519038550,
,1983,1557936431,
,1984,1597489403,
,1985,1637845037,
,1986,1678895511,
,1987,1720354971,
,1988,1762049070,
,1989,1803962246,
,1990,1846874669,
,1991,1889866223,
,1992,1932221205,
,1993,1973881951,
,1994,2015221803,
,1995,2057289715,
,1996,2099561789,
,1997,2142190182,
,1998,2185367163,
,1999,2228456153,
,2000,2271915140,
,2001,2315757633,
,2002,2358300843,
,2003,2400690740,
,2004,2444268136,
,2005,2487466883,
,2006,2531007317,
,2007,2575224855,
,2008,2618897859,
,2009,2662972438,
,2010,2707862950,
,2011,2752879890,
,2012,2797701842,
,2013,2842798856,
,2014,2887643098,
,2015,2931203433,
,2016,2974455448,
,2017,3017492200,
,2018,3059616821,
,2019,3101052514,
,2020,3141910136,
,2021,3180608692,
,2022,3216231050,
,2023,3253459082,
,2024,,3294274038
,2025,,3335966104
,2026,,3377007262
,2027,,3417264220
,2028,,3457432644
,2029,,3497397841
,2030,,3537095187
,2031,,3576514413
,2032,,3615598474
,2033,,3654313629
,2034,,3692638857
,2035,,3730539384
,2036,,3768002428
,2037,,3804948340
,2038,,3841341821
,2039,,3877167987
,2040,,3912375424
,2041,,3946985987
,2042,,3980958222
,2043,,4014229663
,2044,,4046812286
,2045,,4078703378
,2046,,4109856088
,2047,,4140224938
,2048,,4169806488
,2049,,4198610559
,2050,,4226704338
,2051,,4254076157
,2052,,4280672820
,2053,,4306528027
,2054,,4331621350
,2055,,4356003881
,2056,,4379697694
,2057,,4402692454
,2058,,4424996077
,2059,,4446531826
,2060,,4467309365
,2061,,4487361967
,2062,,4506703631
,2063,,4525318297
,2064,,4543172124
,2065,,4560268341
,2066,,4576640839
,2067,,4592257054
,2068,,4607079001
,2069,,4621124105
,2070,,4634339217
,2071,,4646781156
,2072,,4658470866
,2073,,4669370661
,2074,,4679528063
,2075,,4688956542
,2076,,4697628405
,2077,,4705527566
,2078,,4712673171
,2079,,4719073399
,2080,,4724798639
,2081,,4729872173
,2082,,4734279599
,2083,,4738053835
,2084,,4741205449
,2085,,4743765325
,2086,,4745755634
,2087,,4747176401
,2088,,4748067305
,2089,,4748435406
,2090,,4748254197
,2091,,4747585616
,2092,,4746439199
,2093,,4744761307
,2094,,4742596869
,2095,,4739989697
,2096,,4736915048
,2097,,4733387268
,2098,,4729432439
,2099,,4725056168
,2100,,4720292273
LUX,1950,296580,
LUX,1951,298161,
LUX,1952,299909,
LUX,1953,301692,
LUX,1954,303489,
LUX,1955,305315,
LUX,1956,306957,
LUX,1957,308439,
LUX,1958,310039,
LUX,1959,312043,
LUX,1960,313888,
LUX,1961,316347,
LUX,1962,319663,
LUX,1963,322855,
LUX,1964,326232,
LUX,1965,329709,
LUX,1966,333085,
LUX,1967,335524,
LUX,1968,337015,
LUX,1969,338271,
LUX,1970,339337,
LUX,1971,341961,
LUX,1972,346085,
LUX,1973,349206,
LUX,1974,351432,
LUX,1975,353686,
LUX,1976,355877,
LUX,1977,358252,
LUX,1978,361047,
LUX,1979,362898,
LUX,1980,363711,
LUX,1981,364487,
LUX,1982,365061,
LUX,1983,365495,
LUX,1984,365904,
LUX,1985,366665,
LUX,1986,368409,
LUX,1987,370789,
LUX,1988,373789,
LUX,1989,377384,
LUX,1990,381707,
LUX,1991,386819,
LUX,1992,391972,
LUX,1993,397210,
LUX,1994,402597,
LUX,1995,408237,
LUX,1996,413779,
LUX,1997,418970,
LUX,1998,424158,
LUX,1999,429909,
LUX,2000,436142,
LUX,2001,441754,
LUX,2002,446392,
LUX,2003,451845,
LUX,2004,458305,
LUX,2005,465369,
LUX,2006,472869,
LUX,2007,480277,
LUX,2008,488995,
LUX,2009,498196,
LUX,2010,507418,
LUX,2011,518583,
LUX,2012,530951,
LUX,2013,543358,
LUX,2014,556285,
LUX,2015,569540,
LUX,2016,583511,
LUX,2017,596506,
LUX,2018,608109,
LUX,2019,620167,
LUX,2020,630597,
LUX,2021,640276,
LUX,2022,653315,
LUX,2023,665101,
LUX,2024,,673042
LUX,2025,,680454
LUX,2026,,687442
LUX,2027,,694280
LUX,2028,,701086
LUX,2029,,707588
LUX,2030,,713671
LUX,2031,,719436
LUX,2032,,725083
LUX,2033,,730530
LUX,2034,,735658
LUX,2035,,740633
LUX,2036,,745419
LUX,2037,,749912
LUX,2038,,754313
LUX,2039,,758655
LUX,2040,,762674
LUX,2041,,766435
LUX,2042,,770069
LUX,2043,,773439
LUX,2044,,776543
LUX,2045,,779544
LUX,2046,,782354
LUX,2047,,784904
LUX,2048,,787354
LUX,2049,,789578
LUX,2050,,791461
LUX,2051,,793284
LUX,2052,,794911
LUX,2053,,796241
LUX,2054,,797490
LUX,2055,,798665
LUX,2056,,799415
LUX,2057,,799813
LUX,2058,,800213
LUX,2059,,800515
LUX,2060,,800683
LUX,2061,,800797
LUX,2062,,800774
LUX,2063,,800535
LUX,2064,,800256
LUX,2065,,799942
LUX,2066,,799554
LUX,2067,,799016
LUX,2068,,798333
LUX,2069,,797472
LUX,2070,,796327
LUX,2071,,795136
LUX,2072,,793925
LUX,2073,,792537
LUX,2074,,791183
LUX,2075,,789869
LUX,2076,,788493
LUX,2077,,787038
LUX,2078,,785570
LUX,2079,,784047
LUX,2080,,782400
LUX,2081,,780655
LUX,2082,,778776
LUX,2083,,777022
LUX,2084,,775297
LUX,2085,,773448
LUX,2086,,771558
LUX,2087,,769637
LUX,2088,,767778
LUX,2089,,766050
LUX,2090,,764392
LUX,2091,,762655
LUX,2092,,761035
LUX,2093,,759535
LUX,2094,,757962
LUX,2095,,756502
LUX,2096,,755034
LUX,2097,,753313
LUX,2098,,751532
LUX,2099,,749770
LUX,2100,,747988
MAC,1950,196669,
MAC,1951,200120,
MAC,1952,200417,
MAC,1953,199605,
MAC,1954,197879,
MAC,1955,195454,
MAC,1956,192188,
MAC,1957,188202,
MAC,1958,183680,
MAC,1959,178433,
MAC,1960,173333,
MAC,1961,173335,
MAC,1962,177825,
MAC,1963,182143,
MAC,1964,225672,
MAC,1965,265637,
MAC,1966,262951,
MAC,1967,260430,
MAC,1968,257944,
MAC,1969,255316,
MAC,1970,257405,
MAC,1971,263470,
MAC,1972,273185,
MAC,1973,250337,
MAC,1974,221395,
MAC,1975,223951,
MAC,1976,227391,
MAC,1977,231546,
MAC,1978,236218,
MAC,1979,241160,
MAC,1980,246108,
MAC,1981,252516,
MAC,1982,261054,
MAC,1983,270519,
MAC,1984,280560,
MAC,1985,291288,
MAC,1986,302680,
MAC,1987,314630,
MAC,1988,326912,
MAC,1989,339223,
MAC,1990,351123,
MAC,1991,362275,
MAC,1992,372256,
MAC,1993,381331,
MAC,1994,390126,
MAC,1995,398703,
MAC,1996,407033,
MAC,1997,415074,
MAC,1998,422816,
MAC,1999,430253,
MAC,2000,437316,
MAC,2001,445121,
MAC,2002,456026,
MAC,2003,469062,
MAC,2004,482209,
MAC,2005,495416,
MAC,2006,508752,
MAC,2007,522281,
MAC,2008,535935,
MAC,2009,549492,
MAC,2010,562809,
MAC,2011,575644,
MAC,2012,587450,
MAC,2013,598752,
MAC,2014,610308,
MAC,2015,622185,
MAC,2016,634317,
MAC,2017,646558,
MAC,2018,658777,
MAC,2019,670982,
MAC,2020,683069,
MAC,2021,694404,
MAC,2022,704360,
MAC,2023,713916,
MAC,2024,,720270
MAC,2025,,722018
MAC,2026,,723196
MAC,2027,,724080
MAC,2028,,724257
MAC,2029,,725438
MAC,2030,,726724
MAC,2031,,727320
MAC,2032,,727008
MAC,2033,,726352
MAC,2034,,725564
MAC,2035,,723766
MAC,2036,,721024
MAC,2037,,717559
MAC,2038,,713758
MAC,2039,,710038
MAC,2040,,706894
MAC,2041,,703318
MAC,2042,,699236
MAC,2043,,695297
MAC,2044,,691786
MAC,2045,,688799
MAC,2046,,685280
MAC,2047,,680718
MAC,2048,,676230
MAC,2049,,672521
MAC,2050,,668856
MAC,2051,,664205
MAC,2052,,658652
MAC,2053,,652819
MAC,2054,,647007
MAC,2055,,641235
MAC,2056,,635806
MAC,2057,,631072
MAC,2058,,626221
MAC,2059,,619990
MAC,2060,,614249
MAC,2061,,608728
MAC,2062,,602813
MAC,2063,,596430
MAC,2064,,589195
MAC,2065,,583198
MAC,2066,,576703
MAC,2067,,568732
MAC,2068,,560737
MAC,2069,,552538
MAC,2070,,544452
MAC,2071,,536931
MAC,2072,,529100
MAC,2073,,520897
MAC,2074,,512562
MAC,2075,,504069
MAC,2076,,495712
MAC,2077,,487413
MAC,2078,,479187
MAC,2079,,471391
MAC,2080,,463631
MAC,2081,,455352
MAC,2082,,447004
MAC,2083,,438791
MAC,2084,,430464
MAC,2085,,422202
MAC,2086,,414550
MAC,2087,,407148
MAC,2088,,399700
MAC,2089,,392476
MAC,2090,,385685
MAC,2091,,379605
MAC,2092,,373769
MAC,2093,,367540
MAC,2094,,361520
MAC,2095,,355924
MAC,2096,,350712
MAC,2097,,345980
MAC,2098,,341068
MAC,2099,,335990
MAC,2100,,331174
MDG,1950,3956077,
MDG,1951,4057204,
MDG,1952,4160844,
MDG,1953,4267535,
MDG,1954,4377321,
MDG,1955,4490119,
MDG,1956,4606423,
MDG,1957,4726637,
MDG,1958,4850852,
MDG,1959,4979096,
MDG,1960,5111033,
MDG,1961,5246163,
MDG,1962,5384155,
MDG,1963,5525189,
MDG,1964,5669867,
MDG,1965,5819117,
MDG,1966,5974281,
MDG,1967,6136495,
MDG,1968,6306501,
MDG,1969,6484718,
MDG,1970,6672004,
MDG,1971,6868874,
MDG,1972,7074405,
MDG,1973,7288053,
MDG,1974,7509733,
MDG,1975,7739341,
MDG,1976,7976838,
MDG,1977,8222240,
MDG,1978,8475862,
MDG,1979,8737585,
MDG,1980,9006039,
MDG,1981,9279017,
MDG,1982,9557679,
MDG,1983,9843046,
MDG,1984,10134559,
MDG,1985,10433143,
MDG,1986,10736862,
MDG,1987,11047297,
MDG,1988,11369458,
MDG,1989,11705002,
MDG,1990,12055649,
MDG,1991,12421413,
MDG,1992,12800870,
MDG,1993,13197353,
MDG,1994,13613859,
MDG,1995,14051279,
MDG,1996,14510712,
MDG,1997,14990818,
MDG,1998,15489364,
MDG,1999,16000506,
MDG,2000,16516336,
MDG,2001,17032933,
MDG,2002,17549915,
MDG,2003,18071860,
MDG,2004,18606606,
MDG,2005,19159711,
MDG,2006,19730916,
MDG,2007,20318590,
MDG,2008,20923842,
MDG,2009,21547277,
MDG,2010,22183343,
MDG,2011,22822305,
MDG,2012,23462444,
MDG,2013,24109290,
MDG,2014,24764356,
MDG,2015,25426703,
MDG,2016,26099950,
MDG,2017,26788379,
MDG,2018,27494930,
MDG,2019,28219559,
MDG,2020,28953560,
MDG,2021,29691087,
MDG,2022,30437261,
MDG,2023,31195937,
MDG,2024,,31964960
MDG,2025,,32740682
MDG,2026,,33522055
MDG,2027,,34308790
MDG,2028,,35099859
MDG,2029,,35894681
MDG,2030,,36693189
MDG,2031,,37495709
MDG,2032,,38301315
MDG,2033,,39109387
MDG,2034,,39919955
MDG,2035,,40733848
MDG,2036,,41551314
MDG,2037,,42371337
MDG,2038,,43194150
MDG,2039,,44019292
MDG,2040,,44846897
MDG,2041,,45676980
MDG,2042,,46508817
MDG,2043,,47342294
MDG,2044,,48176604
MDG,2045,,49011279
MDG,2046,,49846532
MDG,2047,,50682065
MDG,2048,,51517350
MDG,2049,,52351990
MDG,2050,,53185473
MDG,2051,,54016762
MDG,2052,,54845298
MDG,2053,,55671145
MDG,2054,,56493654
MDG,2055,,57313029
MDG,2056,,58129738
MDG,2057,,58942306
MDG,2058,,59750168
MDG,2059,,60554111
MDG,2060,,61352879
MDG,2061,,62145243
MDG,2062,,62930946
MDG,2063,,63709343
MDG,2064,,64480300
MDG,2065,,65242937
MDG,2066,,65997237
MDG,2067,,66743601
MDG,2068,,67480961
MDG,2069,,68208618
MDG,2070,,68926088
MDG,2071,,69634457
MDG,2072,,70333399
MDG,2073,,71020890
MDG,2074,,71697360
MDG,2075,,72362752
MDG,2076,,73015743
MDG,2077,,73657476
MDG,2078,,74288082
MDG,2079,,74906310
MDG,2080,,75512390
MDG,2081,,76107251
MDG,2082,,76691317
MDG,2083,,77265182
MDG,2084,,77828805
MDG,2085,,78382370
MDG,2086,,78926160
MDG,2087,,79459880
MDG,2088,,79982946
MDG,2089,,80493874
MDG,2090,,80992576
MDG,2091,,81480822
MDG,2092,,81958315
MDG,2093,,82423995
MDG,2094,,82878063
MDG,2095,,83319305
MDG,2096,,83748153
MDG,2097,,84165552
MDG,2098,,84570967
MDG,2099,,84962957
MDG,2100,,85341145
MWI,1950,2950299,
MWI,1951,3002886,
MWI,1952,3059382,
MWI,1953,3119242,
MWI,1954,3181539,
MWI,1955,3246543,
MWI,1956,3315299,
MWI,1957,3387745,
MWI,1958,3463947,
MWI,1959,3544167,
MWI,1960,3628136,
MWI,1961,3715543,
MWI,1962,3806310,
MWI,1963,3900513,
MWI,1964,3997309,
MWI,1965,4096158,
MWI,1966,4197929,
MWI,1967,4303018,
MWI,1968,4411055,
MWI,1969,4521184,
MWI,1970,4633949,
MWI,1971,4751441,
MWI,1972,4874479,
MWI,1973,5003935,
MWI,1974,5141342,
MWI,1975,5287371,
MWI,1976,5443390,
MWI,1977,5614993,
MWI,1978,5810135,
MWI,1979,6028750,
MWI,1980,6265529,
MWI,1981,6516460,
MWI,1982,6778885,
MWI,1983,7051707,
MWI,1984,7332811,
MWI,1985,7620509,
MWI,1986,7906485,
MWI,1987,8293173,
MWI,1988,8753265,
MWI,1989,9176223,
MWI,1990,9545860,
MWI,1991,9844228,
MWI,1992,10135082,
MWI,1993,10284027,
MWI,1994,10164899,
MWI,1995,10150122,
MWI,1996,10352227,
MWI,1997,10562035,
MWI,1998,10792877,
MWI,1999,11047812,
MWI,2000,11315947,
MWI,2001,11593057,
MWI,2002,11880443,
MWI,2003,12181575,
MWI,2004,12500736,
MWI,2005,12840034,
MWI,2006,13198699,
MWI,2007,13576344,
MWI,2008,13976415,
MWI,2009,14395788,
MWI,2010,14826466,
MWI,2011,15265026,
MWI,2012,15709577,
MWI,2013,16161816,
MWI,2014,16621534,
MWI,2015,17085587,
MWI,2016,17557741,
MWI,2017,18039714,
MWI,2018,18528086,
MWI,2019,19025748,
MWI,2020,19533885,
MWI,2021,20047264,
MWI,2022,20568731,
MWI,2023,21104480,
MWI,2024,,21655288
MWI,2025,,22216118
MWI,2026,,22785535
MWI,2027,,23366192
MWI,2028,,23954454
MWI,2029,,24553504
MWI,2030,,25160295
MWI,2031,,25763539
MWI,2032,,26366763
MWI,2033,,26978422
MWI,2034,,27595301
MWI,2035,,28213790
MWI,2036,,28835601
MWI,2037,,29462514
MWI,2038,,30081747
MWI,2039,,30691583
MWI,2040,,31302096
MWI,2041,,31911247
MWI,2042,,32517516
MWI,2043,,33122488
MWI,2044,,33736529
MWI,2045,,34350953
MWI,2046,,34959613
MWI,2047,,35567995
MWI,2048,,36165762
MWI,2049,,36761005
MWI,2050,,37361675
MWI,2051,,37964328
MWI,2052,,38568586
MWI,2053,,39174567
MWI,2054,,39770461
MWI,2055,,40357518
MWI,2056,,40938493
MWI,2057,,41511360
MWI,2058,,42081239
MWI,2059,,42655656
MWI,2060,,43228180
MWI,2061,,43785925
MWI,2062,,44330133
MWI,2063,,44854824
MWI,2064,,45372466
MWI,2065,,45890782
MWI,2066,,46408688
MWI,2067,,46922126
MWI,2068,,47427610
MWI,2069,,47923944
MWI,2070,,48410342
MWI,2071,,48890067
MWI,2072,,49355292
MWI,2073,,49806630
MWI,2074,,50256739
MWI,2075,,50708858
MWI,2076,,51164005
MWI,2077,,51618824
MWI,2078,,52055287
MWI,2079,,52475230
MWI,2080,,52893308
MWI,2081,,53304781
MWI,2082,,53704432
MWI,2083,,54094651
MWI,2084,,54461682
MWI,2085,,54812023
MWI,2086,,55159956
MWI,2087,,55500706
MWI,2088,,55839152
MWI,2089,,56166460
MWI,2090,,56481182
MWI,2091,,56783370
MWI,2092,,57074419
MWI,2093,,57354603
MWI,2094,,57621848
MWI,2095,,57879213
MWI,2096,,58135894
MWI,2097,,58389582
MWI,2098,,58636393
MWI,2099,,58888533
MWI,2100,,59141254
MYS,1950,6098285,
MYS,1951,6257415,
MYS,1952,6422851,
MYS,1953,6593945,
MYS,1954,6772374,
MYS,1955,6959959,
MYS,1956,7156627,
MYS,1957,7362818,
MYS,1958,7562886,
MYS,1959,7755779,
MYS,1960,7956201,
MYS,1961,8164448,
MYS,1962,8380174,
MYS,1963,8602166,
MYS,1964,8828416,
MYS,1965,9056415,
MYS,1966,9284693,
MYS,1967,9507107,
MYS,1968,9725283,
MYS,1969,9947604,
MYS,1970,10178802,
MYS,1971,10423466,
MYS,1972,10676839,
MYS,1973,10935622,
MYS,1974,11200903,
MYS,1975,11471914,
MYS,1976,11750093,
MYS,1977,12035716,
MYS,1978,12328158,
MYS,1979,12627866,
MYS,1980,12983365,
MYS,1981,13399206,
MYS,1982,13832796,
MYS,1983,14285914,
MYS,1984,14759013,
MYS,1985,15252262,
MYS,1986,15760425,
MYS,1987,16276735,
MYS,1988,16796612,
MYS,1989,17315003,
MYS,1990,17833179,
MYS,1991,18342474,
MYS,1992,18834569,
MYS,1993,19322667,
MYS,1994,19820446,
MYS,1995,20330602,
MYS,1996,20850085,
MYS,1997,21375225,
MYS,1998,21906713,
MYS,1999,22435532,
MYS,2000,22967817,
MYS,2001,23526535,
MYS,2002,24102477,
MYS,2003,24679604,
MYS,2004,25256773,
MYS,2005,25836075,
MYS,2006,26417909,
MYS,2007,26998383,
MYS,2008,27570052,
MYS,2009,28124779,
MYS,2010,28655772,
MYS,2011,29162034,
MYS,2012,29662835,
MYS,2013,30174269,
MYS,2014,30696133,
MYS,2015,31232796,
MYS,2016,31789692,
MYS,2017,32355642,
MYS,2018,32910963,
MYS,2019,33440590,
MYS,2020,33889554,
MYS,2021,34282404,
MYS,2022,34695494,
MYS,2023,35126295,
MYS,2024,,35557670
MYS,2025,,35977834
MYS,2026,,36385116
MYS,2027,,36785086
MYS,2028,,37182770
MYS,2029,,37574288
MYS,2030,,37961719
MYS,2031,,38347781
MYS,2032,,38728380
MYS,2033,,39097867
MYS,2034,,39457845
MYS,2035,,39814831
MYS,2036,,40166901
MYS,2037,,40512286
MYS,2038,,40853314
MYS,2039,,41185889
MYS,2040,,41509643
MYS,2041,,41828590
MYS,2042,,42144469
MYS,2043,,42455949
MYS,2044,,42754137
MYS,2045,,43038202
MYS,2046,,43313751
MYS,2047,,43580455
MYS,2048,,43831574
MYS,2049,,44065534
MYS,2050,,44289762
MYS,2051,,44502609
MYS,2052,,44701569
MYS,2053,,44889969
MYS,2054,,45063853
MYS,2055,,45219589
MYS,2056,,45362855
MYS,2057,,45497566
MYS,2058,,45622569
MYS,2059,,45741085
MYS,2060,,45850112
MYS,2061,,45947639
MYS,2062,,46033412
MYS,2063,,46105606
MYS,2064,,46170822
MYS,2065,,46226985
MYS,2066,,46270409
MYS,2067,,46305043
MYS,2068,,46331871
MYS,2069,,46354512
MYS,2070,,46373001
MYS,2071,,46385321
MYS,2072,,46390493
MYS,2073,,46384495
MYS,2074,,46370718
MYS,2075,,46351187
MYS,2076,,46326866
MYS,2077,,46292136
MYS,2078,,46243390
MYS,2079,,46186885
MYS,2080,,46119103
MYS,2081,,46044269
MYS,2082,,45966028
MYS,2083,,45879840
MYS,2084,,45789613
MYS,2085,,45697771
MYS,2086,,45599531
MYS,2087,,45495753
MYS,2088,,45389870
MYS,2089,,45282332
MYS,2090,,45172966
MYS,2091,,45062225
MYS,2092,,44950462
MYS,2093,,44835554
MYS,2094,,44719897
MYS,2095,,44604290
MYS,2096,,44486795
MYS,2097,,44370030
MYS,2098,,44256472
MYS,2099,,44143975
MYS,2100,,44026124
MDV,1950,74461,
MDV,1951,75730,
MDV,1952,77077,
MDV,1953,78509,
MDV,1954,80010,
MDV,1955,81619,
MDV,1956,83317,
MDV,1957,85136,
MDV,1958,87054,
MDV,1959,89075,
MDV,1960,91203,
MDV,1961,93464,
MDV,1962,95817,
MDV,1963,98236,
MDV,1964,100673,
MDV,1965,104116,
MDV,1966,108528,
MDV,1967,112543,
MDV,1968,116092,
MDV,1969,119581,
MDV,1970,123240,
MDV,1971,127052,
MDV,1972,130979,
MDV,1973,134971,
MDV,1974,138994,
MDV,1975,143169,
MDV,1976,147539,
MDV,1977,151943,
MDV,1978,156169,
MDV,1979,160372,
MDV,1980,164844,
MDV,1981,169544,
MDV,1982,174341,
MDV,1983,179141,
MDV,1984,184212,
MDV,1985,190182,
MDV,1986,196949,
MDV,1987,203961,
MDV,1988,210899,
MDV,1989,217749,
MDV,1990,224772,
MDV,1991,231810,
MDV,1992,238559,
MDV,1993,244893,
MDV,1994,250831,
MDV,1995,256660,
MDV,1996,262354,
MDV,1997,267711,
MDV,1998,272734,
MDV,1999,277423,
MDV,2000,282025,
MDV,2001,286778,
MDV,2002,291631,
MDV,2003,296497,
MDV,2004,301416,
MDV,2005,306429,
MDV,2006,313866,
MDV,2007,324489,
MDV,2008,336178,
MDV,2009,348282,
MDV,2010,360802,
MDV,2011,373683,
MDV,2012,386821,
MDV,2013,400077,
MDV,2014,413623,
MDV,2015,428165,
MDV,2016,443316,
MDV,2017,458297,
MDV,2018,473106,
MDV,2019,487737,
MDV,2020,502127,
MDV,2021,516163,
MDV,2022,524116,
MDV,2023,526009,
MDV,2024,,527801
MDV,2025,,529680
MDV,2026,,531516
MDV,2027,,533436
MDV,2028,,535505
MDV,2029,,537576
MDV,2030,,539669
MDV,2031,,541931
MDV,2032,,544290
MDV,2033,,546726
MDV,2034,,549165
MDV,2035,,551601
MDV,2036,,554094
MDV,2037,,556640
MDV,2038,,559234
MDV,2039,,561959
MDV,2040,,564801
MDV,2041,,567609
MDV,2042,,570382
MDV,2043,,573140
MDV,2044,,575813
MDV,2045,,578461
MDV,2046,,581029
MDV,2047,,583396
MDV,2048,,585723
MDV,2049,,587991
MDV,2050,,589963
MDV,2051,,591634
MDV,2052,,593068
MDV,2053,,594264
MDV,2054,,595158
MDV,2055,,595923
MDV,2056,,596513
MDV,2057,,596759
MDV,2058,,596669
MDV,2059,,596259
MDV,2060,,595693
MDV,2061,,594868
MDV,2062,,593631
MDV,2063,,592112
MDV,2064,,590357
MDV,2065,,588446
MDV,2066,,586289
MDV,2067,,583837
MDV,2068,,581137
MDV,2069,,578259
MDV,2070,,575178
MDV,2071,,571861
MDV,2072,,568392
MDV,2073,,564739
MDV,2074,,560932
MDV,2075,,557020
MDV,2076,,552958
MDV,2077,,548730
MDV,2078,,544306
MDV,2079,,539826
MDV,2080,,535376
MDV,2081,,530912
MDV,2082,,526532
MDV,2083,,522264
MDV,2084,,518027
MDV,2085,,513878
MDV,2086,,509827
MDV,2087,,505952
MDV,2088,,502235
MDV,2089,,498778
MDV,2090,,495578
MDV,2091,,492628
MDV,2092,,489914
MDV,2093,,487382
MDV,2094,,485114
MDV,2095,,483065
MDV,2096,,481163
MDV,2097,,479395
MDV,2098,,477806
MDV,2099,,476352
MDV,2100,,474920
MLI,1950,4696914,
MLI,1951,4766702,
MLI,1952,4836366,
MLI,1953,4904800,
MLI,1954,4972911,
MLI,1955,5041937,
MLI,1956,5111984,
MLI,1957,5183132,
MLI,1958,5253467,
MLI,1959,5325646,
MLI,1960,5402550,
MLI,1961,5482288,
MLI,1962,5563921,
MLI,1963,5646606,
MLI,1964,5730130,
MLI,1965,5815483,
MLI,1966,5902209,
MLI,1967,5990908,
MLI,1968,6082987,
MLI,1969,6177698,
MLI,1970,6276476,
MLI,1971,6377945,
MLI,1972,6483730,
MLI,1973,6597114,
MLI,1974,6715435,
MLI,1975,6837265,
MLI,1976,6960979,
MLI,1977,7090985,
MLI,1978,7229654,
MLI,1979,7375272,
MLI,1980,7530522,
MLI,1981,7692763,
MLI,1982,7860196,
MLI,1983,8034400,
MLI,1984,8208599,
MLI,1985,8374661,
MLI,1986,8531272,
MLI,1987,8681167,
MLI,1988,8834001,
MLI,1989,8999935,
MLI,1990,9178826,
MLI,1991,9362885,
MLI,1992,9553540,
MLI,1993,9754786,
MLI,1994,9967035,
MLI,1995,10185368,
MLI,1996,10407274,
MLI,1997,10646499,
MLI,1998,10919577,
MLI,1999,11227420,
MLI,2000,11559291,
MLI,2001,11912162,
MLI,2002,12288051,
MLI,2003,12684951,
MLI,2004,13102415,
MLI,2005,13538648,
MLI,2006,13990143,
MLI,2007,14457776,
MLI,2008,14940786,
MLI,2009,15435536,
MLI,2010,15945201,
MLI,2011,16469054,
MLI,2012,16957039,
MLI,2013,17459619,
MLI,2014,18020267,
MLI,2015,18593022,
MLI,2016,19191298,
MLI,2017,19813016,
MLI,2018,20442031,
MLI,2019,21068405,
MLI,2020,21713837,
MLI,2021,22388637,
MLI,2022,23072641,
MLI,2023,23769130,
MLI,2024,,24478597
MLI,2025,,25198819
MLI,2026,,25932277
MLI,2027,,26679174
MLI,2028,,27440613
MLI,2029,,28215515
MLI,2030,,29002867
MLI,2031,,29804546
MLI,2032,,30618896
MLI,2033,,31442803
MLI,2034,,32276675
MLI,2035,,33118347
MLI,2036,,33967892
MLI,2037,,34823451
MLI,2038,,35685579
MLI,2039,,36549488
MLI,2040,,37413644
MLI,2041,,38280872
MLI,2042,,39151281
MLI,2043,,40026321
MLI,2044,,40902504
MLI,2045,,41778987
MLI,2046,,42655646
MLI,2047,,43530856
MLI,2048,,44405719
MLI,2049,,45279775
MLI,2050,,46154082
MLI,2051,,47029240
MLI,2052,,47903087
MLI,2053,,48774663
MLI,2054,,49641492
MLI,2055,,50506618
MLI,2056,,51370060
MLI,2057,,52230259
MLI,2058,,53087107
MLI,2059,,53938842
MLI,2060,,54787468
MLI,2061,,55631882
MLI,2062,,56469743
MLI,2063,,57301044
MLI,2064,,58125501
MLI,2065,,58941094
MLI,2066,,59750129
MLI,2067,,60555498
MLI,2068,,61354442
MLI,2069,,62143105
MLI,2070,,62919462
MLI,2071,,63687754
MLI,2072,,64444737
MLI,2073,,65187036
MLI,2074,,65916524
MLI,2075,,66630540
MLI,2076,,67329806
MLI,2077,,68016978
MLI,2078,,68691455
MLI,2079,,69351711
MLI,2080,,69994175
MLI,2081,,70623134
MLI,2082,,71238143
MLI,2083,,71836419
MLI,2084,,72418548
MLI,2085,,72981193
MLI,2086,,73525514
MLI,2087,,74054450
MLI,2088,,74567722
MLI,2089,,75062748
MLI,2090,,75539861
MLI,2091,,75997351
MLI,2092,,76434609
MLI,2093,,76855731
MLI,2094,,77265135
MLI,2095,,77657031
MLI,2096,,78027660
MLI,2097,,78380625
MLI,2098,,78719911
MLI,2099,,79044477
MLI,2100,,79354050
MLT,1950,294685,
MLT,1951,300461,
MLT,1952,304913,
MLT,1953,309348,
MLT,1954,313752,
MLT,1955,318149,
MLT,1956,322464,
MLT,1957,326702,
MLT,1958,329414,
MLT,1959,330361,
MLT,1960,330832,
MLT,1961,330855,
MLT,1962,330499,
MLT,1963,329815,
MLT,1964,328794,
MLT,1965,327407,
MLT,1966,325677,
MLT,1967,323820,
MLT,1968,323515,
MLT,1969,324762,
MLT,1970,326017,
MLT,1971,327300,
MLT,1972,328617,
MLT,1973,330059,
MLT,1974,331686,
MLT,1975,333458,
MLT,1976,335291,
MLT,1977,337169,
MLT,1978,339069,
MLT,1979,340974,
MLT,1980,342882,
MLT,1981,344754,
MLT,1982,346653,
MLT,1983,348598,
MLT,1984,350555,
MLT,1985,352567,
MLT,1986,355082,
MLT,1987,358089,
MLT,1988,361226,
MLT,1989,364530,
MLT,1990,367913,
MLT,1991,371335,
MLT,1992,374805,
MLT,1993,378222,
MLT,1994,381467,
MLT,1995,384559,
MLT,1996,387627,
MLT,1997,390687,
MLT,1998,393782,
MLT,1999,396897,
MLT,2000,399905,
MLT,2001,402788,
MLT,2002,405571,
MLT,2003,408236,
MLT,2004,410800,
MLT,2005,413324,
MLT,2006,415463,
MLT,2007,417201,
MLT,2008,418969,
MLT,2009,420800,
MLT,2010,422654,
MLT,2011,424635,
MLT,2012,426616,
MLT,2013,428457,
MLT,2014,434494,
MLT,2015,444978,
MLT,2016,455276,
MLT,2017,467902,
MLT,2018,484560,
MLT,2019,504017,
MLT,2020,518212,
MLT,2021,524383,
MLT,2022,528194,
MLT,2023,532964,
MLT,2024,,539612
MLT,2025,,545406
MLT,2026,,549013
MLT,2027,,550979
MLT,2028,,552714
MLT,2029,,554109
MLT,2030,,555234
MLT,2031,,556125
MLT,2032,,556784
MLT,2033,,557115
MLT,2034,,556977
MLT,2035,,556512
MLT,2036,,555888
MLT,2037,,555100
MLT,2038,,554105
MLT,2039,,552937
MLT,2040,,551743
MLT,2041,,550464
MLT,2042,,549122
MLT,2043,,547711
MLT,2044,,546197
MLT,2045,,544637
MLT,2046,,543003
MLT,2047,,541214
MLT,2048,,539335
MLT,2049,,537585
MLT,2050,,535728
MLT,2051,,533636
MLT,2052,,531490
MLT,2053,,529381
MLT,2054,,527342
MLT,2055,,525224
MLT,2056,,522962
MLT,2057,,520720
MLT,2058,,518440
MLT,2059,,515983
MLT,2060,,513371
MLT,2061,,510689
MLT,2062,,507862
MLT,2063,,504937
MLT,2064,,501909
MLT,2065,,498706
MLT,2066,,495367
MLT,2067,,491884
MLT,2068,,488206
MLT,2069,,484403
MLT,2070,,480565
MLT,2071,,476651
MLT,2072,,472612
MLT,2073,,468514
MLT,2074,,464344
MLT,2075,,460100
MLT,2076,,455656
MLT,2077,,451070
MLT,2078,,446498
MLT,2079,,441929
MLT,2080,,437316
MLT,2081,,432667
MLT,2082,,428057
MLT,2083,,423477
MLT,2084,,418925
MLT,2085,,414481
MLT,2086,,410090
MLT,2087,,405753
MLT,2088,,401641
MLT,2089,,397651
MLT,2090,,393687
MLT,2091,,389786
MLT,2092,,386061
MLT,2093,,382462
MLT,2094,,378917
MLT,2095,,375423
MLT,2096,,372104
MLT,2097,,368949
MLT,2098,,365880
MLT,2099,,362885
MLT,2100,,359935
MHL,1950,13019,
MHL,1951,13134,
MHL,1952,13240,
MHL,1953,13332,
MHL,1954,13413,
MHL,1955,13508,
MHL,1956,13594,
MHL,1957,13660,
MHL,1958,13826,
MHL,1959,14217,
MHL,1960,14728,
MHL,1961,15240,
MHL,1962,15782,
MHL,1963,16325,
MHL,1964,16881,
MHL,1965,17430,
MHL,1966,17947,
MHL,1967,18678,
MHL,1968,19889,
MHL,1969,21328,
MHL,1970,22552,
MHL,1971,23392,
MHL,1972,24015,
MHL,1973,24607,
MHL,1974,25318,
MHL,1975,26177,
MHL,1976,27040,
MHL,1977,27928,
MHL,1978,28831,
MHL,1979,29757,
MHL,1980,30793,
MHL,1981,32040,
MHL,1982,33418,
MHL,1983,34832,
MHL,1984,36282,
MHL,1985,37779,
MHL,1986,39307,
MHL,1987,40846,
MHL,1988,42338,
MHL,1989,43611,
MHL,1990,44648,
MHL,1991,45587,
MHL,1992,46406,
MHL,1993,47112,
MHL,1994,47731,
MHL,1995,48283,
MHL,1996,48795,
MHL,1997,49277,
MHL,1998,49732,
MHL,1999,50221,
MHL,2000,50721,
MHL,2001,51137,
MHL,2002,51441,
MHL,2003,51657,
MHL,2004,51803,
MHL,2005,51928,
MHL,2006,52011,
MHL,2007,52050,
MHL,2008,52049,
MHL,2009,52036,
MHL,2010,52064,
MHL,2011,51927,
MHL,2012,51438,
MHL,2013,50696,
MHL,2014,49815,
MHL,2015,48823,
MHL,2016,47730,
MHL,2017,46544,
MHL,2018,45307,
MHL,2019,44030,
MHL,2020,42728,
MHL,2021,41387,
MHL,2022,40094,
MHL,2023,38849,
MHL,2024,,37572
MHL,2025,,36305
MHL,2026,,35101
MHL,2027,,33998
MHL,2028,,32999
MHL,2029,,32075
MHL,2030,,31211
MHL,2031,,30440
MHL,2032,,29760
MHL,2033,,29161
MHL,2034,,28627
MHL,2035,,28165
MHL,2036,,27769
MHL,2037,,27423
MHL,2038,,27110
MHL,2039,,26854
MHL,2040,,26616
MHL,2041,,26413
MHL,2042,,26234
MHL,2043,,26071
MHL,2044,,25930
MHL,2045,,25794
MHL,2046,,25670
MHL,2047,,25560
MHL,2048,,25446
MHL,2049,,25328
MHL,2050,,25212
MHL,2051,,25110
MHL,2052,,25003
MHL,2053,,24907
MHL,2054,,24804
MHL,2055,,24700
MHL,2056,,24594
MHL,2057,,24511
MHL,2058,,24444
MHL,2059,,24389
MHL,2060,,24328
MHL,2061,,24279
MHL,2062,,24232
MHL,2063,,24204
MHL,2064,,24200
MHL,2065,,24198
MHL,2066,,24214
MHL,2067,,24240
MHL,2068,,24274
MHL,2069,,24310
MHL,2070,,24350
MHL,2071,,24388
MHL,2072,,24429
MHL,2073,,24466
MHL,2074,,24506
MHL,2075,,24550
MHL,2076,,24599
MHL,2077,,24633
MHL,2078,,24673
MHL,2079,,24708
MHL,2080,,24734
MHL,2081,,24756
MHL,2082,,24766
MHL,2083,,24783
MHL,2084,,24784
MHL,2085,,24766
MHL,2086,,24750
MHL,2087,,24731
MHL,2088,,24699
MHL,2089,,24655
MHL,2090,,24602
MHL,2091,,24551
MHL,2092,,24481
MHL,2093,,24410
MHL,2094,,24336
MHL,2095,,24262
MHL,2096,,24178
MHL,2097,,24091
MHL,2098,,23997
MHL,2099,,23920
MHL,2100,,23826
MTQ,1950,232081,
MTQ,1951,237490,
MTQ,1952,242836,
MTQ,1953,248677,
MTQ,1954,255157,
MTQ,1955,261050,
MTQ,1956,266246,
MTQ,1957,271683,
MTQ,1958,277233,
MTQ,1959,282900,
MTQ,1960,288779,
MTQ,1961,294595,
MTQ,1962,299759,
MTQ,1963,304239,
MTQ,1964,308464,
MTQ,1965,312771,
MTQ,1966,317080,
MTQ,1967,320931,
MTQ,1968,323537,
MTQ,1969,324846,
MTQ,1970,325528,
MTQ,1971,325995,
MTQ,1972,326344,
MTQ,1973,326376,
MTQ,1974,326382,
MTQ,1975,327346,
MTQ,1976,328974,
MTQ,1977,330279,
MTQ,1978,331165,
MTQ,1979,331790,
MTQ,1980,332290,
MTQ,1981,332997,
MTQ,1982,335051,
MTQ,1983,338658,
MTQ,1984,342827,
MTQ,1985,347156,
MTQ,1986,351578,
MTQ,1987,356144,
MTQ,1988,360801,
MTQ,1989,365568,
MTQ,1990,370999,
MTQ,1991,377313,
MTQ,1992,383938,
MTQ,1993,390545,
MTQ,1994,397073,
MTQ,1995,403505,
MTQ,1996,409833,
MTQ,1997,416094,
MTQ,1998,421815,
MTQ,1999,423895,
MTQ,2000,421388,
MTQ,2001,417157,
MTQ,2002,412479,
MTQ,2003,408417,
MTQ,2004,405104,
MTQ,2005,401849,
MTQ,2006,400459,
MTQ,2007,400812,
MTQ,2008,400699,
MTQ,2009,399527,
MTQ,2010,397389,
MTQ,2011,394576,
MTQ,2012,391741,
MTQ,2013,389470,
MTQ,2014,387027,
MTQ,2015,383737,
MTQ,2016,378892,
MTQ,2017,371510,
MTQ,2018,364100,
MTQ,2019,359621,
MTQ,2020,356625,
MTQ,2021,353286,
MTQ,2022,349462,
MTQ,2023,346008,
MTQ,2024,,343201
MTQ,2025,,340451
MTQ,2026,,337716
MTQ,2027,,335096
MTQ,2028,,332568
MTQ,2029,,330067
MTQ,2030,,327639
MTQ,2031,,325290
MTQ,2032,,322992
MTQ,2033,,320737
MTQ,2034,,318529
MTQ,2035,,316349
MTQ,2036,,314206
MTQ,2037,,312092
MTQ,2038,,310028
MTQ,2039,,307959
MTQ,2040,,305856
MTQ,2041,,303710
MTQ,2042,,301528
MTQ,2043,,299286
MTQ,2044,,297010
MTQ,2045,,294693
MTQ,2046,,292321
MTQ,2047,,289883
MTQ,2048,,287349
MTQ,2049,,284731
MTQ,2050,,282076
MTQ,2051,,279395
MTQ,2052,,276680
MTQ,2053,,273963
MTQ,2054,,271233
MTQ,2055,,268530
MTQ,2056,,265863
MTQ,2057,,263214
MTQ,2058,,260638
MTQ,2059,,258125
MTQ,2060,,255658
MTQ,2061,,253272
MTQ,2062,,250960
MTQ,2063,,248733
MTQ,2064,,246581
MTQ,2065,,244524
MTQ,2066,,242610
MTQ,2067,,240809
MTQ,2068,,239109
MTQ,2069,,237520
MTQ,2070,,236034
MTQ,2071,,234649
MTQ,2072,,233368
MTQ,2073,,232193
MTQ,2074,,231100
MTQ,2075,,230074
MTQ,2076,,229111
MTQ,2077,,228177
MTQ,2078,,227323
MTQ,2079,,226495
MTQ,2080,,225703
MTQ,2081,,224909
MTQ,2082,,224123
MTQ,2083,,223367
MTQ,2084,,222603
MTQ,2085,,221845
MTQ,2086,,221102
MTQ,2087,,220353
MTQ,2088,,219594
MTQ,2089,,218837
MTQ,2090,,218069
MTQ,2091,,217294
MTQ,2092,,216521
MTQ,2093,,215712
MTQ,2094,,214912
MTQ,2095,,214107
MTQ,2096,,213285
MTQ,2097,,212428
MTQ,2098,,211570
MTQ,2099,,210693
MTQ,2100,,209810
MRT,1950,657722,
MRT,1951,670891,
MRT,1952,684812,
MRT,1953,699392,
MRT,1954,714679,
MRT,1955,730730,
MRT,1956,747615,
MRT,1957,765353,
MRT,1958,783999,
MRT,1959,803611,
MRT,1960,824307,
MRT,1961,846174,
MRT,1962,869192,
MRT,1963,893425,
MRT,1964,918957,
MRT,1965,945847,
MRT,1966,974159,
MRT,1967,1003858,
MRT,1968,1034748,
MRT,1969,1066763,
MRT,1970,1099815,
MRT,1971,1133708,
MRT,1972,1168359,
MRT,1973,1203840,
MRT,1974,1240193,
MRT,1975,1277335,
MRT,1976,1315341,
MRT,1977,1353771,
MRT,1978,1392716,
MRT,1979,1432762,
MRT,1980,1474046,
MRT,1981,1516883,
MRT,1982,1561183,
MRT,1983,1606748,
MRT,1984,1653696,
MRT,1985,1702110,
MRT,1986,1751843,
MRT,1987,1803016,
MRT,1988,1855862,
MRT,1989,1903059,
MRT,1990,1951881,
MRT,1991,2009739,
MRT,1992,2088143,
MRT,1993,2174333,
MRT,1994,2249462,
MRT,1995,2312027,
MRT,1996,2358193,
MRT,1997,2411316,
MRT,1998,2474650,
MRT,1999,2541700,
MRT,2000,2613450,
MRT,2001,2678766,
MRT,2002,2738659,
MRT,2003,2802050,
MRT,2004,2868671,
MRT,2005,2939060,
MRT,2006,3013659,
MRT,2007,3093065,
MRT,2008,3183276,
MRT,2009,3284454,
MRT,2010,3390968,
MRT,2011,3502813,
MRT,2012,3619035,
MRT,2013,3734324,
MRT,2014,3848511,
MRT,2015,3965959,
MRT,2016,4086655,
MRT,2017,4210603,
MRT,2018,4337685,
MRT,2019,4467714,
MRT,2020,4600136,
MRT,2021,4734874,
MRT,2022,4875644,
MRT,2023,5022442,
MRT,2024,,5169403
MRT,2025,,5315072
MRT,2026,,5461321
MRT,2027,,5608793
MRT,2028,,5757961
MRT,2029,,5909196
MRT,2030,,6062533
MRT,2031,,6217799
MRT,2032,,6374849
MRT,2033,,6533838
MRT,2034,,6694456
MRT,2035,,6856325
MRT,2036,,7019237
MRT,2037,,7183114
MRT,2038,,7348369
MRT,2039,,7514746
MRT,2040,,7681918
MRT,2041,,7850223
MRT,2042,,8020493
MRT,2043,,8192552
MRT,2044,,8365184
MRT,2045,,8538534
MRT,2046,,8713260
MRT,2047,,8888479
MRT,2048,,9064222
MRT,2049,,9240184
MRT,2050,,9415604
MRT,2051,,9591999
MRT,2052,,9769707
MRT,2053,,9947449
MRT,2054,,10124333
MRT,2055,,10300453
MRT,2056,,10475611
MRT,2057,,10650676
MRT,2058,,10827342
MRT,2059,,11004491
MRT,2060,,11180222
MRT,2061,,11355030
MRT,2062,,11529735
MRT,2063,,11703699
MRT,2064,,11877950
MRT,2065,,12051736
MRT,2066,,12224647
MRT,2067,,12397844
MRT,2068,,12569362
MRT,2069,,12739407
MRT,2070,,12908447
MRT,2071,,13076833
MRT,2072,,13244153
MRT,2073,,13409184
MRT,2074,,13572518
MRT,2075,,13734755
MRT,2076,,13895846
MRT,2077,,14055485
MRT,2078,,14213521
MRT,2079,,14368500
MRT,2080,,14520799
MRT,2081,,14672022
MRT,2082,,14821349
MRT,2083,,14968973
MRT,2084,,15114735
MRT,2085,,15257624
MRT,2086,,15398691
MRT,2087,,15538558
MRT,2088,,15676054
MRT,2089,,15810317
MRT,2090,,15941788
MRT,2091,,16071140
MRT,2092,,16197733
MRT,2093,,16321554
MRT,2094,,16443131
MRT,2095,,16561437
MRT,2096,,16677785
MRT,2097,,16792537
MRT,2098,,16904652
MRT,2099,,17013077
MRT,2100,,17118471
MUS,1950,525560,
MUS,1951,541172,
MUS,1952,557187,
MUS,1953,571925,
MUS,1954,585487,
MUS,1955,599593,
MUS,1956,614565,
MUS,1957,630414,
MUS,1958,647158,
MUS,1959,664841,
MUS,1960,680332,
MUS,1961,692533,
MUS,1962,705283,
MUS,1963,720357,
MUS,1964,736546,
MUS,1965,752668,
MUS,1966,768652,
MUS,1967,784260,
MUS,1968,799288,
MUS,1969,813740,
MUS,1970,827700,
MUS,1971,841116,
MUS,1972,853610,
MUS,1973,865153,
MUS,1974,876473,
MUS,1975,888031,
MUS,1976,899858,
MUS,1977,912153,
MUS,1978,925287,
MUS,1979,939395,
MUS,1980,954221,
MUS,1981,969222,
MUS,1982,983609,
MUS,1983,997375,
MUS,1984,1011247,
MUS,1985,1025066,
MUS,1986,1038348,
MUS,1987,1051115,
MUS,1988,1063596,
MUS,1989,1075985,
MUS,1990,1089033,
MUS,1991,1103050,
MUS,1992,1117676,
MUS,1993,1132397,
MUS,1994,1146559,
MUS,1995,1159824,
MUS,1996,1172390,
MUS,1997,1184304,
MUS,1998,1195111,
MUS,1999,1205903,
MUS,2000,1216632,
MUS,2001,1225807,
MUS,2002,1234090,
MUS,2003,1242094,
MUS,2004,1249799,
MUS,2005,1257215,
MUS,2006,1263785,
MUS,2007,1269522,
MUS,2008,1274635,
MUS,2009,1278976,
MUS,2010,1282710,
MUS,2011,1286270,
MUS,2012,1289174,
MUS,2013,1290988,
MUS,2014,1292006,
MUS,2015,1292283,
MUS,2016,1291807,
MUS,2017,1290654,
MUS,2018,1288836,
MUS,2019,1286269,
MUS,2020,1283231,
MUS,2021,1279628,
MUS,2022,1276134,
MUS,2023,1273591,
MUS,2024,,1271171
MUS,2025,,1268285
MUS,2026,,1265062
MUS,2027,,1261637
MUS,2028,,1258042
MUS,2029,,1254282
MUS,2030,,1250435
MUS,2031,,1246400
MUS,2032,,1242018
MUS,2033,,1237320
MUS,2034,,1232300
MUS,2035,,1226958
MUS,2036,,1221290
MUS,2037,,1215307
MUS,2038,,1209017
MUS,2039,,1202329
MUS,2040,,1195227
MUS,2041,,1187766
MUS,2042,,1179991
MUS,2043,,1171870
MUS,2044,,1163406
MUS,2045,,1154665
MUS,2046,,1145612
MUS,2047,,1136305
MUS,2048,,1126766
MUS,2049,,1117042
MUS,2050,,1107198
MUS,2051,,1097237
MUS,2052,,1087165
MUS,2053,,1076964
MUS,2054,,1066694
MUS,2055,,1056365
MUS,2056,,1045957
MUS,2057,,1035486
MUS,2058,,1025016
MUS,2059,,1014508
MUS,2060,,1003904
MUS,2061,,993252
MUS,2062,,982552
MUS,2063,,971821
MUS,2064,,961042
MUS,2065,,950172
MUS,2066,,939291
MUS,2067,,928396
MUS,2068,,917482
MUS,2069,,906525
MUS,2070,,895466
MUS,2071,,884395
MUS,2072,,873286
MUS,2073,,862099
MUS,2074,,850894
MUS,2075,,839685
MUS,2076,,828451
MUS,2077,,817162
MUS,2078,,805866
MUS,2079,,794595
MUS,2080,,783344
MUS,2081,,772115
MUS,2082,,760902
MUS,2083,,749742
MUS,2084,,738683
MUS,2085,,727678
MUS,2086,,716769
MUS,2087,,705985
MUS,2088,,695344
MUS,2089,,684845
MUS,2090,,674500
MUS,2091,,664326
MUS,2092,,654346
MUS,2093,,644525
MUS,2094,,634916
MUS,2095,,625532
MUS,2096,,616355
MUS,2097,,607381
MUS,2098,,598620
MUS,2099,,590075
MUS,2100,,581719
MYT,1950,20549,
MYT,1951,20948,
MYT,1952,21361,
MYT,1953,21815,
MYT,1954,22315,
MYT,1955,22850,
MYT,1956,23411,
MYT,1957,24003,
MYT,1958,24640,
MYT,1959,25312,
MYT,1960,26015,
MYT,1961,26755,
MYT,1962,27531,
MYT,1963,28358,
MYT,1964,29248,
MYT,1965,30204,
MYT,1966,31223,
MYT,1967,32283,
MYT,1968,33258,
MYT,1969,34165,
MYT,1970,35117,
MYT,1971,36132,
MYT,1972,37234,
MYT,1973,38415,
MYT,1974,39669,
MYT,1975,40986,
MYT,1976,42357,
MYT,1977,43777,
MYT,1978,45441,
MYT,1979,47605,
MYT,1980,50161,
MYT,1981,52949,
MYT,1982,55922,
MYT,1983,59014,
MYT,1984,62188,
MYT,1985,65606,
MYT,1986,69636,
MYT,1987,74230,
MYT,1988,79132,
MYT,1989,84283,
MYT,1990,89606,
MYT,1991,95115,
MYT,1992,101206,
MYT,1993,107983,
MYT,1994,115149,
MYT,1995,122590,
MYT,1996,130177,
MYT,1997,137444,
MYT,1998,143988,
MYT,1999,150218,
MYT,2000,156511,
MYT,2001,162716,
MYT,2002,168093,
MYT,2003,171702,
MYT,2004,175053,
MYT,2005,179615,
MYT,2006,185005,
MYT,2007,190773,
MYT,2008,196422,
MYT,2009,201909,
MYT,2010,207439,
MYT,2011,212996,
MYT,2012,219008,
MYT,2013,226642,
MYT,2014,235785,
MYT,2015,245594,
MYT,2016,255880,
MYT,2017,265170,
MYT,2018,269704,
MYT,2019,274918,
MYT,2020,284381,
MYT,2021,294431,
MYT,2022,305279,
MYT,2023,316028,
MYT,2024,,326512
MYT,2025,,337019
MYT,2026,,347544
MYT,2027,,358147
MYT,2028,,368851
MYT,2029,,379641
MYT,2030,,390543
MYT,2031,,401574
MYT,2032,,412781
MYT,2033,,424094
MYT,2034,,435513
MYT,2035,,447068
MYT,2036,,458801
MYT,2037,,470808
MYT,2038,,482997
MYT,2039,,495421
MYT,2040,,508074
MYT,2041,,521035
MYT,2042,,534267
MYT,2043,,547627
MYT,2044,,561102
MYT,2045,,574861
MYT,2046,,588847
MYT,2047,,602918
MYT,2048,,617095
MYT,2049,,631302
MYT,2050,,645436
MYT,2051,,659500
MYT,2052,,673685
MYT,2053,,687993
MYT,2054,,702329
MYT,2055,,716847
MYT,2056,,731558
MYT,2057,,746248
MYT,2058,,760813
MYT,2059,,775277
MYT,2060,,789696
MYT,2061,,804107
MYT,2062,,818566
MYT,2063,,833140
MYT,2064,,847795
MYT,2065,,862573
MYT,2066,,877673
MYT,2067,,893073
MYT,2068,,908454
MYT,2069,,923845
MYT,2070,,939455
MYT,2071,,954881
MYT,2072,,970256
MYT,2073,,985813
MYT,2074,,1001205
MYT,2075,,1016441
MYT,2076,,1031614
MYT,2077,,1046941
MYT,2078,,1062292
MYT,2079,,1077392
MYT,2080,,1092336
MYT,2081,,1107222
MYT,2082,,1122154
MYT,2083,,1137086
MYT,2084,,1151863
MYT,2085,,1166681
MYT,2086,,1181445
MYT,2087,,1196048
MYT,2088,,1210643
MYT,2089,,1225037
MYT,2090,,1239198
MYT,2091,,1253200
MYT,2092,,1267106
MYT,2093,,1280890
MYT,2094,,1294717
MYT,2095,,1308698
MYT,2096,,1322541
MYT,2097,,1336081
MYT,2098,,1349410
MYT,2099,,1362492
MYT,2100,,1375550
MEX,1950,27587941,
MEX,1951,28320487,
MEX,1952,29090173,
MEX,1953,29899242,
MEX,1954,30753012,
MEX,1955,31650600,
MEX,1956,32587939,
MEX,1957,33562718,
MEX,1958,34575074,
MEX,1959,35627261,
MEX,1960,36724614,
MEX,1961,37890125,
MEX,1962,39129204,
MEX,1963,40424068,
MEX,1964,41772051,
MEX,1965,43174476,
MEX,1966,44629105,
MEX,1967,46129602,
MEX,1968,47668308,
MEX,1969,49233192,
MEX,1970,50814958,
MEX,1971,52412564,
MEX,1972,54030172,
MEX,1973,55667287,
MEX,1974,57320150,
MEX,1975,58982403,
MEX,1976,60645513,
MEX,1977,62308499,
MEX,1978,63979053,
MEX,1979,65648868,
MEX,1980,67300338,
MEX,1981,68892107,
MEX,1982,70433258,
MEX,1983,71971238,
MEX,1984,73506848,
MEX,1985,75043415,
MEX,1986,76585638,
MEX,1987,78136652,
MEX,1988,79695526,
MEX,1989,81247174,
MEX,1990,82820170,
MEX,1991,84430565,
MEX,1992,86044806,
MEX,1993,87653817,
MEX,1994,89259202,
MEX,1995,90862449,
MEX,1996,92452700,
MEX,1997,94021204,
MEX,1998,95575242,
MEX,1999,97115710,
MEX,2000,98625553,
MEX,2001,100099101,
MEX,2002,101548627,
MEX,2003,102978517,
MEX,2004,104394131,
MEX,2005,105811504,
MEX,2006,107253666,
MEX,2007,108774356,
MEX,2008,110374286,
MEX,2009,111999720,
MEX,2010,113623898,
MEX,2011,115243503,
MEX,2012,116818208,
MEX,2013,118343572,
MEX,2014,119784265,
MEX,2015,121072310,
MEX,2016,122251344,
MEX,2017,123400052,
MEX,2018,124573713,
MEX,2019,125762978,
MEX,2020,126799053,
MEX,2021,127648151,
MEX,2022,128613116,
MEX,2023,129739761,
MEX,2024,,130861001
MEX,2025,,131946897
MEX,2026,,132997658
MEX,2027,,134017705
MEX,2028,,135008690
MEX,2029,,135970887
MEX,2030,,136904741
MEX,2031,,137811060
MEX,2032,,138690185
MEX,2033,,139542082
MEX,2034,,140362019
MEX,2035,,141150812
MEX,2036,,141909164
MEX,2037,,142637539
MEX,2038,,143336217
MEX,2039,,143998289
MEX,2040,,144624325
MEX,2041,,145217775
MEX,2042,,145777455
MEX,2043,,146300007
MEX,2044,,146787717
MEX,2045,,147240092
MEX,2046,,147654154
MEX,2047,,148030146
MEX,2048,,148372227
MEX,2049,,148677885
MEX,2050,,148946266
MEX,2051,,149181839
MEX,2052,,149383755
MEX,2053,,149552702
MEX,2054,,149688987
MEX,2055,,149794542
MEX,2056,,149869731
MEX,2057,,149916426
MEX,2058,,149937276
MEX,2059,,149930613
MEX,2060,,149893288
MEX,2061,,149827851
MEX,2062,,149737037
MEX,2063,,149619413
MEX,2064,,149474741
MEX,2065,,149302543
MEX,2066,,149103941
MEX,2067,,148881680
MEX,2068,,148634885
MEX,2069,,148362269
MEX,2070,,148063202
MEX,2071,,147741066
MEX,2072,,147396150
MEX,2073,,147025031
MEX,2074,,146629515
MEX,2075,,146211744
MEX,2076,,145772680
MEX,2077,,145311922
MEX,2078,,144829018
MEX,2079,,144324264
MEX,2080,,143798332
MEX,2081,,143251807
MEX,2082,,142689367
MEX,2083,,142109913
MEX,2084,,141510612
MEX,2085,,140892443
MEX,2086,,140257626
MEX,2087,,139610653
MEX,2088,,138952623
MEX,2089,,138281616
MEX,2090,,137597074
MEX,2091,,136900255
MEX,2092,,136193869
MEX,2093,,135476630
MEX,2094,,134746723
MEX,2095,,134008428
MEX,2096,,133264471
MEX,2097,,132515725
MEX,2098,,131763049
MEX,2099,,131007387
MEX,2100,,130248835
FSM,1950,32128,
FSM,1951,33025,
FSM,1952,33953,
FSM,1953,34935,
FSM,1954,35943,
FSM,1955,36998,
FSM,1956,38101,
FSM,1957,39240,
FSM,1958,40425,
FSM,1959,41683,
FSM,1960,43081,
FSM,1961,44628,
FSM,1962,46239,
FSM,1963,47762,
FSM,1964,49198,
FSM,1965,50701,
FSM,1966,52276,
FSM,1967,53865,
FSM,1968,55480,
FSM,1969,57162,
FSM,1970,58943,
FSM,1971,60655,
FSM,1972,62293,
FSM,1973,64000,
FSM,1974,65763,
FSM,1975,67445,
FSM,1976,69067,
FSM,1977,70774,
FSM,1978,72772,
FSM,1979,75070,
FSM,1980,77421,
FSM,1981,79810,
FSM,1982,82236,
FSM,1983,84698,
FSM,1984,87196,
FSM,1985,89721,
FSM,1986,92275,
FSM,1987,94860,
FSM,1988,97110,
FSM,1989,99018,
FSM,1990,100904,
FSM,1991,102764,
FSM,1992,104823,
FSM,1993,107082,
FSM,1994,109090,
FSM,1995,110244,
FSM,1996,110723,
FSM,1997,111088,
FSM,1998,111394,
FSM,1999,111693,
FSM,2000,112067,
FSM,2001,112378,
FSM,2002,112464,
FSM,2003,112298,
FSM,2004,111939,
FSM,2005,111420,
FSM,2006,110739,
FSM,2007,109896,
FSM,2008,108947,
FSM,2009,107968,
FSM,2010,107559,
FSM,2011,107712,
FSM,2012,107908,
FSM,2013,108133,
FSM,2014,108407,
FSM,2015,108727,
FSM,2016,109088,
FSM,2017,109495,
FSM,2018,109925,
FSM,2019,110293,
FSM,2020,110930,
FSM,2021,111635,
FSM,2022,112122,
FSM,2023,112646,
FSM,2024,,113171
FSM,2025,,113698
FSM,2026,,114195
FSM,2027,,114714
FSM,2028,,115264
FSM,2029,,115810
FSM,2030,,116363
FSM,2031,,116923
FSM,2032,,117470
FSM,2033,,118034
FSM,2034,,118593
FSM,2035,,119158
FSM,2036,,119689
FSM,2037,,120223
FSM,2038,,120746
FSM,2039,,121224
FSM,2040,,121689
FSM,2041,,122170
FSM,2042,,122638
FSM,2043,,123116
FSM,2044,,123609
FSM,2045,,124075
FSM,2046,,124551
FSM,2047,,125025
FSM,2048,,125501
FSM,2049,,125969
FSM,2050,,126420
FSM,2051,,126865
FSM,2052,,127293
FSM,2053,,127725
FSM,2054,,128133
FSM,2055,,128514
FSM,2056,,128898
FSM,2057,,129296
FSM,2058,,129697
FSM,2059,,130082
FSM,2060,,130407
FSM,2061,,130735
FSM,2062,,131065
FSM,2063,,131357
FSM,2064,,131649
FSM,2065,,131904
FSM,2066,,132127
FSM,2067,,132340
FSM,2068,,132544
FSM,2069,,132736
FSM,2070,,132872
FSM,2071,,132971
FSM,2072,,133043
FSM,2073,,133087
FSM,2074,,133118
FSM,2075,,133133
FSM,2076,,133118
FSM,2077,,133080
FSM,2078,,132992
FSM,2079,,132898
FSM,2080,,132797
FSM,2081,,132677
FSM,2082,,132536
FSM,2083,,132385
FSM,2084,,132220
FSM,2085,,132036
FSM,2086,,131820
FSM,2087,,131585
FSM,2088,,131365
FSM,2089,,131162
FSM,2090,,130938
FSM,2091,,130710
FSM,2092,,130457
FSM,2093,,130196
FSM,2094,,129950
FSM,2095,,129688
FSM,2096,,129404
FSM,2097,,129108
FSM,2098,,128792
FSM,2099,,128478
FSM,2100,,128155
MDA,1950,2528365,
MDA,1951,2572743,
MDA,1952,2619786,
MDA,1953,2669507,
MDA,1954,2721545,
MDA,1955,2775562,
MDA,1956,2831241,
MDA,1957,2887999,
MDA,1958,2944565,
MDA,1959,3007366,
MDA,1960,3076172,
MDA,1961,3143892,
MDA,1962,3209509,
MDA,1963,3271788,
MDA,1964,3330242,
MDA,1965,3385972,
MDA,1966,3440667,
MDA,1967,3494203,
MDA,1968,3547087,
MDA,1969,3599995,
MDA,1970,3643522,
MDA,1971,3677928,
MDA,1972,3713997,
MDA,1973,3752617,
MDA,1974,3793852,
MDA,1975,3836949,
MDA,1976,3881031,
MDA,1977,3925587,
MDA,1978,3970300,
MDA,1979,4010389,
MDA,1980,4048713,
MDA,1981,4089537,
MDA,1982,4130066,
MDA,1983,4172081,
MDA,1984,4215890,
MDA,1985,4261133,
MDA,1986,4309371,
MDA,1987,4359065,
MDA,1988,4407777,
MDA,1989,4439386,
MDA,1990,4451150,
MDA,1991,4456609,
MDA,1992,4455714,
MDA,1993,4448241,
MDA,1994,4434457,
MDA,1995,4414216,
MDA,1996,4387653,
MDA,1997,4355537,
MDA,1998,4318713,
MDA,1999,4278220,
MDA,2000,4234969,
MDA,2001,4189769,
MDA,2002,4142937,
MDA,2003,4095418,
MDA,2004,4046672,
MDA,2005,3988668,
MDA,2006,3921320,
MDA,2007,3851397,
MDA,2008,3779503,
MDA,2009,3706212,
MDA,2010,3631990,
MDA,2011,3557278,
MDA,2012,3482629,
MDA,2013,3408741,
MDA,2014,3342715,
MDA,2015,3287168,
MDA,2016,3237798,
MDA,2017,3193500,
MDA,2018,3153779,
MDA,2019,3112561,
MDA,2020,3069135,
MDA,2021,3023780,
MDA,2022,3039986,
MDA,2023,3067072,
MDA,2024,,3034967
MDA,2025,,2996104
MDA,2026,,2961261
MDA,2027,,2932389
MDA,2028,,2903496
MDA,2029,,2874453
MDA,2030,,2845245
MDA,2031,,2816264
MDA,2032,,2787672
MDA,2033,,2759081
MDA,2034,,2730470
MDA,2035,,2702009
MDA,2036,,2674096
MDA,2037,,2646892
MDA,2038,,2620268
MDA,2039,,2594116
MDA,2040,,2568812
MDA,2041,,2544679
MDA,2042,,2521344
MDA,2043,,2498526
MDA,2044,,2476482
MDA,2045,,2454938
MDA,2046,,2433769
MDA,2047,,2413189
MDA,2048,,2392885
MDA,2049,,2372358
MDA,2050,,2351806
MDA,2051,,2331182
MDA,2052,,2310139
MDA,2053,,2288803
MDA,2054,,2267111
MDA,2055,,2245226
MDA,2056,,2223099
MDA,2057,,2200925
MDA,2058,,2178902
MDA,2059,,2156769
MDA,2060,,2134310
MDA,2061,,2111816
MDA,2062,,2089590
MDA,2063,,2067731
MDA,2064,,2046167
MDA,2065,,2024850
MDA,2066,,2004079
MDA,2067,,1983708
MDA,2068,,1963639
MDA,2069,,1944204
MDA,2070,,1925280
MDA,2071,,1906952
MDA,2072,,1889381
MDA,2073,,1872389
MDA,2074,,1855871
MDA,2075,,1839770
MDA,2076,,1824237
MDA,2077,,1808875
MDA,2078,,1793657
MDA,2079,,1778837
MDA,2080,,1764319
MDA,2081,,1750074
MDA,2082,,1736018
MDA,2083,,1722109
MDA,2084,,1708354
MDA,2085,,1694611
MDA,2086,,1680861
MDA,2087,,1667281
MDA,2088,,1653698
MDA,2089,,1640095
MDA,2090,,1626543
MDA,2091,,1612850
MDA,2092,,1598968
MDA,2093,,1585027
MDA,2094,,1571074
MDA,2095,,1557058
MDA,2096,,1542998
MDA,2097,,1529062
MDA,2098,,1515194
MDA,2099,,1501431
MDA,2100,,1487721
MCO,1950,19689,
MCO,1951,20370,
MCO,1952,20577,
MCO,1953,20686,
MCO,1954,20687,
MCO,1955,20605,
MCO,1956,20744,
MCO,1957,21120,
MCO,1958,21428,
MCO,1959,21672,
MCO,1960,21829,
MCO,1961,21927,
MCO,1962,22101,
MCO,1963,22411,
MCO,1964,22710,
MCO,1965,22967,
MCO,1966,23154,
MCO,1967,23262,
MCO,1968,23461,
MCO,1969,23856,
MCO,1970,24252,
MCO,1971,24606,
MCO,1972,24885,
MCO,1973,25097,
MCO,1974,25260,
MCO,1975,25525,
MCO,1976,25918,
MCO,1977,26293,
MCO,1978,26628,
MCO,1979,26913,
MCO,1980,27146,
MCO,1981,27318,
MCO,1982,27584,
MCO,1983,27985,
MCO,1984,28380,
MCO,1985,28756,
MCO,1986,29119,
MCO,1987,29470,
MCO,1988,29806,
MCO,1989,30108,
MCO,1990,30382,
MCO,1991,30654,
MCO,1992,30909,
MCO,1993,31165,
MCO,1994,31398,
MCO,1995,31636,
MCO,1996,31859,
MCO,1997,32090,
MCO,1998,32289,
MCO,1999,32435,
MCO,2000,32477,
MCO,2001,32466,
MCO,2002,32441,
MCO,2003,32396,
MCO,2004,32329,
MCO,2005,32235,
MCO,2006,32083,
MCO,2007,31859,
MCO,2008,31862,
MCO,2009,32390,
MCO,2010,33188,
MCO,2011,33968,
MCO,2012,34738,
MCO,2013,35476,
MCO,2014,36155,
MCO,2015,36785,
MCO,2016,37301,
MCO,2017,37700,
MCO,2018,38179,
MCO,2019,38131,
MCO,2020,38074,
MCO,2021,38548,
MCO,2022,38950,
MCO,2023,38979,
MCO,2024,,38657
MCO,2025,,38367
MCO,2026,,38108
MCO,2027,,37891
MCO,2028,,37695
MCO,2029,,37528
MCO,2030,,37392
MCO,2031,,37267
MCO,2032,,37156
MCO,2033,,37065
MCO,2034,,36988
MCO,2035,,36915
MCO,2036,,36847
MCO,2037,,36783
MCO,2038,,36734
MCO,2039,,36695
MCO,2040,,36652
MCO,2041,,36593
MCO,2042,,36565
MCO,2043,,36547
MCO,2044,,36542
MCO,2045,,36548
MCO,2046,,36563
MCO,2047,,36597
MCO,2048,,36647
MCO,2049,,36704
MCO,2050,,36781
MCO,2051,,36863
MCO,2052,,36950
MCO,2053,,37043
MCO,2054,,37147
MCO,2055,,37237
MCO,2056,,37333
MCO,2057,,37456
MCO,2058,,37577
MCO,2059,,37707
MCO,2060,,37842
MCO,2061,,37965
MCO,2062,,38100
MCO,2063,,38265
MCO,2064,,38434
MCO,2065,,38605
MCO,2066,,38776
MCO,2067,,38954
MCO,2068,,39141
MCO,2069,,39354
MCO,2070,,39569
MCO,2071,,39785
MCO,2072,,39998
MCO,2073,,40219
MCO,2074,,40448
MCO,2075,,40677
MCO,2076,,40930
MCO,2077,,41199
MCO,2078,,41456
MCO,2079,,41714
MCO,2080,,41969
MCO,2081,,42235
MCO,2082,,42490
MCO,2083,,42759
MCO,2084,,43034
MCO,2085,,43310
MCO,2086,,43581
MCO,2087,,43876
MCO,2088,,44161
MCO,2089,,44420
MCO,2090,,44682
MCO,2091,,44966
MCO,2092,,45233
MCO,2093,,45499
MCO,2094,,45784
MCO,2095,,46078
MCO,2096,,46355
MCO,2097,,46639
MCO,2098,,46914
MCO,2099,,47204
MCO,2100,,47509
MNG,1950,781691,
MNG,1951,794329,
MNG,1952,807093,
MNG,1953,820278,
MNG,1954,834023,
MNG,1955,848687,
MNG,1956,868487,
MNG,1957,893240,
MNG,1958,919297,
MNG,1959,947419,
MNG,1960,977602,
MNG,1961,1009292,
MNG,1962,1041446,
MNG,1963,1071366,
MNG,1964,1100238,
MNG,1965,1131185,
MNG,1966,1163763,
MNG,1967,1196997,
MNG,1968,1229931,
MNG,1969,1262291,
MNG,1970,1295275,
MNG,1971,1330076,
MNG,1972,1366829,
MNG,1973,1405507,
MNG,1974,1446056,
MNG,1975,1488301,
MNG,1976,1531953,
MNG,1977,1576248,
MNG,1978,1619479,
MNG,1979,1660661,
MNG,1980,1701341,
MNG,1981,1742856,
MNG,1982,1785364,
MNG,1983,1829093,
MNG,1984,1874355,
MNG,1985,1921519,
MNG,1986,1970967,
MNG,1987,2022803,
MNG,1988,2076326,
MNG,1989,2124190,
MNG,1990,2164578,
MNG,1991,2202772,
MNG,1992,2239130,
MNG,1993,2273515,
MNG,1994,2305743,
MNG,1995,2335717,
MNG,1996,2363469,
MNG,1997,2389133,
MNG,1998,2412793,
MNG,1999,2434041,
MNG,2000,2455182,
MNG,2001,2477704,
MNG,2002,2500074,
MNG,2003,2521809,
MNG,2004,2542801,
MNG,2005,2563466,
MNG,2006,2584761,
MNG,2007,2607976,
MNG,2008,2634431,
MNG,2009,2665333,
MNG,2010,2701739,
MNG,2011,2745183,
MNG,2012,2795463,
MNG,2013,2851887,
MNG,2014,2913041,
MNG,2015,2976528,
MNG,2016,3040815,
MNG,2017,3104371,
MNG,2018,3167714,
MNG,2019,3232118,
MNG,2020,3290786,
MNG,2021,3339676,
MNG,2022,3386015,
MNG,2023,3431938,
MNG,2024,,3475541
MNG,2025,,3517097
MNG,2026,,3556796
MNG,2027,,3595189
MNG,2028,,3632659
MNG,2029,,3669205
MNG,2030,,3705232
MNG,2031,,3740970
MNG,2032,,3776886
MNG,2033,,3813636
MNG,2034,,3851300
MNG,2035,,3889780
MNG,2036,,3929160
MNG,2037,,3969716
MNG,2038,,4011059
MNG,2039,,4053026
MNG,2040,,4095554
MNG,2041,,4138386
MNG,2042,,4181473
MNG,2043,,4224216
MNG,2044,,4266561
MNG,2045,,4308778
MNG,2046,,4350077
MNG,2047,,4389976
MNG,2048,,4428537
MNG,2049,,4465792
MNG,2050,,4501492
MNG,2051,,4535758
MNG,2052,,4568899
MNG,2053,,4600782
MNG,2054,,4631378
MNG,2055,,4660477
MNG,2056,,4688378
MNG,2057,,4715611
MNG,2058,,4742004
MNG,2059,,4767523
MNG,2060,,4792867
MNG,2061,,4817606
MNG,2062,,4841665
MNG,2063,,4865585
MNG,2064,,4889509
MNG,2065,,4913688
MNG,2066,,4938267
MNG,2067,,4962504
MNG,2068,,4986204
MNG,2069,,5009639
MNG,2070,,5033087
MNG,2071,,5056448
MNG,2072,,5079251
MNG,2073,,5101962
MNG,2074,,5124533
MNG,2075,,5146736
MNG,2076,,5168622
MNG,2077,,5189721
MNG,2078,,5210718
MNG,2079,,5231548
MNG,2080,,5251320
MNG,2081,,5270335
MNG,2082,,5288534
MNG,2083,,5306319
MNG,2084,,5323777
MNG,2085,,5340798
MNG,2086,,5356981
MNG,2087,,5372442
MNG,2088,,5387953
MNG,2089,,5403239
MNG,2090,,5417907
MNG,2091,,5431671
MNG,2092,,5444681
MNG,2093,,5457049
MNG,2094,,5468574
MNG,2095,,5479656
MNG,2096,,5489750
MNG,2097,,5498609
MNG,2098,,5506718
MNG,2099,,5513621
MNG,2100,,5519346
MNE,1950,402519,
MNE,1951,410084,
MNE,1952,418911,
MNE,1953,427489,
MNE,1954,434375,
MNE,1955,440593,
MNE,1956,446695,
MNE,1957,452749,
MNE,1958,458810,
MNE,1959,464906,
MNE,1960,471205,
MNE,1961,477835,
MNE,1962,484443,
MNE,1963,490789,
MNE,1964,496937,
MNE,1965,502895,
MNE,1966,508640,
MNE,1967,514098,
MNE,1968,519311,
MNE,1969,524443,
MNE,1970,529679,
MNE,1971,535112,
MNE,1972,540706,
MNE,1973,546269,
MNE,1974,551745,
MNE,1975,557156,
MNE,1976,562637,
MNE,1977,568095,
MNE,1978,573523,
MNE,1979,579015,
MNE,1980,584831,
MNE,1981,589916,
MNE,1982,593634,
MNE,1983,596960,
MNE,1984,600258,
MNE,1985,603506,
MNE,1986,606803,
MNE,1987,610181,
MNE,1988,613594,
MNE,1989,617048,
MNE,1990,620507,
MNE,1991,623564,
MNE,1992,626030,
MNE,1993,628107,
MNE,1994,629890,
MNE,1995,631386,
MNE,1996,632625,
MNE,1997,633539,
MNE,1998,634099,
MNE,1999,634280,
MNE,2000,634198,
MNE,2001,634001,
MNE,2002,633767,
MNE,2003,633563,
MNE,2004,633756,
MNE,2005,634059,
MNE,2006,633876,
MNE,2007,633388,
MNE,2008,632855,
MNE,2009,632445,
MNE,2010,632088,
MNE,2011,632689,
MNE,2012,633546,
MNE,2013,633199,
MNE,2014,631377,
MNE,2015,628145,
MNE,2016,624246,
MNE,2017,620112,
MNE,2018,615798,
MNE,2019,611671,
MNE,2020,607934,
MNE,2021,603854,
MNE,2022,614649,
MNE,2023,633553,
MNE,2024,,638481
MNE,2025,,632730
MNE,2026,,626242
MNE,2027,,622868
MNE,2028,,619501
MNE,2029,,616060
MNE,2030,,612562
MNE,2031,,609026
MNE,2032,,605404
MNE,2033,,601713
MNE,2034,,597957
MNE,2035,,594142
MNE,2036,,590263
MNE,2037,,586349
MNE,2038,,582396
MNE,2039,,578425
MNE,2040,,574440
MNE,2041,,570439
MNE,2042,,566431
MNE,2043,,562395
MNE,2044,,558325
MNE,2045,,554233
MNE,2046,,550116
MNE,2047,,545944
MNE,2048,,541748
MNE,2049,,537548
MNE,2050,,533299
MNE,2051,,529038
MNE,2052,,524733
MNE,2053,,520387
MNE,2054,,516026
MNE,2055,,511593
MNE,2056,,507092
MNE,2057,,502603
MNE,2058,,498183
MNE,2059,,493750
MNE,2060,,489261
MNE,2061,,484750
MNE,2062,,480255
MNE,2063,,475746
MNE,2064,,471229
MNE,2065,,466702
MNE,2066,,462221
MNE,2067,,457765
MNE,2068,,453311
MNE,2069,,448892
MNE,2070,,444461
MNE,2071,,440039
MNE,2072,,435690
MNE,2073,,431378
MNE,2074,,427086
MNE,2075,,422844
MNE,2076,,418655
MNE,2077,,414507
MNE,2078,,410396
MNE,2079,,406286
MNE,2080,,402216
MNE,2081,,398175
MNE,2082,,394198
MNE,2083,,390266
MNE,2084,,386351
MNE,2085,,382462
MNE,2086,,378618
MNE,2087,,374791
MNE,2088,,371001
MNE,2089,,367214
MNE,2090,,363413
MNE,2091,,359627
MNE,2092,,355850
MNE,2093,,352091
MNE,2094,,348346
MNE,2095,,344616
MNE,2096,,340879
MNE,2097,,337146
MNE,2098,,333449
MNE,2099,,329745
MNE,2100,,326019
MSR,1950,12964,
MSR,1951,12869,
MSR,1952,12773,
MSR,1953,12675,
MSR,1954,12581,
MSR,1955,12505,
MSR,1956,12412,
MSR,1957,12325,
MSR,1958,12230,
MSR,1959,12135,
MSR,1960,12057,
MSR,1961,11984,
MSR,1962,11911,
MSR,1963,11825,
MSR,1964,11751,
MSR,1965,11667,
MSR,1966,11600,
MSR,1967,11526,
MSR,1968,11465,
MSR,1969,11399,
MSR,1970,11358,
MSR,1971,11361,
MSR,1972,11372,
MSR,1973,11389,
MSR,1974,11409,
MSR,1975,11434,
MSR,1976,11441,
MSR,1977,11460,
MSR,1978,11459,
MSR,1979,11437,
MSR,1980,11364,
MSR,1981,11275,
MSR,1982,11200,
MSR,1983,11148,
MSR,1984,11078,
MSR,1985,11018,
MSR,1986,10967,
MSR,1987,10920,
MSR,1988,10872,
MSR,1989,10798,
MSR,1990,10700,
MSR,1991,10464,
MSR,1992,10013,
MSR,1993,9454,
MSR,1994,8867,
MSR,1995,8257,
MSR,1996,7626,
MSR,1997,6979,
MSR,1998,6321,
MSR,1999,5685,
MSR,2000,5053,
MSR,2001,4616,
MSR,2002,4500,
MSR,2003,4515,
MSR,2004,4541,
MSR,2005,4574,
MSR,2006,4606,
MSR,2007,4649,
MSR,2008,4700,
MSR,2009,4759,
MSR,2010,4819,
MSR,2011,4846,
MSR,2012,4822,
MSR,2013,4774,
MSR,2014,4738,
MSR,2015,4693,
MSR,2016,4665,
MSR,2017,4624,
MSR,2018,4595,
MSR,2019,4564,
MSR,2020,4532,
MSR,2021,4505,
MSR,2022,4476,
MSR,2023,4440,
MSR,2024,,4414
MSR,2025,,4383
MSR,2026,,4352
MSR,2027,,4326
MSR,2028,,4289
MSR,2029,,4256
MSR,2030,,4225
MSR,2031,,4196
MSR,2032,,4170
MSR,2033,,4132
MSR,2034,,4100
MSR,2035,,4073
MSR,2036,,4038
MSR,2037,,4007
MSR,2038,,3984
MSR,2039,,3960
MSR,2040,,3929
MSR,2041,,3897
MSR,2042,,3871
MSR,2043,,3853
MSR,2044,,3834
MSR,2045,,3812
MSR,2046,,3789
MSR,2047,,3774
MSR,2048,,3752
MSR,2049,,3735
MSR,2050,,3716
MSR,2051,,3689
MSR,2052,,3674
MSR,2053,,3650
MSR,2054,,3627
MSR,2055,,3608
MSR,2056,,3587
MSR,2057,,3561
MSR,2058,,3539
MSR,2059,,3521
MSR,2060,,3500
MSR,2061,,3477
MSR,2062,,3449
MSR,2063,,3427
MSR,2064,,3406
MSR,2065,,3384
MSR,2066,,3364
MSR,2067,,3340
MSR,2068,,3312
MSR,2069,,3292
MSR,2070,,3275
MSR,2071,,3259
MSR,2072,,3238
MSR,2073,,3218
MSR,2074,,3202
MSR,2075,,3189
MSR,2076,,3166
MSR,2077,,3145
MSR,2078,,3130
MSR,2079,,3114
MSR,2080,,3095
MSR,2081,,3071
MSR,2082,,3059
MSR,2083,,3046
MSR,2084,,3034
MSR,2085,,3019
MSR,2086,,2998
MSR,2087,,2984
MSR,2088,,2968
MSR,2089,,2956
MSR,2090,,2938
MSR,2091,,2919
MSR,2092,,2907
MSR,2093,,2897
MSR,2094,,2885
MSR,2095,,2864
MSR,2096,,2849
MSR,2097,,2838
MSR,2098,,2826
MSR,2099,,2818
MSR,2100,,2799
,1950,813408098,
,1951,822685166,
,1952,831897689,
,1953,841466218,
,1954,851271236,
,1955,861213044,
,1956,871164729,
,1957,881383470,
,1958,891994407,
,1959,902575167,
,1960,913129881,
,1961,923843718,
,1962,934505567,
,1963,944878303,
,1964,954992050,
,1965,964753348,
,1966,973989093,
,1967,982807503,
,1968,991479723,
,1969,1000109401,
,1970,1008472094,
,1971,1017200324,
,1972,1026163903,
,1973,1034537769,
,1974,1042520058,
,1975,1049975497,
,1976,1057066461,
,1977,1064116811,
,1978,1071004188,
,1979,1077863862,
,1980,1085007461,
,1981,1091854244,
,1982,1098150072,
,1983,1104373542,
,1984,1110503862,
,1985,1116609293,
,1986,1122991296,
,1987,1129552742,
,1988,1136201411,
,1989,1142734934,
,1990,1149344813,
,1991,1155956158,
,1992,1161308576,
,1993,1165727254,
,1994,1170433545,
,1995,1174609761,
,1996,1178129949,
,1997,1181622714,
,1998,1184498827,
,1999,1187273286,
,2000,1190682023,
,2001,1194372829,
,2002,1198902477,
,2003,1203759603,
,2004,1208237105,
,2005,1212671953,
,2006,1217068975,
,2007,1222224054,
,2008,1227883255,
,2009,1233191443,
,2010,1238205990,
,2011,1243105217,
,2012,1247815744,
,2013,1252414796,
,2014,1257121129,
,2015,1262289092,
,2016,1267865997,
,2017,1273176412,
,2018,1277976166,
,2019,1282374733,
,2020,1284376624,
,2021,1284098923,
,2022,1283776667,
,2023,1284500519,
,2024,,1286059115
,2025,,1287256637
,2026,,1288053491
,2027,,1288535432
,2028,,1288868103
,2029,,1289038645
,2030,,1289043144
,2031,,1288903959
,2032,,1288663531
,2033,,1288368595
,2034,,1288017097
,2035,,1287595215
,2036,,1287091414
,2037,,1286528793
,2038,,1285931209
,2039,,1285258456
,2040,,1284514086
,2041,,1283744860
,2042,,1282955288
,2043,,1282090056
,2044,,1281104776
,2045,,1280035170
,2046,,1278871680
,2047,,1277592908
,2048,,1276193012
,2049,,1274652270
,2050,,1272993067
,2051,,1271242156
,2052,,1269379880
,2053,,1267366048
,2054,,1265192242
,2055,,1262886846
,2056,,1260494053
,2057,,1258089939
,2058,,1255702385
,2059,,1253281342
,2060,,1250825299
,2061,,1248396615
,2062,,1246014568
,2063,,1243672712
,2064,,1241348921
,2065,,1239059694
,2066,,1236864331
,2067,,1234788806
,2068,,1232779637
,2069,,1230821534
,2070,,1228916648
,2071,,1227074822
,2072,,1225307067
,2073,,1223583139
,2074,,1221908647
,2075,,1220352602
,2076,,1218902041
,2077,,1217456733
,2078,,1216048005
,2079,,1214683441
,2080,,1213344891
,2081,,1212128917
,2082,,1210972197
,2083,,1209810299
,2084,,1208677599
,2085,,1207520979
,2086,,1206393242
,2087,,1205349586
,2088,,1204404499
,2089,,1203489632
,2090,,1202535848
,2091,,1201624557
,2092,,1200749219
,2093,,1199873984
,2094,,1199015647
,2095,,1198134268
,2096,,1197182007
,2097,,1196207241
,2098,,1195211407
,2099,,1194150708
,2100,,1193018641
MAR,1950,8935456,
MAR,1951,9159293,
MAR,1952,9394882,
MAR,1953,9639571,
MAR,1954,9893319,
MAR,1955,10158130,
MAR,1956,10434022,
MAR,1957,10720555,
MAR,1958,11013746,
MAR,1959,11317012,
MAR,1960,11624932,
MAR,1961,11931097,
MAR,1962,12253096,
MAR,1963,12577499,
MAR,1964,12898882,
MAR,1965,13239173,
MAR,1966,13597063,
MAR,1967,13968180,
MAR,1968,14347897,
MAR,1969,14734252,
MAR,1970,15129453,
MAR,1971,15527227,
MAR,1972,15924695,
MAR,1973,16326276,
MAR,1974,16733850,
MAR,1975,17150790,
MAR,1976,17574187,
MAR,1977,18014761,
MAR,1978,18477383,
MAR,1979,18955587,
MAR,1980,19459942,
MAR,1981,19985407,
MAR,1982,20520324,
MAR,1983,21060697,
MAR,1984,21593777,
MAR,1985,22113953,
MAR,1986,22600803,
MAR,1987,23054390,
MAR,1988,23500528,
MAR,1989,23939414,
MAR,1990,24375558,
MAR,1991,24799016,
MAR,1992,25212469,
MAR,1993,25614586,
MAR,1994,26000824,
MAR,1995,26399431,
MAR,1996,26808109,
MAR,1997,27213340,
MAR,1998,27621638,
MAR,1999,28027188,
MAR,2000,28423439,
MAR,2001,28814646,
MAR,2002,29198146,
MAR,2003,29571415,
MAR,2004,29953021,
MAR,2005,30358145,
MAR,2006,30771179,
MAR,2007,31186468,
MAR,2008,31606769,
MAR,2009,32030779,
MAR,2010,32467009,
MAR,2011,32912585,
MAR,2012,33355246,
MAR,2013,33787573,
MAR,2014,34204784,
MAR,2015,34607590,
MAR,2016,35023459,
MAR,2017,35446395,
MAR,2018,35839760,
MAR,2019,36210907,
MAR,2020,36584208,
MAR,2021,36954443,
MAR,2022,37329068,
MAR,2023,37712516,
MAR,2024,,38081176
MAR,2025,,38430774
MAR,2026,,38762441
MAR,2027,,39080096
MAR,2028,,39384126
MAR,2029,,39674558
MAR,2030,,39953465
MAR,2031,,40221740
MAR,2032,,40477989
MAR,2033,,40722979
MAR,2034,,40957245
MAR,2035,,41182096
MAR,2036,,41398227
MAR,2037,,41604029
MAR,2038,,41802271
MAR,2039,,41990440
MAR,2040,,42168206
MAR,2041,,42339043
MAR,2042,,42500326
MAR,2043,,42650495
MAR,2044,,42792503
MAR,2045,,42925309
MAR,2046,,43046178
MAR,2047,,43158169
MAR,2048,,43262405
MAR,2049,,43355728
MAR,2050,,43440432
MAR,2051,,43517150
MAR,2052,,43582319
MAR,2053,,43635683
MAR,2054,,43677271
MAR,2055,,43707694
MAR,2056,,43726125
MAR,2057,,43734771
MAR,2058,,43736169
MAR,2059,,43727216
MAR,2060,,43707412
MAR,2061,,43679640
MAR,2062,,43642752
MAR,2063,,43597898
MAR,2064,,43545666
MAR,2065,,43482762
MAR,2066,,43414305
MAR,2067,,43341068
MAR,2068,,43260126
MAR,2069,,43173138
MAR,2070,,43078137
MAR,2071,,42976747
MAR,2072,,42869612
MAR,2073,,42755093
MAR,2074,,42634711
MAR,2075,,42509919
MAR,2076,,42380726
MAR,2077,,42246041
MAR,2078,,42105471
MAR,2079,,41958509
MAR,2080,,41806431
MAR,2081,,41650314
MAR,2082,,41489703
MAR,2083,,41325689
MAR,2084,,41156546
MAR,2085,,40980558
MAR,2086,,40800246
MAR,2087,,40617858
MAR,2088,,40433494
MAR,2089,,40243913
MAR,2090,,40048057
MAR,2091,,39847261
MAR,2092,,39642309
MAR,2093,,39433971
MAR,2094,,39222837
MAR,2095,,39008468
MAR,2096,,38789884
MAR,2097,,38568205
MAR,2098,,38343507
MAR,2099,,38115522
MAR,2100,,37884372
MOZ,1950,5910234,
MOZ,1951,5978159,
MOZ,1952,6050766,
MOZ,1953,6123119,
MOZ,1954,6196983,
MOZ,1955,6274475,
MOZ,1956,6355040,
MOZ,1957,6438186,
MOZ,1958,6521557,
MOZ,1959,6610404,
MOZ,1960,6713698,
MOZ,1961,6834938,
MOZ,1962,6969369,
MOZ,1963,7109827,
MOZ,1964,7255064,
MOZ,1965,7406419,
MOZ,1966,7562991,
MOZ,1967,7724556,
MOZ,1968,7892610,
MOZ,1969,8066952,
MOZ,1970,8250504,
MOZ,1971,8456324,
MOZ,1972,8692931,
MOZ,1973,8954248,
MOZ,1974,9236094,
MOZ,1975,9540822,
MOZ,1976,9867205,
MOZ,1977,10224974,
MOZ,1978,10618247,
MOZ,1979,11028809,
MOZ,1980,11336220,
MOZ,1981,11568123,
MOZ,1982,11824371,
MOZ,1983,12073825,
MOZ,1984,12315953,
MOZ,1985,12548951,
MOZ,1986,12770581,
MOZ,1987,12822573,
MOZ,1988,12800556,
MOZ,1989,12906842,
MOZ,1990,13094535,
MOZ,1991,13352091,
MOZ,1992,13613314,
MOZ,1993,14051203,
MOZ,1994,15033852,
MOZ,1995,15960530,
MOZ,1996,16492484,
MOZ,1997,16949988,
MOZ,1998,17340463,
MOZ,1999,17734499,
MOZ,2000,18129652,
MOZ,2001,18537735,
MOZ,2002,18958338,
MOZ,2003,19392477,
MOZ,2004,19840312,
MOZ,2005,20304577,
MOZ,2006,20787088,
MOZ,2007,21287638,
MOZ,2008,21819037,
MOZ,2009,22391751,
MOZ,2010,22999234,
MOZ,2011,23649045,
MOZ,2012,24337849,
MOZ,2013,25051613,
MOZ,2014,25788473,
MOZ,2015,26547576,
MOZ,2016,27337107,
MOZ,2017,28166397,
MOZ,2018,29018647,
MOZ,2019,29884378,
MOZ,2020,30783685,
MOZ,2021,31707798,
MOZ,2022,32656242,
MOZ,2023,33635163,
MOZ,2024,,34631767
MOZ,2025,,35631657
MOZ,2026,,36639855
MOZ,2027,,37668659
MOZ,2028,,38714098
MOZ,2029,,39774949
MOZ,2030,,40846751
MOZ,2031,,41931253
MOZ,2032,,43032888
MOZ,2033,,44144535
MOZ,2034,,45273524
MOZ,2035,,46411776
MOZ,2036,,47548673
MOZ,2037,,48684566
MOZ,2038,,49822041
MOZ,2039,,50971126
MOZ,2040,,52124219
MOZ,2041,,53271008
MOZ,2042,,54423409
MOZ,2043,,55574714
MOZ,2044,,56716587
MOZ,2045,,57851791
MOZ,2046,,58981104
MOZ,2047,,60117591
MOZ,2048,,61254588
MOZ,2049,,62397022
MOZ,2050,,63530959
MOZ,2051,,64647085
MOZ,2052,,65767630
MOZ,2053,,66879235
MOZ,2054,,67980809
MOZ,2055,,69093710
MOZ,2056,,70220052
MOZ,2057,,71343957
MOZ,2058,,72454916
MOZ,2059,,73557989
MOZ,2060,,74638117
MOZ,2061,,75711924
MOZ,2062,,76774212
MOZ,2063,,77787905
MOZ,2064,,78781102
MOZ,2065,,79768191
MOZ,2066,,80749336
MOZ,2067,,81717079
MOZ,2068,,82665216
MOZ,2069,,83625445
MOZ,2070,,84572374
MOZ,2071,,85489520
MOZ,2072,,86391303
MOZ,2073,,87272459
MOZ,2074,,88127652
MOZ,2075,,88965296
MOZ,2076,,89793724
MOZ,2077,,90607530
MOZ,2078,,91416317
MOZ,2079,,92208245
MOZ,2080,,92965359
MOZ,2081,,93700187
MOZ,2082,,94432106
MOZ,2083,,95159925
MOZ,2084,,95857816
MOZ,2085,,96529134
MOZ,2086,,97186139
MOZ,2087,,97829469
MOZ,2088,,98454608
MOZ,2089,,99063449
MOZ,2090,,99654092
MOZ,2091,,100196028
MOZ,2092,,100715464
MOZ,2093,,101237610
MOZ,2094,,101738219
MOZ,2095,,102217895
MOZ,2096,,102685096
MOZ,2097,,103127001
MOZ,2098,,103552013
MOZ,2099,,103958623
MOZ,2100,,104346536
MMR,1950,17737123,
MMR,1951,18070426,
MMR,1952,18418010,
MMR,1953,18779903,
MMR,1954,19156653,
MMR,1955,19550488,
MMR,1956,19959222,
MMR,1957,20382706,
MMR,1958,20816423,
MMR,1959,21264016,
MMR,1960,21730255,
MMR,1961,22210580,
MMR,1962,22704722,
MMR,1963,23213406,
MMR,1964,23737316,
MMR,1965,24279437,
MMR,1966,24836494,
MMR,1967,25406432,
MMR,1968,25989669,
MMR,1969,26585110,
MMR,1970,27193015,
MMR,1971,27807215,
MMR,1972,28428330,
MMR,1973,29026390,
MMR,1974,29598163,
MMR,1975,30176563,
MMR,1976,30758818,
MMR,1977,31355968,
MMR,1978,31972974,
MMR,1979,32596552,
MMR,1980,33227204,
MMR,1981,33858786,
MMR,1982,34482967,
MMR,1983,35162714,
MMR,1984,35899313,
MMR,1985,36622832,
MMR,1986,37314882,
MMR,1987,37971601,
MMR,1988,38600928,
MMR,1989,39214624,
MMR,1990,39817253,
MMR,1991,40394159,
MMR,1992,40950342,
MMR,1993,41502423,
MMR,1994,42055150,
MMR,1995,42605343,
MMR,1996,43154858,
MMR,1997,43708802,
MMR,1998,44257793,
MMR,1999,44787727,
MMR,2000,45290850,
MMR,2001,45771140,
MMR,2002,46232656,
MMR,2003,46667191,
MMR,2004,47068779,
MMR,2005,47438362,
MMR,2006,47785141,
MMR,2007,48125047,
MMR,2008,48390790,
MMR,2009,48660458,
MMR,2010,49024376,
MMR,2011,49419825,
MMR,2012,49837451,
MMR,2013,50262658,
MMR,2014,50681635,
MMR,2015,51089060,
MMR,2016,51495701,
MMR,2017,51894939,
MMR,2018,52272250,
MMR,2019,52640718,
MMR,2020,53016525,
MMR,2021,53387103,
MMR,2022,53756791,
MMR,2023,54133800,
MMR,2024,,54500086
MMR,2025,,54850648
MMR,2026,,55184826
MMR,2027,,55502490
MMR,2028,,55802774
MMR,2029,,56085143
MMR,2030,,56351023
MMR,2031,,56601628
MMR,2032,,56836044
MMR,2033,,57054546
MMR,2034,,57257179
MMR,2035,,57444467
MMR,2036,,57616154
MMR,2037,,57773907
MMR,2038,,57919864
MMR,2039,,58052178
MMR,2040,,58169858
MMR,2041,,58274271
MMR,2042,,58365923
MMR,2043,,58443286
MMR,2044,,58506413
MMR,2045,,58558169
MMR,2046,,58596771
MMR,2047,,58620770
MMR,2048,,58632729
MMR,2049,,58633124
MMR,2050,,58623233
MMR,2051,,58602740
MMR,2052,,58570619
MMR,2053,,58527985
MMR,2054,,58473673
MMR,2055,,58408060
MMR,2056,,58331031
MMR,2057,,58244500
MMR,2058,,58151505
MMR,2059,,58048975
MMR,2060,,57935311
MMR,2061,,57811820
MMR,2062,,57683134
MMR,2063,,57550036
MMR,2064,,57408852
MMR,2065,,57260395
MMR,2066,,57106711
MMR,2067,,56948254
MMR,2068,,56783859
MMR,2069,,56613475
MMR,2070,,56437246
MMR,2071,,56255755
MMR,2072,,56069676
MMR,2073,,55877838
MMR,2074,,55681159
MMR,2075,,55480851
MMR,2076,,55277293
MMR,2077,,55071945
MMR,2078,,54862818
MMR,2079,,54649188
MMR,2080,,54433607
MMR,2081,,54215959
MMR,2082,,53995528
MMR,2083,,53772886
MMR,2084,,53547757
MMR,2085,,53318528
MMR,2086,,53085740
MMR,2087,,52850807
MMR,2088,,52614671
MMR,2089,,52377174
MMR,2090,,52136427
MMR,2091,,51891468
MMR,2092,,51645595
MMR,2093,,51400121
MMR,2094,,51152299
MMR,2095,,50902292
MMR,2096,,50652678
MMR,2097,,50404615
MMR,2098,,50156902
MMR,2099,,49908684
MMR,2100,,49658883
NAM,1950,514598,
NAM,1951,520398,
NAM,1952,526639,
NAM,1953,533236,
NAM,1954,540017,
NAM,1955,547091,
NAM,1956,554566,
NAM,1957,562592,
NAM,1958,571341,
NAM,1959,580927,
NAM,1960,591473,
NAM,1961,603074,
NAM,1962,615760,
NAM,1963,629592,
NAM,1964,644539,
NAM,1965,660568,
NAM,1966,677663,
NAM,1967,696051,
NAM,1968,715551,
NAM,1969,736125,
NAM,1970,757876,
NAM,1971,780588,
NAM,1972,804411,
NAM,1973,828932,
NAM,1974,854325,
NAM,1975,881041,
NAM,1976,906574,
NAM,1977,931118,
NAM,1978,947277,
NAM,1979,962826,
NAM,1980,981440,
NAM,1981,992508,
NAM,1982,1010315,
NAM,1983,1037519,
NAM,1984,1065996,
NAM,1985,1096896,
NAM,1986,1131083,
NAM,1987,1167898,
NAM,1988,1209700,
NAM,1989,1288956,
NAM,1990,1369309,
NAM,1991,1415689,
NAM,1992,1461324,
NAM,1993,1508698,
NAM,1994,1556315,
NAM,1995,1602181,
NAM,1996,1646107,
NAM,1997,1689274,
NAM,1998,1732747,
NAM,1999,1776371,
NAM,2000,1818650,
NAM,2001,1857059,
NAM,2002,1889976,
NAM,2003,1917469,
NAM,2004,1942087,
NAM,2005,1966581,
NAM,2006,1991890,
NAM,2007,2018607,
NAM,2008,2047059,
NAM,2009,2077400,
NAM,2010,2109815,
NAM,2011,2146331,
NAM,2012,2194656,
NAM,2013,2252505,
NAM,2014,2312143,
NAM,2015,2374305,
NAM,2016,2439219,
NAM,2017,2506854,
NAM,2018,2577327,
NAM,2019,2650499,
NAM,2020,2728760,
NAM,2021,2810552,
NAM,2022,2889668,
NAM,2023,2963102,
NAM,2024,,3030127
NAM,2025,,3092821
NAM,2026,,3153248
NAM,2027,,3212907
NAM,2028,,3272162
NAM,2029,,3330816
NAM,2030,,3389957
NAM,2031,,3449505
NAM,2032,,3508242
NAM,2033,,3565345
NAM,2034,,3621825
NAM,2035,,3678885
NAM,2036,,3735936
NAM,2037,,3792804
NAM,2038,,3850307
NAM,2039,,3907178
NAM,2040,,3962411
NAM,2041,,4017686
NAM,2042,,4073354
NAM,2043,,4129571
NAM,2044,,4186109
NAM,2045,,4243355
NAM,2046,,4299964
NAM,2047,,4355503
NAM,2048,,4409454
NAM,2049,,4460503
NAM,2050,,4512303
NAM,2051,,4564908
NAM,2052,,4616275
NAM,2053,,4666798
NAM,2054,,4716092
NAM,2055,,4764875
NAM,2056,,4812932
NAM,2057,,4859155
NAM,2058,,4904475
NAM,2059,,4948808
NAM,2060,,4992776
NAM,2061,,5035417
NAM,2062,,5076036
NAM,2063,,5115885
NAM,2064,,5153868
NAM,2065,,5189919
NAM,2066,,5226205
NAM,2067,,5262699
NAM,2068,,5297731
NAM,2069,,5330809
NAM,2070,,5361949
NAM,2071,,5392088
NAM,2072,,5421638
NAM,2073,,5449975
NAM,2074,,5478138
NAM,2075,,5507229
NAM,2076,,5535424
NAM,2077,,5561887
NAM,2078,,5587407
NAM,2079,,5611420
NAM,2080,,5635065
NAM,2081,,5658700
NAM,2082,,5680540
NAM,2083,,5700528
NAM,2084,,5719146
NAM,2085,,5736756
NAM,2086,,5754872
NAM,2087,,5772714
NAM,2088,,5788737
NAM,2089,,5803195
NAM,2090,,5817170
NAM,2091,,5830571
NAM,2092,,5842820
NAM,2093,,5854299
NAM,2094,,5863778
NAM,2095,,5871652
NAM,2096,,5877531
NAM,2097,,5881989
NAM,2098,,5887094
NAM,2099,,5892544
NAM,2100,,5897943
NRU,1950,3424,
NRU,1951,3532,
NRU,1952,3630,
NRU,1953,3714,
NRU,1954,3801,
NRU,1955,3905,
NRU,1956,4041,
NRU,1957,4181,
NRU,1958,4317,
NRU,1959,4473,
NRU,1960,4625,
NRU,1961,4799,
NRU,1962,5000,
NRU,1963,5246,
NRU,1964,5535,
NRU,1965,5851,
NRU,1966,6060,
NRU,1967,6157,
NRU,1968,6348,
NRU,1969,6604,
NRU,1970,6733,
NRU,1971,6780,
NRU,1972,6831,
NRU,1973,6886,
NRU,1974,6944,
NRU,1975,7013,
NRU,1976,7084,
NRU,1977,7184,
NRU,1978,7316,
NRU,1979,7488,
NRU,1980,7670,
NRU,1981,7866,
NRU,1982,8059,
NRU,1983,8240,
NRU,1984,8398,
NRU,1985,8573,
NRU,1986,8765,
NRU,1987,8972,
NRU,1988,9183,
NRU,1989,9413,
NRU,1990,9645,
NRU,1991,9873,
NRU,1992,10042,
NRU,1993,10123,
NRU,1994,10163,
NRU,1995,10187,
NRU,1996,10206,
NRU,1997,10218,
NRU,1998,10220,
NRU,1999,10207,
NRU,2000,10187,
NRU,2001,10147,
NRU,2002,10105,
NRU,2003,10086,
NRU,2004,10084,
NRU,2005,10071,
NRU,2006,10061,
NRU,2007,10042,
NRU,2008,10032,
NRU,2009,10041,
NRU,2010,10067,
NRU,2011,10116,
NRU,2012,10289,
NRU,2013,10539,
NRU,2014,10766,
NRU,2015,10975,
NRU,2016,11173,
NRU,2017,11351,
NRU,2018,11499,
NRU,2019,11609,
NRU,2020,11665,
NRU,2021,11727,
NRU,2022,11822,
NRU,2023,11900,
NRU,2024,,11968
NRU,2025,,12052
NRU,2026,,12125
NRU,2027,,12218
NRU,2028,,12318
NRU,2029,,12425
NRU,2030,,12542
NRU,2031,,12668
NRU,2032,,12808
NRU,2033,,12944
NRU,2034,,13094
NRU,2035,,13254
NRU,2036,,13415
NRU,2037,,13565
NRU,2038,,13722
NRU,2039,,13882
NRU,2040,,14066
NRU,2041,,14245
NRU,2042,,14428
NRU,2043,,14605
NRU,2044,,14780
NRU,2045,,14947
NRU,2046,,15125
NRU,2047,,15295
NRU,2048,,15459
NRU,2049,,15623
NRU,2050,,15779
NRU,2051,,15930
NRU,2052,,16086
NRU,2053,,16232
NRU,2054,,16368
NRU,2055,,16505
NRU,2056,,16647
NRU,2057,,16779
NRU,2058,,16909
NRU,2059,,17033
NRU,2060,,17161
NRU,2061,,17295
NRU,2062,,17423
NRU,2063,,17546
NRU,2064,,17670
NRU,2065,,17798
NRU,2066,,17917
NRU,2067,,18053
NRU,2068,,18182
NRU,2069,,18293
NRU,2070,,18420
NRU,2071,,18541
NRU,2072,,18654
NRU,2073,,18764
NRU,2074,,18881
NRU,2075,,18997
NRU,2076,,19103
NRU,2077,,19210
NRU,2078,,19317
NRU,2079,,19423
NRU,2080,,19519
NRU,2081,,19612
NRU,2082,,19702
NRU,2083,,19784
NRU,2084,,19869
NRU,2085,,19944
NRU,2086,,20012
NRU,2087,,20072
NRU,2088,,20135
NRU,2089,,20200
NRU,2090,,20258
NRU,2091,,20313
NRU,2092,,20359
NRU,2093,,20409
NRU,2094,,20462
NRU,2095,,20499
NRU,2096,,20534
NRU,2097,,20573
NRU,2098,,20618
NRU,2099,,20651
NRU,2100,,20684
NPL,1950,8396610,
NPL,1951,8572665,
NPL,1952,8747300,
NPL,1953,8918222,
NPL,1954,9087775,
NPL,1955,9257985,
NPL,1956,9427889,
NPL,1957,9598045,
NPL,1958,9766252,
NPL,1959,9938915,
NPL,1960,10123664,
NPL,1961,10318399,
NPL,1962,10521122,
NPL,1963,10729818,
NPL,1964,10946389,
NPL,1965,11173411,
NPL,1966,11408714,
NPL,1967,11652717,
NPL,1968,11906275,
NPL,1969,12167032,
NPL,1970,12436191,
NPL,1971,12710069,
NPL,1972,12989103,
NPL,1973,13275240,
NPL,1974,13568436,
NPL,1975,13870692,
NPL,1976,14177650,
NPL,1977,14499175,
NPL,1978,14839704,
NPL,1979,15190601,
NPL,1980,15553106,
NPL,1981,15922422,
NPL,1982,16297996,
NPL,1983,16689121,
NPL,1984,17085243,
NPL,1985,17477694,
NPL,1986,17868128,
NPL,1987,18250512,
NPL,1988,18638660,
NPL,1989,19057811,
NPL,1990,19524579,
NPL,1991,20036507,
NPL,1992,20609708,
NPL,1993,21180158,
NPL,1994,21717483,
NPL,1995,22245443,
NPL,1996,22741867,
NPL,1997,23219458,
NPL,1998,23680358,
NPL,1999,24125201,
NPL,2000,24546509,
NPL,2001,24946755,
NPL,2002,25328989,
NPL,2003,25688762,
NPL,2004,26016652,
NPL,2005,26309462,
NPL,2006,26565430,
NPL,2007,26788498,
NPL,2008,26990036,
NPL,2009,27173035,
NPL,2010,27341955,
NPL,2011,27464499,
NPL,2012,27534916,
NPL,2013,27589997,
NPL,2014,27672373,
NPL,2015,27823631,
NPL,2016,27955471,
NPL,2017,28011258,
NPL,2018,28079688,
NPL,2019,28414066,
NPL,2020,28966580,
NPL,2021,29475016,
NPL,2022,29715435,
NPL,2023,29694614,
NPL,2024,,29651054
NPL,2025,,29618120
NPL,2026,,29629406
NPL,2027,,29727163
NPL,2028,,29947587
NPL,2029,,30232114
NPL,2030,,30509996
NPL,2031,,30780913
NPL,2032,,31045411
NPL,2033,,31304032
NPL,2034,,31555069
NPL,2035,,31798002
NPL,2036,,32033714
NPL,2037,,32262285
NPL,2038,,32484802
NPL,2039,,32700694
NPL,2040,,32909540
NPL,2041,,33112252
NPL,2042,,33309060
NPL,2043,,33499439
NPL,2044,,33683329
NPL,2045,,33861058
NPL,2046,,34032994
NPL,2047,,34197259
NPL,2048,,34352077
NPL,2049,,34500202
NPL,2050,,34642021
NPL,2051,,34777012
NPL,2052,,34903236
NPL,2053,,35020487
NPL,2054,,35129986
NPL,2055,,35231721
NPL,2056,,35326899
NPL,2057,,35413853
NPL,2058,,35492616
NPL,2059,,35562826
NPL,2060,,35623023
NPL,2061,,35674132
NPL,2062,,35717448
NPL,2063,,35751387
NPL,2064,,35775839
NPL,2065,,35792141
NPL,2066,,35799772
NPL,2067,,35799863
NPL,2068,,35792416
NPL,2069,,35776992
NPL,2070,,35752366
NPL,2071,,35717997
NPL,2072,,35676660
NPL,2073,,35627727
NPL,2074,,35569137
NPL,2075,,35502919
NPL,2076,,35429037
NPL,2077,,35347233
NPL,2078,,35257628
NPL,2079,,35159318
NPL,2080,,35053475
NPL,2081,,34941467
NPL,2082,,34822895
NPL,2083,,34697084
NPL,2084,,34563652
NPL,2085,,34422249
NPL,2086,,34275647
NPL,2087,,34125357
NPL,2088,,33969330
NPL,2089,,33807739
NPL,2090,,33642041
NPL,2091,,33472743
NPL,2092,,33299505
NPL,2093,,33123428
NPL,2094,,32944444
NPL,2095,,32763519
NPL,2096,,32581246
NPL,2097,,32396053
NPL,2098,,32209131
NPL,2099,,32021277
NPL,2100,,31831439
NLD,1950,10113759,
NLD,1951,10264536,
NLD,1952,10382295,
NLD,1953,10493531,
NLD,1954,10615733,
NLD,1955,10751231,
NLD,1956,10889767,
NLD,1957,11026879,
NLD,1958,11187365,
NLD,1959,11348106,
NLD,1960,11486909,
NLD,1961,11639372,
NLD,1962,11807553,
NLD,1963,11969159,
NLD,1964,12131887,
NLD,1965,12301136,
NLD,1966,12464283,
NLD,1967,12607835,
NLD,1968,12740851,
NLD,1969,12890641,
NLD,1970,13052082,
NLD,1971,13208353,
NLD,1972,13342780,
NLD,1973,13453743,
NLD,1974,13559671,
NLD,1975,13680033,
NLD,1976,13786641,
NLD,1977,13868605,
NLD,1978,13953922,
NLD,1979,14050176,
NLD,1980,14162686,
NLD,1981,14262691,
NLD,1982,14333902,
NLD,1983,14396898,
NLD,1984,14462809,
NLD,1985,14538958,
NLD,1986,14626488,
NLD,1987,14724948,
NLD,1988,14825915,
NLD,1989,14921107,
NLD,1990,15030886,
NLD,1991,15155093,
NLD,1992,15276787,
NLD,1993,15389718,
NLD,1994,15485453,
NLD,1995,15565034,
NLD,1996,15640032,
NLD,1997,15723621,
NLD,1998,15827109,
NLD,1999,15940183,
NLD,2000,16058757,
NLD,2001,16182705,
NLD,2002,16288060,
NLD,2003,16366914,
NLD,2004,16425562,
NLD,2005,16465707,
NLD,2006,16493851,
NLD,2007,16531360,
NLD,2008,16597259,
NLD,2009,16684148,
NLD,2010,16771232,
NLD,2011,16851061,
NLD,2012,16915191,
NLD,2013,16967066,
NLD,2014,17030085,
NLD,2015,17107429,
NLD,2016,17204693,
NLD,2017,17315376,
NLD,2018,17421285,
NLD,2019,17537505,
NLD,2020,17636732,
NLD,2021,17730565,
NLD,2022,17904421,
NLD,2023,18092526,
NLD,2024,,18228740
NLD,2025,,18346823
NLD,2026,,18448770
NLD,2027,,18538012
NLD,2028,,18619097
NLD,2029,,18692512
NLD,2030,,18757215
NLD,2031,,18813963
NLD,2032,,18863759
NLD,2033,,18908219
NLD,2034,,18946189
NLD,2035,,18977357
NLD,2036,,19004538
NLD,2037,,19026560
NLD,2038,,19043263
NLD,2039,,19055414
NLD,2040,,19062981
NLD,2041,,19066146
NLD,2042,,19064867
NLD,2043,,19060464
NLD,2044,,19052667
NLD,2045,,19041970
NLD,2046,,19030542
NLD,2047,,19016286
NLD,2048,,18998733
NLD,2049,,18979459
NLD,2050,,18958470
NLD,2051,,18934374
NLD,2052,,18909117
NLD,2053,,18884309
NLD,2054,,18858188
NLD,2055,,18831088
NLD,2056,,18801736
NLD,2057,,18770841
NLD,2058,,18740759
NLD,2059,,18711799
NLD,2060,,18683346
NLD,2061,,18655387
NLD,2062,,18629639
NLD,2063,,18605906
NLD,2064,,18582979
NLD,2065,,18561279
NLD,2066,,18541471
NLD,2067,,18524706
NLD,2068,,18509434
NLD,2069,,18493999
NLD,2070,,18478460
NLD,2071,,18462958
NLD,2072,,18446841
NLD,2073,,18429280
NLD,2074,,18411119
NLD,2075,,18391539
NLD,2076,,18368103
NLD,2077,,18340781
NLD,2078,,18311970
NLD,2079,,18282170
NLD,2080,,18251354
NLD,2081,,18218887
NLD,2082,,18184067
NLD,2083,,18147828
NLD,2084,,18111023
NLD,2085,,18074362
NLD,2086,,18036254
NLD,2087,,17998309
NLD,2088,,17960223
NLD,2089,,17920227
NLD,2090,,17878904
NLD,2091,,17838039
NLD,2092,,17798800
NLD,2093,,17759143
NLD,2094,,17719666
NLD,2095,,17681346
NLD,2096,,17644608
NLD,2097,,17609471
NLD,2098,,17575438
NLD,2099,,17541910
NLD,2100,,17507514
NCL,1950,63807,
NCL,1951,64745,
NCL,1952,65754,
NCL,1953,66824,
NCL,1954,67966,
NCL,1955,69170,
NCL,1956,70633,
NCL,1957,72568,
NCL,1958,74856,
NCL,1959,77279,
NCL,1960,79832,
NCL,1961,82535,
NCL,1962,85350,
NCL,1963,88066,
NCL,1964,90618,
NCL,1965,93173,
NCL,1966,95835,
NCL,1967,98598,
NCL,1968,101456,
NCL,1969,104863,
NCL,1970,109349,
NCL,1971,114522,
NCL,1972,119946,
NCL,1973,125597,
NCL,1974,131460,
NCL,1975,137471,
NCL,1976,142105,
NCL,1977,144613,
NCL,1978,146402,
NCL,1979,148142,
NCL,1980,149826,
NCL,1981,151458,
NCL,1982,153013,
NCL,1983,155019,
NCL,1984,157601,
NCL,1985,160252,
NCL,1986,162912,
NCL,1987,165659,
NCL,1988,168521,
NCL,1989,172043,
NCL,1990,176468,
NCL,1991,181251,
NCL,1992,186084,
NCL,1993,190858,
NCL,1994,195626,
NCL,1995,200392,
NCL,1996,205048,
NCL,1997,209568,
NCL,1998,214062,
NCL,1999,218532,
NCL,2000,223110,
NCL,2001,227714,
NCL,2002,232239,
NCL,2003,236684,
NCL,2004,240865,
NCL,2005,244391,
NCL,2006,247557,
NCL,2007,250730,
NCL,2008,253831,
NCL,2009,257261,
NCL,2010,261580,
NCL,2011,266550,
NCL,2012,271640,
NCL,2013,276832,
NCL,2014,281233,
NCL,2015,283179,
NCL,2016,283432,
NCL,2017,283554,
NCL,2018,283551,
NCL,2019,283616,
NCL,2020,284187,
NCL,2021,285227,
NCL,2022,287130,
NCL,2023,289879,
NCL,2024,,292655
NCL,2025,,295334
NCL,2026,,297893
NCL,2027,,300375
NCL,2028,,302848
NCL,2029,,305262
NCL,2030,,307577
NCL,2031,,309848
NCL,2032,,312048
NCL,2033,,314196
NCL,2034,,316252
NCL,2035,,318244
NCL,2036,,320210
NCL,2037,,322160
NCL,2038,,324056
NCL,2039,,325836
NCL,2040,,327494
NCL,2041,,329093
NCL,2042,,330706
NCL,2043,,332311
NCL,2044,,333782
NCL,2045,,335172
NCL,2046,,336487
NCL,2047,,337645
NCL,2048,,338660
NCL,2049,,339650
NCL,2050,,340592
NCL,2051,,341406
NCL,2052,,342176
NCL,2053,,342935
NCL,2054,,343587
NCL,2055,,344160
NCL,2056,,344674
NCL,2057,,345154
NCL,2058,,345666
NCL,2059,,346101
NCL,2060,,346414
NCL,2061,,346697
NCL,2062,,346932
NCL,2063,,347155
NCL,2064,,347379
NCL,2065,,347562
NCL,2066,,347679
NCL,2067,,347688
NCL,2068,,347627
NCL,2069,,347554
NCL,2070,,347455
NCL,2071,,347384
NCL,2072,,347299
NCL,2073,,347239
NCL,2074,,347220
NCL,2075,,347135
NCL,2076,,347007
NCL,2077,,346876
NCL,2078,,346664
NCL,2079,,346383
NCL,2080,,346184
NCL,2081,,346013
NCL,2082,,345803
NCL,2083,,345621
NCL,2084,,345361
NCL,2085,,345030
NCL,2086,,344677
NCL,2087,,344256
NCL,2088,,343819
NCL,2089,,343378
NCL,2090,,342952
NCL,2091,,342464
NCL,2092,,341976
NCL,2093,,341491
NCL,2094,,340970
NCL,2095,,340388
NCL,2096,,339793
NCL,2097,,339153
NCL,2098,,338486
NCL,2099,,337872
NCL,2100,,337224
NZL,1950,1911265,
NZL,1951,1951209,
NZL,1952,1997753,
NZL,1953,2047750,
NZL,1954,2095143,
NZL,1955,2139674,
NZL,1956,2184844,
NZL,1957,2233688,
NZL,1958,2284995,
NZL,1959,2333486,
NZL,1960,2379482,
NZL,1961,2429744,
NZL,1962,2484403,
NZL,1963,2538117,
NZL,1964,2588770,
NZL,1965,2636493,
NZL,1966,2682589,
NZL,1967,2723417,
NZL,1968,2754522,
NZL,1969,2784399,
NZL,1970,2822184,
NZL,1971,2867168,
NZL,1972,2919263,
NZL,1973,2978989,
NZL,1974,3041223,
NZL,1975,3094039,
NZL,1976,3126639,
NZL,1977,3140129,
NZL,1978,3142245,
NZL,1979,3141596,
NZL,1980,3146325,
NZL,1981,3159844,
NZL,1982,3185129,
NZL,1983,3219281,
NZL,1984,3249828,
NZL,1985,3268030,
NZL,1986,3281510,
NZL,1987,3299443,
NZL,1988,3316026,
NZL,1989,3333822,
NZL,1990,3396981,
NZL,1991,3480933,
NZL,1992,3532246,
NZL,1993,3573609,
NZL,1994,3621030,
NZL,1995,3674434,
NZL,1996,3729383,
NZL,1997,3776950,
NZL,1998,3811376,
NZL,1999,3835561,
NZL,2000,3857576,
NZL,2001,3891763,
NZL,2002,3951116,
NZL,2003,4022585,
NZL,2004,4083912,
NZL,2005,4135002,
NZL,2006,4181943,
NZL,2007,4223270,
NZL,2008,4261819,
NZL,2009,4304304,
NZL,2010,4347766,
NZL,2011,4382699,
NZL,2012,4411682,
NZL,2013,4453857,
NZL,2014,4522976,
NZL,2015,4614035,
NZL,2016,4714768,
NZL,2017,4812749,
NZL,2018,4900840,
NZL,2019,4989410,
NZL,2020,5069895,
NZL,2021,5107694,
NZL,2022,5131731,
NZL,2023,5172837,
NZL,2024,,5213942
NZL,2025,,5251897
NZL,2026,,5287477
NZL,2027,,5320870
NZL,2028,,5351827
NZL,2029,,5380598
NZL,2030,,5407344
NZL,2031,,5432478
NZL,2032,,5456115
NZL,2033,,5478623
NZL,2034,,5500066
NZL,2035,,5520598
NZL,2036,,5540783
NZL,2037,,5560355
NZL,2038,,5579889
NZL,2039,,5598997
NZL,2040,,5617293
NZL,2041,,5635781
NZL,2042,,5654118
NZL,2043,,5670996
NZL,2044,,5686325
NZL,2045,,5700552
NZL,2046,,5713445
NZL,2047,,5724899
NZL,2048,,5735777
NZL,2049,,5745460
NZL,2050,,5755279
NZL,2051,,5766710
NZL,2052,,5776881
NZL,2053,,5786037
NZL,2054,,5795598
NZL,2055,,5804689
NZL,2056,,5812288
NZL,2057,,5818439
NZL,2058,,5824134
NZL,2059,,5829184
NZL,2060,,5833194
NZL,2061,,5835525
NZL,2062,,5838139
NZL,2063,,5841090
NZL,2064,,5843770
NZL,2065,,5847551
NZL,2066,,5851508
NZL,2067,,5854647
NZL,2068,,5856670
NZL,2069,,5858088
NZL,2070,,5859043
NZL,2071,,5859405
NZL,2072,,5861379
NZL,2073,,5863970
NZL,2074,,5865187
NZL,2075,,5865953
NZL,2076,,5866355
NZL,2077,,5867108
NZL,2078,,5867364
NZL,2079,,5866460
NZL,2080,,5864590
NZL,2081,,5862546
NZL,2082,,5860146
NZL,2083,,5856299
NZL,2084,,5852205
NZL,2085,,5848589
NZL,2086,,5845307
NZL,2087,,5842298
NZL,2088,,5840473
NZL,2089,,5838565
NZL,2090,,5836503
NZL,2091,,5835190
NZL,2092,,5834276
NZL,2093,,5832843
NZL,2094,,5830909
NZL,2095,,5829292
NZL,2096,,5827042
NZL,2097,,5824247
NZL,2098,,5820738
NZL,2099,,5816623
NZL,2100,,5812289
NIC,1950,1331445,
NIC,1951,1369654,
NIC,1952,1409023,
NIC,1953,1449903,
NIC,1954,1492261,
NIC,1955,1536247,
NIC,1956,1581977,
NIC,1957,1629469,
NIC,1958,1678745,
NIC,1959,1729794,
NIC,1960,1782371,
NIC,1961,1836456,
NIC,1962,1892325,
NIC,1963,1950162,
NIC,1964,2010183,
NIC,1965,2072687,
NIC,1966,2137821,
NIC,1967,2205571,
NIC,1968,2275837,
NIC,1969,2348401,
NIC,1970,2423065,
NIC,1971,2499829,
NIC,1972,2573583,
NIC,1973,2649283,
NIC,1974,2732073,
NIC,1975,2816947,
NIC,1976,2903850,
NIC,1977,2992532,
NIC,1978,3080323,
NIC,1979,3164524,
NIC,1980,3252404,
NIC,1981,3345679,
NIC,1982,3438747,
NIC,1983,3530286,
NIC,1984,3619109,
NIC,1985,3706480,
NIC,1986,3794161,
NIC,1987,3882168,
NIC,1988,3972317,
NIC,1989,4066483,
NIC,1990,4162566,
NIC,1991,4259636,
NIC,1992,4357031,
NIC,1993,4453733,
NIC,1994,4549317,
NIC,1995,4642933,
NIC,1996,4729979,
NIC,1997,4809574,
NIC,1998,4883659,
NIC,1999,4954021,
NIC,2000,5022636,
NIC,2001,5087827,
NIC,2002,5149914,
NIC,2003,5210970,
NIC,2004,5272909,
NIC,2005,5342108,
NIC,2006,5418857,
NIC,2007,5497247,
NIC,2008,5576597,
NIC,2009,5656602,
NIC,2010,5737451,
NIC,2011,5819051,
NIC,2012,5901290,
NIC,2013,5983852,
NIC,2014,6066493,
NIC,2015,6149417,
NIC,2016,6232664,
NIC,2017,6316235,
NIC,2018,6400074,
NIC,2019,6483660,
NIC,2020,6565267,
NIC,2021,6644745,
NIC,2022,6730662,
NIC,2023,6823619,
NIC,2024,,6916136
NIC,2025,,7007507
NIC,2026,,7097332
NIC,2027,,7185719
NIC,2028,,7272688
NIC,2029,,7357997
NIC,2030,,7441606
NIC,2031,,7523770
NIC,2032,,7604393
NIC,2033,,7683384
NIC,2034,,7760895
NIC,2035,,7836701
NIC,2036,,7910780
NIC,2037,,7983288
NIC,2038,,8054135
NIC,2039,,8122954
NIC,2040,,8189910
NIC,2041,,8255158
NIC,2042,,8318512
NIC,2043,,8380010
NIC,2044,,8439716
NIC,2045,,8497616
NIC,2046,,8553411
NIC,2047,,8607281
NIC,2048,,8659290
NIC,2049,,8708927
NIC,2050,,8756437
NIC,2051,,8801961
NIC,2052,,8844975
NIC,2053,,8885362
NIC,2054,,8923492
NIC,2055,,8959462
NIC,2056,,8993117
NIC,2057,,9024588
NIC,2058,,9054241
NIC,2059,,9081922
NIC,2060,,9107125
NIC,2061,,9129737
NIC,2062,,9150119
NIC,2063,,9168369
NIC,2064,,9184321
NIC,2065,,9198033
NIC,2066,,9209812
NIC,2067,,9219477
NIC,2068,,9227004
NIC,2069,,9232485
NIC,2070,,9235610
NIC,2071,,9236795
NIC,2072,,9236134
NIC,2073,,9233362
NIC,2074,,9228420
NIC,2075,,9221975
NIC,2076,,9214036
NIC,2077,,9204062
NIC,2078,,9192489
NIC,2079,,9179286
NIC,2080,,9164174
NIC,2081,,9147275
NIC,2082,,9128847
NIC,2083,,9109258
NIC,2084,,9088344
NIC,2085,,9066054
NIC,2086,,9042498
NIC,2087,,9017936
NIC,2088,,8992486
NIC,2089,,8965773
NIC,2090,,8938111
NIC,2091,,8909514
NIC,2092,,8879835
NIC,2093,,8849179
NIC,2094,,8817818
NIC,2095,,8785882
NIC,2096,,8752900
NIC,2097,,8719027
NIC,2098,,8684150
NIC,2099,,8648325
NIC,2100,,8611726
NER,1950,2597818,
NER,1951,2684753,
NER,1952,2771894,
NER,1953,2859196,
NER,1954,2946889,
NER,1955,3035284,
NER,1956,3124754,
NER,1957,3215845,
NER,1958,3309227,
NER,1959,3405469,
NER,1960,3505056,
NER,1961,3608172,
NER,1962,3714521,
NER,1963,3823879,
NER,1964,3935821,
NER,1965,4049700,
NER,1966,4165551,
NER,1967,4283594,
NER,1968,4403640,
NER,1969,4525724,
NER,1970,4650272,
NER,1971,4776227,
NER,1972,4904847,
NER,1973,5037868,
NER,1974,5174956,
NER,1975,5317022,
NER,1976,5464963,
NER,1977,5619722,
NER,1978,5782939,
NER,1979,5955557,
NER,1980,6135968,
NER,1981,6322011,
NER,1982,6512733,
NER,1983,6708646,
NER,1984,6909974,
NER,1985,7118457,
NER,1986,7335814,
NER,1987,7561154,
NER,1988,7793752,
NER,1989,8034782,
NER,1990,8286066,
NER,1991,8546900,
NER,1992,8817633,
NER,1993,9100789,
NER,1994,9398266,
NER,1995,9714537,
NER,1996,10044848,
NER,1997,10383977,
NER,1998,10741416,
NER,1999,11117414,
NER,2000,11509634,
NER,2001,11920648,
NER,2002,12349150,
NER,2003,12796979,
NER,2004,13265843,
NER,2005,13756192,
NER,2006,14268583,
NER,2007,14803604,
NER,2008,15361921,
NER,2009,15943673,
NER,2010,16548833,
NER,2011,17176286,
NER,2012,17836770,
NER,2013,18519899,
NER,2014,19215917,
NER,2015,19939496,
NER,2016,20685758,
NER,2017,21435449,
NER,2018,22188074,
NER,2019,22947765,
NER,2020,23717615,
NER,2021,24502145,
NER,2022,25311978,
NER,2023,26159863,
NER,2024,,27032417
NER,2025,,27917831
NER,2026,,28814878
NER,2027,,29723695
NER,2028,,30643568
NER,2029,,31575098
NER,2030,,32518076
NER,2031,,33469621
NER,2032,,34428645
NER,2033,,35397037
NER,2034,,36372382
NER,2035,,37353471
NER,2036,,38340150
NER,2037,,39330379
NER,2038,,40323466
NER,2039,,41318416
NER,2040,,42316741
NER,2041,,43319243
NER,2042,,44326122
NER,2043,,45337259
NER,2044,,46353171
NER,2045,,47374124
NER,2046,,48398004
NER,2047,,49423862
NER,2048,,50452212
NER,2049,,51482570
NER,2050,,52513881
NER,2051,,53546927
NER,2052,,54579908
NER,2053,,55611921
NER,2054,,56642906
NER,2055,,57670445
NER,2056,,58692355
NER,2057,,59709193
NER,2058,,60721698
NER,2059,,61727055
NER,2060,,62724334
NER,2061,,63714667
NER,2062,,64697093
NER,2063,,65669719
NER,2064,,66632380
NER,2065,,67583440
NER,2066,,68524009
NER,2067,,69454658
NER,2068,,70372169
NER,2069,,71276432
NER,2070,,72166396
NER,2071,,73041673
NER,2072,,73903267
NER,2073,,74749790
NER,2074,,75580237
NER,2075,,76395933
NER,2076,,77197236
NER,2077,,77981284
NER,2078,,78747333
NER,2079,,79495446
NER,2080,,80226964
NER,2081,,80941163
NER,2082,,81637342
NER,2083,,82315707
NER,2084,,82973777
NER,2085,,83611320
NER,2086,,84227766
NER,2087,,84823967
NER,2088,,85401757
NER,2089,,85960003
NER,2090,,86498188
NER,2091,,87017330
NER,2092,,87517737
NER,2093,,87998812
NER,2094,,88458924
NER,2095,,88899375
NER,2096,,89321564
NER,2097,,89724979
NER,2098,,90108435
NER,2099,,90472397
NER,2100,,90819273
NGA,1950,37283019,
NGA,1951,37994083,
NGA,1952,38716210,
NGA,1953,39439813,
NGA,1954,40176326,
NGA,1955,40935638,
NGA,1956,41716059,
NGA,1957,42517478,
NGA,1958,43324654,
NGA,1959,44161685,
NGA,1960,45053787,
NGA,1961,45989313,
NGA,1962,46965299,
NGA,1963,47973576,
NGA,1964,49012023,
NGA,1965,50086762,
NGA,1966,51188240,
NGA,1967,52293065,
NGA,1968,53432785,
NGA,1969,54631917,
NGA,1970,55893836,
NGA,1971,57214688,
NGA,1972,58601749,
NGA,1973,60082138,
NGA,1974,61679153,
NGA,1975,63410821,
NGA,1976,65258000,
NGA,1977,67234590,
NGA,1978,69326531,
NGA,1979,71498241,
NGA,1980,73764641,
NGA,1981,76068116,
NGA,1982,78378699,
NGA,1983,80438257,
NGA,1984,82526444,
NGA,1985,84897973,
NGA,1986,87235959,
NGA,1987,89591718,
NGA,1988,92020088,
NGA,1989,94531022,
NGA,1990,97120926,
NGA,1991,99720161,
NGA,1992,102372779,
NGA,1993,105122075,
NGA,1994,107935717,
NGA,1995,110819430,
NGA,1996,113754783,
NGA,1997,116754790,
NGA,1998,119846261,
NGA,1999,123047324,
NGA,2000,126382490,
NGA,2001,129862594,
NGA,2002,133471995,
NGA,2003,137202646,
NGA,2004,141057045,
NGA,2005,145017256,
NGA,2006,149077335,
NGA,2007,153267254,
NGA,2008,157595014,
NGA,2009,162049466,
NGA,2010,166642888,
NGA,2011,171379602,
NGA,2012,176200627,
NGA,2013,181049440,
NGA,2014,185896917,
NGA,2015,190671883,
NGA,2016,195443698,
NGA,2017,200254580,
NGA,2018,204938752,
NGA,2019,209485637,
NGA,2020,213996185,
NGA,2021,218529286,
NGA,2022,223150906,
NGA,2023,227882949,
NGA,2024,,232679482
NGA,2025,,237527788
NGA,2026,,242431835
NGA,2027,,247374263
NGA,2028,,252346133
NGA,2029,,257352642
NGA,2030,,262380978
NGA,2031,,267421084
NGA,2032,,272483638
NGA,2033,,277555121
NGA,2034,,282622393
NGA,2035,,287685762
NGA,2036,,292739396
NGA,2037,,297773241
NGA,2038,,302782356
NGA,2039,,307764760
NGA,2040,,312710408
NGA,2041,,317607240
NGA,2042,,322450307
NGA,2043,,327243947
NGA,2044,,331983358
NGA,2045,,336662507
NGA,2046,,341281763
NGA,2047,,345844009
NGA,2048,,350347764
NGA,2049,,354792423
NGA,2050,,359185557
NGA,2051,,363523614
NGA,2052,,367803705
NGA,2053,,372023923
NGA,2054,,376177422
NGA,2055,,380268498
NGA,2056,,384300686
NGA,2057,,388268098
NGA,2058,,392170714
NGA,2059,,396009372
NGA,2060,,399785270
NGA,2061,,403501400
NGA,2062,,407149193
NGA,2063,,410725693
NGA,2064,,414232571
NGA,2065,,417659130
NGA,2066,,420998045
NGA,2067,,424256025
NGA,2068,,427425886
NGA,2069,,430503488
NGA,2070,,433485693
NGA,2071,,436373277
NGA,2072,,439170596
NGA,2073,,441867334
NGA,2074,,444465529
NGA,2075,,446969593
NGA,2076,,449370432
NGA,2077,,451660301
NGA,2078,,453850392
NGA,2079,,455942794
NGA,2080,,457921588
NGA,2081,,459785703
NGA,2082,,461539632
NGA,2083,,463189387
NGA,2084,,464743611
NGA,2085,,466191503
NGA,2086,,467531292
NGA,2087,,468768173
NGA,2088,,469901804
NGA,2089,,470940044
NGA,2090,,471885517
NGA,2091,,472741822
NGA,2092,,473500170
NGA,2093,,474160904
NGA,2094,,474739494
NGA,2095,,475247947
NGA,2096,,475693119
NGA,2097,,476068927
NGA,2098,,476375119
NGA,2099,,476601904
NGA,2100,,476747779
NIU,1950,4519,
NIU,1951,4565,
NIU,1952,4581,
NIU,1953,4600,
NIU,1954,4620,
NIU,1955,4649,
NIU,1956,4690,
NIU,1957,4738,
NIU,1958,4785,
NIU,1959,4826,
NIU,1960,4847,
NIU,1961,4870,
NIU,1962,4945,
NIU,1963,5055,
NIU,1964,5150,
NIU,1965,5227,
NIU,1966,5259,
NIU,1967,5262,
NIU,1968,5234,
NIU,1969,5183,
NIU,1970,5133,
NIU,1971,5059,
NIU,1972,4914,
NIU,1973,4718,
NIU,1974,4497,
NIU,1975,4253,
NIU,1976,4013,
NIU,1977,3868,
NIU,1978,3776,
NIU,1979,3673,
NIU,1980,3550,
NIU,1981,3413,
NIU,1982,3281,
NIU,1983,3129,
NIU,1984,2974,
NIU,1985,2803,
NIU,1986,2658,
NIU,1987,2584,
NIU,1988,2559,
NIU,1989,2537,
NIU,1990,2506,
NIU,1991,2476,
NIU,1992,2443,
NIU,1993,2403,
NIU,1994,2362,
NIU,1995,2326,
NIU,1996,2290,
NIU,1997,2242,
NIU,1998,2187,
NIU,1999,2138,
NIU,2000,2068,
NIU,2001,2007,
NIU,2002,1965,
NIU,2003,1928,
NIU,2004,1891,
NIU,2005,1849,
NIU,2006,1818,
NIU,2007,1810,
NIU,2008,1805,
NIU,2009,1801,
NIU,2010,1786,
NIU,2011,1776,
NIU,2012,1784,
NIU,2013,1786,
NIU,2014,1792,
NIU,2015,1803,
NIU,2016,1806,
NIU,2017,1803,
NIU,2018,1805,
NIU,2019,1814,
NIU,2020,1822,
NIU,2021,1836,
NIU,2022,1844,
NIU,2023,1841,
NIU,2024,,1841
NIU,2025,,1842
NIU,2026,,1841
NIU,2027,,1847
NIU,2028,,1851
NIU,2029,,1855
NIU,2030,,1860
NIU,2031,,1862
NIU,2032,,1864
NIU,2033,,1871
NIU,2034,,1883
NIU,2035,,1892
NIU,2036,,1901
NIU,2037,,1906
NIU,2038,,1911
NIU,2039,,1921
NIU,2040,,1924
NIU,2041,,1931
NIU,2042,,1940
NIU,2043,,1949
NIU,2044,,1952
NIU,2045,,1959
NIU,2046,,1964
NIU,2047,,1971
NIU,2048,,1980
NIU,2049,,1980
NIU,2050,,1988
NIU,2051,,1990
NIU,2052,,1997
NIU,2053,,2004
NIU,2054,,2013
NIU,2055,,2017
NIU,2056,,2026
NIU,2057,,2034
NIU,2058,,2044
NIU,2059,,2051
NIU,2060,,2060
NIU,2061,,2072
NIU,2062,,2083
NIU,2063,,2091
NIU,2064,,2099
NIU,2065,,2111
NIU,2066,,2124
NIU,2067,,2133
NIU,2068,,2144
NIU,2069,,2164
NIU,2070,,2176
NIU,2071,,2186
NIU,2072,,2199
NIU,2073,,2215
NIU,2074,,2225
NIU,2075,,2237
NIU,2076,,2251
NIU,2077,,2262
NIU,2078,,2271
NIU,2079,,2283
NIU,2080,,2295
NIU,2081,,2306
NIU,2082,,2312
NIU,2083,,2321
NIU,2084,,2331
NIU,2085,,2334
NIU,2086,,2339
NIU,2087,,2345
NIU,2088,,2349
NIU,2089,,2357
NIU,2090,,2359
NIU,2091,,2370
NIU,2092,,2377
NIU,2093,,2385
NIU,2094,,2388
NIU,2095,,2393
NIU,2096,,2391
NIU,2097,,2395
NIU,2098,,2400
NIU,2099,,2400
NIU,2100,,2406
PRK,1950,11116734,
PRK,1951,10583576,
PRK,1952,10253639,
PRK,1953,10177418,
PRK,1954,10242806,
PRK,1955,10403326,
PRK,1956,10600386,
PRK,1957,10854683,
PRK,1958,11163751,
PRK,1959,11452992,
PRK,1960,11722950,
PRK,1961,11990714,
PRK,1962,12262886,
PRK,1963,12567059,
PRK,1964,12889774,
PRK,1965,13219375,
PRK,1966,13569099,
PRK,1967,13958350,
PRK,1968,14365601,
PRK,1969,14767625,
PRK,1970,15172777,
PRK,1971,15572460,
PRK,1972,15975065,
PRK,1973,16350372,
PRK,1974,16673124,
PRK,1975,16971055,
PRK,1976,17243455,
PRK,1977,17492797,
PRK,1978,17736000,
PRK,1979,17983465,
PRK,1980,18236783,
PRK,1981,18501303,
PRK,1982,18776359,
PRK,1983,19054039,
PRK,1984,19335049,
PRK,1985,19620396,
PRK,1986,19910856,
PRK,1987,20205485,
PRK,1988,20503161,
PRK,1989,20804363,
PRK,1990,21112134,
PRK,1991,21428637,
PRK,1992,21750912,
PRK,1993,22073354,
PRK,1994,22393967,
PRK,1995,22669307,
PRK,1996,22895753,
PRK,1997,23110836,
PRK,1998,23311570,
PRK,1999,23497594,
PRK,2000,23665909,
PRK,2001,23815364,
PRK,2002,23943975,
PRK,2003,24090382,
PRK,2004,24254946,
PRK,2005,24396434,
PRK,2006,24524508,
PRK,2007,24646384,
PRK,2008,24764620,
PRK,2009,24878338,
PRK,2010,24987257,
PRK,2011,25097877,
PRK,2012,25211737,
PRK,2013,25329456,
PRK,2014,25451263,
PRK,2015,25575355,
PRK,2016,25698325,
PRK,2017,25817710,
PRK,2018,25931153,
PRK,2019,26037633,
PRK,2020,26136312,
PRK,2021,26232530,
PRK,2022,26328843,
PRK,2023,26418196,
PRK,2024,,26498832
PRK,2025,,26571043
PRK,2026,,26633693
PRK,2027,,26686504
PRK,2028,,26729273
PRK,2029,,26762019
PRK,2030,,26784906
PRK,2031,,26797958
PRK,2032,,26801083
PRK,2033,,26795073
PRK,2034,,26780493
PRK,2035,,26757717
PRK,2036,,26727320
PRK,2037,,26689918
PRK,2038,,26646335
PRK,2039,,26596976
PRK,2040,,26542427
PRK,2041,,26483485
PRK,2042,,26420821
PRK,2043,,26354334
PRK,2044,,26284007
PRK,2045,,26210206
PRK,2046,,26132932
PRK,2047,,26052096
PRK,2048,,25967591
PRK,2049,,25879253
PRK,2050,,25787129
PRK,2051,,25691408
PRK,2052,,25592164
PRK,2053,,25489482
PRK,2054,,25383403
PRK,2055,,25274088
PRK,2056,,25161315
PRK,2057,,25045441
PRK,2058,,24926870
PRK,2059,,24805870
PRK,2060,,24682706
PRK,2061,,24557403
PRK,2062,,24430638
PRK,2063,,24302975
PRK,2064,,24174437
PRK,2065,,24045013
PRK,2066,,23915153
PRK,2067,,23785387
PRK,2068,,23655904
PRK,2069,,23526598
PRK,2070,,23397805
PRK,2071,,23269553
PRK,2072,,23141671
PRK,2073,,23014123
PRK,2074,,22886768
PRK,2075,,22759809
PRK,2076,,22633215
PRK,2077,,22506530
PRK,2078,,22379594
PRK,2079,,22252382
PRK,2080,,22124701
PRK,2081,,21996516
PRK,2082,,21867797
PRK,2083,,21738764
PRK,2084,,21609355
PRK,2085,,21479327
PRK,2086,,21348618
PRK,2087,,21217312
PRK,2088,,21085762
PRK,2089,,20953949
PRK,2090,,20821743
PRK,2091,,20689264
PRK,2092,,20556687
PRK,2093,,20424482
PRK,2094,,20292746
PRK,2095,,20161118
PRK,2096,,20029751
PRK,2097,,19899159
PRK,2098,,19769473
PRK,2099,,19640502
PRK,2100,,19512148
MKD,1950,1248682,
MKD,1951,1271039,
MKD,1952,1294538,
MKD,1953,1319470,
MKD,1954,1340010,
MKD,1955,1355680,
MKD,1956,1370923,
MKD,1957,1385258,
MKD,1958,1400121,
MKD,1959,1417080,
MKD,1960,1435060,
MKD,1961,1455175,
MKD,1962,1471743,
MKD,1963,1488745,
MKD,1964,1510902,
MKD,1965,1533471,
MKD,1966,1557355,
MKD,1967,1582503,
MKD,1968,1608933,
MKD,1969,1636356,
MKD,1970,1664214,
MKD,1971,1691224,
MKD,1972,1717400,
MKD,1973,1743825,
MKD,1974,1770550,
MKD,1975,1797972,
MKD,1976,1825833,
MKD,1977,1853147,
MKD,1978,1879854,
MKD,1979,1906524,
MKD,1980,1933043,
MKD,1981,1959071,
MKD,1982,1978962,
MKD,1983,1991902,
MKD,1984,2003400,
MKD,1985,2014334,
MKD,1986,2024729,
MKD,1987,2035161,
MKD,1988,2045739,
MKD,1989,2055650,
MKD,1990,2063690,
MKD,1991,2056002,
MKD,1992,2032516,
MKD,1993,2006853,
MKD,1994,1992669,
MKD,1995,1998531,
MKD,1996,2012553,
MKD,1997,2025764,
MKD,1998,2037575,
MKD,1999,2048088,
MKD,2000,2057254,
MKD,2001,2066300,
MKD,2002,2074482,
MKD,2003,2081417,
MKD,2004,2086581,
MKD,2005,2089809,
MKD,2006,2089232,
MKD,2007,2081972,
MKD,2008,2070837,
MKD,2009,2060601,
MKD,2010,2051510,
MKD,2011,2040445,
MKD,2012,2027288,
MKD,2013,2013280,
MKD,2014,1997842,
MKD,2015,1980366,
MKD,2016,1961268,
MKD,2017,1940877,
MKD,2018,1919730,
MKD,2019,1897643,
MKD,2020,1872021,
MKD,2021,1851109,
MKD,2022,1840236,
MKD,2023,1831800,
MKD,2024,,1823011
MKD,2025,,1813792
MKD,2026,,1804062
MKD,2027,,1794096
MKD,2028,,1784012
MKD,2029,,1773549
MKD,2030,,1762488
MKD,2031,,1751036
MKD,2032,,1739509
MKD,2033,,1727948
MKD,2034,,1716211
MKD,2035,,1704196
MKD,2036,,1691945
MKD,2037,,1679499
MKD,2038,,1667076
MKD,2039,,1654601
MKD,2040,,1641910
MKD,2041,,1629132
MKD,2042,,1616233
MKD,2043,,1603174
MKD,2044,,1590248
MKD,2045,,1577353
MKD,2046,,1564323
MKD,2047,,1551419
MKD,2048,,1538660
MKD,2049,,1525755
MKD,2050,,1512685
MKD,2051,,1499307
MKD,2052,,1485691
MKD,2053,,1471821
MKD,2054,,1457549
MKD,2055,,1443219
MKD,2056,,1428859
MKD,2057,,1414523
MKD,2058,,1400378
MKD,2059,,1386256
MKD,2060,,1371919
MKD,2061,,1357264
MKD,2062,,1342495
MKD,2063,,1327784
MKD,2064,,1313304
MKD,2065,,1298921
MKD,2066,,1284582
MKD,2067,,1270265
MKD,2068,,1255807
MKD,2069,,1241331
MKD,2070,,1226954
MKD,2071,,1212943
MKD,2072,,1199254
MKD,2073,,1185566
MKD,2074,,1171898
MKD,2075,,1158432
MKD,2076,,1145096
MKD,2077,,1131879
MKD,2078,,1118941
MKD,2079,,1106277
MKD,2080,,1093864
MKD,2081,,1081476
MKD,2082,,1069064
MKD,2083,,1056772
MKD,2084,,1044575
MKD,2085,,1032515
MKD,2086,,1020577
MKD,2087,,1008763
MKD,2088,,997159
MKD,2089,,985592
MKD,2090,,974135
MKD,2091,,962716
MKD,2092,,951302
MKD,2093,,939930
MKD,2094,,928703
MKD,2095,,917720
MKD,2096,,906778
MKD,2097,,895767
MKD,2098,,884773
MKD,2099,,873850
MKD,2100,,863000
,1950,168009343,
,1951,170630614,
,1952,173344109,
,1953,176134466,
,1954,179024839,
,1955,181999179,
,1956,185056922,
,1957,188214453,
,1958,191394935,
,1959,194738619,
,1960,198252644,
,1961,201834085,
,1962,205421753,
,1963,208875794,
,1964,212229899,
,1965,215430539,
,1966,218412893,
,1967,221204999,
,1968,223843851,
,1969,226438641,
,1970,229339588,
,1971,232426950,
,1972,235179330,
,1973,237625604,
,1974,240008217,
,1975,242386622,
,1976,244733405,
,1977,247098938,
,1978,249484156,
,1979,251921719,
,1980,254502385,
,1981,257157456,
,1982,259835188,
,1983,262511902,
,1984,265138354,
,1985,267732943,
,1986,270280784,
,1987,272819086,
,1988,275439029,
,1989,278159891,
,1990,281282375,
,1991,284748663,
,1992,288226636,
,1993,291584860,
,1994,294743556,
,1995,297786727,
,1996,300750139,
,1997,303649792,
,1998,306572455,
,1999,309508498,
,2000,312499985,
,2001,315617767,
,2002,318744894,
,2003,321869947,
,2004,325044560,
,2005,328282608,
,2006,331615162,
,2007,335062239,
,2008,338545415,
,2009,341975945,
,2010,345386049,
,2011,348787110,
,2012,352164286,
,2013,355530257,
,2014,358875294,
,2015,362214162,
,2016,365658209,
,2017,369138723,
,2018,372477318,
,2019,375699069,
,2020,377734350,
,2021,378741971,
,2022,380481768,
,2023,382902739,
,2024,,385295102
,2025,,387528406
,2026,,389628825
,2027,,391635882
,2028,,393614554
,2029,,395551165
,2030,,397429679
,2031,,399275112
,2032,,401085089
,2033,,402854909
,2034,,404600641
,2035,,406311792
,2036,,407977340
,2037,,409616004
,2038,,411227413
,2039,,412785530
,2040,,414279417
,2041,,415725379
,2042,,417144023
,2043,,418518389
,2044,,419820887
,2045,,421071641
,2046,,422262784
,2047,,423404771
,2048,,424505680
,2049,,425555759
,2050,,426579879
,2051,,427590135
,2052,,428576152
,2053,,429538923
,2054,,430466867
,2055,,431358252
,2056,,432252517
,2057,,433186195
,2058,,434174256
,2059,,435178721
,2060,,436166362
,2061,,437177039
,2062,,438230437
,2063,,439302593
,2064,,440373535
,2065,,441453153
,2066,,442566205
,2067,,443715060
,2068,,444869611
,2069,,446025008
,2070,,447170395
,2071,,448309566
,2072,,449432041
,2073,,450518903
,2074,,451586586
,2075,,452662367
,2076,,453736981
,2077,,454756934
,2078,,455747435
,2079,,456704902
,2080,,457616204
,2081,,458559044
,2082,,459501251
,2083,,460397534
,2084,,461283828
,2085,,462125550
,2086,,462960927
,2087,,463821597
,2088,,464719327
,2089,,465627850
,2090,,466495188
,2091,,467371833
,2092,,468268294
,2093,,469155959
,2094,,470043742
,2095,,470927465
,2096,,471775612
,2097,,472612033
,2098,,473430239
,2099,,474215295
,2100,,474966034
MNP,1950,7131,
MNP,1951,7257,
MNP,1952,7352,
MNP,1953,7463,
MNP,1954,7591,
MNP,1955,7750,
MNP,1956,7920,
MNP,1957,8096,
MNP,1958,8301,
MNP,1959,8514,
MNP,1960,8760,
MNP,1961,9017,
MNP,1962,9301,
MNP,1963,9617,
MNP,1964,9947,
MNP,1965,10276,
MNP,1966,10636,
MNP,1967,10769,
MNP,1968,10491,
MNP,1969,10006,
MNP,1970,10193,
MNP,1971,11288,
MNP,1972,12659,
MNP,1973,13905,
MNP,1974,14677,
MNP,1975,15083,
MNP,1976,15456,
MNP,1977,15813,
MNP,1978,16150,
MNP,1979,16508,
MNP,1980,17645,
MNP,1981,19847,
MNP,1982,22374,
MNP,1983,24960,
MNP,1984,27598,
MNP,1985,30281,
MNP,1986,33001,
MNP,1987,35755,
MNP,1988,38538,
MNP,1989,41327,
MNP,1990,43364,
MNP,1991,44412,
MNP,1992,45204,
MNP,1993,45973,
MNP,1994,46752,
MNP,1995,48192,
MNP,1996,51724,
MNP,1997,56610,
MNP,1998,61356,
MNP,1999,65933,
MNP,2000,68374,
MNP,2001,68003,
MNP,2002,66800,
MNP,2003,65438,
MNP,2004,63948,
MNP,2005,62372,
MNP,2006,60688,
MNP,2007,58960,
MNP,2008,57163,
MNP,2009,55346,
MNP,2010,54110,
MNP,2011,53633,
MNP,2012,53251,
MNP,2013,52777,
MNP,2014,52199,
MNP,2015,51538,
MNP,2016,50795,
MNP,2017,49981,
MNP,2018,49098,
MNP,2019,48154,
MNP,2020,47557,
MNP,2021,47003,
MNP,2022,46101,
MNP,2023,45166,
MNP,2024,,44299
MNP,2025,,43564
MNP,2026,,42933
MNP,2027,,42497
MNP,2028,,42216
MNP,2029,,41982
MNP,2030,,41807
MNP,2031,,41699
MNP,2032,,41624
MNP,2033,,41566
MNP,2034,,41578
MNP,2035,,41642
MNP,2036,,41743
MNP,2037,,41858
MNP,2038,,41962
MNP,2039,,42080
MNP,2040,,42204
MNP,2041,,42321
MNP,2042,,42437
MNP,2043,,42507
MNP,2044,,42586
MNP,2045,,42667
MNP,2046,,42727
MNP,2047,,42759
MNP,2048,,42766
MNP,2049,,42785
MNP,2050,,42785
MNP,2051,,42742
MNP,2052,,42722
MNP,2053,,42697
MNP,2054,,42638
MNP,2055,,42561
MNP,2056,,42446
MNP,2057,,42306
MNP,2058,,42167
MNP,2059,,42004
MNP,2060,,41843
MNP,2061,,41721
MNP,2062,,41599
MNP,2063,,41483
MNP,2064,,41399
MNP,2065,,41339
MNP,2066,,41276
MNP,2067,,41263
MNP,2068,,41280
MNP,2069,,41280
MNP,2070,,41264
MNP,2071,,41270
MNP,2072,,41306
MNP,2073,,41355
MNP,2074,,41401
MNP,2075,,41443
MNP,2076,,41505
MNP,2077,,41594
MNP,2078,,41705
MNP,2079,,41823
MNP,2080,,41925
MNP,2081,,42021
MNP,2082,,42109
MNP,2083,,42191
MNP,2084,,42254
MNP,2085,,42314
MNP,2086,,42357
MNP,2087,,42392
MNP,2088,,42402
MNP,2089,,42407
MNP,2090,,42394
MNP,2091,,42367
MNP,2092,,42316
MNP,2093,,42262
MNP,2094,,42203
MNP,2095,,42126
MNP,2096,,42045
MNP,2097,,41952
MNP,2098,,41856
MNP,2099,,41748
MNP,2100,,41633
NOR,1950,3265199,
NOR,1951,3295964,
NOR,1952,3327839,
NOR,1953,3361030,
NOR,1954,3394397,
NOR,1955,3428532,
NOR,1956,3461074,
NOR,1957,3491980,
NOR,1958,3523007,
NOR,1959,3552828,
NOR,1960,3581119,
NOR,1961,3609661,
NOR,1962,3638841,
NOR,1963,3666497,
NOR,1964,3694319,
NOR,1965,3723173,
NOR,1966,3752788,
NOR,1967,3784111,
NOR,1968,3816089,
NOR,1969,3847304,
NOR,1970,3875351,
NOR,1971,3902754,
NOR,1972,3932913,
NOR,1973,3960597,
NOR,1974,3985283,
NOR,1975,4007368,
NOR,1976,4026219,
NOR,1977,4043259,
NOR,1978,4058668,
NOR,1979,4072499,
NOR,1980,4085603,
NOR,1981,4099675,
NOR,1982,4114742,
NOR,1983,4128332,
NOR,1984,4139970,
NOR,1985,4152399,
NOR,1986,4167252,
NOR,1987,4186818,
NOR,1988,4209470,
NOR,1989,4226914,
NOR,1990,4241440,
NOR,1991,4261618,
NOR,1992,4286255,
NOR,1993,4311864,
NOR,1994,4336467,
NOR,1995,4358991,
NOR,1996,4381137,
NOR,1997,4404988,
NOR,1998,4431308,
NOR,1999,4461789,
NOR,2000,4490864,
NOR,2001,4513650,
NOR,2002,4538016,
NOR,2003,4564666,
NOR,2004,4591739,
NOR,2005,4623120,
NOR,2006,4660487,
NOR,2007,4709017,
NOR,2008,4768097,
NOR,2009,4828625,
NOR,2010,4889160,
NOR,2011,4952969,
NOR,2012,5018453,
NOR,2013,5080126,
NOR,2014,5137397,
NOR,2015,5189777,
NOR,2016,5235974,
NOR,2017,5276807,
NOR,2018,5311751,
NOR,2019,5347733,
NOR,2020,5379275,
NOR,2021,5408082,
NOR,2022,5456796,
NOR,2023,5519167,
NOR,2024,,5576656
NOR,2025,,5623074
NOR,2026,,5652986
NOR,2027,,5673545
NOR,2028,,5693251
NOR,2029,,5711696
NOR,2030,,5729089
NOR,2031,,5745656
NOR,2032,,5761192
NOR,2033,,5775589
NOR,2034,,5788959
NOR,2035,,5801412
NOR,2036,,5813291
NOR,2037,,5824573
NOR,2038,,5835191
NOR,2039,,5845088
NOR,2040,,5853875
NOR,2041,,5861953
NOR,2042,,5869379
NOR,2043,,5875575
NOR,2044,,5880915
NOR,2045,,5886019
NOR,2046,,5890402
NOR,2047,,5893788
NOR,2048,,5896765
NOR,2049,,5898936
NOR,2050,,5899827
NOR,2051,,5899789
NOR,2052,,5898983
NOR,2053,,5896907
NOR,2054,,5893407
NOR,2055,,5888907
NOR,2056,,5883463
NOR,2057,,5877294
NOR,2058,,5871173
NOR,2059,,5864980
NOR,2060,,5857865
NOR,2061,,5850004
NOR,2062,,5841437
NOR,2063,,5832171
NOR,2064,,5822602
NOR,2065,,5812861
NOR,2066,,5803008
NOR,2067,,5793104
NOR,2068,,5783530
NOR,2069,,5774550
NOR,2070,,5765484
NOR,2071,,5756371
NOR,2072,,5747166
NOR,2073,,5737397
NOR,2074,,5727426
NOR,2075,,5717578
NOR,2076,,5707881
NOR,2077,,5697959
NOR,2078,,5687595
NOR,2079,,5676742
NOR,2080,,5665346
NOR,2081,,5653538
NOR,2082,,5641393
NOR,2083,,5628759
NOR,2084,,5615499
NOR,2085,,5601962
NOR,2086,,5588396
NOR,2087,,5574508
NOR,2088,,5560833
NOR,2089,,5547886
NOR,2090,,5535164
NOR,2091,,5522782
NOR,2092,,5510831
NOR,2093,,5498595
NOR,2094,,5486263
NOR,2095,,5474026
NOR,2096,,5461950
NOR,2097,,5450323
NOR,2098,,5438581
NOR,2099,,5426221
NOR,2100,,5413617
,1950,12582039,
,1951,12915027,
,1952,13228956,
,1953,13527050,
,1954,13824306,
,1955,14145100,
,1956,14484449,
,1957,14825231,
,1958,15165875,
,1959,15509890,
,1960,15862303,
,1961,16216513,
,1962,16560586,
,1963,16904250,
,1964,17254315,
,1965,17616873,
,1966,17985711,
,1967,18331859,
,1968,18669863,
,1969,19033436,
,1970,19493816,
,1971,20035732,
,1972,20493792,
,1973,20865840,
,1974,21227903,
,1975,21555564,
,1976,21842132,
,1977,22114264,
,1978,22383130,
,1979,22653381,
,1980,22954136,
,1981,23307159,
,1982,23690310,
,1983,24064145,
,1984,24420730,
,1985,24777243,
,1986,25149502,
,1987,25544234,
,1988,25956095,
,1989,26376680,
,1990,26839030,
,1991,27314980,
,1992,27746319,
,1993,28154045,
,1994,28572746,
,1995,29024929,
,1996,29498349,
,1997,29964282,
,1998,30419763,
,1999,30879798,
,2000,31352628,
,2001,31846890,
,2002,32365688,
,2003,32894224,
,2004,33418745,
,2005,33955854,
,2006,34540031,
,2007,35189700,
,2008,35890030,
,2009,36593205,
,2010,37253763,
,2011,37889767,
,2012,38550173,
,2013,39233594,
,2014,39918439,
,2015,40614682,
,2016,41346915,
,2017,42093651,
,2018,42815157,
,2019,43504185,
,2020,44078974,
,2021,44558212,
,2022,45049349,
,2023,45562792,
,2024,,46088715
,2025,,46609646
,2026,,47118990
,2027,,47619143
,2028,,48113155
,2029,,48596701
,2030,,49071518
,2031,,49540456
,2032,,50000971
,2033,,50454614
,2034,,50904054
,2035,,51351264
,2036,,51797063
,2037,,52236633
,2038,,52672623
,2039,,53104810
,2040,,53532007
,2041,,53960538
,2042,,54389549
,2043,,54814902
,2044,,55235476
,2045,,55654833
,2046,,56074216
,2047,,56484704
,2048,,56891408
,2049,,57294589
,2050,,57688181
,2051,,58078780
,2052,,58462439
,2053,,58839148
,2054,,59214920
,2055,,59589006
,2056,,59954852
,2057,,60313941
,2058,,60673876
,2059,,61028218
,2060,,61373343
,2061,,61714503
,2062,,62053398
,2063,,62391149
,2064,,62722830
,2065,,63051768
,2066,,63385875
,2067,,63721192
,2068,,64053161
,2069,,64380137
,2070,,64699123
,2071,,65009075
,2072,,65315020
,2073,,65618854
,2074,,65920206
,2075,,66219156
,2076,,66513119
,2077,,66806762
,2078,,67100375
,2079,,67388297
,2080,,67672734
,2081,,67958766
,2082,,68240231
,2083,,68518191
,2084,,68790732
,2085,,69055329
,2086,,69322440
,2087,,69593305
,2088,,69871412
,2089,,70148489
,2090,,70424207
,2091,,70702941
,2092,,70976100
,2093,,71241490
,2094,,71495142
,2095,,71742525
,2096,,71993246
,2097,,72246533
,2098,,72490600
,2099,,72721132
,2100,,72945695
OMN,1950,456997,
OMN,1951,462760,
OMN,1952,468831,
OMN,1953,475163,
OMN,1954,481826,
OMN,1955,488811,
OMN,1956,496175,
OMN,1957,503986,
OMN,1958,512341,
OMN,1959,521320,
OMN,1960,530489,
OMN,1961,539859,
OMN,1962,549951,
OMN,1963,560832,
OMN,1964,572586,
OMN,1965,585245,
OMN,1966,598815,
OMN,1967,613318,
OMN,1968,628801,
OMN,1969,645262,
OMN,1970,662691,
OMN,1971,681125,
OMN,1972,700591,
OMN,1973,721182,
OMN,1974,746995,
OMN,1975,778871,
OMN,1976,814703,
OMN,1977,855316,
OMN,1978,900312,
OMN,1979,949122,
OMN,1980,1001248,
OMN,1981,1057326,
OMN,1982,1117686,
OMN,1983,1181464,
OMN,1984,1247723,
OMN,1985,1325489,
OMN,1986,1413424,
OMN,1987,1501006,
OMN,1988,1588573,
OMN,1989,1676234,
OMN,1990,1763957,
OMN,1991,1851476,
OMN,1992,1938240,
OMN,1993,2021677,
OMN,1994,2081839,
OMN,1995,2120531,
OMN,1996,2156925,
OMN,1997,2190726,
OMN,1998,2222492,
OMN,1999,2252910,
OMN,2000,2282139,
OMN,2001,2310223,
OMN,2002,2337144,
OMN,2003,2363801,
OMN,2004,2404822,
OMN,2005,2459808,
OMN,2006,2514794,
OMN,2007,2570175,
OMN,2008,2626536,
OMN,2009,2684665,
OMN,2010,2757450,
OMN,2011,3076762,
OMN,2012,3547104,
OMN,2013,3833915,
OMN,2014,4002444,
OMN,2015,4184898,
OMN,2016,4390880,
OMN,2017,4537397,
OMN,2018,4597878,
OMN,2019,4591248,
OMN,2020,4522502,
OMN,2021,4500429,
OMN,2022,4730229,
OMN,2023,5049267,
OMN,2024,,5281542
OMN,2025,,5494696
OMN,2026,,5671455
OMN,2027,,5814724
OMN,2028,,5929323
OMN,2029,,6026183
OMN,2030,,6112713
OMN,2031,,6194372
OMN,2032,,6275470
OMN,2033,,6356255
OMN,2034,,6436925
OMN,2035,,6517804
OMN,2036,,6599107
OMN,2037,,6681048
OMN,2038,,6763788
OMN,2039,,6847386
OMN,2040,,6931977
OMN,2041,,7017690
OMN,2042,,7104482
OMN,2043,,7192223
OMN,2044,,7280852
OMN,2045,,7370226
OMN,2046,,7460275
OMN,2047,,7550981
OMN,2048,,7642329
OMN,2049,,7734360
OMN,2050,,7826998
OMN,2051,,7920187
OMN,2052,,8013753
OMN,2053,,8107491
OMN,2054,,8201094
OMN,2055,,8294388
OMN,2056,,8387206
OMN,2057,,8479449
OMN,2058,,8571104
OMN,2059,,8662058
OMN,2060,,8752180
OMN,2061,,8841593
OMN,2062,,8930350
OMN,2063,,9018408
OMN,2064,,9105808
OMN,2065,,9192606
OMN,2066,,9278854
OMN,2067,,9364523
OMN,2068,,9449549
OMN,2069,,9533991
OMN,2070,,9617881
OMN,2071,,9701383
OMN,2072,,9784488
OMN,2073,,9867081
OMN,2074,,9949320
OMN,2075,,10031363
OMN,2076,,10113354
OMN,2077,,10195323
OMN,2078,,10277287
OMN,2079,,10359318
OMN,2080,,10441472
OMN,2081,,10523754
OMN,2082,,10606258
OMN,2083,,10688988
OMN,2084,,10771850
OMN,2085,,10854877
OMN,2086,,10938130
OMN,2087,,11021505
OMN,2088,,11105065
OMN,2089,,11188807
OMN,2090,,11272550
OMN,2091,,11356166
OMN,2092,,11439649
OMN,2093,,11522927
OMN,2094,,11605892
OMN,2095,,11688484
OMN,2096,,11770688
OMN,2097,,11852511
OMN,2098,,11933913
OMN,2099,,12014764
OMN,2100,,12095002
PAK,1950,35849256,
PAK,1951,36581906,
PAK,1952,37377005,
PAK,1953,38229661,
PAK,1954,39137072,
PAK,1955,40098068,
PAK,1956,41113927,
PAK,1957,42185142,
PAK,1958,43312058,
PAK,1959,44495164,
PAK,1960,45709314,
PAK,1961,46921277,
PAK,1962,48156130,
PAK,1963,49447780,
PAK,1964,50799995,
PAK,1965,52209015,
PAK,1966,53678671,
PAK,1967,55214772,
PAK,1968,56810512,
PAK,1969,58460945,
PAK,1970,60166721,
PAK,1971,61847896,
PAK,1972,63583192,
PAK,1973,65461912,
PAK,1974,67415487,
PAK,1975,69461179,
PAK,1976,71620249,
PAK,1977,73901831,
PAK,1978,76307381,
PAK,1979,78997040,
PAK,1980,82291008,
PAK,1981,85802048,
PAK,1982,89089247,
PAK,1983,92227711,
PAK,1984,95164940,
PAK,1985,98229291,
PAK,1986,101606770,
PAK,1987,105130710,
PAK,1988,108724740,
PAK,1989,112336634,
PAK,1990,116155584,
PAK,1991,120060409,
PAK,1992,123546855,
PAK,1993,127020117,
PAK,1994,130748076,
PAK,1995,134582255,
PAK,1996,138557089,
PAK,1997,142531801,
PAK,1998,146522354,
PAK,1999,150565381,
PAK,2000,154879124,
PAK,2001,159270910,
PAK,2002,163222552,
PAK,2003,167110250,
PAK,2004,171285999,
PAK,2005,175453212,
PAK,2006,179682690,
PAK,2007,184493231,
PAK,2008,189499112,
PAK,2009,194376535,
PAK,2010,199239048,
PAK,2011,203746069,
PAK,2012,207667129,
PAK,2013,211073979,
PAK,2014,214264649,
PAK,2015,217290884,
PAK,2016,220138863,
PAK,2017,223273974,
PAK,2018,226928893,
PAK,2019,230800908,
PAK,2020,235001745,
PAK,2021,239477805,
PAK,2022,243700667,
PAK,2023,247504505,
PAK,2024,,251269160
PAK,2025,,255219560
PAK,2026,,259299792
PAK,2027,,263515822
PAK,2028,,267881918
PAK,2029,,272337516
PAK,2030,,276883257
PAK,2031,,281528065
PAK,2032,,286241136
PAK,2033,,291012263
PAK,2034,,295820149
PAK,2035,,300643513
PAK,2036,,305491499
PAK,2037,,310353287
PAK,2038,,315227704
PAK,2039,,320105877
PAK,2040,,324937698
PAK,2041,,329746472
PAK,2042,,334551868
PAK,2043,,339334845
PAK,2044,,344095461
PAK,2045,,348837725
PAK,2046,,353552854
PAK,2047,,358207154
PAK,2048,,362796526
PAK,2049,,367344424
PAK,2050,,371863799
PAK,2051,,376335024
PAK,2052,,380753023
PAK,2053,,385126732
PAK,2054,,389454636
PAK,2055,,393743574
PAK,2056,,398004622
PAK,2057,,402212385
PAK,2058,,406351518
PAK,2059,,410424434
PAK,2060,,414441117
PAK,2061,,418409453
PAK,2062,,422330985
PAK,2063,,426180144
PAK,2064,,429947920
PAK,2065,,433661586
PAK,2066,,437318619
PAK,2067,,440914452
PAK,2068,,444444553
PAK,2069,,447902349
PAK,2070,,451260264
PAK,2071,,454515289
PAK,2072,,457684501
PAK,2073,,460769879
PAK,2074,,463768815
PAK,2075,,466698212
PAK,2076,,469545319
PAK,2077,,472273413
PAK,2078,,474863102
PAK,2079,,477333767
PAK,2080,,479745112
PAK,2081,,482090659
PAK,2082,,484348991
PAK,2083,,486517092
PAK,2084,,488571710
PAK,2085,,490535606
PAK,2086,,492432984
PAK,2087,,494230518
PAK,2088,,495952184
PAK,2089,,497603519
PAK,2090,,499173314
PAK,2091,,500693220
PAK,2092,,502152505
PAK,2093,,503542935
PAK,2094,,504868760
PAK,2095,,506112465
PAK,2096,,507252584
PAK,2097,,508289970
PAK,2098,,509242529
PAK,2099,,510137621
PAK,2100,,511000613
PLW,1950,7494,
PLW,1951,7679,
PLW,1952,7838,
PLW,1953,8028,
PLW,1954,8231,
PLW,1955,8439,
PLW,1956,8614,
PLW,1957,8771,
PLW,1958,8924,
PLW,1959,9125,
PLW,1960,9349,
PLW,1961,9581,
PLW,1962,9815,
PLW,1963,10060,
PLW,1964,10313,
PLW,1965,10567,
PLW,1966,10825,
PLW,1967,11012,
PLW,1968,11104,
PLW,1969,11182,
PLW,1970,11393,
PLW,1971,11783,
PLW,1972,12216,
PLW,1973,12577,
PLW,1974,12711,
PLW,1975,12675,
PLW,1976,12622,
PLW,1977,12548,
PLW,1978,12465,
PLW,1979,12359,
PLW,1980,12296,
PLW,1981,12423,
PLW,1982,12721,
PLW,1983,13028,
PLW,1984,13359,
PLW,1985,13712,
PLW,1986,14044,
PLW,1987,14357,
PLW,1988,14664,
PLW,1989,14969,
PLW,1990,15282,
PLW,1991,15635,
PLW,1992,16017,
PLW,1993,16397,
PLW,1994,16796,
PLW,1995,17217,
PLW,1996,17683,
PLW,1997,18126,
PLW,1998,18548,
PLW,1999,18926,
PLW,2000,19206,
PLW,2001,19379,
PLW,2002,19527,
PLW,2003,19683,
PLW,2004,19841,
PLW,2005,19837,
PLW,2006,19616,
PLW,2007,19324,
PLW,2008,19031,
PLW,2009,18736,
PLW,2010,18420,
PLW,2011,18099,
PLW,2012,17791,
PLW,2013,17670,
PLW,2014,17740,
PLW,2015,17791,
PLW,2016,17824,
PLW,2017,17838,
PLW,2018,17843,
PLW,2019,17821,
PLW,2020,17817,
PLW,2021,17809,
PLW,2022,17784,
PLW,2023,17751,
PLW,2024,,17719
PLW,2025,,17687
PLW,2026,,17642
PLW,2027,,17588
PLW,2028,,17528
PLW,2029,,17460
PLW,2030,,17400
PLW,2031,,17323
PLW,2032,,17252
PLW,2033,,17187
PLW,2034,,17116
PLW,2035,,17036
PLW,2036,,16963
PLW,2037,,16881
PLW,2038,,16802
PLW,2039,,16712
PLW,2040,,16627
PLW,2041,,16533
PLW,2042,,16426
PLW,2043,,16325
PLW,2044,,16224
PLW,2045,,16119
PLW,2046,,15999
PLW,2047,,15885
PLW,2048,,15771
PLW,2049,,15654
PLW,2050,,15537
PLW,2051,,15431
PLW,2052,,15302
PLW,2053,,15178
PLW,2054,,15058
PLW,2055,,14933
PLW,2056,,14808
PLW,2057,,14686
PLW,2058,,14562
PLW,2059,,14443
PLW,2060,,14334
PLW,2061,,14224
PLW,2062,,14109
PLW,2063,,14002
PLW,2064,,13900
PLW,2065,,13803
PLW,2066,,13700
PLW,2067,,13603
PLW,2068,,13510
PLW,2069,,13412
PLW,2070,,13325
PLW,2071,,13234
PLW,2072,,13152
PLW,2073,,13083
PLW,2074,,12992
PLW,2075,,12905
PLW,2076,,12828
PLW,2077,,12748
PLW,2078,,12675
PLW,2079,,12603
PLW,2080,,12524
PLW,2081,,12446
PLW,2082,,12373
PLW,2083,,12311
PLW,2084,,12236
PLW,2085,,12164
PLW,2086,,12100
PLW,2087,,12030
PLW,2088,,11964
PLW,2089,,11898
PLW,2090,,11821
PLW,2091,,11745
PLW,2092,,11677
PLW,2093,,11608
PLW,2094,,11540
PLW,2095,,11473
PLW,2096,,11406
PLW,2097,,11343
PLW,2098,,11275
PLW,2099,,11210
PLW,2100,,11144
PSE,1950,944632,
PSE,1951,952949,
PSE,1952,962311,
PSE,1953,972669,
PSE,1954,984023,
PSE,1955,996392,
PSE,1956,1009756,
PSE,1957,1024139,
PSE,1958,1039533,
PSE,1959,1055901,
PSE,1960,1073080,
PSE,1961,1090936,
PSE,1962,1109345,
PSE,1963,1127471,
PSE,1964,1140674,
PSE,1965,1147310,
PSE,1966,1146403,
PSE,1967,1135820,
PSE,1968,1121753,
PSE,1969,1113086,
PSE,1970,1116285,
PSE,1971,1134114,
PSE,1972,1164753,
PSE,1973,1202261,
PSE,1974,1241133,
PSE,1975,1279321,
PSE,1976,1316398,
PSE,1977,1352720,
PSE,1978,1389501,
PSE,1979,1428122,
PSE,1980,1469058,
PSE,1981,1512710,
PSE,1982,1560995,
PSE,1983,1618780,
PSE,1984,1688613,
PSE,1985,1745262,
PSE,1986,1789315,
PSE,1987,1876764,
PSE,1988,1977311,
PSE,1989,2055617,
PSE,1990,2139065,
PSE,1991,2228955,
PSE,1992,2324698,
PSE,1993,2425066,
PSE,1994,2529164,
PSE,1995,2636554,
PSE,1996,2746830,
PSE,1997,2859581,
PSE,1998,2962895,
PSE,1999,3056256,
PSE,2000,3151800,
PSE,2001,3242286,
PSE,2002,3322369,
PSE,2003,3398071,
PSE,2004,3475178,
PSE,2005,3557406,
PSE,2006,3645096,
PSE,2007,3736694,
PSE,2008,3829039,
PSE,2009,3921245,
PSE,2010,4016918,
PSE,2011,4115912,
PSE,2012,4215318,
PSE,2013,4315263,
PSE,2014,4415887,
PSE,2015,4521564,
PSE,2016,4632743,
PSE,2017,4742747,
PSE,2018,4850593,
PSE,2019,4957773,
PSE,2020,5069692,
PSE,2021,5185341,
PSE,2022,5305274,
PSE,2023,5409201,
PSE,2024,,5495447
PSE,2025,,5589632
PSE,2026,,5692792
PSE,2027,,5800076
PSE,2028,,5906584
PSE,2029,,6013697
PSE,2030,,6122319
PSE,2031,,6232613
PSE,2032,,6344203
PSE,2033,,6458364
PSE,2034,,6574759
PSE,2035,,6692734
PSE,2036,,6811168
PSE,2037,,6929334
PSE,2038,,7048008
PSE,2039,,7168985
PSE,2040,,7291827
PSE,2041,,7414147
PSE,2042,,7536233
PSE,2043,,7657088
PSE,2044,,7776558
PSE,2045,,7895104
PSE,2046,,8010986
PSE,2047,,8123746
PSE,2048,,8234208
PSE,2049,,8343124
PSE,2050,,8451896
PSE,2051,,8559247
PSE,2052,,8664145
PSE,2053,,8766664
PSE,2054,,8865363
PSE,2055,,8960916
PSE,2056,,9056760
PSE,2057,,9153089
PSE,2058,,9246739
PSE,2059,,9339024
PSE,2060,,9433006
PSE,2061,,9527523
PSE,2062,,9618609
PSE,2063,,9707345
PSE,2064,,9795719
PSE,2065,,9882295
PSE,2066,,9965592
PSE,2067,,10048038
PSE,2068,,10128911
PSE,2069,,10206975
PSE,2070,,10284818
PSE,2071,,10362049
PSE,2072,,10435781
PSE,2073,,10504474
PSE,2074,,10570639
PSE,2075,,10636252
PSE,2076,,10700486
PSE,2077,,10760766
PSE,2078,,10816856
PSE,2079,,10868504
PSE,2080,,10918973
PSE,2081,,10970573
PSE,2082,,11018921
PSE,2083,,11061736
PSE,2084,,11101653
PSE,2085,,11138939
PSE,2086,,11173585
PSE,2087,,11205696
PSE,2088,,11236666
PSE,2089,,11265895
PSE,2090,,11292860
PSE,2091,,11319491
PSE,2092,,11344825
PSE,2093,,11368765
PSE,2094,,11390093
PSE,2095,,11410013
PSE,2096,,11428623
PSE,2097,,11445779
PSE,2098,,11461463
PSE,2099,,11473503
PSE,2100,,11482182
PAN,1950,860855,
PAN,1951,882013,
PAN,1952,904460,
PAN,1953,928203,
PAN,1954,953092,
PAN,1955,978971,
PAN,1956,1005877,
PAN,1957,1033915,
PAN,1958,1063168,
PAN,1959,1093804,
PAN,1960,1126004,
PAN,1961,1159880,
PAN,1962,1195311,
PAN,1963,1232136,
PAN,1964,1270068,
PAN,1965,1308840,
PAN,1966,1348390,
PAN,1967,1388630,
PAN,1968,1429452,
PAN,1969,1470888,
PAN,1970,1513071,
PAN,1971,1556079,
PAN,1972,1599721,
PAN,1973,1643696,
PAN,1974,1687932,
PAN,1975,1732393,
PAN,1976,1776943,
PAN,1977,1821550,
PAN,1978,1866317,
PAN,1979,1911555,
PAN,1980,1957543,
PAN,1981,2004424,
PAN,1982,2052278,
PAN,1983,2101107,
PAN,1984,2150781,
PAN,1985,2200921,
PAN,1986,2251331,
PAN,1987,2301979,
PAN,1988,2352856,
PAN,1989,2403821,
PAN,1990,2455588,
PAN,1991,2508273,
PAN,1992,2561342,
PAN,1993,2615099,
PAN,1994,2669545,
PAN,1995,2724555,
PAN,1996,2780228,
PAN,1997,2836702,
PAN,1998,2893918,
PAN,1999,2951820,
PAN,2000,3010376,
PAN,2001,3069545,
PAN,2002,3129343,
PAN,2003,3189813,
PAN,2004,3251158,
PAN,2005,3313024,
PAN,2006,3375024,
PAN,2007,3437490,
PAN,2008,3500646,
PAN,2009,3564383,
PAN,2010,3628537,
PAN,2011,3693509,
PAN,2012,3759261,
PAN,2013,3825333,
PAN,2014,3892100,
PAN,2015,3960034,
PAN,2016,4029085,
PAN,2017,4098704,
PAN,2018,4167860,
PAN,2019,4234698,
PAN,2020,4293258,
PAN,2021,4345410,
PAN,2022,4400775,
PAN,2023,4458758,
PAN,2024,,4515576
PAN,2025,,4571194
PAN,2026,,4625719
PAN,2027,,4679239
PAN,2028,,4731817
PAN,2029,,4783377
PAN,2030,,4833855
PAN,2031,,4883389
PAN,2032,,4932074
PAN,2033,,4979811
PAN,2034,,5026494
PAN,2035,,5072268
PAN,2036,,5117124
PAN,2037,,5161086
PAN,2038,,5204053
PAN,2039,,5245902
PAN,2040,,5286596
PAN,2041,,5326183
PAN,2042,,5364670
PAN,2043,,5402037
PAN,2044,,5438260
PAN,2045,,5473282
PAN,2046,,5507149
PAN,2047,,5539873
PAN,2048,,5571404
PAN,2049,,5601671
PAN,2050,,5630682
PAN,2051,,5658478
PAN,2052,,5684965
PAN,2053,,5710191
PAN,2054,,5734228
PAN,2055,,5757106
PAN,2056,,5778857
PAN,2057,,5799569
PAN,2058,,5819314
PAN,2059,,5838005
PAN,2060,,5855665
PAN,2061,,5872415
PAN,2062,,5888236
PAN,2063,,5903118
PAN,2064,,5917145
PAN,2065,,5930325
PAN,2066,,5942693
PAN,2067,,5954247
PAN,2068,,5965027
PAN,2069,,5975056
PAN,2070,,5984206
PAN,2071,,5992552
PAN,2072,,6000129
PAN,2073,,6006873
PAN,2074,,6012739
PAN,2075,,6017721
PAN,2076,,6021777
PAN,2077,,6024997
PAN,2078,,6027411
PAN,2079,,6028999
PAN,2080,,6029729
PAN,2081,,6029657
PAN,2082,,6028780
PAN,2083,,6027074
PAN,2084,,6024625
PAN,2085,,6021454
PAN,2086,,6017627
PAN,2087,,6013239
PAN,2088,,6008238
PAN,2089,,6002578
PAN,2090,,5996309
PAN,2091,,5989546
PAN,2092,,5982247
PAN,2093,,5974379
PAN,2094,,5965962
PAN,2095,,5956993
PAN,2096,,5947508
PAN,2097,,5937596
PAN,2098,,5927193
PAN,2099,,5916291
PAN,2100,,5904928
PNG,1950,1543441,
PNG,1951,1574928,
PNG,1952,1609545,
PNG,1953,1650236,
PNG,1954,1693505,
PNG,1955,1739220,
PNG,1956,1787446,
PNG,1957,1837511,
PNG,1958,1888969,
PNG,1959,1941505,
PNG,1960,1995115,
PNG,1961,2046133,
PNG,1962,2093926,
PNG,1963,2141380,
PNG,1964,2188332,
PNG,1965,2235830,
PNG,1966,2285785,
PNG,1967,2337542,
PNG,1968,2390812,
PNG,1969,2446932,
PNG,1970,2505632,
PNG,1971,2566429,
PNG,1972,2628436,
PNG,1973,2690639,
PNG,1974,2752679,
PNG,1975,2814827,
PNG,1976,2877337,
PNG,1977,2940331,
PNG,1978,3003718,
PNG,1979,3067350,
PNG,1980,3131516,
PNG,1981,3197030,
PNG,1982,3264301,
PNG,1983,3333642,
PNG,1984,3405200,
PNG,1985,3478945,
PNG,1986,3554802,
PNG,1987,3632546,
PNG,1988,3711894,
PNG,1989,3796088,
PNG,1990,3896482,
PNG,1991,4021840,
PNG,1992,4166702,
PNG,1993,4320880,
PNG,1994,4480210,
PNG,1995,4644282,
PNG,1996,4813363,
PNG,1997,4987887,
PNG,1998,5166390,
PNG,1999,5349333,
PNG,2000,5537068,
PNG,2001,5728444,
PNG,2002,5924010,
PNG,2003,6124005,
PNG,2004,6328042,
PNG,2005,6535905,
PNG,2006,6747724,
PNG,2007,6963353,
PNG,2008,7183002,
PNG,2009,7406442,
PNG,2010,7633524,
PNG,2011,7859349,
PNG,2012,8081396,
PNG,2013,8302700,
PNG,2014,8523440,
PNG,2015,8743247,
PNG,2016,8961717,
PNG,2017,9178717,
PNG,2018,9394518,
PNG,2019,9609014,
PNG,2020,9815743,
PNG,2021,10012898,
PNG,2022,10203177,
PNG,2023,10389638,
PNG,2024,,10576509
PNG,2025,,10762821
PNG,2026,,10947852
PNG,2027,,11131276
PNG,2028,,11312903
PNG,2029,,11492806
PNG,2030,,11671427
PNG,2031,,11848229
PNG,2032,,12023129
PNG,2033,,12196648
PNG,2034,,12369257
PNG,2035,,12540603
PNG,2036,,12710691
PNG,2037,,12879745
PNG,2038,,13047131
PNG,2039,,13212675
PNG,2040,,13376163
PNG,2041,,13537369
PNG,2042,,13696147
PNG,2043,,13853419
PNG,2044,,14009934
PNG,2045,,14165586
PNG,2046,,14318898
PNG,2047,,14469220
PNG,2048,,14617374
PNG,2049,,14763608
PNG,2050,,14906592
PNG,2051,,15046431
PNG,2052,,15184630
PNG,2053,,15319642
PNG,2054,,15452108
PNG,2055,,15581641
PNG,2056,,15707089
PNG,2057,,15830066
PNG,2058,,15950473
PNG,2059,,16068345
PNG,2060,,16184466
PNG,2061,,16296840
PNG,2062,,16404575
PNG,2063,,16509329
PNG,2064,,16612729
PNG,2065,,16715199
PNG,2066,,16815376
PNG,2067,,16912863
PNG,2068,,17007233
PNG,2069,,17097905
PNG,2070,,17185172
PNG,2071,,17270186
PNG,2072,,17352718
PNG,2073,,17431207
PNG,2074,,17506194
PNG,2075,,17578922
PNG,2076,,17648972
PNG,2077,,17716807
PNG,2078,,17783712
PNG,2079,,17848305
PNG,2080,,17911988
PNG,2081,,17973526
PNG,2082,,18030226
PNG,2083,,18085352
PNG,2084,,18138334
PNG,2085,,18188719
PNG,2086,,18237659
PNG,2087,,18283633
PNG,2088,,18326295
PNG,2089,,18366271
PNG,2090,,18405696
PNG,2091,,18443493
PNG,2092,,18477298
PNG,2093,,18507780
PNG,2094,,18535523
PNG,2095,,18560530
PNG,2096,,18582668
PNG,2097,,18601776
PNG,2098,,18617210
PNG,2099,,18630030
PNG,2100,,18640539
PRY,1950,1504351,
PRY,1951,1537946,
PRY,1952,1572608,
PRY,1953,1608308,
PRY,1954,1644932,
PRY,1955,1682293,
PRY,1956,1720418,
PRY,1957,1759490,
PRY,1958,1799653,
PRY,1959,1840972,
PRY,1960,1883517,
PRY,1961,1927401,
PRY,1962,1973136,
PRY,1963,2021913,
PRY,1964,2073121,
PRY,1965,2125179,
PRY,1966,2177590,
PRY,1967,2229992,
PRY,1968,2282394,
PRY,1969,2334998,
PRY,1970,2388030,
PRY,1971,2442540,
PRY,1972,2499885,
PRY,1973,2561103,
PRY,1974,2625622,
PRY,1975,2691649,
PRY,1976,2758844,
PRY,1977,2827876,
PRY,1978,2899268,
PRY,1979,2973967,
PRY,1980,3053239,
PRY,1981,3137611,
PRY,1982,3226195,
PRY,1983,3318075,
PRY,1984,3412939,
PRY,1985,3510678,
PRY,1986,3611474,
PRY,1987,3714892,
PRY,1988,3820551,
PRY,1989,3927802,
PRY,1990,4035752,
PRY,1991,4144370,
PRY,1992,4253608,
PRY,1993,4362706,
PRY,1994,4471423,
PRY,1995,4579803,
PRY,1996,4687540,
PRY,1997,4794415,
PRY,1998,4900028,
PRY,1999,5003139,
PRY,2000,5100875,
PRY,2001,5187690,
PRY,2002,5261334,
PRY,2003,5326437,
PRY,2004,5388181,
PRY,2005,5448100,
PRY,2006,5505145,
PRY,2007,5559385,
PRY,2008,5613577,
PRY,2009,5671243,
PRY,2010,5737973,
PRY,2011,5814632,
PRY,2012,5897011,
PRY,2013,5982447,
PRY,2014,6069819,
PRY,2015,6159106,
PRY,2016,6249129,
PRY,2017,6338658,
PRY,2018,6427382,
PRY,2019,6515059,
PRY,2020,6603741,
PRY,2021,6684184,
PRY,2022,6760460,
PRY,2023,6844150,
PRY,2024,,6929152
PRY,2025,,7013079
PRY,2026,,7095273
PRY,2027,,7175671
PRY,2028,,7254527
PRY,2029,,7331909
PRY,2030,,7407621
PRY,2031,,7481640
PRY,2032,,7554218
PRY,2033,,7625457
PRY,2034,,7695118
PRY,2035,,7763521
PRY,2036,,7830882
PRY,2037,,7896973
PRY,2038,,7961862
PRY,2039,,8025487
PRY,2040,,8087570
PRY,2041,,8148406
PRY,2042,,8208318
PRY,2043,,8267005
PRY,2044,,8324328
PRY,2045,,8380529
PRY,2046,,8435754
PRY,2047,,8489457
PRY,2048,,8541342
PRY,2049,,8591710
PRY,2050,,8640471
PRY,2051,,8687839
PRY,2052,,8733841
PRY,2053,,8778139
PRY,2054,,8820753
PRY,2055,,8861727
PRY,2056,,8900976
PRY,2057,,8938524
PRY,2058,,8974400
PRY,2059,,9007999
PRY,2060,,9039003
PRY,2061,,9068138
PRY,2062,,9095806
PRY,2063,,9121733
PRY,2064,,9145361
PRY,2065,,9166628
PRY,2066,,9185965
PRY,2067,,9203329
PRY,2068,,9218731
PRY,2069,,9232708
PRY,2070,,9245166
PRY,2071,,9255834
PRY,2072,,9264886
PRY,2073,,9272433
PRY,2074,,9278308
PRY,2075,,9282637
PRY,2076,,9285417
PRY,2077,,9286809
PRY,2078,,9287138
PRY,2079,,9286252
PRY,2080,,9284174
PRY,2081,,9280811
PRY,2082,,9276353
PRY,2083,,9271192
PRY,2084,,9265338
PRY,2085,,9258414
PRY,2086,,9250181
PRY,2087,,9241372
PRY,2088,,9232052
PRY,2089,,9221464
PRY,2090,,9209822
PRY,2091,,9197493
PRY,2092,,9184439
PRY,2093,,9170685
PRY,2094,,9156044
PRY,2095,,9140616
PRY,2096,,9124247
PRY,2097,,9106783
PRY,2098,,9088384
PRY,2099,,9068855
PRY,2100,,9047993
PER,1950,7677414,
PER,1951,7893620,
PER,1952,8116670,
PER,1953,8344907,
PER,1954,8579314,
PER,1955,8822015,
PER,1956,9073471,
PER,1957,9333871,
PER,1958,9603649,
PER,1959,9883656,
PER,1960,10174128,
PER,1961,10475126,
PER,1962,10784615,
PER,1963,11102095,
PER,1964,11427988,
PER,1965,11761091,
PER,1966,12101300,
PER,1967,12448815,
PER,1968,12803985,
PER,1969,13166756,
PER,1970,13501237,
PER,1971,13838069,
PER,1972,14210147,
PER,1973,14582864,
PER,1974,14956554,
PER,1975,15333955,
PER,1976,15716814,
PER,1977,16109808,
PER,1978,16516061,
PER,1979,16933143,
PER,1980,17360955,
PER,1981,17798803,
PER,1982,18246506,
PER,1983,18705961,
PER,1984,19174717,
PER,1985,19648212,
PER,1986,20117127,
PER,1987,20582325,
PER,1988,21054704,
PER,1989,21532587,
PER,1990,22014772,
PER,1991,22483784,
PER,1992,22946345,
PER,1993,23413783,
PER,1994,23881497,
PER,1995,24348922,
PER,1996,24811174,
PER,1997,25274149,
PER,1998,25738101,
PER,1999,26186499,
PER,2000,26598328,
PER,2001,26964610,
PER,2002,27288211,
PER,2003,27580485,
PER,2004,27852190,
PER,2005,28101175,
PER,2006,28324488,
PER,2007,28530704,
PER,2008,28719038,
PER,2009,28896819,
PER,2010,29086021,
PER,2011,29304083,
PER,2012,29550367,
PER,2013,29817908,
PER,2014,30115825,
PER,2015,30457598,
PER,2016,30866497,
PER,2017,31324639,
PER,2018,31897590,
PER,2019,32449302,
PER,2020,32838577,
PER,2021,33155883,
PER,2022,33475436,
PER,2023,33845616,
PER,2024,,34217850
PER,2025,,34576673
PER,2026,,34922145
PER,2027,,35255685
PER,2028,,35578282
PER,2029,,35890707
PER,2030,,36193885
PER,2031,,36488438
PER,2032,,36774939
PER,2033,,37054381
PER,2034,,37326800
PER,2035,,37591422
PER,2036,,37848149
PER,2037,,38096899
PER,2038,,38337328
PER,2039,,38569894
PER,2040,,38794649
PER,2041,,39011536
PER,2042,,39220373
PER,2043,,39420650
PER,2044,,39612847
PER,2045,,39796725
PER,2046,,39971720
PER,2047,,40137872
PER,2048,,40294859
PER,2049,,40443275
PER,2050,,40583877
PER,2051,,40716357
PER,2052,,40840544
PER,2053,,40957001
PER,2054,,41065410
PER,2055,,41165327
PER,2056,,41256615
PER,2057,,41339323
PER,2058,,41413339
PER,2059,,41478537
PER,2060,,41535482
PER,2061,,41584192
PER,2062,,41624295
PER,2063,,41655910
PER,2064,,41678954
PER,2065,,41693587
PER,2066,,41700242
PER,2067,,41698817
PER,2068,,41689197
PER,2069,,41671174
PER,2070,,41644884
PER,2071,,41610899
PER,2072,,41569488
PER,2073,,41520618
PER,2074,,41464177
PER,2075,,41400339
PER,2076,,41329552
PER,2077,,41252094
PER,2078,,41168187
PER,2079,,41078029
PER,2080,,40981471
PER,2081,,40878798
PER,2082,,40770531
PER,2083,,40657211
PER,2084,,40538902
PER,2085,,40415424
PER,2086,,40287465
PER,2087,,40155121
PER,2088,,40018644
PER,2089,,39879067
PER,2090,,39736467
PER,2091,,39590573
PER,2092,,39441779
PER,2093,,39289682
PER,2094,,39135253
PER,2095,,38978783
PER,2096,,38819603
PER,2097,,38658267
PER,2098,,38495081
PER,2099,,38330007
PER,2100,,38163321
PHL,1950,18849532,
PHL,1951,19568083,
PHL,1952,20328753,
PHL,1953,21132502,
PHL,1954,21982504,
PHL,1955,22880568,
PHL,1956,23825808,
PHL,1957,24815856,
PHL,1958,25842525,
PHL,1959,26907612,
PHL,1960,27891900,
PHL,1961,28792620,
PHL,1962,29723535,
PHL,1963,30674733,
PHL,1964,31643038,
PHL,1965,32625328,
PHL,1966,33617171,
PHL,1967,34621326,
PHL,1968,35638338,
PHL,1969,36660795,
PHL,1970,37622203,
PHL,1971,38518656,
PHL,1972,39408560,
PHL,1973,40294126,
PHL,1974,41174338,
PHL,1975,42120830,
PHL,1976,43201486,
PHL,1977,44367965,
PHL,1978,45575286,
PHL,1979,46807104,
PHL,1980,48043744,
PHL,1981,49311730,
PHL,1982,50695715,
PHL,1983,52194624,
PHL,1984,53726187,
PHL,1985,55213007,
PHL,1986,56645083,
PHL,1987,58157496,
PHL,1988,59739056,
PHL,1989,61265259,
PHL,1990,62854668,
PHL,1991,64382249,
PHL,1992,65926130,
PHL,1993,67530621,
PHL,1994,69019297,
PHL,1995,70546245,
PHL,1996,72190237,
PHL,1997,73908813,
PHL,1998,75791031,
PHL,1999,77753256,
PHL,2000,79625401,
PHL,2001,81401488,
PHL,2002,83068889,
PHL,2003,84731836,
PHL,2004,86394510,
PHL,2005,88015959,
PHL,2006,89508992,
PHL,2007,91075180,
PHL,2008,92699091,
PHL,2009,94384256,
PHL,2010,96337127,
PHL,2011,98248614,
PHL,2012,100175511,
PHL,2013,102076334,
PHL,2014,103767127,
PHL,2015,105312988,
PHL,2016,106735721,
PHL,2017,108119691,
PHL,2018,109465284,
PHL,2019,110804685,
PHL,2020,112081270,
PHL,2021,113100947,
PHL,2022,113964343,
PHL,2023,114891199,
PHL,2024,,115843663
PHL,2025,,116786960
PHL,2026,,117724473
PHL,2027,,118656418
PHL,2028,,119583977
PHL,2029,,120502125
PHL,2030,,121408890
PHL,2031,,122301600
PHL,2032,,123180333
PHL,2033,,124049029
PHL,2034,,124904114
PHL,2035,,125740968
PHL,2036,,126558221
PHL,2037,,127352599
PHL,2038,,128118528
PHL,2039,,128850039
PHL,2040,,129546656
PHL,2041,,130209803
PHL,2042,,130836997
PHL,2043,,131427395
PHL,2044,,131979666
PHL,2045,,132492031
PHL,2046,,132961994
PHL,2047,,133385284
PHL,2048,,133759428
PHL,2049,,134089004
PHL,2050,,134373432
PHL,2051,,134612608
PHL,2052,,134805057
PHL,2053,,134952915
PHL,2054,,135064720
PHL,2055,,135139130
PHL,2056,,135174396
PHL,2057,,135179343
PHL,2058,,135160427
PHL,2059,,135111094
PHL,2060,,135032254
PHL,2061,,134929661
PHL,2062,,134803096
PHL,2063,,134655392
PHL,2064,,134488180
PHL,2065,,134297172
PHL,2066,,134087422
PHL,2067,,133857783
PHL,2068,,133604830
PHL,2069,,133330825
PHL,2070,,133031695
PHL,2071,,132708734
PHL,2072,,132359779
PHL,2073,,131983143
PHL,2074,,131578391
PHL,2075,,131147049
PHL,2076,,130689899
PHL,2077,,130199124
PHL,2078,,129679236
PHL,2079,,129138730
PHL,2080,,128572069
PHL,2081,,127980175
PHL,2082,,127366035
PHL,2083,,126729961
PHL,2084,,126072684
PHL,2085,,125392105
PHL,2086,,124693108
PHL,2087,,123981060
PHL,2088,,123258337
PHL,2089,,122526221
PHL,2090,,121785754
PHL,2091,,121036419
PHL,2092,,120281083
PHL,2093,,119523820
PHL,2094,,118766200
PHL,2095,,118006068
PHL,2096,,117242733
PHL,2097,,116482517
PHL,2098,,115726781
PHL,2099,,114972807
PHL,2100,,114221913
POL,1950,24780169,
POL,1951,25222692,
POL,1952,25672466,
POL,1953,26126457,
POL,1954,26590478,
POL,1955,27063640,
POL,1956,27535570,
POL,1957,28076495,
POL,1958,28643644,
POL,1959,29132534,
POL,1960,29575967,
POL,1961,29979692,
POL,1962,30338094,
POL,1963,30674024,
POL,1964,30993140,
POL,1965,31288338,
POL,1966,31568281,
POL,1967,31828626,
POL,1968,32078388,
POL,1969,32322778,
POL,1970,32542639,
POL,1971,32771298,
POL,1972,33041993,
POL,1973,33333275,
POL,1974,33642463,
POL,1975,33964400,
POL,1976,34296611,
POL,1977,34628513,
POL,1978,34934216,
POL,1979,35248382,
POL,1980,35576518,
POL,1981,35900913,
POL,1982,36233465,
POL,1983,36573700,
POL,1984,36905795,
POL,1985,37200850,
POL,1986,37452612,
POL,1987,37665710,
POL,1988,37817863,
POL,1989,37938086,
POL,1990,38055448,
POL,1991,38152947,
POL,1992,38233636,
POL,1993,38294882,
POL,1994,38344312,
POL,1995,38364668,
POL,1996,38359164,
POL,1997,38348307,
POL,1998,38326431,
POL,1999,38287717,
POL,2000,38258077,
POL,2001,38247359,
POL,2002,38229407,
POL,2003,38203527,
POL,2004,38167568,
POL,2005,38124377,
POL,2006,38071169,
POL,2007,38020420,
POL,2008,37995902,
POL,2009,38002153,
POL,2010,38095356,
POL,2011,38208644,
POL,2012,38247867,
POL,2013,38259267,
POL,2014,38265113,
POL,2015,38266314,
POL,2016,38263260,
POL,2017,38254964,
POL,2018,38241070,
POL,2019,38225884,
POL,2020,38171005,
POL,2021,38040303,
POL,2022,38385734,
POL,2023,38762847,
POL,2024,,38539209
POL,2025,,38140913
POL,2026,,37843196
POL,2027,,37695020
POL,2028,,37538255
POL,2029,,37372272
POL,2030,,37198534
POL,2031,,37018008
POL,2032,,36831177
POL,2033,,36639814
POL,2034,,36443901
POL,2035,,36243782
POL,2036,,36038943
POL,2037,,35829762
POL,2038,,35617020
POL,2039,,35400129
POL,2040,,35179552
POL,2041,,34956338
POL,2042,,34729705
POL,2043,,34499247
POL,2044,,34266474
POL,2045,,34031058
POL,2046,,33792869
POL,2047,,33552186
POL,2048,,33309098
POL,2049,,33063240
POL,2050,,32814092
POL,2051,,32561488
POL,2052,,32306329
POL,2053,,32048060
POL,2054,,31785802
POL,2055,,31520110
POL,2056,,31250569
POL,2057,,30977838
POL,2058,,30702323
POL,2059,,30422632
POL,2060,,30139160
POL,2061,,29852067
POL,2062,,29560841
POL,2063,,29265314
POL,2064,,28965165
POL,2065,,28661470
POL,2066,,28354487
POL,2067,,28044403
POL,2068,,27732013
POL,2069,,27418160
POL,2070,,27103549
POL,2071,,26788402
POL,2072,,26472933
POL,2073,,26157699
POL,2074,,25844142
POL,2075,,25533663
POL,2076,,25226483
POL,2077,,24922262
POL,2078,,24622709
POL,2079,,24328047
POL,2080,,24037698
POL,2081,,23752654
POL,2082,,23472817
POL,2083,,23198846
POL,2084,,22931408
POL,2085,,22670477
POL,2086,,22415541
POL,2087,,22166293
POL,2088,,21922660
POL,2089,,21684891
POL,2090,,21452551
POL,2091,,21225020
POL,2092,,21002067
POL,2093,,20783175
POL,2094,,20567789
POL,2095,,20355969
POL,2096,,20146817
POL,2097,,19939810
POL,2098,,19734946
POL,2099,,19531654
POL,2100,,19329843
PRT,1950,8418877,
PRT,1951,8474201,
PRT,1952,8523424,
PRT,1953,8572744,
PRT,1954,8616967,
PRT,1955,8662889,
PRT,1956,8704061,
PRT,1957,8743286,
PRT,1958,8792775,
PRT,1959,8840372,
PRT,1960,8873223,
PRT,1961,8888380,
PRT,1962,8895775,
PRT,1963,8898304,
PRT,1964,8895764,
PRT,1965,8889623,
PRT,1966,8872477,
PRT,1967,8845842,
PRT,1968,8809709,
PRT,1969,8754238,
PRT,1970,8669523,
PRT,1971,8685587,
PRT,1972,8815590,
PRT,1973,8939234,
PRT,1974,9059175,
PRT,1975,9182303,
PRT,1976,9310263,
PRT,1977,9438170,
PRT,1978,9556397,
PRT,1979,9663303,
PRT,1980,9763622,
PRT,1981,9837588,
PRT,1982,9885845,
PRT,1983,9925257,
PRT,1984,9956893,
PRT,1985,9979475,
PRT,1986,9993097,
PRT,1987,10001990,
PRT,1988,10004588,
PRT,1989,10001380,
PRT,1990,9989526,
PRT,1991,9969181,
PRT,1992,9960345,
PRT,1993,9972341,
PRT,1994,9998487,
PRT,1995,10031756,
PRT,1996,10067655,
PRT,1997,10110548,
PRT,1998,10159524,
PRT,1999,10214877,
PRT,2000,10283196,
PRT,2001,10354329,
PRT,2002,10413045,
PRT,2003,10454246,
PRT,2004,10481386,
PRT,2005,10502993,
PRT,2006,10524123,
PRT,2007,10546822,
PRT,2008,10564086,
PRT,2009,10576265,
PRT,2010,10578659,
PRT,2011,10557050,
PRT,2012,10513155,
PRT,2013,10458287,
PRT,2014,10406203,
PRT,2015,10370264,
PRT,2016,10346377,
PRT,2017,10330838,
PRT,2018,10325355,
PRT,2019,10343218,
PRT,2020,10370519,
PRT,2021,10390957,
PRT,2022,10417074,
PRT,2023,10430735,
PRT,2024,,10425291
PRT,2025,,10411831
PRT,2026,,10395366
PRT,2027,,10377983
PRT,2028,,10358298
PRT,2029,,10337467
PRT,2030,,10317937
PRT,2031,,10298434
PRT,2032,,10277041
PRT,2033,,10254659
PRT,2034,,10231670
PRT,2035,,10208251
PRT,2036,,10184664
PRT,2037,,10160795
PRT,2038,,10136264
PRT,2039,,10109981
PRT,2040,,10082263
PRT,2041,,10055047
PRT,2042,,10028284
PRT,2043,,9999537
PRT,2044,,9969285
PRT,2045,,9938394
PRT,2046,,9906343
PRT,2047,,9873441
PRT,2048,,9840573
PRT,2049,,9806132
PRT,2050,,9770270
PRT,2051,,9734813
PRT,2052,,9698452
PRT,2053,,9660596
PRT,2054,,9622786
PRT,2055,,9584722
PRT,2056,,9546696
PRT,2057,,9509704
PRT,2058,,9471603
PRT,2059,,9433240
PRT,2060,,9395886
PRT,2061,,9359407
PRT,2062,,9323453
PRT,2063,,9287293
PRT,2064,,9251227
PRT,2065,,9216443
PRT,2066,,9183536
PRT,2067,,9151651
PRT,2068,,9119962
PRT,2069,,9089208
PRT,2070,,9060611
PRT,2071,,9033664
PRT,2072,,9009124
PRT,2073,,8985901
PRT,2074,,8962894
PRT,2075,,8942129
PRT,2076,,8923470
PRT,2077,,8907086
PRT,2078,,8892950
PRT,2079,,8879961
PRT,2080,,8868427
PRT,2081,,8857976
PRT,2082,,8848869
PRT,2083,,8841731
PRT,2084,,8835317
PRT,2085,,8829356
PRT,2086,,8824409
PRT,2087,,8819024
PRT,2088,,8813658
PRT,2089,,8809079
PRT,2090,,8804660
PRT,2091,,8800537
PRT,2092,,8795984
PRT,2093,,8791062
PRT,2094,,8786370
PRT,2095,,8780288
PRT,2096,,8773535
PRT,2097,,8767894
PRT,2098,,8763265
PRT,2099,,8758705
PRT,2100,,8753989
PRI,1950,2229095,
PRI,1951,2247532,
PRI,1952,2263657,
PRI,1953,2277883,
PRI,1954,2291114,
PRI,1955,2303490,
PRI,1956,2314891,
PRI,1957,2324736,
PRI,1958,2333212,
PRI,1959,2342073,
PRI,1960,2363917,
PRI,1961,2401174,
PRI,1962,2441245,
PRI,1963,2480574,
PRI,1964,2519045,
PRI,1965,2556647,
PRI,1966,2593846,
PRI,1967,2630516,
PRI,1968,2665791,
PRI,1969,2698429,
PRI,1970,2734424,
PRI,1971,2777971,
PRI,1972,2824367,
PRI,1973,2871132,
PRI,1974,2918199,
PRI,1975,2966108,
PRI,1976,3014962,
PRI,1977,3064450,
PRI,1978,3114154,
PRI,1979,3165034,
PRI,1980,3213679,
PRI,1981,3256568,
PRI,1982,3295926,
PRI,1983,3332652,
PRI,1984,3367197,
PRI,1985,3399311,
PRI,1986,3428773,
PRI,1987,3457138,
PRI,1988,3485070,
PRI,1989,3512010,
PRI,1990,3541046,
PRI,1991,3573669,
PRI,1992,3606393,
PRI,1993,3637207,
PRI,1994,3666079,
PRI,1995,3693594,
PRI,1996,3719955,
PRI,1997,3745583,
PRI,1998,3770561,
PRI,1999,3794479,
PRI,2000,3809868,
PRI,2001,3813009,
PRI,2002,3810715,
PRI,2003,3806043,
PRI,2004,3798659,
PRI,2005,3788412,
PRI,2006,3776220,
PRI,2007,3763089,
PRI,2008,3749130,
PRI,2009,3735014,
PRI,2010,3714834,
PRI,2011,3683711,
PRI,2012,3646423,
PRI,2013,3606773,
PRI,2014,3565367,
PRI,2015,3521811,
PRI,2016,3476008,
PRI,2017,3371878,
PRI,2018,3290068,
PRI,2019,3288027,
PRI,2020,3275800,
PRI,2021,3253210,
PRI,2022,3240972,
PRI,2023,3242022,
PRI,2024,,3242212
PRI,2025,,3235290
PRI,2026,,3222687
PRI,2027,,3206102
PRI,2028,,3186515
PRI,2029,,3164802
PRI,2030,,3140736
PRI,2031,,3115199
PRI,2032,,3089389
PRI,2033,,3062558
PRI,2034,,3034643
PRI,2035,,3006448
PRI,2036,,2978269
PRI,2037,,2948932
PRI,2038,,2917957
PRI,2039,,2886183
PRI,2040,,2853786
PRI,2041,,2820817
PRI,2042,,2787585
PRI,2043,,2753963
PRI,2044,,2719773
PRI,2045,,2684936
PRI,2046,,2649243
PRI,2047,,2613237
PRI,2048,,2577331
PRI,2049,,2540702
PRI,2050,,2503988
PRI,2051,,2467477
PRI,2052,,2430910
PRI,2053,,2394868
PRI,2054,,2358956
PRI,2055,,2323125
PRI,2056,,2287279
PRI,2057,,2251184
PRI,2058,,2214928
PRI,2059,,2179045
PRI,2060,,2143633
PRI,2061,,2108536
PRI,2062,,2073859
PRI,2063,,2039930
PRI,2064,,2006480
PRI,2065,,1972999
PRI,2066,,1939883
PRI,2067,,1906997
PRI,2068,,1874819
PRI,2069,,1843334
PRI,2070,,1812186
PRI,2071,,1781623
PRI,2072,,1751386
PRI,2073,,1721353
PRI,2074,,1691439
PRI,2075,,1661747
PRI,2076,,1632426
PRI,2077,,1603416
PRI,2078,,1574781
PRI,2079,,1546221
PRI,2080,,1517754
PRI,2081,,1489645
PRI,2082,,1461711
PRI,2083,,1433986
PRI,2084,,1406501
PRI,2085,,1379104
PRI,2086,,1351817
PRI,2087,,1324702
PRI,2088,,1297737
PRI,2089,,1270853
PRI,2090,,1244169
PRI,2091,,1217773
PRI,2092,,1191620
PRI,2093,,1165733
PRI,2094,,1140142
PRI,2095,,1114893
PRI,2096,,1090061
PRI,2097,,1065682
PRI,2098,,1041790
PRI,2099,,1018416
PRI,2100,,995622
QAT,1950,24304,
QAT,1951,25091,
QAT,1952,25911,
QAT,1953,26763,
QAT,1954,27641,
QAT,1955,28558,
QAT,1956,29549,
QAT,1957,30656,
QAT,1958,31991,
QAT,1959,33678,
QAT,1960,36025,
QAT,1961,39701,
QAT,1962,44651,
QAT,1963,50396,
QAT,1964,56882,
QAT,1965,64082,
QAT,1966,72207,
QAT,1967,81455,
QAT,1968,91762,
QAT,1969,103042,
QAT,1970,116370,
QAT,1971,131356,
QAT,1972,146518,
QAT,1973,161854,
QAT,1974,177372,
QAT,1975,193103,
QAT,1976,209067,
QAT,1977,225298,
QAT,1978,241820,
QAT,1979,258678,
QAT,1980,275923,
QAT,1981,293561,
QAT,1982,311544,
QAT,1983,329720,
QAT,1984,347894,
QAT,1985,365950,
QAT,1986,382426,
QAT,1987,397012,
QAT,1988,411273,
QAT,1989,425658,
QAT,1990,440184,
QAT,1991,454860,
QAT,1992,469657,
QAT,1993,484553,
QAT,1994,499469,
QAT,1995,514334,
QAT,1996,529024,
QAT,1997,550511,
QAT,1998,580543,
QAT,1999,612510,
QAT,2000,644993,
QAT,2001,677934,
QAT,2002,711215,
QAT,2003,744690,
QAT,2004,773341,
QAT,2005,825419,
QAT,2006,972841,
QAT,2007,1208601,
QAT,2008,1426942,
QAT,2009,1586052,
QAT,2010,1709238,
QAT,2011,1810960,
QAT,2012,1907122,
QAT,2013,2032650,
QAT,2014,2218378,
QAT,2015,2427340,
QAT,2016,2599382,
QAT,2017,2706716,
QAT,2018,2761144,
QAT,2019,2797927,
QAT,2020,2803375,
QAT,2021,2814988,
QAT,2022,2892466,
QAT,2023,2979086,
QAT,2024,,3048429
QAT,2025,,3115891
QAT,2026,,3173568
QAT,2027,,3220920
QAT,2028,,3261634
QAT,2029,,3299084
QAT,2030,,3333615
QAT,2031,,3367301
QAT,2032,,3401899
QAT,2033,,3437432
QAT,2034,,3473903
QAT,2035,,3511260
QAT,2036,,3549526
QAT,2037,,3588724
QAT,2038,,3628804
QAT,2039,,3669751
QAT,2040,,3711508
QAT,2041,,3754029
QAT,2042,,3797271
QAT,2043,,3841198
QAT,2044,,3885746
QAT,2045,,3930898
QAT,2046,,3976604
QAT,2047,,4022821
QAT,2048,,4069565
QAT,2049,,4116777
QAT,2050,,4164465
QAT,2051,,4212663
QAT,2052,,4261370
QAT,2053,,4310754
QAT,2054,,4360696
QAT,2055,,4411243
QAT,2056,,4462307
QAT,2057,,4513901
QAT,2058,,4566104
QAT,2059,,4618870
QAT,2060,,4672268
QAT,2061,,4726276
QAT,2062,,4780940
QAT,2063,,4836551
QAT,2064,,4893054
QAT,2065,,4950020
QAT,2066,,5007472
QAT,2067,,5065459
QAT,2068,,5124016
QAT,2069,,5183146
QAT,2070,,5242882
QAT,2071,,5303191
QAT,2072,,5364064
QAT,2073,,5425544
QAT,2074,,5487670
QAT,2075,,5550355
QAT,2076,,5613516
QAT,2077,,5677171
QAT,2078,,5741418
QAT,2079,,5806165
QAT,2080,,5871297
QAT,2081,,5937051
QAT,2082,,6003587
QAT,2083,,6070522
QAT,2084,,6137825
QAT,2085,,6205694
QAT,2086,,6274132
QAT,2087,,6343057
QAT,2088,,6412510
QAT,2089,,6482463
QAT,2090,,6552810
QAT,2091,,6623566
QAT,2092,,6694654
QAT,2093,,6766033
QAT,2094,,6837773
QAT,2095,,6909829
QAT,2096,,6982158
QAT,2097,,7054616
QAT,2098,,7127133
QAT,2099,,7199667
QAT,2100,,7272258
REU,1950,249229,
REU,1951,258521,
REU,1952,268198,
REU,1953,278314,
REU,1954,289143,
REU,1955,300437,
REU,1956,311595,
REU,1957,323239,
REU,1958,335074,
REU,1959,347059,
REU,1960,359563,
REU,1961,372086,
REU,1962,383859,
REU,1963,395336,
REU,1964,407177,
REU,1965,418718,
REU,1966,429738,
REU,1967,440319,
REU,1968,450391,
REU,1969,460070,
REU,1970,469093,
REU,1971,477605,
REU,1972,486041,
REU,1973,494467,
REU,1974,502831,
REU,1975,511312,
REU,1976,519939,
REU,1977,528572,
REU,1978,537090,
REU,1979,545377,
REU,1980,553140,
REU,1981,560990,
REU,1982,569641,
REU,1983,579248,
REU,1984,589691,
REU,1985,600421,
REU,1986,610887,
REU,1987,621110,
REU,1988,631264,
REU,1989,641494,
REU,1990,652573,
REU,1991,664459,
REU,1992,676431,
REU,1993,688101,
REU,1994,699373,
REU,1995,710463,
REU,1996,721455,
REU,1997,732714,
REU,1998,744075,
REU,1999,754119,
REU,2000,763148,
REU,2001,772242,
REU,2002,781307,
REU,2003,790570,
REU,2004,797012,
REU,2005,800227,
REU,2006,806686,
REU,2007,818729,
REU,2008,830496,
REU,2009,838473,
REU,2010,844480,
REU,2011,846790,
REU,2012,845062,
REU,2013,847600,
REU,2014,858677,
REU,2015,865016,
REU,2016,862861,
REU,2017,858761,
REU,2018,856946,
REU,2019,857327,
REU,2020,861452,
REU,2021,868085,
REU,2022,871543,
REU,2023,874883,
REU,2024,,878595
REU,2025,,882411
REU,2026,,886294
REU,2027,,890212
REU,2028,,893956
REU,2029,,897518
REU,2030,,900873
REU,2031,,904263
REU,2032,,907647
REU,2033,,910821
REU,2034,,913797
REU,2035,,916705
REU,2036,,919624
REU,2037,,922373
REU,2038,,924933
REU,2039,,927296
REU,2040,,929479
REU,2041,,931612
REU,2042,,933669
REU,2043,,935665
REU,2044,,937463
REU,2045,,938891
REU,2046,,939906
REU,2047,,940778
REU,2048,,941356
REU,2049,,941556
REU,2050,,941421
REU,2051,,940883
REU,2052,,940172
REU,2053,,939235
REU,2054,,938065
REU,2055,,936701
REU,2056,,935207
REU,2057,,933492
REU,2058,,931584
REU,2059,,929727
REU,2060,,927742
REU,2061,,925729
REU,2062,,923790
REU,2063,,921831
REU,2064,,919895
REU,2065,,917947
REU,2066,,915981
REU,2067,,914048
REU,2068,,912194
REU,2069,,910535
REU,2070,,908900
REU,2071,,907233
REU,2072,,905735
REU,2073,,904326
REU,2074,,902943
REU,2075,,901679
REU,2076,,900403
REU,2077,,899149
REU,2078,,897903
REU,2079,,896502
REU,2080,,895010
REU,2081,,893526
REU,2082,,892040
REU,2083,,890604
REU,2084,,889067
REU,2085,,887425
REU,2086,,885695
REU,2087,,883879
REU,2088,,882049
REU,2089,,880066
REU,2090,,878018
REU,2091,,875942
REU,2092,,873758
REU,2093,,871379
REU,2094,,868890
REU,2095,,866345
REU,2096,,863774
REU,2097,,861103
REU,2098,,858241
REU,2099,,855279
REU,2100,,852215
ROU,1950,16397275,
ROU,1951,16625608,
ROU,1952,16846051,
ROU,1953,17057702,
ROU,1954,17266659,
ROU,1955,17475271,
ROU,1956,17691497,
ROU,1957,17887291,
ROU,1958,18046126,
ROU,1959,18187698,
ROU,1960,18313498,
ROU,1961,18422521,
ROU,1962,18511674,
ROU,1963,18587433,
ROU,1964,18655407,
ROU,1965,18713060,
ROU,1966,18776261,
ROU,1967,18998561,
ROU,1968,19361050,
ROU,1969,19701809,
ROU,1970,20011626,
ROU,1971,20293487,
ROU,1972,20555577,
ROU,1973,20798323,
ROU,1974,21033562,
ROU,1975,21268070,
ROU,1976,21497684,
ROU,1977,21700176,
ROU,1978,21868064,
ROU,1979,22019627,
ROU,1980,22154776,
ROU,1981,22272788,
ROU,1982,22374447,
ROU,1983,22459213,
ROU,1984,22534002,
ROU,1985,22605815,
ROU,1986,22674739,
ROU,1987,22745589,
ROU,1988,22815435,
ROU,1989,22887645,
ROU,1990,22939530,
ROU,1991,22947416,
ROU,1992,22912389,
ROU,1993,22842257,
ROU,1994,22756247,
ROU,1995,22657722,
ROU,1996,22541915,
ROU,1997,22411511,
ROU,1998,22284901,
ROU,1999,22166156,
ROU,2000,22046264,
ROU,2001,21919916,
ROU,2002,21770020,
ROU,2003,21593448,
ROU,2004,21403215,
ROU,2005,21213395,
ROU,2006,21035732,
ROU,2007,20870714,
ROU,2008,20718745,
ROU,2009,20576922,
ROU,2010,20432575,
ROU,2011,20282009,
ROU,2012,20158451,
ROU,2013,20062913,
ROU,2014,19968179,
ROU,2015,19871018,
ROU,2016,19777049,
ROU,2017,19689405,
ROU,2018,19597874,
ROU,2019,19501542,
ROU,2020,19392467,
ROU,2021,19248159,
ROU,2022,19166776,
ROU,2023,19118482,
ROU,2024,,19015096
ROU,2025,,18908655
ROU,2026,,18800600
ROU,2027,,18691561
ROU,2028,,18581886
ROU,2029,,18471043
ROU,2030,,18359505
ROU,2031,,18247765
ROU,2032,,18135671
ROU,2033,,18022868
ROU,2034,,17909240
ROU,2035,,17794421
ROU,2036,,17678049
ROU,2037,,17561288
ROU,2038,,17443922
ROU,2039,,17326563
ROU,2040,,17209716
ROU,2041,,17091778
ROU,2042,,16973748
ROU,2043,,16856341
ROU,2044,,16738280
ROU,2045,,16620322
ROU,2046,,16502989
ROU,2047,,16384826
ROU,2048,,16265698
ROU,2049,,16146364
ROU,2050,,16027269
ROU,2051,,15907819
ROU,2052,,15786540
ROU,2053,,15664526
ROU,2054,,15541852
ROU,2055,,15416586
ROU,2056,,15288921
ROU,2057,,15160136
ROU,2058,,15030496
ROU,2059,,14899678
ROU,2060,,14768092
ROU,2061,,14635765
ROU,2062,,14502741
ROU,2063,,14370761
ROU,2064,,14240320
ROU,2065,,14110670
ROU,2066,,13983437
ROU,2067,,13859614
ROU,2068,,13738889
ROU,2069,,13620622
ROU,2070,,13504420
ROU,2071,,13390701
ROU,2072,,13279472
ROU,2073,,13171542
ROU,2074,,13066170
ROU,2075,,12962628
ROU,2076,,12861111
ROU,2077,,12761157
ROU,2078,,12662735
ROU,2079,,12565882
ROU,2080,,12470342
ROU,2081,,12376342
ROU,2082,,12284927
ROU,2083,,12195336
ROU,2084,,12106785
ROU,2085,,12019750
ROU,2086,,11933498
ROU,2087,,11848516
ROU,2088,,11764999
ROU,2089,,11681723
ROU,2090,,11598355
ROU,2091,,11515527
ROU,2092,,11433198
ROU,2093,,11350368
ROU,2094,,11267853
ROU,2095,,11185522
ROU,2096,,11102767
ROU,2097,,11019840
ROU,2098,,10936466
ROU,2099,,10852569
ROU,2100,,10768185
RUS,1950,103392364,
RUS,1951,104844658,
RUS,1952,106326385,
RUS,1953,107851682,
RUS,1954,109463245,
RUS,1955,111160996,
RUS,1956,112909102,
RUS,1957,114730333,
RUS,1958,116588767,
RUS,1959,118293890,
RUS,1960,119934143,
RUS,1961,121604308,
RUS,1962,123111721,
RUS,1963,124449754,
RUS,1964,125630156,
RUS,1965,126634210,
RUS,1966,127533630,
RUS,1967,128342646,
RUS,1968,129065046,
RUS,1969,129762191,
RUS,1970,130367188,
RUS,1971,130987110,
RUS,1972,131726417,
RUS,1973,132475155,
RUS,1974,133259155,
RUS,1975,134136098,
RUS,1976,135080691,
RUS,1977,136040974,
RUS,1978,136979085,
RUS,1979,137816542,
RUS,1980,138572628,
RUS,1981,139351496,
RUS,1982,140247745,
RUS,1983,141331277,
RUS,1984,142464238,
RUS,1985,143569386,
RUS,1986,144807816,
RUS,1987,146147383,
RUS,1988,147364493,
RUS,1989,148281862,
RUS,1990,148979537,
RUS,1991,149448433,
RUS,1992,148915993,
RUS,1993,148135419,
RUS,1994,148200734,
RUS,1995,148291406,
RUS,1996,148084580,
RUS,1997,147853769,
RUS,1998,147635543,
RUS,1999,147241973,
RUS,2000,146717784,
RUS,2001,146117290,
RUS,2002,145939502,
RUS,2003,145794230,
RUS,2004,145180091,
RUS,2005,144597886,
RUS,2006,144102948,
RUS,2007,143859767,
RUS,2008,143811837,
RUS,2009,143869128,
RUS,2010,143934468,
RUS,2011,144043751,
RUS,2012,144291025,
RUS,2013,144604105,
RUS,2014,144925639,
RUS,2015,145307612,
RUS,2016,145778668,
RUS,2017,146186798,
RUS,2018,146430146,
RUS,2019,146533063,
RUS,2020,146371295,
RUS,2021,145836172,
RUS,2022,145579889,
RUS,2023,145440502,
RUS,2024,,144820421
RUS,2025,,143997393
RUS,2026,,143394457
RUS,2027,,143044122
RUS,2028,,142669792
RUS,2029,,142285058
RUS,2030,,141889417
RUS,2031,,141475451
RUS,2032,,141060374
RUS,2033,,140664600
RUS,2034,,140280786
RUS,2035,,139909638
RUS,2036,,139551519
RUS,2037,,139204860
RUS,2038,,138876800
RUS,2039,,138567317
RUS,2040,,138281831
RUS,2041,,138021762
RUS,2042,,137782740
RUS,2043,,137557901
RUS,2044,,137345007
RUS,2045,,137152207
RUS,2046,,136973710
RUS,2047,,136789406
RUS,2048,,136585975
RUS,2049,,136368396
RUS,2050,,136132783
RUS,2051,,135876185
RUS,2052,,135608473
RUS,2053,,135312490
RUS,2054,,134987346
RUS,2055,,134648657
RUS,2056,,134301414
RUS,2057,,133958318
RUS,2058,,133603998
RUS,2059,,133239609
RUS,2060,,132893468
RUS,2061,,132551962
RUS,2062,,132208989
RUS,2063,,131867772
RUS,2064,,131523759
RUS,2065,,131187340
RUS,2066,,130864355
RUS,2067,,130565042
RUS,2068,,130281127
RUS,2069,,129994696
RUS,2070,,129710825
RUS,2071,,129431946
RUS,2072,,129176941
RUS,2073,,128954130
RUS,2074,,128745954
RUS,2075,,128554063
RUS,2076,,128384945
RUS,2077,,128229061
RUS,2078,,128079197
RUS,2079,,127947642
RUS,2080,,127837922
RUS,2081,,127746797
RUS,2082,,127662474
RUS,2083,,127582565
RUS,2084,,127507138
RUS,2085,,127431074
RUS,2086,,127358332
RUS,2087,,127299702
RUS,2088,,127250084
RUS,2089,,127198379
RUS,2090,,127144101
RUS,2091,,127091681
RUS,2092,,127029412
RUS,2093,,126963716
RUS,2094,,126909277
RUS,2095,,126848482
RUS,2096,,126768769
RUS,2097,,126683864
RUS,2098,,126593694
RUS,2099,,126491027
RUS,2100,,126386520
RWA,1950,2157101,
RWA,1951,2236039,
RWA,1952,2316516,
RWA,1953,2398364,
RWA,1954,2482131,
RWA,1955,2568303,
RWA,1956,2656814,
RWA,1957,2747877,
RWA,1958,2840135,
RWA,1959,2932401,
RWA,1960,3022300,
RWA,1961,3106786,
RWA,1962,3186019,
RWA,1963,3258901,
RWA,1964,3334835,
RWA,1965,3423216,
RWA,1966,3521626,
RWA,1967,3629585,
RWA,1968,3744013,
RWA,1969,3861274,
RWA,1970,3980673,
RWA,1971,4100049,
RWA,1972,4220335,
RWA,1973,4345045,
RWA,1974,4474235,
RWA,1975,4607728,
RWA,1976,4745962,
RWA,1977,4888248,
RWA,1978,5035172,
RWA,1979,5189550,
RWA,1980,5353263,
RWA,1981,5527236,
RWA,1982,5711555,
RWA,1983,5905311,
RWA,1984,6107628,
RWA,1985,6317230,
RWA,1986,6531887,
RWA,1987,6749494,
RWA,1988,6968075,
RWA,1989,7184709,
RWA,1990,7375313,
RWA,1991,7526964,
RWA,1992,7683266,
RWA,1993,7981142,
RWA,1994,6792358,
RWA,1995,5674118,
RWA,1996,6708767,
RWA,1997,7755237,
RWA,1998,8081688,
RWA,1999,8147917,
RWA,2000,8213936,
RWA,2001,8287091,
RWA,2002,8400185,
RWA,2003,8586878,
RWA,2004,8816849,
RWA,2005,9054532,
RWA,2006,9299251,
RWA,2007,9549940,
RWA,2008,9804268,
RWA,2009,10060438,
RWA,2010,10317560,
RWA,2011,10573742,
RWA,2012,10829904,
RWA,2013,11093340,
RWA,2014,11364758,
RWA,2015,11640026,
RWA,2016,11919183,
RWA,2017,12202062,
RWA,2018,12488000,
RWA,2019,12776102,
RWA,2020,13065838,
RWA,2021,13355260,
RWA,2022,13651025,
RWA,2023,13954473,
RWA,2024,,14256573
RWA,2025,,14569349
RWA,2026,,14889701
RWA,2027,,15214331
RWA,2028,,15536468
RWA,2029,,15844656
RWA,2030,,16154704
RWA,2031,,16473112
RWA,2032,,16771828
RWA,2033,,17073482
RWA,2034,,17402258
RWA,2035,,17746323
RWA,2036,,18076776
RWA,2037,,18395846
RWA,2038,,18729786
RWA,2039,,19076791
RWA,2040,,19440770
RWA,2041,,19806178
RWA,2042,,20153988
RWA,2043,,20500834
RWA,2044,,20837088
RWA,2045,,21152659
RWA,2046,,21459154
RWA,2047,,21764588
RWA,2048,,22086120
RWA,2049,,22403897
RWA,2050,,22707905
RWA,2051,,23007763
RWA,2052,,23300260
RWA,2053,,23582541
RWA,2054,,23867628
RWA,2055,,24159452
RWA,2056,,24442071
RWA,2057,,24708950
RWA,2058,,25005559
RWA,2059,,25305700
RWA,2060,,25576761
RWA,2061,,25865309
RWA,2062,,26141278
RWA,2063,,26401104
RWA,2064,,26669004
RWA,2065,,26933364
RWA,2066,,27184220
RWA,2067,,27431212
RWA,2068,,27684410
RWA,2069,,27912789
RWA,2070,,28138802
RWA,2071,,28368469
RWA,2072,,28589818
RWA,2073,,28809910
RWA,2074,,29015581
RWA,2075,,29214157
RWA,2076,,29400708
RWA,2077,,29584172
RWA,2078,,29770221
RWA,2079,,29952990
RWA,2080,,30141577
RWA,2081,,30322785
RWA,2082,,30500835
RWA,2083,,30678625
RWA,2084,,30835597
RWA,2085,,30977285
RWA,2086,,31124880
RWA,2087,,31296839
RWA,2088,,31464669
RWA,2089,,31633741
RWA,2090,,31781410
RWA,2091,,31883054
RWA,2092,,31994600
RWA,2093,,32121009
RWA,2094,,32229107
RWA,2095,,32336909
RWA,2096,,32444594
RWA,2097,,32523674
RWA,2098,,32600424
RWA,2099,,32692042
RWA,2100,,32779350
BLM,1950,2024,
BLM,1951,2075,
BLM,1952,2096,
BLM,1953,2116,
BLM,1954,2141,
BLM,1955,2148,
BLM,1956,2143,
BLM,1957,2145,
BLM,1958,2162,
BLM,1959,2186,
BLM,1960,2212,
BLM,1961,2232,
BLM,1962,2255,
BLM,1963,2287,
BLM,1964,2324,
BLM,1965,2352,
BLM,1966,2387,
BLM,1967,2409,
BLM,1968,2414,
BLM,1969,2420,
BLM,1970,2428,
BLM,1971,2448,
BLM,1972,2471,
BLM,1973,2495,
BLM,1974,2528,
BLM,1975,2588,
BLM,1976,2653,
BLM,1977,2735,
BLM,1978,2834,
BLM,1979,2920,
BLM,1980,2991,
BLM,1981,3039,
BLM,1982,3207,
BLM,1983,3505,
BLM,1984,3793,
BLM,1985,4072,
BLM,1986,4344,
BLM,1987,4603,
BLM,1988,4843,
BLM,1989,5064,
BLM,1990,5269,
BLM,1991,5462,
BLM,1992,5648,
BLM,1993,5837,
BLM,1994,6023,
BLM,1995,6201,
BLM,1996,6383,
BLM,1997,6563,
BLM,1998,6740,
BLM,1999,6917,
BLM,2000,7103,
BLM,2001,7297,
BLM,2002,7489,
BLM,2003,7684,
BLM,2004,7869,
BLM,2005,8054,
BLM,2006,8245,
BLM,2007,8433,
BLM,2008,8627,
BLM,2009,8821,
BLM,2010,8989,
BLM,2011,9112,
BLM,2012,9227,
BLM,2013,9343,
BLM,2014,9471,
BLM,2015,9617,
BLM,2016,9776,
BLM,2017,9954,
BLM,2018,10135,
BLM,2019,10325,
BLM,2020,10566,
BLM,2021,10790,
BLM,2022,10948,
BLM,2023,11112,
BLM,2024,,11282
BLM,2025,,11442
BLM,2026,,11572
BLM,2027,,11692
BLM,2028,,11819
BLM,2029,,11938
BLM,2030,,12035
BLM,2031,,12125
BLM,2032,,12213
BLM,2033,,12285
BLM,2034,,12341
BLM,2035,,12404
BLM,2036,,12465
BLM,2037,,12516
BLM,2038,,12573
BLM,2039,,12623
BLM,2040,,12660
BLM,2041,,12700
BLM,2042,,12732
BLM,2043,,12758
BLM,2044,,12790
BLM,2045,,12821
BLM,2046,,12836
BLM,2047,,12834
BLM,2048,,12833
BLM,2049,,12827
BLM,2050,,12810
BLM,2051,,12787
BLM,2052,,12761
BLM,2053,,12734
BLM,2054,,12707
BLM,2055,,12667
BLM,2056,,12619
BLM,2057,,12564
BLM,2058,,12504
BLM,2059,,12445
BLM,2060,,12395
BLM,2061,,12334
BLM,2062,,12278
BLM,2063,,12228
BLM,2064,,12174
BLM,2065,,12112
BLM,2066,,12054
BLM,2067,,11999
BLM,2068,,11943
BLM,2069,,11886
BLM,2070,,11823
BLM,2071,,11760
BLM,2072,,11698
BLM,2073,,11643
BLM,2074,,11582
BLM,2075,,11524
BLM,2076,,11452
BLM,2077,,11376
BLM,2078,,11310
BLM,2079,,11240
BLM,2080,,11168
BLM,2081,,11101
BLM,2082,,11022
BLM,2083,,10947
BLM,2084,,10862
BLM,2085,,10781
BLM,2086,,10699
BLM,2087,,10609
BLM,2088,,10514
BLM,2089,,10419
BLM,2090,,10325
BLM,2091,,10228
BLM,2092,,10132
BLM,2093,,10023
BLM,2094,,9917
BLM,2095,,9813
BLM,2096,,9706
BLM,2097,,9601
BLM,2098,,9486
BLM,2099,,9374
BLM,2100,,9252
SHN,1950,5249,
SHN,1951,5297,
SHN,1952,5324,
SHN,1953,5342,
SHN,1954,5344,
SHN,1955,5329,
SHN,1956,5320,
SHN,1957,5329,
SHN,1958,5350,
SHN,1959,5361,
SHN,1960,5388,
SHN,1961,5407,
SHN,1962,5438,
SHN,1963,5460,
SHN,1964,5486,
SHN,1965,5494,
SHN,1966,5524,
SHN,1967,5570,
SHN,1968,5647,
SHN,1969,5715,
SHN,1970,5797,
SHN,1971,5880,
SHN,1972,5953,
SHN,1973,6026,
SHN,1974,6091,
SHN,1975,6155,
SHN,1976,6194,
SHN,1977,6245,
SHN,1978,6310,
SHN,1979,6362,
SHN,1980,6413,
SHN,1981,6466,
SHN,1982,6535,
SHN,1983,6601,
SHN,1984,6647,
SHN,1985,6678,
SHN,1986,6706,
SHN,1987,6723,
SHN,1988,6710,
SHN,1989,6677,
SHN,1990,6639,
SHN,1991,6601,
SHN,1992,6545,
SHN,1993,6495,
SHN,1994,6433,
SHN,1995,6373,
SHN,1996,6309,
SHN,1997,6249,
SHN,1998,6184,
SHN,1999,6113,
SHN,2000,6045,
SHN,2001,5963,
SHN,2002,5879,
SHN,2003,5775,
SHN,2004,5678,
SHN,2005,5570,
SHN,2006,5457,
SHN,2007,5346,
SHN,2008,5295,
SHN,2009,5320,
SHN,2010,5352,
SHN,2011,5385,
SHN,2012,5428,
SHN,2013,5462,
SHN,2014,5493,
SHN,2015,5529,
SHN,2016,5544,
SHN,2017,5528,
SHN,2018,5507,
SHN,2019,5485,
SHN,2020,5451,
SHN,2021,5415,
SHN,2022,5369,
SHN,2023,5316,
SHN,2024,,5262
SHN,2025,,5220
SHN,2026,,5169
SHN,2027,,5119
SHN,2028,,5063
SHN,2029,,5007
SHN,2030,,4955
SHN,2031,,4899
SHN,2032,,4846
SHN,2033,,4790
SHN,2034,,4735
SHN,2035,,4680
SHN,2036,,4632
SHN,2037,,4584
SHN,2038,,4528
SHN,2039,,4482
SHN,2040,,4437
SHN,2041,,4388
SHN,2042,,4349
SHN,2043,,4301
SHN,2044,,4255
SHN,2045,,4213
SHN,2046,,4163
SHN,2047,,4117
SHN,2048,,4078
SHN,2049,,4034
SHN,2050,,3992
SHN,2051,,3948
SHN,2052,,3908
SHN,2053,,3862
SHN,2054,,3814
SHN,2055,,3768
SHN,2056,,3731
SHN,2057,,3689
SHN,2058,,3644
SHN,2059,,3608
SHN,2060,,3563
SHN,2061,,3527
SHN,2062,,3489
SHN,2063,,3454
SHN,2064,,3421
SHN,2065,,3393
SHN,2066,,3361
SHN,2067,,3327
SHN,2068,,3302
SHN,2069,,3270
SHN,2070,,3251
SHN,2071,,3230
SHN,2072,,3206
SHN,2073,,3178
SHN,2074,,3157
SHN,2075,,3139
SHN,2076,,3113
SHN,2077,,3088
SHN,2078,,3072
SHN,2079,,3050
SHN,2080,,3037
SHN,2081,,3015
SHN,2082,,2990
SHN,2083,,2971
SHN,2084,,2945
SHN,2085,,2922
SHN,2086,,2907
SHN,2087,,2886
SHN,2088,,2868
SHN,2089,,2850
SHN,2090,,2829
SHN,2091,,2809
SHN,2092,,2791
SHN,2093,,2774
SHN,2094,,2753
SHN,2095,,2733
SHN,2096,,2721
SHN,2097,,2704
SHN,2098,,2688
SHN,2099,,2667
SHN,2100,,2654
KNA,1950,47254,
KNA,1951,48327,
KNA,1952,49414,
KNA,1953,50469,
KNA,1954,51359,
KNA,1955,52155,
KNA,1956,52994,
KNA,1957,53843,
KNA,1958,54669,
KNA,1959,55492,
KNA,1960,55834,
KNA,1961,55352,
KNA,1962,54483,
KNA,1963,53461,
KNA,1964,52348,
KNA,1965,51163,
KNA,1966,49917,
KNA,1967,48626,
KNA,1968,47265,
KNA,1969,45750,
KNA,1970,44632,
KNA,1971,44228,
KNA,1972,44054,
KNA,1973,43897,
KNA,1974,43759,
KNA,1975,43628,
KNA,1976,43499,
KNA,1977,43377,
KNA,1978,43237,
KNA,1979,43053,
KNA,1980,42866,
KNA,1981,42721,
KNA,1982,42549,
KNA,1983,42355,
KNA,1984,42134,
KNA,1985,41894,
KNA,1986,41642,
KNA,1987,41368,
KNA,1988,41084,
KNA,1989,40777,
KNA,1990,40456,
KNA,1991,40382,
KNA,1992,40740,
KNA,1993,41266,
KNA,1994,41798,
KNA,1995,42347,
KNA,1996,42903,
KNA,1997,43453,
KNA,1998,44018,
KNA,1999,44625,
KNA,2000,45272,
KNA,2001,45785,
KNA,2002,46048,
KNA,2003,46200,
KNA,2004,46337,
KNA,2005,46459,
KNA,2006,46592,
KNA,2007,46734,
KNA,2008,46857,
KNA,2009,46941,
KNA,2010,46871,
KNA,2011,46917,
KNA,2012,47056,
KNA,2013,47092,
KNA,2014,47112,
KNA,2015,47108,
KNA,2016,47099,
KNA,2017,47075,
KNA,2018,47032,
KNA,2019,46976,
KNA,2020,46896,
KNA,2021,46786,
KNA,2022,46732,
KNA,2023,46783,
KNA,2024,,46867
KNA,2025,,46945
KNA,2026,,47017
KNA,2027,,47074
KNA,2028,,47118
KNA,2029,,47137
KNA,2030,,47157
KNA,2031,,47150
KNA,2032,,47130
KNA,2033,,47091
KNA,2034,,47032
KNA,2035,,46955
KNA,2036,,46849
KNA,2037,,46741
KNA,2038,,46618
KNA,2039,,46487
KNA,2040,,46339
KNA,2041,,46178
KNA,2042,,46007
KNA,2043,,45807
KNA,2044,,45603
KNA,2045,,45386
KNA,2046,,45171
KNA,2047,,44949
KNA,2048,,44722
KNA,2049,,44501
KNA,2050,,44274
KNA,2051,,44013
KNA,2052,,43759
KNA,2053,,43499
KNA,2054,,43231
KNA,2055,,42958
KNA,2056,,42683
KNA,2057,,42409
KNA,2058,,42124
KNA,2059,,41836
KNA,2060,,41559
KNA,2061,,41297
KNA,2062,,41027
KNA,2063,,40754
KNA,2064,,40471
KNA,2065,,40185
KNA,2066,,39883
KNA,2067,,39592
KNA,2068,,39288
KNA,2069,,38988
KNA,2070,,38689
KNA,2071,,38378
KNA,2072,,38072
KNA,2073,,37767
KNA,2074,,37459
KNA,2075,,37146
KNA,2076,,36835
KNA,2077,,36524
KNA,2078,,36214
KNA,2079,,35911
KNA,2080,,35606
KNA,2081,,35311
KNA,2082,,35018
KNA,2083,,34729
KNA,2084,,34434
KNA,2085,,34153
KNA,2086,,33866
KNA,2087,,33583
KNA,2088,,33304
KNA,2089,,33029
KNA,2090,,32766
KNA,2091,,32505
KNA,2092,,32244
KNA,2093,,31981
KNA,2094,,31728
KNA,2095,,31475
KNA,2096,,31227
KNA,2097,,30983
KNA,2098,,30741
KNA,2099,,30494
KNA,2100,,30258
LCA,1950,93009,
LCA,1951,93988,
LCA,1952,94432,
LCA,1953,94347,
LCA,1954,94123,
LCA,1955,93821,
LCA,1956,93473,
LCA,1957,93100,
LCA,1958,92731,
LCA,1959,92369,
LCA,1960,92605,
LCA,1961,93506,
LCA,1962,94523,
LCA,1963,95539,
LCA,1964,96529,
LCA,1965,97513,
LCA,1966,98486,
LCA,1967,99523,
LCA,1968,100696,
LCA,1969,101904,
LCA,1970,103184,
LCA,1971,104577,
LCA,1972,106021,
LCA,1973,107512,
LCA,1974,109093,
LCA,1975,110740,
LCA,1976,112442,
LCA,1977,114150,
LCA,1978,115853,
LCA,1979,117547,
LCA,1980,119302,
LCA,1981,121183,
LCA,1982,123097,
LCA,1983,125055,
LCA,1984,127085,
LCA,1985,129174,
LCA,1986,131253,
LCA,1987,133243,
LCA,1988,135019,
LCA,1989,136526,
LCA,1990,137874,
LCA,1991,139536,
LCA,1992,141629,
LCA,1993,143735,
LCA,1994,145901,
LCA,1995,148227,
LCA,1996,150453,
LCA,1997,152584,
LCA,1998,154688,
LCA,1999,156719,
LCA,2000,158624,
LCA,2001,160247,
LCA,2002,161655,
LCA,2003,162985,
LCA,2004,164250,
LCA,2005,165460,
LCA,2006,166657,
LCA,2007,167766,
LCA,2008,168816,
LCA,2009,169880,
LCA,2010,170921,
LCA,2011,171814,
LCA,2012,172595,
LCA,2013,173380,
LCA,2014,174145,
LCA,2015,174919,
LCA,2016,175651,
LCA,2017,176352,
LCA,2018,177032,
LCA,2019,177675,
LCA,2020,178261,
LCA,2021,178540,
LCA,2022,178794,
LCA,2023,179291,
LCA,2024,,179751
LCA,2025,,180157
LCA,2026,,180496
LCA,2027,,180779
LCA,2028,,181012
LCA,2029,,181205
LCA,2030,,181369
LCA,2031,,181471
LCA,2032,,181503
LCA,2033,,181467
LCA,2034,,181360
LCA,2035,,181185
LCA,2036,,180957
LCA,2037,,180643
LCA,2038,,180236
LCA,2039,,179785
LCA,2040,,179302
LCA,2041,,178763
LCA,2042,,178193
LCA,2043,,177598
LCA,2044,,176944
LCA,2045,,176250
LCA,2046,,175525
LCA,2047,,174731
LCA,2048,,173881
LCA,2049,,172997
LCA,2050,,172086
LCA,2051,,171160
LCA,2052,,170194
LCA,2053,,169186
LCA,2054,,168162
LCA,2055,,167119
LCA,2056,,166059
LCA,2057,,164991
LCA,2058,,163883
LCA,2059,,162743
LCA,2060,,161553
LCA,2061,,160345
LCA,2062,,159140
LCA,2063,,157913
LCA,2064,,156635
LCA,2065,,155329
LCA,2066,,153994
LCA,2067,,152626
LCA,2068,,151242
LCA,2069,,149842
LCA,2070,,148436
LCA,2071,,147019
LCA,2072,,145581
LCA,2073,,144123
LCA,2074,,142627
LCA,2075,,141142
LCA,2076,,139646
LCA,2077,,138152
LCA,2078,,136665
LCA,2079,,135183
LCA,2080,,133691
LCA,2081,,132210
LCA,2082,,130750
LCA,2083,,129318
LCA,2084,,127890
LCA,2085,,126481
LCA,2086,,125088
LCA,2087,,123716
LCA,2088,,122358
LCA,2089,,121020
LCA,2090,,119741
LCA,2091,,118470
LCA,2092,,117220
LCA,2093,,116011
LCA,2094,,114825
LCA,2095,,113667
LCA,2096,,112538
LCA,2097,,111435
LCA,2098,,110343
LCA,2099,,109271
LCA,2100,,108220
MAF,1950,3004,
MAF,1951,3132,
MAF,1952,3250,
MAF,1953,3376,
MAF,1954,3498,
MAF,1955,3622,
MAF,1956,3745,
MAF,1957,3869,
MAF,1958,3994,
MAF,1959,4133,
MAF,1960,4272,
MAF,1961,4407,
MAF,1962,4551,
MAF,1963,4695,
MAF,1964,4853,
MAF,1965,5020,
MAF,1966,5234,
MAF,1967,5494,
MAF,1968,5714,
MAF,1969,5887,
MAF,1970,6067,
MAF,1971,6247,
MAF,1972,6428,
MAF,1973,6618,
MAF,1974,6818,
MAF,1975,7063,
MAF,1976,7320,
MAF,1977,7590,
MAF,1978,7844,
MAF,1979,8085,
MAF,1980,8308,
MAF,1981,8522,
MAF,1982,9516,
MAF,1983,11511,
MAF,1984,13753,
MAF,1985,16120,
MAF,1986,18584,
MAF,1987,21125,
MAF,1988,23770,
MAF,1989,26476,
MAF,1990,28251,
MAF,1991,28824,
MAF,1992,29098,
MAF,1993,29303,
MAF,1994,29440,
MAF,1995,29492,
MAF,1996,29465,
MAF,1997,29350,
MAF,1998,29128,
MAF,1999,29303,
MAF,2000,30020,
MAF,2001,30827,
MAF,2002,31629,
MAF,2003,32420,
MAF,2004,33196,
MAF,2005,33952,
MAF,2006,34680,
MAF,2007,35361,
MAF,2008,35978,
MAF,2009,36523,
MAF,2010,36875,
MAF,2011,37094,
MAF,2012,37299,
MAF,2013,37439,
MAF,2014,37472,
MAF,2015,37386,
MAF,2016,37201,
MAF,2017,36863,
MAF,2018,36036,
MAF,2019,34290,
MAF,2020,31811,
MAF,2021,29986,
MAF,2022,28899,
MAF,2023,27545,
MAF,2024,,26155
MAF,2025,,24964
MAF,2026,,23923
MAF,2027,,23017
MAF,2028,,22255
MAF,2029,,21625
MAF,2030,,21091
MAF,2031,,20632
MAF,2032,,20250
MAF,2033,,19907
MAF,2034,,19625
MAF,2035,,19422
MAF,2036,,19272
MAF,2037,,19164
MAF,2038,,19078
MAF,2039,,19014
MAF,2040,,18951
MAF,2041,,18894
MAF,2042,,18864
MAF,2043,,18850
MAF,2044,,18847
MAF,2045,,18844
MAF,2046,,18829
MAF,2047,,18814
MAF,2048,,18819
MAF,2049,,18834
MAF,2050,,18821
MAF,2051,,18817
MAF,2052,,18808
MAF,2053,,18800
MAF,2054,,18789
MAF,2055,,18762
MAF,2056,,18738
MAF,2057,,18689
MAF,2058,,18632
MAF,2059,,18566
MAF,2060,,18488
MAF,2061,,18407
MAF,2062,,18328
MAF,2063,,18260
MAF,2064,,18190
MAF,2065,,18139
MAF,2066,,18103
MAF,2067,,18080
MAF,2068,,18050
MAF,2069,,18019
MAF,2070,,18005
MAF,2071,,18019
MAF,2072,,18037
MAF,2073,,18082
MAF,2074,,18147
MAF,2075,,18208
MAF,2076,,18281
MAF,2077,,18367
MAF,2078,,18457
MAF,2079,,18551
MAF,2080,,18650
MAF,2081,,18746
MAF,2082,,18846
MAF,2083,,18947
MAF,2084,,19052
MAF,2085,,19159
MAF,2086,,19253
MAF,2087,,19353
MAF,2088,,19452
MAF,2089,,19535
MAF,2090,,19616
MAF,2091,,19692
MAF,2092,,19762
MAF,2093,,19827
MAF,2094,,19880
MAF,2095,,19922
MAF,2096,,19968
MAF,2097,,20003
MAF,2098,,20025
MAF,2099,,20034
MAF,2100,,20028
SPM,1950,4507,
SPM,1951,4555,
SPM,1952,4605,
SPM,1953,4659,
SPM,1954,4719,
SPM,1955,4784,
SPM,1956,4833,
SPM,1957,4864,
SPM,1958,4919,
SPM,1959,4986,
SPM,1960,5016,
SPM,1961,5003,
SPM,1962,5024,
SPM,1963,5086,
SPM,1964,5178,
SPM,1965,5255,
SPM,1966,5333,
SPM,1967,5413,
SPM,1968,5490,
SPM,1969,5571,
SPM,1970,5658,
SPM,1971,5744,
SPM,1972,5830,
SPM,1973,5925,
SPM,1974,6004,
SPM,1975,6051,
SPM,1976,6090,
SPM,1977,6125,
SPM,1978,6162,
SPM,1979,6182,
SPM,1980,6192,
SPM,1981,6172,
SPM,1982,6163,
SPM,1983,6208,
SPM,1984,6259,
SPM,1985,6301,
SPM,1986,6338,
SPM,1987,6368,
SPM,1988,6381,
SPM,1989,6372,
SPM,1990,6377,
SPM,1991,6400,
SPM,1992,6428,
SPM,1993,6440,
SPM,1994,6455,
SPM,1995,6459,
SPM,1996,6451,
SPM,1997,6438,
SPM,1998,6392,
SPM,1999,6338,
SPM,2000,6317,
SPM,2001,6299,
SPM,2002,6273,
SPM,2003,6234,
SPM,2004,6191,
SPM,2005,6139,
SPM,2006,6094,
SPM,2007,6074,
SPM,2008,6063,
SPM,2009,6054,
SPM,2010,6047,
SPM,2011,6036,
SPM,2012,6019,
SPM,2013,5999,
SPM,2014,5984,
SPM,2015,5971,
SPM,2016,5957,
SPM,2017,5946,
SPM,2018,5932,
SPM,2019,5899,
SPM,2020,5852,
SPM,2021,5802,
SPM,2022,5760,
SPM,2023,5707,
SPM,2024,,5652
SPM,2025,,5594
SPM,2026,,5537
SPM,2027,,5475
SPM,2028,,5422
SPM,2029,,5367
SPM,2030,,5312
SPM,2031,,5256
SPM,2032,,5208
SPM,2033,,5158
SPM,2034,,5100
SPM,2035,,5054
SPM,2036,,5009
SPM,2037,,4962
SPM,2038,,4916
SPM,2039,,4868
SPM,2040,,4822
SPM,2041,,4773
SPM,2042,,4725
SPM,2043,,4675
SPM,2044,,4632
SPM,2045,,4577
SPM,2046,,4512
SPM,2047,,4461
SPM,2048,,4407
SPM,2049,,4344
SPM,2050,,4284
SPM,2051,,4221
SPM,2052,,4160
SPM,2053,,4090
SPM,2054,,4020
SPM,2055,,3958
SPM,2056,,3892
SPM,2057,,3823
SPM,2058,,3759
SPM,2059,,3699
SPM,2060,,3637
SPM,2061,,3574
SPM,2062,,3522
SPM,2063,,3469
SPM,2064,,3412
SPM,2065,,3355
SPM,2066,,3297
SPM,2067,,3248
SPM,2068,,3204
SPM,2069,,3164
SPM,2070,,3117
SPM,2071,,3075
SPM,2072,,3032
SPM,2073,,2990
SPM,2074,,2944
SPM,2075,,2905
SPM,2076,,2876
SPM,2077,,2836
SPM,2078,,2794
SPM,2079,,2757
SPM,2080,,2722
SPM,2081,,2682
SPM,2082,,2647
SPM,2083,,2613
SPM,2084,,2576
SPM,2085,,2538
SPM,2086,,2507
SPM,2087,,2471
SPM,2088,,2435
SPM,2089,,2406
SPM,2090,,2366
SPM,2091,,2330
SPM,2092,,2300
SPM,2093,,2270
SPM,2094,,2236
SPM,2095,,2202
SPM,2096,,2167
SPM,2097,,2132
SPM,2098,,2098
SPM,2099,,2066
SPM,2100,,2032
VCT,1950,61686,
VCT,1951,63372,
VCT,1952,65205,
VCT,1953,67182,
VCT,1954,69321,
VCT,1955,71630,
VCT,1956,74076,
VCT,1957,76639,
VCT,1958,79333,
VCT,1959,82169,
VCT,1960,84409,
VCT,1961,85886,
VCT,1962,87260,
VCT,1963,88542,
VCT,1964,89772,
VCT,1965,90947,
VCT,1966,92071,
VCT,1967,93141,
VCT,1968,94139,
VCT,1969,95074,
VCT,1970,95977,
VCT,1971,96892,
VCT,1972,97805,
VCT,1973,98704,
VCT,1974,99577,
VCT,1975,100404,
VCT,1976,101218,
VCT,1977,102013,
VCT,1978,102785,
VCT,1979,103496,
VCT,1980,104229,
VCT,1981,105092,
VCT,1982,105986,
VCT,1983,106858,
VCT,1984,107706,
VCT,1985,108526,
VCT,1986,109302,
VCT,1987,110018,
VCT,1988,110678,
VCT,1989,111290,
VCT,1990,111825,
VCT,1991,112236,
VCT,1992,112524,
VCT,1993,112753,
VCT,1994,112933,
VCT,1995,113064,
VCT,1996,113136,
VCT,1997,113158,
VCT,1998,113195,
VCT,1999,113384,
VCT,2000,113561,
VCT,2001,113506,
VCT,2002,113365,
VCT,2003,113149,
VCT,2004,112856,
VCT,2005,112465,
VCT,2006,112027,
VCT,2007,111544,
VCT,2008,111047,
VCT,2009,110521,
VCT,2010,109974,
VCT,2011,109367,
VCT,2012,108753,
VCT,2013,108156,
VCT,2014,107555,
VCT,2015,106975,
VCT,2016,106365,
VCT,2017,105674,
VCT,2018,104939,
VCT,2019,104183,
VCT,2020,103540,
VCT,2021,102848,
VCT,2022,102063,
VCT,2023,101331,
VCT,2024,,100630
VCT,2025,,99934
VCT,2026,,99254
VCT,2027,,98602
VCT,2028,,97999
VCT,2029,,97421
VCT,2030,,96865
VCT,2031,,96349
VCT,2032,,95841
VCT,2033,,95372
VCT,2034,,94926
VCT,2035,,94496
VCT,2036,,94087
VCT,2037,,93711
VCT,2038,,93349
VCT,2039,,92995
VCT,2040,,92659
VCT,2041,,92340
VCT,2042,,92004
VCT,2043,,91652
VCT,2044,,91318
VCT,2045,,90965
VCT,2046,,90585
VCT,2047,,90186
VCT,2048,,89776
VCT,2049,,89371
VCT,2050,,88949
VCT,2051,,88509
VCT,2052,,88036
VCT,2053,,87575
VCT,2054,,87085
VCT,2055,,86577
VCT,2056,,86075
VCT,2057,,85570
VCT,2058,,85057
VCT,2059,,84546
VCT,2060,,84033
VCT,2061,,83514
VCT,2062,,83001
VCT,2063,,82497
VCT,2064,,81992
VCT,2065,,81476
VCT,2066,,80967
VCT,2067,,80463
VCT,2068,,79965
VCT,2069,,79463
VCT,2070,,78967
VCT,2071,,78472
VCT,2072,,77989
VCT,2073,,77497
VCT,2074,,77014
VCT,2075,,76537
VCT,2076,,76058
VCT,2077,,75583
VCT,2078,,75102
VCT,2079,,74625
VCT,2080,,74144
VCT,2081,,73661
VCT,2082,,73170
VCT,2083,,72681
VCT,2084,,72190
VCT,2085,,71686
VCT,2086,,71198
VCT,2087,,70698
VCT,2088,,70196
VCT,2089,,69699
VCT,2090,,69196
VCT,2091,,68695
VCT,2092,,68194
VCT,2093,,67691
VCT,2094,,67195
VCT,2095,,66693
VCT,2096,,66197
VCT,2097,,65703
VCT,2098,,65209
VCT,2099,,64722
VCT,2100,,64240
WSM,1950,88299,
WSM,1951,90523,
WSM,1952,92723,
WSM,1953,94787,
WSM,1954,96896,
WSM,1955,99056,
WSM,1956,101337,
WSM,1957,103906,
WSM,1958,106710,
WSM,1959,109575,
WSM,1960,112508,
WSM,1961,115516,
WSM,1962,118615,
WSM,1963,121779,
WSM,1964,124915,
WSM,1965,127996,
WSM,1966,131086,
WSM,1967,133784,
WSM,1968,136038,
WSM,1969,138243,
WSM,1970,140420,
WSM,1971,142514,
WSM,1972,144551,
WSM,1973,146527,
WSM,1974,149440,
WSM,1975,153353,
WSM,1976,157123,
WSM,1977,159766,
WSM,1978,161385,
WSM,1979,162892,
WSM,1980,164335,
WSM,1981,165684,
WSM,1982,166496,
WSM,1983,166724,
WSM,1984,166805,
WSM,1985,166862,
WSM,1986,167071,
WSM,1987,167671,
WSM,1988,168360,
WSM,1989,168779,
WSM,1990,169061,
WSM,1991,169378,
WSM,1992,170340,
WSM,1993,171786,
WSM,1994,173167,
WSM,1995,174585,
WSM,1996,176086,
WSM,1997,177561,
WSM,1998,178921,
WSM,1999,180279,
WSM,2000,181695,
WSM,2001,183174,
WSM,2002,184482,
WSM,2003,185447,
WSM,2004,186265,
WSM,2005,186993,
WSM,2006,187724,
WSM,2007,188766,
WSM,2008,190117,
WSM,2009,191530,
WSM,2010,193035,
WSM,2011,194726,
WSM,2012,196518,
WSM,2013,198284,
WSM,2014,200051,
WSM,2015,201794,
WSM,2016,203509,
WSM,2017,205423,
WSM,2018,207595,
WSM,2019,209794,
WSM,2020,211957,
WSM,2021,213792,
WSM,2022,215270,
WSM,2023,216673,
WSM,2024,,218031
WSM,2025,,219315
WSM,2026,,220541
WSM,2027,,221785
WSM,2028,,223116
WSM,2029,,224516
WSM,2030,,225982
WSM,2031,,227595
WSM,2032,,229312
WSM,2033,,231124
WSM,2034,,233072
WSM,2035,,235187
WSM,2036,,237428
WSM,2037,,239744
WSM,2038,,242170
WSM,2039,,244667
WSM,2040,,247209
WSM,2041,,249810
WSM,2042,,252442
WSM,2043,,255039
WSM,2044,,257625
WSM,2045,,260266
WSM,2046,,262865
WSM,2047,,265381
WSM,2048,,267852
WSM,2049,,270308
WSM,2050,,272728
WSM,2051,,275133
WSM,2052,,277489
WSM,2053,,279760
WSM,2054,,281969
WSM,2055,,284169
WSM,2056,,286363
WSM,2057,,288595
WSM,2058,,290960
WSM,2059,,293370
WSM,2060,,295774
WSM,2061,,298167
WSM,2062,,300635
WSM,2063,,303195
WSM,2064,,305796
WSM,2065,,308414
WSM,2066,,311103
WSM,2067,,313828
WSM,2068,,316571
WSM,2069,,319350
WSM,2070,,322078
WSM,2071,,324870
WSM,2072,,327683
WSM,2073,,330393
WSM,2074,,333033
WSM,2075,,335642
WSM,2076,,338243
WSM,2077,,340807
WSM,2078,,343309
WSM,2079,,345724
WSM,2080,,348047
WSM,2081,,350323
WSM,2082,,352568
WSM,2083,,354740
WSM,2084,,356826
WSM,2085,,358865
WSM,2086,,360859
WSM,2087,,362833
WSM,2088,,364770
WSM,2089,,366669
WSM,2090,,368474
WSM,2091,,370242
WSM,2092,,371995
WSM,2093,,373671
WSM,2094,,375262
WSM,2095,,376795
WSM,2096,,378286
WSM,2097,,379694
WSM,2098,,381021
WSM,2099,,382324
WSM,2100,,383564
SMR,1950,12970,
SMR,1951,13145,
SMR,1952,13300,
SMR,1953,13457,
SMR,1954,13630,
SMR,1955,13816,
SMR,1956,14074,
SMR,1957,14410,
SMR,1958,14746,
SMR,1959,15094,
SMR,1960,15449,
SMR,1961,15824,
SMR,1962,16201,
SMR,1963,16606,
SMR,1964,16998,
SMR,1965,17328,
SMR,1966,17549,
SMR,1967,17713,
SMR,1968,17886,
SMR,1969,18051,
SMR,1970,18194,
SMR,1971,18444,
SMR,1972,18811,
SMR,1973,19019,
SMR,1974,19052,
SMR,1975,19075,
SMR,1976,19138,
SMR,1977,20039,
SMR,1978,21050,
SMR,1979,21346,
SMR,1980,21609,
SMR,1981,21869,
SMR,1982,22078,
SMR,1983,22255,
SMR,1984,22372,
SMR,1985,22509,
SMR,1986,22663,
SMR,1987,22710,
SMR,1988,22865,
SMR,1989,23175,
SMR,1990,23501,
SMR,1991,23823,
SMR,1992,24149,
SMR,1993,24499,
SMR,1994,24853,
SMR,1995,25183,
SMR,1996,25503,
SMR,1997,25821,
SMR,1998,26149,
SMR,1999,26485,
SMR,2000,26823,
SMR,2001,27173,
SMR,2002,27515,
SMR,2003,27871,
SMR,2004,28230,
SMR,2005,28600,
SMR,2006,28966,
SMR,2007,29334,
SMR,2008,29721,
SMR,2009,30115,
SMR,2010,30648,
SMR,2011,32194,
SMR,2012,33494,
SMR,2013,33641,
SMR,2014,33753,
SMR,2015,33927,
SMR,2016,34188,
SMR,2017,34405,
SMR,2018,34557,
SMR,2019,34674,
SMR,2020,34796,
SMR,2021,34599,
SMR,2022,34113,
SMR,2023,33761,
SMR,2024,,33606
SMR,2025,,33599
SMR,2026,,33632
SMR,2027,,33662
SMR,2028,,33708
SMR,2029,,33741
SMR,2030,,33761
SMR,2031,,33775
SMR,2032,,33796
SMR,2033,,33815
SMR,2034,,33822
SMR,2035,,33849
SMR,2036,,33886
SMR,2037,,33919
SMR,2038,,33965
SMR,2039,,33993
SMR,2040,,33990
SMR,2041,,33989
SMR,2042,,34004
SMR,2043,,34013
SMR,2044,,33985
SMR,2045,,33944
SMR,2046,,33906
SMR,2047,,33865
SMR,2048,,33818
SMR,2049,,33763
SMR,2050,,33719
SMR,2051,,33662
SMR,2052,,33578
SMR,2053,,33474
SMR,2054,,33364
SMR,2055,,33251
SMR,2056,,33134
SMR,2057,,32997
SMR,2058,,32860
SMR,2059,,32725
SMR,2060,,32590
SMR,2061,,32476
SMR,2062,,32344
SMR,2063,,32215
SMR,2064,,32086
SMR,2065,,31955
SMR,2066,,31838
SMR,2067,,31723
SMR,2068,,31611
SMR,2069,,31512
SMR,2070,,31433
SMR,2071,,31368
SMR,2072,,31300
SMR,2073,,31237
SMR,2074,,31182
SMR,2075,,31140
SMR,2076,,31102
SMR,2077,,31080
SMR,2078,,31075
SMR,2079,,31079
SMR,2080,,31076
SMR,2081,,31091
SMR,2082,,31111
SMR,2083,,31127
SMR,2084,,31133
SMR,2085,,31165
SMR,2086,,31200
SMR,2087,,31220
SMR,2088,,31235
SMR,2089,,31250
SMR,2090,,31249
SMR,2091,,31245
SMR,2092,,31241
SMR,2093,,31241
SMR,2094,,31262
SMR,2095,,31277
SMR,2096,,31280
SMR,2097,,31249
SMR,2098,,31219
SMR,2099,,31204
SMR,2100,,31183
STP,1950,60895,
STP,1951,61783,
STP,1952,62611,
STP,1953,63348,
STP,1954,64004,
STP,1955,64618,
STP,1956,65241,
STP,1957,65886,
STP,1958,66575,
STP,1959,67306,
STP,1960,68028,
STP,1961,68724,
STP,1962,69422,
STP,1963,70133,
STP,1964,70881,
STP,1965,71691,
STP,1966,72594,
STP,1967,73610,
STP,1968,74783,
STP,1969,76096,
STP,1970,77639,
STP,1971,79351,
STP,1972,81061,
STP,1973,82816,
STP,1974,84685,
STP,1975,86722,
STP,1976,88939,
STP,1977,91316,
STP,1978,93809,
STP,1979,96266,
STP,1980,98563,
STP,1981,100629,
STP,1982,102528,
STP,1983,104397,
STP,1984,106410,
STP,1985,108669,
STP,1986,111163,
STP,1987,113934,
STP,1988,116955,
STP,1989,119990,
STP,1990,122993,
STP,1991,125711,
STP,1992,128127,
STP,1993,130478,
STP,1994,132745,
STP,1995,134905,
STP,1996,136974,
STP,1997,138935,
STP,1998,140765,
STP,1999,142459,
STP,2000,144029,
STP,2001,146386,
STP,2002,149932,
STP,2003,153824,
STP,2004,157721,
STP,2005,161650,
STP,2006,165651,
STP,2007,169709,
STP,2008,173808,
STP,2009,177866,
STP,2010,181810,
STP,2011,185665,
STP,2012,189452,
STP,2013,193158,
STP,2014,196780,
STP,2015,200308,
STP,2016,203702,
STP,2017,206986,
STP,2018,210198,
STP,2019,213405,
STP,2020,217450,
STP,2021,221975,
STP,2022,226313,
STP,2023,230882,
STP,2024,,235548
STP,2025,,240263
STP,2026,,245000
STP,2027,,249796
STP,2028,,254670
STP,2029,,259611
STP,2030,,264574
STP,2031,,269580
STP,2032,,274657
STP,2033,,279775
STP,2034,,284925
STP,2035,,290097
STP,2036,,295285
STP,2037,,300454
STP,2038,,305606
STP,2039,,310745
STP,2040,,315850
STP,2041,,320891
STP,2042,,325904
STP,2043,,330925
STP,2044,,335937
STP,2045,,340929
STP,2046,,345901
STP,2047,,350776
STP,2048,,355586
STP,2049,,360372
STP,2050,,365120
STP,2051,,369887
STP,2052,,374607
STP,2053,,379291
STP,2054,,383946
STP,2055,,388588
STP,2056,,393176
STP,2057,,397712
STP,2058,,402252
STP,2059,,406759
STP,2060,,411262
STP,2061,,415755
STP,2062,,420217
STP,2063,,424639
STP,2064,,429022
STP,2065,,433341
STP,2066,,437582
STP,2067,,441809
STP,2068,,445927
STP,2069,,449976
STP,2070,,453959
STP,2071,,457825
STP,2072,,461583
STP,2073,,465258
STP,2074,,468850
STP,2075,,472406
STP,2076,,475904
STP,2077,,479363
STP,2078,,482725
STP,2079,,485968
STP,2080,,489158
STP,2081,,492249
STP,2082,,495209
STP,2083,,498119
STP,2084,,500924
STP,2085,,503611
STP,2086,,506190
STP,2087,,508710
STP,2088,,511206
STP,2089,,513639
STP,2090,,515961
STP,2091,,518197
STP,2092,,520331
STP,2093,,522387
STP,2094,,524333
STP,2095,,526166
STP,2096,,527922
STP,2097,,529620
STP,2098,,531209
STP,2099,,532661
STP,2100,,534018
SAU,1950,1703280,
SAU,1951,1763610,
SAU,1952,1826521,
SAU,1953,1892173,
SAU,1954,1960632,
SAU,1955,2031965,
SAU,1956,2106234,
SAU,1957,2183545,
SAU,1958,2264105,
SAU,1959,2348014,
SAU,1960,2435410,
SAU,1961,2526350,
SAU,1962,2620915,
SAU,1963,2719347,
SAU,1964,2821970,
SAU,1965,2928780,
SAU,1966,3039891,
SAU,1967,3157247,
SAU,1968,3282707,
SAU,1969,3417123,
SAU,1970,3562475,
SAU,1971,3724039,
SAU,1972,3905729,
SAU,1973,4106346,
SAU,1974,4323639,
SAU,1975,4556289,
SAU,1976,4807936,
SAU,1977,5083043,
SAU,1978,5381901,
SAU,1979,5703704,
SAU,1980,6047997,
SAU,1981,6420554,
SAU,1982,6824484,
SAU,1983,7252947,
SAU,1984,7697312,
SAU,1985,8151782,
SAU,1986,8628639,
SAU,1987,9130207,
SAU,1988,9629172,
SAU,1989,10128397,
SAU,1990,10640697,
SAU,1991,11160752,
SAU,1992,11686682,
SAU,1993,12215864,
SAU,1994,12750037,
SAU,1995,13289246,
SAU,1996,13831002,
SAU,1997,14374948,
SAU,1998,14922188,
SAU,1999,15472076,
SAU,2000,16177733,
SAU,2001,17041405,
SAU,2002,17910909,
SAU,2003,18786771,
SAU,2004,19669486,
SAU,2005,20559886,
SAU,2006,21459141,
SAU,2007,22368313,
SAU,2008,23287884,
SAU,2009,24217656,
SAU,2010,25157134,
SAU,2011,26105636,
SAU,2012,27062447,
SAU,2013,28026825,
SAU,2014,28998127,
SAU,2015,29974944,
SAU,2016,30717804,
SAU,2017,30782400,
SAU,2018,30365119,
SAU,2019,30472809,
SAU,2020,30991206,
SAU,2021,31328374,
SAU,2022,32175351,
SAU,2023,33264289,
SAU,2024,,33962751
SAU,2025,,34566327
SAU,2026,,35165789
SAU,2027,,35759237
SAU,2028,,36344486
SAU,2029,,36910752
SAU,2030,,37443759
SAU,2031,,37956085
SAU,2032,,38468943
SAU,2033,,38982386
SAU,2034,,39496948
SAU,2035,,40012641
SAU,2036,,40529062
SAU,2037,,41045447
SAU,2038,,41561632
SAU,2039,,42077223
SAU,2040,,42592198
SAU,2041,,43106703
SAU,2042,,43620251
SAU,2043,,44132849
SAU,2044,,44644902
SAU,2045,,45156462
SAU,2046,,45666809
SAU,2047,,46175486
SAU,2048,,46682890
SAU,2049,,47189054
SAU,2050,,47693912
SAU,2051,,48198044
SAU,2052,,48701345
SAU,2053,,49203498
SAU,2054,,49704234
SAU,2055,,50203316
SAU,2056,,50701099
SAU,2057,,51197626
SAU,2058,,51693092
SAU,2059,,52187244
SAU,2060,,52679124
SAU,2061,,53169089
SAU,2062,,53656780
SAU,2063,,54141956
SAU,2064,,54624836
SAU,2065,,55105202
SAU,2066,,55583126
SAU,2067,,56058193
SAU,2068,,56530194
SAU,2069,,56998457
SAU,2070,,57462535
SAU,2071,,57923097
SAU,2072,,58380743
SAU,2073,,58835329
SAU,2074,,59286905
SAU,2075,,59736264
SAU,2076,,60183933
SAU,2077,,60630105
SAU,2078,,61075271
SAU,2079,,61520205
SAU,2080,,61965389
SAU,2081,,62411265
SAU,2082,,62857807
SAU,2083,,63304719
SAU,2084,,63752395
SAU,2085,,64200983
SAU,2086,,64651034
SAU,2087,,65102909
SAU,2088,,65556063
SAU,2089,,66009930
SAU,2090,,66465154
SAU,2091,,66922034
SAU,2092,,67379604
SAU,2093,,67837065
SAU,2094,,68293701
SAU,2095,,68749558
SAU,2096,,69204852
SAU,2097,,69658497
SAU,2098,,70109978
SAU,2099,,70559392
SAU,2100,,71006695
SEN,1950,2555376,
SEN,1951,2619643,
SEN,1952,2687011,
SEN,1953,2757571,
SEN,1954,2831393,
SEN,1955,2908512,
SEN,1956,2988938,
SEN,1957,3072374,
SEN,1958,3158762,
SEN,1959,3248325,
SEN,1960,3340900,
SEN,1961,3436379,
SEN,1962,3534688,
SEN,1963,3635876,
SEN,1964,3740540,
SEN,1965,3849793,
SEN,1966,3964305,
SEN,1967,4083872,
SEN,1968,4207593,
SEN,1969,4334979,
SEN,1970,4466330,
SEN,1971,4601869,
SEN,1972,4741632,
SEN,1973,4885181,
SEN,1974,5029446,
SEN,1975,5170812,
SEN,1976,5308567,
SEN,1977,5439555,
SEN,1978,5568099,
SEN,1979,5702899,
SEN,1980,5845640,
SEN,1981,5997165,
SEN,1982,6156963,
SEN,1983,6324507,
SEN,1984,6499366,
SEN,1985,6683296,
SEN,1986,6878199,
SEN,1987,7081535,
SEN,1988,7289622,
SEN,1989,7502213,
SEN,1990,7720524,
SEN,1991,7943091,
SEN,1992,8168396,
SEN,1993,8396289,
SEN,1994,8624077,
SEN,1995,8848112,
SEN,1996,9067018,
SEN,1997,9283505,
SEN,1998,9502951,
SEN,1999,9730897,
SEN,2000,9968262,
SEN,2001,10212941,
SEN,2002,10466216,
SEN,2003,10721176,
SEN,2004,10975711,
SEN,2005,11235473,
SEN,2006,11500094,
SEN,2007,11770348,
SEN,2008,12048963,
SEN,2009,12337390,
SEN,2010,12635418,
SEN,2011,12958902,
SEN,2012,13310499,
SEN,2013,13710857,
SEN,2014,14152103,
SEN,2015,14593335,
SEN,2016,15034517,
SEN,2017,15475001,
SEN,2018,15914495,
SEN,2019,16352926,
SEN,2020,16789217,
SEN,2021,17220866,
SEN,2022,17651099,
SEN,2023,18077573,
SEN,2024,,18501988
SEN,2025,,18931969
SEN,2026,,19366551
SEN,2027,,19807248
SEN,2028,,20254567
SEN,2029,,20706634
SEN,2030,,21163195
SEN,2031,,21623715
SEN,2032,,22085934
SEN,2033,,22548838
SEN,2034,,23012025
SEN,2035,,23476598
SEN,2036,,23942227
SEN,2037,,24407581
SEN,2038,,24872518
SEN,2039,,25335998
SEN,2040,,25797513
SEN,2041,,26257471
SEN,2042,,26716432
SEN,2043,,27174903
SEN,2044,,27633005
SEN,2045,,28089703
SEN,2046,,28546288
SEN,2047,,29002009
SEN,2048,,29457241
SEN,2049,,29911849
SEN,2050,,30364953
SEN,2051,,30817069
SEN,2052,,31266530
SEN,2053,,31715371
SEN,2054,,32163471
SEN,2055,,32611140
SEN,2056,,33059740
SEN,2057,,33506171
SEN,2058,,33950087
SEN,2059,,34388717
SEN,2060,,34822197
SEN,2061,,35254385
SEN,2062,,35683981
SEN,2063,,36108794
SEN,2064,,36528700
SEN,2065,,36943866
SEN,2066,,37353741
SEN,2067,,37755949
SEN,2068,,38150498
SEN,2069,,38540712
SEN,2070,,38922610
SEN,2071,,39295916
SEN,2072,,39663968
SEN,2073,,40025539
SEN,2074,,40380150
SEN,2075,,40728577
SEN,2076,,41067908
SEN,2077,,41396635
SEN,2078,,41717859
SEN,2079,,42031577
SEN,2080,,42337040
SEN,2081,,42636509
SEN,2082,,42930178
SEN,2083,,43219715
SEN,2084,,43502148
SEN,2085,,43775833
SEN,2086,,44043719
SEN,2087,,44302690
SEN,2088,,44552212
SEN,2089,,44795887
SEN,2090,,45032513
SEN,2091,,45260650
SEN,2092,,45482110
SEN,2093,,45697072
SEN,2094,,45906695
SEN,2095,,46109588
SEN,2096,,46304467
SEN,2097,,46493346
SEN,2098,,46674423
SEN,2099,,46847488
SEN,2100,,47014189
SRB,1950,6009201,
SRB,1951,6067045,
SRB,1952,6127270,
SRB,1953,6192415,
SRB,1954,6266890,
SRB,1955,6346329,
SRB,1956,6422763,
SRB,1957,6496456,
SRB,1958,6567235,
SRB,1959,6635214,
SRB,1960,6702964,
SRB,1961,6771392,
SRB,1962,6838634,
SRB,1963,6904168,
SRB,1964,6968218,
SRB,1965,7031142,
SRB,1966,7093228,
SRB,1967,7154393,
SRB,1968,7214029,
SRB,1969,7271058,
SRB,1970,7324426,
SRB,1971,7375141,
SRB,1972,7424742,
SRB,1973,7473516,
SRB,1974,7522491,
SRB,1975,7572433,
SRB,1976,7622703,
SRB,1977,7671486,
SRB,1978,7716932,
SRB,1979,7758219,
SRB,1980,7796286,
SRB,1981,7827863,
SRB,1982,7849652,
SRB,1983,7864592,
SRB,1984,7875050,
SRB,1985,7881551,
SRB,1986,7884582,
SRB,1987,7885364,
SRB,1988,7884457,
SRB,1989,7881272,
SRB,1990,7874595,
SRB,1991,7867067,
SRB,1992,7859811,
SRB,1993,7849723,
SRB,1994,7837157,
SRB,1995,7823281,
SRB,1996,7807720,
SRB,1997,7789186,
SRB,1998,7765929,
SRB,1999,7734367,
SRB,2000,7694608,
SRB,2001,7651927,
SRB,2002,7616741,
SRB,2003,7590946,
SRB,2004,7565843,
SRB,2005,7539139,
SRB,2006,7511395,
SRB,2007,7482996,
SRB,2008,7454285,
SRB,2009,7425346,
SRB,2010,7395872,
SRB,2011,7364858,
SRB,2012,7324624,
SRB,2013,7276183,
SRB,2014,7227203,
SRB,2015,7177257,
SRB,2016,7126083,
SRB,2017,7073507,
SRB,2018,7020014,
SRB,2019,6966155,
SRB,2020,6907814,
SRB,2021,6835429,
SRB,2022,6791215,
SRB,2023,6773204,
SRB,2024,,6736217
SRB,2025,,6689038
SRB,2026,,6641963
SRB,2027,,6597536
SRB,2028,,6552473
SRB,2029,,6507082
SRB,2030,,6461202
SRB,2031,,6414880
SRB,2032,,6368269
SRB,2033,,6321231
SRB,2034,,6273954
SRB,2035,,6226576
SRB,2036,,6179056
SRB,2037,,6131346
SRB,2038,,6083448
SRB,2039,,6035403
SRB,2040,,5987463
SRB,2041,,5939714
SRB,2042,,5892176
SRB,2043,,5845239
SRB,2044,,5798970
SRB,2045,,5753264
SRB,2046,,5708140
SRB,2047,,5663612
SRB,2048,,5619619
SRB,2049,,5576029
SRB,2050,,5532862
SRB,2051,,5489982
SRB,2052,,5447450
SRB,2053,,5405540
SRB,2054,,5363862
SRB,2055,,5322171
SRB,2056,,5280491
SRB,2057,,5238809
SRB,2058,,5197377
SRB,2059,,5156248
SRB,2060,,5115135
SRB,2061,,5073972
SRB,2062,,5032714
SRB,2063,,4991427
SRB,2064,,4950300
SRB,2065,,4909260
SRB,2066,,4868424
SRB,2067,,4827711
SRB,2068,,4787040
SRB,2069,,4746579
SRB,2070,,4706368
SRB,2071,,4666581
SRB,2072,,4627296
SRB,2073,,4588418
SRB,2074,,4549897
SRB,2075,,4511866
SRB,2076,,4474345
SRB,2077,,4437150
SRB,2078,,4400238
SRB,2079,,4363842
SRB,2080,,4328119
SRB,2081,,4293032
SRB,2082,,4258448
SRB,2083,,4224320
SRB,2084,,4190785
SRB,2085,,4157773
SRB,2086,,4125180
SRB,2087,,4092957
SRB,2088,,4061203
SRB,2089,,4029737
SRB,2090,,3998577
SRB,2091,,3967749
SRB,2092,,3937119
SRB,2093,,3906847
SRB,2094,,3876900
SRB,2095,,3847175
SRB,2096,,3817689
SRB,2097,,3788368
SRB,2098,,3759288
SRB,2099,,3730354
SRB,2100,,3701503
SYC,1950,38306,
SYC,1951,38702,
SYC,1952,39010,
SYC,1953,39334,
SYC,1954,39703,
SYC,1955,40126,
SYC,1956,40617,
SYC,1957,41198,
SYC,1958,41823,
SYC,1959,42487,
SYC,1960,43249,
SYC,1961,44133,
SYC,1962,45088,
SYC,1963,46099,
SYC,1964,47164,
SYC,1965,48295,
SYC,1966,49476,
SYC,1967,50686,
SYC,1968,51904,
SYC,1969,53104,
SYC,1970,54276,
SYC,1971,55534,
SYC,1972,56913,
SYC,1973,58320,
SYC,1974,59765,
SYC,1975,61236,
SYC,1976,62762,
SYC,1977,64117,
SYC,1978,65008,
SYC,1979,65625,
SYC,1980,66281,
SYC,1981,66974,
SYC,1982,67666,
SYC,1983,68379,
SYC,1984,69103,
SYC,1985,69837,
SYC,1986,70582,
SYC,1987,71358,
SYC,1988,72229,
SYC,1989,73142,
SYC,1990,74000,
SYC,1991,74838,
SYC,1992,75630,
SYC,1993,76420,
SYC,1994,77279,
SYC,1995,78144,
SYC,1996,78901,
SYC,1997,79670,
SYC,1998,80738,
SYC,1999,82033,
SYC,2000,83339,
SYC,2001,84621,
SYC,2002,85878,
SYC,2003,87056,
SYC,2004,88175,
SYC,2005,89288,
SYC,2006,90391,
SYC,2007,91483,
SYC,2008,92563,
SYC,2009,93644,
SYC,2010,94993,
SYC,2011,97041,
SYC,2012,99565,
SYC,2013,102108,
SYC,2014,104663,
SYC,2015,107247,
SYC,2016,109836,
SYC,2017,112443,
SYC,2018,115053,
SYC,2019,117662,
SYC,2020,120299,
SYC,2021,123000,
SYC,2022,125533,
SYC,2023,127961,
SYC,2024,,130436
SYC,2025,,132796
SYC,2026,,134980
SYC,2027,,136914
SYC,2028,,138529
SYC,2029,,139741
SYC,2030,,140412
SYC,2031,,140793
SYC,2032,,141132
SYC,2033,,141426
SYC,2034,,141682
SYC,2035,,141908
SYC,2036,,142096
SYC,2037,,142252
SYC,2038,,142381
SYC,2039,,142473
SYC,2040,,142555
SYC,2041,,142611
SYC,2042,,142632
SYC,2043,,142630
SYC,2044,,142593
SYC,2045,,142537
SYC,2046,,142450
SYC,2047,,142325
SYC,2048,,142163
SYC,2049,,141970
SYC,2050,,141756
SYC,2051,,141536
SYC,2052,,141280
SYC,2053,,141019
SYC,2054,,140735
SYC,2055,,140397
SYC,2056,,140047
SYC,2057,,139664
SYC,2058,,139262
SYC,2059,,138840
SYC,2060,,138384
SYC,2061,,137900
SYC,2062,,137399
SYC,2063,,136858
SYC,2064,,136290
SYC,2065,,135704
SYC,2066,,135103
SYC,2067,,134501
SYC,2068,,133889
SYC,2069,,133275
SYC,2070,,132640
SYC,2071,,131991
SYC,2072,,131348
SYC,2073,,130687
SYC,2074,,130022
SYC,2075,,129356
SYC,2076,,128681
SYC,2077,,128018
SYC,2078,,127344
SYC,2079,,126677
SYC,2080,,126024
SYC,2081,,125380
SYC,2082,,124759
SYC,2083,,124144
SYC,2084,,123556
SYC,2085,,122978
SYC,2086,,122423
SYC,2087,,121880
SYC,2088,,121370
SYC,2089,,120869
SYC,2090,,120388
SYC,2091,,119926
SYC,2092,,119466
SYC,2093,,119004
SYC,2094,,118566
SYC,2095,,118117
SYC,2096,,117681
SYC,2097,,117250
SYC,2098,,116824
SYC,2099,,116401
SYC,2100,,115975
SLE,1950,1999628,
SLE,1951,2023289,
SLE,1952,2047201,
SLE,1953,2070818,
SLE,1954,2095066,
SLE,1955,2120895,
SLE,1956,2147980,
SLE,1957,2176254,
SLE,1958,2204841,
SLE,1959,2235024,
SLE,1960,2268361,
SLE,1961,2304229,
SLE,1962,2342241,
SLE,1963,2382262,
SLE,1964,2424393,
SLE,1965,2468669,
SLE,1966,2514641,
SLE,1967,2562394,
SLE,1968,2611535,
SLE,1969,2661367,
SLE,1970,2712287,
SLE,1971,2763230,
SLE,1972,2814397,
SLE,1973,2866959,
SLE,1974,2920466,
SLE,1975,2974659,
SLE,1976,3028822,
SLE,1977,3085359,
SLE,1978,3145522,
SLE,1979,3207502,
SLE,1980,3272097,
SLE,1981,3338944,
SLE,1982,3408188,
SLE,1983,3481644,
SLE,1984,3558762,
SLE,1985,3638444,
SLE,1986,3728381,
SLE,1987,3829720,
SLE,1988,3934517,
SLE,1989,4034038,
SLE,1990,4196834,
SLE,1991,4246268,
SLE,1992,4166368,
SLE,1993,4157128,
SLE,1994,4173111,
SLE,1995,4179178,
SLE,1996,4199215,
SLE,1997,4253710,
SLE,1998,4295783,
SLE,1999,4318047,
SLE,2000,4423615,
SLE,2001,4692715,
SLE,2002,4971435,
SLE,2003,5177686,
SLE,2004,5355715,
SLE,2005,5501707,
SLE,2006,5624464,
SLE,2007,5749353,
SLE,2008,5894728,
SLE,2009,6055655,
SLE,2010,6222715,
SLE,2011,6387258,
SLE,2012,6551078,
SLE,2013,6714057,
SLE,2014,6876385,
SLE,2015,7037660,
SLE,2016,7205339,
SLE,2017,7379300,
SLE,2018,7554568,
SLE,2019,7731994,
SLE,2020,7912557,
SLE,2021,8094603,
SLE,2022,8276809,
SLE,2023,8460523,
SLE,2024,,8642029
SLE,2025,,8819796
SLE,2026,,8996749
SLE,2027,,9174703
SLE,2028,,9349029
SLE,2029,,9520819
SLE,2030,,9694859
SLE,2031,,9870303
SLE,2032,,10047201
SLE,2033,,10221015
SLE,2034,,10391493
SLE,2035,,10563172
SLE,2036,,10734350
SLE,2037,,10902271
SLE,2038,,11066151
SLE,2039,,11230070
SLE,2040,,11398401
SLE,2041,,11566221
SLE,2042,,11728797
SLE,2043,,11887943
SLE,2044,,12049434
SLE,2045,,12208882
SLE,2046,,12363456
SLE,2047,,12512749
SLE,2048,,12659620
SLE,2049,,12805145
SLE,2050,,12948331
SLE,2051,,13093467
SLE,2052,,13236028
SLE,2053,,13372796
SLE,2054,,13502277
SLE,2055,,13629116
SLE,2056,,13755182
SLE,2057,,13876266
SLE,2058,,13993954
SLE,2059,,14107965
SLE,2060,,14219381
SLE,2061,,14327421
SLE,2062,,14435389
SLE,2063,,14539895
SLE,2064,,14636718
SLE,2065,,14732956
SLE,2066,,14829171
SLE,2067,,14924591
SLE,2068,,15015902
SLE,2069,,15099722
SLE,2070,,15177976
SLE,2071,,15251755
SLE,2072,,15321992
SLE,2073,,15390198
SLE,2074,,15450927
SLE,2075,,15507870
SLE,2076,,15564829
SLE,2077,,15617358
SLE,2078,,15667014
SLE,2079,,15712162
SLE,2080,,15751829
SLE,2081,,15790538
SLE,2082,,15828179
SLE,2083,,15862686
SLE,2084,,15891036
SLE,2085,,15913304
SLE,2086,,15937247
SLE,2087,,15958641
SLE,2088,,15973462
SLE,2089,,15986037
SLE,2090,,15996614
SLE,2091,,16004832
SLE,2092,,16009634
SLE,2093,,16008716
SLE,2094,,16006579
SLE,2095,,16002502
SLE,2096,,15992901
SLE,2097,,15980207
SLE,2098,,15966369
SLE,2099,,15952538
SLE,2100,,15934260
SGP,1950,1013318,
SGP,1951,1068050,
SGP,1952,1126098,
SGP,1953,1187531,
SGP,1954,1252286,
SGP,1955,1320233,
SGP,1956,1390957,
SGP,1957,1458281,
SGP,1958,1515731,
SGP,1959,1567757,
SGP,1960,1619328,
SGP,1961,1670469,
SGP,1962,1721183,
SGP,1963,1771517,
SGP,1964,1821468,
SGP,1965,1870828,
SGP,1966,1919088,
SGP,1967,1965686,
SGP,1968,2010102,
SGP,1969,2052163,
SGP,1970,2091568,
SGP,1971,2128445,
SGP,1972,2164344,
SGP,1973,2200145,
SGP,1974,2235079,
SGP,1975,2268532,
SGP,1976,2300749,
SGP,1977,2331547,
SGP,1978,2360611,
SGP,1979,2388159,
SGP,1980,2437496,
SGP,1981,2531801,
SGP,1982,2627420,
SGP,1983,2685982,
SGP,1984,2720930,
SGP,1985,2735032,
SGP,1986,2744656,
SGP,1987,2781625,
SGP,1988,2849043,
SGP,1989,2938656,
SGP,1990,3039593,
SGP,1991,3136294,
SGP,1992,3226461,
SGP,1993,3317892,
SGP,1994,3417818,
SGP,1995,3533624,
SGP,1996,3664566,
SGP,1997,3796629,
SGP,1998,3901418,
SGP,1999,3966562,
SGP,2000,4035251,
SGP,2001,4116169,
SGP,2002,4146898,
SGP,2003,4138241,
SGP,2004,4172767,
SGP,2005,4268363,
SGP,2006,4407064,
SGP,2007,4596516,
SGP,2008,4806742,
SGP,2009,4968574,
SGP,2010,5077020,
SGP,2011,5182242,
SGP,2012,5293345,
SGP,2013,5385589,
SGP,2014,5457899,
SGP,2015,5525343,
SGP,2016,5577936,
SGP,2017,5604087,
SGP,2018,5634366,
SGP,2019,5669562,
SGP,2020,5620151,
SGP,2021,5546291,
SGP,2022,5649888,
SGP,2023,5789092,
SGP,2024,,5832387
SGP,2025,,5870749
SGP,2026,,5905748
SGP,2027,,5939547
SGP,2028,,5973347
SGP,2029,,6004084
SGP,2030,,6031378
SGP,2031,,6058406
SGP,2032,,6085224
SGP,2033,,6111156
SGP,2034,,6134779
SGP,2035,,6153230
SGP,2036,,6166850
SGP,2037,,6178218
SGP,2038,,6188055
SGP,2039,,6193912
SGP,2040,,6194787
SGP,2041,,6191329
SGP,2042,,6185388
SGP,2043,,6178275
SGP,2044,,6168176
SGP,2045,,6156190
SGP,2046,,6143601
SGP,2047,,6128159
SGP,2048,,6113206
SGP,2049,,6098705
SGP,2050,,6081693
SGP,2051,,6064525
SGP,2052,,6050278
SGP,2053,,6036531
SGP,2054,,6018487
SGP,2055,,5999237
SGP,2056,,5981468
SGP,2057,,5964195
SGP,2058,,5944892
SGP,2059,,5924042
SGP,2060,,5901722
SGP,2061,,5878368
SGP,2062,,5855445
SGP,2063,,5832833
SGP,2064,,5809249
SGP,2065,,5781342
SGP,2066,,5750390
SGP,2067,,5720928
SGP,2068,,5692408
SGP,2069,,5661830
SGP,2070,,5631286
SGP,2071,,5600259
SGP,2072,,5566915
SGP,2073,,5531142
SGP,2074,,5490634
SGP,2075,,5446019
SGP,2076,,5402483
SGP,2077,,5358720
SGP,2078,,5311678
SGP,2079,,5261724
SGP,2080,,5209687
SGP,2081,,5156378
SGP,2082,,5101496
SGP,2083,,5046186
SGP,2084,,4991238
SGP,2085,,4935582
SGP,2086,,4878380
SGP,2087,,4821062
SGP,2088,,4764825
SGP,2089,,4707960
SGP,2090,,4651264
SGP,2091,,4596277
SGP,2092,,4543637
SGP,2093,,4492714
SGP,2094,,4440955
SGP,2095,,4390126
SGP,2096,,4341142
SGP,2097,,4293577
SGP,2098,,4247445
SGP,2099,,4203655
SGP,2100,,4163015
SXM,1950,1472,
SXM,1951,1578,
SXM,1952,1672,
SXM,1953,1760,
SXM,1954,1859,
SXM,1955,1971,
SXM,1956,2100,
SXM,1957,2237,
SXM,1958,2387,
SXM,1959,2544,
SXM,1960,2738,
SXM,1961,2991,
SXM,1962,3283,
SXM,1963,3605,
SXM,1964,3945,
SXM,1965,4304,
SXM,1966,4683,
SXM,1967,5090,
SXM,1968,5524,
SXM,1969,5970,
SXM,1970,6437,
SXM,1971,6909,
SXM,1972,7402,
SXM,1973,7939,
SXM,1974,8514,
SXM,1975,9114,
SXM,1976,9739,
SXM,1977,10387,
SXM,1978,11059,
SXM,1979,11746,
SXM,1980,12432,
SXM,1981,13327,
SXM,1982,14622,
SXM,1983,16154,
SXM,1984,17715,
SXM,1985,19314,
SXM,1986,20949,
SXM,1987,22642,
SXM,1988,24382,
SXM,1989,26190,
SXM,1990,28079,
SXM,1991,30063,
SXM,1992,31589,
SXM,1993,32050,
SXM,1994,31941,
SXM,1995,31796,
SXM,1996,31622,
SXM,1997,31421,
SXM,1998,31215,
SXM,1999,30998,
SXM,2000,30796,
SXM,2001,30751,
SXM,2002,30986,
SXM,2003,31346,
SXM,2004,31714,
SXM,2005,32083,
SXM,2006,32448,
SXM,2007,32811,
SXM,2008,33165,
SXM,2009,33514,
SXM,2010,33814,
SXM,2011,34288,
SXM,2012,35040,
SXM,2013,35871,
SXM,2014,36695,
SXM,2015,37490,
SXM,2016,38274,
SXM,2017,39012,
SXM,2018,39736,
SXM,2019,40410,
SXM,2020,41027,
SXM,2021,41593,
SXM,2022,42163,
SXM,2023,42775,
SXM,2024,,43372
SXM,2025,,43946
SXM,2026,,44473
SXM,2027,,44967
SXM,2028,,45448
SXM,2029,,45913
SXM,2030,,46358
SXM,2031,,46772
SXM,2032,,47171
SXM,2033,,47556
SXM,2034,,47911
SXM,2035,,48274
SXM,2036,,48607
SXM,2037,,48925
SXM,2038,,49227
SXM,2039,,49496
SXM,2040,,49750
SXM,2041,,49987
SXM,2042,,50168
SXM,2043,,50335
SXM,2044,,50496
SXM,2045,,50643
SXM,2046,,50784
SXM,2047,,50915
SXM,2048,,51009
SXM,2049,,51036
SXM,2050,,51040
SXM,2051,,51039
SXM,2052,,51010
SXM,2053,,50998
SXM,2054,,50970
SXM,2055,,50896
SXM,2056,,50813
SXM,2057,,50716
SXM,2058,,50617
SXM,2059,,50504
SXM,2060,,50419
SXM,2061,,50342
SXM,2062,,50257
SXM,2063,,50154
SXM,2064,,50035
SXM,2065,,49914
SXM,2066,,49765
SXM,2067,,49601
SXM,2068,,49452
SXM,2069,,49303
SXM,2070,,49165
SXM,2071,,49034
SXM,2072,,48887
SXM,2073,,48731
SXM,2074,,48563
SXM,2075,,48389
SXM,2076,,48221
SXM,2077,,48029
SXM,2078,,47822
SXM,2079,,47627
SXM,2080,,47447
SXM,2081,,47259
SXM,2082,,47051
SXM,2083,,46838
SXM,2084,,46622
SXM,2085,,46400
SXM,2086,,46173
SXM,2087,,45939
SXM,2088,,45704
SXM,2089,,45450
SXM,2090,,45191
SXM,2091,,44927
SXM,2092,,44655
SXM,2093,,44367
SXM,2094,,44087
SXM,2095,,43811
SXM,2096,,43520
SXM,2097,,43219
SXM,2098,,42911
SXM,2099,,42606
SXM,2100,,42299
SVK,1950,3465750,
SVK,1951,3525383,
SVK,1952,3591860,
SVK,1953,3660079,
SVK,1954,3728027,
SVK,1955,3797354,
SVK,1956,3868268,
SVK,1957,3936840,
SVK,1958,4002698,
SVK,1959,4064674,
SVK,1960,4124444,
SVK,1961,4185347,
SVK,1962,4235796,
SVK,1963,4278467,
SVK,1964,4323293,
SVK,1965,4365055,
SVK,1966,4402206,
SVK,1967,4436106,
SVK,1968,4466440,
SVK,1969,4495039,
SVK,1970,4525876,
SVK,1971,4560415,
SVK,1972,4599802,
SVK,1973,4643683,
SVK,1974,4690647,
SVK,1975,4739175,
SVK,1976,4788513,
SVK,1977,4837710,
SVK,1978,4885733,
SVK,1979,4933451,
SVK,1980,4976659,
SVK,1981,5014960,
SVK,1982,5051811,
SVK,1983,5086443,
SVK,1984,5119394,
SVK,1985,5151164,
SVK,1986,5180090,
SVK,1987,5205882,
SVK,1988,5229678,
SVK,1989,5249932,
SVK,1990,5266077,
SVK,1991,5284876,
SVK,1992,5306445,
SVK,1993,5326363,
SVK,1994,5343230,
SVK,1995,5354287,
SVK,1996,5362430,
SVK,1997,5369781,
SVK,1998,5374801,
SVK,1999,5378105,
SVK,2000,5380001,
SVK,2001,5379439,
SVK,2002,5377685,
SVK,2003,5376197,
SVK,2004,5376038,
SVK,2005,5376697,
SVK,2006,5376847,
SVK,2007,5376993,
SVK,2008,5379127,
SVK,2009,5385074,
SVK,2010,5391857,
SVK,2011,5398105,
SVK,2012,5404877,
SVK,2013,5410422,
SVK,2014,5415238,
SVK,2015,5420278,
SVK,2016,5427262,
SVK,2017,5435702,
SVK,2018,5443229,
SVK,2019,5450627,
SVK,2020,5455028,
SVK,2021,5442766,
SVK,2022,5473195,
SVK,2023,5518057,
SVK,2024,,5506759
SVK,2025,,5474874
SVK,2026,,5451343
SVK,2027,,5441441
SVK,2028,,5429799
SVK,2029,,5416437
SVK,2030,,5401393
SVK,2031,,5384895
SVK,2032,,5367128
SVK,2033,,5348223
SVK,2034,,5328287
SVK,2035,,5307350
SVK,2036,,5285479
SVK,2037,,5262938
SVK,2038,,5239778
SVK,2039,,5216127
SVK,2040,,5192015
SVK,2041,,5167475
SVK,2042,,5142692
SVK,2043,,5117640
SVK,2044,,5092331
SVK,2045,,5066916
SVK,2046,,5041379
SVK,2047,,5015613
SVK,2048,,4989623
SVK,2049,,4963256
SVK,2050,,4936493
SVK,2051,,4909323
SVK,2052,,4881645
SVK,2053,,4853402
SVK,2054,,4824619
SVK,2055,,4795151
SVK,2056,,4764792
SVK,2057,,4733610
SVK,2058,,4701580
SVK,2059,,4668676
SVK,2060,,4635019
SVK,2061,,4600676
SVK,2062,,4565661
SVK,2063,,4530007
SVK,2064,,4493839
SVK,2065,,4457248
SVK,2066,,4420407
SVK,2067,,4383304
SVK,2068,,4345942
SVK,2069,,4308545
SVK,2070,,4271287
SVK,2071,,4234289
SVK,2072,,4197597
SVK,2073,,4161330
SVK,2074,,4125692
SVK,2075,,4090674
SVK,2076,,4056331
SVK,2077,,4022730
SVK,2078,,3989984
SVK,2079,,3958102
SVK,2080,,3926994
SVK,2081,,3896687
SVK,2082,,3867205
SVK,2083,,3838507
SVK,2084,,3810537
SVK,2085,,3783281
SVK,2086,,3756693
SVK,2087,,3730809
SVK,2088,,3705546
SVK,2089,,3680765
SVK,2090,,3656442
SVK,2091,,3632526
SVK,2092,,3608978
SVK,2093,,3585745
SVK,2094,,3562762
SVK,2095,,3539965
SVK,2096,,3517357
SVK,2097,,3494825
SVK,2098,,3472274
SVK,2099,,3449760
SVK,2100,,3427219
SVN,1950,1446362,
SVN,1951,1462731,
SVN,1952,1479671,
SVN,1953,1497562,
SVN,1954,1515604,
SVN,1955,1532637,
SVN,1956,1548767,
SVN,1957,1564154,
SVN,1958,1578539,
SVN,1959,1592118,
SVN,1960,1605080,
SVN,1961,1618564,
SVN,1962,1633084,
SVN,1963,1647447,
SVN,1964,1661355,
SVN,1965,1675321,
SVN,1966,1689638,
SVN,1967,1703875,
SVN,1968,1716931,
SVN,1969,1728680,
SVN,1970,1739869,
SVN,1971,1752715,
SVN,1972,1768220,
SVN,1973,1784579,
SVN,1974,1801032,
SVN,1975,1817595,
SVN,1976,1834356,
SVN,1977,1851329,
SVN,1978,1868515,
SVN,1979,1885912,
SVN,1980,1903075,
SVN,1981,1914594,
SVN,1982,1917974,
SVN,1983,1923360,
SVN,1984,1932703,
SVN,1985,1941480,
SVN,1986,1964833,
SVN,1987,1988025,
SVN,1988,1993520,
SVN,1989,1995463,
SVN,1990,1998010,
SVN,1991,1999191,
SVN,1992,1995862,
SVN,1993,1990815,
SVN,1994,1988262,
SVN,1995,1988098,
SVN,1996,1986792,
SVN,1997,1984404,
SVN,1998,1980071,
SVN,1999,1981198,
SVN,2000,1986817,
SVN,2001,1989684,
SVN,2002,1991571,
SVN,2003,1992499,
SVN,2004,1993548,
SVN,2005,1996915,
SVN,2006,2003116,
SVN,2007,2014159,
SVN,2008,2025090,
SVN,2009,2035610,
SVN,2010,2044611,
SVN,2011,2048805,
SVN,2012,2053322,
SVN,2013,2056452,
SVN,2014,2058395,
SVN,2015,2059946,
SVN,2016,2061379,
SVN,2017,2062410,
SVN,2018,2069484,
SVN,2019,2083438,
SVN,2020,2102421,
SVN,2021,2113495,
SVN,2022,2115231,
SVN,2023,2118394,
SVN,2024,,2118692
SVN,2025,,2117070
SVN,2026,,2114570
SVN,2027,,2111538
SVN,2028,,2107832
SVN,2029,,2103527
SVN,2030,,2098963
SVN,2031,,2094077
SVN,2032,,2089054
SVN,2033,,2083974
SVN,2034,,2078930
SVN,2035,,2073837
SVN,2036,,2068480
SVN,2037,,2062855
SVN,2038,,2057381
SVN,2039,,2052079
SVN,2040,,2046759
SVN,2041,,2041318
SVN,2042,,2035412
SVN,2043,,2029195
SVN,2044,,2022817
SVN,2045,,2016290
SVN,2046,,2009696
SVN,2047,,2002989
SVN,2048,,1996187
SVN,2049,,1989122
SVN,2050,,1981554
SVN,2051,,1973638
SVN,2052,,1965350
SVN,2053,,1956750
SVN,2054,,1947895
SVN,2055,,1938687
SVN,2056,,1929355
SVN,2057,,1919739
SVN,2058,,1910150
SVN,2059,,1900567
SVN,2060,,1890547
SVN,2061,,1880531
SVN,2062,,1870789
SVN,2063,,1861188
SVN,2064,,1851459
SVN,2065,,1841740
SVN,2066,,1832383
SVN,2067,,1823323
SVN,2068,,1814226
SVN,2069,,1805087
SVN,2070,,1796288
SVN,2071,,1787916
SVN,2072,,1779810
SVN,2073,,1771778
SVN,2074,,1763896
SVN,2075,,1756473
SVN,2076,,1749463
SVN,2077,,1742745
SVN,2078,,1736133
SVN,2079,,1729788
SVN,2080,,1723700
SVN,2081,,1717877
SVN,2082,,1712449
SVN,2083,,1707192
SVN,2084,,1702106
SVN,2085,,1697216
SVN,2086,,1692345
SVN,2087,,1687591
SVN,2088,,1683091
SVN,2089,,1678710
SVN,2090,,1674267
SVN,2091,,1669935
SVN,2092,,1665756
SVN,2093,,1661546
SVN,2094,,1657349
SVN,2095,,1653164
SVN,2096,,1648956
SVN,2097,,1644669
SVN,2098,,1640464
SVN,2099,,1636331
SVN,2100,,1632032
,1950,23402925,
,1951,23898088,
,1952,24404713,
,1953,24927190,
,1954,25463896,
,1955,26016299,
,1956,26585049,
,1957,27164199,
,1958,27748242,
,1959,28342591,
,1960,28957339,
,1961,29590020,
,1962,30236082,
,1963,30891680,
,1964,31542978,
,1965,32190279,
,1966,32845473,
,1967,33509354,
,1968,34175188,
,1969,34835330,
,1970,35500870,
,1971,36171346,
,1972,36829858,
,1973,37477789,
,1974,38128340,
,1975,38786673,
,1976,39442784,
,1977,40090547,
,1978,40727100,
,1979,41333290,
,1980,41940509,
,1981,42603103,
,1982,43290507,
,1983,43965391,
,1984,44628157,
,1985,45276865,
,1986,45924457,
,1987,46600210,
,1988,47315688,
,1989,48069129,
,1990,48858552,
,1991,49674782,
,1992,50502886,
,1993,51329676,
,1994,52154390,
,1995,52988919,
,1996,53837865,
,1997,54690885,
,1998,55513928,
,1999,56160375,
,2000,56817763,
,2001,57627191,
,2002,58380254,
,2003,59063574,
,2004,59754185,
,2005,60501159,
,2006,61300069,
,2007,62152167,
,2008,63024396,
,2009,63852313,
,2010,64585832,
,2011,65309897,
,2012,66073257,
,2013,66806937,
,2014,67504472,
,2015,68185220,
,2016,68838424,
,2017,69394087,
,2018,70010847,
,2019,70666300,
,2020,71178639,
,2021,71632450,
,2022,72230334,
,2023,72894712,
,2024,,73462562
,2025,,74007963
,2026,,74531150
,2027,,75040985
,2028,,75540631
,2029,,76024671
,2030,,76494334
,2031,,76953041
,2032,,77400719
,2033,,77836967
,2034,,78261003
,2035,,78671419
,2036,,79067825
,2037,,79449774
,2038,,79818465
,2039,,80172037
,2040,,80507268
,2041,,80825387
,2042,,81130607
,2043,,81424129
,2044,,81701598
,2045,,81965628
,2046,,82215739
,2047,,82449261
,2048,,82673307
,2049,,82883828
,2050,,83078079
,2051,,83256253
,2052,,83420690
,2053,,83572878
,2054,,83704341
,2055,,83819421
,2056,,83922920
,2057,,84015021
,2058,,84094404
,2059,,84159908
,2060,,84209876
,2061,,84244363
,2062,,84267682
,2063,,84283190
,2064,,84289706
,2065,,84282378
,2066,,84263470
,2067,,84237311
,2068,,84202472
,2069,,84155020
,2070,,84094971
,2071,,84028506
,2072,,83953116
,2073,,83861619
,2074,,83754400
,2075,,83635764
,2076,,83510809
,2077,,83376114
,2078,,83228862
,2079,,83071049
,2080,,82903768
,2081,,82724188
,2082,,82532897
,2083,,82335576
,2084,,82131716
,2085,,81919621
,2086,,81701618
,2087,,81476179
,2088,,81244054
,2089,,81005033
,2090,,80763248
,2091,,80520905
,2092,,80276096
,2093,,80028893
,2094,,79775988
,2095,,79517371
,2096,,79254782
,2097,,78990410
,2098,,78722039
,2099,,78452530
,2100,,78183618
SLB,1950,108650,
SLB,1951,110972,
SLB,1952,113501,
SLB,1953,116223,
SLB,1954,119126,
SLB,1955,122199,
SLB,1956,125357,
SLB,1957,128689,
SLB,1958,132320,
SLB,1959,136144,
SLB,1960,139698,
SLB,1961,142921,
SLB,1962,146210,
SLB,1963,149607,
SLB,1964,153098,
SLB,1965,156696,
SLB,1966,160403,
SLB,1967,164255,
SLB,1968,168297,
SLB,1969,172488,
SLB,1970,176590,
SLB,1971,180655,
SLB,1972,185005,
SLB,1973,189788,
SLB,1974,195056,
SLB,1975,200759,
SLB,1976,207210,
SLB,1977,214426,
SLB,1978,222040,
SLB,1979,229964,
SLB,1980,238149,
SLB,1981,246569,
SLB,1982,255213,
SLB,1983,264084,
SLB,1984,273176,
SLB,1985,282468,
SLB,1986,291855,
SLB,1987,301426,
SLB,1988,311278,
SLB,1989,321293,
SLB,1990,331448,
SLB,1991,341743,
SLB,1992,352215,
SLB,1993,362850,
SLB,1994,373685,
SLB,1995,384744,
SLB,1996,396017,
SLB,1997,407480,
SLB,1998,419078,
SLB,1999,430511,
SLB,2000,440481,
SLB,2001,449137,
SLB,2002,457676,
SLB,2003,466164,
SLB,2004,474618,
SLB,2005,483090,
SLB,2006,491602,
SLB,2007,500168,
SLB,2008,508802,
SLB,2009,518150,
SLB,2010,532976,
SLB,2011,552958,
SLB,2012,573623,
SLB,2013,594952,
SLB,2014,616915,
SLB,2015,639423,
SLB,2016,662387,
SLB,2017,685677,
SLB,2018,709109,
SLB,2019,728156,
SLB,2020,744505,
SLB,2021,762594,
SLB,2022,781075,
SLB,2023,800014,
SLB,2024,,819206
SLB,2025,,838655
SLB,2026,,858292
SLB,2027,,878106
SLB,2028,,898083
SLB,2029,,918163
SLB,2030,,938349
SLB,2031,,958625
SLB,2032,,978987
SLB,2033,,999325
SLB,2034,,1019545
SLB,2035,,1039666
SLB,2036,,1059532
SLB,2037,,1079097
SLB,2038,,1098296
SLB,2039,,1117098
SLB,2040,,1135458
SLB,2041,,1153462
SLB,2042,,1171347
SLB,2043,,1189126
SLB,2044,,1206742
SLB,2045,,1224202
SLB,2046,,1241505
SLB,2047,,1258625
SLB,2048,,1275594
SLB,2049,,1292429
SLB,2050,,1309112
SLB,2051,,1325608
SLB,2052,,1341937
SLB,2053,,1358112
SLB,2054,,1374052
SLB,2055,,1389808
SLB,2056,,1405380
SLB,2057,,1420732
SLB,2058,,1435969
SLB,2059,,1451107
SLB,2060,,1465992
SLB,2061,,1480705
SLB,2062,,1495240
SLB,2063,,1509600
SLB,2064,,1523785
SLB,2065,,1537695
SLB,2066,,1551360
SLB,2067,,1564842
SLB,2068,,1578165
SLB,2069,,1591224
SLB,2070,,1603966
SLB,2071,,1616468
SLB,2072,,1628721
SLB,2073,,1640652
SLB,2074,,1652174
SLB,2075,,1663389
SLB,2076,,1674484
SLB,2077,,1685309
SLB,2078,,1695742
SLB,2079,,1705781
SLB,2080,,1715562
SLB,2081,,1725110
SLB,2082,,1734328
SLB,2083,,1743236
SLB,2084,,1751827
SLB,2085,,1760115
SLB,2086,,1768080
SLB,2087,,1775754
SLB,2088,,1783152
SLB,2089,,1790270
SLB,2090,,1797132
SLB,2091,,1803753
SLB,2092,,1810121
SLB,2093,,1816176
SLB,2094,,1821785
SLB,2095,,1827113
SLB,2096,,1832148
SLB,2097,,1836824
SLB,2098,,1841191
SLB,2099,,1845303
SLB,2100,,1849206
SOM,1950,2213139,
SOM,1951,2276682,
SOM,1952,2340259,
SOM,1953,2403576,
SOM,1954,2467314,
SOM,1955,2532253,
SOM,1956,2598371,
SOM,1957,2665713,
SOM,1958,2733407,
SOM,1959,2803095,
SOM,1960,2876333,
SOM,1961,2952057,
SOM,1962,3030096,
SOM,1963,3110362,
SOM,1964,3192798,
SOM,1965,3277875,
SOM,1966,3365115,
SOM,1967,3454541,
SOM,1968,3546594,
SOM,1969,3641019,
SOM,1970,3738451,
SOM,1971,3837694,
SOM,1972,3939438,
SOM,1973,4045589,
SOM,1974,4151851,
SOM,1975,4257539,
SOM,1976,4365815,
SOM,1977,4484061,
SOM,1978,4814897,
SOM,1979,5449115,
SOM,1980,5936155,
SOM,1981,5982853,
SOM,1982,6003838,
SOM,1983,6198436,
SOM,1984,6428396,
SOM,1985,6693294,
SOM,1986,6974790,
SOM,1987,7228308,
SOM,1988,7235362,
SOM,1989,7114828,
SOM,1990,7082816,
SOM,1991,6813762,
SOM,1992,6495109,
SOM,1993,6681406,
SOM,1994,7026804,
SOM,1995,7285013,
SOM,1996,7554476,
SOM,1997,7824531,
SOM,1998,8155414,
SOM,1999,8492066,
SOM,2000,8838714,
SOM,2001,9198495,
SOM,2002,9550069,
SOM,2003,9909161,
SOM,2004,10281001,
SOM,2005,10644234,
SOM,2006,10975502,
SOM,2007,11322581,
SOM,2008,11663090,
SOM,2009,11961205,
SOM,2010,12261761,
SOM,2011,12348829,
SOM,2012,12461163,
SOM,2013,12869599,
SOM,2014,13339497,
SOM,2015,13806969,
SOM,2016,14348741,
SOM,2017,14916630,
SOM,2018,15452489,
SOM,2019,16030969,
SOM,2020,16651200,
SOM,2021,17271435,
SOM,2022,17801895,
SOM,2023,18358622,
SOM,2024,,19009155
SOM,2025,,19654743
SOM,2026,,20305912
SOM,2027,,20959061
SOM,2028,,21601817
SOM,2029,,22247722
SOM,2030,,22915050
SOM,2031,,23589801
SOM,2032,,24258797
SOM,2033,,24921838
SOM,2034,,25593675
SOM,2035,,26294951
SOM,2036,,27009207
SOM,2037,,27731179
SOM,2038,,28455762
SOM,2039,,29167907
SOM,2040,,29896296
SOM,2041,,30635966
SOM,2042,,31350037
SOM,2043,,32057991
SOM,2044,,32780428
SOM,2045,,33510174
SOM,2046,,34248041
SOM,2047,,34996377
SOM,2048,,35743972
SOM,2049,,36474695
SOM,2050,,37206509
SOM,2051,,37953806
SOM,2052,,38698971
SOM,2053,,39446513
SOM,2054,,40219731
SOM,2055,,41010257
SOM,2056,,41786447
SOM,2057,,42542107
SOM,2058,,43279608
SOM,2059,,44047067
SOM,2060,,44852919
SOM,2061,,45622308
SOM,2062,,46352101
SOM,2063,,47079493
SOM,2064,,47817864
SOM,2065,,48561645
SOM,2066,,49283344
SOM,2067,,49980520
SOM,2068,,50661329
SOM,2069,,51337408
SOM,2070,,52028358
SOM,2071,,52719070
SOM,2072,,53391390
SOM,2073,,54055707
SOM,2074,,54721031
SOM,2075,,55346360
SOM,2076,,55939210
SOM,2077,,56553615
SOM,2078,,57175646
SOM,2079,,57789235
SOM,2080,,58378680
SOM,2081,,58912964
SOM,2082,,59446282
SOM,2083,,60002123
SOM,2084,,60548572
SOM,2085,,61103034
SOM,2086,,61650279
SOM,2087,,62150137
SOM,2088,,62610059
SOM,2089,,63051766
SOM,2090,,63508872
SOM,2091,,63981474
SOM,2092,,64427622
SOM,2093,,64848119
SOM,2094,,65253639
SOM,2095,,65643453
SOM,2096,,66025178
SOM,2097,,66383625
SOM,2098,,66716888
SOM,2099,,67052053
SOM,2100,,67364025
ZAF,1950,13038501,
ZAF,1951,13309025,
ZAF,1952,13595546,
ZAF,1953,13892917,
ZAF,1954,14203781,
ZAF,1955,14533371,
ZAF,1956,14880686,
ZAF,1957,15244838,
ZAF,1958,15620420,
ZAF,1959,16014970,
ZAF,1960,16440175,
ZAF,1961,16908039,
ZAF,1962,17418522,
ZAF,1963,17954560,
ZAF,1964,18511367,
ZAF,1965,19089382,
ZAF,1966,19690084,
ZAF,1967,20314072,
ZAF,1968,20957287,
ZAF,1969,21614679,
ZAF,1970,22279990,
ZAF,1971,22942145,
ZAF,1972,23609457,
ZAF,1973,24294264,
ZAF,1974,24989109,
ZAF,1975,25690943,
ZAF,1976,26395451,
ZAF,1977,27118951,
ZAF,1978,27869506,
ZAF,1979,28634161,
ZAF,1980,29518857,
ZAF,1981,30541046,
ZAF,1982,31615339,
ZAF,1983,32739308,
ZAF,1984,33892793,
ZAF,1985,35042097,
ZAF,1986,36180519,
ZAF,1987,37326192,
ZAF,1988,38480647,
ZAF,1989,39628574,
ZAF,1990,40746274,
ZAF,1991,41687903,
ZAF,1992,42443510,
ZAF,1993,43297155,
ZAF,1994,44004140,
ZAF,1995,44541557,
ZAF,1996,45123023,
ZAF,1997,45666835,
ZAF,1998,46223888,
ZAF,1999,46730331,
ZAF,2000,47159715,
ZAF,2001,47566805,
ZAF,2002,48019414,
ZAF,2003,48500351,
ZAF,2004,48991420,
ZAF,2005,49490041,
ZAF,2006,49998271,
ZAF,2007,50528575,
ZAF,2008,51114595,
ZAF,2009,51728518,
ZAF,2010,52344047,
ZAF,2011,52995212,
ZAF,2012,53782570,
ZAF,2013,54678789,
ZAF,2014,55594840,
ZAF,2015,56723536,
ZAF,2016,57259550,
ZAF,2017,57635158,
ZAF,2018,58613001,
ZAF,2019,59587880,
ZAF,2020,60562374,
ZAF,2021,61502602,
ZAF,2022,62378417,
ZAF,2023,63212386,
ZAF,2024,,64007187
ZAF,2025,,64747319
ZAF,2026,,65453083
ZAF,2027,,66143019
ZAF,2028,,66830386
ZAF,2029,,67506850
ZAF,2030,,68161358
ZAF,2031,,68798575
ZAF,2032,,69426441
ZAF,2033,,70040487
ZAF,2034,,70641571
ZAF,2035,,71234750
ZAF,2036,,71816373
ZAF,2037,,72387809
ZAF,2038,,72949612
ZAF,2039,,73496152
ZAF,2040,,74035616
ZAF,2041,,74575447
ZAF,2042,,75111901
ZAF,2043,,75641515
ZAF,2044,,76164464
ZAF,2045,,76681451
ZAF,2046,,77199545
ZAF,2047,,77716653
ZAF,2048,,78215326
ZAF,2049,,78699585
ZAF,2050,,79177332
ZAF,2051,,79652211
ZAF,2052,,80115435
ZAF,2053,,80557028
ZAF,2054,,80994208
ZAF,2055,,81427428
ZAF,2056,,81844864
ZAF,2057,,82252530
ZAF,2058,,82658551
ZAF,2059,,83056841
ZAF,2060,,83443508
ZAF,2061,,83818405
ZAF,2062,,84187513
ZAF,2063,,84556163
ZAF,2064,,84918441
ZAF,2065,,85261582
ZAF,2066,,85591614
ZAF,2067,,85916406
ZAF,2068,,86231082
ZAF,2069,,86539588
ZAF,2070,,86857021
ZAF,2071,,87183491
ZAF,2072,,87486527
ZAF,2073,,87766050
ZAF,2074,,88046046
ZAF,2075,,88323149
ZAF,2076,,88589553
ZAF,2077,,88858011
ZAF,2078,,89132770
ZAF,2079,,89403958
ZAF,2080,,89674091
ZAF,2081,,89944240
ZAF,2082,,90208631
ZAF,2083,,90469063
ZAF,2084,,90721516
ZAF,2085,,90957531
ZAF,2086,,91196452
ZAF,2087,,91444347
ZAF,2088,,91687472
ZAF,2089,,91926607
ZAF,2090,,92160720
ZAF,2091,,92399710
ZAF,2092,,92635387
ZAF,2093,,92860586
ZAF,2094,,93085408
ZAF,2095,,93300489
ZAF,2096,,93502150
ZAF,2097,,93695463
ZAF,2098,,93893511
ZAF,2099,,94101365
ZAF,2100,,94314443
KOR,1950,19757319,
KOR,1951,19868990,
KOR,1952,20229880,
KOR,1953,20775325,
KOR,1954,21415578,
KOR,1955,22125104,
KOR,1956,22874441,
KOR,1957,23660791,
KOR,1958,24473927,
KOR,1959,25298234,
KOR,1960,26115388,
KOR,1961,26852962,
KOR,1962,27509235,
KOR,1963,28145547,
KOR,1964,28744980,
KOR,1965,29284343,
KOR,1966,29845941,
KOR,1967,30495725,
KOR,1968,31175295,
KOR,1969,31852769,
KOR,1970,32542203,
KOR,1971,33239859,
KOR,1972,33936470,
KOR,1973,34625848,
KOR,1974,35287834,
KOR,1975,35875741,
KOR,1976,36379928,
KOR,1977,36843638,
KOR,1978,37281935,
KOR,1979,37710898,
KOR,1980,38141109,
KOR,1981,38689192,
KOR,1982,39356159,
KOR,1983,40000945,
KOR,1984,40598302,
KOR,1985,41148956,
KOR,1986,41718508,
KOR,1987,42322092,
KOR,1988,42922980,
KOR,1989,43524765,
KOR,1990,44081425,
KOR,1991,44439146,
KOR,1992,44653699,
KOR,1993,44887721,
KOR,1994,45130842,
KOR,1995,45368425,
KOR,1996,45638701,
KOR,1997,45941541,
KOR,1998,46230885,
KOR,1999,46500382,
KOR,2000,46766660,
KOR,2001,47043467,
KOR,2002,47299118,
KOR,2003,47514158,
KOR,2004,47697076,
KOR,2005,47851646,
KOR,2006,48006518,
KOR,2007,48178122,
KOR,2008,48356485,
KOR,2009,48546690,
KOR,2010,48769329,
KOR,2011,49127640,
KOR,2012,49599580,
KOR,2013,50071168,
KOR,2014,50539055,
KOR,2015,50983909,
KOR,2016,51297836,
KOR,2017,51486268,
KOR,2018,51640894,
KOR,2019,51767844,
KOR,2020,51858481,
KOR,2021,51848401,
KOR,2022,51782515,
KOR,2023,51748744,
KOR,2024,,51717587
KOR,2025,,51667035
KOR,2026,,51600389
KOR,2027,,51518848
KOR,2028,,51423419
KOR,2029,,51314011
KOR,2030,,51188577
KOR,2031,,51048176
KOR,2032,,50891288
KOR,2033,,50714303
KOR,2034,,50516808
KOR,2035,,50300724
KOR,2036,,50066539
KOR,2037,,49813423
KOR,2038,,49541164
KOR,2039,,49251889
KOR,2040,,48948683
KOR,2041,,48630423
KOR,2042,,48299739
KOR,2043,,47959040
KOR,2044,,47603369
KOR,2045,,47232950
KOR,2046,,46850900
KOR,2047,,46452064
KOR,2048,,46033797
KOR,2049,,45597288
KOR,2050,,45143134
KOR,2051,,44671148
KOR,2052,,44178838
KOR,2053,,43672041
KOR,2054,,43157453
KOR,2055,,42632674
KOR,2056,,42095101
KOR,2057,,41545086
KOR,2058,,40984537
KOR,2059,,40421038
KOR,2060,,39857223
KOR,2061,,39296688
KOR,2062,,38739040
KOR,2063,,38183169
KOR,2064,,37632827
KOR,2065,,37088069
KOR,2066,,36550312
KOR,2067,,36018520
KOR,2068,,35493427
KOR,2069,,34971812
KOR,2070,,34452992
KOR,2071,,33941699
KOR,2072,,33438139
KOR,2073,,32943027
KOR,2074,,32455481
KOR,2075,,31974835
KOR,2076,,31501191
KOR,2077,,31033647
KOR,2078,,30572955
KOR,2079,,30119419
KOR,2080,,29671504
KOR,2081,,29227156
KOR,2082,,28788343
KOR,2083,,28355707
KOR,2084,,27928601
KOR,2085,,27505921
KOR,2086,,27086569
KOR,2087,,26670754
KOR,2088,,26258924
KOR,2089,,25851779
KOR,2090,,25449092
KOR,2091,,25051893
KOR,2092,,24660824
KOR,2093,,24277121
KOR,2094,,23902069
KOR,2095,,23535540
KOR,2096,,23179093
KOR,2097,,22833458
KOR,2098,,22496482
KOR,2099,,22168455
KOR,2100,,21848795
SSD,1950,2493286,
SSD,1951,2529620,
SSD,1952,2569208,
SSD,1953,2611735,
SSD,1954,2657098,
SSD,1955,2705090,
SSD,1956,2754597,
SSD,1957,2804099,
SSD,1958,2848361,
SSD,1959,2888781,
SSD,1960,2931567,
SSD,1961,2976728,
SSD,1962,3024304,
SSD,1963,3072675,
SSD,1964,3129915,
SSD,1965,3189833,
SSD,1966,3236423,
SSD,1967,3277648,
SSD,1968,3321528,
SSD,1969,3365534,
SSD,1970,3409620,
SSD,1971,3468646,
SSD,1972,3542492,
SSD,1973,3627387,
SSD,1974,3723264,
SSD,1975,3821494,
SSD,1976,3921912,
SSD,1977,4024037,
SSD,1978,4127666,
SSD,1979,4232613,
SSD,1980,4339041,
SSD,1981,4447275,
SSD,1982,4557690,
SSD,1983,4661577,
SSD,1984,4750626,
SSD,1985,4834296,
SSD,1986,4921245,
SSD,1987,4962397,
SSD,1988,4848029,
SSD,1989,4713234,
SSD,1990,4737637,
SSD,1991,4836686,
SSD,1992,4909746,
SSD,1993,4956006,
SSD,1994,5071191,
SSD,1995,5225840,
SSD,1996,5356925,
SSD,1997,5509142,
SSD,1998,5620077,
SSD,1999,5771632,
SSD,2000,6032274,
SSD,2001,6308399,
SSD,2002,6596810,
SSD,2003,6903129,
SSD,2004,7233040,
SSD,2005,7590147,
SSD,2006,7976532,
SSD,2007,8388785,
SSD,2008,8817645,
SSD,2009,9243560,
SSD,2010,9745955,
SSD,2011,10288112,
SSD,2012,10756245,
SSD,2013,11166280,
SSD,2014,11235071,
SSD,2015,11107569,
SSD,2016,10830108,
SSD,2017,10259150,
SSD,2018,10122983,
SSD,2019,10423382,
SSD,2020,10698471,
SSD,2021,10865786,
SSD,2022,11021175,
SSD,2023,11483370,
SSD,2024,,11943410
SSD,2025,,12188798
SSD,2026,,12436040
SSD,2027,,12687306
SSD,2028,,12941508
SSD,2029,,13198085
SSD,2030,,13457451
SSD,2031,,13725418
SSD,2032,,13996348
SSD,2033,,14261765
SSD,2034,,14527553
SSD,2035,,14798607
SSD,2036,,15070103
SSD,2037,,15335706
SSD,2038,,15595974
SSD,2039,,15850702
SSD,2040,,16101476
SSD,2041,,16350155
SSD,2042,,16593367
SSD,2043,,16829215
SSD,2044,,17060182
SSD,2045,,17286418
SSD,2046,,17509697
SSD,2047,,17728337
SSD,2048,,17938442
SSD,2049,,18142899
SSD,2050,,18341975
SSD,2051,,18543009
SSD,2052,,18754447
SSD,2053,,18960804
SSD,2054,,19160610
SSD,2055,,19359462
SSD,2056,,19552148
SSD,2057,,19744936
SSD,2058,,19933633
SSD,2059,,20122600
SSD,2060,,20307634
SSD,2061,,20482894
SSD,2062,,20659137
SSD,2063,,20835766
SSD,2064,,21010105
SSD,2065,,21185707
SSD,2066,,21356305
SSD,2067,,21521046
SSD,2068,,21690005
SSD,2069,,21849270
SSD,2070,,21989967
SSD,2071,,22132131
SSD,2072,,22278434
SSD,2073,,22420565
SSD,2074,,22561552
SSD,2075,,22690775
SSD,2076,,22798639
SSD,2077,,22902423
SSD,2078,,23005186
SSD,2079,,23101524
SSD,2080,,23186731
SSD,2081,,23260642
SSD,2082,,23335458
SSD,2083,,23407700
SSD,2084,,23477733
SSD,2085,,23535228
SSD,2086,,23583756
SSD,2087,,23627725
SSD,2088,,23667431
SSD,2089,,23710153
SSD,2090,,23741234
SSD,2091,,23761301
SSD,2092,,23780451
SSD,2093,,23794665
SSD,2094,,23798290
SSD,2095,,23801615
SSD,2096,,23810974
SSD,2097,,23815418
SSD,2098,,23823438
SSD,2099,,23835046
SSD,2100,,23840778
ESP,1950,28077048,
ESP,1951,28214862,
ESP,1952,28406044,
ESP,1953,28632701,
ESP,1954,28857828,
ESP,1955,29089774,
ESP,1956,29323672,
ESP,1957,29569970,
ESP,1958,29849658,
ESP,1959,30140710,
ESP,1960,30404938,
ESP,1961,30699568,
ESP,1962,31040106,
ESP,1963,31379831,
ESP,1964,31741586,
ESP,1965,32110669,
ESP,1966,32465887,
ESP,1967,32820751,
ESP,1968,33170121,
ESP,1969,33496941,
ESP,1970,33812720,
ESP,1971,34157447,
ESP,1972,34539861,
ESP,1973,34926521,
ESP,1974,35361763,
ESP,1975,35795771,
ESP,1976,36176273,
ESP,1977,36551267,
ESP,1978,36904970,
ESP,1979,37230370,
ESP,1980,37537560,
ESP,1981,37812708,
ESP,1982,38047097,
ESP,1983,38253247,
ESP,1984,38437483,
ESP,1985,38601315,
ESP,1986,38735706,
ESP,1987,38852007,
ESP,1988,38952258,
ESP,1989,39029557,
ESP,1990,39084975,
ESP,1991,39201750,
ESP,1992,39420344,
ESP,1993,39651627,
ESP,1994,39858721,
ESP,1995,40052733,
ESP,1996,40237375,
ESP,1997,40423823,
ESP,1998,40617436,
ESP,1999,40812855,
ESP,2000,41019772,
ESP,2001,41245602,
ESP,2002,41755703,
ESP,2003,42506540,
ESP,2004,43234562,
ESP,2005,43958883,
ESP,2006,44695446,
ESP,2007,45516501,
ESP,2008,46235055,
ESP,2009,46635182,
ESP,2010,46840469,
ESP,2011,46998040,
ESP,2012,47018323,
ESP,2013,46860394,
ESP,2014,46720187,
ESP,2015,46683683,
ESP,2016,46732768,
ESP,2017,46868594,
ESP,2018,47092817,
ESP,2019,47435121,
ESP,2020,47679482,
ESP,2021,47735670,
ESP,2022,47828386,
ESP,2023,47911583,
ESP,2024,,47910533
ESP,2025,,47889960
ESP,2026,,47850792
ESP,2027,,47802269
ESP,2028,,47748559
ESP,2029,,47685769
ESP,2030,,47610524
ESP,2031,,47523494
ESP,2032,,47433517
ESP,2033,,47344052
ESP,2034,,47252139
ESP,2035,,47154200
ESP,2036,,47049467
ESP,2037,,46940800
ESP,2038,,46830191
ESP,2039,,46714651
ESP,2040,,46591674
ESP,2041,,46463101
ESP,2042,,46327607
ESP,2043,,46187926
ESP,2044,,46041017
ESP,2045,,45879960
ESP,2046,,45708979
ESP,2047,,45529634
ESP,2048,,45342103
ESP,2049,,45140659
ESP,2050,,44928562
ESP,2051,,44712280
ESP,2052,,44480745
ESP,2053,,44229856
ESP,2054,,43969186
ESP,2055,,43702729
ESP,2056,,43418719
ESP,2057,,43121617
ESP,2058,,42824439
ESP,2059,,42521113
ESP,2060,,42210838
ESP,2061,,41892757
ESP,2062,,41566221
ESP,2063,,41240292
ESP,2064,,40914104
ESP,2065,,40590375
ESP,2066,,40271845
ESP,2067,,39956627
ESP,2068,,39644114
ESP,2069,,39337026
ESP,2070,,39035768
ESP,2071,,38741025
ESP,2072,,38453578
ESP,2073,,38173651
ESP,2074,,37903808
ESP,2075,,37644623
ESP,2076,,37397884
ESP,2077,,37163390
ESP,2078,,36942007
ESP,2079,,36729332
ESP,2080,,36524531
ESP,2081,,36327921
ESP,2082,,36139443
ESP,2083,,35956990
ESP,2084,,35778725
ESP,2085,,35605147
ESP,2086,,35436926
ESP,2087,,35273599
ESP,2088,,35109156
ESP,2089,,34941500
ESP,2090,,34774235
ESP,2091,,34611808
ESP,2092,,34453464
ESP,2093,,34295240
ESP,2094,,34136021
ESP,2095,,33974160
ESP,2096,,33811183
ESP,2097,,33645999
ESP,2098,,33475730
ESP,2099,,33302991
ESP,2100,,33127484
LKA,1950,7811051,
LKA,1951,7956333,
LKA,1952,8111562,
LKA,1953,8275136,
LKA,1954,8445937,
LKA,1955,8623328,
LKA,1956,8807222,
LKA,1957,9001000,
LKA,1958,9208815,
LKA,1959,9430157,
LKA,1960,9661384,
LKA,1961,9899372,
LKA,1962,10143750,
LKA,1963,10395039,
LKA,1964,10653403,
LKA,1965,10916965,
LKA,1966,11183925,
LKA,1967,11457329,
LKA,1968,11736084,
LKA,1969,12013864,
LKA,1970,12287113,
LKA,1971,12551910,
LKA,1972,12809207,
LKA,1973,13060920,
LKA,1974,13305697,
LKA,1975,13548989,
LKA,1976,13796776,
LKA,1977,14049365,
LKA,1978,14310127,
LKA,1979,14579616,
LKA,1980,14847972,
LKA,1981,15099417,
LKA,1982,15286571,
LKA,1983,15388795,
LKA,1984,15441858,
LKA,1985,15544152,
LKA,1986,15731253,
LKA,1987,15916578,
LKA,1988,16078624,
LKA,1989,16248560,
LKA,1990,16352460,
LKA,1991,16475354,
LKA,1992,16739297,
LKA,1993,17025924,
LKA,1994,17275777,
LKA,1995,17564065,
LKA,1996,17905020,
LKA,1997,18248205,
LKA,1998,18596006,
LKA,1999,18944734,
LKA,2000,19293056,
LKA,2001,19600361,
LKA,2002,19805750,
LKA,2003,19951521,
LKA,2004,20087608,
LKA,2005,20216531,
LKA,2006,20352416,
LKA,2007,20492546,
LKA,2008,20629377,
LKA,2009,20756438,
LKA,2010,20879092,
LKA,2011,21009054,
LKA,2012,21169461,
LKA,2013,21358829,
LKA,2014,21547454,
LKA,2015,21729975,
LKA,2016,21910763,
LKA,2017,22087525,
LKA,2018,22253116,
LKA,2019,22410552,
LKA,2020,22561808,
LKA,2021,22700377,
LKA,2022,22834965,
LKA,2023,22971615,
LKA,2024,,23103561
LKA,2025,,23229474
LKA,2026,,23348314
LKA,2027,,23461562
LKA,2028,,23569176
LKA,2029,,23670632
LKA,2030,,23767958
LKA,2031,,23861633
LKA,2032,,23951252
LKA,2033,,24037617
LKA,2034,,24119298
LKA,2035,,24196477
LKA,2036,,24269521
LKA,2037,,24339993
LKA,2038,,24407043
LKA,2039,,24469401
LKA,2040,,24526699
LKA,2041,,24578643
LKA,2042,,24625363
LKA,2043,,24666659
LKA,2044,,24702864
LKA,2045,,24736437
LKA,2046,,24765737
LKA,2047,,24786707
LKA,2048,,24800753
LKA,2049,,24809172
LKA,2050,,24813694
LKA,2051,,24814756
LKA,2052,,24812222
LKA,2053,,24804889
LKA,2054,,24794935
LKA,2055,,24784168
LKA,2056,,24767426
LKA,2057,,24744905
LKA,2058,,24719442
LKA,2059,,24691034
LKA,2060,,24659367
LKA,2061,,24625468
LKA,2062,,24588819
LKA,2063,,24547758
LKA,2064,,24502404
LKA,2065,,24451441
LKA,2066,,24398192
LKA,2067,,24343069
LKA,2068,,24286153
LKA,2069,,24229900
LKA,2070,,24171316
LKA,2071,,24109921
LKA,2072,,24046762
LKA,2073,,23979899
LKA,2074,,23907577
LKA,2075,,23833456
LKA,2076,,23758774
LKA,2077,,23681152
LKA,2078,,23600429
LKA,2079,,23514637
LKA,2080,,23424960
LKA,2081,,23333075
LKA,2082,,23239507
LKA,2083,,23144157
LKA,2084,,23046220
LKA,2085,,22944818
LKA,2086,,22840246
LKA,2087,,22734995
LKA,2088,,22628781
LKA,2089,,22520550
LKA,2090,,22409399
LKA,2091,,22297749
LKA,2092,,22186411
LKA,2093,,22073384
LKA,2094,,21959068
LKA,2095,,21843298
LKA,2096,,21725826
LKA,2097,,21607575
LKA,2098,,21488020
LKA,2099,,21368141
LKA,2100,,21249404
SDN,1950,6189915,
SDN,1951,6376064,
SDN,1952,6568611,
SDN,1953,6765905,
SDN,1954,6969640,
SDN,1955,7181691,
SDN,1956,7401596,
SDN,1957,7629457,
SDN,1958,7863036,
SDN,1959,8106484,
SDN,1960,8364491,
SDN,1961,8634940,
SDN,1962,8919031,
SDN,1963,9218078,
SDN,1964,9531108,
SDN,1965,9858033,
SDN,1966,10197582,
SDN,1967,10550600,
SDN,1968,10918006,
SDN,1969,11298939,
SDN,1970,11695768,
SDN,1971,12105542,
SDN,1972,12527859,
SDN,1973,13049322,
SDN,1974,13580729,
SDN,1975,14064803,
SDN,1976,14569724,
SDN,1977,15086623,
SDN,1978,15695004,
SDN,1979,16355353,
SDN,1980,17058908,
SDN,1981,17780576,
SDN,1982,18486645,
SDN,1983,19109775,
SDN,1984,19546531,
SDN,1985,19905872,
SDN,1986,20288246,
SDN,1987,20704903,
SDN,1988,21138430,
SDN,1989,21578027,
SDN,1990,22021484,
SDN,1991,22470676,
SDN,1992,22927356,
SDN,1993,23445599,
SDN,1994,24043951,
SDN,1995,24672144,
SDN,1996,25231534,
SDN,1997,25799826,
SDN,1998,26458999,
SDN,1999,27130619,
SDN,2000,27816748,
SDN,2001,28516774,
SDN,2002,29228728,
SDN,2003,29896038,
SDN,2004,30556641,
SDN,2005,31262447,
SDN,2006,31992438,
SDN,2007,32764139,
SDN,2008,33623980,
SDN,2009,34569114,
SDN,2010,35414403,
SDN,2011,36140808,
SDN,2012,36923175,
SDN,2013,37785852,
SDN,2014,38823324,
SDN,2015,40024433,
SDN,2016,41259892,
SDN,2017,42714311,
SDN,2018,44230597,
SDN,2019,45548179,
SDN,2020,46789237,
SDN,2021,48066930,
SDN,2022,49383344,
SDN,2023,50042800,
SDN,2024,,50448960
SDN,2025,,51662149
SDN,2026,,53282716
SDN,2027,,54724214
SDN,2028,,55993831
SDN,2029,,57275440
SDN,2030,,58571622
SDN,2031,,59872934
SDN,2032,,61179473
SDN,2033,,62497203
SDN,2034,,63822353
SDN,2035,,65148316
SDN,2036,,66470017
SDN,2037,,67791239
SDN,2038,,69107710
SDN,2039,,70416628
SDN,2040,,71730602
SDN,2041,,73056212
SDN,2042,,74387560
SDN,2043,,75723669
SDN,2044,,77066453
SDN,2045,,78415204
SDN,2046,,79767269
SDN,2047,,81115240
SDN,2048,,82463201
SDN,2049,,83828354
SDN,2050,,85206382
SDN,2051,,86579067
SDN,2052,,87948536
SDN,2053,,89312186
SDN,2054,,90675079
SDN,2055,,92037875
SDN,2056,,93382431
SDN,2057,,94710349
SDN,2058,,96030152
SDN,2059,,97334648
SDN,2060,,98627441
SDN,2061,,99911417
SDN,2062,,101188860
SDN,2063,,102453590
SDN,2064,,103694990
SDN,2065,,104912027
SDN,2066,,106120309
SDN,2067,,107327492
SDN,2068,,108500283
SDN,2069,,109646934
SDN,2070,,110783065
SDN,2071,,111909748
SDN,2072,,113032700
SDN,2073,,114137404
SDN,2074,,115223066
SDN,2075,,116288197
SDN,2076,,117323936
SDN,2077,,118343024
SDN,2078,,119357996
SDN,2079,,120351195
SDN,2080,,121318088
SDN,2081,,122265938
SDN,2082,,123204356
SDN,2083,,124144979
SDN,2084,,125083371
SDN,2085,,126001734
SDN,2086,,126896238
SDN,2087,,127774771
SDN,2088,,128626453
SDN,2089,,129448912
SDN,2090,,130241604
SDN,2091,,131002818
SDN,2092,,131753192
SDN,2093,,132484575
SDN,2094,,133162559
SDN,2095,,133817380
SDN,2096,,134465729
SDN,2097,,135099799
SDN,2098,,135721792
SDN,2099,,136314740
SDN,2100,,136890755
SUR,1950,195575,
SUR,1951,200519,
SUR,1952,206364,
SUR,1953,212372,
SUR,1954,218641,
SUR,1955,225202,
SUR,1956,232155,
SUR,1957,239491,
SUR,1958,247245,
SUR,1959,255395,
SUR,1960,263935,
SUR,1961,272796,
SUR,1962,283917,
SUR,1963,297042,
SUR,1964,309046,
SUR,1965,320010,
SUR,1966,331136,
SUR,1967,342687,
SUR,1968,354621,
SUR,1969,366916,
SUR,1970,379451,
SUR,1971,391940,
SUR,1972,397420,
SUR,1973,395776,
SUR,1974,393690,
SUR,1975,391182,
SUR,1976,388296,
SUR,1977,385073,
SUR,1978,381512,
SUR,1979,377607,
SUR,1980,375393,
SUR,1981,375472,
SUR,1982,376566,
SUR,1983,378762,
SUR,1984,382202,
SUR,1985,386982,
SUR,1986,392344,
SUR,1987,396921,
SUR,1988,402231,
SUR,1989,408415,
SUR,1990,412500,
SUR,1991,415021,
SUR,1992,417602,
SUR,1993,419357,
SUR,1994,422382,
SUR,1995,429611,
SUR,1996,438834,
SUR,1997,448068,
SUR,1998,457413,
SUR,1999,466925,
SUR,2000,476647,
SUR,2001,486566,
SUR,2002,496566,
SUR,2003,506421,
SUR,2004,513928,
SUR,2005,519321,
SUR,2006,525003,
SUR,2007,531026,
SUR,2008,537252,
SUR,2009,543580,
SUR,2010,549931,
SUR,2011,556279,
SUR,2012,562640,
SUR,2013,569024,
SUR,2014,575380,
SUR,2015,581634,
SUR,2016,587765,
SUR,2017,593720,
SUR,2018,599519,
SUR,2019,605779,
SUR,2020,612320,
SUR,2021,617905,
SUR,2022,623172,
SUR,2023,628892,
SUR,2024,,634438
SUR,2025,,639860
SUR,2026,,645265
SUR,2027,,650572
SUR,2028,,655790
SUR,2029,,660801
SUR,2030,,665658
SUR,2031,,670428
SUR,2032,,675077
SUR,2033,,679581
SUR,2034,,683919
SUR,2035,,688197
SUR,2036,,692350
SUR,2037,,696219
SUR,2038,,699915
SUR,2039,,703574
SUR,2040,,707159
SUR,2041,,710624
SUR,2042,,713906
SUR,2043,,717006
SUR,2044,,719926
SUR,2045,,722766
SUR,2046,,725330
SUR,2047,,727735
SUR,2048,,730046
SUR,2049,,732029
SUR,2050,,733907
SUR,2051,,735703
SUR,2052,,737371
SUR,2053,,738940
SUR,2054,,740463
SUR,2055,,742020
SUR,2056,,743390
SUR,2057,,744709
SUR,2058,,745828
SUR,2059,,746679
SUR,2060,,747615
SUR,2061,,748444
SUR,2062,,749176
SUR,2063,,749831
SUR,2064,,750508
SUR,2065,,751268
SUR,2066,,751782
SUR,2067,,752179
SUR,2068,,752536
SUR,2069,,752720
SUR,2070,,752829
SUR,2071,,752895
SUR,2072,,752863
SUR,2073,,752669
SUR,2074,,752422
SUR,2075,,752067
SUR,2076,,751582
SUR,2077,,751061
SUR,2078,,750424
SUR,2079,,749722
SUR,2080,,748835
SUR,2081,,747737
SUR,2082,,746562
SUR,2083,,745276
SUR,2084,,743865
SUR,2085,,742294
SUR,2086,,740569
SUR,2087,,738778
SUR,2088,,736796
SUR,2089,,734630
SUR,2090,,732513
SUR,2091,,730327
SUR,2092,,728006
SUR,2093,,725622
SUR,2094,,723267
SUR,2095,,720928
SUR,2096,,718569
SUR,2097,,716214
SUR,2098,,713839
SUR,2099,,711459
SUR,2100,,709001
SWE,1950,7016565,
SWE,1951,7072885,
SWE,1952,7124674,
SWE,1953,7171426,
SWE,1954,7213463,
SWE,1955,7262328,
SWE,1956,7315521,
SWE,1957,7366882,
SWE,1958,7414351,
SWE,1959,7453562,
SWE,1960,7484597,
SWE,1961,7519996,
SWE,1962,7561517,
SWE,1963,7604207,
SWE,1964,7661190,
SWE,1965,7733011,
SWE,1966,7805585,
SWE,1967,7866403,
SWE,1968,7912123,
SWE,1969,7968013,
SWE,1970,8042783,
SWE,1971,8098104,
SWE,1972,8122426,
SWE,1973,8137166,
SWE,1974,8160636,
SWE,1975,8192641,
SWE,1976,8222392,
SWE,1977,8251699,
SWE,1978,8275793,
SWE,1979,8293749,
SWE,1980,8310470,
SWE,1981,8320460,
SWE,1982,8325179,
SWE,1983,8328915,
SWE,1984,8336482,
SWE,1985,8350249,
SWE,1986,8369681,
SWE,1987,8397651,
SWE,1988,8436358,
SWE,1989,8492821,
SWE,1990,8558571,
SWE,1991,8616955,
SWE,1992,8667576,
SWE,1993,8718038,
SWE,1994,8780190,
SWE,1995,8826298,
SWE,1996,8840330,
SWE,1997,8845525,
SWE,1998,8850606,
SWE,1999,8857691,
SWE,2000,8872099,
SWE,2001,8896018,
SWE,2002,8925045,
SWE,2003,8958434,
SWE,2004,8993805,
SWE,2005,9029771,
SWE,2006,9080628,
SWE,2007,9148280,
SWE,2008,9219903,
SWE,2009,9298738,
SWE,2010,9378234,
SWE,2011,9449263,
SWE,2012,9519477,
SWE,2013,9600620,
SWE,2014,9696438,
SWE,2015,9799483,
SWE,2016,9923281,
SWE,2017,10057864,
SWE,2018,10175400,
SWE,2019,10279120,
SWE,2020,10353682,
SWE,2021,10416134,
SWE,2022,10487335,
SWE,2023,10551493,
SWE,2024,,10606993
SWE,2025,,10656636
SWE,2026,,10701038
SWE,2027,,10741255
SWE,2028,,10778309
SWE,2029,,10811696
SWE,2030,,10841809
SWE,2031,,10868788
SWE,2032,,10894151
SWE,2033,,10918926
SWE,2034,,10942387
SWE,2035,,10964976
SWE,2036,,10987684
SWE,2037,,11009958
SWE,2038,,11031982
SWE,2039,,11054785
SWE,2040,,11078605
SWE,2041,,11102632
SWE,2042,,11127415
SWE,2043,,11153132
SWE,2044,,11178419
SWE,2045,,11202873
SWE,2046,,11226265
SWE,2047,,11248721
SWE,2048,,11270143
SWE,2049,,11290350
SWE,2050,,11309632
SWE,2051,,11327101
SWE,2052,,11341962
SWE,2053,,11354207
SWE,2054,,11363319
SWE,2055,,11370585
SWE,2056,,11376706
SWE,2057,,11382048
SWE,2058,,11386652
SWE,2059,,11389727
SWE,2060,,11391494
SWE,2061,,11393220
SWE,2062,,11394041
SWE,2063,,11393814
SWE,2064,,11394368
SWE,2065,,11395212
SWE,2066,,11395580
SWE,2067,,11395994
SWE,2068,,11397109
SWE,2069,,11399737
SWE,2070,,11403527
SWE,2071,,11407848
SWE,2072,,11412167
SWE,2073,,11415481
SWE,2074,,11418596
SWE,2075,,11422318
SWE,2076,,11426305
SWE,2077,,11429272
SWE,2078,,11431376
SWE,2079,,11432674
SWE,2080,,11431817
SWE,2081,,11429902
SWE,2082,,11426469
SWE,2083,,11422094
SWE,2084,,11417932
SWE,2085,,11413006
SWE,2086,,11406808
SWE,2087,,11401225
SWE,2088,,11397987
SWE,2089,,11395189
SWE,2090,,11392747
SWE,2091,,11391060
SWE,2092,,11389311
SWE,2093,,11387344
SWE,2094,,11385072
SWE,2095,,11382277
SWE,2096,,11379957
SWE,2097,,11378539
SWE,2098,,11375805
SWE,2099,,11371732
SWE,2100,,11366899
CHE,1950,4692642,
CHE,1951,4748090,
CHE,1952,4811615,
CHE,1953,4875654,
CHE,1954,4938749,
CHE,1955,5002118,
CHE,1956,5065624,
CHE,1957,5130171,
CHE,1958,5196450,
CHE,1959,5262809,
CHE,1960,5327777,
CHE,1961,5434125,
CHE,1962,5573701,
CHE,1963,5694163,
CHE,1964,5789153,
CHE,1965,5856414,
CHE,1966,5917969,
CHE,1967,5991733,
CHE,1968,6067657,
CHE,1969,6136353,
CHE,1970,6180922,
CHE,1971,6213536,
CHE,1972,6261086,
CHE,1973,6307408,
CHE,1974,6341381,
CHE,1975,6338600,
CHE,1976,6302556,
CHE,1977,6281365,
CHE,1978,6282045,
CHE,1979,6294719,
CHE,1980,6319848,
CHE,1981,6354561,
CHE,1982,6391805,
CHE,1983,6419309,
CHE,1984,6442419,
CHE,1985,6470959,
CHE,1986,6504748,
CHE,1987,6545771,
CHE,1988,6594145,
CHE,1989,6647787,
CHE,1990,6713168,
CHE,1991,6796942,
CHE,1992,6875049,
CHE,1993,6938106,
CHE,1994,6993594,
CHE,1995,7040481,
CHE,1996,7071885,
CHE,1997,7089161,
CHE,1998,7110294,
CHE,1999,7144119,
CHE,2000,7184003,
CHE,2001,7226391,
CHE,2002,7278744,
CHE,2003,7333451,
CHE,2004,7384196,
CHE,2005,7431824,
CHE,2006,7478514,
CHE,2007,7545386,
CHE,2008,7641730,
CHE,2009,7737644,
CHE,2010,7825750,
CHE,2011,7914379,
CHE,2012,7998927,
CHE,2013,8091199,
CHE,2014,8190238,
CHE,2015,8283940,
CHE,2016,8374903,
CHE,2017,8453630,
CHE,2018,8516341,
CHE,2019,8577525,
CHE,2020,8640582,
CHE,2021,8707019,
CHE,2022,8792180,
CHE,2023,8870564,
CHE,2024,,8921979
CHE,2025,,8967413
CHE,2026,,9007794
CHE,2027,,9043904
CHE,2028,,9076508
CHE,2029,,9104951
CHE,2030,,9130290
CHE,2031,,9154023
CHE,2032,,9174691
CHE,2033,,9192387
CHE,2034,,9209206
CHE,2035,,9224223
CHE,2036,,9236745
CHE,2037,,9247908
CHE,2038,,9257648
CHE,2039,,9266358
CHE,2040,,9276175
CHE,2041,,9285144
CHE,2042,,9293496
CHE,2043,,9302065
CHE,2044,,9309177
CHE,2045,,9315494
CHE,2046,,9321377
CHE,2047,,9327869
CHE,2048,,9334800
CHE,2049,,9339961
CHE,2050,,9342590
CHE,2051,,9343508
CHE,2052,,9343514
CHE,2053,,9340964
CHE,2054,,9334793
CHE,2055,,9326967
CHE,2056,,9319227
CHE,2057,,9312860
CHE,2058,,9305958
CHE,2059,,9296752
CHE,2060,,9287263
CHE,2061,,9277055
CHE,2062,,9265890
CHE,2063,,9255588
CHE,2064,,9245245
CHE,2065,,9233902
CHE,2066,,9222165
CHE,2067,,9212719
CHE,2068,,9204918
CHE,2069,,9196770
CHE,2070,,9187370
CHE,2071,,9177161
CHE,2072,,9168537
CHE,2073,,9160269
CHE,2074,,9150540
CHE,2075,,9142532
CHE,2076,,9137372
CHE,2077,,9131145
CHE,2078,,9124049
CHE,2079,,9117043
CHE,2080,,9110185
CHE,2081,,9103883
CHE,2082,,9097874
CHE,2083,,9092587
CHE,2084,,9088043
CHE,2085,,9083859
CHE,2086,,9080906
CHE,2087,,9080221
CHE,2088,,9079725
CHE,2089,,9079236
CHE,2090,,9080418
CHE,2091,,9082870
CHE,2092,,9085604
CHE,2093,,9088075
CHE,2094,,9091440
CHE,2095,,9096334
CHE,2096,,9100902
CHE,2097,,9106387
CHE,2098,,9113171
CHE,2099,,9120182
CHE,2100,,9126130
SYR,1950,3612085,
SYR,1951,3684867,
SYR,1952,3765240,
SYR,1953,3852829,
SYR,1954,3947873,
SYR,1955,4050600,
SYR,1956,4160633,
SYR,1957,4277735,
SYR,1958,4401997,
SYR,1959,4533776,
SYR,1960,4673502,
SYR,1961,4815459,
SYR,1962,4959340,
SYR,1963,5110471,
SYR,1964,5269094,
SYR,1965,5435268,
SYR,1966,5609050,
SYR,1967,5790195,
SYR,1968,5978741,
SYR,1969,6175173,
SYR,1970,6380612,
SYR,1971,6598098,
SYR,1972,6826032,
SYR,1973,7060328,
SYR,1974,7302158,
SYR,1975,7554368,
SYR,1976,7817317,
SYR,1977,8090507,
SYR,1978,8372761,
SYR,1979,8661911,
SYR,1980,8957664,
SYR,1981,9260187,
SYR,1982,9572513,
SYR,1983,9904814,
SYR,1984,10258406,
SYR,1985,10625673,
SYR,1986,11002842,
SYR,1987,11388916,
SYR,1988,11782269,
SYR,1989,12179070,
SYR,1990,12579212,
SYR,1991,12980824,
SYR,1992,13385570,
SYR,1993,13795687,
SYR,1994,14208585,
SYR,1995,14616804,
SYR,1996,15018110,
SYR,1997,15417539,
SYR,1998,15820409,
SYR,1999,16228064,
SYR,2000,16637884,
SYR,2001,17051337,
SYR,2002,17468335,
SYR,2003,17889297,
SYR,2004,18336879,
SYR,2005,18814092,
SYR,2006,19637016,
SYR,2007,20884136,
SYR,2008,21636566,
SYR,2009,21976971,
SYR,2010,22482417,
SYR,2011,22878104,
SYR,2012,22759763,
SYR,2013,21666921,
SYR,2014,20273661,
SYR,2015,19424615,
SYR,2016,19193835,
SYR,2017,19224671,
SYR,2018,19577849,
SYR,2019,20353536,
SYR,2020,21049431,
SYR,2021,21628837,
SYR,2022,22462170,
SYR,2023,23594623,
SYR,2024,,24672758
SYR,2025,,25620419
SYR,2026,,26472496
SYR,2027,,27261542
SYR,2028,,28006556
SYR,2029,,28719306
SYR,2030,,29395542
SYR,2031,,30029822
SYR,2032,,30633659
SYR,2033,,31212475
SYR,2034,,31768135
SYR,2035,,32294789
SYR,2036,,32788150
SYR,2037,,33258404
SYR,2038,,33710716
SYR,2039,,34131236
SYR,2040,,34533183
SYR,2041,,34916933
SYR,2042,,35279859
SYR,2043,,35623321
SYR,2044,,35944391
SYR,2045,,36265292
SYR,2046,,36583258
SYR,2047,,36878638
SYR,2048,,37171026
SYR,2049,,37477685
SYR,2050,,37793375
SYR,2051,,38104386
SYR,2052,,38405285
SYR,2053,,38721835
SYR,2054,,39054286
SYR,2055,,39368395
SYR,2056,,39670579
SYR,2057,,39961161
SYR,2058,,40238150
SYR,2059,,40530399
SYR,2060,,40823975
SYR,2061,,41088484
SYR,2062,,41335314
SYR,2063,,41578973
SYR,2064,,41823203
SYR,2065,,42068738
SYR,2066,,42294460
SYR,2067,,42492721
SYR,2068,,42677393
SYR,2069,,42839336
SYR,2070,,42982255
SYR,2071,,43123463
SYR,2072,,43261227
SYR,2073,,43381014
SYR,2074,,43481641
SYR,2075,,43575373
SYR,2076,,43662468
SYR,2077,,43725966
SYR,2078,,43766726
SYR,2079,,43813246
SYR,2080,,43889933
SYR,2081,,43971329
SYR,2082,,44033884
SYR,2083,,44077518
SYR,2084,,44108512
SYR,2085,,44142312
SYR,2086,,44149493
SYR,2087,,44136235
SYR,2088,,44135059
SYR,2089,,44138101
SYR,2090,,44123091
SYR,2091,,44101401
SYR,2092,,44080743
SYR,2093,,44052051
SYR,2094,,44013444
SYR,2095,,43975464
SYR,2096,,43935130
SYR,2097,,43877577
SYR,2098,,43817375
SYR,2099,,43753602
SYR,2100,,43686650
TWN,1950,7596535,
TWN,1951,7862806,
TWN,1952,8148997,
TWN,1953,8451375,
TWN,1954,8767773,
TWN,1955,9104136,
TWN,1956,9465707,
TWN,1957,9850527,
TWN,1958,10246160,
TWN,1959,10644179,
TWN,1960,11046263,
TWN,1961,11453506,
TWN,1962,11866670,
TWN,1963,12285726,
TWN,1964,12706682,
TWN,1965,13124808,
TWN,1966,13537706,
TWN,1967,13901473,
TWN,1968,14215584,
TWN,1969,14523608,
TWN,1970,14815755,
TWN,1971,15121137,
TWN,1972,15450618,
TWN,1973,15772691,
TWN,1974,16082315,
TWN,1975,16365267,
TWN,1976,16671501,
TWN,1977,17020095,
TWN,1978,17373729,
TWN,1979,17735789,
TWN,1980,18086521,
TWN,1981,18412829,
TWN,1982,18723986,
TWN,1983,19022629,
TWN,1984,19306762,
TWN,1985,19571695,
TWN,1986,19805981,
TWN,1987,20015820,
TWN,1988,20223658,
TWN,1989,20418913,
TWN,1990,20594907,
TWN,1991,20781752,
TWN,1992,20982088,
TWN,1993,21174678,
TWN,1994,21357145,
TWN,1995,21534497,
TWN,1996,21709270,
TWN,1997,21885332,
TWN,1998,22049226,
TWN,1999,22203788,
TWN,2000,22332873,
TWN,2001,22446254,
TWN,2002,22566898,
TWN,2003,22664130,
TWN,2004,22745432,
TWN,2005,22824932,
TWN,2006,22914644,
TWN,2007,23006921,
TWN,2008,23086238,
TWN,2009,23164353,
TWN,2010,23224049,
TWN,2011,23273078,
TWN,2012,23345963,
TWN,2013,23416870,
TWN,2014,23472811,
TWN,2015,23529260,
TWN,2016,23586140,
TWN,2017,23632950,
TWN,2018,23659308,
TWN,2019,23674137,
TWN,2020,23663461,
TWN,2021,23558330,
TWN,2022,23420107,
TWN,2023,23317145,
TWN,2024,,23213964
TWN,2025,,23112797
TWN,2026,,23011292
TWN,2027,,22908338
TWN,2028,,22803796
TWN,2029,,22698328
TWN,2030,,22589952
TWN,2031,,22477193
TWN,2032,,22360542
TWN,2033,,22240588
TWN,2034,,22115329
TWN,2035,,21984720
TWN,2036,,21849947
TWN,2037,,21709389
TWN,2038,,21563595
TWN,2039,,21413103
TWN,2040,,21257133
TWN,2041,,21095738
TWN,2042,,20928647
TWN,2043,,20756526
TWN,2044,,20580532
TWN,2045,,20399185
TWN,2046,,20213914
TWN,2047,,20025034
TWN,2048,,19831995
TWN,2049,,19635199
TWN,2050,,19434600
TWN,2051,,19232508
TWN,2052,,19028534
TWN,2053,,18821695
TWN,2054,,18611288
TWN,2055,,18397869
TWN,2056,,18183723
TWN,2057,,17967683
TWN,2058,,17748708
TWN,2059,,17527202
TWN,2060,,17302549
TWN,2061,,17075497
TWN,2062,,16847107
TWN,2063,,16619256
TWN,2064,,16391753
TWN,2065,,16164376
TWN,2066,,15938473
TWN,2067,,15713392
TWN,2068,,15488699
TWN,2069,,15266328
TWN,2070,,15046432
TWN,2071,,14827453
TWN,2072,,14609391
TWN,2073,,14394127
TWN,2074,,14182105
TWN,2075,,13972862
TWN,2076,,13767785
TWN,2077,,13566733
TWN,2078,,13368751
TWN,2079,,13174839
TWN,2080,,12986209
TWN,2081,,12802197
TWN,2082,,12622872
TWN,2083,,12448353
TWN,2084,,12277380
TWN,2085,,12110728
TWN,2086,,11949344
TWN,2087,,11791998
TWN,2088,,11637433
TWN,2089,,11486128
TWN,2090,,11337892
TWN,2091,,11193103
TWN,2092,,11052306
TWN,2093,,10914503
TWN,2094,,10779228
TWN,2095,,10646427
TWN,2096,,10516282
TWN,2097,,10388285
TWN,2098,,10262232
TWN,2099,,10138467
TWN,2100,,10016994
TJK,1950,1528311,
TJK,1951,1588338,
TJK,1952,1645586,
TJK,1953,1701050,
TJK,1954,1755691,
TJK,1955,1810237,
TJK,1956,1865440,
TJK,1957,1922135,
TJK,1958,1981670,
TJK,1959,2045286,
TJK,1960,2112136,
TJK,1961,2181813,
TJK,1962,2255032,
TJK,1963,2331737,
TJK,1964,2411270,
TJK,1965,2493004,
TJK,1966,2577187,
TJK,1967,2664141,
TJK,1968,2753847,
TJK,1969,2845276,
TJK,1970,2936784,
TJK,1971,3028841,
TJK,1972,3123696,
TJK,1973,3222299,
TJK,1974,3324503,
TJK,1975,3430428,
TJK,1976,3540077,
TJK,1977,3653264,
TJK,1978,3768514,
TJK,1979,3882697,
TJK,1980,3995258,
TJK,1981,4109026,
TJK,1982,4227177,
TJK,1983,4350877,
TJK,1984,4480027,
TJK,1985,4619006,
TJK,1986,4772150,
TJK,1987,4939063,
TJK,1988,5114988,
TJK,1989,5267255,
TJK,1990,5398773,
TJK,1991,5541200,
TJK,1992,5649397,
TJK,1993,5725001,
TJK,1994,5825371,
TJK,1995,5948588,
TJK,1996,6066524,
TJK,1997,6139829,
TJK,1998,6176403,
TJK,1999,6208373,
TJK,2000,6284737,
TJK,2001,6407376,
TJK,2002,6531674,
TJK,2003,6658575,
TJK,2004,6790555,
TJK,2005,6924722,
TJK,2006,7057566,
TJK,2007,7194479,
TJK,2008,7338402,
TJK,2009,7490232,
TJK,2010,7652144,
TJK,2011,7824788,
TJK,2012,8014087,
TJK,2013,8216733,
TJK,2014,8425559,
TJK,2015,8643839,
TJK,2016,8865623,
TJK,2017,9085942,
TJK,2018,9307345,
TJK,2019,9529970,
TJK,2020,9749312,
TJK,2021,9966912,
TJK,2022,10182228,
TJK,2023,10389807,
TJK,2024,,10590930
TJK,2025,,10786738
TJK,2026,,10978600
TJK,2027,,11168388
TJK,2028,,11356922
TJK,2029,,11545279
TJK,2030,,11733068
TJK,2031,,11920474
TJK,2032,,12110150
TJK,2033,,12302291
TJK,2034,,12496890
TJK,2035,,12695589
TJK,2036,,12899097
TJK,2037,,13104342
TJK,2038,,13308240
TJK,2039,,13511374
TJK,2040,,13713950
TJK,2041,,13915192
TJK,2042,,14115139
TJK,2043,,14311602
TJK,2044,,14504869
TJK,2045,,14694863
TJK,2046,,14879392
TJK,2047,,15059874
TJK,2048,,15236599
TJK,2049,,15408036
TJK,2050,,15574648
TJK,2051,,15737682
TJK,2052,,15898648
TJK,2053,,16056038
TJK,2054,,16210285
TJK,2055,,16363919
TJK,2056,,16516291
TJK,2057,,16668771
TJK,2058,,16820737
TJK,2059,,16971007
TJK,2060,,17119619
TJK,2061,,17263954
TJK,2062,,17405082
TJK,2063,,17546498
TJK,2064,,17685479
TJK,2065,,17819522
TJK,2066,,17951193
TJK,2067,,18080274
TJK,2068,,18204286
TJK,2069,,18325200
TJK,2070,,18442503
TJK,2071,,18554422
TJK,2072,,18660809
TJK,2073,,18761443
TJK,2074,,18857734
TJK,2075,,18950399
TJK,2076,,19040340
TJK,2077,,19125491
TJK,2078,,19204762
TJK,2079,,19280110
TJK,2080,,19352974
TJK,2081,,19422382
TJK,2082,,19488493
TJK,2083,,19554743
TJK,2084,,19619590
TJK,2085,,19680181
TJK,2086,,19736316
TJK,2087,,19790762
TJK,2088,,19843140
TJK,2089,,19891820
TJK,2090,,19937785
TJK,2091,,19981940
TJK,2092,,20024171
TJK,2093,,20060349
TJK,2094,,20091916
TJK,2095,,20121086
TJK,2096,,20146353
TJK,2097,,20167303
TJK,2098,,20183241
TJK,2099,,20194575
TJK,2100,,20201577
TZA,1950,7625152,
TZA,1951,7812973,
TZA,1952,8009083,
TZA,1953,8213117,
TZA,1954,8424792,
TZA,1955,8644856,
TZA,1956,8874780,
TZA,1957,9115792,
TZA,1958,9367596,
TZA,1959,9629269,
TZA,1960,9901422,
TZA,1961,10187889,
TZA,1962,10487756,
TZA,1963,10799530,
TZA,1964,11127827,
TZA,1965,11470726,
TZA,1966,11827462,
TZA,1967,12200114,
TZA,1968,12602077,
TZA,1969,13036701,
TZA,1970,13492674,
TZA,1971,13971453,
TZA,1972,14479311,
TZA,1973,15010099,
TZA,1974,15561633,
TZA,1975,16138364,
TZA,1976,16736216,
TZA,1977,17352936,
TZA,1978,17976569,
TZA,1979,18592045,
TZA,1980,19189769,
TZA,1981,19784713,
TZA,1982,20398574,
TZA,1983,21079877,
TZA,1984,21779064,
TZA,1985,22501696,
TZA,1986,23258959,
TZA,1987,24030376,
TZA,1988,24769690,
TZA,1989,25438759,
TZA,1990,26110210,
TZA,1991,26780440,
TZA,1992,27457599,
TZA,1993,28332691,
TZA,1994,29442357,
TZA,1995,30383496,
TZA,1996,30945761,
TZA,1997,31578093,
TZA,1998,32420461,
TZA,1999,33300335,
TZA,2000,34260142,
TZA,2001,35198303,
TZA,2002,36121301,
TZA,2003,37089555,
TZA,2004,38109666,
TZA,2005,39182083,
TZA,2006,40294900,
TZA,2007,41435508,
TZA,2008,42570728,
TZA,2009,43633975,
TZA,2010,44758491,
TZA,2011,46029371,
TZA,2012,47374261,
TZA,2013,48824134,
TZA,2014,50351506,
TZA,2015,52020958,
TZA,2016,53824012,
TZA,2017,55652888,
TZA,2018,57437134,
TZA,2019,59174889,
TZA,2020,60972803,
TZA,2021,62830410,
TZA,2022,64711822,
TZA,2023,66617607,
TZA,2024,,68560162
TZA,2025,,70545863
TZA,2026,,72563778
TZA,2027,,74604809
TZA,2028,,76670488
TZA,2029,,78773197
TZA,2030,,80913123
TZA,2031,,83087934
TZA,2032,,85293133
TZA,2033,,87520497
TZA,2034,,89788680
TZA,2035,,92091424
TZA,2036,,94420813
TZA,2037,,96775774
TZA,2038,,99156469
TZA,2039,,101567531
TZA,2040,,103999357
TZA,2041,,106448483
TZA,2042,,108926280
TZA,2043,,111433796
TZA,2044,,113966271
TZA,2045,,116525472
TZA,2046,,119109678
TZA,2047,,121721024
TZA,2048,,124351303
TZA,2049,,126981404
TZA,2050,,129621091
TZA,2051,,132280446
TZA,2052,,134947341
TZA,2053,,137623552
TZA,2054,,140321277
TZA,2055,,143049422
TZA,2056,,145803869
TZA,2057,,148564288
TZA,2058,,151321490
TZA,2059,,154082241
TZA,2060,,156850590
TZA,2061,,159634034
TZA,2062,,162433743
TZA,2063,,165240207
TZA,2064,,168047185
TZA,2065,,170875361
TZA,2066,,173697364
TZA,2067,,176492990
TZA,2068,,179288252
TZA,2069,,182085986
TZA,2070,,184885709
TZA,2071,,187680951
TZA,2072,,190465802
TZA,2073,,193247338
TZA,2074,,196034255
TZA,2075,,198812936
TZA,2076,,201583014
TZA,2077,,204343868
TZA,2078,,207088057
TZA,2079,,209822259
TZA,2080,,212537417
TZA,2081,,215229475
TZA,2082,,217903516
TZA,2083,,220561531
TZA,2084,,223212516
TZA,2085,,225866207
TZA,2086,,228511353
TZA,2087,,231124134
TZA,2088,,233711110
TZA,2089,,236276104
TZA,2090,,238809591
TZA,2091,,241325556
TZA,2092,,243825087
TZA,2093,,246295323
TZA,2094,,248729226
TZA,2095,,251132953
TZA,2096,,253520798
TZA,2097,,255892766
TZA,2098,,258233877
TZA,2099,,260543968
TZA,2100,,262834719
THA,1950,20428401,
THA,1951,20965188,
THA,1952,21527583,
THA,1953,22109323,
THA,1954,22713340,
THA,1955,23343179,
THA,1956,23997266,
THA,1957,24674831,
THA,1958,25367008,
THA,1959,26088018,
THA,1960,26851751,
THA,1961,27650335,
THA,1962,28481048,
THA,1963,29342315,
THA,1964,30232136,
THA,1965,31149337,
THA,1966,32086073,
THA,1967,33037797,
THA,1968,34002562,
THA,1969,34973784,
THA,1970,35954411,
THA,1971,36937392,
THA,1972,37933932,
THA,1973,38947791,
THA,1974,39952896,
THA,1975,40939999,
THA,1976,41896511,
THA,1977,42843973,
THA,1978,43788976,
THA,1979,44718436,
THA,1980,45650031,
THA,1981,46575851,
THA,1982,47494577,
THA,1983,48423309,
THA,1984,49351711,
THA,1985,50270754,
THA,1986,51177832,
THA,1987,52074109,
THA,1988,52969595,
THA,1989,53848955,
THA,1990,54738329,
THA,1991,55637436,
THA,1992,56528832,
THA,1993,57408198,
THA,1994,58260855,
THA,1995,59098231,
THA,1996,59920059,
THA,1997,60724588,
THA,1998,61522632,
THA,1999,62299039,
THA,2000,63007815,
THA,2001,63651137,
THA,2002,64266433,
THA,2003,64868164,
THA,2004,65452049,
THA,2005,66017415,
THA,2006,66567685,
THA,2007,67102388,
THA,2008,67619835,
THA,2009,68121077,
THA,2010,68579443,
THA,2011,69007212,
THA,2012,69436091,
THA,2013,69845112,
THA,2014,70216362,
THA,2015,70540787,
THA,2016,70859835,
THA,2017,71160183,
THA,2018,71376081,
THA,2019,71522264,
THA,2020,71641484,
THA,2021,71727338,
THA,2022,71735321,
THA,2023,71702436,
THA,2024,,71668010
THA,2025,,71619866
THA,2026,,71559619
THA,2027,,71488155
THA,2028,,71406994
THA,2029,,71316190
THA,2030,,71215015
THA,2031,,71104025
THA,2032,,70982286
THA,2033,,70847948
THA,2034,,70701652
THA,2035,,70540885
THA,2036,,70366497
THA,2037,,70180032
THA,2038,,69979035
THA,2039,,69763929
THA,2040,,69535004
THA,2041,,69288478
THA,2042,,69025348
THA,2043,,68748076
THA,2044,,68456534
THA,2045,,68150148
THA,2046,,67827308
THA,2047,,67489358
THA,2048,,67136738
THA,2049,,66767317
THA,2050,,66382731
THA,2051,,65985155
THA,2052,,65572758
THA,2053,,65149675
THA,2054,,64717026
THA,2055,,64274511
THA,2056,,63824139
THA,2057,,63366877
THA,2058,,62905908
THA,2059,,62442760
THA,2060,,61977024
THA,2061,,61511690
THA,2062,,61047650
THA,2063,,60584868
THA,2064,,60125173
THA,2065,,59666022
THA,2066,,59210708
THA,2067,,58759729
THA,2068,,58309042
THA,2069,,57861110
THA,2070,,57416221
THA,2071,,56975323
THA,2072,,56539089
THA,2073,,56105244
THA,2074,,55673947
THA,2075,,55247484
THA,2076,,54825830
THA,2077,,54406785
THA,2078,,53990325
THA,2079,,53575271
THA,2080,,53163038
THA,2081,,52755710
THA,2082,,52350168
THA,2083,,51945559
THA,2084,,51542602
THA,2085,,51142870
THA,2086,,50747816
THA,2087,,50356159
THA,2088,,49968246
THA,2089,,49580995
THA,2090,,49194780
THA,2091,,48813231
THA,2092,,48434182
THA,2093,,48058199
THA,2094,,47686744
THA,2095,,47319138
THA,2096,,46955947
THA,2097,,46598079
THA,2098,,46245558
THA,2099,,45898052
THA,2100,,45555066
TGO,1950,1399603,
TGO,1951,1424402,
TGO,1952,1449926,
TGO,1953,1476070,
TGO,1954,1502765,
TGO,1955,1529951,
TGO,1956,1557641,
TGO,1957,1585879,
TGO,1958,1614641,
TGO,1959,1643760,
TGO,1960,1673118,
TGO,1961,1702715,
TGO,1962,1732964,
TGO,1963,1765073,
TGO,1964,1803448,
TGO,1965,1853774,
TGO,1966,1918520,
TGO,1967,1995892,
TGO,1968,2080226,
TGO,1969,2164819,
TGO,1970,2244779,
TGO,1971,2317982,
TGO,1972,2384998,
TGO,1973,2448752,
TGO,1974,2511761,
TGO,1975,2574622,
TGO,1976,2637801,
TGO,1977,2701902,
TGO,1978,2768154,
TGO,1979,2839851,
TGO,1980,2920907,
TGO,1981,3013044,
TGO,1982,3115043,
TGO,1983,3222902,
TGO,1984,3332838,
TGO,1985,3441100,
TGO,1986,3547956,
TGO,1987,3657511,
TGO,1988,3769752,
TGO,1989,3883414,
TGO,1990,3998758,
TGO,1991,4115567,
TGO,1992,4233619,
TGO,1993,4207462,
TGO,1994,4222942,
TGO,1995,4410834,
TGO,1996,4577864,
TGO,1997,4725037,
TGO,1998,4860915,
TGO,1999,5000270,
TGO,2000,5140046,
TGO,2001,5277386,
TGO,2002,5413279,
TGO,2003,5552169,
TGO,2004,5696513,
TGO,2005,5844637,
TGO,2006,6010673,
TGO,2007,6188350,
TGO,2008,6368820,
TGO,2009,6551868,
TGO,2010,6732596,
TGO,2011,6916478,
TGO,2012,7100743,
TGO,2013,7285448,
TGO,2014,7472457,
TGO,2015,7663199,
TGO,2016,7858297,
TGO,2017,8057138,
TGO,2018,8258782,
TGO,2019,8463070,
TGO,2020,8669721,
TGO,2021,8878382,
TGO,2022,9089742,
TGO,2023,9304346,
TGO,2024,,9515238
TGO,2025,,9721605
TGO,2026,,9930920
TGO,2027,,10143000
TGO,2028,,10356493
TGO,2029,,10572461
TGO,2030,,10792999
TGO,2031,,11018538
TGO,2032,,11246764
TGO,2033,,11475980
TGO,2034,,11705824
TGO,2035,,11937683
TGO,2036,,12170504
TGO,2037,,12404359
TGO,2038,,12641138
TGO,2039,,12881279
TGO,2040,,13121353
TGO,2041,,13361757
TGO,2042,,13604979
TGO,2043,,13851199
TGO,2044,,14099656
TGO,2045,,14347511
TGO,2046,,14595251
TGO,2047,,14841672
TGO,2048,,15088058
TGO,2049,,15337439
TGO,2050,,15584784
TGO,2051,,15831371
TGO,2052,,16078300
TGO,2053,,16321186
TGO,2054,,16562854
TGO,2055,,16808380
TGO,2056,,17053775
TGO,2057,,17294586
TGO,2058,,17533078
TGO,2059,,17768609
TGO,2060,,18005441
TGO,2061,,18244749
TGO,2062,,18484315
TGO,2063,,18726409
TGO,2064,,18967626
TGO,2065,,19205746
TGO,2066,,19445322
TGO,2067,,19684305
TGO,2068,,19923668
TGO,2069,,20162521
TGO,2070,,20395142
TGO,2071,,20624542
TGO,2072,,20853149
TGO,2073,,21082720
TGO,2074,,21313205
TGO,2075,,21543952
TGO,2076,,21771406
TGO,2077,,21989991
TGO,2078,,22202400
TGO,2079,,22419577
TGO,2080,,22642374
TGO,2081,,22862551
TGO,2082,,23077378
TGO,2083,,23286743
TGO,2084,,23490965
TGO,2085,,23691331
TGO,2086,,23891769
TGO,2087,,24082479
TGO,2088,,24266784
TGO,2089,,24452441
TGO,2090,,24632973
TGO,2091,,24811522
TGO,2092,,24986359
TGO,2093,,25154169
TGO,2094,,25325645
TGO,2095,,25496673
TGO,2096,,25661547
TGO,2097,,25825699
TGO,2098,,25986596
TGO,2099,,26145666
TGO,2100,,26300756
TKL,1950,1612,
TKL,1951,1583,
TKL,1952,1586,
TKL,1953,1598,
TKL,1954,1606,
TKL,1955,1616,
TKL,1956,1625,
TKL,1957,1655,
TKL,1958,1703,
TKL,1959,1749,
TKL,1960,1805,
TKL,1961,1857,
TKL,1962,1887,
TKL,1963,1902,
TKL,1964,1910,
TKL,1965,1919,
TKL,1966,1918,
TKL,1967,1894,
TKL,1968,1844,
TKL,1969,1795,
TKL,1970,1740,
TKL,1971,1684,
TKL,1972,1663,
TKL,1973,1664,
TKL,1974,1664,
TKL,1975,1661,
TKL,1976,1660,
TKL,1977,1671,
TKL,1978,1681,
TKL,1979,1685,
TKL,1980,1679,
TKL,1981,1680,
TKL,1982,1686,
TKL,1983,1709,
TKL,1984,1748,
TKL,1985,1781,
TKL,1986,1803,
TKL,1987,1798,
TKL,1988,1787,
TKL,1989,1782,
TKL,1990,1785,
TKL,1991,1792,
TKL,1992,1797,
TKL,1993,1795,
TKL,1994,1790,
TKL,1995,1792,
TKL,1996,1795,
TKL,1997,1803,
TKL,1998,1817,
TKL,1999,1844,
TKL,2000,1866,
TKL,2001,1887,
TKL,2002,1864,
TKL,2003,1793,
TKL,2004,1726,
TKL,2005,1652,
TKL,2006,1593,
TKL,2007,1573,
TKL,2008,1585,
TKL,2009,1597,
TKL,2010,1610,
TKL,2011,1625,
TKL,2012,1681,
TKL,2013,1749,
TKL,2014,1748,
TKL,2015,1719,
TKL,2016,1703,
TKL,2017,1767,
TKL,2018,1902,
TKL,2019,2038,
TKL,2020,2152,
TKL,2021,2225,
TKL,2022,2312,
TKL,2023,2424,
TKL,2024,,2528
TKL,2025,,2632
TKL,2026,,2715
TKL,2027,,2787
TKL,2028,,2866
TKL,2029,,2941
TKL,2030,,3006
TKL,2031,,3078
TKL,2032,,3144
TKL,2033,,3201
TKL,2034,,3250
TKL,2035,,3302
TKL,2036,,3359
TKL,2037,,3410
TKL,2038,,3458
TKL,2039,,3498
TKL,2040,,3536
TKL,2041,,3571
TKL,2042,,3607
TKL,2043,,3642
TKL,2044,,3676
TKL,2045,,3712
TKL,2046,,3743
TKL,2047,,3768
TKL,2048,,3793
TKL,2049,,3820
TKL,2050,,3844
TKL,2051,,3859
TKL,2052,,3890
TKL,2053,,3922
TKL,2054,,3945
TKL,2055,,3971
TKL,2056,,3995
TKL,2057,,4014
TKL,2058,,4041
TKL,2059,,4075
TKL,2060,,4099
TKL,2061,,4117
TKL,2062,,4140
TKL,2063,,4162
TKL,2064,,4184
TKL,2065,,4202
TKL,2066,,4231
TKL,2067,,4255
TKL,2068,,4274
TKL,2069,,4297
TKL,2070,,4321
TKL,2071,,4343
TKL,2072,,4365
TKL,2073,,4384
TKL,2074,,4397
TKL,2075,,4402
TKL,2076,,4411
TKL,2077,,4420
TKL,2078,,4425
TKL,2079,,4435
TKL,2080,,4440
TKL,2081,,4446
TKL,2082,,4443
TKL,2083,,4437
TKL,2084,,4440
TKL,2085,,4440
TKL,2086,,4437
TKL,2087,,4430
TKL,2088,,4434
TKL,2089,,4436
TKL,2090,,4436
TKL,2091,,4434
TKL,2092,,4426
TKL,2093,,4423
TKL,2094,,4413
TKL,2095,,4407
TKL,2096,,4410
TKL,2097,,4405
TKL,2098,,4399
TKL,2099,,4393
TKL,2100,,4385
TON,1950,49679,
TON,1951,50973,
TON,1952,52379,
TON,1953,53895,
TON,1954,55536,
TON,1955,57277,
TON,1956,59118,
TON,1957,60901,
TON,1958,62601,
TON,1959,64368,
TON,1960,66187,
TON,1961,68054,
TON,1962,69958,
TON,1963,71904,
TON,1964,73891,
TON,1965,75942,
TON,1966,78019,
TON,1967,79831,
TON,1968,81367,
TON,1969,82905,
TON,1970,84416,
TON,1971,85914,
TON,1972,87369,
TON,1973,88818,
TON,1974,90699,
TON,1975,93032,
TON,1976,95343,
TON,1977,96740,
TON,1978,97222,
TON,1979,97564,
TON,1980,97785,
TON,1981,97930,
TON,1982,98000,
TON,1983,98016,
TON,1984,98008,
TON,1985,98000,
TON,1986,98025,
TON,1987,98394,
TON,1988,98985,
TON,1989,99419,
TON,1990,99717,
TON,1991,99911,
TON,1992,100045,
TON,1993,100120,
TON,1994,100187,
TON,1995,100240,
TON,1996,100294,
TON,1997,100691,
TON,1998,101406,
TON,1999,102058,
TON,2000,102695,
TON,2001,103305,
TON,2002,103888,
TON,2003,104481,
TON,2004,105088,
TON,2005,105684,
TON,2006,106266,
TON,2007,106744,
TON,2008,107036,
TON,2009,107219,
TON,2010,107415,
TON,2011,107584,
TON,2012,107476,
TON,2013,107093,
TON,2014,106627,
TON,2015,106110,
TON,2016,105536,
TON,2017,105373,
TON,2018,105590,
TON,2019,105688,
TON,2020,105721,
TON,2021,105504,
TON,2022,105053,
TON,2023,104613,
TON,2024,,104192
TON,2025,,103759
TON,2026,,103306
TON,2027,,102914
TON,2028,,102585
TON,2029,,102297
TON,2030,,102086
TON,2031,,101943
TON,2032,,101854
TON,2033,,101824
TON,2034,,101823
TON,2035,,101845
TON,2036,,101911
TON,2037,,102008
TON,2038,,102184
TON,2039,,102382
TON,2040,,102583
TON,2041,,102820
TON,2042,,103055
TON,2043,,103323
TON,2044,,103627
TON,2045,,103944
TON,2046,,104248
TON,2047,,104520
TON,2048,,104760
TON,2049,,104989
TON,2050,,105205
TON,2051,,105429
TON,2052,,105638
TON,2053,,105840
TON,2054,,106056
TON,2055,,106274
TON,2056,,106490
TON,2057,,106718
TON,2058,,106968
TON,2059,,107238
TON,2060,,107518
TON,2061,,107805
TON,2062,,108128
TON,2063,,108461
TON,2064,,108812
TON,2065,,109150
TON,2066,,109511
TON,2067,,109899
TON,2068,,110278
TON,2069,,110654
TON,2070,,111033
TON,2071,,111430
TON,2072,,111853
TON,2073,,112253
TON,2074,,112638
TON,2075,,113018
TON,2076,,113416
TON,2077,,113795
TON,2078,,114157
TON,2079,,114518
TON,2080,,114859
TON,2081,,115160
TON,2082,,115453
TON,2083,,115750
TON,2084,,116015
TON,2085,,116247
TON,2086,,116445
TON,2087,,116650
TON,2088,,116854
TON,2089,,117033
TON,2090,,117178
TON,2091,,117304
TON,2092,,117424
TON,2093,,117521
TON,2094,,117614
TON,2095,,117694
TON,2096,,117748
TON,2097,,117782
TON,2098,,117828
TON,2099,,117868
TON,2100,,117879
TTO,1950,648778,
TTO,1951,665740,
TTO,1952,683442,
TTO,1953,701870,
TTO,1954,721160,
TTO,1955,741247,
TTO,1956,761692,
TTO,1957,782511,
TTO,1958,803842,
TTO,1959,825021,
TTO,1960,844952,
TTO,1961,863152,
TTO,1962,880205,
TTO,1963,896812,
TTO,1964,912972,
TTO,1965,928433,
TTO,1966,942947,
TTO,1967,956429,
TTO,1968,969006,
TTO,1969,980713,
TTO,1970,991480,
TTO,1971,1002588,
TTO,1972,1014927,
TTO,1973,1027860,
TTO,1974,1040768,
TTO,1975,1053468,
TTO,1976,1066314,
TTO,1977,1079560,
TTO,1978,1093393,
TTO,1979,1107652,
TTO,1980,1121750,
TTO,1981,1135140,
TTO,1982,1147932,
TTO,1983,1160537,
TTO,1984,1172985,
TTO,1985,1187370,
TTO,1986,1203132,
TTO,1987,1217367,
TTO,1988,1230071,
TTO,1989,1241606,
TTO,1990,1252215,
TTO,1991,1262174,
TTO,1992,1271681,
TTO,1993,1280474,
TTO,1994,1288353,
TTO,1995,1295167,
TTO,1996,1300937,
TTO,1997,1305838,
TTO,1998,1310226,
TTO,1999,1314711,
TTO,2000,1319781,
TTO,2001,1325573,
TTO,2002,1332017,
TTO,2003,1338718,
TTO,2004,1345386,
TTO,2005,1352040,
TTO,2006,1358706,
TTO,2007,1365381,
TTO,2008,1372090,
TTO,2009,1379056,
TTO,2010,1386657,
TTO,2011,1394990,
TTO,2012,1403814,
TTO,2013,1412658,
TTO,2014,1421135,
TTO,2015,1429190,
TTO,2016,1437031,
TTO,2017,1445265,
TTO,2018,1470522,
TTO,2019,1484898,
TTO,2020,1481026,
TTO,2021,1487715,
TTO,2022,1495923,
TTO,2023,1502938,
TTO,2024,,1507778
TTO,2025,,1511164
TTO,2026,,1513272
TTO,2027,,1514290
TTO,2028,,1514375
TTO,2029,,1513682
TTO,2030,,1512330
TTO,2031,,1510441
TTO,2032,,1507989
TTO,2033,,1505068
TTO,2034,,1501686
TTO,2035,,1497862
TTO,2036,,1493628
TTO,2037,,1489011
TTO,2038,,1484025
TTO,2039,,1478663
TTO,2040,,1472945
TTO,2041,,1466888
TTO,2042,,1460515
TTO,2043,,1453815
TTO,2044,,1446834
TTO,2045,,1439592
TTO,2046,,1432092
TTO,2047,,1424365
TTO,2048,,1416397
TTO,2049,,1408204
TTO,2050,,1399799
TTO,2051,,1391192
TTO,2052,,1382380
TTO,2053,,1373365
TTO,2054,,1364140
TTO,2055,,1354692
TTO,2056,,1345089
TTO,2057,,1335276
TTO,2058,,1325291
TTO,2059,,1315124
TTO,2060,,1304752
TTO,2061,,1294195
TTO,2062,,1283445
TTO,2063,,1272524
TTO,2064,,1261426
TTO,2065,,1250135
TTO,2066,,1238747
TTO,2067,,1227288
TTO,2068,,1215736
TTO,2069,,1204077
TTO,2070,,1192405
TTO,2071,,1180758
TTO,2072,,1169124
TTO,2073,,1157572
TTO,2074,,1146100
TTO,2075,,1134733
TTO,2076,,1123484
TTO,2077,,1112367
TTO,2078,,1101423
TTO,2079,,1090669
TTO,2080,,1080106
TTO,2081,,1069746
TTO,2082,,1059548
TTO,2083,,1049557
TTO,2084,,1039771
TTO,2085,,1030154
TTO,2086,,1020692
TTO,2087,,1011376
TTO,2088,,1002207
TTO,2089,,993127
TTO,2090,,984138
TTO,2091,,975242
TTO,2092,,966447
TTO,2093,,957735
TTO,2094,,949078
TTO,2095,,940481
TTO,2096,,931926
TTO,2097,,923454
TTO,2098,,915048
TTO,2099,,906682
TTO,2100,,898357
TUN,1950,3608997,
TUN,1951,3682102,
TUN,1952,3758189,
TUN,1953,3837404,
TUN,1954,3919526,
TUN,1955,4005135,
TUN,1956,4082608,
TUN,1957,4136609,
TUN,1958,4177717,
TUN,1959,4220907,
TUN,1960,4267299,
TUN,1961,4316281,
TUN,1962,4369139,
TUN,1963,4427131,
TUN,1964,4489875,
TUN,1965,4561390,
TUN,1966,4652294,
TUN,1967,4760975,
TUN,1968,4879909,
TUN,1969,5004694,
TUN,1970,5131394,
TUN,1971,5261660,
TUN,1972,5396564,
TUN,1973,5537244,
TUN,1974,5684686,
TUN,1975,5839266,
TUN,1976,5996993,
TUN,1977,6155927,
TUN,1978,6309393,
TUN,1979,6456418,
TUN,1980,6606194,
TUN,1981,6758291,
TUN,1982,6908649,
TUN,1983,7053797,
TUN,1984,7220050,
TUN,1985,7409907,
TUN,1986,7600300,
TUN,1987,7789990,
TUN,1988,7974447,
TUN,1989,8151665,
TUN,1990,8324509,
TUN,1991,8501826,
TUN,1992,8682509,
TUN,1993,8857916,
TUN,1994,9018447,
TUN,1995,9161263,
TUN,1996,9294433,
TUN,1997,9421273,
TUN,1998,9541669,
TUN,1999,9655966,
TUN,2000,9764940,
TUN,2001,9869679,
TUN,2002,9971521,
TUN,2003,10071638,
TUN,2004,10166170,
TUN,2005,10255474,
TUN,2006,10346408,
TUN,2007,10441705,
TUN,2008,10542637,
TUN,2009,10650682,
TUN,2010,10765984,
TUN,2011,10886041,
TUN,2012,11009649,
TUN,2013,11141365,
TUN,2014,11274295,
TUN,2015,11402270,
TUN,2016,11528676,
TUN,2017,11650504,
TUN,2018,11765515,
TUN,2019,11875084,
TUN,2020,11974058,
TUN,2021,12048625,
TUN,2022,12119338,
TUN,2023,12200434,
TUN,2024,,12277103
TUN,2025,,12348576
TUN,2026,,12415143
TUN,2027,,12476101
TUN,2028,,12531990
TUN,2029,,12582705
TUN,2030,,12628150
TUN,2031,,12669921
TUN,2032,,12709151
TUN,2033,,12746534
TUN,2034,,12781012
TUN,2035,,12812271
TUN,2036,,12842490
TUN,2037,,12872059
TUN,2038,,12900186
TUN,2039,,12927310
TUN,2040,,12953866
TUN,2041,,12979692
TUN,2042,,13005238
TUN,2043,,13030303
TUN,2044,,13054099
TUN,2045,,13076091
TUN,2046,,13095744
TUN,2047,,13113224
TUN,2048,,13127657
TUN,2049,,13138147
TUN,2050,,13145140
TUN,2051,,13148158
TUN,2052,,13146739
TUN,2053,,13141447
TUN,2054,,13131363
TUN,2055,,13116211
TUN,2056,,13096444
TUN,2057,,13072218
TUN,2058,,13044592
TUN,2059,,13014047
TUN,2060,,12979262
TUN,2061,,12940829
TUN,2062,,12900064
TUN,2063,,12856800
TUN,2064,,12811783
TUN,2065,,12764363
TUN,2066,,12715107
TUN,2067,,12664865
TUN,2068,,12613241
TUN,2069,,12560479
TUN,2070,,12507100
TUN,2071,,12453270
TUN,2072,,12399599
TUN,2073,,12345712
TUN,2074,,12291713
TUN,2075,,12237855
TUN,2076,,12184082
TUN,2077,,12129776
TUN,2078,,12073356
TUN,2079,,12016004
TUN,2080,,11959123
TUN,2081,,11903155
TUN,2082,,11846741
TUN,2083,,11788908
TUN,2084,,11730686
TUN,2085,,11672125
TUN,2086,,11612096
TUN,2087,,11550650
TUN,2088,,11488834
TUN,2089,,11425879
TUN,2090,,11361329
TUN,2091,,11295676
TUN,2092,,11228791
TUN,2093,,11160651
TUN,2094,,11090872
TUN,2095,,11019845
TUN,2096,,10947927
TUN,2097,,10875772
TUN,2098,,10802949
TUN,2099,,10728325
TUN,2100,,10652235
TUR,1950,21021142,
TUR,1951,21643878,
TUR,1952,22290093,
TUR,1953,22958552,
TUR,1954,23636110,
TUR,1955,24310513,
TUR,1956,25057603,
TUR,1957,25880920,
TUR,1958,26704966,
TUR,1959,27526336,
TUR,1960,28329895,
TUR,1961,29119235,
TUR,1962,29916149,
TUR,1963,30726846,
TUR,1964,31543074,
TUR,1965,32345213,
TUR,1966,33177679,
TUR,1967,34050420,
TUR,1968,34921681,
TUR,1969,35787778,
TUR,1970,36638458,
TUR,1971,37518610,
TUR,1972,38430215,
TUR,1973,39329533,
TUR,1974,40210234,
TUR,1975,41053123,
TUR,1976,41899990,
TUR,1977,42773301,
TUR,1978,43645306,
TUR,1979,44510430,
TUR,1980,45408818,
TUR,1981,46321190,
TUR,1982,47322104,
TUR,1983,48447413,
TUR,1984,49574065,
TUR,1985,50687118,
TUR,1986,51777768,
TUR,1987,52843671,
TUR,1988,53909628,
TUR,1989,54976719,
TUR,1990,56015627,
TUR,1991,57009892,
TUR,1992,57990121,
TUR,1993,58999164,
TUR,1994,60033832,
TUR,1995,61024501,
TUR,1996,61951134,
TUR,1997,62852968,
TUR,1998,63734385,
TUR,1999,64591916,
TUR,2000,65425957,
TUR,2001,66245125,
TUR,2002,67048792,
TUR,2003,67831735,
TUR,2004,68592621,
TUR,2005,69329557,
TUR,2006,70045351,
TUR,2007,70750593,
TUR,2008,71562343,
TUR,2009,72464846,
TUR,2010,73346766,
TUR,2011,74215203,
TUR,2012,75197196,
TUR,2013,76403032,
TUR,2014,78036154,
TUR,2015,80014222,
TUR,2016,81652087,
TUR,2017,83083667,
TUR,2018,84415966,
TUR,2019,85357670,
TUR,2020,86091691,
TUR,2021,86686254,
TUR,2022,87058469,
TUR,2023,87270502,
TUR,2024,,87473800
TUR,2025,,87685427
TUR,2026,,87926083
TUR,2027,,88198451
TUR,2028,,88480380
TUR,2029,,88755438
TUR,2030,,89027548
TUR,2031,,89292991
TUR,2032,,89538360
TUR,2033,,89768840
TUR,2034,,89985416
TUR,2035,,90188557
TUR,2036,,90384516
TUR,2037,,90570013
TUR,2038,,90735307
TUR,2039,,90881257
TUR,2040,,91009680
TUR,2041,,91119940
TUR,2042,,91216565
TUR,2043,,91294689
TUR,2044,,91353310
TUR,2045,,91392534
TUR,2046,,91418742
TUR,2047,,91427270
TUR,2048,,91404163
TUR,2049,,91348305
TUR,2050,,91258068
TUR,2051,,91140412
TUR,2052,,90994873
TUR,2053,,90822315
TUR,2054,,90624691
TUR,2055,,90401567
TUR,2056,,90146998
TUR,2057,,89860967
TUR,2058,,89554317
TUR,2059,,89220613
TUR,2060,,88863277
TUR,2061,,88489941
TUR,2062,,88094496
TUR,2063,,87678513
TUR,2064,,87244711
TUR,2065,,86793669
TUR,2066,,86330694
TUR,2067,,85859807
TUR,2068,,85376496
TUR,2069,,84876221
TUR,2070,,84358568
TUR,2071,,83826305
TUR,2072,,83281303
TUR,2073,,82725560
TUR,2074,,82155154
TUR,2075,,81572521
TUR,2076,,80982609
TUR,2077,,80384574
TUR,2078,,79782054
TUR,2079,,79173742
TUR,2080,,78555665
TUR,2081,,77929532
TUR,2082,,77295423
TUR,2083,,76653884
TUR,2084,,76011688
TUR,2085,,75360716
TUR,2086,,74700336
TUR,2087,,74039774
TUR,2088,,73374456
TUR,2089,,72701102
TUR,2090,,72021272
TUR,2091,,71340821
TUR,2092,,70664466
TUR,2093,,69986637
TUR,2094,,69312778
TUR,2095,,68646932
TUR,2096,,67984308
TUR,2097,,67321292
TUR,2098,,66660100
TUR,2099,,65999213
TUR,2100,,65338458
TKM,1950,1269184,
TKM,1951,1294081,
TKM,1952,1320542,
TKM,1953,1349681,
TKM,1954,1382365,
TKM,1955,1418174,
TKM,1956,1457212,
TKM,1957,1499562,
TKM,1958,1545182,
TKM,1959,1593426,
TKM,1960,1643462,
TKM,1961,1695407,
TKM,1962,1749224,
TKM,1963,1804267,
TKM,1964,1860001,
TKM,1965,1915919,
TKM,1966,1971746,
TKM,1967,2027402,
TKM,1968,2083075,
TKM,1969,2139031,
TKM,1970,2195617,
TKM,1971,2253123,
TKM,1972,2311431,
TKM,1973,2370918,
TKM,1974,2432032,
TKM,1975,2494573,
TKM,1976,2558525,
TKM,1977,2623946,
TKM,1978,2691095,
TKM,1979,2760361,
TKM,1980,2832201,
TKM,1981,2907193,
TKM,1982,2985566,
TKM,1983,3067535,
TKM,1984,3154080,
TKM,1985,3247541,
TKM,1986,3347813,
TKM,1987,3452736,
TKM,1988,3559364,
TKM,1989,3662464,
TKM,1990,3760561,
TKM,1991,3855902,
TKM,1992,3944689,
TKM,1993,4032415,
TKM,1994,4116662,
TKM,1995,4191207,
TKM,1996,4263818,
TKM,1997,4336732,
TKM,1998,4410511,
TKM,1999,4492174,
TKM,2000,4582675,
TKM,2001,4675416,
TKM,2002,4769473,
TKM,2003,4863871,
TKM,2004,4958091,
TKM,2005,5052260,
TKM,2006,5147103,
TKM,2007,5244047,
TKM,2008,5345033,
TKM,2009,5451597,
TKM,2010,5564356,
TKM,2011,5683413,
TKM,2012,5808548,
TKM,2013,5939348,
TKM,2014,6075286,
TKM,2015,6215773,
TKM,2016,6360041,
TKM,2017,6507065,
TKM,2018,6655523,
TKM,2019,6803943,
TKM,2020,6949915,
TKM,2021,7092042,
TKM,2022,7230197,
TKM,2023,7364437,
TKM,2024,,7494494
TKM,2025,,7618852
TKM,2026,,7736632
TKM,2027,,7847559
TKM,2028,,7951295
TKM,2029,,8047441
TKM,2030,,8135729
TKM,2031,,8218955
TKM,2032,,8300257
TKM,2033,,8380352
TKM,2034,,8459725
TKM,2035,,8538675
TKM,2036,,8617564
TKM,2037,,8696453
TKM,2038,,8775201
TKM,2039,,8853839
TKM,2040,,8932234
TKM,2041,,9010267
TKM,2042,,9087663
TKM,2043,,9164053
TKM,2044,,9239274
TKM,2045,,9312822
TKM,2046,,9384183
TKM,2047,,9452888
TKM,2048,,9518553
TKM,2049,,9580902
TKM,2050,,9639706
TKM,2051,,9694831
TKM,2052,,9746245
TKM,2053,,9794120
TKM,2054,,9838245
TKM,2055,,9878846
TKM,2056,,9916326
TKM,2057,,9950796
TKM,2058,,9982568
TKM,2059,,10011546
TKM,2060,,10037972
TKM,2061,,10062526
TKM,2062,,10085488
TKM,2063,,10106869
TKM,2064,,10126785
TKM,2065,,10145291
TKM,2066,,10162692
TKM,2067,,10179180
TKM,2068,,10194574
TKM,2069,,10208928
TKM,2070,,10222330
TKM,2071,,10234766
TKM,2072,,10246068
TKM,2073,,10255849
TKM,2074,,10263955
TKM,2075,,10270682
TKM,2076,,10275951
TKM,2077,,10279443
TKM,2078,,10281308
TKM,2079,,10281441
TKM,2080,,10279682
TKM,2081,,10276287
TKM,2082,,10271333
TKM,2083,,10265028
TKM,2084,,10257389
TKM,2085,,10248154
TKM,2086,,10237403
TKM,2087,,10225121
TKM,2088,,10211392
TKM,2089,,10196498
TKM,2090,,10180250
TKM,2091,,10162743
TKM,2092,,10144070
TKM,2093,,10123942
TKM,2094,,10102535
TKM,2095,,10079710
TKM,2096,,10055628
TKM,2097,,10030336
TKM,2098,,10003641
TKM,2099,,9975702
TKM,2100,,9946599
TCA,1950,5059,
TCA,1951,5076,
TCA,1952,5038,
TCA,1953,5008,
TCA,1954,5049,
TCA,1955,5157,
TCA,1956,5271,
TCA,1957,5383,
TCA,1958,5468,
TCA,1959,5557,
TCA,1960,5620,
TCA,1961,5643,
TCA,1962,5657,
TCA,1963,5674,
TCA,1964,5681,
TCA,1965,5683,
TCA,1966,5675,
TCA,1967,5684,
TCA,1968,5679,
TCA,1969,5674,
TCA,1970,5686,
TCA,1971,5773,
TCA,1972,5936,
TCA,1973,6112,
TCA,1974,6296,
TCA,1975,6486,
TCA,1976,6677,
TCA,1977,6885,
TCA,1978,7105,
TCA,1979,7327,
TCA,1980,7584,
TCA,1981,7927,
TCA,1982,8316,
TCA,1983,8722,
TCA,1984,9127,
TCA,1985,9545,
TCA,1986,9962,
TCA,1987,10384,
TCA,1988,10800,
TCA,1989,11213,
TCA,1990,11708,
TCA,1991,12328,
TCA,1992,12992,
TCA,1993,13670,
TCA,1994,14368,
TCA,1995,15074,
TCA,1996,15786,
TCA,1997,16505,
TCA,1998,17236,
TCA,1999,17981,
TCA,2000,18754,
TCA,2001,19603,
TCA,2002,20619,
TCA,2003,21749,
TCA,2004,22881,
TCA,2005,24011,
TCA,2006,25146,
TCA,2007,26290,
TCA,2008,27452,
TCA,2009,28610,
TCA,2010,29763,
TCA,2011,30870,
TCA,2012,32152,
TCA,2013,33675,
TCA,2014,35077,
TCA,2015,36632,
TCA,2016,38342,
TCA,2017,39931,
TCA,2018,41580,
TCA,2019,43191,
TCA,2020,44405,
TCA,2021,45262,
TCA,2022,45869,
TCA,2023,46221,
TCA,2024,,46563
TCA,2025,,46880
TCA,2026,,47170
TCA,2027,,47456
TCA,2028,,47740
TCA,2029,,48022
TCA,2030,,48283
TCA,2031,,48542
TCA,2032,,48797
TCA,2033,,49054
TCA,2034,,49287
TCA,2035,,49515
TCA,2036,,49747
TCA,2037,,49945
TCA,2038,,50134
TCA,2039,,50305
TCA,2040,,50450
TCA,2041,,50565
TCA,2042,,50683
TCA,2043,,50800
TCA,2044,,50885
TCA,2045,,50945
TCA,2046,,50998
TCA,2047,,51024
TCA,2048,,51043
TCA,2049,,51036
TCA,2050,,51013
TCA,2051,,50972
TCA,2052,,50880
TCA,2053,,50774
TCA,2054,,50687
TCA,2055,,50557
TCA,2056,,50377
TCA,2057,,50196
TCA,2058,,50000
TCA,2059,,49794
TCA,2060,,49585
TCA,2061,,49357
TCA,2062,,49095
TCA,2063,,48832
TCA,2064,,48579
TCA,2065,,48301
TCA,2066,,48020
TCA,2067,,47762
TCA,2068,,47491
TCA,2069,,47211
TCA,2070,,46948
TCA,2071,,46670
TCA,2072,,46383
TCA,2073,,46078
TCA,2074,,45770
TCA,2075,,45460
TCA,2076,,45150
TCA,2077,,44846
TCA,2078,,44543
TCA,2079,,44242
TCA,2080,,43966
TCA,2081,,43672
TCA,2082,,43372
TCA,2083,,43081
TCA,2084,,42805
TCA,2085,,42542
TCA,2086,,42270
TCA,2087,,41999
TCA,2088,,41733
TCA,2089,,41464
TCA,2090,,41202
TCA,2091,,40948
TCA,2092,,40685
TCA,2093,,40437
TCA,2094,,40198
TCA,2095,,39940
TCA,2096,,39686
TCA,2097,,39436
TCA,2098,,39185
TCA,2099,,38937
TCA,2100,,38687
TUV,1950,4784,
TUV,1951,4947,
TUV,1952,5072,
TUV,1953,5198,
TUV,1954,5292,
TUV,1955,5361,
TUV,1956,5408,
TUV,1957,5455,
TUV,1958,5517,
TUV,1959,5577,
TUV,1960,5619,
TUV,1961,5669,
TUV,1962,5721,
TUV,1963,5773,
TUV,1964,5771,
TUV,1965,5731,
TUV,1966,5705,
TUV,1967,5674,
TUV,1968,5644,
TUV,1969,5653,
TUV,1970,5684,
TUV,1971,5704,
TUV,1972,5712,
TUV,1973,5704,
TUV,1974,5844,
TUV,1975,6133,
TUV,1976,6427,
TUV,1977,6708,
TUV,1978,6980,
TUV,1979,7207,
TUV,1980,7387,
TUV,1981,7545,
TUV,1982,7686,
TUV,1983,7809,
TUV,1984,7926,
TUV,1985,8068,
TUV,1986,8238,
TUV,1987,8393,
TUV,1988,8539,
TUV,1989,8685,
TUV,1990,8821,
TUV,1991,8953,
TUV,1992,9060,
TUV,1993,9146,
TUV,1994,9231,
TUV,1995,9299,
TUV,1996,9363,
TUV,1997,9425,
TUV,1998,9469,
TUV,1999,9518,
TUV,2000,9566,
TUV,2001,9608,
TUV,2002,9645,
TUV,2003,9715,
TUV,2004,9839,
TUV,2005,9964,
TUV,2006,10078,
TUV,2007,10204,
TUV,2008,10344,
TUV,2009,10479,
TUV,2010,10635,
TUV,2011,10804,
TUV,2012,10960,
TUV,2013,11028,
TUV,2014,11007,
TUV,2015,10985,
TUV,2016,10951,
TUV,2017,10892,
TUV,2018,10775,
TUV,2019,10603,
TUV,2020,10423,
TUV,2021,10214,
TUV,2022,10012,
TUV,2023,9837,
TUV,2024,,9669
TUV,2025,,9516
TUV,2026,,9386
TUV,2027,,9278
TUV,2028,,9197
TUV,2029,,9124
TUV,2030,,9069
TUV,2031,,9033
TUV,2032,,9006
TUV,2033,,8997
TUV,2034,,8992
TUV,2035,,8999
TUV,2036,,9017
TUV,2037,,9039
TUV,2038,,9073
TUV,2039,,9117
TUV,2040,,9165
TUV,2041,,9213
TUV,2042,,9268
TUV,2043,,9331
TUV,2044,,9398
TUV,2045,,9458
TUV,2046,,9525
TUV,2047,,9594
TUV,2048,,9667
TUV,2049,,9736
TUV,2050,,9802
TUV,2051,,9875
TUV,2052,,9937
TUV,2053,,10000
TUV,2054,,10061
TUV,2055,,10122
TUV,2056,,10185
TUV,2057,,10248
TUV,2058,,10303
TUV,2059,,10369
TUV,2060,,10433
TUV,2061,,10499
TUV,2062,,10563
TUV,2063,,10621
TUV,2064,,10691
TUV,2065,,10747
TUV,2066,,10807
TUV,2067,,10874
TUV,2068,,10945
TUV,2069,,11013
TUV,2070,,11079
TUV,2071,,11146
TUV,2072,,11210
TUV,2073,,11282
TUV,2074,,11351
TUV,2075,,11409
TUV,2076,,11471
TUV,2077,,11530
TUV,2078,,11584
TUV,2079,,11635
TUV,2080,,11695
TUV,2081,,11743
TUV,2082,,11789
TUV,2083,,11831
TUV,2084,,11867
TUV,2085,,11911
TUV,2086,,11950
TUV,2087,,11977
TUV,2088,,12014
TUV,2089,,12048
TUV,2090,,12076
TUV,2091,,12107
TUV,2092,,12134
TUV,2093,,12163
TUV,2094,,12181
TUV,2095,,12196
TUV,2096,,12218
TUV,2097,,12234
TUV,2098,,12259
TUV,2099,,12273
TUV,2100,,12290
UGA,1950,5750917,
UGA,1951,5911173,
UGA,1952,6077045,
UGA,1953,6249442,
UGA,1954,6428381,
UGA,1955,6613776,
UGA,1956,6805457,
UGA,1957,7003888,
UGA,1958,7209760,
UGA,1959,7423432,
UGA,1960,7640975,
UGA,1961,7862221,
UGA,1962,8092231,
UGA,1963,8333660,
UGA,1964,8586366,
UGA,1965,8849209,
UGA,1966,9122864,
UGA,1967,9408922,
UGA,1968,9708633,
UGA,1969,10014863,
UGA,1970,10321608,
UGA,1971,10618207,
UGA,1972,10885795,
UGA,1973,11144237,
UGA,1974,11424845,
UGA,1975,11725240,
UGA,1976,12037302,
UGA,1977,12359671,
UGA,1978,12692122,
UGA,1979,13002167,
UGA,1980,13275751,
UGA,1981,13556457,
UGA,1982,13873637,
UGA,1983,14221891,
UGA,1984,14607679,
UGA,1985,15023679,
UGA,1986,15467581,
UGA,1987,15954165,
UGA,1988,16470485,
UGA,1989,17010704,
UGA,1990,17569895,
UGA,1991,18155901,
UGA,1992,18785037,
UGA,1993,19445161,
UGA,1994,20108804,
UGA,1995,20665673,
UGA,1996,21231553,
UGA,1997,21856044,
UGA,1998,22515809,
UGA,1999,23257279,
UGA,2000,24000158,
UGA,2001,24745678,
UGA,2002,25532872,
UGA,2003,26352124,
UGA,2004,27154513,
UGA,2005,27963287,
UGA,2006,28794005,
UGA,2007,29653437,
UGA,2008,30539547,
UGA,2009,31451147,
UGA,2010,32390801,
UGA,2011,33354541,
UGA,2012,34337436,
UGA,2013,35337050,
UGA,2014,36395542,
UGA,2015,37531444,
UGA,2016,38799153,
UGA,2017,40177384,
UGA,2018,41565839,
UGA,2019,42999636,
UGA,2020,44457148,
UGA,2021,45910931,
UGA,2022,47312718,
UGA,2023,48656606,
UGA,2024,,50015091
UGA,2025,,51384893
UGA,2026,,52761469
UGA,2027,,54144273
UGA,2028,,55532563
UGA,2029,,56922794
UGA,2030,,58312943
UGA,2031,,59703535
UGA,2032,,61089058
UGA,2033,,62464114
UGA,2034,,63833871
UGA,2035,,65205568
UGA,2036,,66573736
UGA,2037,,67942632
UGA,2038,,69312208
UGA,2039,,70669874
UGA,2040,,72020413
UGA,2041,,73372657
UGA,2042,,74730003
UGA,2043,,76090988
UGA,2044,,77449515
UGA,2045,,78797994
UGA,2046,,80139173
UGA,2047,,81478502
UGA,2048,,82812101
UGA,2049,,84130055
UGA,2050,,85431201
UGA,2051,,86718841
UGA,2052,,87994724
UGA,2053,,89259479
UGA,2054,,90505899
UGA,2055,,91729146
UGA,2056,,92930869
UGA,2057,,94115088
UGA,2058,,95281804
UGA,2059,,96426127
UGA,2060,,97542313
UGA,2061,,98640637
UGA,2062,,99723528
UGA,2063,,100778773
UGA,2064,,101810169
UGA,2065,,102815042
UGA,2066,,103793946
UGA,2067,,104749951
UGA,2068,,105679497
UGA,2069,,106581040
UGA,2070,,107461467
UGA,2071,,108317267
UGA,2072,,109144749
UGA,2073,,109944910
UGA,2074,,110717743
UGA,2075,,111470710
UGA,2076,,112201021
UGA,2077,,112898954
UGA,2078,,113567426
UGA,2079,,114203987
UGA,2080,,114812172
UGA,2081,,115393561
UGA,2082,,115943221
UGA,2083,,116468063
UGA,2084,,116958193
UGA,2085,,117410685
UGA,2086,,117831260
UGA,2087,,118229693
UGA,2088,,118604118
UGA,2089,,118950726
UGA,2090,,119267681
UGA,2091,,119548484
UGA,2092,,119802174
UGA,2093,,120030491
UGA,2094,,120223592
UGA,2095,,120394747
UGA,2096,,120537697
UGA,2097,,120644954
UGA,2098,,120728727
UGA,2099,,120794426
UGA,2100,,120835188
UKR,1950,37310888,
UKR,1951,37807755,
UKR,1952,38306714,
UKR,1953,38806088,
UKR,1954,39320025,
UKR,1955,39859717,
UKR,1956,40419148,
UKR,1957,40998772,
UKR,1958,41627069,
UKR,1959,42244271,
UKR,1960,42824099,
UKR,1961,43399769,
UKR,1962,43943675,
UKR,1963,44462370,
UKR,1964,44951157,
UKR,1965,45386896,
UKR,1966,45802523,
UKR,1967,46215989,
UKR,1968,46614333,
UKR,1969,46976251,
UKR,1970,47261309,
UKR,1971,47573291,
UKR,1972,47946893,
UKR,1973,48277120,
UKR,1974,48576573,
UKR,1975,48865230,
UKR,1976,49120842,
UKR,1977,49336485,
UKR,1978,49521243,
UKR,1979,49721384,
UKR,1980,49955147,
UKR,1981,50189280,
UKR,1982,50402724,
UKR,1983,50637026,
UKR,1984,50887600,
UKR,1985,51108771,
UKR,1986,51318738,
UKR,1987,51515727,
UKR,1988,51724854,
UKR,1989,51917825,
UKR,1990,52054096,
UKR,1991,52170967,
UKR,1992,52323675,
UKR,1993,52350122,
UKR,1994,52076000,
UKR,1995,51665535,
UKR,1996,51226111,
UKR,1997,50786881,
UKR,1998,50379728,
UKR,1999,49976445,
UKR,2000,49556654,
UKR,2001,49106854,
UKR,2002,48677280,
UKR,2003,48315133,
UKR,2004,47979502,
UKR,2005,47585558,
UKR,2006,47278691,
UKR,2007,47062802,
UKR,2008,46819168,
UKR,2009,46623731,
UKR,2010,46455997,
UKR,2011,46307854,
UKR,2012,46210051,
UKR,2013,46126760,
UKR,2014,45972379,
UKR,2015,45784904,
UKR,2016,45616831,
UKR,2017,45436037,
UKR,2018,45208903,
UKR,2019,44957451,
UKR,2020,44680008,
UKR,2021,44298642,
UKR,2022,41048768,
UKR,2023,37732833,
UKR,2024,,37860221
UKR,2025,,38980380
UKR,2026,,39535851
UKR,2027,,39245210
UKR,2028,,38952087
UKR,2029,,38654417
UKR,2030,,38353850
UKR,2031,,38050625
UKR,2032,,37746688
UKR,2033,,37442088
UKR,2034,,37135840
UKR,2035,,36828150
UKR,2036,,36519768
UKR,2037,,36209680
UKR,2038,,35897706
UKR,2039,,35584264
UKR,2040,,35270912
UKR,2041,,34957580
UKR,2042,,34641779
UKR,2043,,34324132
UKR,2044,,34004075
UKR,2045,,33680448
UKR,2046,,33351499
UKR,2047,,33017829
UKR,2048,,32680968
UKR,2049,,32338516
UKR,2050,,31990136
UKR,2051,,31637038
UKR,2052,,31279519
UKR,2053,,30918131
UKR,2054,,30553300
UKR,2055,,30184825
UKR,2056,,29813403
UKR,2057,,29440033
UKR,2058,,29064244
UKR,2059,,28687604
UKR,2060,,28311318
UKR,2061,,27934831
UKR,2062,,27558866
UKR,2063,,27183874
UKR,2064,,26809371
UKR,2065,,26435848
UKR,2066,,26063981
UKR,2067,,25693808
UKR,2068,,25325529
UKR,2069,,24959021
UKR,2070,,24594160
UKR,2071,,24231506
UKR,2072,,23871752
UKR,2073,,23513840
UKR,2074,,23157186
UKR,2075,,22803046
UKR,2076,,22451645
UKR,2077,,22103136
UKR,2078,,21757670
UKR,2079,,21415193
UKR,2080,,21075889
UKR,2081,,20740022
UKR,2082,,20407633
UKR,2083,,20079120
UKR,2084,,19754666
UKR,2085,,19435115
UKR,2086,,19120587
UKR,2087,,18810268
UKR,2088,,18504960
UKR,2089,,18204735
UKR,2090,,17908876
UKR,2091,,17617733
UKR,2092,,17331500
UKR,2093,,17049587
UKR,2094,,16772225
UKR,2095,,16499787
UKR,2096,,16231646
UKR,2097,,15967101
UKR,2098,,15706493
UKR,2099,,15449882
UKR,2100,,15197403
ARE,1950,74532,
ARE,1951,79554,
ARE,1952,84780,
ARE,1953,90166,
ARE,1954,95670,
ARE,1955,101272,
ARE,1956,106976,
ARE,1957,112797,
ARE,1958,118776,
ARE,1959,124949,
ARE,1960,131348,
ARE,1961,138002,
ARE,1962,144963,
ARE,1963,152223,
ARE,1964,159702,
ARE,1965,167121,
ARE,1966,173988,
ARE,1967,179708,
ARE,1968,199432,
ARE,1969,239676,
ARE,1970,286553,
ARE,1971,335042,
ARE,1972,385025,
ARE,1973,436407,
ARE,1974,489098,
ARE,1975,542868,
ARE,1976,615871,
ARE,1977,710216,
ARE,1978,809285,
ARE,1979,912016,
ARE,1980,1015711,
ARE,1981,1099864,
ARE,1982,1166383,
ARE,1983,1235309,
ARE,1984,1306005,
ARE,1985,1377918,
ARE,1986,1467386,
ARE,1987,1574258,
ARE,1988,1681797,
ARE,1989,1789858,
ARE,1990,1898220,
ARE,1991,2006630,
ARE,1992,2114738,
ARE,1993,2222098,
ARE,1994,2328191,
ARE,1995,2434667,
ARE,1996,2597570,
ARE,1997,2817410,
ARE,1998,3040432,
ARE,1999,3266011,
ARE,2000,3493583,
ARE,2001,3723596,
ARE,2002,3956829,
ARE,2003,4192465,
ARE,2004,4428964,
ARE,2005,4664797,
ARE,2006,5009106,
ARE,2007,5624640,
ARE,2008,6302669,
ARE,2009,6707063,
ARE,2010,6938372,
ARE,2011,7199436,
ARE,2012,7497122,
ARE,2013,7831851,
ARE,2014,8236880,
ARE,2015,8674633,
ARE,2016,9030873,
ARE,2017,9234330,
ARE,2018,9346870,
ARE,2019,9377855,
ARE,2020,9448529,
ARE,2021,9789055,
ARE,2022,10242085,
ARE,2023,10642089,
ARE,2024,,11027135
ARE,2025,,11346006
ARE,2026,,11574684
ARE,2027,,11755602
ARE,2028,,11912259
ARE,2029,,12054642
ARE,2030,,12190610
ARE,2031,,12327109
ARE,2032,,12467814
ARE,2033,,12612269
ARE,2034,,12760079
ARE,2035,,12910708
ARE,2036,,13063716
ARE,2037,,13218801
ARE,2038,,13375747
ARE,2039,,13534190
ARE,2040,,13693783
ARE,2041,,13854529
ARE,2042,,14016330
ARE,2043,,14179103
ARE,2044,,14342812
ARE,2045,,14507367
ARE,2046,,14673759
ARE,2047,,14843825
ARE,2048,,15016890
ARE,2049,,15191614
ARE,2050,,15367397
ARE,2051,,15543672
ARE,2052,,15720980
ARE,2053,,15900015
ARE,2054,,16081447
ARE,2055,,16264885
ARE,2056,,16450042
ARE,2057,,16637522
ARE,2058,,16827639
ARE,2059,,17020197
ARE,2060,,17214839
ARE,2061,,17412139
ARE,2062,,17613167
ARE,2063,,17817885
ARE,2064,,18026058
ARE,2065,,18237403
ARE,2066,,18451478
ARE,2067,,18668368
ARE,2068,,18887998
ARE,2069,,19110151
ARE,2070,,19334288
ARE,2071,,19560134
ARE,2072,,19787406
ARE,2073,,20015890
ARE,2074,,20245060
ARE,2075,,20474294
ARE,2076,,20703705
ARE,2077,,20933017
ARE,2078,,21161828
ARE,2079,,21389981
ARE,2080,,21617419
ARE,2081,,21844114
ARE,2082,,22070029
ARE,2083,,22295056
ARE,2084,,22519027
ARE,2085,,22741912
ARE,2086,,22964200
ARE,2087,,23186353
ARE,2088,,23408454
ARE,2089,,23630658
ARE,2090,,23852864
ARE,2091,,24075191
ARE,2092,,24298132
ARE,2093,,24521981
ARE,2094,,24747055
ARE,2095,,24973512
ARE,2096,,25201596
ARE,2097,,25431501
ARE,2098,,25663500
ARE,2099,,25897698
ARE,2100,,26134296
GBR,1950,50121020,
GBR,1951,50346821,
GBR,1952,50496231,
GBR,1953,50727035,
GBR,1954,50958246,
GBR,1955,51176749,
GBR,1956,51400458,
GBR,1957,51655911,
GBR,1958,51935640,
GBR,1959,52226466,
GBR,1960,52538548,
GBR,1961,52884952,
GBR,1962,53272836,
GBR,1963,53652939,
GBR,1964,54009130,
GBR,1965,54359022,
GBR,1966,54676346,
GBR,1967,54973661,
GBR,1968,55240654,
GBR,1969,55456208,
GBR,1970,55663801,
GBR,1971,55890372,
GBR,1972,56079239,
GBR,1973,56188787,
GBR,1974,56224550,
GBR,1975,56220139,
GBR,1976,56201143,
GBR,1977,56175829,
GBR,1978,56175553,
GBR,1979,56218759,
GBR,1980,56282102,
GBR,1981,56304590,
GBR,1982,56292761,
GBR,1983,56332060,
GBR,1984,56451312,
GBR,1985,56606416,
GBR,1986,56751926,
GBR,1987,56886021,
GBR,1988,57026539,
GBR,1989,57182137,
GBR,1990,57367867,
GBR,1991,57555199,
GBR,1992,57719273,
GBR,1993,57861037,
GBR,1994,58003200,
GBR,1995,58154632,
GBR,1996,58298563,
GBR,1997,58447091,
GBR,1998,58626822,
GBR,1999,58838663,
GBR,2000,59057333,
GBR,2001,59288095,
GBR,2002,59540764,
GBR,2003,59820385,
GBR,2004,60169964,
GBR,2005,60596107,
GBR,2006,61051093,
GBR,2007,61535859,
GBR,2008,62027303,
GBR,2009,62506222,
GBR,2010,63006482,
GBR,2011,63509285,
GBR,2012,63960488,
GBR,2013,64389386,
GBR,2014,64865914,
GBR,2015,65382107,
GBR,2016,65893359,
GBR,2017,66354473,
GBR,2018,66752473,
GBR,2019,67110958,
GBR,2020,67351860,
GBR,2021,67668788,
GBR,2022,68179315,
GBR,2023,68682965,
GBR,2024,,69138185
GBR,2025,,69551334
GBR,2026,,69931528
GBR,2027,,70293570
GBR,2028,,70642972
GBR,2029,,70971339
GBR,2030,,71286991
GBR,2031,,71587426
GBR,2032,,71868651
GBR,2033,,72142878
GBR,2034,,72405685
GBR,2035,,72656812
GBR,2036,,72898257
GBR,2037,,73125970
GBR,2038,,73348187
GBR,2039,,73564953
GBR,2040,,73774627
GBR,2041,,73980351
GBR,2042,,74181559
GBR,2043,,74380561
GBR,2044,,74572566
GBR,2045,,74753657
GBR,2046,,74925781
GBR,2047,,75089104
GBR,2048,,75241975
GBR,2049,,75380397
GBR,2050,,75504685
GBR,2051,,75616453
GBR,2052,,75715204
GBR,2053,,75797702
GBR,2054,,75868021
GBR,2055,,75921059
GBR,2056,,75956750
GBR,2057,,75982994
GBR,2058,,76002011
GBR,2059,,76010863
GBR,2060,,76010355
GBR,2061,,76011257
GBR,2062,,76015721
GBR,2063,,76018826
GBR,2064,,76020153
GBR,2065,,76022082
GBR,2066,,76025914
GBR,2067,,76033054
GBR,2068,,76037176
GBR,2069,,76040925
GBR,2070,,76049082
GBR,2071,,76059257
GBR,2072,,76068380
GBR,2073,,76067629
GBR,2074,,76057431
GBR,2075,,76045535
GBR,2076,,76038088
GBR,2077,,76028118
GBR,2078,,76010110
GBR,2079,,75986565
GBR,2080,,75956251
GBR,2081,,75926696
GBR,2082,,75892774
GBR,2083,,75847660
GBR,2084,,75797781
GBR,2085,,75743277
GBR,2086,,75680069
GBR,2087,,75610808
GBR,2088,,75539622
GBR,2089,,75462717
GBR,2090,,75378280
GBR,2091,,75289988
GBR,2092,,75198444
GBR,2093,,75102909
GBR,2094,,75005762
GBR,2095,,74902635
GBR,2096,,74791791
GBR,2097,,74679077
GBR,2098,,74562978
GBR,2099,,74438681
GBR,2100,,74305411
USA,1950,154202683,
USA,1951,156481323,
USA,1952,158794223,
USA,1953,161168320,
USA,1954,163636303,
USA,1955,166200028,
USA,1956,168824962,
USA,1957,171499234,
USA,1958,174215305,
USA,1959,177145772,
USA,1960,180274556,
USA,1961,183489491,
USA,1962,186724275,
USA,1963,189825225,
USA,1964,192819457,
USA,1965,195653774,
USA,1966,198265400,
USA,1967,200699913,
USA,1968,203011020,
USA,1969,205300034,
USA,1970,207796338,
USA,1971,210426423,
USA,1972,212842571,
USA,1973,215006548,
USA,1974,217076475,
USA,1975,219129299,
USA,1976,221168755,
USA,1977,223259417,
USA,1978,225396097,
USA,1979,227575082,
USA,1980,229858656,
USA,1981,232201613,
USA,1982,234583155,
USA,1983,236986362,
USA,1984,239353967,
USA,1985,241690438,
USA,1986,243953807,
USA,1987,246161292,
USA,1988,248393236,
USA,1989,250675047,
USA,1990,253373387,
USA,1991,256471424,
USA,1992,259606021,
USA,1993,262633229,
USA,1994,265474811,
USA,1995,268205796,
USA,1996,270860695,
USA,1997,273468014,
USA,1998,276119323,
USA,1999,278785482,
USA,2000,281484126,
USA,2001,284279634,
USA,2002,287084335,
USA,2003,289908091,
USA,2004,292786248,
USA,2005,295716666,
USA,2006,298730208,
USA,2007,301844223,
USA,2008,304970325,
USA,2009,308023452,
USA,2010,311062785,
USA,2011,314105075,
USA,2012,317115349,
USA,2013,320110752,
USA,2014,323115377,
USA,2015,326126496,
USA,2016,329179423,
USA,2017,332204657,
USA,2018,335056492,
USA,2019,337790069,
USA,2020,339436156,
USA,2021,340161438,
USA,2022,341534041,
USA,2023,343477330,
USA,2024,,345426566
USA,2025,,347275809
USA,2026,,349035484
USA,2027,,350728354
USA,2028,,352404091
USA,2029,,354050266
USA,2030,,355649876
USA,2031,,357222717
USA,2032,,358769977
USA,2033,,360294013
USA,2034,,361801810
USA,2035,,363284708
USA,2036,,364731659
USA,2037,,366152374
USA,2038,,367551456
USA,2039,,368906814
USA,2040,,370209315
USA,2041,,371469482
USA,2042,,372704770
USA,2043,,373900680
USA,2044,,375029244
USA,2045,,376106469
USA,2046,,377131731
USA,2047,,378117766
USA,2048,,379063745
USA,2049,,379966907
USA,2050,,380846905
USA,2051,,381708397
USA,2052,,382543750
USA,2053,,383359330
USA,2054,,384145915
USA,2055,,384894298
USA,2056,,385642337
USA,2057,,386425220
USA,2058,,387253705
USA,2059,,388093055
USA,2060,,388918397
USA,2061,,389765292
USA,2062,,390647519
USA,2063,,391545620
USA,2064,,392444227
USA,2065,,393352611
USA,2066,,394294346
USA,2067,,395267222
USA,2068,,396248288
USA,2069,,397237403
USA,2070,,398218093
USA,2071,,399192917
USA,2072,,400151800
USA,2073,,401080535
USA,2074,,401993346
USA,2075,,402910156
USA,2076,,403820935
USA,2077,,404683461
USA,2078,,405518703
USA,2079,,406319926
USA,2080,,407079813
USA,2081,,407866275
USA,2082,,408655853
USA,2083,,409401664
USA,2084,,410134662
USA,2085,,410829980
USA,2086,,411520083
USA,2087,,412236781
USA,2088,,412978779
USA,2089,,413730742
USA,2090,,414457645
USA,2091,,415186381
USA,2092,,415928999
USA,2093,,416662120
USA,2094,,417391609
USA,2095,,418115525
USA,2096,,418800095
USA,2097,,419461011
USA,2098,,420095817
USA,2099,,420702895
USA,2100,,421278889
VIR,1950,27104,
VIR,1951,27767,
VIR,1952,28219,
VIR,1953,28672,
VIR,1954,29184,
VIR,1955,29680,
VIR,1956,30157,
VIR,1957,30636,
VIR,1958,31150,
VIR,1959,31715,
VIR,1960,33041,
VIR,1961,35452,
VIR,1962,38338,
VIR,1963,41465,
VIR,1964,44857,
VIR,1965,48401,
VIR,1966,51783,
VIR,1967,54927,
VIR,1968,57848,
VIR,1969,60555,
VIR,1970,63874,
VIR,1971,67929,
VIR,1972,71931,
VIR,1973,75742,
VIR,1974,79320,
VIR,1975,82621,
VIR,1976,85719,
VIR,1977,88731,
VIR,1978,91629,
VIR,1979,94448,
VIR,1980,96580,
VIR,1981,97772,
VIR,1982,98653,
VIR,1983,99454,
VIR,1984,100178,
VIR,1985,100812,
VIR,1986,101347,
VIR,1987,101743,
VIR,1988,101957,
VIR,1989,101937,
VIR,1990,102318,
VIR,1991,103355,
VIR,1992,104430,
VIR,1993,105396,
VIR,1994,106242,
VIR,1995,106985,
VIR,1996,107608,
VIR,1997,108097,
VIR,1998,108441,
VIR,1999,108588,
VIR,2000,108591,
VIR,2001,108535,
VIR,2002,108433,
VIR,2003,108186,
VIR,2004,107851,
VIR,2005,107622,
VIR,2006,107463,
VIR,2007,107238,
VIR,2008,106971,
VIR,2009,106767,
VIR,2010,106325,
VIR,2011,105398,
VIR,2012,104307,
VIR,2013,103168,
VIR,2014,102012,
VIR,2015,100251,
VIR,2016,97795,
VIR,2017,95124,
VIR,2018,92317,
VIR,2019,89390,
VIR,2020,87724,
VIR,2021,87238,
VIR,2022,86521,
VIR,2023,85712,
VIR,2024,,84919
VIR,2025,,84151
VIR,2026,,83412
VIR,2027,,82715
VIR,2028,,82057
VIR,2029,,81454
VIR,2030,,80870
VIR,2031,,80291
VIR,2032,,79739
VIR,2033,,79212
VIR,2034,,78679
VIR,2035,,78136
VIR,2036,,77610
VIR,2037,,77087
VIR,2038,,76580
VIR,2039,,76085
VIR,2040,,75588
VIR,2041,,75119
VIR,2042,,74656
VIR,2043,,74197
VIR,2044,,73742
VIR,2045,,73272
VIR,2046,,72832
VIR,2047,,72409
VIR,2048,,71993
VIR,2049,,71617
VIR,2050,,71244
VIR,2051,,70879
VIR,2052,,70506
VIR,2053,,70160
VIR,2054,,69806
VIR,2055,,69462
VIR,2056,,69144
VIR,2057,,68831
VIR,2058,,68523
VIR,2059,,68232
VIR,2060,,67969
VIR,2061,,67734
VIR,2062,,67515
VIR,2063,,67298
VIR,2064,,67091
VIR,2065,,66889
VIR,2066,,66704
VIR,2067,,66525
VIR,2068,,66367
VIR,2069,,66216
VIR,2070,,66075
VIR,2071,,65935
VIR,2072,,65796
VIR,2073,,65655
VIR,2074,,65516
VIR,2075,,65383
VIR,2076,,65261
VIR,2077,,65143
VIR,2078,,65031
VIR,2079,,64919
VIR,2080,,64802
VIR,2081,,64695
VIR,2082,,64581
VIR,2083,,64466
VIR,2084,,64354
VIR,2085,,64243
VIR,2086,,64124
VIR,2087,,64006
VIR,2088,,63885
VIR,2089,,63758
VIR,2090,,63625
VIR,2091,,63481
VIR,2092,,63336
VIR,2093,,63188
VIR,2094,,63031
VIR,2095,,62870
VIR,2096,,62700
VIR,2097,,62520
VIR,2098,,62347
VIR,2099,,62168
VIR,2100,,61981
,1950,971459726,
,1951,990365578,
,1952,1011326556,
,1953,1033750846,
,1954,1056752381,
,1955,1081063316,
,1956,1105422287,
,1957,1131059970,
,1958,1157100677,
,1959,1177979580,
,1960,1192784042,
,1961,1206857495,
,1962,1229477047,
,1963,1262437687,
,1964,1296274414,
,1965,1328131289,
,1966,1360261861,
,1967,1392368023,
,1968,1426010109,
,1969,1460966935,
,1970,1495939030,
,1971,1530649020,
,1972,1564545908,
,1973,1597935744,
,1974,1630317065,
,1975,1660916059,
,1976,1690214940,
,1977,1718780049,
,1978,1746986481,
,1979,1775600654,
,1980,1805081619,
,1981,1835493099,
,1982,1867442022,
,1983,1899489259,
,1984,1931132870,
,1985,1963777381,
,1986,1997865652,
,1987,2033626303,
,1988,2069266059,
,1989,2104225630,
,1990,2139223834,
,1991,2171086067,
,1992,2198144890,
,1993,2224048630,
,1994,2249609686,
,1995,2274255352,
,1996,2298399000,
,1997,2321678480,
,1998,2344201904,
,1999,2365998828,
,2000,2387650827,
,2001,2408718093,
,2002,2429083860,
,2003,2448817188,
,2004,2467775129,
,2005,2487125053,
,2006,2506099159,
,2007,2524647903,
,2008,2544572140,
,2009,2565830914,
,2010,2587239951,
,2011,2608269480,
,2012,2630713359,
,2013,2654098675,
,2014,2676850267,
,2015,2698929422,
,2016,2719695289,
,2017,2740416301,
,2018,2759864864,
,2019,2776256179,
,2020,2789064940,
,2021,2797561838,
,2022,2804740302,
,2023,2811308942,
,2024,,2816388186
,2025,,2820990894
,2026,,2825596430
,2027,,2830200087
,2028,,2834258828
,2029,,2837759946
,2030,,2840748185
,2031,,2843224674
,2032,,2845215154
,2033,,2846738016
,2034,,2847784417
,2035,,2848381493
,2036,,2848543347
,2037,,2848264744
,2038,,2847558582
,2039,,2846409375
,2040,,2844784735
,2041,,2842659409
,2042,,2840023980
,2043,,2836880767
,2044,,2833195769
,2045,,2828899804
,2046,,2823919029
,2047,,2818247405
,2048,,2811823932
,2049,,2804576493
,2050,,2796509583
,2051,,2787624866
,2052,,2777882479
,2053,,2767326801
,2054,,2756022609
,2055,,2743983151
,2056,,2731268309
,2057,,2717971304
,2058,,2704150854
,2059,,2689859101
,2060,,2675217202
,2061,,2660294965
,2062,,2645128913
,2063,,2629814013
,2064,,2614387210
,2065,,2598858109
,2066,,2583297684
,2067,,2567706503
,2068,,2552070822
,2069,,2536420229
,2070,,2520760513
,2071,,2505072214
,2072,,2489320625
,2073,,2473482820
,2074,,2457535330
,2075,,2441446460
,2076,,2425228758
,2077,,2408871408
,2078,,2392365815
,2079,,2375726479
,2080,,2358934451
,2081,,2342032755
,2082,,2325051896
,2083,,2308002186
,2084,,2290887819
,2085,,2273755815
,2086,,2256695052
,2087,,2239701888
,2088,,2222762454
,2089,,2205912470
,2090,,2189146097
,2091,,2172498364
,2092,,2155969589
,2093,,2139519275
,2094,,2123154194
,2095,,2106854975
,2096,,2090599746
,2097,,2074385010
,2098,,2058232310
,2099,,2042158802
,2100,,2026150941
URY,1950,2234414,
URY,1951,2256416,
URY,1952,2281110,
URY,1953,2308051,
URY,1954,2336875,
URY,1955,2367035,
URY,1956,2398370,
URY,1957,2430772,
URY,1958,2463868,
URY,1959,2497153,
URY,1960,2529964,
URY,1961,2562047,
URY,1962,2593294,
URY,1963,2623767,
URY,1964,2653182,
URY,1965,2681172,
URY,1966,2707655,
URY,1967,2732283,
URY,1968,2754605,
URY,1969,2773985,
URY,1970,2790811,
URY,1971,2806462,
URY,1972,2821648,
URY,1973,2837143,
URY,1974,2853947,
URY,1975,2872328,
URY,1976,2891395,
URY,1977,2909469,
URY,1978,2925714,
URY,1979,2939906,
URY,1980,2951956,
URY,1981,2963250,
URY,1982,2975490,
URY,1983,2988779,
URY,1984,3002495,
URY,1985,3017044,
URY,1986,3032846,
URY,1987,3049896,
URY,1988,3067957,
URY,1989,3086254,
URY,1990,3104404,
URY,1991,3122357,
URY,1992,3139704,
URY,1993,3156351,
URY,1994,3172839,
URY,1995,3189438,
URY,1996,3206329,
URY,1997,3223349,
URY,1998,3239286,
URY,1999,3254020,
URY,2000,3266212,
URY,2001,3274257,
URY,2002,3278868,
URY,2003,3281188,
URY,2004,3283157,
URY,2005,3285776,
URY,2006,3289508,
URY,2007,3295155,
URY,2008,3302184,
URY,2009,3310093,
URY,2010,3318581,
URY,2011,3326829,
URY,2012,3335406,
URY,2013,3345335,
URY,2014,3356343,
URY,2015,3368022,
URY,2016,3379279,
URY,2017,3388444,
URY,2018,3394538,
URY,2019,3397206,
URY,2020,3398966,
URY,2021,3396693,
URY,2022,3390913,
URY,2023,3388083,
URY,2024,,3386583
URY,2025,,3384686
URY,2026,,3382539
URY,2027,,3380240
URY,2028,,3377888
URY,2029,,3375422
URY,2030,,3372887
URY,2031,,3370279
URY,2032,,3367538
URY,2033,,3364647
URY,2034,,3361584
URY,2035,,3358275
URY,2036,,3354676
URY,2037,,3350727
URY,2038,,3346422
URY,2039,,3341667
URY,2040,,3336461
URY,2041,,3330800
URY,2042,,3324636
URY,2043,,3317928
URY,2044,,3310603
URY,2045,,3302675
URY,2046,,3294187
URY,2047,,3285153
URY,2048,,3275498
URY,2049,,3265253
URY,2050,,3254355
URY,2051,,3242782
URY,2052,,3230530
URY,2053,,3217602
URY,2054,,3203931
URY,2055,,3189562
URY,2056,,3174548
URY,2057,,3158983
URY,2058,,3142925
URY,2059,,3126367
URY,2060,,3109394
URY,2061,,3092139
URY,2062,,3074660
URY,2063,,3057003
URY,2064,,3039186
URY,2065,,3021171
URY,2066,,3002936
URY,2067,,2984502
URY,2068,,2965816
URY,2069,,2946819
URY,2070,,2927559
URY,2071,,2908085
URY,2072,,2888389
URY,2073,,2868473
URY,2074,,2848258
URY,2075,,2827729
URY,2076,,2806929
URY,2077,,2785804
URY,2078,,2764359
URY,2079,,2742573
URY,2080,,2720453
URY,2081,,2698014
URY,2082,,2675289
URY,2083,,2652270
URY,2084,,2629006
URY,2085,,2605491
URY,2086,,2581719
URY,2087,,2557743
URY,2088,,2533620
URY,2089,,2509348
URY,2090,,2484970
URY,2091,,2460527
URY,2092,,2436095
URY,2093,,2411751
URY,2094,,2387526
URY,2095,,2363440
URY,2096,,2339513
URY,2097,,2315781
URY,2098,,2292227
URY,2099,,2268914
URY,2100,,2245889
UZB,1950,6239906,
UZB,1951,6385010,
UZB,1952,6536522,
UZB,1953,6698118,
UZB,1954,6869811,
UZB,1955,7054038,
UZB,1956,7252046,
UZB,1957,7463066,
UZB,1958,7689160,
UZB,1959,7935475,
UZB,1960,8209125,
UZB,1961,8517722,
UZB,1962,8854368,
UZB,1963,9202243,
UZB,1964,9557610,
UZB,1965,9921681,
UZB,1966,10289299,
UZB,1967,10659181,
UZB,1968,11032154,
UZB,1969,11403157,
UZB,1970,11762643,
UZB,1971,12111512,
UZB,1972,12465108,
UZB,1973,12831046,
UZB,1974,13209013,
UZB,1975,13598521,
UZB,1976,13998620,
UZB,1977,14408815,
UZB,1978,14816350,
UZB,1979,15215588,
UZB,1980,15619935,
UZB,1981,16035031,
UZB,1982,16462742,
UZB,1983,16908402,
UZB,1984,17378855,
UZB,1985,17875337,
UZB,1986,18395621,
UZB,1987,18930068,
UZB,1988,19460634,
UZB,1989,19977192,
UZB,1990,20464963,
UZB,1991,20962908,
UZB,1992,21485095,
UZB,1993,21987960,
UZB,1994,22463295,
UZB,1995,22917588,
UZB,1996,23351981,
UZB,1997,23758961,
UZB,1998,24134930,
UZB,1999,24476013,
UZB,2000,24787052,
UZB,2001,25090289,
UZB,2002,25399987,
UZB,2003,25711261,
UZB,2004,26029350,
UZB,2005,26356977,
UZB,2006,26699046,
UZB,2007,27076013,
UZB,2008,27494780,
UZB,2009,27939333,
UZB,2010,28385509,
UZB,2011,28823194,
UZB,2012,29261908,
UZB,2013,29724065,
UZB,2014,30222994,
UZB,2015,30749349,
UZB,2016,31284565,
UZB,2017,31819172,
UZB,2018,32373489,
UZB,2019,32964700,
UZB,2020,33586373,
UZB,2021,34243696,
UZB,2022,34938953,
UZB,2023,35652311,
UZB,2024,,36361859
UZB,2025,,37053428
UZB,2026,,37724225
UZB,2027,,38376105
UZB,2028,,39010998
UZB,2029,,39634356
UZB,2030,,40248249
UZB,2031,,40850313
UZB,2032,,41442246
UZB,2033,,42026367
UZB,2034,,42603255
UZB,2035,,43175106
UZB,2036,,43744385
UZB,2037,,44313641
UZB,2038,,44885869
UZB,2039,,45461991
UZB,2040,,46044154
UZB,2041,,46636745
UZB,2042,,47240038
UZB,2043,,47851674
UZB,2044,,48470627
UZB,2045,,49096062
UZB,2046,,49724398
UZB,2047,,50351713
UZB,2048,,50975929
UZB,2049,,51596111
UZB,2050,,52210751
UZB,2051,,52819887
UZB,2052,,53423247
UZB,2053,,54019138
UZB,2054,,54606899
UZB,2055,,55185070
UZB,2056,,55752579
UZB,2057,,56311624
UZB,2058,,56863064
UZB,2059,,57405429
UZB,2060,,57938049
UZB,2061,,58459748
UZB,2062,,58972438
UZB,2063,,59477424
UZB,2064,,59974301
UZB,2065,,60462544
UZB,2066,,60943552
UZB,2067,,61418616
UZB,2068,,61888528
UZB,2069,,62354712
UZB,2070,,62817013
UZB,2071,,63277023
UZB,2072,,63733359
UZB,2073,,64186364
UZB,2074,,64637219
UZB,2075,,65085150
UZB,2076,,65530995
UZB,2077,,65978433
UZB,2078,,66423181
UZB,2079,,66858873
UZB,2080,,67288843
UZB,2081,,67715598
UZB,2082,,68135614
UZB,2083,,68550920
UZB,2084,,68964882
UZB,2085,,69371026
UZB,2086,,69767297
UZB,2087,,70156895
UZB,2088,,70539713
UZB,2089,,70915053
UZB,2090,,71281043
UZB,2091,,71634948
UZB,2092,,71978940
UZB,2093,,72314455
UZB,2094,,72641106
UZB,2095,,72955573
UZB,2096,,73256784
UZB,2097,,73548800
UZB,2098,,73829455
UZB,2099,,74095859
UZB,2100,,74350004
VUT,1950,51557,
VUT,1951,52378,
VUT,1952,53285,
VUT,1953,54316,
VUT,1954,55435,
VUT,1955,56650,
VUT,1956,57941,
VUT,1957,59391,
VUT,1958,60999,
VUT,1959,62683,
VUT,1960,64446,
VUT,1961,66279,
VUT,1962,68188,
VUT,1963,70171,
VUT,1964,72232,
VUT,1965,74375,
VUT,1966,76605,
VUT,1967,78935,
VUT,1968,81334,
VUT,1969,83770,
VUT,1970,86283,
VUT,1971,88881,
VUT,1972,91578,
VUT,1973,94379,
VUT,1974,97273,
VUT,1975,100288,
VUT,1976,103402,
VUT,1977,106634,
VUT,1978,109980,
VUT,1979,113061,
VUT,1980,115683,
VUT,1981,118268,
VUT,1982,121051,
VUT,1983,124013,
VUT,1984,127125,
VUT,1985,130375,
VUT,1986,133737,
VUT,1987,137206,
VUT,1988,140769,
VUT,1989,144410,
VUT,1990,148073,
VUT,1991,151807,
VUT,1992,155619,
VUT,1993,159475,
VUT,1994,163328,
VUT,1995,167155,
VUT,1996,170926,
VUT,1997,174638,
VUT,1998,178322,
VUT,1999,182056,
VUT,2000,186290,
VUT,2001,191047,
VUT,2002,195871,
VUT,2003,200760,
VUT,2004,205720,
VUT,2005,210772,
VUT,2006,215939,
VUT,2007,221291,
VUT,2008,226908,
VUT,2009,232740,
VUT,2010,238256,
VUT,2011,243483,
VUT,2012,248894,
VUT,2013,254495,
VUT,2014,260247,
VUT,2015,266115,
VUT,2016,272097,
VUT,2017,278518,
VUT,2018,285273,
VUT,2019,291995,
VUT,2020,298867,
VUT,2021,305882,
VUT,2022,313061,
VUT,2023,320422,
VUT,2024,,327786
VUT,2025,,335180
VUT,2026,,342575
VUT,2027,,349981
VUT,2028,,357408
VUT,2029,,364895
VUT,2030,,372441
VUT,2031,,380025
VUT,2032,,387669
VUT,2033,,395379
VUT,2034,,403201
VUT,2035,,411073
VUT,2036,,419018
VUT,2037,,427044
VUT,2038,,435163
VUT,2039,,443324
VUT,2040,,451523
VUT,2041,,459748
VUT,2042,,468018
VUT,2043,,476322
VUT,2044,,484648
VUT,2045,,493005
VUT,2046,,501332
VUT,2047,,509637
VUT,2048,,517904
VUT,2049,,526154
VUT,2050,,534391
VUT,2051,,542587
VUT,2052,,550735
VUT,2053,,558866
VUT,2054,,566966
VUT,2055,,575038
VUT,2056,,583050
VUT,2057,,591020
VUT,2058,,598969
VUT,2059,,606886
VUT,2060,,614761
VUT,2061,,622577
VUT,2062,,630382
VUT,2063,,638230
VUT,2064,,646078
VUT,2065,,653868
VUT,2066,,661621
VUT,2067,,669332
VUT,2068,,676959
VUT,2069,,684518
VUT,2070,,692036
VUT,2071,,699516
VUT,2072,,706951
VUT,2073,,714308
VUT,2074,,721557
VUT,2075,,728697
VUT,2076,,735750
VUT,2077,,742706
VUT,2078,,749580
VUT,2079,,756396
VUT,2080,,763066
VUT,2081,,769635
VUT,2082,,776116
VUT,2083,,782505
VUT,2084,,788857
VUT,2085,,795109
VUT,2086,,801227
VUT,2087,,807206
VUT,2088,,813115
VUT,2089,,818890
VUT,2090,,824567
VUT,2091,,830145
VUT,2092,,835635
VUT,2093,,841069
VUT,2094,,846410
VUT,2095,,851608
VUT,2096,,856629
VUT,2097,,861528
VUT,2098,,866321
VUT,2099,,870978
VUT,2100,,875476
VAT,1950,889,
VAT,1951,895,
VAT,1952,901,
VAT,1953,907,
VAT,1954,914,
VAT,1955,921,
VAT,1956,926,
VAT,1957,928,
VAT,1958,930,
VAT,1959,931,
VAT,1960,929,
VAT,1961,926,
VAT,1962,928,
VAT,1963,929,
VAT,1964,931,
VAT,1965,901,
VAT,1966,854,
VAT,1967,816,
VAT,1968,785,
VAT,1969,769,
VAT,1970,758,
VAT,1971,750,
VAT,1972,746,
VAT,1973,745,
VAT,1974,743,
VAT,1975,742,
VAT,1976,746,
VAT,1977,749,
VAT,1978,752,
VAT,1979,755,
VAT,1980,754,
VAT,1981,753,
VAT,1982,750,
VAT,1983,747,
VAT,1984,744,
VAT,1985,741,
VAT,1986,740,
VAT,1987,740,
VAT,1988,737,
VAT,1989,737,
VAT,1990,736,
VAT,1991,737,
VAT,1992,736,
VAT,1993,729,
VAT,1994,720,
VAT,1995,714,
VAT,1996,709,
VAT,1997,706,
VAT,1998,707,
VAT,1999,706,
VAT,2000,701,
VAT,2001,691,
VAT,2002,684,
VAT,2003,674,
VAT,2004,667,
VAT,2005,667,
VAT,2006,664,
VAT,2007,657,
VAT,2008,648,
VAT,2009,637,
VAT,2010,629,
VAT,2011,624,
VAT,2012,612,
VAT,2013,598,
VAT,2014,587,
VAT,2015,579,
VAT,2016,571,
VAT,2017,563,
VAT,2018,552,
VAT,2019,543,
VAT,2020,536,
VAT,2021,527,
VAT,2022,513,
VAT,2023,501,
VAT,2024,,507
VAT,2025,,510
VAT,2026,,517
VAT,2027,,529
VAT,2028,,535
VAT,2029,,534
VAT,2030,,530
VAT,2031,,526
VAT,2032,,526
VAT,2033,,537
VAT,2034,,539
VAT,2035,,543
VAT,2036,,542
VAT,2037,,545
VAT,2038,,555
VAT,2039,,576
VAT,2040,,595
VAT,2041,,612
VAT,2042,,624
VAT,2043,,635
VAT,2044,,644
VAT,2045,,657
VAT,2046,,665
VAT,2047,,678
VAT,2048,,691
VAT,2049,,704
VAT,2050,,720
VAT,2051,,730
VAT,2052,,742
VAT,2053,,762
VAT,2054,,776
VAT,2055,,791
VAT,2056,,803
VAT,2057,,813
VAT,2058,,822
VAT,2059,,835
VAT,2060,,853
VAT,2061,,871
VAT,2062,,887
VAT,2063,,903
VAT,2064,,916
VAT,2065,,931
VAT,2066,,945
VAT,2067,,957
VAT,2068,,966
VAT,2069,,983
VAT,2070,,1002
VAT,2071,,1026
VAT,2072,,1045
VAT,2073,,1060
VAT,2074,,1077
VAT,2075,,1091
VAT,2076,,1104
VAT,2077,,1114
VAT,2078,,1125
VAT,2079,,1134
VAT,2080,,1147
VAT,2081,,1163
VAT,2082,,1176
VAT,2083,,1194
VAT,2084,,1211
VAT,2085,,1222
VAT,2086,,1235
VAT,2087,,1249
VAT,2088,,1261
VAT,2089,,1271
VAT,2090,,1285
VAT,2091,,1293
VAT,2092,,1304
VAT,2093,,1312
VAT,2094,,1321
VAT,2095,,1330
VAT,2096,,1338
VAT,2097,,1346
VAT,2098,,1352
VAT,2099,,1359
VAT,2100,,1363
VEN,1950,5488858,
VEN,1951,5732604,
VEN,1952,5981378,
VEN,1953,6234772,
VEN,1954,6492813,
VEN,1955,6755819,
VEN,1956,7024324,
VEN,1957,7299445,
VEN,1958,7581981,
VEN,1959,7869228,
VEN,1960,8160087,
VEN,1961,8455921,
VEN,1962,8756880,
VEN,1963,9064019,
VEN,1964,9377715,
VEN,1965,9697793,
VEN,1966,10024858,
VEN,1967,10358514,
VEN,1968,10697538,
VEN,1969,11040279,
VEN,1970,11387795,
VEN,1971,11741013,
VEN,1972,12099184,
VEN,1973,12463539,
VEN,1974,12835356,
VEN,1975,13215889,
VEN,1976,13606286,
VEN,1977,14006819,
VEN,1978,14416680,
VEN,1979,14834551,
VEN,1980,15258225,
VEN,1981,15687305,
VEN,1982,16121876,
VEN,1983,16562202,
VEN,1984,17008838,
VEN,1985,17461433,
VEN,1986,17923542,
VEN,1987,18394970,
VEN,1988,18871021,
VEN,1989,19348925,
VEN,1990,19827005,
VEN,1991,20304898,
VEN,1992,20780946,
VEN,1993,21254525,
VEN,1994,21725186,
VEN,1995,22193822,
VEN,1996,22662117,
VEN,1997,23131691,
VEN,1998,23601341,
VEN,1999,24066595,
VEN,2000,24526707,
VEN,2001,24979934,
VEN,2002,25435674,
VEN,2003,25892710,
VEN,2004,26340843,
VEN,2005,26785797,
VEN,2006,27224691,
VEN,2007,27649369,
VEN,2008,28053694,
VEN,2009,28438296,
VEN,2010,28813101,
VEN,2011,29185220,
VEN,2012,29553829,
VEN,2013,29912195,
VEN,2014,30254080,
VEN,2015,30573968,
VEN,2016,30765719,
VEN,2017,30565331,
VEN,2018,29807591,
VEN,2019,28938096,
VEN,2020,28444080,
VEN,2021,28237830,
VEN,2022,28213015,
VEN,2023,28300861,
VEN,2024,,28405544
VEN,2025,,28516900
VEN,2026,,28633721
VEN,2027,,28758568
VEN,2028,,28885168
VEN,2029,,29014447
VEN,2030,,29151810
VEN,2031,,29295745
VEN,2032,,29442537
VEN,2033,,29587100
VEN,2034,,29735160
VEN,2035,,29883330
VEN,2036,,30020168
VEN,2037,,30146548
VEN,2038,,30268330
VEN,2039,,30386286
VEN,2040,,30495446
VEN,2041,,30590210
VEN,2042,,30674535
VEN,2043,,30749674
VEN,2044,,30813808
VEN,2045,,30871493
VEN,2046,,30923466
VEN,2047,,30974368
VEN,2048,,31021603
VEN,2049,,31059957
VEN,2050,,31094887
VEN,2051,,31122404
VEN,2052,,31146374
VEN,2053,,31168374
VEN,2054,,31183526
VEN,2055,,31198436
VEN,2056,,31210497
VEN,2057,,31213041
VEN,2058,,31210978
VEN,2059,,31206441
VEN,2060,,31197943
VEN,2061,,31188526
VEN,2062,,31177013
VEN,2063,,31162717
VEN,2064,,31147758
VEN,2065,,31128198
VEN,2066,,31100575
VEN,2067,,31067282
VEN,2068,,31032692
VEN,2069,,30996881
VEN,2070,,30957610
VEN,2071,,30916452
VEN,2072,,30873680
VEN,2073,,30829750
VEN,2074,,30787911
VEN,2075,,30743552
VEN,2076,,30694262
VEN,2077,,30641636
VEN,2078,,30582758
VEN,2079,,30520251
VEN,2080,,30456005
VEN,2081,,30390718
VEN,2082,,30322898
VEN,2083,,30252173
VEN,2084,,30178832
VEN,2085,,30100921
VEN,2086,,30015816
VEN,2087,,29923925
VEN,2088,,29828978
VEN,2089,,29728094
VEN,2090,,29620001
VEN,2091,,29508461
VEN,2092,,29393891
VEN,2093,,29271202
VEN,2094,,29141701
VEN,2095,,29008477
VEN,2096,,28867499
VEN,2097,,28722689
VEN,2098,,28574951
VEN,2099,,28426556
VEN,2100,,28280554
VNM,1950,25100732,
VNM,1951,25600271,
VNM,1952,26143915,
VNM,1953,26757963,
VNM,1954,27427907,
VNM,1955,28166451,
VNM,1956,28922317,
VNM,1957,29754431,
VNM,1958,30658455,
VNM,1959,31585551,
VNM,1960,32531929,
VNM,1961,33409060,
VNM,1962,34288562,
VNM,1963,35249107,
VNM,1964,36201568,
VNM,1965,37129660,
VNM,1966,38024835,
VNM,1967,38895083,
VNM,1968,39734609,
VNM,1969,40582097,
VNM,1970,41475227,
VNM,1971,42449281,
VNM,1972,43429169,
VNM,1973,44409864,
VNM,1974,45413538,
VNM,1975,46482905,
VNM,1976,47684927,
VNM,1977,48954875,
VNM,1978,50249551,
VNM,1979,51378214,
VNM,1980,52490098,
VNM,1981,53738141,
VNM,1982,55011292,
VNM,1983,56337918,
VNM,1984,57706071,
VNM,1985,59060622,
VNM,1986,60347044,
VNM,1987,61584645,
VNM,1988,62843234,
VNM,1989,64147354,
VNM,1990,65504551,
VNM,1991,66891778,
VNM,1992,68260336,
VNM,1993,69586394,
VNM,1994,70854393,
VNM,1995,72049945,
VNM,1996,73156456,
VNM,1997,74226890,
VNM,1998,75299665,
VNM,1999,76287454,
VNM,2000,77154016,
VNM,2001,77969357,
VNM,2002,78772227,
VNM,2003,79563778,
VNM,2004,80338977,
VNM,2005,81088309,
VNM,2006,82167901,
VNM,2007,83633374,
VNM,2008,85175789,
VNM,2009,86460023,
VNM,2010,87455148,
VNM,2011,88468315,
VNM,2012,89510355,
VNM,2013,90573103,
VNM,2014,91679582,
VNM,2015,92823254,
VNM,2016,94000115,
VNM,2017,95176978,
VNM,2018,96237319,
VNM,2019,97173778,
VNM,2020,98079196,
VNM,2021,98935101,
VNM,2022,99680656,
VNM,2023,100352189,
VNM,2024,,100987685
VNM,2025,,101598530
VNM,2026,,102177434
VNM,2027,,102727391
VNM,2028,,103255745
VNM,2029,,103761150
VNM,2030,,104254900
VNM,2031,,104737913
VNM,2032,,105204401
VNM,2033,,105656307
VNM,2034,,106097515
VNM,2035,,106530670
VNM,2036,,106945843
VNM,2037,,107346047
VNM,2038,,107732020
VNM,2039,,108097654
VNM,2040,,108437633
VNM,2041,,108752199
VNM,2042,,109040314
VNM,2043,,109292559
VNM,2044,,109506275
VNM,2045,,109685396
VNM,2046,,109827663
VNM,2047,,109930244
VNM,2048,,109994024
VNM,2049,,110018017
VNM,2050,,110008911
VNM,2051,,109963190
VNM,2052,,109881110
VNM,2053,,109772784
VNM,2054,,109638184
VNM,2055,,109478381
VNM,2056,,109300482
VNM,2057,,109103609
VNM,2058,,108883029
VNM,2059,,108644603
VNM,2060,,108396977
VNM,2061,,108138076
VNM,2062,,107862804
VNM,2063,,107574425
VNM,2064,,107277411
VNM,2065,,106969668
VNM,2066,,106646592
VNM,2067,,106311288
VNM,2068,,105970077
VNM,2069,,105622491
VNM,2070,,105260843
VNM,2071,,104886214
VNM,2072,,104498439
VNM,2073,,104095697
VNM,2074,,103685024
VNM,2075,,103266529
VNM,2076,,102840317
VNM,2077,,102402543
VNM,2078,,101955097
VNM,2079,,101500589
VNM,2080,,101038820
VNM,2081,,100573251
VNM,2082,,100103740
VNM,2083,,99635496
VNM,2084,,99172483
VNM,2085,,98712642
VNM,2086,,98251411
VNM,2087,,97787773
VNM,2088,,97326976
VNM,2089,,96868266
VNM,2090,,96406983
VNM,2091,,95946916
VNM,2092,,95490334
VNM,2093,,95033605
VNM,2094,,94576335
VNM,2095,,94117722
VNM,2096,,93650417
VNM,2097,,93176202
VNM,2098,,92694011
VNM,2099,,92201783
VNM,2100,,91705113
WLF,1950,8557,
WLF,1951,8836,
WLF,1952,9201,
WLF,1953,9572,
WLF,1954,9739,
WLF,1955,9665,
WLF,1956,9538,
WLF,1957,9359,
WLF,1958,9155,
WLF,1959,8921,
WLF,1960,8646,
WLF,1961,8326,
WLF,1962,8173,
WLF,1963,8217,
WLF,1964,8277,
WLF,1965,8300,
WLF,1966,8324,
WLF,1967,8409,
WLF,1968,8521,
WLF,1969,8675,
WLF,1970,8857,
WLF,1971,9014,
WLF,1972,9160,
WLF,1973,9285,
WLF,1974,9383,
WLF,1975,9357,
WLF,1976,9426,
WLF,1977,9770,
WLF,1978,10201,
WLF,1979,10660,
WLF,1980,11139,
WLF,1981,11642,
WLF,1982,12163,
WLF,1983,12525,
WLF,1984,12688,
WLF,1985,12822,
WLF,1986,12956,
WLF,1987,13085,
WLF,1988,13224,
WLF,1989,13364,
WLF,1990,13503,
WLF,1991,13654,
WLF,1992,13799,
WLF,1993,13949,
WLF,1994,14084,
WLF,1995,14222,
WLF,1996,14340,
WLF,1997,14438,
WLF,1998,14553,
WLF,1999,14675,
WLF,2000,14804,
WLF,2001,14931,
WLF,2002,15048,
WLF,2003,15071,
WLF,2004,14916,
WLF,2005,14635,
WLF,2006,14333,
WLF,2007,14020,
WLF,2008,13706,
WLF,2009,13436,
WLF,2010,13189,
WLF,2011,12942,
WLF,2012,12709,
WLF,2013,12500,
WLF,2014,12328,
WLF,2015,12185,
WLF,2016,12057,
WLF,2017,11945,
WLF,2018,11827,
WLF,2019,11711,
WLF,2020,11640,
WLF,2021,11590,
WLF,2022,11501,
WLF,2023,11394,
WLF,2024,,11303
WLF,2025,,11222
WLF,2026,,11138
WLF,2027,,11066
WLF,2028,,10999
WLF,2029,,10935
WLF,2030,,10883
WLF,2031,,10842
WLF,2032,,10796
WLF,2033,,10761
WLF,2034,,10727
WLF,2035,,10699
WLF,2036,,10670
WLF,2037,,10639
WLF,2038,,10625
WLF,2039,,10606
WLF,2040,,10572
WLF,2041,,10539
WLF,2042,,10515
WLF,2043,,10482
WLF,2044,,10448
WLF,2045,,10412
WLF,2046,,10371
WLF,2047,,10322
WLF,2048,,10266
WLF,2049,,10222
WLF,2050,,10171
WLF,2051,,10107
WLF,2052,,10047
WLF,2053,,9980
WLF,2054,,9905
WLF,2055,,9837
WLF,2056,,9764
WLF,2057,,9688
WLF,2058,,9607
WLF,2059,,9523
WLF,2060,,9448
WLF,2061,,9376
WLF,2062,,9295
WLF,2063,,9220
WLF,2064,,9145
WLF,2065,,9079
WLF,2066,,9008
WLF,2067,,8936
WLF,2068,,8877
WLF,2069,,8816
WLF,2070,,8753
WLF,2071,,8691
WLF,2072,,8629
WLF,2073,,8571
WLF,2074,,8517
WLF,2075,,8463
WLF,2076,,8414
WLF,2077,,8370
WLF,2078,,8315
WLF,2079,,8264
WLF,2080,,8220
WLF,2081,,8176
WLF,2082,,8127
WLF,2083,,8078
WLF,2084,,8024
WLF,2085,,7969
WLF,2086,,7912
WLF,2087,,7846
WLF,2088,,7787
WLF,2089,,7723
WLF,2090,,7652
WLF,2091,,7590
WLF,2092,,7513
WLF,2093,,7445
WLF,2094,,7373
WLF,2095,,7299
WLF,2096,,7223
WLF,2097,,7147
WLF,2098,,7067
WLF,2099,,6977
WLF,2100,,6896
ESH,1950,12981,
ESH,1951,14226,
ESH,1952,15559,
ESH,1953,16990,
ESH,1954,18553,
ESH,1955,20230,
ESH,1956,22024,
ESH,1957,23920,
ESH,1958,25937,
ESH,1959,28084,
ESH,1960,30344,
ESH,1961,32743,
ESH,1962,35270,
ESH,1963,37914,
ESH,1964,40679,
ESH,1965,43550,
ESH,1966,46543,
ESH,1967,50647,
ESH,1968,56002,
ESH,1969,61663,
ESH,1970,71745,
ESH,1971,78738,
ESH,1972,78269,
ESH,1973,77665,
ESH,1974,76496,
ESH,1975,66911,
ESH,1976,64509,
ESH,1977,77407,
ESH,1978,90904,
ESH,1979,104999,
ESH,1980,117389,
ESH,1981,126906,
ESH,1982,134496,
ESH,1983,140600,
ESH,1984,146165,
ESH,1985,151772,
ESH,1986,157376,
ESH,1987,162892,
ESH,1988,168420,
ESH,1989,173937,
ESH,1990,179553,
ESH,1991,185312,
ESH,1992,190948,
ESH,1993,196484,
ESH,1994,201927,
ESH,1995,209941,
ESH,1996,221402,
ESH,1997,233786,
ESH,1998,246315,
ESH,1999,258979,
ESH,2000,271946,
ESH,2001,285197,
ESH,2002,298468,
ESH,2003,311791,
ESH,2004,325197,
ESH,2005,338704,
ESH,2006,352658,
ESH,2007,366874,
ESH,2008,380834,
ESH,2009,394959,
ESH,2010,409722,
ESH,2011,425093,
ESH,2012,441033,
ESH,2013,457436,
ESH,2014,472591,
ESH,2015,486232,
ESH,2016,499658,
ESH,2017,512851,
ESH,2018,525790,
ESH,2019,538450,
ESH,2020,549374,
ESH,2021,558625,
ESH,2022,568746,
ESH,2023,579734,
ESH,2024,,590515
ESH,2025,,600913
ESH,2026,,610822
ESH,2027,,620340
ESH,2028,,629595
ESH,2029,,638589
ESH,2030,,647486
ESH,2031,,656182
ESH,2032,,664600
ESH,2033,,672822
ESH,2034,,680609
ESH,2035,,688162
ESH,2036,,695588
ESH,2037,,702662
ESH,2038,,709533
ESH,2039,,716269
ESH,2040,,722870
ESH,2041,,729404
ESH,2042,,735839
ESH,2043,,742002
ESH,2044,,747829
ESH,2045,,753420
ESH,2046,,758709
ESH,2047,,763691
ESH,2048,,768309
ESH,2049,,772800
ESH,2050,,777321
ESH,2051,,781599
ESH,2052,,785748
ESH,2053,,789765
ESH,2054,,793562
ESH,2055,,797080
ESH,2056,,800192
ESH,2057,,803071
ESH,2058,,805713
ESH,2059,,807940
ESH,2060,,809955
ESH,2061,,812042
ESH,2062,,814065
ESH,2063,,815836
ESH,2064,,817456
ESH,2065,,819006
ESH,2066,,820377
ESH,2067,,821626
ESH,2068,,822713
ESH,2069,,823491
ESH,2070,,824296
ESH,2071,,825000
ESH,2072,,825610
ESH,2073,,826491
ESH,2074,,827413
ESH,2075,,828241
ESH,2076,,829090
ESH,2077,,829862
ESH,2078,,830799
ESH,2079,,831814
ESH,2080,,832610
ESH,2081,,833333
ESH,2082,,834038
ESH,2083,,834635
ESH,2084,,835071
ESH,2085,,835413
ESH,2086,,835860
ESH,2087,,836245
ESH,2088,,836508
ESH,2089,,836625
ESH,2090,,836540
ESH,2091,,836416
ESH,2092,,836195
ESH,2093,,835813
ESH,2094,,835283
ESH,2095,,834711
ESH,2096,,834186
ESH,2097,,833661
ESH,2098,,832932
ESH,2099,,832130
ESH,2100,,831294
OWID_WRL,1950,2493092852,
OWID_WRL,1951,2536927034,
OWID_WRL,1952,2584086340,
OWID_WRL,1953,2634106241,
OWID_WRL,1954,2685894857,
OWID_WRL,1955,2740213796,
OWID_WRL,1956,2795409991,
OWID_WRL,1957,2852618331,
OWID_WRL,1958,2911249671,
OWID_WRL,1959,2965950350,
OWID_WRL,1960,3015470889,
OWID_WRL,1961,3064869675,
OWID_WRL,1962,3123374312,
OWID_WRL,1963,3192807826,
OWID_WRL,1964,3264487343,
OWID_WRL,1965,3334533710,
OWID_WRL,1966,3404041131,
OWID_WRL,1967,3473412877,
OWID_WRL,1968,3545187246,
OWID_WRL,1969,3619491581,
OWID_WRL,1970,3694683794,
OWID_WRL,1971,3769847867,
OWID_WRL,1972,3844917684,
OWID_WRL,1973,3920805041,
OWID_WRL,1974,3996416100,
OWID_WRL,1975,4070735279,
OWID_WRL,1976,4144246382,
OWID_WRL,1977,4217863796,
OWID_WRL,1978,4292097499,
OWID_WRL,1979,4368539520,
OWID_WRL,1980,4447606240,
OWID_WRL,1981,4528777306,
OWID_WRL,1982,4612673415,
OWID_WRL,1983,4697327573,
OWID_WRL,1984,4782175518,
OWID_WRL,1985,4868943457,
OWID_WRL,1986,4958072839,
OWID_WRL,1987,5049746390,
OWID_WRL,1988,5141992540,
OWID_WRL,1989,5234431736,
OWID_WRL,1990,5327803106,
OWID_WRL,1991,5418735886,
OWID_WRL,1992,5505989815,
OWID_WRL,1993,5591544802,
OWID_WRL,1994,5675551258,
OWID_WRL,1995,5758878977,
OWID_WRL,1996,5842055730,
OWID_WRL,1997,5924787819,
OWID_WRL,1998,6007066691,
OWID_WRL,1999,6089006328,
OWID_WRL,2000,6171702992,
OWID_WRL,2001,6254936464,
OWID_WRL,2002,6337730343,
OWID_WRL,2003,6420361633,
OWID_WRL,2004,6503377774,
OWID_WRL,2005,6586970132,
OWID_WRL,2006,6671452019,
OWID_WRL,2007,6757308776,
OWID_WRL,2008,6844457659,
OWID_WRL,2009,6932766416,
OWID_WRL,2010,7021732143,
OWID_WRL,2011,7110923773,
OWID_WRL,2012,7201202478,
OWID_WRL,2013,7291793585,
OWID_WRL,2014,7381616239,
OWID_WRL,2015,7470491876,
OWID_WRL,2016,7558554527,
OWID_WRL,2017,7645617952,
OWID_WRL,2018,7729902779,
OWID_WRL,2019,7811293699,
OWID_WRL,2020,7887001289,
OWID_WRL,2021,7954448387,
OWID_WRL,2022,8021407196,
OWID_WRL,2023,8091734933,
OWID_WRL,2024,,8161972574
OWID_WRL,2025,,8231613067
OWID_WRL,2026,,8300678396
OWID_WRL,2027,,8369094344
OWID_WRL,2028,,8436618881
OWID_WRL,2029,,8503285316
OWID_WRL,2030,,8569124917
OWID_WRL,2031,,8634119328
OWID_WRL,2032,,8698229811
OWID_WRL,2033,,8761449082
OWID_WRL,2034,,8823784910
OWID_WRL,2035,,8885210180
OWID_WRL,2036,,8945686621
OWID_WRL,2037,,9005152615
OWID_WRL,2038,,9063572924
OWID_WRL,2039,,9120928368
OWID_WRL,2040,,9177190199
OWID_WRL,2041,,9232281571
OWID_WRL,2042,,9286110373
OWID_WRL,2043,,9338661313
OWID_WRL,2044,,9389873693
OWID_WRL,2045,,9439639664
OWID_WRL,2046,,9487889603
OWID_WRL,2047,,9534545979
OWID_WRL,2048,,9579536037
OWID_WRL,2049,,9622824030
OWID_WRL,2050,,9664378585
OWID_WRL,2051,,9704192294
OWID_WRL,2052,,9742264517
OWID_WRL,2053,,9778614615
OWID_WRL,2054,,9813251657
OWID_WRL,2055,,9846237566
OWID_WRL,2056,,9877680389
OWID_WRL,2057,,9907637192
OWID_WRL,2058,,9936164376
OWID_WRL,2059,,9963337084
OWID_WRL,2060,,9989232293
OWID_WRL,2061,,10013916203
OWID_WRL,2062,,10037466594
OWID_WRL,2063,,10059950036
OWID_WRL,2064,,10081402737
OWID_WRL,2065,,10101849558
OWID_WRL,2066,,10121317108
OWID_WRL,2067,,10139808356
OWID_WRL,2068,,10157301940
OWID_WRL,2069,,10173782133
OWID_WRL,2070,,10189241950
OWID_WRL,2071,,10203681571
OWID_WRL,2072,,10217055171
OWID_WRL,2073,,10229327828
OWID_WRL,2074,,10240485058
OWID_WRL,2075,,10250496436
OWID_WRL,2076,,10259351438
OWID_WRL,2077,,10267045018
OWID_WRL,2078,,10273556322
OWID_WRL,2079,,10278887467
OWID_WRL,2080,,10283078027
OWID_WRL,2081,,10286161733
OWID_WRL,2082,,10288205059
OWID_WRL,2083,,10289247324
OWID_WRL,2084,,10289315239
OWID_WRL,2085,,10288456610
OWID_WRL,2086,,10286708355
OWID_WRL,2087,,10284111371
OWID_WRL,2088,,10280704579
OWID_WRL,2089,,10276518274
OWID_WRL,2090,,10271565066
OWID_WRL,2091,,10265861714
OWID_WRL,2092,,10259408378
OWID_WRL,2093,,10252184759
OWID_WRL,2094,,10244185834
OWID_WRL,2095,,10235403600
OWID_WRL,2096,,10225850873
OWID_WRL,2097,,10215549308
OWID_WRL,2098,,10204489860
OWID_WRL,2099,,10192689070
OWID_WRL,2100,,10180160744
YEM,1950,4616782,
YEM,1951,4684151,
YEM,1952,4758168,
YEM,1953,4837297,
YEM,1954,4921135,
YEM,1955,5009669,
YEM,1956,5103102,
YEM,1957,5201614,
YEM,1958,5305739,
YEM,1959,5415917,
YEM,1960,5532299,
YEM,1961,5655237,
YEM,1962,5782227,
YEM,1963,5911141,
YEM,1964,6048014,
YEM,1965,6195597,
YEM,1966,6351492,
YEM,1967,6516449,
YEM,1968,6690524,
YEM,1969,6875859,
YEM,1970,7065279,
YEM,1971,7257468,
YEM,1972,7460068,
YEM,1973,7672798,
YEM,1974,7896789,
YEM,1975,8133602,
YEM,1976,8384119,
YEM,1977,8648223,
YEM,1978,8926592,
YEM,1979,9224198,
YEM,1980,9543358,
YEM,1981,9882368,
YEM,1982,10241006,
YEM,1983,10621498,
YEM,1984,11025596,
YEM,1985,11453825,
YEM,1986,11901045,
YEM,1987,12369914,
YEM,1988,12859720,
YEM,1989,13364180,
YEM,1990,13887863,
YEM,1991,14430205,
YEM,1992,14989497,
YEM,1993,15563919,
YEM,1994,16149147,
YEM,1995,16740057,
YEM,1996,17313181,
YEM,1997,17873943,
YEM,1998,18446015,
YEM,1999,19029421,
YEM,2000,19624139,
YEM,2001,20226146,
YEM,2002,20835092,
YEM,2003,21456379,
YEM,2004,22095161,
YEM,2005,22790082,
YEM,2006,23543090,
YEM,2007,24318090,
YEM,2008,25111941,
YEM,2009,25927723,
YEM,2010,26754383,
YEM,2011,27582902,
YEM,2012,28433655,
YEM,2013,29312955,
YEM,2014,30226311,
YEM,2015,31159378,
YEM,2016,32109023,
YEM,2017,33090923,
YEM,2018,34085181,
YEM,2019,35111416,
YEM,2020,36134867,
YEM,2021,37140234,
YEM,2022,38222878,
YEM,2023,39390800,
YEM,2024,,40583173
YEM,2025,,41773881
YEM,2026,,42961661
YEM,2027,,44145631
YEM,2028,,45323697
YEM,2029,,46497585
YEM,2030,,47667660
YEM,2031,,48827516
YEM,2032,,49979102
YEM,2033,,51129880
YEM,2034,,52280000
YEM,2035,,53429320
YEM,2036,,54578060
YEM,2037,,55724272
YEM,2038,,56872167
YEM,2039,,58024728
YEM,2040,,59181529
YEM,2041,,60345682
YEM,2042,,61517980
YEM,2043,,62696533
YEM,2044,,63880188
YEM,2045,,65066360
YEM,2046,,66253595
YEM,2047,,67438812
YEM,2048,,68620860
YEM,2049,,69799811
YEM,2050,,70976407
YEM,2051,,72147206
YEM,2052,,73306843
YEM,2053,,74454838
YEM,2054,,75593475
YEM,2055,,76722922
YEM,2056,,77839996
YEM,2057,,78944479
YEM,2058,,80037218
YEM,2059,,81115682
YEM,2060,,82176003
YEM,2061,,83219625
YEM,2062,,84247682
YEM,2063,,85256630
YEM,2064,,86242601
YEM,2065,,87210889
YEM,2066,,88166426
YEM,2067,,89106224
YEM,2068,,90029930
YEM,2069,,90938610
YEM,2070,,91830018
YEM,2071,,92705772
YEM,2072,,93564802
YEM,2073,,94403352
YEM,2074,,95224798
YEM,2075,,96028898
YEM,2076,,96815866
YEM,2077,,97584486
YEM,2078,,98335674
YEM,2079,,99073560
YEM,2080,,99794202
YEM,2081,,100497756
YEM,2082,,101183090
YEM,2083,,101850776
YEM,2084,,102502658
YEM,2085,,103138504
YEM,2086,,103754287
YEM,2087,,104347345
YEM,2088,,104920632
YEM,2089,,105472781
YEM,2090,,106002503
YEM,2091,,106510736
YEM,2092,,106998028
YEM,2093,,107459608
YEM,2094,,107895468
YEM,2095,,108308133
YEM,2096,,108699437
YEM,2097,,109068202
YEM,2098,,109414687
YEM,2099,,109738711
YEM,2100,,110035631
ZMB,1950,2321310,
ZMB,1951,2393306,
ZMB,1952,2467263,
ZMB,1953,2543546,
ZMB,1954,2622276,
ZMB,1955,2703549,
ZMB,1956,2787416,
ZMB,1957,2874074,
ZMB,1958,2963872,
ZMB,1959,3057056,
ZMB,1960,3153730,
ZMB,1961,3254085,
ZMB,1962,3358098,
ZMB,1963,3465914,
ZMB,1964,3577015,
ZMB,1965,3692088,
ZMB,1966,3812003,
ZMB,1967,3936350,
ZMB,1968,4065601,
ZMB,1969,4197117,
ZMB,1970,4321726,
ZMB,1971,4442528,
ZMB,1972,4569311,
ZMB,1973,4702694,
ZMB,1974,4842750,
ZMB,1975,4990087,
ZMB,1976,5143847,
ZMB,1977,5302477,
ZMB,1978,5465379,
ZMB,1979,5631734,
ZMB,1980,5802841,
ZMB,1981,5983299,
ZMB,1982,6178638,
ZMB,1983,6381045,
ZMB,1984,6580497,
ZMB,1985,6780953,
ZMB,1986,6986475,
ZMB,1987,7191285,
ZMB,1988,7391450,
ZMB,1989,7589226,
ZMB,1990,7786163,
ZMB,1991,7981653,
ZMB,1992,8176677,
ZMB,1993,8373920,
ZMB,1994,8576270,
ZMB,1995,8785768,
ZMB,1996,9004059,
ZMB,1997,9237064,
ZMB,1998,9482414,
ZMB,1999,9740013,
ZMB,2000,10017633,
ZMB,2001,10325186,
ZMB,2002,10647955,
ZMB,2003,10983604,
ZMB,2004,11338201,
ZMB,2005,11718819,
ZMB,2006,12129560,
ZMB,2007,12565093,
ZMB,2008,13021327,
ZMB,2009,13490395,
ZMB,2010,13965592,
ZMB,2011,14437796,
ZMB,2012,14913631,
ZMB,2013,15399000,
ZMB,2014,15895320,
ZMB,2015,16399092,
ZMB,2016,16914428,
ZMB,2017,17441328,
ZMB,2018,17973574,
ZMB,2019,18513839,
ZMB,2020,19059394,
ZMB,2021,19603610,
ZMB,2022,20152935,
ZMB,2023,20723967,
ZMB,2024,,21314962
ZMB,2025,,21913878
ZMB,2026,,22521912
ZMB,2027,,23138725
ZMB,2028,,23761377
ZMB,2029,,24389691
ZMB,2030,,25024897
ZMB,2031,,25666505
ZMB,2032,,26311956
ZMB,2033,,26960083
ZMB,2034,,27611632
ZMB,2035,,28266898
ZMB,2036,,28925112
ZMB,2037,,29583493
ZMB,2038,,30240561
ZMB,2039,,30895598
ZMB,2040,,31550405
ZMB,2041,,32204353
ZMB,2042,,32856608
ZMB,2043,,33510513
ZMB,2044,,34165933
ZMB,2045,,34821113
ZMB,2046,,35475808
ZMB,2047,,36129283
ZMB,2048,,36782273
ZMB,2049,,37434681
ZMB,2050,,38083384
ZMB,2051,,38728889
ZMB,2052,,39372622
ZMB,2053,,40014835
ZMB,2054,,40657075
ZMB,2055,,41298198
ZMB,2056,,41935996
ZMB,2057,,42570791
ZMB,2058,,43204518
ZMB,2059,,43837008
ZMB,2060,,44467773
ZMB,2061,,45094628
ZMB,2062,,45716224
ZMB,2063,,46332957
ZMB,2064,,46944872
ZMB,2065,,47551648
ZMB,2066,,48151602
ZMB,2067,,48746698
ZMB,2068,,49337933
ZMB,2069,,49926675
ZMB,2070,,50510890
ZMB,2071,,51087510
ZMB,2072,,51658260
ZMB,2073,,52223088
ZMB,2074,,52779962
ZMB,2075,,53329330
ZMB,2076,,53871616
ZMB,2077,,54408372
ZMB,2078,,54939093
ZMB,2079,,55460044
ZMB,2080,,55974880
ZMB,2081,,56483805
ZMB,2082,,56983257
ZMB,2083,,57474890
ZMB,2084,,57959298
ZMB,2085,,58434265
ZMB,2086,,58901194
ZMB,2087,,59362388
ZMB,2088,,59811057
ZMB,2089,,60248235
ZMB,2090,,60677379
ZMB,2091,,61098679
ZMB,2092,,61512687
ZMB,2093,,61915361
ZMB,2094,,62311178
ZMB,2095,,62698040
ZMB,2096,,63070555
ZMB,2097,,63434680
ZMB,2098,,63791040
ZMB,2099,,64136923
ZMB,2100,,64473919
ZWE,1950,2790908,
ZWE,1951,2880901,
ZWE,1952,2972913,
ZWE,1953,3067172,
ZWE,1954,3163884,
ZWE,1955,3263221,
ZWE,1956,3365533,
ZWE,1957,3471158,
ZWE,1958,3580185,
ZWE,1959,3692810,
ZWE,1960,3809392,
ZWE,1961,3930402,
ZWE,1962,4055968,
ZWE,1963,4185875,
ZWE,1964,4320004,
ZWE,1965,4458457,
ZWE,1966,4601223,
ZWE,1967,4748309,
ZWE,1968,4900440,
ZWE,1969,5058185,
ZWE,1970,5215919,
ZWE,1971,5374719,
ZWE,1972,5542444,
ZWE,1973,5720413,
ZWE,1974,5908337,
ZWE,1975,6098653,
ZWE,1976,6287107,
ZWE,1977,6449517,
ZWE,1978,6543573,
ZWE,1979,6647557,
ZWE,1980,7041304,
ZWE,1981,7498641,
ZWE,1982,7796503,
ZWE,1983,8098408,
ZWE,1984,8391494,
ZWE,1985,8686815,
ZWE,1986,8982579,
ZWE,1987,9284649,
ZWE,1988,9583099,
ZWE,1989,9864797,
ZWE,1990,10137287,
ZWE,1991,10404820,
ZWE,1992,10702697,
ZWE,1993,10860285,
ZWE,1994,10873146,
ZWE,1995,10974607,
ZWE,1996,11158364,
ZWE,1997,11369833,
ZWE,1998,11594299,
ZWE,1999,11783454,
ZWE,2000,11892055,
ZWE,2001,11971904,
ZWE,2002,12087661,
ZWE,2003,12232324,
ZWE,2004,12365901,
ZWE,2005,12483433,
ZWE,2006,12636442,
ZWE,2007,12804062,
ZWE,2008,12959154,
ZWE,2009,13142791,
ZWE,2010,13356551,
ZWE,2011,13595421,
ZWE,2012,13817887,
ZWE,2013,14013811,
ZWE,2014,14207367,
ZWE,2015,14399008,
ZWE,2016,14600297,
ZWE,2017,14812484,
ZWE,2018,15034457,
ZWE,2019,15271377,
ZWE,2020,15526887,
ZWE,2021,15797220,
ZWE,2022,16069061,
ZWE,2023,16340829,
ZWE,2024,,16634366
ZWE,2025,,16950798
ZWE,2026,,17273584
ZWE,2027,,17600614
ZWE,2028,,17932006
ZWE,2029,,18268960
ZWE,2030,,18610349
ZWE,2031,,18956199
ZWE,2032,,19311359
ZWE,2033,,19675921
ZWE,2034,,20041116
ZWE,2035,,20409151
ZWE,2036,,20778653
ZWE,2037,,21144739
ZWE,2038,,21512910
ZWE,2039,,21881113
ZWE,2040,,22250113
ZWE,2041,,22627417
ZWE,2042,,23000897
ZWE,2043,,23371290
ZWE,2044,,23740621
ZWE,2045,,24102379
ZWE,2046,,24462481
ZWE,2047,,24816438
ZWE,2048,,25168409
ZWE,2049,,25518502
ZWE,2050,,25866386
ZWE,2051,,26217389
ZWE,2052,,26563786
ZWE,2053,,26904741
ZWE,2054,,27237561
ZWE,2055,,27563871
ZWE,2056,,27885044
ZWE,2057,,28202516
ZWE,2058,,28518423
ZWE,2059,,28825887
ZWE,2060,,29129005
ZWE,2061,,29433749
ZWE,2062,,29740365
ZWE,2063,,30043624
ZWE,2064,,30336215
ZWE,2065,,30624953
ZWE,2066,,30911495
ZWE,2067,,31192888
ZWE,2068,,31470982
ZWE,2069,,31743464
ZWE,2070,,32010414
ZWE,2071,,32270425
ZWE,2072,,32534296
ZWE,2073,,32801160
ZWE,2074,,33057424
ZWE,2075,,33302299
ZWE,2076,,33543534
ZWE,2077,,33780333
ZWE,2078,,34006593
ZWE,2079,,34225351
ZWE,2080,,34440023
ZWE,2081,,34648028
ZWE,2082,,34843632
ZWE,2083,,35030512
ZWE,2084,,35213312
ZWE,2085,,35387621
ZWE,2086,,35556298
ZWE,2087,,35721389
ZWE,2088,,35871634
ZWE,2089,,36012389
ZWE,2090,,36154191
ZWE,2091,,36284402
ZWE,2092,,36405077
ZWE,2093,,36516144
ZWE,2094,,36625730
ZWE,2095,,36739732
ZWE,2096,,36840484
ZWE,2097,,36932280
ZWE,2098,,37019885
ZWE,2099,,37096555
ZWE,2100,,37166574
